kx,ky,err_H0,err_H_chiral,block_reconstruction_err
-3.141592653589793,-3.141592653589793,1.1547005383792515,0.0,0.0
-3.141592653589793,-3.0793828980731637,1.1518159039033837,0.0,0.0
-3.141592653589793,-3.017173142556534,1.143300882919719,0.0,0.0
-3.141592653589793,-2.9549633870399044,1.129554328003702,0.0,0.0
-3.141592653589793,-2.892753631523275,1.111185991869671,0.0,0.0
-3.141592653589793,-2.8305438760066455,1.0889474679439686,0.0,0.0
-3.141592653589793,-2.7683341204900156,1.063657332523702,0.0,0.0
-3.141592653589793,-2.706124364973386,1.0361331708203025,0.0,0.0
-3.141592653589793,-2.6439146094567567,1.0071387493184236,0.0,0.0
-3.141592653589793,-2.581704853940127,0.9773494521509767,0.0,0.0
-3.141592653589793,-2.5194950984234974,0.9473349443909469,0.0,0.0
-3.141592653589793,-2.457285342906868,0.9175555984570707,0.0,0.0
-3.141592653589793,-2.395075587390238,0.8883684210272058,0.0,0.0
-3.141592653589793,-2.3328658318736086,0.8600385270656735,0.0,0.0
-3.141592653589793,-2.270656076356979,0.8327530565193024,0.0,0.0
-3.141592653589793,-2.2084463208403498,0.8066353955776383,0.0,0.0
-3.141592653589793,-2.1462365653237203,0.7817584121545913,0.0,0.0
-3.141592653589793,-2.0840268098070904,0.7581560553157345,0.0,0.0
-3.141592653589793,-2.021817054290461,0.7358330994463576,0.0,0.0
-3.141592653589793,-1.9596072987738313,0.7147730742046386,0.0,0.0
-3.141592653589793,-1.897397543257202,0.6949445584010708,0.0,0.0
-3.141592653589793,-1.8351877877405722,0.6763060724209332,0.0,0.0
-3.141592653589793,-1.7729780322239428,0.6588098121176832,0.0,0.0
-3.141592653589793,-1.7107682767073131,0.6424044496411738,0.0,0.0
-3.141592653589793,-1.6485585211906835,0.6270371976819838,0.0,0.0
-3.141592653589793,-1.586348765674054,0.612655301516692,0.0,0.0
-3.141592653589793,-1.5241390101574244,0.5992070925482513,0.0,0.0
-3.141592653589793,-1.461929254640795,0.5866427098559337,0.0,0.0
-3.141592653589793,-1.3997194991241653,0.574914573300591,0.0,0.0
-3.141592653589793,-1.3375097436075358,0.5639776729170809,0.0,0.0
-3.141592653589793,-1.2752999880909062,0.5537897242497922,0.0,0.0
-3.141592653589793,-1.2130902325742767,0.5443112273992466,0.0,0.0
-3.141592653589793,-1.150880477057647,0.535505458286866,0.0,0.0
-3.141592653589793,-1.0886707215410176,0.5273384134986863,0.0,0.0
-3.141592653589793,-1.0264609660243877,0.5197787245962687,0.0,0.0
-3.141592653589793,-0.9642512105077583,0.5127975536191854,0.0,0.0
-3.141592653589793,-0.9020414549911289,0.506368478353371,0.0,0.0
-3.141592653589793,-0.8398316994744994,0.5004673735693294,0.0,0.0
-3.141592653589793,-0.7776219439578695,0.4950722926603878,0.0,0.0
-3.141592653589793,-0.7154121884412401,0.4901633527916249,0.0,0.0
-3.141592653589793,-0.6532024329246107,0.48572262569519375,0.0,0.0
-3.141592653589793,-0.5909926774079808,0.48173403553350536,0.0,0.0
-3.141592653589793,-0.5287829218913513,0.47818326473405287,0.0,0.0
-3.141592653589793,-0.4665731663747219,0.4750576683297877,0.0,0.0
-3.141592653589793,-0.40436341085809246,0.4723461970799683,0.0,0.0
-3.141592653589793,-0.3421536553414626,0.47003932947027466,0.0,0.0
-3.141592653589793,-0.27994389982483314,0.4681290125766376,0.0,0.0
-3.141592653589793,-0.2177341443082037,0.46660861170868556,0.0,0.0
-3.141592653589793,-0.15552438879157382,0.46547286871399685,0.0,0.0
-3.141592653589793,-0.09331463327494438,0.4647178688143499,0.0,0.0
-3.141592653589793,-0.03110487775831494,0.46434101585306614,0.0,0.0
-3.141592653589793,0.031104877758314498,0.46434101585306614,0.0,0.0
-3.141592653589793,0.09331463327494438,0.4647178688143499,0.0,0.0
-3.141592653589793,0.15552438879157382,0.46547286871399685,0.0,0.0
-3.141592653589793,0.21773414430820326,0.46660861170868556,0.0,0.0
-3.141592653589793,0.2799438998248327,0.46812901257663747,0.0,0.0
-3.141592653589793,0.3421536553414626,0.47003932947027466,0.0,0.0
-3.141592653589793,0.404363410858092,0.4723461970799682,0.0,0.0
-3.141592653589793,0.46657316637472146,0.4750576683297878,0.0,0.0
-3.141592653589793,0.5287829218913513,0.47818326473405287,0.0,0.0
-3.141592653589793,0.5909926774079808,0.48173403553350536,0.0,0.0
-3.141592653589793,0.6532024329246102,0.48572262569519364,0.0,0.0
-3.141592653589793,0.7154121884412397,0.4901633527916249,0.0,0.0
-3.141592653589793,0.7776219439578695,0.4950722926603878,0.0,0.0
-3.141592653589793,0.839831699474499,0.5004673735693294,0.0,0.0
-3.141592653589793,0.9020414549911289,0.506368478353371,0.0,0.0
-3.141592653589793,0.9642512105077579,0.5127975536191854,0.0,0.0
-3.141592653589793,1.0264609660243877,0.5197787245962687,0.0,0.0
-3.141592653589793,1.0886707215410176,0.5273384134986863,0.0,0.0
-3.141592653589793,1.1508804770576466,0.5355054582868659,0.0,0.0
-3.141592653589793,1.2130902325742765,0.5443112273992466,0.0,0.0
-3.141592653589793,1.2752999880909055,0.5537897242497921,0.0,0.0
-3.141592653589793,1.3375097436075354,0.5639776729170808,0.0,0.0
-3.141592653589793,1.3997194991241653,0.574914573300591,0.0,0.0
-3.141592653589793,1.4619292546407943,0.5866427098559336,0.0,0.0
-3.141592653589793,1.5241390101574241,0.5992070925482513,0.0,0.0
-3.141592653589793,1.586348765674054,0.612655301516692,0.0,0.0
-3.141592653589793,1.648558521190683,0.6270371976819837,0.0,0.0
-3.141592653589793,1.710768276707313,0.6424044496411738,0.0,0.0
-3.141592653589793,1.7729780322239428,0.6588098121176832,0.0,0.0
-3.141592653589793,1.8351877877405718,0.6763060724209331,0.0,0.0
-3.141592653589793,1.8973975432572017,0.6949445584010707,0.0,0.0
-3.141592653589793,1.9596072987738316,0.7147730742046388,0.0,0.0
-3.141592653589793,2.0218170542904605,0.7358330994463572,0.0,0.0
-3.141592653589793,2.0840268098070904,0.7581560553157345,0.0,0.0
-3.141592653589793,2.1462365653237194,0.7817584121545909,0.0,0.0
-3.141592653589793,2.2084463208403493,0.8066353955776381,0.0,0.0
-3.141592653589793,2.270656076356979,0.8327530565193024,0.0,0.0
-3.141592653589793,2.332865831873608,0.8600385270656734,0.0,0.0
-3.141592653589793,2.395075587390238,0.8883684210272058,0.0,0.0
-3.141592653589793,2.457285342906868,0.9175555984570707,0.0,0.0
-3.141592653589793,2.519495098423497,0.9473349443909467,0.0,0.0
-3.141592653589793,2.581704853940127,0.9773494521509767,0.0,0.0
-3.141592653589793,2.6439146094567567,1.0071387493184236,0.0,0.0
-3.141592653589793,2.7061243649733857,1.0361331708203023,0.0,0.0
-3.141592653589793,2.7683341204900156,1.063657332523702,0.0,0.0
-3.141592653589793,2.8305438760066455,1.0889474679439686,0.0,0.0
-3.141592653589793,2.8927536315232745,1.1111859918696707,0.0,0.0
-3.141592653589793,2.9549633870399044,1.129554328003702,0.0,0.0
-3.141592653589793,3.0171731425565333,1.143300882919719,0.0,0.0
-3.141592653589793,3.0793828980731632,1.1518159039033835,0.0,0.0
-3.0793828980731637,-3.141592653589793,1.1518159039033837,0.0,0.0
-3.0793828980731637,-3.0793828980731637,1.148952780865149,0.0,0.0
-3.0793828980731637,-3.017173142556534,1.140500636501004,0.0,0.0
-3.0793828980731637,-2.9549633870399044,1.1268536418711195,0.0,0.0
-3.0793828980731637,-2.892753631523275,1.1086146298537247,0.0,0.0
-3.0793828980731637,-2.8305438760066455,1.0865270886246736,0.0,0.0
-3.0793828980731637,-2.7683341204900156,1.0614013574775354,0.0,0.0
-3.0793828980731637,-2.706124364973386,1.0340474972005174,0.0,0.0
-3.0793828980731637,-2.6439146094567567,1.0052229948188156,0.0,0.0
-3.0793828980731637,-2.581704853940127,0.9755984215320493,0.0,0.0
-3.0793828980731637,-2.5194950984234974,0.9457400742010995,0.0,0.0
-3.0793828980731637,-2.457285342906868,0.916106227108375,0.0,0.0
-3.0793828980731637,-2.395075587390238,0.8870528138425833,0.0,0.0
-3.0793828980731637,-2.3328658318736086,0.8588446457795997,0.0,0.0
-3.0793828980731637,-2.270656076356979,0.8316690982094709,0.0,0.0
-3.0793828980731637,-2.2084463208403498,0.8056501419689635,0.0,0.0
-3.0793828980731637,-2.1462365653237203,0.7808614333017504,0.0,0.0
-3.0793828980731637,-2.0840268098070904,0.7573378076472603,0.0,0.0
-3.0793828980731637,-2.021817054290461,0.735084951149742,0.0,0.0
-3.0793828980731637,-1.9596072987738313,0.7140872834191568,0.0,0.0
-3.0793828980731637,-1.897397543257202,0.6943142229160959,0.0,0.0
-3.0793828980731637,-1.8351877877405722,0.6757250640320109,0.0,0.0
-3.0793828980731637,-1.7729780322239428,0.658272704522546,0.0,0.0
-3.0793828980731637,-1.7107682767073131,0.6419064456153543,0.0,0.0
-3.0793828980731637,-1.6485585211906835,0.6265740590433968,0.0,0.0
-3.0793828980731637,-1.586348765674054,0.6122232838556159,0.0,0.0
-3.0793828980731637,-1.5241390101574244,0.5988028856781831,0.0,0.0
-3.0793828980731637,-1.461929254640795,0.5862633842841447,0.0,0.0
-3.0793828980731637,-1.3997194991241653,0.574557532613044,0.0,0.0
-3.0793828980731637,-1.3375097436075358,0.5636406117389511,0.0,0.0
-3.0793828980731637,-1.2752999880909062,0.5534705913220485,0.0,0.0
-3.0793828980731637,-1.2130902325742767,0.5440081932631649,0.0,0.0
-3.0793828980731637,-1.150880477057647,0.5352168870643754,0.0,0.0
-3.0793828980731637,-1.0886707215410176,0.5270628382786581,0.0,0.0
-3.0793828980731637,-1.0264609660243877,0.5195148259731159,0.0,0.0
-3.0793828980731637,-0.9642512105077583,0.512544140972737,0.0,0.0
-3.0793828980731637,-0.9020414549911289,0.5061244735030654,0.0,0.0
-3.0793828980731637,-0.8398316994744994,0.5002317964785177,0.0,0.0
-3.0793828980731637,-0.7776219439578695,0.4948442489063274,0.0,0.0
-3.0793828980731637,-0.7154121884412401,0.48994202255283975,0.0,0.0
-3.0793828980731637,-0.6532024329246107,0.4855072540399969,0.0,0.0
-3.0793828980731637,-0.5909926774079808,0.48152392382167053,0.0,0.0
-3.0793828980731637,-0.5287829218913513,0.4779777629680994,0.0,0.0
-3.0793828980731637,-0.4665731663747219,0.4748561683134008,0.0,0.0
-3.0793828980731637,-0.40436341085809246,0.47214812625903957,0.0,0.0
-3.0793828980731637,-0.3421536553414626,0.46984414534725527,0.0,0.0
-3.0793828980731637,-0.27994389982483314,0.4679361976016327,0.0,0.0
-3.0793828980731637,-0.2177341443082037,0.4664176685612872,0.0,0.0
-3.0793828980731637,-0.15552438879157382,0.4652833158984687,0.0,0.0
-3.0793828980731637,-0.09331463327494438,0.4645292364976614,0.0,0.0
-3.0793828980731637,-0.03110487775831494,0.4641528418805843,0.0,0.0
-3.0793828980731637,0.031104877758314498,0.4641528418805843,0.0,0.0
-3.0793828980731637,0.09331463327494438,0.4645292364976614,0.0,0.0
-3.0793828980731637,0.15552438879157382,0.4652833158984687,0.0,0.0
-3.0793828980731637,0.21773414430820326,0.4664176685612872,0.0,0.0
-3.0793828980731637,0.2799438998248327,0.4679361976016326,0.0,0.0
-3.0793828980731637,0.3421536553414626,0.46984414534725527,0.0,0.0
-3.0793828980731637,0.404363410858092,0.4721481262590395,0.0,0.0
-3.0793828980731637,0.46657316637472146,0.47485616831340083,0.0,0.0
-3.0793828980731637,0.5287829218913513,0.4779777629680994,0.0,0.0
-3.0793828980731637,0.5909926774079808,0.48152392382167053,0.0,0.0
-3.0793828980731637,0.6532024329246102,0.48550725403999684,0.0,0.0
-3.0793828980731637,0.7154121884412397,0.48994202255283975,0.0,0.0
-3.0793828980731637,0.7776219439578695,0.4948442489063274,0.0,0.0
-3.0793828980731637,0.839831699474499,0.5002317964785177,0.0,0.0
-3.0793828980731637,0.9020414549911289,0.5061244735030654,0.0,0.0
-3.0793828980731637,0.9642512105077579,0.512544140972737,0.0,0.0
-3.0793828980731637,1.0264609660243877,0.5195148259731159,0.0,0.0
-3.0793828980731637,1.0886707215410176,0.5270628382786581,0.0,0.0
-3.0793828980731637,1.1508804770576466,0.5352168870643754,0.0,0.0
-3.0793828980731637,1.2130902325742765,0.5440081932631647,0.0,0.0
-3.0793828980731637,1.2752999880909055,0.5534705913220485,0.0,0.0
-3.0793828980731637,1.3375097436075354,0.563640611738951,0.0,0.0
-3.0793828980731637,1.3997194991241653,0.574557532613044,0.0,0.0
-3.0793828980731637,1.4619292546407943,0.5862633842841446,0.0,0.0
-3.0793828980731637,1.5241390101574241,0.5988028856781829,0.0,0.0
-3.0793828980731637,1.586348765674054,0.6122232838556159,0.0,0.0
-3.0793828980731637,1.648558521190683,0.6265740590433967,0.0,0.0
-3.0793828980731637,1.710768276707313,0.6419064456153543,0.0,0.0
-3.0793828980731637,1.7729780322239428,0.658272704522546,0.0,0.0
-3.0793828980731637,1.8351877877405718,0.6757250640320108,0.0,0.0
-3.0793828980731637,1.8973975432572017,0.6943142229160958,0.0,0.0
-3.0793828980731637,1.9596072987738316,0.714087283419157,0.0,0.0
-3.0793828980731637,2.0218170542904605,0.7350849511497419,0.0,0.0
-3.0793828980731637,2.0840268098070904,0.7573378076472603,0.0,0.0
-3.0793828980731637,2.1462365653237194,0.7808614333017502,0.0,0.0
-3.0793828980731637,2.2084463208403493,0.8056501419689633,0.0,0.0
-3.0793828980731637,2.270656076356979,0.8316690982094709,0.0,0.0
-3.0793828980731637,2.332865831873608,0.8588446457795995,0.0,0.0
-3.0793828980731637,2.395075587390238,0.8870528138425833,0.0,0.0
-3.0793828980731637,2.457285342906868,0.916106227108375,0.0,0.0
-3.0793828980731637,2.519495098423497,0.9457400742010992,0.0,0.0
-3.0793828980731637,2.581704853940127,0.9755984215320493,0.0,0.0
-3.0793828980731637,2.6439146094567567,1.0052229948188156,0.0,0.0
-3.0793828980731637,2.7061243649733857,1.0340474972005171,0.0,0.0
-3.0793828980731637,2.7683341204900156,1.0614013574775354,0.0,0.0
-3.0793828980731637,2.8305438760066455,1.0865270886246736,0.0,0.0
-3.0793828980731637,2.8927536315232745,1.1086146298537247,0.0,0.0
-3.0793828980731637,2.9549633870399044,1.1268536418711195,0.0,0.0
-3.0793828980731637,3.0171731425565333,1.1405006365010038,0.0,0.0
-3.0793828980731637,3.0793828980731632,1.148952780865149,0.0,0.0
-3.017173142556534,-3.141592653589793,1.143300882919719,0.0,0.0
-3.017173142556534,-3.0793828980731637,1.140500636501004,0.0,0.0
-3.017173142556534,-3.017173142556534,1.132232320940494,0.0,0.0
-3.017173142556534,-2.9549633870399044,1.1188765410977761,0.0,0.0
-3.017173142556534,-2.892753631523275,1.1010160555372432,0.0,0.0
-3.017173142556534,-2.8305438760066455,1.0793708014140815,0.0,0.0
-3.017173142556534,-2.7683341204900156,1.0547271335606223,0.0,0.0
-3.017173142556534,-2.706124364973386,1.027873145540708,0.0,0.0
-3.017173142556534,-2.6439146094567567,0.9995479327373449,0.0,0.0
-3.017173142556534,-2.581704853940127,0.9704079133541134,0.0,0.0
-3.017173142556534,-2.5194950984234974,0.9410094267807033,0.0,0.0
-3.017173142556534,-2.457285342906868,0.9118044942200189,0.0,0.0
-3.017173142556534,-2.395075587390238,0.8831457989469793,0.0,0.0
-3.017173142556534,-2.3328658318736086,0.8552971667591699,0.0,0.0
-3.017173142556534,-2.270656076356979,0.8284465821377235,0.0,0.0
-3.017173142556534,-2.2084463208403498,0.8027196660126784,0.0,0.0
-3.017173142556534,-2.1462365653237203,0.778192338209542,0.0,0.0
-3.017173142556534,-2.0840268098070904,0.7549019996368321,0.0,0.0
-3.017173142556534,-2.021817054290461,0.7328569883007804,0.0,0.0
-3.017173142556534,-1.9596072987738313,0.7120443211740942,0.0,0.0
-3.017173142556534,-1.897397543257202,0.6924358737308242,0.0,0.0
-3.017173142556534,-1.8351877877405722,0.6739932100852531,0.0,0.0
-3.017173142556534,-1.7729780322239428,0.6566712899011825,0.0,0.0
-3.017173142556534,-1.7107682767073131,0.6404212651548441,0.0,0.0
-3.017173142556534,-1.6485585211906835,0.6251925544152586,0.0,0.0
-3.017173142556534,-1.586348765674054,0.6109343529447748,0.0,0.0
-3.017173142556534,-1.5241390101574244,0.5975967082474674,0.0,0.0
-3.017173142556534,-1.461929254640795,0.5851312649524821,0.0,0.0
-3.017173142556534,-1.3997194991241653,0.57349176095131,0.0,0.0
-3.017173142556534,-1.3375097436075358,0.5626343385731173,0.0,0.0
-3.017173142556534,-1.2752999880909062,0.5525177199559309,0.0,0.0
-3.017173142556534,-1.2130902325742767,0.5431032841729881,0.0,0.0
-3.017173142556534,-1.150880477057647,0.5343550745925986,0.0,0.0
-3.017173142556534,-1.0886707215410176,0.526239757909936,0.0,0.0
-3.017173142556534,-1.0264609660243877,0.5187265508746125,0.0,0.0
-3.017173142556534,-0.9642512105077583,0.511787126600864,0.0,0.0
-3.017173142556534,-0.9020414549911289,0.5053955092044882,0.0,0.0
-3.017173142556534,-0.8398316994744994,0.49952796313615005,0.0,0.0
-3.017173142556534,-0.7776219439578695,0.4941628817960983,0.0,0.0
-3.017173142556534,-0.7154121884412401,0.489280678681768,0.0,0.0
-3.017173142556534,-0.6532024329246107,0.4848636833296276,0.0,0.0
-3.017173142556534,-0.5909926774079808,0.48089604358320454,0.0,0.0
-3.017173142556534,-0.5287829218913513,0.4773636351871233,0.0,0.0
-3.017173142556534,-0.4665731663747219,0.4742539793238033,0.0,0.0
-3.017173142556534,-0.40436341085809246,0.4715561684383956,0.0,0.0
-3.017173142556534,-0.3421536553414626,0.46926080051059693,0.0,0.0
-3.017173142556534,-0.27994389982483314,0.46735992180798985,0.0,0.0
-3.017173142556534,-0.2177341443082037,0.4658469780784483,0.0,0.0
-3.017173142556534,-0.15552438879157382,0.46471677409679113,0.0,0.0
-3.017173142556534,-0.09331463327494438,0.4639654414640363,0.0,0.0
-3.017173142556534,-0.03110487775831494,0.4635904145593083,0.0,0.0
-3.017173142556534,0.031104877758314498,0.4635904145593083,0.0,0.0
-3.017173142556534,0.09331463327494438,0.4639654414640363,0.0,0.0
-3.017173142556534,0.15552438879157382,0.46471677409679113,0.0,0.0
-3.017173142556534,0.21773414430820326,0.4658469780784483,0.0,0.0
-3.017173142556534,0.2799438998248327,0.4673599218079898,0.0,0.0
-3.017173142556534,0.3421536553414626,0.46926080051059693,0.0,0.0
-3.017173142556534,0.404363410858092,0.4715561684383956,0.0,0.0
-3.017173142556534,0.46657316637472146,0.4742539793238033,0.0,0.0
-3.017173142556534,0.5287829218913513,0.4773636351871233,0.0,0.0
-3.017173142556534,0.5909926774079808,0.48089604358320454,0.0,0.0
-3.017173142556534,0.6532024329246102,0.4848636833296276,0.0,0.0
-3.017173142556534,0.7154121884412397,0.489280678681768,0.0,0.0
-3.017173142556534,0.7776219439578695,0.4941628817960983,0.0,0.0
-3.017173142556534,0.839831699474499,0.49952796313615005,0.0,0.0
-3.017173142556534,0.9020414549911289,0.5053955092044882,0.0,0.0
-3.017173142556534,0.9642512105077579,0.5117871266008639,0.0,0.0
-3.017173142556534,1.0264609660243877,0.5187265508746125,0.0,0.0
-3.017173142556534,1.0886707215410176,0.526239757909936,0.0,0.0
-3.017173142556534,1.1508804770576466,0.5343550745925986,0.0,0.0
-3.017173142556534,1.2130902325742765,0.543103284172988,0.0,0.0
-3.017173142556534,1.2752999880909055,0.5525177199559308,0.0,0.0
-3.017173142556534,1.3375097436075354,0.5626343385731172,0.0,0.0
-3.017173142556534,1.3997194991241653,0.57349176095131,0.0,0.0
-3.017173142556534,1.4619292546407943,0.5851312649524821,0.0,0.0
-3.017173142556534,1.5241390101574241,0.5975967082474672,0.0,0.0
-3.017173142556534,1.586348765674054,0.6109343529447748,0.0,0.0
-3.017173142556534,1.648558521190683,0.6251925544152585,0.0,0.0
-3.017173142556534,1.710768276707313,0.6404212651548441,0.0,0.0
-3.017173142556534,1.7729780322239428,0.6566712899011825,0.0,0.0
-3.017173142556534,1.8351877877405718,0.673993210085253,0.0,0.0
-3.017173142556534,1.8973975432572017,0.692435873730824,0.0,0.0
-3.017173142556534,1.9596072987738316,0.7120443211740943,0.0,0.0
-3.017173142556534,2.0218170542904605,0.7328569883007802,0.0,0.0
-3.017173142556534,2.0840268098070904,0.7549019996368321,0.0,0.0
-3.017173142556534,2.1462365653237194,0.7781923382095418,0.0,0.0
-3.017173142556534,2.2084463208403493,0.8027196660126782,0.0,0.0
-3.017173142556534,2.270656076356979,0.8284465821377235,0.0,0.0
-3.017173142556534,2.332865831873608,0.8552971667591697,0.0,0.0
-3.017173142556534,2.395075587390238,0.8831457989469793,0.0,0.0
-3.017173142556534,2.457285342906868,0.9118044942200189,0.0,0.0
-3.017173142556534,2.519495098423497,0.9410094267807031,0.0,0.0
-3.017173142556534,2.581704853940127,0.9704079133541134,0.0,0.0
-3.017173142556534,2.6439146094567567,0.9995479327373449,0.0,0.0
-3.017173142556534,2.7061243649733857,1.0278731455407077,0.0,0.0
-3.017173142556534,2.7683341204900156,1.0547271335606223,0.0,0.0
-3.017173142556534,2.8305438760066455,1.0793708014140815,0.0,0.0
-3.017173142556534,2.8927536315232745,1.101016055537243,0.0,0.0
-3.017173142556534,2.9549633870399044,1.1188765410977761,0.0,0.0
-3.017173142556534,3.0171731425565333,1.1322323209404939,0.0,0.0
-3.017173142556534,3.0793828980731632,1.140500636501004,0.0,0.0
-2.9549633870399044,-3.141592653589793,1.129554328003702,0.0,0.0
-2.9549633870399044,-3.0793828980731637,1.1268536418711195,0.0,0.0
-2.9549633870399044,-3.017173142556534,1.1188765410977761,0.0,0.0
-2.9549633870399044,-2.9549633870399044,1.1059825113169623,0.0,0.0
-2.9549633870399044,-2.892753631523275,1.088722994213504,0.0,0.0
-2.9549633870399044,-2.8305438760066455,1.0677810714052864,0.0,0.0
-2.9549633870399044,-2.7683341204900156,1.0439054097253466,0.0,0.0
-2.9549633870399044,-2.706124364973386,1.0178494081690839,0.0,0.0
-2.9549633870399044,-2.6439146094567567,0.9903229333520068,0.0,0.0
-2.9549633870399044,-2.581704853940127,0.9619597363204474,0.0,0.0
-2.9549633870399044,-2.5194950984234974,0.933300045265161,0.0,0.0
-2.9549633870399044,-2.457285342906868,0.904785608080706,0.0,0.0
-2.9549633870399044,-2.395075587390238,0.8767636072001449,0.0,0.0
-2.9549633870399044,-2.3328658318736086,0.8494959998180708,0.0,0.0
-2.9549633870399044,-2.270656076356979,0.8231714863628847,0.0,0.0
-2.9549633870399044,-2.2084463208403498,0.7979181132353397,0.0,0.0
-2.9549633870399044,-2.1462365653237203,0.7738152535288524,0.0,0.0
-2.9549633870399044,-2.0840268098070904,0.7509042873990139,0.0,0.0
-2.9549633870399044,-2.021817054290461,0.7291977073711092,0.0,0.0
-2.9549633870399044,-1.9596072987738313,0.7086866280158424,0.0,0.0
-2.9549633870399044,-1.897397543257202,0.6893468215744434,0.0,0.0
-2.9549633870399044,-1.8351877877405722,0.6711434671951458,0.0,0.0
-2.9549633870399044,-1.7729780322239428,0.6540348201615293,0.0,0.0
-2.9549633870399044,-1.7107682767073131,0.6379749994207814,0.0,0.0
-2.9549633870399044,-1.6485585211906835,0.622916070443441,0.0,0.0
-2.9549633870399044,-1.586348765674054,0.6088095743065369,0.0,0.0
-2.9549633870399044,-1.5241390101574244,0.5956076276169688,0.0,0.0
-2.9549633870399044,-1.461929254640795,0.5832636938821822,0.0,0.0
-2.9549633870399044,-1.3997194991241653,0.571733106182293,0.0,0.0
-2.9549633870399044,-1.3375097436075358,0.5609734036958773,0.0,0.0
-2.9549633870399044,-1.2752999880909062,0.5509445305627761,0.0,0.0
-2.9549633870399044,-1.2130902325742767,0.5416089343322501,0.0,0.0
-2.9549633870399044,-1.150880477057647,0.5329315923933932,0.0,0.0
-2.9549633870399044,-1.0886707215410176,0.5248799878835296,0.0,0.0
-2.9549633870399044,-1.0264609660243877,0.5174240512341228,0.0,0.0
-2.9549633870399044,-0.9642512105077583,0.5105360794157684,0.0,0.0
-2.9549633870399044,-0.9020414549911289,0.5041906418153057,0.0,0.0
-2.9549633870399044,-0.8398316994744994,0.49836447930246763,0.0,0.0
-2.9549633870399044,-0.7776219439578695,0.4930364012490021,0.0,0.0
-2.9549633870399044,-0.7154121884412401,0.48818718391505395,0.0,0.0
-2.9549633870399044,-0.6532024329246107,0.48379947261087913,0.0,0.0
-2.9549633870399044,-0.5909926774079808,0.47985768929556627,0.0,0.0
-2.9549633870399044,-0.5287829218913513,0.4763479467259098,0.0,0.0
-2.9549633870399044,-0.4665731663747219,0.47325796987005664,0.0,0.0
-2.9549633870399044,-0.40436341085809246,0.47057702501544824,0.0,0.0
-2.9549633870399044,-0.3421536553414626,0.46829585680097446,0.0,0.0
-2.9549633870399044,-0.27994389982483314,0.4664066332679152,0.0,0.0
-2.9549633870399044,-0.2177341443082037,0.46490289893701225,0.0,0.0
-2.9549633870399044,-0.15552438879157382,0.4637795358675755,0.0,0.0
-2.9549633870399044,-0.09331463327494438,0.46303273262955513,0.0,0.0
-2.9549633870399044,-0.03110487775831494,0.4626599611138036,0.0,0.0
-2.9549633870399044,0.031104877758314498,0.4626599611138036,0.0,0.0
-2.9549633870399044,0.09331463327494438,0.46303273262955513,0.0,0.0
-2.9549633870399044,0.15552438879157382,0.4637795358675755,0.0,0.0
-2.9549633870399044,0.21773414430820326,0.46490289893701225,0.0,0.0
-2.9549633870399044,0.2799438998248327,0.4664066332679152,0.0,0.0
-2.9549633870399044,0.3421536553414626,0.46829585680097446,0.0,0.0
-2.9549633870399044,0.404363410858092,0.47057702501544824,0.0,0.0
-2.9549633870399044,0.46657316637472146,0.47325796987005664,0.0,0.0
-2.9549633870399044,0.5287829218913513,0.4763479467259098,0.0,0.0
-2.9549633870399044,0.5909926774079808,0.47985768929556627,0.0,0.0
-2.9549633870399044,0.6532024329246102,0.483799472610879,0.0,0.0
-2.9549633870399044,0.7154121884412397,0.4881871839150539,0.0,0.0
-2.9549633870399044,0.7776219439578695,0.4930364012490021,0.0,0.0
-2.9549633870399044,0.839831699474499,0.4983644793024676,0.0,0.0
-2.9549633870399044,0.9020414549911289,0.5041906418153057,0.0,0.0
-2.9549633870399044,0.9642512105077579,0.5105360794157683,0.0,0.0
-2.9549633870399044,1.0264609660243877,0.5174240512341228,0.0,0.0
-2.9549633870399044,1.0886707215410176,0.5248799878835296,0.0,0.0
-2.9549633870399044,1.1508804770576466,0.5329315923933932,0.0,0.0
-2.9549633870399044,1.2130902325742765,0.54160893433225,0.0,0.0
-2.9549633870399044,1.2752999880909055,0.550944530562776,0.0,0.0
-2.9549633870399044,1.3375097436075354,0.5609734036958773,0.0,0.0
-2.9549633870399044,1.3997194991241653,0.571733106182293,0.0,0.0
-2.9549633870399044,1.4619292546407943,0.5832636938821822,0.0,0.0
-2.9549633870399044,1.5241390101574241,0.5956076276169688,0.0,0.0
-2.9549633870399044,1.586348765674054,0.6088095743065369,0.0,0.0
-2.9549633870399044,1.648558521190683,0.6229160704434408,0.0,0.0
-2.9549633870399044,1.710768276707313,0.6379749994207814,0.0,0.0
-2.9549633870399044,1.7729780322239428,0.6540348201615293,0.0,0.0
-2.9549633870399044,1.8351877877405718,0.6711434671951457,0.0,0.0
-2.9549633870399044,1.8973975432572017,0.6893468215744433,0.0,0.0
-2.9549633870399044,1.9596072987738316,0.7086866280158426,0.0,0.0
-2.9549633870399044,2.0218170542904605,0.729197707371109,0.0,0.0
-2.9549633870399044,2.0840268098070904,0.7509042873990139,0.0,0.0
-2.9549633870399044,2.1462365653237194,0.773815253528852,0.0,0.0
-2.9549633870399044,2.2084463208403493,0.7979181132353396,0.0,0.0
-2.9549633870399044,2.270656076356979,0.8231714863628847,0.0,0.0
-2.9549633870399044,2.332865831873608,0.8494959998180706,0.0,0.0
-2.9549633870399044,2.395075587390238,0.8767636072001449,0.0,0.0
-2.9549633870399044,2.457285342906868,0.904785608080706,0.0,0.0
-2.9549633870399044,2.519495098423497,0.9333000452651607,0.0,0.0
-2.9549633870399044,2.581704853940127,0.9619597363204474,0.0,0.0
-2.9549633870399044,2.6439146094567567,0.9903229333520068,0.0,0.0
-2.9549633870399044,2.7061243649733857,1.0178494081690836,0.0,0.0
-2.9549633870399044,2.7683341204900156,1.0439054097253466,0.0,0.0
-2.9549633870399044,2.8305438760066455,1.0677810714052864,0.0,0.0
-2.9549633870399044,2.8927536315232745,1.0887229942135037,0.0,0.0
-2.9549633870399044,2.9549633870399044,1.1059825113169623,0.0,0.0
-2.9549633870399044,3.0171731425565333,1.118876541097776,0.0,0.0
-2.9549633870399044,3.0793828980731632,1.1268536418711195,0.0,0.0
-2.892753631523275,-3.141592653589793,1.111185991869671,0.0,0.0
-2.892753631523275,-3.0793828980731637,1.1086146298537247,0.0,0.0
-2.892753631523275,-3.017173142556534,1.1010160555372432,0.0,0.0
-2.892753631523275,-2.9549633870399044,1.088722994213504,0.0,0.0
-2.892753631523275,-2.892753631523275,1.072247085775905,0.0,0.0
-2.892753631523275,-2.8305438760066455,1.0522243616004041,0.0,0.0
-2.892753631523275,-2.7683341204900156,1.029355093192033,0.0,0.0
-2.892753631523275,-2.706124364973386,1.0043478030770396,0.0,0.0
-2.892753631523275,-2.6439146094567567,0.9778742148340915,0.0,0.0
-2.892753631523275,-2.581704853940127,0.9505381735935714,0.0,0.0
-2.892753631523275,-2.5194950984234974,0.922858345247162,0.0,0.0
-2.892753631523275,-2.457285342906868,0.8952624371324188,0.0,0.0
-2.892753631523275,-2.395075587390238,0.8680898155566649,0.0,0.0
-2.892753631523275,-2.3328658318736086,0.841599420501,0.0,0.0
-2.892753631523275,-2.270656076356979,0.8159804004501616,0.0,0.0
-2.892753631523275,-2.2084463208403498,0.7913635844811785,0.0,0.0
-2.892753631523275,-2.1462365653237203,0.7678325698349961,0.0,0.0
-2.892753631523275,-2.0840268098070904,0.7454337356992019,0.0,0.0
-2.892753631523275,-2.021817054290461,0.724184875690605,0.0,0.0
-2.892753631523275,-1.9596072987738313,0.7040823889937846,0.0,0.0
-2.892753631523275,-1.897397543257202,0.6851071139934539,0.0,0.0
-2.892753631523275,-1.8351877877405722,0.6672289598461039,0.0,0.0
-2.892753631523275,-1.7729780322239428,0.650410516736436,0.0,0.0
-2.892753631523275,-1.7107682767073131,0.634609823709119,0.0,0.0
-2.892753631523275,-1.6485585211906835,0.6197824569475163,0.0,0.0
-2.892753631523275,-1.586348765674054,0.6058830793904328,0.0,0.0
-2.892753631523275,-1.5241390101574244,0.5928665694464839,0.0,0.0
-2.892753631523275,-1.461929254640795,0.5806888248527297,0.0,0.0
-2.892753631523275,-1.3997194991241653,0.5693073186041318,0.0,0.0
-2.892753631523275,-1.3375097436075358,0.5586814677117381,0.0,0.0
-2.892753631523275,-1.2752999880909062,0.5487728622473536,0.0,0.0
-2.892753631523275,-1.2130902325742767,0.5395453914063273,0.0,0.0
-2.892753631523275,-1.150880477057647,0.53096529479607,0.0,0.0
-2.892753631523275,-1.0886707215410176,0.52300116045963,0.0,0.0
-2.892753631523275,-1.0264609660243877,0.515623885926504,0.0,0.0
-2.892753631523275,-0.9642512105077583,0.5088066145485576,0.0,0.0
-2.892753631523275,-0.9020414549911289,0.50252465627828,0.0,0.0
-2.892753631523275,-0.8398316994744994,0.49675539967651794,0.0,0.0
-2.892753631523275,-0.7776219439578695,0.49147822013444303,0.0,0.0
-2.892753631523275,-0.7154121884412401,0.48667438793097295,0.0,0.0
-2.892753631523275,-0.6532024329246107,0.4823269787210572,0.0,0.0
-2.892753631523275,-0.5909926774079808,0.4784207882834728,0.0,0.0
-2.892753631523275,-0.5287829218913513,0.4749422527880441,0.0,0.0
-2.892753631523275,-0.4665731663747219,0.4718793754244686,0.0,0.0
-2.892753631523275,-0.40436341085809246,0.4692216599320357,0.0,0.0
-2.892753631523275,-0.3421536553414626,0.4669600513537012,0.0,0.0
-2.892753631523275,-0.27994389982483314,0.46508688418799604,0.0,0.0
-2.892753631523275,-0.2177341443082037,0.4635958380118284,0.0,0.0
-2.892753631523275,-0.15552438879157382,0.4624819005839643,0.0,0.0
-2.892753631523275,-0.09331463327494438,0.4617413384032756,0.0,0.0
-2.892753631523275,-0.03110487775831494,0.4613716746803851,0.0,0.0
-2.892753631523275,0.031104877758314498,0.4613716746803851,0.0,0.0
-2.892753631523275,0.09331463327494438,0.4617413384032756,0.0,0.0
-2.892753631523275,0.15552438879157382,0.4624819005839643,0.0,0.0
-2.892753631523275,0.21773414430820326,0.4635958380118284,0.0,0.0
-2.892753631523275,0.2799438998248327,0.46508688418799604,0.0,0.0
-2.892753631523275,0.3421536553414626,0.4669600513537012,0.0,0.0
-2.892753631523275,0.404363410858092,0.4692216599320357,0.0,0.0
-2.892753631523275,0.46657316637472146,0.4718793754244686,0.0,0.0
-2.892753631523275,0.5287829218913513,0.4749422527880441,0.0,0.0
-2.892753631523275,0.5909926774079808,0.4784207882834728,0.0,0.0
-2.892753631523275,0.6532024329246102,0.48232697872105706,0.0,0.0
-2.892753631523275,0.7154121884412397,0.48667438793097295,0.0,0.0
-2.892753631523275,0.7776219439578695,0.49147822013444303,0.0,0.0
-2.892753631523275,0.839831699474499,0.49675539967651783,0.0,0.0
-2.892753631523275,0.9020414549911289,0.50252465627828,0.0,0.0
-2.892753631523275,0.9642512105077579,0.5088066145485576,0.0,0.0
-2.892753631523275,1.0264609660243877,0.515623885926504,0.0,0.0
-2.892753631523275,1.0886707215410176,0.52300116045963,0.0,0.0
-2.892753631523275,1.1508804770576466,0.53096529479607,0.0,0.0
-2.892753631523275,1.2130902325742765,0.5395453914063272,0.0,0.0
-2.892753631523275,1.2752999880909055,0.5487728622473534,0.0,0.0
-2.892753631523275,1.3375097436075354,0.558681467711738,0.0,0.0
-2.892753631523275,1.3997194991241653,0.5693073186041318,0.0,0.0
-2.892753631523275,1.4619292546407943,0.5806888248527295,0.0,0.0
-2.892753631523275,1.5241390101574241,0.5928665694464837,0.0,0.0
-2.892753631523275,1.586348765674054,0.6058830793904328,0.0,0.0
-2.892753631523275,1.648558521190683,0.6197824569475163,0.0,0.0
-2.892753631523275,1.710768276707313,0.634609823709119,0.0,0.0
-2.892753631523275,1.7729780322239428,0.650410516736436,0.0,0.0
-2.892753631523275,1.8351877877405718,0.6672289598461038,0.0,0.0
-2.892753631523275,1.8973975432572017,0.6851071139934538,0.0,0.0
-2.892753631523275,1.9596072987738316,0.7040823889937846,0.0,0.0
-2.892753631523275,2.0218170542904605,0.7241848756906047,0.0,0.0
-2.892753631523275,2.0840268098070904,0.7454337356992019,0.0,0.0
-2.892753631523275,2.1462365653237194,0.7678325698349958,0.0,0.0
-2.892753631523275,2.2084463208403493,0.7913635844811784,0.0,0.0
-2.892753631523275,2.270656076356979,0.8159804004501616,0.0,0.0
-2.892753631523275,2.332865831873608,0.8415994205009997,0.0,0.0
-2.892753631523275,2.395075587390238,0.8680898155566649,0.0,0.0
-2.892753631523275,2.457285342906868,0.8952624371324188,0.0,0.0
-2.892753631523275,2.519495098423497,0.9228583452471617,0.0,0.0
-2.892753631523275,2.581704853940127,0.9505381735935714,0.0,0.0
-2.892753631523275,2.6439146094567567,0.9778742148340915,0.0,0.0
-2.892753631523275,2.7061243649733857,1.0043478030770392,0.0,0.0
-2.892753631523275,2.7683341204900156,1.029355093192033,0.0,0.0
-2.892753631523275,2.8305438760066455,1.0522243616004041,0.0,0.0
-2.892753631523275,2.8927536315232745,1.072247085775905,0.0,0.0
-2.892753631523275,2.9549633870399044,1.088722994213504,0.0,0.0
-2.892753631523275,3.0171731425565333,1.1010160555372432,0.0,0.0
-2.892753631523275,3.0793828980731632,1.1086146298537247,0.0,0.0
-2.8305438760066455,-3.141592653589793,1.0889474679439686,0.0,0.0
-2.8305438760066455,-3.0793828980731637,1.0865270886246736,0.0,0.0
-2.8305438760066455,-3.017173142556534,1.0793708014140815,0.0,0.0
-2.8305438760066455,-2.9549633870399044,1.0677810714052864,0.0,0.0
-2.8305438760066455,-2.892753631523275,1.0522243616004041,0.0,0.0
-2.8305438760066455,-2.8305438760066455,1.0332830016770898,0.0,0.0
-2.8305438760066455,-2.7683341204900156,1.0116016218181498,0.0,0.0
-2.8305438760066455,-2.706124364973386,0.9878366797960253,0.0,0.0
-2.8305438760066455,-2.6439146094567567,0.9626151569321855,0.0,0.0
-2.8305438760066455,-2.581704853940127,0.9365053412346466,0.0,0.0
-2.8305438760066455,-2.5194950984234974,0.9099998116203509,0.0,0.0
-2.8305438760066455,-2.457285342906868,0.8835088605673863,0.0,0.0
-2.8305438760066455,-2.395075587390238,0.8573617270144651,0.0,0.0
-2.8305438760066455,-2.3328658318736086,0.8318129333300942,0.0,0.0
-2.8305438760066455,-2.270656076356979,0.8070514084917532,0.0,0.0
-2.8305438760066455,-2.2084463208403498,0.7832106535391321,0.0,0.0
-2.8305438760066455,-2.1462365653237203,0.7603787786151135,0.0,0.0
-2.8305438760066455,-2.0840268098070904,0.7386077189811392,0.0,0.0
-2.8305438760066455,-2.021817054290461,0.7179212911634483,0.0,0.0
-2.8305438760066455,-1.9596072987738313,0.6983219875972135,0.0,0.0
-2.8305438760066455,-1.897397543257202,0.6797965520591747,0.0,0.0
-2.8305438760066455,-1.8351877877405722,0.6623204548522083,0.0,0.0
-2.8305438760066455,-1.7729780322239428,0.6458614188191794,0.0,0.0
-2.8305438760066455,-1.7107682767073131,0.6303821521829963,0.0,0.0
-2.8305438760066455,-1.6485585211906835,0.6158424341029921,0.0,0.0
-2.8305438760066455,-1.586348765674054,0.6022006816441112,0.0,0.0
-2.8305438760066455,-1.5241390101574244,0.5894151074120892,0.0,0.0
-2.8305438760066455,-1.461929254640795,0.5774445581355367,0.0,0.0
-2.8305438760066455,-1.3997194991241653,0.5662491073352983,0.0,0.0
-2.8305438760066455,-1.3375097436075358,0.5557904604484823,0.0,0.0
-2.8305438760066455,-1.2752999880909062,0.5460322184367362,0.0,0.0
-2.8305438760066455,-1.2130902325742767,0.5369400358309296,0.0,0.0
-2.8305438760066455,-1.150880477057647,0.5284817010667584,0.0,0.0
-2.8305438760066455,-1.0886707215410176,0.5206271605391009,0.0,0.0
-2.8305438760066455,-1.0264609660243877,0.513348502751501,0.0,0.0
-2.8305438760066455,-0.9642512105077583,0.5066199149973706,0.0,0.0
-2.8305438760066455,-0.9020414549911289,0.5004176219565103,0.0,0.0
-2.8305438760066455,-0.8398316994744994,0.49471981323801845,0.0,0.0
-2.8305438760066455,-0.7776219439578695,0.48950656509713336,0.0,0.0
-2.8305438760066455,-0.7154121884412401,0.4847597601778334,0.0,0.0
-2.8305438760066455,-0.6532024329246107,0.48046300808904685,0.0,0.0
-2.8305438760066455,-0.5909926774079808,0.4766015688346219,0.0,0.0
-2.8305438760066455,-0.5287829218913513,0.47316228052683784,0.0,0.0
-2.8305438760066455,-0.4665731663747219,0.4701334923743634,0.0,0.0
-2.8305438760066455,-0.40436341085809246,0.4675050036127054,0.0,0.0
-2.8305438760066455,-0.3421536553414626,0.46526800881089453,0.0,0.0
-2.8305438760066455,-0.27994389982483314,0.46341504982129805,0.0,0.0
-2.8305438760066455,-0.2177341443082037,0.46193997452371216,0.0,0.0
-2.8305438760066455,-0.15552438879157382,0.4608379024377128,0.0,0.0
-2.8305438760066455,-0.09331463327494438,0.4601051972289189,0.0,0.0
-2.8305438760066455,-0.03110487775831494,0.4597394461077752,0.0,0.0
-2.8305438760066455,0.031104877758314498,0.4597394461077752,0.0,0.0
-2.8305438760066455,0.09331463327494438,0.4601051972289189,0.0,0.0
-2.8305438760066455,0.15552438879157382,0.4608379024377128,0.0,0.0
-2.8305438760066455,0.21773414430820326,0.46193997452371216,0.0,0.0
-2.8305438760066455,0.2799438998248327,0.46341504982129805,0.0,0.0
-2.8305438760066455,0.3421536553414626,0.46526800881089453,0.0,0.0
-2.8305438760066455,0.404363410858092,0.4675050036127054,0.0,0.0
-2.8305438760066455,0.46657316637472146,0.4701334923743634,0.0,0.0
-2.8305438760066455,0.5287829218913513,0.47316228052683784,0.0,0.0
-2.8305438760066455,0.5909926774079808,0.4766015688346219,0.0,0.0
-2.8305438760066455,0.6532024329246102,0.4804630080890468,0.0,0.0
-2.8305438760066455,0.7154121884412397,0.4847597601778333,0.0,0.0
-2.8305438760066455,0.7776219439578695,0.48950656509713336,0.0,0.0
-2.8305438760066455,0.839831699474499,0.49471981323801834,0.0,0.0
-2.8305438760066455,0.9020414549911289,0.5004176219565103,0.0,0.0
-2.8305438760066455,0.9642512105077579,0.5066199149973706,0.0,0.0
-2.8305438760066455,1.0264609660243877,0.513348502751501,0.0,0.0
-2.8305438760066455,1.0886707215410176,0.5206271605391009,0.0,0.0
-2.8305438760066455,1.1508804770576466,0.5284817010667584,0.0,0.0
-2.8305438760066455,1.2130902325742765,0.5369400358309295,0.0,0.0
-2.8305438760066455,1.2752999880909055,0.5460322184367362,0.0,0.0
-2.8305438760066455,1.3375097436075354,0.5557904604484822,0.0,0.0
-2.8305438760066455,1.3997194991241653,0.5662491073352983,0.0,0.0
-2.8305438760066455,1.4619292546407943,0.5774445581355365,0.0,0.0
-2.8305438760066455,1.5241390101574241,0.5894151074120891,0.0,0.0
-2.8305438760066455,1.586348765674054,0.6022006816441112,0.0,0.0
-2.8305438760066455,1.648558521190683,0.6158424341029921,0.0,0.0
-2.8305438760066455,1.710768276707313,0.6303821521829963,0.0,0.0
-2.8305438760066455,1.7729780322239428,0.6458614188191794,0.0,0.0
-2.8305438760066455,1.8351877877405718,0.6623204548522081,0.0,0.0
-2.8305438760066455,1.8973975432572017,0.6797965520591747,0.0,0.0
-2.8305438760066455,1.9596072987738316,0.6983219875972135,0.0,0.0
-2.8305438760066455,2.0218170542904605,0.7179212911634482,0.0,0.0
-2.8305438760066455,2.0840268098070904,0.7386077189811392,0.0,0.0
-2.8305438760066455,2.1462365653237194,0.7603787786151132,0.0,0.0
-2.8305438760066455,2.2084463208403493,0.7832106535391319,0.0,0.0
-2.8305438760066455,2.270656076356979,0.8070514084917532,0.0,0.0
-2.8305438760066455,2.332865831873608,0.8318129333300941,0.0,0.0
-2.8305438760066455,2.395075587390238,0.8573617270144651,0.0,0.0
-2.8305438760066455,2.457285342906868,0.8835088605673863,0.0,0.0
-2.8305438760066455,2.519495098423497,0.9099998116203507,0.0,0.0
-2.8305438760066455,2.581704853940127,0.9365053412346466,0.0,0.0
-2.8305438760066455,2.6439146094567567,0.9626151569321855,0.0,0.0
-2.8305438760066455,2.7061243649733857,0.9878366797960251,0.0,0.0
-2.8305438760066455,2.7683341204900156,1.0116016218181498,0.0,0.0
-2.8305438760066455,2.8305438760066455,1.0332830016770898,0.0,0.0
-2.8305438760066455,2.8927536315232745,1.0522243616004041,0.0,0.0
-2.8305438760066455,2.9549633870399044,1.0677810714052864,0.0,0.0
-2.8305438760066455,3.0171731425565333,1.0793708014140815,0.0,0.0
-2.8305438760066455,3.0793828980731632,1.0865270886246736,0.0,0.0
-2.7683341204900156,-3.141592653589793,1.063657332523702,0.0,0.0
-2.7683341204900156,-3.0793828980731637,1.0614013574775354,0.0,0.0
-2.7683341204900156,-3.017173142556534,1.0547271335606223,0.0,0.0
-2.7683341204900156,-2.9549633870399044,1.0439054097253466,0.0,0.0
-2.7683341204900156,-2.892753631523275,1.0293550931920332,0.0,0.0
-2.7683341204900156,-2.8305438760066455,1.0116016218181498,0.0,0.0
-2.7683341204900156,-2.7683341204900156,0.9912301825392404,0.0,0.0
-2.7683341204900156,-2.706124364973386,0.9688410294258767,0.0,0.0
-2.7683341204900156,-2.6439146094567567,0.9450122324420489,0.0,0.0
-2.7683341204900156,-2.581704853940127,0.9202726076186073,0.0,0.0
-2.7683341204900156,-2.5194950984234974,0.8950852042773765,0.0,0.0
-2.7683341204900156,-2.457285342906868,0.8698400601509091,0.0,0.0
-2.7683341204900156,-2.395075587390238,0.8448540945107131,0.0,0.0
-2.7683341204900156,-2.3328658318736086,0.8203758437881973,0.0,0.0
-2.7683341204900156,-2.270656076356979,0.7965930042552075,0.0,0.0
-2.7683341204900156,-2.2084463208403498,0.7736411989207326,0.0,0.0
-2.7683341204900156,-2.1462365653237203,0.7516128663512758,0.0,0.0
-2.7683341204900156,-2.0840268098070904,0.7305655869076145,0.0,0.0
-2.7683341204900156,-2.021817054290461,0.7105294824778994,0.0,0.0
-2.7683341204900156,-1.9596072987738313,0.691513548883212,0.0,0.0
-2.7683341204900156,-1.897397543257202,0.6735109216121087,0.0,0.0
-2.7683341204900156,-1.8351877877405722,0.6565031559096317,0.0,0.0
-2.7683341204900156,-1.7729780322239428,0.6404636405891171,0.0,0.0
-2.7683341204900156,-1.7107682767073131,0.6253602765325138,0.0,0.0
-2.7683341204900156,-1.6485585211906835,0.6111575468196205,0.0,0.0
-2.7683341204900156,-1.586348765674054,0.5978180933072901,0.0,0.0
-2.7683341204900156,-1.5241390101574244,0.585303899040596,0.0,0.0
-2.7683341204900156,-1.461929254640795,0.5735771599433747,0.0,0.0
-2.7683341204900156,-1.3997194991241653,0.5626009143310666,0.0,0.0
-2.7683341204900156,-1.3375097436075358,0.5523394856215011,0.0,0.0
-2.7683341204900156,-1.2752999880909062,0.5427587824093943,0.0,0.0
-2.7683341204900156,-1.2130902325742767,0.5338264907686449,0.0,0.0
-2.7683341204900156,-1.150880477057647,0.5255121860704387,0.0,0.0
-2.7683341204900156,-1.0886707215410176,0.517787385520127,0.0,0.0
-2.7683341204900156,-1.0264609660243877,0.510625557780665,0.0,0.0
-2.7683341204900156,-0.9642512105077583,0.5040021022410827,0.0,0.0
-2.7683341204900156,-0.9020414549911289,0.4978943075081645,0.0,0.0
-2.7683341204900156,-0.8398316994744994,0.49228129638162743,0.0,0.0
-2.7683341204900156,-0.7776219439578695,0.48714396277977373,0.0,0.0
-2.7683341204900156,-0.7154121884412401,0.4824649047019526,0.0,0.0
-2.7683341204900156,-0.6532024329246107,0.4782283562563951,0.0,0.0
-2.7683341204900156,-0.5909926774079808,0.4744201209757472,0.0,0.0
-2.7683341204900156,-0.5287829218913513,0.4710275080316443,0.0,0.0
-2.7683341204900156,-0.4665731663747219,0.4680392724997797,0.0,0.0
-2.7683341204900156,-0.40436341085809246,0.46544556048362784,0.0,0.0
-2.7683341204900156,-0.3421536553414626,0.46323785965138986,0.0,0.0
-2.7683341204900156,-0.27994389982483314,0.4614089555559568,0.0,0.0
-2.7683341204900156,-0.2177341443082037,0.4599528939754664,0.0,0.0
-2.7683341204900156,-0.15552438879157382,0.4588649494197572,0.0,0.0
-2.7683341204900156,-0.09331463327494438,0.4581415998858331,0.0,0.0
-2.7683341204900156,-0.03110487775831494,0.45778050790561164,0.0,0.0
-2.7683341204900156,0.031104877758314498,0.45778050790561164,0.0,0.0
-2.7683341204900156,0.09331463327494438,0.4581415998858331,0.0,0.0
-2.7683341204900156,0.15552438879157382,0.4588649494197572,0.0,0.0
-2.7683341204900156,0.21773414430820326,0.4599528939754664,0.0,0.0
-2.7683341204900156,0.2799438998248327,0.4614089555559568,0.0,0.0
-2.7683341204900156,0.3421536553414626,0.46323785965138986,0.0,0.0
-2.7683341204900156,0.404363410858092,0.46544556048362773,0.0,0.0
-2.7683341204900156,0.46657316637472146,0.4680392724997797,0.0,0.0
-2.7683341204900156,0.5287829218913513,0.4710275080316443,0.0,0.0
-2.7683341204900156,0.5909926774079808,0.4744201209757472,0.0,0.0
-2.7683341204900156,0.6532024329246102,0.478228356256395,0.0,0.0
-2.7683341204900156,0.7154121884412397,0.48246490470195247,0.0,0.0
-2.7683341204900156,0.7776219439578695,0.48714396277977373,0.0,0.0
-2.7683341204900156,0.839831699474499,0.49228129638162743,0.0,0.0
-2.7683341204900156,0.9020414549911289,0.4978943075081645,0.0,0.0
-2.7683341204900156,0.9642512105077579,0.5040021022410826,0.0,0.0
-2.7683341204900156,1.0264609660243877,0.510625557780665,0.0,0.0
-2.7683341204900156,1.0886707215410176,0.517787385520127,0.0,0.0
-2.7683341204900156,1.1508804770576466,0.5255121860704387,0.0,0.0
-2.7683341204900156,1.2130902325742765,0.5338264907686447,0.0,0.0
-2.7683341204900156,1.2752999880909055,0.5427587824093943,0.0,0.0
-2.7683341204900156,1.3375097436075354,0.5523394856215011,0.0,0.0
-2.7683341204900156,1.3997194991241653,0.5626009143310666,0.0,0.0
-2.7683341204900156,1.4619292546407943,0.5735771599433745,0.0,0.0
-2.7683341204900156,1.5241390101574241,0.585303899040596,0.0,0.0
-2.7683341204900156,1.586348765674054,0.5978180933072901,0.0,0.0
-2.7683341204900156,1.648558521190683,0.6111575468196204,0.0,0.0
-2.7683341204900156,1.710768276707313,0.6253602765325138,0.0,0.0
-2.7683341204900156,1.7729780322239428,0.6404636405891171,0.0,0.0
-2.7683341204900156,1.8351877877405718,0.6565031559096315,0.0,0.0
-2.7683341204900156,1.8973975432572017,0.6735109216121086,0.0,0.0
-2.7683341204900156,1.9596072987738316,0.691513548883212,0.0,0.0
-2.7683341204900156,2.0218170542904605,0.7105294824778992,0.0,0.0
-2.7683341204900156,2.0840268098070904,0.7305655869076145,0.0,0.0
-2.7683341204900156,2.1462365653237194,0.7516128663512757,0.0,0.0
-2.7683341204900156,2.2084463208403493,0.7736411989207324,0.0,0.0
-2.7683341204900156,2.270656076356979,0.7965930042552075,0.0,0.0
-2.7683341204900156,2.332865831873608,0.8203758437881972,0.0,0.0
-2.7683341204900156,2.395075587390238,0.8448540945107131,0.0,0.0
-2.7683341204900156,2.457285342906868,0.8698400601509091,0.0,0.0
-2.7683341204900156,2.519495098423497,0.8950852042773763,0.0,0.0
-2.7683341204900156,2.581704853940127,0.9202726076186073,0.0,0.0
-2.7683341204900156,2.6439146094567567,0.9450122324420489,0.0,0.0
-2.7683341204900156,2.7061243649733857,0.9688410294258765,0.0,0.0
-2.7683341204900156,2.7683341204900156,0.9912301825392404,0.0,0.0
-2.7683341204900156,2.8305438760066455,1.0116016218181498,0.0,0.0
-2.7683341204900156,2.8927536315232745,1.029355093192033,0.0,0.0
-2.7683341204900156,2.9549633870399044,1.0439054097253466,0.0,0.0
-2.7683341204900156,3.0171731425565333,1.0547271335606223,0.0,0.0
-2.7683341204900156,3.0793828980731632,1.0614013574775354,0.0,0.0
-2.706124364973386,-3.141592653589793,1.0361331708203025,0.0,0.0
-2.706124364973386,-3.0793828980731637,1.0340474972005174,0.0,0.0
-2.706124364973386,-3.017173142556534,1.027873145540708,0.0,0.0
-2.706124364973386,-2.9549633870399044,1.0178494081690839,0.0,0.0
-2.706124364973386,-2.892753631523275,1.0043478030770396,0.0,0.0
-2.706124364973386,-2.8305438760066455,0.9878366797960253,0.0,0.0
-2.706124364973386,-2.7683341204900156,0.9688410294258767,0.0,0.0
-2.706124364973386,-2.706124364973386,0.947903543498745,0.0,0.0
-2.706124364973386,-2.6439146094567567,0.9255515094216235,0.0,0.0
-2.706124364973386,-2.581704853940127,0.9022720782524136,0.0,0.0
-2.706124364973386,-2.5194950984234974,0.8784964777583009,0.0,0.0
-2.706124364973386,-2.457285342906868,0.8545923006372844,0.0,0.0
-2.706124364973386,-2.395075587390238,0.8308622047066129,0.0,0.0
-2.706124364973386,-2.3328658318736086,0.8075471313828979,0.0,0.0
-2.706124364973386,-2.270656076356979,0.7848322963883716,0.0,0.0
-2.706124364973386,-2.2084463208403498,0.7628545453808637,0.0,0.0
-2.706124364973386,-2.1462365653237203,0.7417100562481438,0.0,0.0
-2.706124364973386,-2.0840268098070904,0.7214617249328078,0.0,0.0
-2.706124364973386,-2.021817054290461,0.7021458553867228,0.0,0.0
-2.706124364973386,-1.9596072987738313,0.6837779796532533,0.0,0.0
-2.706124364973386,-1.897397543257202,0.6663577702508711,0.0,0.0
-2.706124364973386,-1.8351877877405722,0.6498730890982543,0.0,0.0
-2.706124364973386,-1.7729780322239428,0.6343032605541568,0.0,0.0
-2.706124364973386,-1.7107682767073131,0.6196216737538137,0.0,0.0
-2.706124364973386,-1.6485585211906835,0.6057978211982283,0.0,0.0
-2.706124364973386,-1.586348765674054,0.5927988734606148,0.0,0.0
-2.706124364973386,-1.5241390101574244,0.5805908785196091,0.0,0.0
-2.706124364973386,-1.461929254640795,0.5691396614692967,0.0,0.0
-2.706124364973386,-1.3997194991241653,0.5584114878402954,0.0,0.0
-2.706124364973386,-1.3375097436075358,0.5483735423497572,0.0,0.0
-2.706124364973386,-1.2752999880909062,0.5389942649435682,0.0,0.0
-2.706124364973386,-1.2130902325742767,0.5302435775740526,0.0,0.0
-2.706124364973386,-1.150880477057647,0.5220930281872296,0.0,0.0
-2.706124364973386,-1.0886707215410176,0.5145158727169337,0.0,0.0
-2.706124364973386,-1.0264609660243877,0.5074871113153947,0.0,0.0
-2.706124364973386,-0.9642512105077583,0.500983491409549,0.0,0.0
-2.706124364973386,-0.9020414549911289,0.4949834872934101,0.0,0.0
-2.706124364973386,-0.8398316994744994,0.4894672637045163,0.0,0.0
-2.706124364973386,-0.7776219439578695,0.4844166290644945,0.0,0.0
-2.706124364973386,-0.7154121884412401,0.47981498268894646,0.0,0.0
-2.706124364973386,-0.6532024329246107,0.47564725920777307,0.0,0.0
-2.706124364973386,-0.5909926774079808,0.47189987261737104,0.0,0.0
-2.706124364973386,-0.5287829218913513,0.46856066175788996,0.0,0.0
-2.706124364973386,-0.4665731663747219,0.4656188385299327,0.0,0.0
-2.706124364973386,-0.40436341085809246,0.463064939802567,0.0,0.0
-2.706124364973386,-0.3421536553414626,0.46089078369220626,0.0,0.0
-2.706124364973386,-0.27994389982483314,0.45908943068936586,0.0,0.0
-2.706124364973386,-0.2177341443082037,0.4576551499614415,0.0,0.0
-2.706124364973386,-0.15552438879157382,0.45658339105192014,0.0,0.0
-2.706124364973386,-0.09331463327494438,0.4558707611198773,0.0,0.0
-2.706124364973386,-0.03110487775831494,0.45551500781040294,0.0,0.0
-2.706124364973386,0.031104877758314498,0.45551500781040294,0.0,0.0
-2.706124364973386,0.09331463327494438,0.4558707611198773,0.0,0.0
-2.706124364973386,0.15552438879157382,0.45658339105192014,0.0,0.0
-2.706124364973386,0.21773414430820326,0.4576551499614415,0.0,0.0
-2.706124364973386,0.2799438998248327,0.45908943068936575,0.0,0.0
-2.706124364973386,0.3421536553414626,0.46089078369220626,0.0,0.0
-2.706124364973386,0.404363410858092,0.46306493980256697,0.0,0.0
-2.706124364973386,0.46657316637472146,0.4656188385299327,0.0,0.0
-2.706124364973386,0.5287829218913513,0.46856066175788996,0.0,0.0
-2.706124364973386,0.5909926774079808,0.47189987261737104,0.0,0.0
-2.706124364973386,0.6532024329246102,0.475647259207773,0.0,0.0
-2.706124364973386,0.7154121884412397,0.47981498268894646,0.0,0.0
-2.706124364973386,0.7776219439578695,0.4844166290644945,0.0,0.0
-2.706124364973386,0.839831699474499,0.4894672637045163,0.0,0.0
-2.706124364973386,0.9020414549911289,0.4949834872934101,0.0,0.0
-2.706124364973386,0.9642512105077579,0.5009834914095489,0.0,0.0
-2.706124364973386,1.0264609660243877,0.5074871113153947,0.0,0.0
-2.706124364973386,1.0886707215410176,0.5145158727169337,0.0,0.0
-2.706124364973386,1.1508804770576466,0.5220930281872296,0.0,0.0
-2.706124364973386,1.2130902325742765,0.5302435775740525,0.0,0.0
-2.706124364973386,1.2752999880909055,0.5389942649435681,0.0,0.0
-2.706124364973386,1.3375097436075354,0.5483735423497571,0.0,0.0
-2.706124364973386,1.3997194991241653,0.5584114878402954,0.0,0.0
-2.706124364973386,1.4619292546407943,0.5691396614692967,0.0,0.0
-2.706124364973386,1.5241390101574241,0.5805908785196089,0.0,0.0
-2.706124364973386,1.586348765674054,0.5927988734606148,0.0,0.0
-2.706124364973386,1.648558521190683,0.6057978211982281,0.0,0.0
-2.706124364973386,1.710768276707313,0.6196216737538137,0.0,0.0
-2.706124364973386,1.7729780322239428,0.6343032605541568,0.0,0.0
-2.706124364973386,1.8351877877405718,0.6498730890982541,0.0,0.0
-2.706124364973386,1.8973975432572017,0.666357770250871,0.0,0.0
-2.706124364973386,1.9596072987738316,0.6837779796532533,0.0,0.0
-2.706124364973386,2.0218170542904605,0.7021458553867227,0.0,0.0
-2.706124364973386,2.0840268098070904,0.7214617249328078,0.0,0.0
-2.706124364973386,2.1462365653237194,0.7417100562481436,0.0,0.0
-2.706124364973386,2.2084463208403493,0.7628545453808636,0.0,0.0
-2.706124364973386,2.270656076356979,0.7848322963883716,0.0,0.0
-2.706124364973386,2.332865831873608,0.8075471313828978,0.0,0.0
-2.706124364973386,2.395075587390238,0.8308622047066129,0.0,0.0
-2.706124364973386,2.457285342906868,0.8545923006372844,0.0,0.0
-2.706124364973386,2.519495098423497,0.8784964777583006,0.0,0.0
-2.706124364973386,2.581704853940127,0.9022720782524136,0.0,0.0
-2.706124364973386,2.6439146094567567,0.9255515094216235,0.0,0.0
-2.706124364973386,2.7061243649733857,0.9479035434987446,0.0,0.0
-2.706124364973386,2.7683341204900156,0.9688410294258767,0.0,0.0
-2.706124364973386,2.8305438760066455,0.9878366797960253,0.0,0.0
-2.706124364973386,2.8927536315232745,1.0043478030770396,0.0,0.0
-2.706124364973386,2.9549633870399044,1.0178494081690839,0.0,0.0
-2.706124364973386,3.0171731425565333,1.027873145540708,0.0,0.0
-2.706124364973386,3.0793828980731632,1.0340474972005174,0.0,0.0
-2.6439146094567567,-3.141592653589793,1.0071387493184236,0.0,0.0
-2.6439146094567567,-3.0793828980731637,1.0052229948188158,0.0,0.0
-2.6439146094567567,-3.017173142556534,0.9995479327373449,0.0,0.0
-2.6439146094567567,-2.9549633870399044,0.9903229333520069,0.0,0.0
-2.6439146094567567,-2.892753631523275,0.9778742148340915,0.0,0.0
-2.6439146094567567,-2.8305438760066455,0.9626151569321855,0.0,0.0
-2.6439146094567567,-2.7683341204900156,0.9450122324420489,0.0,0.0
-2.6439146094567567,-2.706124364973386,0.9255515094216235,0.0,0.0
-2.6439146094567567,-2.6439146094567567,0.904709605698977,0.0,0.0
-2.6439146094567567,-2.581704853940127,0.8829313834423816,0.0,0.0
-2.6439146094567567,-2.5194950984234974,0.8606150841522158,0.0,0.0
-2.6439146094567567,-2.457285342906868,0.8381043803711259,0.0,0.0
-2.6439146094567567,-2.395075587390238,0.8156860935790315,0.0,0.0
-2.6439146094567567,-2.3328658318736086,0.7935920573750099,0.0,0.0
-2.6439146094567567,-2.270656076356979,0.7720036614245782,0.0,0.0
-2.6439146094567567,-2.2084463208403498,0.7510578501401789,0.0,0.0
-2.6439146094567567,-2.1462365653237203,0.7308536537883293,0.0,0.0
-2.6439146094567567,-2.0840268098070904,0.7114586232026134,0.0,0.0
-2.6439146094567567,-2.021817054290461,0.6929147843770973,0.0,0.0
-2.6439146094567567,-1.9596072987738313,0.6752439141085501,0.0,0.0
-2.6439146094567567,-1.897397543257202,0.6584520659437717,0.0,0.0
-2.6439146094567567,-1.8351877877405722,0.6425333571741884,0.0,0.0
-2.6439146094567567,-1.7729780322239428,0.6274730742899914,0.0,0.0
-2.6439146094567567,-1.7107682767073131,0.6132501768372373,0.0,0.0
-2.6439146094567567,-1.6485585211906835,0.599839286546642,0.0,0.0
-2.6439146094567567,-1.586348765674054,0.5872122461978321,0.0,0.0
-2.6439146094567567,-1.5241390101574244,0.5753393252725398,0.0,0.0
-2.6439146094567567,-1.461929254640795,0.5641901398451268,0.0,0.0
-2.6439146094567567,-1.3997194991241653,0.5537343440753703,0.0,0.0
-2.6439146094567567,-1.3375097436075358,0.5439421410757671,0.0,0.0
-2.6439146094567567,-1.2752999880909062,0.5347846523072031,0.0,0.0
-2.6439146094567567,-1.2130902325742767,0.5262341771962477,0.0,0.0
-2.6439146094567567,-1.150880477057647,0.5182643683737774,0.0,0.0
-2.6439146094567567,-1.0886707215410176,0.5108503427245152,0.0,0.0
-2.6439146094567567,-1.0264609660243877,0.5039687441844652,0.0,0.0
-2.6439146094567567,-0.9642512105077583,0.49759777079000556,0.0,0.0
-2.6439146094567567,-0.9020414549911289,0.4917171757346091,0.0,0.0
-2.6439146094567567,-0.8398316994744994,0.4863082500055073,0.0,0.0
-2.6439146094567567,-0.7776219439578695,0.48135379244750987,0.0,0.0
-2.6439146094567567,-0.7154121884412401,0.4768380717454129,0.0,0.0
-2.6439146094567567,-0.6532024329246107,0.4727467837558883,0.0,0.0
-2.6439146094567567,-0.5909926774079808,0.46906700679388574,0.0,0.0
-2.6439146094567567,-0.5287829218913513,0.4657871568383728,0.0,0.0
-2.6439146094567567,-0.4665731663747219,0.4628969441283126,0.0,0.0
-2.6439146094567567,-0.40436341085809246,0.4603873322407214,0.0,0.0
-2.6439146094567567,-0.3421536553414626,0.45825050045346294,0.0,0.0
-2.6439146094567567,-0.27994389982483314,0.4564798099763237,0.0,0.0
-2.6439146094567567,-0.2177341443082037,0.4550697744691881,0.0,0.0
-2.6439146094567567,-0.15552438879157382,0.45401603514335526,0.0,0.0
-2.6439146094567567,-0.09331463327494438,0.4533153406513235,0.0,0.0
-2.6439146094567567,-0.03110487775831494,0.4529655319037954,0.0,0.0
-2.6439146094567567,0.031104877758314498,0.4529655319037954,0.0,0.0
-2.6439146094567567,0.09331463327494438,0.4533153406513235,0.0,0.0
-2.6439146094567567,0.15552438879157382,0.45401603514335526,0.0,0.0
-2.6439146094567567,0.21773414430820326,0.4550697744691881,0.0,0.0
-2.6439146094567567,0.2799438998248327,0.45647980997632365,0.0,0.0
-2.6439146094567567,0.3421536553414626,0.45825050045346294,0.0,0.0
-2.6439146094567567,0.404363410858092,0.4603873322407214,0.0,0.0
-2.6439146094567567,0.46657316637472146,0.4628969441283126,0.0,0.0
-2.6439146094567567,0.5287829218913513,0.4657871568383728,0.0,0.0
-2.6439146094567567,0.5909926774079808,0.46906700679388574,0.0,0.0
-2.6439146094567567,0.6532024329246102,0.4727467837558882,0.0,0.0
-2.6439146094567567,0.7154121884412397,0.47683807174541276,0.0,0.0
-2.6439146094567567,0.7776219439578695,0.48135379244750987,0.0,0.0
-2.6439146094567567,0.839831699474499,0.4863082500055073,0.0,0.0
-2.6439146094567567,0.9020414549911289,0.4917171757346091,0.0,0.0
-2.6439146094567567,0.9642512105077579,0.49759777079000544,0.0,0.0
-2.6439146094567567,1.0264609660243877,0.5039687441844652,0.0,0.0
-2.6439146094567567,1.0886707215410176,0.5108503427245152,0.0,0.0
-2.6439146094567567,1.1508804770576466,0.5182643683737774,0.0,0.0
-2.6439146094567567,1.2130902325742765,0.5262341771962475,0.0,0.0
-2.6439146094567567,1.2752999880909055,0.5347846523072031,0.0,0.0
-2.6439146094567567,1.3375097436075354,0.543942141075767,0.0,0.0
-2.6439146094567567,1.3997194991241653,0.5537343440753703,0.0,0.0
-2.6439146094567567,1.4619292546407943,0.5641901398451266,0.0,0.0
-2.6439146094567567,1.5241390101574241,0.5753393252725397,0.0,0.0
-2.6439146094567567,1.586348765674054,0.5872122461978321,0.0,0.0
-2.6439146094567567,1.648558521190683,0.599839286546642,0.0,0.0
-2.6439146094567567,1.710768276707313,0.6132501768372373,0.0,0.0
-2.6439146094567567,1.7729780322239428,0.6274730742899914,0.0,0.0
-2.6439146094567567,1.8351877877405718,0.6425333571741884,0.0,0.0
-2.6439146094567567,1.8973975432572017,0.6584520659437716,0.0,0.0
-2.6439146094567567,1.9596072987738316,0.6752439141085502,0.0,0.0
-2.6439146094567567,2.0218170542904605,0.6929147843770973,0.0,0.0
-2.6439146094567567,2.0840268098070904,0.7114586232026134,0.0,0.0
-2.6439146094567567,2.1462365653237194,0.730853653788329,0.0,0.0
-2.6439146094567567,2.2084463208403493,0.7510578501401788,0.0,0.0
-2.6439146094567567,2.270656076356979,0.7720036614245782,0.0,0.0
-2.6439146094567567,2.332865831873608,0.7935920573750097,0.0,0.0
-2.6439146094567567,2.395075587390238,0.8156860935790315,0.0,0.0
-2.6439146094567567,2.457285342906868,0.8381043803711259,0.0,0.0
-2.6439146094567567,2.519495098423497,0.8606150841522154,0.0,0.0
-2.6439146094567567,2.581704853940127,0.8829313834423816,0.0,0.0
-2.6439146094567567,2.6439146094567567,0.904709605698977,0.0,0.0
-2.6439146094567567,2.7061243649733857,0.9255515094216235,0.0,0.0
-2.6439146094567567,2.7683341204900156,0.9450122324420489,0.0,0.0
-2.6439146094567567,2.8305438760066455,0.9626151569321855,0.0,0.0
-2.6439146094567567,2.8927536315232745,0.9778742148340915,0.0,0.0
-2.6439146094567567,2.9549633870399044,0.9903229333520069,0.0,0.0
-2.6439146094567567,3.0171731425565333,0.9995479327373449,0.0,0.0
-2.6439146094567567,3.0793828980731632,1.0052229948188158,0.0,0.0
-2.581704853940127,-3.141592653589793,0.9773494521509767,0.0,0.0
-2.581704853940127,-3.0793828980731637,0.9755984215320493,0.0,0.0
-2.581704853940127,-3.017173142556534,0.9704079133541134,0.0,0.0
-2.581704853940127,-2.9549633870399044,0.9619597363204474,0.0,0.0
-2.581704853940127,-2.892753631523275,0.9505381735935714,0.0,0.0
-2.581704853940127,-2.8305438760066455,0.9365053412346466,0.0,0.0
-2.581704853940127,-2.7683341204900156,0.9202726076186073,0.0,0.0
-2.581704853940127,-2.706124364973386,0.9022720782524136,0.0,0.0
-2.581704853940127,-2.6439146094567567,0.8829313834423816,0.0,0.0
-2.581704853940127,-2.581704853940127,0.8626537926852416,0.0,0.0
-2.581704853940127,-2.5194950984234974,0.8418044194007862,0.0,0.0
-2.581704853940127,-2.457285342906868,0.820702261349961,0.0,0.0
-2.581704853940127,-2.395075587390238,0.7996171735296035,0.0,0.0
-2.581704853940127,-2.3328658318736086,0.7787705831033703,0.0,0.0
-2.581704853940127,-2.270656076356979,0.7583387438511273,0.0,0.0
-2.581704853940127,-2.2084463208403498,0.7384574826518472,0.0,0.0
-2.581704853940127,-2.1462365653237203,0.7192276186141079,0.0,0.0
-2.581704853940127,-2.0840268098070904,0.7007204712066585,0.0,0.0
-2.581704853940127,-2.021817054290461,0.6829830803698246,0.0,0.0
-2.581704853940127,-1.9596072987738313,0.6660429242680356,0.0,0.0
-2.581704853940127,-1.897397543257202,0.6499120380241102,0.0,0.0
-2.581704853940127,-1.8351877877405722,0.6345905154618183,0.0,0.0
-2.581704853940127,-1.7729780322239428,0.6200694240809345,0.0,0.0
-2.581704853940127,-1.7107682767073131,0.606333189612095,0.0,0.0
-2.581704853940127,-1.6485585211906835,0.5933615176727716,0.0,0.0
-2.581704853940127,-1.586348765674054,0.581130921762081,0.0,0.0
-2.581704853940127,-1.5241390101574244,0.5696159230422173,0.0,0.0
-2.581704853940127,-1.461929254640795,0.5587899807416191,0.0,0.0
-2.581704853940127,-1.3997194991241653,0.548626204303609,0.0,0.0
-2.581704853940127,-1.3375097436075358,0.5390978906343674,0.0,0.0
-2.581704853940127,-1.2752999880909062,0.5301789225523283,0.0,0.0
-2.581704853940127,-1.2130902325742767,0.5218440580840693,0.0,0.0
-2.581704853940127,-1.150880477057647,0.5140691346815226,0.0,0.0
-2.581704853940127,-1.0886707215410176,0.5068312077371278,0.0,0.0
-2.581704853940127,-1.0264609660243877,0.5001086388764088,0.0,0.0
-2.581704853940127,-0.9642512105077583,0.49388114631574087,0.0,0.0
-2.581704853940127,-0.9020414549911289,0.4881298269849657,0.0,0.0
-2.581704853940127,-0.8398316994744994,0.48283715803261623,0.0,0.0
-2.581704853940127,-0.7776219439578695,0.47798698366775705,0.0,0.0
-2.581704853940127,-0.7154121884412401,0.47356449197024214,0.0,0.0
-2.581704853940127,-0.6532024329246107,0.46955618525553694,0.0,0.0
-2.581704853940127,-0.5909926774079808,0.46594984675696466,0.0,0.0
-2.581704853940127,-0.5287829218913513,0.46273450574276775,0.0,0.0
-2.581704853940127,-0.4665731663747219,0.45990040268143123,0.0,0.0
-2.581704853940127,-0.40436341085809246,0.45743895567695425,0.0,0.0
-2.581704853940127,-0.3421536553414626,0.45534272909256723,0.0,0.0
-2.581704853940127,-0.27994389982483314,0.453605405047857,0.0,0.0
-2.581704853940127,-0.2177341443082037,0.45222175829522,0.0,0.0
-2.581704853940127,-0.15552438879157382,0.4511876348448897,0.0,0.0
-2.581704853940127,-0.09331463327494438,0.45049993460371074,0.0,0.0
-2.581704853940127,-0.03110487775831494,0.45015659821347015,0.0,0.0
-2.581704853940127,0.031104877758314498,0.45015659821347015,0.0,0.0
-2.581704853940127,0.09331463327494438,0.45049993460371074,0.0,0.0
-2.581704853940127,0.15552438879157382,0.4511876348448897,0.0,0.0
-2.581704853940127,0.21773414430820326,0.4522217582952201,0.0,0.0
-2.581704853940127,0.2799438998248327,0.4536054050478569,0.0,0.0
-2.581704853940127,0.3421536553414626,0.45534272909256723,0.0,0.0
-2.581704853940127,0.404363410858092,0.4574389556769542,0.0,0.0
-2.581704853940127,0.46657316637472146,0.45990040268143123,0.0,0.0
-2.581704853940127,0.5287829218913513,0.46273450574276775,0.0,0.0
-2.581704853940127,0.5909926774079808,0.46594984675696466,0.0,0.0
-2.581704853940127,0.6532024329246102,0.46955618525553694,0.0,0.0
-2.581704853940127,0.7154121884412397,0.4735644919702421,0.0,0.0
-2.581704853940127,0.7776219439578695,0.47798698366775705,0.0,0.0
-2.581704853940127,0.839831699474499,0.4828371580326161,0.0,0.0
-2.581704853940127,0.9020414549911289,0.4881298269849657,0.0,0.0
-2.581704853940127,0.9642512105077579,0.49388114631574087,0.0,0.0
-2.581704853940127,1.0264609660243877,0.5001086388764088,0.0,0.0
-2.581704853940127,1.0886707215410176,0.5068312077371278,0.0,0.0
-2.581704853940127,1.1508804770576466,0.5140691346815226,0.0,0.0
-2.581704853940127,1.2130902325742765,0.5218440580840692,0.0,0.0
-2.581704853940127,1.2752999880909055,0.5301789225523283,0.0,0.0
-2.581704853940127,1.3375097436075354,0.5390978906343674,0.0,0.0
-2.581704853940127,1.3997194991241653,0.548626204303609,0.0,0.0
-2.581704853940127,1.4619292546407943,0.558789980741619,0.0,0.0
-2.581704853940127,1.5241390101574241,0.5696159230422173,0.0,0.0
-2.581704853940127,1.586348765674054,0.581130921762081,0.0,0.0
-2.581704853940127,1.648558521190683,0.5933615176727715,0.0,0.0
-2.581704853940127,1.710768276707313,0.606333189612095,0.0,0.0
-2.581704853940127,1.7729780322239428,0.6200694240809345,0.0,0.0
-2.581704853940127,1.8351877877405718,0.6345905154618182,0.0,0.0
-2.581704853940127,1.8973975432572017,0.6499120380241101,0.0,0.0
-2.581704853940127,1.9596072987738316,0.6660429242680356,0.0,0.0
-2.581704853940127,2.0218170542904605,0.6829830803698245,0.0,0.0
-2.581704853940127,2.0840268098070904,0.7007204712066585,0.0,0.0
-2.581704853940127,2.1462365653237194,0.7192276186141077,0.0,0.0
-2.581704853940127,2.2084463208403493,0.738457482651847,0.0,0.0
-2.581704853940127,2.270656076356979,0.7583387438511273,0.0,0.0
-2.581704853940127,2.332865831873608,0.7787705831033702,0.0,0.0
-2.581704853940127,2.395075587390238,0.7996171735296035,0.0,0.0
-2.581704853940127,2.457285342906868,0.820702261349961,0.0,0.0
-2.581704853940127,2.519495098423497,0.841804419400786,0.0,0.0
-2.581704853940127,2.581704853940127,0.8626537926852416,0.0,0.0
-2.581704853940127,2.6439146094567567,0.8829313834423816,0.0,0.0
-2.581704853940127,2.7061243649733857,0.9022720782524133,0.0,0.0
-2.581704853940127,2.7683341204900156,0.9202726076186073,0.0,0.0
-2.581704853940127,2.8305438760066455,0.9365053412346466,0.0,0.0
-2.581704853940127,2.8927536315232745,0.9505381735935712,0.0,0.0
-2.581704853940127,2.9549633870399044,0.9619597363204474,0.0,0.0
-2.581704853940127,3.0171731425565333,0.9704079133541134,0.0,0.0
-2.581704853940127,3.0793828980731632,0.9755984215320493,0.0,0.0
-2.5194950984234974,-3.141592653589793,0.9473349443909469,0.0,0.0
-2.5194950984234974,-3.0793828980731637,0.9457400742010995,0.0,0.0
-2.5194950984234974,-3.017173142556534,0.9410094267807034,0.0,0.0
-2.5194950984234974,-2.9549633870399044,0.9333000452651611,0.0,0.0
-2.5194950984234974,-2.892753631523275,0.922858345247162,0.0,0.0
-2.5194950984234974,-2.8305438760066455,0.9099998116203509,0.0,0.0
-2.5194950984234974,-2.7683341204900156,0.8950852042773765,0.0,0.0
-2.5194950984234974,-2.706124364973386,0.8784964777583009,0.0,0.0
-2.5194950984234974,-2.6439146094567567,0.8606150841522158,0.0,0.0
-2.5194950984234974,-2.581704853940127,0.8418044194007863,0.0,0.0
-2.5194950984234974,-2.5194950984234974,0.822397187866897,0.0,0.0
-2.5194950984234974,-2.457285342906868,0.8026876270999296,0.0,0.0
-2.5194950984234974,-2.395075587390238,0.7829279695349357,0.0,0.0
-2.5194950984234974,-2.3328658318736086,0.763328232368343,0.0,0.0
-2.5194950984234974,-2.270656076356979,0.7440583676651745,0.0,0.0
-2.5194950984234974,-2.2084463208403498,0.7252518939297696,0.0,0.0
-2.5194950984234974,-2.1462365653237203,0.7070102944206533,0.0,0.0
-2.5194950984234974,-2.0840268098070904,0.6894076514444208,0.0,0.0
-2.5194950984234974,-2.021817054290461,0.6724951559243647,0.0,0.0
-2.5194950984234974,-1.9596072987738313,0.6563052714994171,0.0,0.0
-2.5194950984234974,-1.897397543257202,0.6408554380660973,0.0,0.0
-2.5194950984234974,-1.8351877877405722,0.6261512736658504,0.0,0.0
-2.5194950984234974,-1.7729780322239428,0.6121892816100437,0.0,0.0
-2.5194950984234974,-1.7107682767073131,0.5989590980534452,0.0,0.0
-2.5194950984234974,-1.6485585211906835,0.5864453296191015,0.0,0.0
-2.5194950984234974,-1.586348765674054,0.5746290358055823,0.0,0.0
-2.5194950984234974,-1.5241390101574244,0.5634889102797859,0.0,0.0
-2.5194950984234974,-1.461929254640795,0.553002211262942,0.0,0.0
-2.5194950984234974,-1.3997194991241653,0.5431454857280356,0.0,0.0
-2.5194950984234974,-1.3375097436075358,0.5338951261108358,0.0,0.0
-2.5194950984234974,-1.2752999880909062,0.5252277923322881,0.0,0.0
-2.5194950984234974,-1.2130902325742767,0.5171207264855601,0.0,0.0
-2.5194950984234974,-1.150880477057647,0.5095519827174378,0.0,0.0
-2.5194950984234974,-1.0886707215410176,0.5025005906766408,0.0,0.0
-2.5194950984234974,-1.0264609660243877,0.4959466673898981,0.0,0.0
-2.5194950984234974,-0.9642512105077583,0.48987148950443865,0.0,0.0
-2.5194950984234974,-0.9020414549911289,0.48425753543199657,0.0,0.0
-2.5194950984234974,-0.8398316994744994,0.4790885049705851,0.0,0.0
-2.5194950984234974,-0.7776219439578695,0.47434932239565475,0.0,0.0
-2.5194950984234974,-0.7154121884412401,0.47002612773822716,0.0,0.0
-2.5194950984234974,-0.6532024329246107,0.46610625994862254,0.0,0.0
-2.5194950984234974,-0.5909926774079808,0.46257823483314225,0.0,0.0
-2.5194950984234974,-0.5287829218913513,0.45943172000784455,0.0,0.0
-2.5194950984234974,-0.4665731663747219,0.4566575086055003,0.0,0.0
-2.5194950984234974,-0.40436341085809246,0.45424749307199513,0.0,0.0
-2.5194950984234974,-0.3421536553414626,0.4521946400748714,0.0,0.0
-2.5194950984234974,-0.27994389982483314,0.45049296730155497,0.0,0.0
-2.5194950984234974,-0.2177341443082037,0.4491375227336416,0.0,0.0
-2.5194950984234974,-0.15552438879157382,0.44812436683473367,0.0,0.0
-2.5194950984234974,-0.09331463327494438,0.4474505579732028,0.0,0.0
-2.5194950984234974,-0.03110487775831494,0.4471141413101338,0.0,0.0
-2.5194950984234974,0.031104877758314498,0.4471141413101338,0.0,0.0
-2.5194950984234974,0.09331463327494438,0.4474505579732028,0.0,0.0
-2.5194950984234974,0.15552438879157382,0.44812436683473367,0.0,0.0
-2.5194950984234974,0.21773414430820326,0.4491375227336416,0.0,0.0
-2.5194950984234974,0.2799438998248327,0.45049296730155497,0.0,0.0
-2.5194950984234974,0.3421536553414626,0.4521946400748714,0.0,0.0
-2.5194950984234974,0.404363410858092,0.4542474930719951,0.0,0.0
-2.5194950984234974,0.46657316637472146,0.4566575086055003,0.0,0.0
-2.5194950984234974,0.5287829218913513,0.45943172000784455,0.0,0.0
-2.5194950984234974,0.5909926774079808,0.46257823483314225,0.0,0.0
-2.5194950984234974,0.6532024329246102,0.4661062599486225,0.0,0.0
-2.5194950984234974,0.7154121884412397,0.4700261277382271,0.0,0.0
-2.5194950984234974,0.7776219439578695,0.47434932239565475,0.0,0.0
-2.5194950984234974,0.839831699474499,0.479088504970585,0.0,0.0
-2.5194950984234974,0.9020414549911289,0.48425753543199657,0.0,0.0
-2.5194950984234974,0.9642512105077579,0.4898714895044386,0.0,0.0
-2.5194950984234974,1.0264609660243877,0.4959466673898981,0.0,0.0
-2.5194950984234974,1.0886707215410176,0.5025005906766408,0.0,0.0
-2.5194950984234974,1.1508804770576466,0.5095519827174378,0.0,0.0
-2.5194950984234974,1.2130902325742765,0.5171207264855601,0.0,0.0
-2.5194950984234974,1.2752999880909055,0.525227792332288,0.0,0.0
-2.5194950984234974,1.3375097436075354,0.5338951261108357,0.0,0.0
-2.5194950984234974,1.3997194991241653,0.5431454857280356,0.0,0.0
-2.5194950984234974,1.4619292546407943,0.5530022112629419,0.0,0.0
-2.5194950984234974,1.5241390101574241,0.5634889102797859,0.0,0.0
-2.5194950984234974,1.586348765674054,0.5746290358055823,0.0,0.0
-2.5194950984234974,1.648558521190683,0.5864453296191015,0.0,0.0
-2.5194950984234974,1.710768276707313,0.5989590980534452,0.0,0.0
-2.5194950984234974,1.7729780322239428,0.6121892816100437,0.0,0.0
-2.5194950984234974,1.8351877877405718,0.6261512736658503,0.0,0.0
-2.5194950984234974,1.8973975432572017,0.6408554380660973,0.0,0.0
-2.5194950984234974,1.9596072987738316,0.6563052714994171,0.0,0.0
-2.5194950984234974,2.0218170542904605,0.6724951559243645,0.0,0.0
-2.5194950984234974,2.0840268098070904,0.6894076514444208,0.0,0.0
-2.5194950984234974,2.1462365653237194,0.707010294420653,0.0,0.0
-2.5194950984234974,2.2084463208403493,0.7252518939297694,0.0,0.0
-2.5194950984234974,2.270656076356979,0.7440583676651745,0.0,0.0
-2.5194950984234974,2.332865831873608,0.7633282323683428,0.0,0.0
-2.5194950984234974,2.395075587390238,0.7829279695349357,0.0,0.0
-2.5194950984234974,2.457285342906868,0.8026876270999296,0.0,0.0
-2.5194950984234974,2.519495098423497,0.8223971878668968,0.0,0.0
-2.5194950984234974,2.581704853940127,0.8418044194007863,0.0,0.0
-2.5194950984234974,2.6439146094567567,0.8606150841522158,0.0,0.0
-2.5194950984234974,2.7061243649733857,0.8784964777583008,0.0,0.0
-2.5194950984234974,2.7683341204900156,0.8950852042773765,0.0,0.0
-2.5194950984234974,2.8305438760066455,0.9099998116203509,0.0,0.0
-2.5194950984234974,2.8927536315232745,0.9228583452471618,0.0,0.0
-2.5194950984234974,2.9549633870399044,0.9333000452651611,0.0,0.0
-2.5194950984234974,3.0171731425565333,0.9410094267807033,0.0,0.0
-2.5194950984234974,3.0793828980731632,0.9457400742010995,0.0,0.0
-2.457285342906868,-3.141592653589793,0.9175555984570707,0.0,0.0
-2.457285342906868,-3.0793828980731637,0.916106227108375,0.0,0.0
-2.457285342906868,-3.017173142556534,0.9118044942200189,0.0,0.0
-2.457285342906868,-2.9549633870399044,0.904785608080706,0.0,0.0
-2.457285342906868,-2.892753631523275,0.8952624371324188,0.0,0.0
-2.457285342906868,-2.8305438760066455,0.8835088605673863,0.0,0.0
-2.457285342906868,-2.7683341204900156,0.8698400601509091,0.0,0.0
-2.457285342906868,-2.706124364973386,0.8545923006372844,0.0,0.0
-2.457285342906868,-2.6439146094567567,0.8381043803711259,0.0,0.0
-2.457285342906868,-2.581704853940127,0.8207022613499612,0.0,0.0
-2.457285342906868,-2.5194950984234974,0.8026876270999296,0.0,0.0
-2.457285342906868,-2.457285342906868,0.784330444879567,0.0,0.0
-2.457285342906868,-2.395075587390238,0.7658651259924918,0.0,0.0
-2.457285342906868,-2.3328658318736086,0.7474896075261208,0.0,0.0
-2.457285342906868,-2.270656076356979,0.7293665906529101,0.0,0.0
-2.457285342906868,-2.2084463208403498,0.7116262104855035,0.0,0.0
-2.457285342906868,-2.1462365653237203,0.6943695244974555,0.0,0.0
-2.457285342906868,-2.0840268098070904,0.6776723458307234,0.0,0.0
-2.457285342906868,-2.021817054290461,0.6615890845129523,0.0,0.0
-2.457285342906868,-1.9596072987738313,0.6461563774504453,0.0,0.0
-2.457285342906868,-1.897397543257202,0.6313963808704551,0.0,0.0
-2.457285342906868,-1.8351877877405722,0.6173196667661903,0.0,0.0
-2.457285342906868,-1.7729780322239428,0.6039277111874563,0.0,0.0
-2.457285342906868,-1.7107682767073131,0.591214991418539,0.0,0.0
-2.457285342906868,-1.6485585211906835,0.5791707256502188,0.0,0.0
-2.457285342906868,-1.586348765674054,0.5677802965208079,0.0,0.0
-2.457285342906868,-1.5241390101574244,0.5570264018985166,0.0,0.0
-2.457285342906868,-1.461929254640795,0.5468899747454901,0.0,0.0
-2.457285342906868,-1.3997194991241653,0.5373509104172648,0.0,0.0
-2.457285342906868,-1.3375097436075358,0.5283886353634665,0.0,0.0
-2.457285342906868,-1.2752999880909062,0.5199825465746895,0.0,0.0
-2.457285342906868,-1.2130902325742767,0.5121123466639496,0.0,0.0
-2.457285342906868,-1.150880477057647,0.5047582953928734,0.0,0.0
-2.457285342906868,-1.0886707215410176,0.4979013948483123,0.0,0.0
-2.457285342906868,-1.0264609660243877,0.49152352236645686,0.0,0.0
-2.457285342906868,-0.9642512105077583,0.48560752266864826,0.0,0.0
-2.457285342906868,-0.9020414549911289,0.48013726847350663,0.0,0.0
-2.457285342906868,-0.8398316994744994,0.4750976970320859,0.0,0.0
-2.457285342906868,-0.7776219439578695,0.4704748285430181,0.0,0.0
-2.457285342906868,-0.7154121884412401,0.4662557711922766,0.0,0.0
-2.457285342906868,-0.6532024329246107,0.4624287165812643,0.0,0.0
-2.457285342906868,-0.5909926774079808,0.45898292851711153,0.0,0.0
-2.457285342906868,-0.5287829218913513,0.4559087275057939,0.0,0.0
-2.457285342906868,-0.4665731663747219,0.45319747278278094,0.0,0.0
-2.457285342906868,-0.40436341085809246,0.45084154331309423,0.0,0.0
-2.457285342906868,-0.3421536553414626,0.4488343188727555,0.0,0.0
-2.457285342906868,-0.27994389982483314,0.4471701620700973,0.0,0.0
-2.457285342906868,-0.2177341443082037,0.4458444019647184,0.0,0.0
-2.457285342906868,-0.15552438879157382,0.4448533197828656,0.0,0.0
-2.457285342906868,-0.09331463327494438,0.44419413710156064,0.0,0.0
-2.457285342906868,-0.03110487775831494,0.4438650067723019,0.0,0.0
-2.457285342906868,0.031104877758314498,0.4438650067723019,0.0,0.0
-2.457285342906868,0.09331463327494438,0.44419413710156064,0.0,0.0
-2.457285342906868,0.15552438879157382,0.4448533197828656,0.0,0.0
-2.457285342906868,0.21773414430820326,0.4458444019647184,0.0,0.0
-2.457285342906868,0.2799438998248327,0.4471701620700973,0.0,0.0
-2.457285342906868,0.3421536553414626,0.4488343188727555,0.0,0.0
-2.457285342906868,0.404363410858092,0.45084154331309423,0.0,0.0
-2.457285342906868,0.46657316637472146,0.453197472782781,0.0,0.0
-2.457285342906868,0.5287829218913513,0.4559087275057939,0.0,0.0
-2.457285342906868,0.5909926774079808,0.45898292851711153,0.0,0.0
-2.457285342906868,0.6532024329246102,0.4624287165812642,0.0,0.0
-2.457285342906868,0.7154121884412397,0.4662557711922765,0.0,0.0
-2.457285342906868,0.7776219439578695,0.4704748285430181,0.0,0.0
-2.457285342906868,0.839831699474499,0.4750976970320859,0.0,0.0
-2.457285342906868,0.9020414549911289,0.48013726847350663,0.0,0.0
-2.457285342906868,0.9642512105077579,0.48560752266864826,0.0,0.0
-2.457285342906868,1.0264609660243877,0.49152352236645686,0.0,0.0
-2.457285342906868,1.0886707215410176,0.4979013948483123,0.0,0.0
-2.457285342906868,1.1508804770576466,0.5047582953928734,0.0,0.0
-2.457285342906868,1.2130902325742765,0.5121123466639494,0.0,0.0
-2.457285342906868,1.2752999880909055,0.5199825465746895,0.0,0.0
-2.457285342906868,1.3375097436075354,0.5283886353634665,0.0,0.0
-2.457285342906868,1.3997194991241653,0.5373509104172648,0.0,0.0
-2.457285342906868,1.4619292546407943,0.54688997474549,0.0,0.0
-2.457285342906868,1.5241390101574241,0.5570264018985166,0.0,0.0
-2.457285342906868,1.586348765674054,0.5677802965208079,0.0,0.0
-2.457285342906868,1.648558521190683,0.5791707256502187,0.0,0.0
-2.457285342906868,1.710768276707313,0.591214991418539,0.0,0.0
-2.457285342906868,1.7729780322239428,0.6039277111874563,0.0,0.0
-2.457285342906868,1.8351877877405718,0.6173196667661902,0.0,0.0
-2.457285342906868,1.8973975432572017,0.6313963808704551,0.0,0.0
-2.457285342906868,1.9596072987738316,0.6461563774504453,0.0,0.0
-2.457285342906868,2.0218170542904605,0.6615890845129522,0.0,0.0
-2.457285342906868,2.0840268098070904,0.6776723458307234,0.0,0.0
-2.457285342906868,2.1462365653237194,0.6943695244974553,0.0,0.0
-2.457285342906868,2.2084463208403493,0.7116262104855033,0.0,0.0
-2.457285342906868,2.270656076356979,0.7293665906529101,0.0,0.0
-2.457285342906868,2.332865831873608,0.7474896075261206,0.0,0.0
-2.457285342906868,2.395075587390238,0.7658651259924918,0.0,0.0
-2.457285342906868,2.457285342906868,0.784330444879567,0.0,0.0
-2.457285342906868,2.519495098423497,0.8026876270999294,0.0,0.0
-2.457285342906868,2.581704853940127,0.8207022613499612,0.0,0.0
-2.457285342906868,2.6439146094567567,0.8381043803711259,0.0,0.0
-2.457285342906868,2.7061243649733857,0.8545923006372843,0.0,0.0
-2.457285342906868,2.7683341204900156,0.8698400601509091,0.0,0.0
-2.457285342906868,2.8305438760066455,0.8835088605673863,0.0,0.0
-2.457285342906868,2.8927536315232745,0.8952624371324187,0.0,0.0
-2.457285342906868,2.9549633870399044,0.904785608080706,0.0,0.0
-2.457285342906868,3.0171731425565333,0.9118044942200189,0.0,0.0
-2.457285342906868,3.0793828980731632,0.916106227108375,0.0,0.0
-2.395075587390238,-3.141592653589793,0.8883684210272058,0.0,0.0
-2.395075587390238,-3.0793828980731637,0.8870528138425833,0.0,0.0
-2.395075587390238,-3.017173142556534,0.8831457989469793,0.0,0.0
-2.395075587390238,-2.9549633870399044,0.8767636072001449,0.0,0.0
-2.395075587390238,-2.892753631523275,0.8680898155566649,0.0,0.0
-2.395075587390238,-2.8305438760066455,0.8573617270144651,0.0,0.0
-2.395075587390238,-2.7683341204900156,0.8448540945107131,0.0,0.0
-2.395075587390238,-2.706124364973386,0.8308622047066129,0.0,0.0
-2.395075587390238,-2.6439146094567567,0.8156860935790315,0.0,0.0
-2.395075587390238,-2.581704853940127,0.7996171735296035,0.0,0.0
-2.395075587390238,-2.5194950984234974,0.7829279695349357,0.0,0.0
-2.395075587390238,-2.457285342906868,0.7658651259924918,0.0,0.0
-2.395075587390238,-2.395075587390238,0.7486454403933822,0.0,0.0
-2.395075587390238,-2.3328658318736086,0.7314544327497913,0.0,0.0
-2.395075587390238,-2.270656076356979,0.7144468567021034,0.0,0.0
-2.395075587390238,-2.2084463208403498,0.6977485631050371,0.0,0.0
-2.395075587390238,-2.1462365653237203,0.6814591982643681,0.0,0.0
-2.395075587390238,-2.0840268098070904,0.6656553211575252,0.0,0.0
-2.395075587390238,-2.021817054290461,0.6503936313325749,0.0,0.0
-2.395075587390238,-1.9596072987738313,0.6357140963869403,0.0,0.0
-2.395075587390238,-1.897397543257202,0.6216428478016122,0.0,0.0
-2.395075587390238,-1.8351877877405722,0.6081947747992487,0.0,0.0
-2.395075587390238,-1.7729780322239428,0.5953757893304419,0.0,0.0
-2.395075587390238,-1.7107682767073131,0.5831847642395734,0.0,0.0
-2.395075587390238,-1.6485585211906835,0.5716151644312101,0.0,0.0
-2.395075587390238,-1.586348765674054,0.5606564005039416,0.0,0.0
-2.395075587390238,-1.5241390101574244,0.5502949383780187,0.0,0.0
-2.395075587390238,-1.461929254640795,0.5405151988796324,0.0,0.0
-2.395075587390238,-1.3997194991241653,0.5313002794967707,0.0,0.0
-2.395075587390238,-1.3375097436075358,0.5226325275941728,0.0,0.0
-2.395075587390238,-1.2752999880909062,0.5144939909379529,0.0,0.0
-2.395075587390238,-1.2130902325742767,0.5068667678580843,0.0,0.0
-2.395075587390238,-1.150880477057647,0.49973327602007905,0.0,0.0
-2.395075587390238,-1.0886707215410176,0.4930764557197184,0.0,0.0
-2.395075587390238,-1.0264609660243877,0.486879920914205,0.0,0.0
-2.395075587390238,-0.9642512105077583,0.48112806887008147,0.0,0.0
-2.395075587390238,-0.9020414549911289,0.47580615732563203,0.0,0.0
-2.395075587390238,-0.8398316994744994,0.47090035640189176,0.0,0.0
-2.395075587390238,-0.7776219439578695,0.4663977811143,0.0,0.0
-2.395075587390238,-0.7154121884412401,0.4622865091979544,0.0,0.0
-2.395075587390238,-0.6532024329246107,0.4585555880267048,0.0,0.0
-2.395075587390238,-0.5909926774079808,0.4551950336466607,0.0,0.0
-2.395075587390238,-0.5287829218913513,0.45219582432872285,0.0,0.0
-2.395075587390238,-0.4665731663747219,0.4495498905471676,0.0,0.0
-2.395075587390238,-0.40436341085809246,0.44725010289056205,0.0,0.0
-2.395075587390238,-0.3421536553414626,0.4452902590892697,0.0,0.0
-2.395075587390238,-0.27994389982483314,0.44366507108539743,0.0,0.0
-2.395075587390238,-0.2177341443082037,0.4423701528636556,0.0,0.0
-2.395075587390238,-0.15552438879157382,0.4414020095948288,0.0,0.0
-2.395075587390238,-0.09331463327494438,0.4407580285086842,0.0,0.0
-2.395075587390238,-0.03110487775831494,0.44043647180290885,0.0,0.0
-2.395075587390238,0.031104877758314498,0.44043647180290885,0.0,0.0
-2.395075587390238,0.09331463327494438,0.4407580285086842,0.0,0.0
-2.395075587390238,0.15552438879157382,0.4414020095948288,0.0,0.0
-2.395075587390238,0.21773414430820326,0.44237015286365566,0.0,0.0
-2.395075587390238,0.2799438998248327,0.44366507108539743,0.0,0.0
-2.395075587390238,0.3421536553414626,0.4452902590892697,0.0,0.0
-2.395075587390238,0.404363410858092,0.447250102890562,0.0,0.0
-2.395075587390238,0.46657316637472146,0.4495498905471676,0.0,0.0
-2.395075587390238,0.5287829218913513,0.45219582432872285,0.0,0.0
-2.395075587390238,0.5909926774079808,0.4551950336466607,0.0,0.0
-2.395075587390238,0.6532024329246102,0.4585555880267048,0.0,0.0
-2.395075587390238,0.7154121884412397,0.4622865091979543,0.0,0.0
-2.395075587390238,0.7776219439578695,0.4663977811143,0.0,0.0
-2.395075587390238,0.839831699474499,0.47090035640189176,0.0,0.0
-2.395075587390238,0.9020414549911289,0.47580615732563203,0.0,0.0
-2.395075587390238,0.9642512105077579,0.48112806887008147,0.0,0.0
-2.395075587390238,1.0264609660243877,0.486879920914205,0.0,0.0
-2.395075587390238,1.0886707215410176,0.4930764557197184,0.0,0.0
-2.395075587390238,1.1508804770576466,0.49973327602007905,0.0,0.0
-2.395075587390238,1.2130902325742765,0.5068667678580842,0.0,0.0
-2.395075587390238,1.2752999880909055,0.5144939909379528,0.0,0.0
-2.395075587390238,1.3375097436075354,0.5226325275941727,0.0,0.0
-2.395075587390238,1.3997194991241653,0.5313002794967707,0.0,0.0
-2.395075587390238,1.4619292546407943,0.5405151988796323,0.0,0.0
-2.395075587390238,1.5241390101574241,0.5502949383780187,0.0,0.0
-2.395075587390238,1.586348765674054,0.5606564005039416,0.0,0.0
-2.395075587390238,1.648558521190683,0.57161516443121,0.0,0.0
-2.395075587390238,1.710768276707313,0.5831847642395734,0.0,0.0
-2.395075587390238,1.7729780322239428,0.5953757893304419,0.0,0.0
-2.395075587390238,1.8351877877405718,0.6081947747992485,0.0,0.0
-2.395075587390238,1.8973975432572017,0.6216428478016122,0.0,0.0
-2.395075587390238,1.9596072987738316,0.6357140963869403,0.0,0.0
-2.395075587390238,2.0218170542904605,0.6503936313325748,0.0,0.0
-2.395075587390238,2.0840268098070904,0.6656553211575252,0.0,0.0
-2.395075587390238,2.1462365653237194,0.681459198264368,0.0,0.0
-2.395075587390238,2.2084463208403493,0.697748563105037,0.0,0.0
-2.395075587390238,2.270656076356979,0.7144468567021034,0.0,0.0
-2.395075587390238,2.332865831873608,0.731454432749791,0.0,0.0
-2.395075587390238,2.395075587390238,0.7486454403933822,0.0,0.0
-2.395075587390238,2.457285342906868,0.7658651259924918,0.0,0.0
-2.395075587390238,2.519495098423497,0.7829279695349356,0.0,0.0
-2.395075587390238,2.581704853940127,0.7996171735296035,0.0,0.0
-2.395075587390238,2.6439146094567567,0.8156860935790315,0.0,0.0
-2.395075587390238,2.7061243649733857,0.8308622047066125,0.0,0.0
-2.395075587390238,2.7683341204900156,0.8448540945107131,0.0,0.0
-2.395075587390238,2.8305438760066455,0.8573617270144651,0.0,0.0
-2.395075587390238,2.8927536315232745,0.8680898155566648,0.0,0.0
-2.395075587390238,2.9549633870399044,0.8767636072001449,0.0,0.0
-2.395075587390238,3.0171731425565333,0.8831457989469793,0.0,0.0
-2.395075587390238,3.0793828980731632,0.8870528138425833,0.0,0.0
-2.3328658318736086,-3.141592653589793,0.8600385270656736,0.0,0.0
-2.3328658318736086,-3.0793828980731637,0.8588446457795997,0.0,0.0
-2.3328658318736086,-3.017173142556534,0.8552971667591699,0.0,0.0
-2.3328658318736086,-2.9549633870399044,0.8494959998180708,0.0,0.0
-2.3328658318736086,-2.892753631523275,0.841599420501,0.0,0.0
-2.3328658318736086,-2.8305438760066455,0.8318129333300942,0.0,0.0
-2.3328658318736086,-2.7683341204900156,0.8203758437881973,0.0,0.0
-2.3328658318736086,-2.706124364973386,0.8075471313828979,0.0,0.0
-2.3328658318736086,-2.6439146094567567,0.7935920573750099,0.0,0.0
-2.3328658318736086,-2.581704853940127,0.7787705831033703,0.0,0.0
-2.3328658318736086,-2.5194950984234974,0.763328232368343,0.0,0.0
-2.3328658318736086,-2.457285342906868,0.7474896075261208,0.0,0.0
-2.3328658318736086,-2.395075587390238,0.7314544327497913,0.0,0.0
-2.3328658318736086,-2.3328658318736086,0.7153957780149154,0.0,0.0
-2.3328658318736086,-2.270656076356979,0.6994600098228678,0.0,0.0
-2.3328658318736086,-2.2084463208403498,0.6837679962368324,0.0,0.0
-2.3328658318736086,-2.1462365653237203,0.6684171345858924,0.0,0.0
-2.3328658318736086,-2.0840268098070904,0.6534838424226476,0.0,0.0
-2.3328658318736086,-2.021817054290461,0.6390262346949317,0.0,0.0
-2.3328658318736086,-1.9596072987738313,0.6250867887340237,0.0,0.0
-2.3328658318736086,-1.897397543257202,0.6116948661267247,0.0,0.0
-2.3328658318736086,-1.8351877877405722,0.5988690140737559,0.0,0.0
-2.3328658318736086,-1.7729780322239428,0.5866190086344598,0.0,0.0
-2.3328658318736086,-1.7107682767073131,0.5749476300604316,0.0,0.0
-2.3328658318736086,-1.6485585211906835,0.5638521785616332,0.0,0.0
-2.3328658318736086,-1.586348765674054,0.5533257496742671,0.0,0.0
-2.3328658318736086,-1.5241390101574244,0.5433582939759616,0.0,0.0
-2.3328658318736086,-1.461929254640795,0.5339374878952323,0.0,0.0
-2.3328658318736086,-1.3997194991241653,0.5250494420676373,0.0,0.0
-2.3328658318736086,-1.3375097436075358,0.5166792720309187,0.0,0.0
-2.3328658318736086,-1.2752999880909062,0.5088115536734613,0.0,0.0
-2.3328658318736086,-1.2130902325742767,0.5014306831858014,0.0,0.0
-2.3328658318736086,-1.150880477057647,0.49452115858641554,0.0,0.0
-2.3328658318736086,-1.0886707215410176,0.48806779736152994,0.0,0.0
-2.3328658318736086,-1.0264609660243877,0.48205590245933005,0.0,0.0
-2.3328658318736086,-0.9642512105077583,0.4764713868471961,0.0,0.0
-2.3328658318736086,-0.9020414549911289,0.47130086508101915,0.0,0.0
-2.3328658318736086,-0.8398316994744994,0.4665317188347789,0.0,0.0
-2.3328658318736086,-0.7776219439578695,0.46215214207327654,0.0,0.0
-2.3328658318736086,-0.7154121884412401,0.4581511704941312,0.0,0.0
-2.3328658318736086,-0.6532024329246107,0.4545186989890274,0.0,0.0
-2.3328658318736086,-0.5909926774079808,0.4512454901522368,0.0,0.0
-2.3328658318736086,-0.5287829218913513,0.44832317627240204,0.0,0.0
-2.3328658318736086,-0.4665731663747219,0.4457442567599838,0.0,0.0
-2.3328658318736086,-0.40436341085809246,0.4435020925689622,0.0,0.0
-2.3328658318736086,-0.3421536553414626,0.44159089885133196,0.0,0.0
-2.3328658318736086,-0.27994389982483314,0.4400057368230577,0.0,0.0
-2.3328658318736086,-0.2177341443082037,0.4387425056089864,0.0,0.0
-2.3328658318736086,-0.15552438879157382,0.437797934662088,0.0,0.0
-2.3328658318736086,-0.09331463327494438,0.4371695772111837,0.0,0.0
-2.3328658318736086,-0.03110487775831494,0.43685580507410315,0.0,0.0
-2.3328658318736086,0.031104877758314498,0.43685580507410315,0.0,0.0
-2.3328658318736086,0.09331463327494438,0.4371695772111837,0.0,0.0
-2.3328658318736086,0.15552438879157382,0.437797934662088,0.0,0.0
-2.3328658318736086,0.21773414430820326,0.4387425056089864,0.0,0.0
-2.3328658318736086,0.2799438998248327,0.4400057368230577,0.0,0.0
-2.3328658318736086,0.3421536553414626,0.44159089885133196,0.0,0.0
-2.3328658318736086,0.404363410858092,0.44350209256896217,0.0,0.0
-2.3328658318736086,0.46657316637472146,0.4457442567599838,0.0,0.0
-2.3328658318736086,0.5287829218913513,0.44832317627240204,0.0,0.0
-2.3328658318736086,0.5909926774079808,0.4512454901522368,0.0,0.0
-2.3328658318736086,0.6532024329246102,0.45451869898902736,0.0,0.0
-2.3328658318736086,0.7154121884412397,0.4581511704941311,0.0,0.0
-2.3328658318736086,0.7776219439578695,0.46215214207327654,0.0,0.0
-2.3328658318736086,0.839831699474499,0.46653171883477884,0.0,0.0
-2.3328658318736086,0.9020414549911289,0.47130086508101915,0.0,0.0
-2.3328658318736086,0.9642512105077579,0.476471386847196,0.0,0.0
-2.3328658318736086,1.0264609660243877,0.48205590245933005,0.0,0.0
-2.3328658318736086,1.0886707215410176,0.48806779736152994,0.0,0.0
-2.3328658318736086,1.1508804770576466,0.49452115858641554,0.0,0.0
-2.3328658318736086,1.2130902325742765,0.5014306831858013,0.0,0.0
-2.3328658318736086,1.2752999880909055,0.5088115536734612,0.0,0.0
-2.3328658318736086,1.3375097436075354,0.5166792720309187,0.0,0.0
-2.3328658318736086,1.3997194991241653,0.5250494420676373,0.0,0.0
-2.3328658318736086,1.4619292546407943,0.5339374878952322,0.0,0.0
-2.3328658318736086,1.5241390101574241,0.5433582939759615,0.0,0.0
-2.3328658318736086,1.586348765674054,0.5533257496742671,0.0,0.0
-2.3328658318736086,1.648558521190683,0.5638521785616332,0.0,0.0
-2.3328658318736086,1.710768276707313,0.5749476300604316,0.0,0.0
-2.3328658318736086,1.7729780322239428,0.5866190086344598,0.0,0.0
-2.3328658318736086,1.8351877877405718,0.5988690140737557,0.0,0.0
-2.3328658318736086,1.8973975432572017,0.6116948661267246,0.0,0.0
-2.3328658318736086,1.9596072987738316,0.6250867887340238,0.0,0.0
-2.3328658318736086,2.0218170542904605,0.6390262346949317,0.0,0.0
-2.3328658318736086,2.0840268098070904,0.6534838424226476,0.0,0.0
-2.3328658318736086,2.1462365653237194,0.6684171345858921,0.0,0.0
-2.3328658318736086,2.2084463208403493,0.6837679962368324,0.0,0.0
-2.3328658318736086,2.270656076356979,0.6994600098228678,0.0,0.0
-2.3328658318736086,2.332865831873608,0.7153957780149153,0.0,0.0
-2.3328658318736086,2.395075587390238,0.7314544327497913,0.0,0.0
-2.3328658318736086,2.457285342906868,0.7474896075261208,0.0,0.0
-2.3328658318736086,2.519495098423497,0.7633282323683428,0.0,0.0
-2.3328658318736086,2.581704853940127,0.7787705831033703,0.0,0.0
-2.3328658318736086,2.6439146094567567,0.7935920573750099,0.0,0.0
-2.3328658318736086,2.7061243649733857,0.8075471313828978,0.0,0.0
-2.3328658318736086,2.7683341204900156,0.8203758437881973,0.0,0.0
-2.3328658318736086,2.8305438760066455,0.8318129333300942,0.0,0.0
-2.3328658318736086,2.8927536315232745,0.841599420501,0.0,0.0
-2.3328658318736086,2.9549633870399044,0.8494959998180708,0.0,0.0
-2.3328658318736086,3.0171731425565333,0.8552971667591699,0.0,0.0
-2.3328658318736086,3.0793828980731632,0.8588446457795997,0.0,0.0
-2.270656076356979,-3.141592653589793,0.8327530565193024,0.0,0.0
-2.270656076356979,-3.0793828980731637,0.8316690982094709,0.0,0.0
-2.270656076356979,-3.017173142556534,0.8284465821377235,0.0,0.0
-2.270656076356979,-2.9549633870399044,0.8231714863628847,0.0,0.0
-2.270656076356979,-2.892753631523275,0.8159804004501616,0.0,0.0
-2.270656076356979,-2.8305438760066455,0.8070514084917532,0.0,0.0
-2.270656076356979,-2.7683341204900156,0.7965930042552075,0.0,0.0
-2.270656076356979,-2.706124364973386,0.7848322963883716,0.0,0.0
-2.270656076356979,-2.6439146094567567,0.7720036614245782,0.0,0.0
-2.270656076356979,-2.581704853940127,0.7583387438511273,0.0,0.0
-2.270656076356979,-2.5194950984234974,0.7440583676651745,0.0,0.0
-2.270656076356979,-2.457285342906868,0.7293665906529101,0.0,0.0
-2.270656076356979,-2.395075587390238,0.7144468567021034,0.0,0.0
-2.270656076356979,-2.3328658318736086,0.6994600098228678,0.0,0.0
-2.270656076356979,-2.270656076356979,0.6845438283633204,0.0,0.0
-2.270656076356979,-2.2084463208403498,0.6698137051419898,0.0,0.0
-2.270656076356979,-2.1462365653237203,0.6553641178216361,0.0,0.0
-2.270656076356979,-2.0840268098070904,0.6412705826620764,0.0,0.0
-2.270656076356979,-2.021817054290461,0.6275918464855518,0.0,0.0
-2.270656076356979,-1.9596072987738313,0.6143721341433224,0.0,0.0
-2.270656076356979,-1.897397543257202,0.6016433247862383,0.0,0.0
-2.270656076356979,-1.8351877877405722,0.5894269764725477,0.0,0.0
-2.270656076356979,-1.7729780322239428,0.5777361543674413,0.0,0.0
-2.270656076356979,-1.7107682767073131,0.566577043806522,0.0,0.0
-2.270656076356979,-1.6485585211906835,0.5559503473411721,0.0,0.0
-2.270656076356979,-1.586348765674054,0.5458524762895024,0.0,0.0
-2.270656076356979,-1.5241390101574244,0.5362765539144252,0.0,0.0
-2.270656076356979,-1.461929254640795,0.5272132505316953,0.0,0.0
-2.270656076356979,-1.3997194991241653,0.5186514717239222,0.0,0.0
-2.270656076356979,-1.3375097436075358,0.5105789202402556,0.0,0.0
-2.270656076356979,-1.2752999880909062,0.5029825507030113,0.0,0.0
-2.270656076356979,-1.2130902325742767,0.49584893434404487,0.0,0.0
-2.270656076356979,-1.150880477057647,0.4891645489361638,0.0,0.0
-2.270656076356979,-1.0886707215410176,0.48291600704594634,0.0,0.0
-2.270656076356979,-1.0264609660243877,0.4770902338187184,0.0,0.0
-2.270656076356979,-0.9642512105077583,0.47167460376905124,0.0,0.0
-2.270656076356979,-0.9020414549911289,0.4666570445132056,0.0,0.0
-2.270656076356979,-0.8398316994744994,0.46202611404514543,0.0,0.0
-2.270656076356979,-0.7776219439578695,0.4577710570146264,0.0,0.0
-2.270656076356979,-0.7154121884412401,0.4538818444975682,0.0,0.0
-2.270656076356979,-0.6532024329246107,0.4503492009357292,0.0,0.0
-2.270656076356979,-0.5909926774079808,0.44716462124449247,0.0,0.0
-2.270656076356979,-0.5287829218913513,0.44432038052501605,0.0,0.0
-2.270656076356979,-0.4665731663747219,0.44180953835237285,0.0,0.0
-2.270656076356979,-0.40436341085809246,0.4396259392287888,0.0,0.0
-2.270656076356979,-0.3421536553414626,0.4377642104767793,0.0,0.0
-2.270656076356979,-0.27994389982483314,0.43621975858889905,0.0,0.0
-2.270656076356979,-0.2177341443082037,0.4349887648386458,0.0,0.0
-2.270656076356979,-0.15552438879157382,0.4340681807819818,0.0,0.0
-2.270656076356979,-0.09331463327494438,0.43345572413344674,0.0,0.0
-2.270656076356979,-0.03110487775831494,0.43314987537844846,0.0,0.0
-2.270656076356979,0.031104877758314498,0.43314987537844846,0.0,0.0
-2.270656076356979,0.09331463327494438,0.43345572413344674,0.0,0.0
-2.270656076356979,0.15552438879157382,0.4340681807819818,0.0,0.0
-2.270656076356979,0.21773414430820326,0.4349887648386458,0.0,0.0
-2.270656076356979,0.2799438998248327,0.43621975858889905,0.0,0.0
-2.270656076356979,0.3421536553414626,0.4377642104767793,0.0,0.0
-2.270656076356979,0.404363410858092,0.4396259392287888,0.0,0.0
-2.270656076356979,0.46657316637472146,0.4418095383523729,0.0,0.0
-2.270656076356979,0.5287829218913513,0.44432038052501605,0.0,0.0
-2.270656076356979,0.5909926774079808,0.44716462124449247,0.0,0.0
-2.270656076356979,0.6532024329246102,0.45034920093572917,0.0,0.0
-2.270656076356979,0.7154121884412397,0.45388184449756813,0.0,0.0
-2.270656076356979,0.7776219439578695,0.4577710570146264,0.0,0.0
-2.270656076356979,0.839831699474499,0.4620261140451453,0.0,0.0
-2.270656076356979,0.9020414549911289,0.4666570445132056,0.0,0.0
-2.270656076356979,0.9642512105077579,0.4716746037690511,0.0,0.0
-2.270656076356979,1.0264609660243877,0.4770902338187184,0.0,0.0
-2.270656076356979,1.0886707215410176,0.48291600704594634,0.0,0.0
-2.270656076356979,1.1508804770576466,0.4891645489361638,0.0,0.0
-2.270656076356979,1.2130902325742765,0.49584893434404487,0.0,0.0
-2.270656076356979,1.2752999880909055,0.5029825507030113,0.0,0.0
-2.270656076356979,1.3375097436075354,0.5105789202402556,0.0,0.0
-2.270656076356979,1.3997194991241653,0.5186514717239222,0.0,0.0
-2.270656076356979,1.4619292546407943,0.5272132505316952,0.0,0.0
-2.270656076356979,1.5241390101574241,0.5362765539144252,0.0,0.0
-2.270656076356979,1.586348765674054,0.5458524762895024,0.0,0.0
-2.270656076356979,1.648558521190683,0.5559503473411721,0.0,0.0
-2.270656076356979,1.710768276707313,0.566577043806522,0.0,0.0
-2.270656076356979,1.7729780322239428,0.5777361543674413,0.0,0.0
-2.270656076356979,1.8351877877405718,0.5894269764725476,0.0,0.0
-2.270656076356979,1.8973975432572017,0.6016433247862382,0.0,0.0
-2.270656076356979,1.9596072987738316,0.6143721341433224,0.0,0.0
-2.270656076356979,2.0218170542904605,0.6275918464855516,0.0,0.0
-2.270656076356979,2.0840268098070904,0.6412705826620764,0.0,0.0
-2.270656076356979,2.1462365653237194,0.6553641178216357,0.0,0.0
-2.270656076356979,2.2084463208403493,0.6698137051419897,0.0,0.0
-2.270656076356979,2.270656076356979,0.6845438283633204,0.0,0.0
-2.270656076356979,2.332865831873608,0.6994600098228677,0.0,0.0
-2.270656076356979,2.395075587390238,0.7144468567021034,0.0,0.0
-2.270656076356979,2.457285342906868,0.7293665906529101,0.0,0.0
-2.270656076356979,2.519495098423497,0.7440583676651744,0.0,0.0
-2.270656076356979,2.581704853940127,0.7583387438511273,0.0,0.0
-2.270656076356979,2.6439146094567567,0.7720036614245782,0.0,0.0
-2.270656076356979,2.7061243649733857,0.7848322963883715,0.0,0.0
-2.270656076356979,2.7683341204900156,0.7965930042552075,0.0,0.0
-2.270656076356979,2.8305438760066455,0.8070514084917532,0.0,0.0
-2.270656076356979,2.8927536315232745,0.8159804004501616,0.0,0.0
-2.270656076356979,2.9549633870399044,0.8231714863628847,0.0,0.0
-2.270656076356979,3.0171731425565333,0.8284465821377235,0.0,0.0
-2.270656076356979,3.0793828980731632,0.8316690982094709,0.0,0.0
-2.2084463208403498,-3.141592653589793,0.8066353955776383,0.0,0.0
-2.2084463208403498,-3.0793828980731637,0.8056501419689635,0.0,0.0
-2.2084463208403498,-3.017173142556534,0.8027196660126784,0.0,0.0
-2.2084463208403498,-2.9549633870399044,0.7979181132353397,0.0,0.0
-2.2084463208403498,-2.892753631523275,0.7913635844811785,0.0,0.0
-2.2084463208403498,-2.8305438760066455,0.7832106535391321,0.0,0.0
-2.2084463208403498,-2.7683341204900156,0.7736411989207326,0.0,0.0
-2.2084463208403498,-2.706124364973386,0.7628545453808637,0.0,0.0
-2.2084463208403498,-2.6439146094567567,0.7510578501401789,0.0,0.0
-2.2084463208403498,-2.581704853940127,0.7384574826518472,0.0,0.0
-2.2084463208403498,-2.5194950984234974,0.7252518939297696,0.0,0.0
-2.2084463208403498,-2.457285342906868,0.7116262104855035,0.0,0.0
-2.2084463208403498,-2.395075587390238,0.6977485631050371,0.0,0.0
-2.2084463208403498,-2.3328658318736086,0.6837679962368324,0.0,0.0
-2.2084463208403498,-2.270656076356979,0.6698137051419898,0.0,0.0
-2.2084463208403498,-2.2084463208403498,0.6559953074493879,0.0,0.0
-2.2084463208403498,-2.1462365653237203,0.6424038589120832,0.0,0.0
-2.2084463208403498,-2.0840268098070904,0.6291133541514607,0.0,0.0
-2.2084463208403498,-2.021817054290461,0.6161824981844397,0.0,0.0
-2.2084463208403498,-1.9596072987738313,0.6036565832461894,0.0,0.0
-2.2084463208403498,-1.897397543257202,0.5915693512037118,0.0,0.0
-2.2084463208403498,-1.8351877877405722,0.5799447611507902,0.0,0.0
-2.2084463208403498,-1.7729780322239428,0.5687986132750044,0.0,0.0
-2.2084463208403498,-1.7107682767073131,0.5581400039157774,0.0,0.0
-2.2084463208403498,-1.6485585211906835,0.5479726037882371,0.0,0.0
-2.2084463208403498,-1.586348765674054,0.538295762848071,0.0,0.0
-2.2084463208403498,-1.5241390101574244,0.5291054524663987,0.0,0.0
-2.2084463208403498,-1.461929254640795,0.5203950595971788,0.0,0.0
-2.2084463208403498,-1.3997194991241653,0.5121560493908822,0.0,0.0
-2.2084463208403498,-1.3375097436075358,0.5043785129749689,0.0,0.0
-2.2084463208403498,-1.2752999880909062,0.4970516164387964,0.0,0.0
-2.2084463208403498,-1.2130902325742767,0.490163965828484,0.0,0.0
-2.2084463208403498,-1.150880477057647,0.4837039014541426,0.0,0.0
-2.2084463208403498,-1.0886707215410176,0.47765973322303534,0.0,0.0
-2.2084463208403498,-1.0264609660243877,0.47201992715484925,0.0,0.0
-2.2084463208403498,-0.9642512105077583,0.4667732517783596,0.0,0.0
-2.2084463208403498,-0.9020414549911289,0.46190889178825384,0.0,0.0
-2.2084463208403498,-0.8398316994744994,0.4574165351708969,0.0,0.0
-2.2084463208403498,-0.7776219439578695,0.4532864389885585,0.0,0.0
-2.2084463208403498,-0.7154121884412401,0.44950947813517395,0.0,0.0
-2.2084463208403498,-0.6532024329246107,0.44607718063062146,0.0,0.0
-2.2084463208403498,-0.5909926774079808,0.4429817523904518,0.0,0.0
-2.2084463208403498,-0.5287829218913513,0.4402160938792625,0.0,0.0
-2.2084463208403498,-0.4665731663747219,0.43777381061430914,0.0,0.0
-2.2084463208403498,-0.40436341085809246,0.43564921911842236,0.0,0.0
-2.2084463208403498,-0.3421536553414626,0.4338373496160507,0.0,0.0
-2.2084463208403498,-0.27994389982483314,0.43233394651288126,0.0,0.0
-2.2084463208403498,-0.2177341443082037,0.4311354674888763,0.0,0.0
-2.2084463208403498,-0.15552438879157382,0.4302390818588026,0.0,0.0
-2.2084463208403498,-0.09331463327494438,0.4296426687065357,0.0,0.0
-2.2084463208403498,-0.03110487775831494,0.4293448151736343,0.0,0.0
-2.2084463208403498,0.031104877758314498,0.4293448151736343,0.0,0.0
-2.2084463208403498,0.09331463327494438,0.4296426687065357,0.0,0.0
-2.2084463208403498,0.15552438879157382,0.4302390818588026,0.0,0.0
-2.2084463208403498,0.21773414430820326,0.4311354674888763,0.0,0.0
-2.2084463208403498,0.2799438998248327,0.43233394651288115,0.0,0.0
-2.2084463208403498,0.3421536553414626,0.4338373496160507,0.0,0.0
-2.2084463208403498,0.404363410858092,0.43564921911842236,0.0,0.0
-2.2084463208403498,0.46657316637472146,0.43777381061430914,0.0,0.0
-2.2084463208403498,0.5287829218913513,0.4402160938792625,0.0,0.0
-2.2084463208403498,0.5909926774079808,0.4429817523904518,0.0,0.0
-2.2084463208403498,0.6532024329246102,0.4460771806306214,0.0,0.0
-2.2084463208403498,0.7154121884412397,0.4495094781351739,0.0,0.0
-2.2084463208403498,0.7776219439578695,0.4532864389885585,0.0,0.0
-2.2084463208403498,0.839831699474499,0.4574165351708969,0.0,0.0
-2.2084463208403498,0.9020414549911289,0.46190889178825384,0.0,0.0
-2.2084463208403498,0.9642512105077579,0.4667732517783595,0.0,0.0
-2.2084463208403498,1.0264609660243877,0.47201992715484925,0.0,0.0
-2.2084463208403498,1.0886707215410176,0.47765973322303534,0.0,0.0
-2.2084463208403498,1.1508804770576466,0.4837039014541426,0.0,0.0
-2.2084463208403498,1.2130902325742765,0.490163965828484,0.0,0.0
-2.2084463208403498,1.2752999880909055,0.4970516164387964,0.0,0.0
-2.2084463208403498,1.3375097436075354,0.5043785129749689,0.0,0.0
-2.2084463208403498,1.3997194991241653,0.5121560493908822,0.0,0.0
-2.2084463208403498,1.4619292546407943,0.5203950595971787,0.0,0.0
-2.2084463208403498,1.5241390101574241,0.5291054524663987,0.0,0.0
-2.2084463208403498,1.586348765674054,0.538295762848071,0.0,0.0
-2.2084463208403498,1.648558521190683,0.547972603788237,0.0,0.0
-2.2084463208403498,1.710768276707313,0.5581400039157774,0.0,0.0
-2.2084463208403498,1.7729780322239428,0.5687986132750044,0.0,0.0
-2.2084463208403498,1.8351877877405718,0.5799447611507902,0.0,0.0
-2.2084463208403498,1.8973975432572017,0.5915693512037118,0.0,0.0
-2.2084463208403498,1.9596072987738316,0.6036565832461894,0.0,0.0
-2.2084463208403498,2.0218170542904605,0.6161824981844396,0.0,0.0
-2.2084463208403498,2.0840268098070904,0.6291133541514607,0.0,0.0
-2.2084463208403498,2.1462365653237194,0.6424038589120831,0.0,0.0
-2.2084463208403498,2.2084463208403493,0.6559953074493878,0.0,0.0
-2.2084463208403498,2.270656076356979,0.6698137051419898,0.0,0.0
-2.2084463208403498,2.332865831873608,0.6837679962368324,0.0,0.0
-2.2084463208403498,2.395075587390238,0.6977485631050371,0.0,0.0
-2.2084463208403498,2.457285342906868,0.7116262104855035,0.0,0.0
-2.2084463208403498,2.519495098423497,0.7252518939297694,0.0,0.0
-2.2084463208403498,2.581704853940127,0.7384574826518472,0.0,0.0
-2.2084463208403498,2.6439146094567567,0.7510578501401789,0.0,0.0
-2.2084463208403498,2.7061243649733857,0.7628545453808636,0.0,0.0
-2.2084463208403498,2.7683341204900156,0.7736411989207326,0.0,0.0
-2.2084463208403498,2.8305438760066455,0.7832106535391321,0.0,0.0
-2.2084463208403498,2.8927536315232745,0.7913635844811785,0.0,0.0
-2.2084463208403498,2.9549633870399044,0.7979181132353397,0.0,0.0
-2.2084463208403498,3.0171731425565333,0.8027196660126784,0.0,0.0
-2.2084463208403498,3.0793828980731632,0.8056501419689635,0.0,0.0
-2.1462365653237203,-3.141592653589793,0.7817584121545914,0.0,0.0
-2.1462365653237203,-3.0793828980731637,0.7808614333017504,0.0,0.0
-2.1462365653237203,-3.017173142556534,0.778192338209542,0.0,0.0
-2.1462365653237203,-2.9549633870399044,0.7738152535288524,0.0,0.0
-2.1462365653237203,-2.892753631523275,0.7678325698349961,0.0,0.0
-2.1462365653237203,-2.8305438760066455,0.7603787786151135,0.0,0.0
-2.1462365653237203,-2.7683341204900156,0.7516128663512758,0.0,0.0
-2.1462365653237203,-2.706124364973386,0.7417100562481438,0.0,0.0
-2.1462365653237203,-2.6439146094567567,0.7308536537883293,0.0,0.0
-2.1462365653237203,-2.581704853940127,0.7192276186141079,0.0,0.0
-2.1462365653237203,-2.5194950984234974,0.7070102944206533,0.0,0.0
-2.1462365653237203,-2.457285342906868,0.6943695244974555,0.0,0.0
-2.1462365653237203,-2.395075587390238,0.6814591982643681,0.0,0.0
-2.1462365653237203,-2.3328658318736086,0.6684171345858924,0.0,0.0
-2.1462365653237203,-2.270656076356979,0.6553641178216361,0.0,0.0
-2.1462365653237203,-2.2084463208403498,0.6424038589120832,0.0,0.0
-2.1462365653237203,-2.1462365653237203,0.629623646677693,0.0,0.0
-2.1462365653237203,-2.0840268098070904,0.6170954722902909,0.0,0.0
-2.1462365653237203,-2.021817054290461,0.6048774417198465,0.0,0.0
-2.1462365653237203,-1.9596072987738313,0.5930153282843804,0.0,0.0
-2.1462365653237203,-1.897397543257202,0.5815441543143781,0.0,0.0
-2.1462365653237203,-1.8351877877405722,0.5704897238800555,0.0,0.0
-2.1462365653237203,-1.7729780322239428,0.5598700558899656,0.0,0.0
-2.1462365653237203,-1.7107682767073131,0.5496966883048504,0.0,0.0
-2.1462365653237203,-1.6485585211906835,0.5399758401410764,0.0,0.0
-2.1462365653237203,-1.586348765674054,0.5307094291636648,0.0,0.0
-2.1462365653237203,-1.5241390101574244,0.5218959506111391,0.0,0.0
-2.1462365653237203,-1.461929254640795,0.5135312268409309,0.0,0.0
-2.1462365653237203,-1.3997194991241653,0.5056090402107285,0.0,0.0
-2.1462365653237203,-1.3375097436075358,0.4981216624530712,0.0,0.0
-2.1462365653237203,-1.2752999880909062,0.4910602937526552,0.0,0.0
-2.1462365653237203,-1.2130902325742767,0.4844154240685544,0.0,0.0
-2.1462365653237203,-1.150880477057647,0.47817712822379566,0.0,0.0
-2.1462365653237203,-1.0886707215410176,0.47233530509788035,0.0,0.0
-2.1462365653237203,-1.0264609660243877,0.46687987002747255,0.0,0.0
-2.1462365653237203,-0.9642512105077583,0.46180090832482956,0.0,0.0
-2.1462365653237203,-0.9020414549911289,0.45708879670860847,0.0,0.0
-2.1462365653237203,-0.8398316994744994,0.4527342984312391,0.0,0.0
-2.1462365653237203,-0.7776219439578695,0.44872863699009696,0.0,0.0
-2.1462365653237203,-0.7154121884412401,0.44506355252581625,0.0,0.0
-2.1462365653237203,-0.6532024329246107,0.44173134433416855,0.0,0.0
-2.1462365653237203,-0.5909926774079808,0.4387249023388181,0.0,0.0
-2.1462365653237203,-0.5287829218913513,0.43603772988039846,0.0,0.0
-2.1462365653237203,-0.4665731663747219,0.4336639597618759,0.0,0.0
-2.1462365653237203,-0.40436341085809246,0.43159836514060396,0.0,0.0
-2.1462365653237203,-0.3421536553414626,0.42983636656404506,0.0,0.0
-2.1462365653237203,-0.27994389982483314,0.42837403620000336,0.0,0.0
-2.1462365653237203,-0.2177341443082037,0.4272081001054372,0.0,0.0
-2.1462365653237203,-0.15552438879157382,0.4263359392035024,0.0,0.0
-2.1462365653237203,-0.09331463327494438,0.4257555894902252,0.0,0.0
-2.1462365653237203,-0.03110487775831494,0.42546574186465635,0.0,0.0
-2.1462365653237203,0.031104877758314498,0.42546574186465635,0.0,0.0
-2.1462365653237203,0.09331463327494438,0.4257555894902252,0.0,0.0
-2.1462365653237203,0.15552438879157382,0.4263359392035024,0.0,0.0
-2.1462365653237203,0.21773414430820326,0.4272081001054372,0.0,0.0
-2.1462365653237203,0.2799438998248327,0.42837403620000336,0.0,0.0
-2.1462365653237203,0.3421536553414626,0.42983636656404506,0.0,0.0
-2.1462365653237203,0.404363410858092,0.4315983651406039,0.0,0.0
-2.1462365653237203,0.46657316637472146,0.433663959761876,0.0,0.0
-2.1462365653237203,0.5287829218913513,0.43603772988039846,0.0,0.0
-2.1462365653237203,0.5909926774079808,0.4387249023388181,0.0,0.0
-2.1462365653237203,0.6532024329246102,0.44173134433416844,0.0,0.0
-2.1462365653237203,0.7154121884412397,0.44506355252581625,0.0,0.0
-2.1462365653237203,0.7776219439578695,0.44872863699009696,0.0,0.0
-2.1462365653237203,0.839831699474499,0.4527342984312391,0.0,0.0
-2.1462365653237203,0.9020414549911289,0.45708879670860847,0.0,0.0
-2.1462365653237203,0.9642512105077579,0.46180090832482956,0.0,0.0
-2.1462365653237203,1.0264609660243877,0.46687987002747255,0.0,0.0
-2.1462365653237203,1.0886707215410176,0.47233530509788035,0.0,0.0
-2.1462365653237203,1.1508804770576466,0.47817712822379566,0.0,0.0
-2.1462365653237203,1.2130902325742765,0.4844154240685543,0.0,0.0
-2.1462365653237203,1.2752999880909055,0.49106029375265514,0.0,0.0
-2.1462365653237203,1.3375097436075354,0.4981216624530711,0.0,0.0
-2.1462365653237203,1.3997194991241653,0.5056090402107285,0.0,0.0
-2.1462365653237203,1.4619292546407943,0.5135312268409309,0.0,0.0
-2.1462365653237203,1.5241390101574241,0.5218959506111391,0.0,0.0
-2.1462365653237203,1.586348765674054,0.5307094291636648,0.0,0.0
-2.1462365653237203,1.648558521190683,0.5399758401410764,0.0,0.0
-2.1462365653237203,1.710768276707313,0.5496966883048503,0.0,0.0
-2.1462365653237203,1.7729780322239428,0.5598700558899656,0.0,0.0
-2.1462365653237203,1.8351877877405718,0.5704897238800554,0.0,0.0
-2.1462365653237203,1.8973975432572017,0.581544154314378,0.0,0.0
-2.1462365653237203,1.9596072987738316,0.5930153282843804,0.0,0.0
-2.1462365653237203,2.0218170542904605,0.6048774417198465,0.0,0.0
-2.1462365653237203,2.0840268098070904,0.6170954722902909,0.0,0.0
-2.1462365653237203,2.1462365653237194,0.6296236466776929,0.0,0.0
-2.1462365653237203,2.2084463208403493,0.6424038589120832,0.0,0.0
-2.1462365653237203,2.270656076356979,0.6553641178216361,0.0,0.0
-2.1462365653237203,2.332865831873608,0.6684171345858922,0.0,0.0
-2.1462365653237203,2.395075587390238,0.6814591982643681,0.0,0.0
-2.1462365653237203,2.457285342906868,0.6943695244974555,0.0,0.0
-2.1462365653237203,2.519495098423497,0.7070102944206533,0.0,0.0
-2.1462365653237203,2.581704853940127,0.7192276186141079,0.0,0.0
-2.1462365653237203,2.6439146094567567,0.7308536537883293,0.0,0.0
-2.1462365653237203,2.7061243649733857,0.7417100562481436,0.0,0.0
-2.1462365653237203,2.7683341204900156,0.7516128663512758,0.0,0.0
-2.1462365653237203,2.8305438760066455,0.7603787786151135,0.0,0.0
-2.1462365653237203,2.8927536315232745,0.767832569834996,0.0,0.0
-2.1462365653237203,2.9549633870399044,0.7738152535288524,0.0,0.0
-2.1462365653237203,3.0171731425565333,0.778192338209542,0.0,0.0
-2.1462365653237203,3.0793828980731632,0.7808614333017504,0.0,0.0
-2.0840268098070904,-3.141592653589793,0.7581560553157345,0.0,0.0
-2.0840268098070904,-3.0793828980731637,0.7573378076472603,0.0,0.0
-2.0840268098070904,-3.017173142556534,0.7549019996368321,0.0,0.0
-2.0840268098070904,-2.9549633870399044,0.750904287399014,0.0,0.0
-2.0840268098070904,-2.892753631523275,0.7454337356992019,0.0,0.0
-2.0840268098070904,-2.8305438760066455,0.7386077189811392,0.0,0.0
-2.0840268098070904,-2.7683341204900156,0.7305655869076145,0.0,0.0
-2.0840268098070904,-2.706124364973386,0.7214617249328078,0.0,0.0
-2.0840268098070904,-2.6439146094567567,0.7114586232026134,0.0,0.0
-2.0840268098070904,-2.581704853940127,0.7007204712066585,0.0,0.0
-2.0840268098070904,-2.5194950984234974,0.6894076514444208,0.0,0.0
-2.0840268098070904,-2.457285342906868,0.6776723458307234,0.0,0.0
-2.0840268098070904,-2.395075587390238,0.6656553211575252,0.0,0.0
-2.0840268098070904,-2.3328658318736086,0.6534838424226476,0.0,0.0
-2.0840268098070904,-2.270656076356979,0.6412705826620764,0.0,0.0
-2.0840268098070904,-2.2084463208403498,0.6291133541514607,0.0,0.0
-2.0840268098070904,-2.1462365653237203,0.6170954722902909,0.0,0.0
-2.0840268098070904,-2.0840268098070904,0.6052865717324974,0.0,0.0
-2.0840268098070904,-2.021817054290461,0.5937437159964964,0.0,0.0
-2.0840268098070904,-1.9596072987738313,0.582512669852249,0.0,0.0
-2.0840268098070904,-1.897397543257202,0.5716292330975745,0.0,0.0
-2.0840268098070904,-1.8351877877405722,0.5611205616052327,0.0,0.0
-2.0840268098070904,-1.7729780322239428,0.5510064249809574,0.0,0.0
-2.0840268098070904,-1.7107682767073131,0.5413003691700198,0.0,0.0
-2.0840268098070904,-1.6485585211906835,0.5320107669561259,0.0,0.0
-2.0840268098070904,-1.586348765674054,0.5231417499849701,0.0,0.0
-2.0840268098070904,-1.5241390101574244,0.5146940233654972,0.0,0.0
-2.0840268098070904,-1.461929254640795,0.5066655687350077,0.0,0.0
-2.0840268098070904,-1.3997194991241653,0.49905224454711095,0.0,0.0
-2.0840268098070904,-1.3375097436075358,0.49184829378975786,0.0,0.0
-2.0840268098070904,-1.2752999880909062,0.4850467697969854,0.0,0.0
-2.0840268098070904,-1.2130902325742767,0.4786398906174301,0.0,0.0
-2.0840268098070904,-1.150880477057647,0.4726193317948148,0.0,0.0
-2.0840268098070904,-1.0886707215410176,0.4669764665802622,0.0,0.0
-2.0840268098070904,-1.0264609660243877,0.461702561658331,0.0,0.0
-2.0840268098070904,-0.9642512105077583,0.4567889355114481,0.0,0.0
-2.0840268098070904,-0.9020414549911289,0.45222708562366304,0.0,0.0
-2.0840268098070904,-0.8398316994744994,0.4480087898653719,0.0,0.0
-2.0840268098070904,-0.7776219439578695,0.444126186621687,0.0,0.0
-2.0840268098070904,-0.7154121884412401,0.4405718375342274,0.0,0.0
-2.0840268098070904,-0.6532024329246107,0.4373387761185324,0.0,0.0
-2.0840268098070904,-0.5909926774079808,0.43442054499236155,0.0,0.0
-2.0840268098070904,-0.5287829218913513,0.4318112239969929,0.0,0.0
-2.0840268098070904,-0.4665731663747219,0.4295054511063985,0.0,0.0
-2.0840268098070904,-0.40436341085809246,0.4274984376897862,0.0,0.0
-2.0840268098070904,-0.3421536553414626,0.42578597941356483,0.0,0.0
-2.0840268098070904,-0.27994389982483314,0.42436446383195503,0.0,0.0
-2.0840268098070904,-0.2177341443082037,0.42323087551445904,0.0,0.0
-2.0840268098070904,-0.15552438879157382,0.4223827993871036,0.0,0.0
-2.0840268098070904,-0.09331463327494438,0.42181842281728577,0.0,0.0
-2.0840268098070904,-0.03110487775831494,0.4215365368442487,0.0,0.0
-2.0840268098070904,0.031104877758314498,0.4215365368442487,0.0,0.0
-2.0840268098070904,0.09331463327494438,0.42181842281728577,0.0,0.0
-2.0840268098070904,0.15552438879157382,0.4223827993871036,0.0,0.0
-2.0840268098070904,0.21773414430820326,0.42323087551445904,0.0,0.0
-2.0840268098070904,0.2799438998248327,0.42436446383195503,0.0,0.0
-2.0840268098070904,0.3421536553414626,0.42578597941356483,0.0,0.0
-2.0840268098070904,0.404363410858092,0.4274984376897862,0.0,0.0
-2.0840268098070904,0.46657316637472146,0.4295054511063985,0.0,0.0
-2.0840268098070904,0.5287829218913513,0.4318112239969929,0.0,0.0
-2.0840268098070904,0.5909926774079808,0.43442054499236155,0.0,0.0
-2.0840268098070904,0.6532024329246102,0.4373387761185323,0.0,0.0
-2.0840268098070904,0.7154121884412397,0.4405718375342274,0.0,0.0
-2.0840268098070904,0.7776219439578695,0.444126186621687,0.0,0.0
-2.0840268098070904,0.839831699474499,0.4480087898653719,0.0,0.0
-2.0840268098070904,0.9020414549911289,0.45222708562366304,0.0,0.0
-2.0840268098070904,0.9642512105077579,0.45678893551144806,0.0,0.0
-2.0840268098070904,1.0264609660243877,0.461702561658331,0.0,0.0
-2.0840268098070904,1.0886707215410176,0.4669764665802622,0.0,0.0
-2.0840268098070904,1.1508804770576466,0.4726193317948148,0.0,0.0
-2.0840268098070904,1.2130902325742765,0.47863989061743006,0.0,0.0
-2.0840268098070904,1.2752999880909055,0.48504676979698536,0.0,0.0
-2.0840268098070904,1.3375097436075354,0.4918482937897578,0.0,0.0
-2.0840268098070904,1.3997194991241653,0.49905224454711095,0.0,0.0
-2.0840268098070904,1.4619292546407943,0.5066655687350076,0.0,0.0
-2.0840268098070904,1.5241390101574241,0.5146940233654971,0.0,0.0
-2.0840268098070904,1.586348765674054,0.5231417499849701,0.0,0.0
-2.0840268098070904,1.648558521190683,0.5320107669561259,0.0,0.0
-2.0840268098070904,1.710768276707313,0.5413003691700198,0.0,0.0
-2.0840268098070904,1.7729780322239428,0.5510064249809574,0.0,0.0
-2.0840268098070904,1.8351877877405718,0.5611205616052327,0.0,0.0
-2.0840268098070904,1.8973975432572017,0.5716292330975745,0.0,0.0
-2.0840268098070904,1.9596072987738316,0.582512669852249,0.0,0.0
-2.0840268098070904,2.0218170542904605,0.5937437159964962,0.0,0.0
-2.0840268098070904,2.0840268098070904,0.6052865717324974,0.0,0.0
-2.0840268098070904,2.1462365653237194,0.6170954722902908,0.0,0.0
-2.0840268098070904,2.2084463208403493,0.6291133541514606,0.0,0.0
-2.0840268098070904,2.270656076356979,0.6412705826620764,0.0,0.0
-2.0840268098070904,2.332865831873608,0.6534838424226475,0.0,0.0
-2.0840268098070904,2.395075587390238,0.6656553211575252,0.0,0.0
-2.0840268098070904,2.457285342906868,0.6776723458307234,0.0,0.0
-2.0840268098070904,2.519495098423497,0.6894076514444208,0.0,0.0
-2.0840268098070904,2.581704853940127,0.7007204712066585,0.0,0.0
-2.0840268098070904,2.6439146094567567,0.7114586232026134,0.0,0.0
-2.0840268098070904,2.7061243649733857,0.7214617249328077,0.0,0.0
-2.0840268098070904,2.7683341204900156,0.7305655869076145,0.0,0.0
-2.0840268098070904,2.8305438760066455,0.7386077189811392,0.0,0.0
-2.0840268098070904,2.8927536315232745,0.7454337356992019,0.0,0.0
-2.0840268098070904,2.9549633870399044,0.750904287399014,0.0,0.0
-2.0840268098070904,3.0171731425565333,0.7549019996368321,0.0,0.0
-2.0840268098070904,3.0793828980731632,0.7573378076472603,0.0,0.0
-2.021817054290461,-3.141592653589793,0.7358330994463576,0.0,0.0
-2.021817054290461,-3.0793828980731637,0.735084951149742,0.0,0.0
-2.021817054290461,-3.017173142556534,0.7328569883007804,0.0,0.0
-2.021817054290461,-2.9549633870399044,0.7291977073711092,0.0,0.0
-2.021817054290461,-2.892753631523275,0.724184875690605,0.0,0.0
-2.021817054290461,-2.8305438760066455,0.7179212911634483,0.0,0.0
-2.021817054290461,-2.7683341204900156,0.7105294824778994,0.0,0.0
-2.021817054290461,-2.706124364973386,0.7021458553867228,0.0,0.0
-2.021817054290461,-2.6439146094567567,0.6929147843770973,0.0,0.0
-2.021817054290461,-2.581704853940127,0.6829830803698246,0.0,0.0
-2.021817054290461,-2.5194950984234974,0.6724951559243647,0.0,0.0
-2.021817054290461,-2.457285342906868,0.6615890845129523,0.0,0.0
-2.021817054290461,-2.395075587390238,0.6503936313325749,0.0,0.0
-2.021817054290461,-2.3328658318736086,0.6390262346949317,0.0,0.0
-2.021817054290461,-2.270656076356979,0.6275918464855518,0.0,0.0
-2.021817054290461,-2.2084463208403498,0.6161824981844397,0.0,0.0
-2.021817054290461,-2.1462365653237203,0.6048774417198465,0.0,0.0
-2.021817054290461,-2.0840268098070904,0.5937437159964964,0.0,0.0
-2.021817054290461,-2.021817054290461,0.582837003893436,0.0,0.0
-2.021817054290461,-1.9596072987738313,0.572202665194337,0.0,0.0
-2.021817054290461,-1.897397543257202,0.5618768539103528,0.0,0.0
-2.021817054290461,-1.8351877877405722,0.5518876507864336,0.0,0.0
-2.021817054290461,-1.7729780322239428,0.5422561616749995,0.0,0.0
-2.021817054290461,-1.7107682767073131,0.5329975490903167,0.0,0.0
-2.021817054290461,-1.6485585211906835,0.5241219774494923,0.0,0.0
-2.021817054290461,-1.586348765674054,0.5156354624870808,0.0,0.0
-2.021817054290461,-1.5241390101574244,0.5075406225311638,0.0,0.0
-2.021817054290461,-1.461929254640795,0.49983733425393206,0.0,0.0
-2.021817054290461,-1.3997194991241653,0.49252329865516903,0.0,0.0
-2.021817054290461,-1.3375097436075358,0.48559452484560656,0.0,0.0
-2.021817054290461,-1.2752999880909062,0.47904574004036904,0.0,0.0
-2.021817054290461,-1.2130902325742767,0.47287073434775684,0.0,0.0
-2.021817054290461,-1.150880477057647,0.46706264867404923,0.0,0.0
-2.021817054290461,-1.0886707215410176,0.4616142135308605,0.0,0.0
-2.021817054290461,-1.0264609660243877,0.45651794585016053,0.0,0.0
-2.021817054290461,-0.9642512105077583,0.45176631016839724,0.0,0.0
-2.021817054290461,-0.9020414549911289,0.44735184979195375,0.0,0.0
-2.021817054290461,-0.8398316994744994,0.4432672928373758,0.0,0.0
-2.021817054290461,-0.7776219439578695,0.4395056373724008,0.0,0.0
-2.021817054290461,-0.7154121884412401,0.43606021927847516,0.0,0.0
-2.021817054290461,-0.6532024329246107,0.43292476591577217,0.0,0.0
-2.021817054290461,-0.5909926774079808,0.43009343819685847,0.0,0.0
-2.021817054290461,-0.5287829218913513,0.42756086326144394,0.0,0.0
-2.021817054290461,-0.4665731663747219,0.4253221595868816,0.0,0.0
-2.021817054290461,-0.40436341085809246,0.4233729560613456,0.0,0.0
-2.021817054290461,-0.3421536553414626,0.4217094062827652,0.0,0.0
-2.021817054290461,-0.27994389982483314,0.4203281991206616,0.0,0.0
-2.021817054290461,-0.2177341443082037,0.41922656638434325,0.0,0.0
-2.021817054290461,-0.15552438879157382,0.41840228827422365,0.0,0.0
-2.021817054290461,-0.09331463327494438,0.4178536971485052,0.0,0.0
-2.021817054290461,-0.03110487775831494,0.4175796800107321,0.0,0.0
-2.021817054290461,0.031104877758314498,0.4175796800107321,0.0,0.0
-2.021817054290461,0.09331463327494438,0.4178536971485052,0.0,0.0
-2.021817054290461,0.15552438879157382,0.41840228827422365,0.0,0.0
-2.021817054290461,0.21773414430820326,0.41922656638434325,0.0,0.0
-2.021817054290461,0.2799438998248327,0.42032819912066155,0.0,0.0
-2.021817054290461,0.3421536553414626,0.4217094062827652,0.0,0.0
-2.021817054290461,0.404363410858092,0.4233729560613455,0.0,0.0
-2.021817054290461,0.46657316637472146,0.4253221595868816,0.0,0.0
-2.021817054290461,0.5287829218913513,0.42756086326144394,0.0,0.0
-2.021817054290461,0.5909926774079808,0.43009343819685847,0.0,0.0
-2.021817054290461,0.6532024329246102,0.43292476591577217,0.0,0.0
-2.021817054290461,0.7154121884412397,0.4360602192784751,0.0,0.0
-2.021817054290461,0.7776219439578695,0.4395056373724008,0.0,0.0
-2.021817054290461,0.839831699474499,0.44326729283737576,0.0,0.0
-2.021817054290461,0.9020414549911289,0.44735184979195375,0.0,0.0
-2.021817054290461,0.9642512105077579,0.45176631016839713,0.0,0.0
-2.021817054290461,1.0264609660243877,0.45651794585016053,0.0,0.0
-2.021817054290461,1.0886707215410176,0.4616142135308605,0.0,0.0
-2.021817054290461,1.1508804770576466,0.46706264867404923,0.0,0.0
-2.021817054290461,1.2130902325742765,0.4728707343477568,0.0,0.0
-2.021817054290461,1.2752999880909055,0.47904574004036893,0.0,0.0
-2.021817054290461,1.3375097436075354,0.48559452484560645,0.0,0.0
-2.021817054290461,1.3997194991241653,0.49252329865516903,0.0,0.0
-2.021817054290461,1.4619292546407943,0.49983733425393195,0.0,0.0
-2.021817054290461,1.5241390101574241,0.5075406225311638,0.0,0.0
-2.021817054290461,1.586348765674054,0.5156354624870808,0.0,0.0
-2.021817054290461,1.648558521190683,0.5241219774494923,0.0,0.0
-2.021817054290461,1.710768276707313,0.5329975490903167,0.0,0.0
-2.021817054290461,1.7729780322239428,0.5422561616749995,0.0,0.0
-2.021817054290461,1.8351877877405718,0.5518876507864335,0.0,0.0
-2.021817054290461,1.8973975432572017,0.5618768539103528,0.0,0.0
-2.021817054290461,1.9596072987738316,0.572202665194337,0.0,0.0
-2.021817054290461,2.0218170542904605,0.5828370038934358,0.0,0.0
-2.021817054290461,2.0840268098070904,0.5937437159964964,0.0,0.0
-2.021817054290461,2.1462365653237194,0.6048774417198464,0.0,0.0
-2.021817054290461,2.2084463208403493,0.6161824981844396,0.0,0.0
-2.021817054290461,2.270656076356979,0.6275918464855518,0.0,0.0
-2.021817054290461,2.332865831873608,0.6390262346949317,0.0,0.0
-2.021817054290461,2.395075587390238,0.6503936313325749,0.0,0.0
-2.021817054290461,2.457285342906868,0.6615890845129523,0.0,0.0
-2.021817054290461,2.519495098423497,0.6724951559243646,0.0,0.0
-2.021817054290461,2.581704853940127,0.6829830803698246,0.0,0.0
-2.021817054290461,2.6439146094567567,0.6929147843770973,0.0,0.0
-2.021817054290461,2.7061243649733857,0.7021458553867227,0.0,0.0
-2.021817054290461,2.7683341204900156,0.7105294824778994,0.0,0.0
-2.021817054290461,2.8305438760066455,0.7179212911634483,0.0,0.0
-2.021817054290461,2.8927536315232745,0.724184875690605,0.0,0.0
-2.021817054290461,2.9549633870399044,0.7291977073711092,0.0,0.0
-2.021817054290461,3.0171731425565333,0.7328569883007803,0.0,0.0
-2.021817054290461,3.0793828980731632,0.735084951149742,0.0,0.0
-1.9596072987738313,-3.141592653589793,0.7147730742046386,0.0,0.0
-1.9596072987738313,-3.0793828980731637,0.7140872834191567,0.0,0.0
-1.9596072987738313,-3.017173142556534,0.7120443211740942,0.0,0.0
-1.9596072987738313,-2.9549633870399044,0.7086866280158424,0.0,0.0
-1.9596072987738313,-2.892753631523275,0.7040823889937846,0.0,0.0
-1.9596072987738313,-2.8305438760066455,0.6983219875972134,0.0,0.0
-1.9596072987738313,-2.7683341204900156,0.691513548883212,0.0,0.0
-1.9596072987738313,-2.706124364973386,0.6837779796532533,0.0,0.0
-1.9596072987738313,-2.6439146094567567,0.6752439141085501,0.0,0.0
-1.9596072987738313,-2.581704853940127,0.6660429242680356,0.0,0.0
-1.9596072987738313,-2.5194950984234974,0.656305271499417,0.0,0.0
-1.9596072987738313,-2.457285342906868,0.6461563774504453,0.0,0.0
-1.9596072987738313,-2.395075587390238,0.6357140963869403,0.0,0.0
-1.9596072987738313,-2.3328658318736086,0.6250867887340237,0.0,0.0
-1.9596072987738313,-2.270656076356979,0.6143721341433224,0.0,0.0
-1.9596072987738313,-2.2084463208403498,0.6036565832461894,0.0,0.0
-1.9596072987738313,-2.1462365653237203,0.5930153282843804,0.0,0.0
-1.9596072987738313,-2.0840268098070904,0.582512669852249,0.0,0.0
-1.9596072987738313,-2.021817054290461,0.572202665194337,0.0,0.0
-1.9596072987738313,-1.9596072987738313,0.5621299583511788,0.0,0.0
-1.9596072987738313,-1.897397543257202,0.5523307102535638,0.0,0.0
-1.9596072987738313,-1.8351877877405722,0.5428335649725436,0.0,0.0
-1.9596072987738313,-1.7729780322239428,0.5336606050441468,0.0,0.0
-1.9596072987738313,-1.7107682767073131,0.5248282631960931,0.0,0.0
-1.9596072987738313,-1.6485585211906835,0.5163481695754389,0.0,0.0
-1.9596072987738313,-1.586348765674054,0.5082279227542661,0.0,0.0
-1.9596072987738313,-1.5241390101574244,0.5004717796350266,0.0,0.0
-1.9596072987738313,-1.461929254640795,0.4930812642475698,0.0,0.0
-1.9596072987738313,-1.3997194991241653,0.4860556987086997,0.0,0.0
-1.9596072987738313,-1.3375097436075358,0.4793926616618911,0.0,0.0
-1.9596072987738313,-1.2752999880909062,0.47308838064303016,0.0,0.0
-1.9596072987738313,-1.2130902325742767,0.4671380652869593,0.0,0.0
-1.9596072987738313,-1.150880477057647,0.46153618830478976,0.0,0.0
-1.9596072987738313,-1.0886707215410176,0.4562767208809321,0.0,0.0
-1.9596072987738313,-1.0264609660243877,0.45135332867844113,0.0,0.0
-1.9596072987738313,-0.9642512105077583,0.4467595340856289,0.0,0.0
-1.9596072987738313,-0.9020414549911289,0.4424888497443586,0.0,0.0
-1.9596072987738313,-0.8398316994744994,0.43853488780997346,0.0,0.0
-1.9596072987738313,-0.7776219439578695,0.4348914488290785,0.0,0.0
-1.9596072987738313,-0.7154121884412401,0.4315525935987222,0.0,0.0
-1.9596072987738313,-0.6532024329246107,0.428512700896047,0.0,0.0
-1.9596072987738313,-0.5909926774079808,0.42576651354345224,0.0,0.0
-1.9596072987738313,-0.5287829218913513,0.42330917489980907,0.0,0.0
-1.9596072987738313,-0.4665731663747219,0.4211362575403701,0.0,0.0
-1.9596072987738313,-0.40436341085809246,0.41924378560274933,0.0,0.0
-1.9596072987738313,-0.3421536553414626,0.41762825202911363,0.0,0.0
-1.9596072987738313,-0.27994389982483314,0.4162866317208567,0.0,0.0
-1.9596072987738313,-0.2177341443082037,0.4152163914368457,0.0,0.0
-1.9596072987738313,-0.15552438879157382,0.4144154971054353,0.0,0.0
-1.9596072987738313,-0.09331463327494438,0.41388241907964524,0.0,0.0
-1.9596072987738313,-0.03110487775831494,0.4136161357403434,0.0,0.0
-1.9596072987738313,0.031104877758314498,0.4136161357403434,0.0,0.0
-1.9596072987738313,0.09331463327494438,0.41388241907964524,0.0,0.0
-1.9596072987738313,0.15552438879157382,0.4144154971054353,0.0,0.0
-1.9596072987738313,0.21773414430820326,0.4152163914368457,0.0,0.0
-1.9596072987738313,0.2799438998248327,0.4162866317208566,0.0,0.0
-1.9596072987738313,0.3421536553414626,0.41762825202911363,0.0,0.0
-1.9596072987738313,0.404363410858092,0.4192437856027493,0.0,0.0
-1.9596072987738313,0.46657316637472146,0.42113625754037015,0.0,0.0
-1.9596072987738313,0.5287829218913513,0.42330917489980907,0.0,0.0
-1.9596072987738313,0.5909926774079808,0.42576651354345224,0.0,0.0
-1.9596072987738313,0.6532024329246102,0.4285127008960469,0.0,0.0
-1.9596072987738313,0.7154121884412397,0.43155259359872217,0.0,0.0
-1.9596072987738313,0.7776219439578695,0.4348914488290785,0.0,0.0
-1.9596072987738313,0.839831699474499,0.4385348878099734,0.0,0.0
-1.9596072987738313,0.9020414549911289,0.4424888497443586,0.0,0.0
-1.9596072987738313,0.9642512105077579,0.44675953408562885,0.0,0.0
-1.9596072987738313,1.0264609660243877,0.45135332867844113,0.0,0.0
-1.9596072987738313,1.0886707215410176,0.4562767208809321,0.0,0.0
-1.9596072987738313,1.1508804770576466,0.46153618830478976,0.0,0.0
-1.9596072987738313,1.2130902325742765,0.4671380652869592,0.0,0.0
-1.9596072987738313,1.2752999880909055,0.4730883806430301,0.0,0.0
-1.9596072987738313,1.3375097436075354,0.479392661661891,0.0,0.0
-1.9596072987738313,1.3997194991241653,0.4860556987086997,0.0,0.0
-1.9596072987738313,1.4619292546407943,0.4930812642475697,0.0,0.0
-1.9596072987738313,1.5241390101574241,0.5004717796350266,0.0,0.0
-1.9596072987738313,1.586348765674054,0.5082279227542661,0.0,0.0
-1.9596072987738313,1.648558521190683,0.5163481695754388,0.0,0.0
-1.9596072987738313,1.710768276707313,0.5248282631960931,0.0,0.0
-1.9596072987738313,1.7729780322239428,0.5336606050441468,0.0,0.0
-1.9596072987738313,1.8351877877405718,0.5428335649725435,0.0,0.0
-1.9596072987738313,1.8973975432572017,0.5523307102535638,0.0,0.0
-1.9596072987738313,1.9596072987738316,0.5621299583511788,0.0,0.0
-1.9596072987738313,2.0218170542904605,0.572202665194337,0.0,0.0
-1.9596072987738313,2.0840268098070904,0.582512669852249,0.0,0.0
-1.9596072987738313,2.1462365653237194,0.5930153282843803,0.0,0.0
-1.9596072987738313,2.2084463208403493,0.6036565832461893,0.0,0.0
-1.9596072987738313,2.270656076356979,0.6143721341433224,0.0,0.0
-1.9596072987738313,2.332865831873608,0.6250867887340236,0.0,0.0
-1.9596072987738313,2.395075587390238,0.6357140963869403,0.0,0.0
-1.9596072987738313,2.457285342906868,0.6461563774504453,0.0,0.0
-1.9596072987738313,2.519495098423497,0.656305271499417,0.0,0.0
-1.9596072987738313,2.581704853940127,0.6660429242680356,0.0,0.0
-1.9596072987738313,2.6439146094567567,0.6752439141085501,0.0,0.0
-1.9596072987738313,2.7061243649733857,0.6837779796532532,0.0,0.0
-1.9596072987738313,2.7683341204900156,0.691513548883212,0.0,0.0
-1.9596072987738313,2.8305438760066455,0.6983219875972134,0.0,0.0
-1.9596072987738313,2.8927536315232745,0.7040823889937846,0.0,0.0
-1.9596072987738313,2.9549633870399044,0.7086866280158424,0.0,0.0
-1.9596072987738313,3.0171731425565333,0.7120443211740942,0.0,0.0
-1.9596072987738313,3.0793828980731632,0.7140872834191567,0.0,0.0
-1.897397543257202,-3.141592653589793,0.6949445584010708,0.0,0.0
-1.897397543257202,-3.0793828980731637,0.6943142229160959,0.0,0.0
-1.897397543257202,-3.017173142556534,0.6924358737308242,0.0,0.0
-1.897397543257202,-2.9549633870399044,0.6893468215744434,0.0,0.0
-1.897397543257202,-2.892753631523275,0.6851071139934539,0.0,0.0
-1.897397543257202,-2.8305438760066455,0.6797965520591747,0.0,0.0
-1.897397543257202,-2.7683341204900156,0.6735109216121087,0.0,0.0
-1.897397543257202,-2.706124364973386,0.6663577702508711,0.0,0.0
-1.897397543257202,-2.6439146094567567,0.6584520659437717,0.0,0.0
-1.897397543257202,-2.581704853940127,0.6499120380241102,0.0,0.0
-1.897397543257202,-2.5194950984234974,0.6408554380660973,0.0,0.0
-1.897397543257202,-2.457285342906868,0.6313963808704551,0.0,0.0
-1.897397543257202,-2.395075587390238,0.6216428478016122,0.0,0.0
-1.897397543257202,-2.3328658318736086,0.6116948661267247,0.0,0.0
-1.897397543257202,-2.270656076356979,0.6016433247862383,0.0,0.0
-1.897397543257202,-2.2084463208403498,0.5915693512037118,0.0,0.0
-1.897397543257202,-2.1462365653237203,0.5815441543143781,0.0,0.0
-1.897397543257202,-2.0840268098070904,0.5716292330975745,0.0,0.0
-1.897397543257202,-2.021817054290461,0.5618768539103528,0.0,0.0
-1.897397543257202,-1.9596072987738313,0.5523307102535638,0.0,0.0
-1.897397543257202,-1.897397543257202,0.5430266922023946,0.0,0.0
-1.897397543257202,-1.8351877877405722,0.5339937072825804,0.0,0.0
-1.897397543257202,-1.7729780322239428,0.525254508500665,0.0,0.0
-1.897397543257202,-1.7107682767073131,0.5168264976158283,0.0,0.0
-1.897397543257202,-1.6485585211906835,0.5087224821419253,0.0,0.0
-1.897397543257202,-1.586348765674054,0.5009513729058341,0.0,0.0
-1.897397543257202,-1.5241390101574244,0.49351881539068615,0.0,0.0
-1.897397543257202,-1.461929254640795,0.48642775280281864,0.0,0.0
-1.897397543257202,-1.3997194991241653,0.47967892210626323,0.0,0.0
-1.897397543257202,-1.3375097436075358,0.4732712864545672,0.0,0.0
-1.897397543257202,-1.2752999880909062,0.4672024087771341,0.0,0.0
-1.897397543257202,-1.2130902325742767,0.461468771968873,0.0,0.0
-1.897397543257202,-1.150880477057647,0.456066051369834,0.0,0.0
-1.897397543257202,-1.0886707215410176,0.45098934514918854,0.0,0.0
-1.897397543257202,-1.0264609660243877,0.4462333679348543,0.0,0.0
-1.897397543257202,-0.9642512105077583,0.44179261263738734,0.0,0.0
-1.897397543257202,-0.9020414549911289,0.4376614849626862,0.0,0.0
-1.897397543257202,-0.8398316994744994,0.4338344146330789,0.0,0.0
-1.897397543257202,-0.7776219439578695,0.4303059468674432,0.0,0.0
-1.897397543257202,-0.7154121884412401,0.4270708172251669,0.0,0.0
-1.897397543257202,-0.6532024329246107,0.42412401250580567,0.0,0.0
-1.897397543257202,-0.5909926774079808,0.4214608200209958,0.0,0.0
-1.897397543257202,-0.5287829218913513,0.4190768672188648,0.0,0.0
-1.897397543257202,-0.4665731663747219,0.4169681533428995,0.0,0.0
-1.897397543257202,-0.40436341085809246,0.41513107454465165,0.0,0.0
-1.897397543257202,-0.3421536553414626,0.41356244363960487,0.0,0.0
-1.897397543257202,-0.27994389982483314,0.41225950549445034,0.0,0.0
-1.897397543257202,-0.2177341443082037,0.4112199488582072,0.0,0.0
-1.897397543257202,-0.15552438879157382,0.4104419152954212,0.0,0.0
-1.897397543257202,-0.09331463327494438,0.4099240057435288,0.0,0.0
-1.897397543257202,-0.03110487775831494,0.4096652850950132,0.0,0.0
-1.897397543257202,0.031104877758314498,0.4096652850950132,0.0,0.0
-1.897397543257202,0.09331463327494438,0.4099240057435288,0.0,0.0
-1.897397543257202,0.15552438879157382,0.4104419152954212,0.0,0.0
-1.897397543257202,0.21773414430820326,0.4112199488582072,0.0,0.0
-1.897397543257202,0.2799438998248327,0.41225950549445034,0.0,0.0
-1.897397543257202,0.3421536553414626,0.41356244363960487,0.0,0.0
-1.897397543257202,0.404363410858092,0.41513107454465165,0.0,0.0
-1.897397543257202,0.46657316637472146,0.41696815334289955,0.0,0.0
-1.897397543257202,0.5287829218913513,0.4190768672188648,0.0,0.0
-1.897397543257202,0.5909926774079808,0.4214608200209958,0.0,0.0
-1.897397543257202,0.6532024329246102,0.4241240125058056,0.0,0.0
-1.897397543257202,0.7154121884412397,0.4270708172251669,0.0,0.0
-1.897397543257202,0.7776219439578695,0.4303059468674432,0.0,0.0
-1.897397543257202,0.839831699474499,0.4338344146330789,0.0,0.0
-1.897397543257202,0.9020414549911289,0.4376614849626862,0.0,0.0
-1.897397543257202,0.9642512105077579,0.4417926126373873,0.0,0.0
-1.897397543257202,1.0264609660243877,0.4462333679348543,0.0,0.0
-1.897397543257202,1.0886707215410176,0.45098934514918854,0.0,0.0
-1.897397543257202,1.1508804770576466,0.456066051369834,0.0,0.0
-1.897397543257202,1.2130902325742765,0.4614687719688729,0.0,0.0
-1.897397543257202,1.2752999880909055,0.4672024087771341,0.0,0.0
-1.897397543257202,1.3375097436075354,0.4732712864545672,0.0,0.0
-1.897397543257202,1.3997194991241653,0.47967892210626323,0.0,0.0
-1.897397543257202,1.4619292546407943,0.4864277528028185,0.0,0.0
-1.897397543257202,1.5241390101574241,0.49351881539068615,0.0,0.0
-1.897397543257202,1.586348765674054,0.5009513729058341,0.0,0.0
-1.897397543257202,1.648558521190683,0.5087224821419252,0.0,0.0
-1.897397543257202,1.710768276707313,0.5168264976158283,0.0,0.0
-1.897397543257202,1.7729780322239428,0.525254508500665,0.0,0.0
-1.897397543257202,1.8351877877405718,0.5339937072825804,0.0,0.0
-1.897397543257202,1.8973975432572017,0.5430266922023946,0.0,0.0
-1.897397543257202,1.9596072987738316,0.5523307102535638,0.0,0.0
-1.897397543257202,2.0218170542904605,0.5618768539103528,0.0,0.0
-1.897397543257202,2.0840268098070904,0.5716292330975745,0.0,0.0
-1.897397543257202,2.1462365653237194,0.581544154314378,0.0,0.0
-1.897397543257202,2.2084463208403493,0.5915693512037118,0.0,0.0
-1.897397543257202,2.270656076356979,0.6016433247862383,0.0,0.0
-1.897397543257202,2.332865831873608,0.6116948661267246,0.0,0.0
-1.897397543257202,2.395075587390238,0.6216428478016122,0.0,0.0
-1.897397543257202,2.457285342906868,0.6313963808704551,0.0,0.0
-1.897397543257202,2.519495098423497,0.6408554380660973,0.0,0.0
-1.897397543257202,2.581704853940127,0.6499120380241102,0.0,0.0
-1.897397543257202,2.6439146094567567,0.6584520659437717,0.0,0.0
-1.897397543257202,2.7061243649733857,0.6663577702508711,0.0,0.0
-1.897397543257202,2.7683341204900156,0.6735109216121087,0.0,0.0
-1.897397543257202,2.8305438760066455,0.6797965520591747,0.0,0.0
-1.897397543257202,2.8927536315232745,0.6851071139934539,0.0,0.0
-1.897397543257202,2.9549633870399044,0.6893468215744434,0.0,0.0
-1.897397543257202,3.0171731425565333,0.6924358737308242,0.0,0.0
-1.897397543257202,3.0793828980731632,0.6943142229160959,0.0,0.0
-1.8351877877405722,-3.141592653589793,0.6763060724209332,0.0,0.0
-1.8351877877405722,-3.0793828980731637,0.6757250640320109,0.0,0.0
-1.8351877877405722,-3.017173142556534,0.6739932100852531,0.0,0.0
-1.8351877877405722,-2.9549633870399044,0.6711434671951458,0.0,0.0
-1.8351877877405722,-2.892753631523275,0.6672289598461039,0.0,0.0
-1.8351877877405722,-2.8305438760066455,0.6623204548522083,0.0,0.0
-1.8351877877405722,-2.7683341204900156,0.6565031559096317,0.0,0.0
-1.8351877877405722,-2.706124364973386,0.6498730890982543,0.0,0.0
-1.8351877877405722,-2.6439146094567567,0.6425333571741884,0.0,0.0
-1.8351877877405722,-2.581704853940127,0.6345905154618183,0.0,0.0
-1.8351877877405722,-2.5194950984234974,0.6261512736658503,0.0,0.0
-1.8351877877405722,-2.457285342906868,0.6173196667661903,0.0,0.0
-1.8351877877405722,-2.395075587390238,0.6081947747992487,0.0,0.0
-1.8351877877405722,-2.3328658318736086,0.5988690140737559,0.0,0.0
-1.8351877877405722,-2.270656076356979,0.5894269764725477,0.0,0.0
-1.8351877877405722,-2.2084463208403498,0.5799447611507902,0.0,0.0
-1.8351877877405722,-2.1462365653237203,0.5704897238800555,0.0,0.0
-1.8351877877405722,-2.0840268098070904,0.5611205616052327,0.0,0.0
-1.8351877877405722,-2.021817054290461,0.5518876507864336,0.0,0.0
-1.8351877877405722,-1.9596072987738313,0.5428335649725436,0.0,0.0
-1.8351877877405722,-1.897397543257202,0.5339937072825804,0.0,0.0
-1.8351877877405722,-1.8351877877405722,0.525397005060786,0.0,0.0
-1.8351877877405722,-1.7729780322239428,0.5170666254984398,0.0,0.0
-1.8351877877405722,-1.7107682767073131,0.5090206815782184,0.0,0.0
-1.8351877877405722,-1.6485585211906835,0.5012729068151635,0.0,0.0
-1.8351877877405722,-1.586348765674054,0.4938332847692506,0.0,0.0
-1.8351877877405722,-1.5241390101574244,0.48670862521930314,0.0,0.0
-1.8351877877405722,-1.461929254640795,0.47990308336716603,0.0,0.0
-1.8351877877405722,-1.3997194991241653,0.47341862169262783,0.0,0.0
-1.8351877877405722,-1.3375097436075358,0.4672554163269409,0.0,0.0
-1.8351877877405722,-1.2752999880909062,0.4614122112689475,0.0,0.0
-1.8351877877405722,-1.2130902325742767,0.4558866246216888,0.0,0.0
-1.8351877877405722,-1.150880477057647,0.4506754114380758,0.0,0.0
-1.8351877877405722,-1.0886707215410176,0.4457746878606098,0.0,0.0
-1.8351877877405722,-1.0264609660243877,0.4411801211231784,0.0,0.0
-1.8351877877405722,-0.9642512105077583,0.4368870897294236,0.0,0.0
-1.8351877877405722,-0.9020414549911289,0.4328908177887914,0.0,0.0
-1.8351877877405722,-0.8398316994744994,0.4291864871188743,0.0,0.0
-1.8351877877405722,-0.7776219439578695,0.4257693303392803,0.0,0.0
-1.8351877877405722,-0.7154121884412401,0.4226347078068048,0.0,0.0
-1.8351877877405722,-0.6532024329246107,0.4197781708859322,0.0,0.0
-1.8351877877405722,-0.5909926774079808,0.41719551371937186,0.0,0.0
-1.8351877877405722,-0.5287829218913513,0.41488281536357996,0.0,0.0
-1.8351877877405722,-0.4665731663747219,0.41283647388473216,0.0,0.0
-1.8351877877405722,-0.40436341085809246,0.41105323377046826,0.0,0.0
-1.8351877877405722,-0.3421536553414626,0.409530207799974,0.0,0.0
-1.8351877877405722,-0.27994389982483314,0.4082648943270674,0.0,0.0
-1.8351877877405722,-0.2177341443082037,0.4072551907650561,0.0,0.0
-1.8351877877405722,-0.15552438879157382,0.40649940391526534,0.0,0.0
-1.8351877877405722,-0.09331463327494438,0.40599625765033354,0.0,0.0
-1.8351877877405722,-0.03110487775831494,0.40574489834573685,0.0,0.0
-1.8351877877405722,0.031104877758314498,0.40574489834573685,0.0,0.0
-1.8351877877405722,0.09331463327494438,0.40599625765033354,0.0,0.0
-1.8351877877405722,0.15552438879157382,0.40649940391526534,0.0,0.0
-1.8351877877405722,0.21773414430820326,0.4072551907650561,0.0,0.0
-1.8351877877405722,0.2799438998248327,0.4082648943270674,0.0,0.0
-1.8351877877405722,0.3421536553414626,0.409530207799974,0.0,0.0
-1.8351877877405722,0.404363410858092,0.41105323377046826,0.0,0.0
-1.8351877877405722,0.46657316637472146,0.41283647388473216,0.0,0.0
-1.8351877877405722,0.5287829218913513,0.41488281536357996,0.0,0.0
-1.8351877877405722,0.5909926774079808,0.41719551371937186,0.0,0.0
-1.8351877877405722,0.6532024329246102,0.41977817088593217,0.0,0.0
-1.8351877877405722,0.7154121884412397,0.4226347078068048,0.0,0.0
-1.8351877877405722,0.7776219439578695,0.4257693303392803,0.0,0.0
-1.8351877877405722,0.839831699474499,0.4291864871188743,0.0,0.0
-1.8351877877405722,0.9020414549911289,0.4328908177887914,0.0,0.0
-1.8351877877405722,0.9642512105077579,0.43688708972942353,0.0,0.0
-1.8351877877405722,1.0264609660243877,0.4411801211231784,0.0,0.0
-1.8351877877405722,1.0886707215410176,0.4457746878606098,0.0,0.0
-1.8351877877405722,1.1508804770576466,0.4506754114380758,0.0,0.0
-1.8351877877405722,1.2130902325742765,0.45588662462168866,0.0,0.0
-1.8351877877405722,1.2752999880909055,0.4614122112689475,0.0,0.0
-1.8351877877405722,1.3375097436075354,0.4672554163269409,0.0,0.0
-1.8351877877405722,1.3997194991241653,0.47341862169262783,0.0,0.0
-1.8351877877405722,1.4619292546407943,0.4799030833671659,0.0,0.0
-1.8351877877405722,1.5241390101574241,0.48670862521930314,0.0,0.0
-1.8351877877405722,1.586348765674054,0.4938332847692506,0.0,0.0
-1.8351877877405722,1.648558521190683,0.5012729068151635,0.0,0.0
-1.8351877877405722,1.710768276707313,0.5090206815782184,0.0,0.0
-1.8351877877405722,1.7729780322239428,0.5170666254984398,0.0,0.0
-1.8351877877405722,1.8351877877405718,0.525397005060786,0.0,0.0
-1.8351877877405722,1.8973975432572017,0.5339937072825804,0.0,0.0
-1.8351877877405722,1.9596072987738316,0.5428335649725436,0.0,0.0
-1.8351877877405722,2.0218170542904605,0.5518876507864335,0.0,0.0
-1.8351877877405722,2.0840268098070904,0.5611205616052327,0.0,0.0
-1.8351877877405722,2.1462365653237194,0.5704897238800554,0.0,0.0
-1.8351877877405722,2.2084463208403493,0.5799447611507902,0.0,0.0
-1.8351877877405722,2.270656076356979,0.5894269764725477,0.0,0.0
-1.8351877877405722,2.332865831873608,0.5988690140737559,0.0,0.0
-1.8351877877405722,2.395075587390238,0.6081947747992487,0.0,0.0
-1.8351877877405722,2.457285342906868,0.6173196667661903,0.0,0.0
-1.8351877877405722,2.519495098423497,0.6261512736658503,0.0,0.0
-1.8351877877405722,2.581704853940127,0.6345905154618183,0.0,0.0
-1.8351877877405722,2.6439146094567567,0.6425333571741884,0.0,0.0
-1.8351877877405722,2.7061243649733857,0.6498730890982541,0.0,0.0
-1.8351877877405722,2.7683341204900156,0.6565031559096317,0.0,0.0
-1.8351877877405722,2.8305438760066455,0.6623204548522083,0.0,0.0
-1.8351877877405722,2.8927536315232745,0.6672289598461039,0.0,0.0
-1.8351877877405722,2.9549633870399044,0.6711434671951458,0.0,0.0
-1.8351877877405722,3.0171731425565333,0.6739932100852531,0.0,0.0
-1.8351877877405722,3.0793828980731632,0.6757250640320109,0.0,0.0
-1.7729780322239428,-3.141592653589793,0.6588098121176832,0.0,0.0
-1.7729780322239428,-3.0793828980731637,0.658272704522546,0.0,0.0
-1.7729780322239428,-3.017173142556534,0.6566712899011825,0.0,0.0
-1.7729780322239428,-2.9549633870399044,0.6540348201615293,0.0,0.0
-1.7729780322239428,-2.892753631523275,0.650410516736436,0.0,0.0
-1.7729780322239428,-2.8305438760066455,0.6458614188191794,0.0,0.0
-1.7729780322239428,-2.7683341204900156,0.640463640589117,0.0,0.0
-1.7729780322239428,-2.706124364973386,0.6343032605541568,0.0,0.0
-1.7729780322239428,-2.6439146094567567,0.6274730742899913,0.0,0.0
-1.7729780322239428,-2.581704853940127,0.6200694240809345,0.0,0.0
-1.7729780322239428,-2.5194950984234974,0.6121892816100437,0.0,0.0
-1.7729780322239428,-2.457285342906868,0.6039277111874563,0.0,0.0
-1.7729780322239428,-2.395075587390238,0.5953757893304419,0.0,0.0
-1.7729780322239428,-2.3328658318736086,0.5866190086344598,0.0,0.0
-1.7729780322239428,-2.270656076356979,0.5777361543674413,0.0,0.0
-1.7729780322239428,-2.2084463208403498,0.5687986132750044,0.0,0.0
-1.7729780322239428,-2.1462365653237203,0.5598700558899656,0.0,0.0
-1.7729780322239428,-2.0840268098070904,0.5510064249809574,0.0,0.0
-1.7729780322239428,-2.021817054290461,0.5422561616749995,0.0,0.0
-1.7729780322239428,-1.9596072987738313,0.5336606050441468,0.0,0.0
-1.7729780322239428,-1.897397543257202,0.525254508500665,0.0,0.0
-1.7729780322239428,-1.8351877877405722,0.5170666254984398,0.0,0.0
-1.7729780322239428,-1.7729780322239428,0.5091203265220531,0.0,0.0
-1.7729780322239428,-1.7107682767073131,0.5014342183079346,0.0,0.0
-1.7729780322239428,-1.6485585211906835,0.4940227441861491,0.0,0.0
-1.7729780322239428,-1.586348765674054,0.48689675112881325,0.0,0.0
-1.7729780322239428,-1.5241390101574244,0.4800640145025166,0.0,0.0
-1.7729780322239428,-1.461929254640795,0.473529715726762,0.0,0.0
-1.7729780322239428,-1.3997194991241653,0.46729687118235586,0.0,0.0
-1.7729780322239428,-1.3375097436075358,0.46136671296320164,0.0,0.0
-1.7729780322239428,-1.2752999880909062,0.45573902359365276,0.0,0.0
-1.7729780322239428,-1.2130902325742767,0.4504124277996557,0.0,0.0
-1.7729780322239428,-1.150880477057647,0.44538464496279434,0.0,0.0
-1.7729780322239428,-1.0886707215410176,0.4406527061163853,0.0,0.0
-1.7729780322239428,-1.0264609660243877,0.43621313935379935,0.0,0.0
-1.7729780322239428,-0.9642512105077583,0.4320621273828039,0.0,0.0
-1.7729780322239428,-0.9020414549911289,0.42819564073016314,0.0,0.0
-1.7729780322239428,-0.8398316994744994,0.4246095498180572,0.0,0.0
-1.7729780322239428,-0.7776219439578695,0.4212997188267236,0.0,0.0
-1.7729780322239428,-0.7154121884412401,0.41826208394594977,0.0,0.0
-1.7729780322239428,-0.6532024329246107,0.415492718314797,0.0,0.0
-1.7729780322239428,-0.5909926774079808,0.412987885662396,0.0,0.0
-1.7729780322239428,-0.5287829218913513,0.4107440843974121,0.0,0.0
-1.7729780322239428,-0.4665731663747219,0.40875808365183924,0.0,0.0
-1.7729780322239428,-0.40436341085809246,0.40702695256643934,0.0,0.0
-1.7729780322239428,-0.3421536553414626,0.40554808390946406,0.0,0.0
-1.7729780322239428,-0.27994389982483314,0.4043192129456535,0.0,0.0
-1.7729780322239428,-0.2177341443082037,0.4033384323167831,0.0,0.0
-1.7729780322239428,-0.15552438879157382,0.4026042035559121,0.0,0.0
-1.7729780322239428,-0.09331463327494438,0.4021153657325141,0.0,0.0
-1.7729780322239428,-0.03110487775831494,0.4018711416124076,0.0,0.0
-1.7729780322239428,0.031104877758314498,0.4018711416124076,0.0,0.0
-1.7729780322239428,0.09331463327494438,0.4021153657325141,0.0,0.0
-1.7729780322239428,0.15552438879157382,0.4026042035559121,0.0,0.0
-1.7729780322239428,0.21773414430820326,0.4033384323167831,0.0,0.0
-1.7729780322239428,0.2799438998248327,0.40431921294565343,0.0,0.0
-1.7729780322239428,0.3421536553414626,0.40554808390946406,0.0,0.0
-1.7729780322239428,0.404363410858092,0.4070269525664393,0.0,0.0
-1.7729780322239428,0.46657316637472146,0.4087580836518393,0.0,0.0
-1.7729780322239428,0.5287829218913513,0.4107440843974121,0.0,0.0
-1.7729780322239428,0.5909926774079808,0.412987885662396,0.0,0.0
-1.7729780322239428,0.6532024329246102,0.41549271831479695,0.0,0.0
-1.7729780322239428,0.7154121884412397,0.41826208394594977,0.0,0.0
-1.7729780322239428,0.7776219439578695,0.4212997188267236,0.0,0.0
-1.7729780322239428,0.839831699474499,0.4246095498180572,0.0,0.0
-1.7729780322239428,0.9020414549911289,0.42819564073016314,0.0,0.0
-1.7729780322239428,0.9642512105077579,0.43206212738280386,0.0,0.0
-1.7729780322239428,1.0264609660243877,0.43621313935379935,0.0,0.0
-1.7729780322239428,1.0886707215410176,0.4406527061163853,0.0,0.0
-1.7729780322239428,1.1508804770576466,0.44538464496279434,0.0,0.0
-1.7729780322239428,1.2130902325742765,0.45041242779965557,0.0,0.0
-1.7729780322239428,1.2752999880909055,0.4557390235936527,0.0,0.0
-1.7729780322239428,1.3375097436075354,0.4613667129632016,0.0,0.0
-1.7729780322239428,1.3997194991241653,0.46729687118235586,0.0,0.0
-1.7729780322239428,1.4619292546407943,0.473529715726762,0.0,0.0
-1.7729780322239428,1.5241390101574241,0.4800640145025166,0.0,0.0
-1.7729780322239428,1.586348765674054,0.48689675112881325,0.0,0.0
-1.7729780322239428,1.648558521190683,0.4940227441861491,0.0,0.0
-1.7729780322239428,1.710768276707313,0.5014342183079346,0.0,0.0
-1.7729780322239428,1.7729780322239428,0.5091203265220531,0.0,0.0
-1.7729780322239428,1.8351877877405718,0.5170666254984398,0.0,0.0
-1.7729780322239428,1.8973975432572017,0.5252545085006649,0.0,0.0
-1.7729780322239428,1.9596072987738316,0.5336606050441468,0.0,0.0
-1.7729780322239428,2.0218170542904605,0.5422561616749993,0.0,0.0
-1.7729780322239428,2.0840268098070904,0.5510064249809574,0.0,0.0
-1.7729780322239428,2.1462365653237194,0.5598700558899654,0.0,0.0
-1.7729780322239428,2.2084463208403493,0.5687986132750043,0.0,0.0
-1.7729780322239428,2.270656076356979,0.5777361543674413,0.0,0.0
-1.7729780322239428,2.332865831873608,0.5866190086344597,0.0,0.0
-1.7729780322239428,2.395075587390238,0.5953757893304419,0.0,0.0
-1.7729780322239428,2.457285342906868,0.6039277111874563,0.0,0.0
-1.7729780322239428,2.519495098423497,0.6121892816100437,0.0,0.0
-1.7729780322239428,2.581704853940127,0.6200694240809345,0.0,0.0
-1.7729780322239428,2.6439146094567567,0.6274730742899913,0.0,0.0
-1.7729780322239428,2.7061243649733857,0.6343032605541566,0.0,0.0
-1.7729780322239428,2.7683341204900156,0.640463640589117,0.0,0.0
-1.7729780322239428,2.8305438760066455,0.6458614188191794,0.0,0.0
-1.7729780322239428,2.8927536315232745,0.650410516736436,0.0,0.0
-1.7729780322239428,2.9549633870399044,0.6540348201615293,0.0,0.0
-1.7729780322239428,3.0171731425565333,0.6566712899011825,0.0,0.0
-1.7729780322239428,3.0793828980731632,0.658272704522546,0.0,0.0
-1.7107682767073131,-3.141592653589793,0.6424044496411738,0.0,0.0
-1.7107682767073131,-3.0793828980731637,0.6419064456153543,0.0,0.0
-1.7107682767073131,-3.017173142556534,0.6404212651548441,0.0,0.0
-1.7107682767073131,-2.9549633870399044,0.6379749994207814,0.0,0.0
-1.7107682767073131,-2.892753631523275,0.634609823709119,0.0,0.0
-1.7107682767073131,-2.8305438760066455,0.6303821521829963,0.0,0.0
-1.7107682767073131,-2.7683341204900156,0.6253602765325138,0.0,0.0
-1.7107682767073131,-2.706124364973386,0.6196216737538137,0.0,0.0
-1.7107682767073131,-2.6439146094567567,0.6132501768372373,0.0,0.0
-1.7107682767073131,-2.581704853940127,0.606333189612095,0.0,0.0
-1.7107682767073131,-2.5194950984234974,0.5989590980534452,0.0,0.0
-1.7107682767073131,-2.457285342906868,0.591214991418539,0.0,0.0
-1.7107682767073131,-2.395075587390238,0.5831847642395734,0.0,0.0
-1.7107682767073131,-2.3328658318736086,0.5749476300604316,0.0,0.0
-1.7107682767073131,-2.270656076356979,0.566577043806522,0.0,0.0
-1.7107682767073131,-2.2084463208403498,0.5581400039157774,0.0,0.0
-1.7107682767073131,-2.1462365653237203,0.5496966883048504,0.0,0.0
-1.7107682767073131,-2.0840268098070904,0.5413003691700198,0.0,0.0
-1.7107682767073131,-2.021817054290461,0.5329975490903167,0.0,0.0
-1.7107682767073131,-1.9596072987738313,0.5248282631960931,0.0,0.0
-1.7107682767073131,-1.897397543257202,0.5168264976158283,0.0,0.0
-1.7107682767073131,-1.8351877877405722,0.5090206815782184,0.0,0.0
-1.7107682767073131,-1.7729780322239428,0.5014342183079346,0.0,0.0
-1.7107682767073131,-1.7107682767073131,0.4940860274249673,0.0,0.0
-1.7107682767073131,-1.6485585211906835,0.4869910784455931,0.0,0.0
-1.7107682767073131,-1.586348765674054,0.480160900928247,0.0,0.0
-1.7107682767073131,-1.5241390101574244,0.47360406172147335,0.0,0.0
-1.7107682767073131,-1.461929254640795,0.46732660367900264,0.0,0.0
-1.7107682767073131,-1.3997194991241653,0.4613324432019041,0.0,0.0
-1.7107682767073131,-1.3375097436075358,0.45562372617598157,0.0,0.0
-1.7107682767073131,-1.2752999880909062,0.4502011434301145,0.0,0.0
-1.7107682767073131,-1.2130902325742767,0.44506420787896955,0.0,0.0
-1.7107682767073131,-1.150880477057647,0.4402114961488928,0.0,0.0
-1.7107682767073131,-1.0886707215410176,0.43564085781927825,0.0,0.0
-1.7107682767073131,-1.0264609660243877,0.4313495955259272,0.0,0.0
-1.7107682767073131,-0.9642512105077583,0.42733461913381343,0.0,0.0
-1.7107682767073131,-0.9020414549911289,0.4235925770453633,0.0,0.0
-1.7107682767073131,-0.8398316994744994,0.42011996750551506,0.0,0.0
-1.7107682767073131,-0.7776219439578695,0.4169132325248374,0.0,0.0
-1.7107682767073131,-0.7154121884412401,0.4139688367871922,0.0,0.0
-1.7107682767073131,-0.6532024329246107,0.41128333365282044,0.0,0.0
-1.7107682767073131,-0.5909926774079808,0.4088534201205423,0.0,0.0
-1.7107682767073131,-0.5287829218913513,0.40667598237966857,0.0,0.0
-1.7107682767073131,-0.4665731663747219,0.40474813336630516,0.0,0.0
-1.7107682767073131,-0.40436341085809246,0.40306724354124374,0.0,0.0
-1.7107682767073131,-0.3421536553414626,0.4016309659275404,0.0,0.0
-1.7107682767073131,-0.27994389982483314,0.4004372562843131,0.0,0.0
-1.7107682767073131,-0.2177341443082037,0.39948438914779716,0.0,0.0
-1.7107682767073131,-0.15552438879157382,0.3987709703395214,0.0,0.0
-1.7107682767073131,-0.09331463327494438,0.39829594642264726,0.0,0.0
-1.7107682767073131,-0.03110487775831494,0.3980586114789953,0.0,0.0
-1.7107682767073131,0.031104877758314498,0.3980586114789953,0.0,0.0
-1.7107682767073131,0.09331463327494438,0.39829594642264726,0.0,0.0
-1.7107682767073131,0.15552438879157382,0.3987709703395214,0.0,0.0
-1.7107682767073131,0.21773414430820326,0.39948438914779716,0.0,0.0
-1.7107682767073131,0.2799438998248327,0.4004372562843131,0.0,0.0
-1.7107682767073131,0.3421536553414626,0.4016309659275404,0.0,0.0
-1.7107682767073131,0.404363410858092,0.40306724354124374,0.0,0.0
-1.7107682767073131,0.46657316637472146,0.40474813336630516,0.0,0.0
-1.7107682767073131,0.5287829218913513,0.40667598237966857,0.0,0.0
-1.7107682767073131,0.5909926774079808,0.4088534201205423,0.0,0.0
-1.7107682767073131,0.6532024329246102,0.41128333365282044,0.0,0.0
-1.7107682767073131,0.7154121884412397,0.4139688367871922,0.0,0.0
-1.7107682767073131,0.7776219439578695,0.4169132325248374,0.0,0.0
-1.7107682767073131,0.839831699474499,0.420119967505515,0.0,0.0
-1.7107682767073131,0.9020414549911289,0.4235925770453633,0.0,0.0
-1.7107682767073131,0.9642512105077579,0.4273346191338134,0.0,0.0
-1.7107682767073131,1.0264609660243877,0.4313495955259272,0.0,0.0
-1.7107682767073131,1.0886707215410176,0.43564085781927825,0.0,0.0
-1.7107682767073131,1.1508804770576466,0.4402114961488928,0.0,0.0
-1.7107682767073131,1.2130902325742765,0.4450642078789695,0.0,0.0
-1.7107682767073131,1.2752999880909055,0.4502011434301145,0.0,0.0
-1.7107682767073131,1.3375097436075354,0.45562372617598157,0.0,0.0
-1.7107682767073131,1.3997194991241653,0.4613324432019041,0.0,0.0
-1.7107682767073131,1.4619292546407943,0.4673266036790026,0.0,0.0
-1.7107682767073131,1.5241390101574241,0.47360406172147335,0.0,0.0
-1.7107682767073131,1.586348765674054,0.480160900928247,0.0,0.0
-1.7107682767073131,1.648558521190683,0.4869910784455931,0.0,0.0
-1.7107682767073131,1.710768276707313,0.4940860274249673,0.0,0.0
-1.7107682767073131,1.7729780322239428,0.5014342183079346,0.0,0.0
-1.7107682767073131,1.8351877877405718,0.5090206815782183,0.0,0.0
-1.7107682767073131,1.8973975432572017,0.5168264976158283,0.0,0.0
-1.7107682767073131,1.9596072987738316,0.5248282631960931,0.0,0.0
-1.7107682767073131,2.0218170542904605,0.5329975490903167,0.0,0.0
-1.7107682767073131,2.0840268098070904,0.5413003691700198,0.0,0.0
-1.7107682767073131,2.1462365653237194,0.5496966883048502,0.0,0.0
-1.7107682767073131,2.2084463208403493,0.5581400039157774,0.0,0.0
-1.7107682767073131,2.270656076356979,0.566577043806522,0.0,0.0
-1.7107682767073131,2.332865831873608,0.5749476300604314,0.0,0.0
-1.7107682767073131,2.395075587390238,0.5831847642395734,0.0,0.0
-1.7107682767073131,2.457285342906868,0.591214991418539,0.0,0.0
-1.7107682767073131,2.519495098423497,0.5989590980534452,0.0,0.0
-1.7107682767073131,2.581704853940127,0.606333189612095,0.0,0.0
-1.7107682767073131,2.6439146094567567,0.6132501768372373,0.0,0.0
-1.7107682767073131,2.7061243649733857,0.6196216737538136,0.0,0.0
-1.7107682767073131,2.7683341204900156,0.6253602765325138,0.0,0.0
-1.7107682767073131,2.8305438760066455,0.6303821521829963,0.0,0.0
-1.7107682767073131,2.8927536315232745,0.634609823709119,0.0,0.0
-1.7107682767073131,2.9549633870399044,0.6379749994207814,0.0,0.0
-1.7107682767073131,3.0171731425565333,0.6404212651548441,0.0,0.0
-1.7107682767073131,3.0793828980731632,0.6419064456153543,0.0,0.0
-1.6485585211906835,-3.141592653589793,0.6270371976819838,0.0,0.0
-1.6485585211906835,-3.0793828980731637,0.6265740590433968,0.0,0.0
-1.6485585211906835,-3.017173142556534,0.6251925544152586,0.0,0.0
-1.6485585211906835,-2.9549633870399044,0.622916070443441,0.0,0.0
-1.6485585211906835,-2.892753631523275,0.6197824569475163,0.0,0.0
-1.6485585211906835,-2.8305438760066455,0.6158424341029921,0.0,0.0
-1.6485585211906835,-2.7683341204900156,0.6111575468196205,0.0,0.0
-1.6485585211906835,-2.706124364973386,0.6057978211982282,0.0,0.0
-1.6485585211906835,-2.6439146094567567,0.599839286546642,0.0,0.0
-1.6485585211906835,-2.581704853940127,0.5933615176727716,0.0,0.0
-1.6485585211906835,-2.5194950984234974,0.5864453296191015,0.0,0.0
-1.6485585211906835,-2.457285342906868,0.5791707256502187,0.0,0.0
-1.6485585211906835,-2.395075587390238,0.5716151644312101,0.0,0.0
-1.6485585211906835,-2.3328658318736086,0.5638521785616332,0.0,0.0
-1.6485585211906835,-2.270656076356979,0.5559503473411721,0.0,0.0
-1.6485585211906835,-2.2084463208403498,0.547972603788237,0.0,0.0
-1.6485585211906835,-2.1462365653237203,0.5399758401410764,0.0,0.0
-1.6485585211906835,-2.0840268098070904,0.5320107669561259,0.0,0.0
-1.6485585211906835,-2.021817054290461,0.5241219774494923,0.0,0.0
-1.6485585211906835,-1.9596072987738313,0.5163481695754389,0.0,0.0
-1.6485585211906835,-1.897397543257202,0.5087224821419253,0.0,0.0
-1.6485585211906835,-1.8351877877405722,0.5012729068151635,0.0,0.0
-1.6485585211906835,-1.7729780322239428,0.4940227441861491,0.0,0.0
-1.6485585211906835,-1.7107682767073131,0.4869910784455931,0.0,0.0
-1.6485585211906835,-1.6485585211906835,0.48019325116469996,0.0,0.0
-1.6485585211906835,-1.586348765674054,0.4736413199338006,0.0,0.0
-1.6485585211906835,-1.5241390101574244,0.46734449204772954,0.0,0.0
-1.6485585211906835,-1.461929254640795,0.4613095270314521,0.0,0.0
-1.6485585211906835,-1.3997194991241653,0.45554110462481134,0.0,0.0
-1.6485585211906835,-1.3375097436075358,0.4500421569816845,0.0,0.0
-1.6485585211906835,-1.2752999880909062,0.4448141653921621,0.0,0.0
-1.6485585211906835,-1.2130902325742767,0.4398574229136158,0.0,0.0
-1.6485585211906835,-1.150880477057647,0.4351712649971419,0.0,0.0
-1.6485585211906835,-1.0886707215410176,0.4307542706073217,0.0,0.0
-1.6485585211906835,-1.0264609660243877,0.42660443652918445,0.0,0.0
-1.6485585211906835,-0.9642512105077583,0.42271932759685427,0.0,0.0
-1.6485585211906835,-0.9020414549911289,0.4190962055111973,0.0,0.0
-1.6485585211906835,-0.8398316994744994,0.41573213877568005,0.0,0.0
-1.6485585211906835,-0.7776219439578695,0.41262409609827877,0.0,0.0
-1.6485585211906835,-0.7154121884412401,0.4097690254029696,0.0,0.0
-1.6485585211906835,-0.6532024329246107,0.40716392038152416,0.0,0.0
-1.6485585211906835,-0.5909926774079808,0.40480587630497233,0.0,0.0
-1.6485585211906835,-0.5287829218913513,0.40269213661063813,0.0,0.0
-1.6485585211906835,-0.4665731663747219,0.40082013158901897,0.0,0.0
-1.6485585211906835,-0.40436341085809246,0.39918751031701083,0.0,0.0
-1.6485585211906835,-0.3421536553414626,0.39779216682076707,0.0,0.0
-1.6485585211906835,-0.27994389982483314,0.39663226130260787,0.0,0.0
-1.6485585211906835,-0.2177341443082037,0.39570623713099445,0.0,0.0
-1.6485585211906835,-0.15552438879157382,0.3950128341693872,0.0,0.0
-1.6485585211906835,-0.09331463327494438,0.39455109890728696,0.0,0.0
-1.6485585211906835,-0.03110487775831494,0.3943203917532308,0.0,0.0
-1.6485585211906835,0.031104877758314498,0.3943203917532308,0.0,0.0
-1.6485585211906835,0.09331463327494438,0.39455109890728696,0.0,0.0
-1.6485585211906835,0.15552438879157382,0.3950128341693872,0.0,0.0
-1.6485585211906835,0.21773414430820326,0.3957062371309945,0.0,0.0
-1.6485585211906835,0.2799438998248327,0.3966322613026078,0.0,0.0
-1.6485585211906835,0.3421536553414626,0.39779216682076707,0.0,0.0
-1.6485585211906835,0.404363410858092,0.3991875103170108,0.0,0.0
-1.6485585211906835,0.46657316637472146,0.40082013158901897,0.0,0.0
-1.6485585211906835,0.5287829218913513,0.40269213661063813,0.0,0.0
-1.6485585211906835,0.5909926774079808,0.40480587630497233,0.0,0.0
-1.6485585211906835,0.6532024329246102,0.4071639203815241,0.0,0.0
-1.6485585211906835,0.7154121884412397,0.40976902540296956,0.0,0.0
-1.6485585211906835,0.7776219439578695,0.41262409609827877,0.0,0.0
-1.6485585211906835,0.839831699474499,0.41573213877568005,0.0,0.0
-1.6485585211906835,0.9020414549911289,0.4190962055111973,0.0,0.0
-1.6485585211906835,0.9642512105077579,0.42271932759685427,0.0,0.0
-1.6485585211906835,1.0264609660243877,0.42660443652918445,0.0,0.0
-1.6485585211906835,1.0886707215410176,0.4307542706073217,0.0,0.0
-1.6485585211906835,1.1508804770576466,0.4351712649971419,0.0,0.0
-1.6485585211906835,1.2130902325742765,0.43985742291361574,0.0,0.0
-1.6485585211906835,1.2752999880909055,0.4448141653921621,0.0,0.0
-1.6485585211906835,1.3375097436075354,0.45004215698168437,0.0,0.0
-1.6485585211906835,1.3997194991241653,0.45554110462481134,0.0,0.0
-1.6485585211906835,1.4619292546407943,0.461309527031452,0.0,0.0
-1.6485585211906835,1.5241390101574241,0.46734449204772954,0.0,0.0
-1.6485585211906835,1.586348765674054,0.4736413199338006,0.0,0.0
-1.6485585211906835,1.648558521190683,0.4801932511646999,0.0,0.0
-1.6485585211906835,1.710768276707313,0.4869910784455931,0.0,0.0
-1.6485585211906835,1.7729780322239428,0.4940227441861491,0.0,0.0
-1.6485585211906835,1.8351877877405718,0.5012729068151635,0.0,0.0
-1.6485585211906835,1.8973975432572017,0.5087224821419253,0.0,0.0
-1.6485585211906835,1.9596072987738316,0.5163481695754389,0.0,0.0
-1.6485585211906835,2.0218170542904605,0.5241219774494923,0.0,0.0
-1.6485585211906835,2.0840268098070904,0.5320107669561259,0.0,0.0
-1.6485585211906835,2.1462365653237194,0.5399758401410764,0.0,0.0
-1.6485585211906835,2.2084463208403493,0.547972603788237,0.0,0.0
-1.6485585211906835,2.270656076356979,0.5559503473411721,0.0,0.0
-1.6485585211906835,2.332865831873608,0.5638521785616332,0.0,0.0
-1.6485585211906835,2.395075587390238,0.5716151644312101,0.0,0.0
-1.6485585211906835,2.457285342906868,0.5791707256502187,0.0,0.0
-1.6485585211906835,2.519495098423497,0.5864453296191015,0.0,0.0
-1.6485585211906835,2.581704853940127,0.5933615176727716,0.0,0.0
-1.6485585211906835,2.6439146094567567,0.599839286546642,0.0,0.0
-1.6485585211906835,2.7061243649733857,0.6057978211982282,0.0,0.0
-1.6485585211906835,2.7683341204900156,0.6111575468196205,0.0,0.0
-1.6485585211906835,2.8305438760066455,0.6158424341029921,0.0,0.0
-1.6485585211906835,2.8927536315232745,0.6197824569475163,0.0,0.0
-1.6485585211906835,2.9549633870399044,0.622916070443441,0.0,0.0
-1.6485585211906835,3.0171731425565333,0.6251925544152586,0.0,0.0
-1.6485585211906835,3.0793828980731632,0.6265740590433968,0.0,0.0
-1.586348765674054,-3.141592653589793,0.612655301516692,0.0,0.0
-1.586348765674054,-3.0793828980731637,0.6122232838556159,0.0,0.0
-1.586348765674054,-3.017173142556534,0.6109343529447748,0.0,0.0
-1.586348765674054,-2.9549633870399044,0.6088095743065369,0.0,0.0
-1.586348765674054,-2.892753631523275,0.6058830793904328,0.0,0.0
-1.586348765674054,-2.8305438760066455,0.6022006816441112,0.0,0.0
-1.586348765674054,-2.7683341204900156,0.5978180933072901,0.0,0.0
-1.586348765674054,-2.706124364973386,0.5927988734606148,0.0,0.0
-1.586348765674054,-2.6439146094567567,0.5872122461978321,0.0,0.0
-1.586348765674054,-2.581704853940127,0.581130921762081,0.0,0.0
-1.586348765674054,-2.5194950984234974,0.5746290358055823,0.0,0.0
-1.586348765674054,-2.457285342906868,0.5677802965208079,0.0,0.0
-1.586348765674054,-2.395075587390238,0.5606564005039416,0.0,0.0
-1.586348765674054,-2.3328658318736086,0.5533257496742671,0.0,0.0
-1.586348765674054,-2.270656076356979,0.5458524762895024,0.0,0.0
-1.586348765674054,-2.2084463208403498,0.538295762848071,0.0,0.0
-1.586348765674054,-2.1462365653237203,0.5307094291636648,0.0,0.0
-1.586348765674054,-2.0840268098070904,0.5231417499849701,0.0,0.0
-1.586348765674054,-2.021817054290461,0.5156354624870808,0.0,0.0
-1.586348765674054,-1.9596072987738313,0.5082279227542661,0.0,0.0
-1.586348765674054,-1.897397543257202,0.5009513729058341,0.0,0.0
-1.586348765674054,-1.8351877877405722,0.4938332847692506,0.0,0.0
-1.586348765674054,-1.7729780322239428,0.48689675112881325,0.0,0.0
-1.586348765674054,-1.7107682767073131,0.480160900928247,0.0,0.0
-1.586348765674054,-1.6485585211906835,0.4736413199338006,0.0,0.0
-1.586348765674054,-1.586348765674054,0.4673504629941004,0.0,0.0
-1.586348765674054,-1.5241390101574244,0.46129804802257823,0.0,0.0
-1.586348765674054,-1.461929254640795,0.4554914251343302,0.0,0.0
-1.586348765674054,-1.3997194991241653,0.4499359170139007,0.0,0.0
-1.586348765674054,-1.3375097436075358,0.4446351286349624,0.0,0.0
-1.586348765674054,-1.2752999880909062,0.43959122597783645,0.0,0.0
-1.586348765674054,-1.2130902325742767,0.4348051844827035,0.0,0.0
-1.586348765674054,-1.150880477057647,0.4302770087186794,0.0,0.0
-1.586348765674054,-1.0886707215410176,0.4260059252171813,0.0,0.0
-1.586348765674054,-1.0264609660243877,0.42199055067743213,0.0,0.0
-1.586348765674054,-0.9642512105077583,0.41822903785690924,0.0,0.0
-1.586348765674054,-0.9020414549911289,0.41471920145397123,0.0,0.0
-1.586348765674054,-0.8398316994744994,0.41145862620847207,0.0,0.0
-1.586348765674054,-0.7776219439578695,0.4084447593154731,0.0,0.0
-1.586348765674054,-0.7154121884412401,0.405674989087191,0.0,0.0
-1.586348765674054,-0.6532024329246107,0.4031467116236434,0.0,0.0
-1.586348765674054,-0.5909926774079808,0.40085738707339824,0.0,0.0
-1.586348765674054,-0.5287829218913513,0.39880458688945414,0.0,0.0
-1.586348765674054,-0.4665731663747219,0.39698603331607435,0.0,0.0
-1.586348765674054,-0.40436341085809246,0.39539963218307084,0.0,0.0
-1.586348765674054,-0.3421536553414626,0.39404349993584936,0.0,0.0
-1.586348765674054,-0.27994389982483314,0.39291598569282665,0.0,0.0
-1.586348765674054,-0.2177341443082037,0.39201568899623723,0.0,0.0
-1.586348765674054,-0.15552438879157382,0.3913414738070265,0.0,0.0
-1.586348765674054,-0.09331463327494438,0.3908924791883334,0.0,0.0
-1.586348765674054,-0.03110487775831494,0.39066812702365084,0.0,0.0
-1.586348765674054,0.031104877758314498,0.39066812702365084,0.0,0.0
-1.586348765674054,0.09331463327494438,0.3908924791883334,0.0,0.0
-1.586348765674054,0.15552438879157382,0.3913414738070265,0.0,0.0
-1.586348765674054,0.21773414430820326,0.39201568899623723,0.0,0.0
-1.586348765674054,0.2799438998248327,0.3929159856928266,0.0,0.0
-1.586348765674054,0.3421536553414626,0.39404349993584936,0.0,0.0
-1.586348765674054,0.404363410858092,0.39539963218307084,0.0,0.0
-1.586348765674054,0.46657316637472146,0.39698603331607435,0.0,0.0
-1.586348765674054,0.5287829218913513,0.39880458688945414,0.0,0.0
-1.586348765674054,0.5909926774079808,0.40085738707339824,0.0,0.0
-1.586348765674054,0.6532024329246102,0.40314671162364335,0.0,0.0
-1.586348765674054,0.7154121884412397,0.405674989087191,0.0,0.0
-1.586348765674054,0.7776219439578695,0.4084447593154731,0.0,0.0
-1.586348765674054,0.839831699474499,0.41145862620847207,0.0,0.0
-1.586348765674054,0.9020414549911289,0.41471920145397123,0.0,0.0
-1.586348765674054,0.9642512105077579,0.4182290378569092,0.0,0.0
-1.586348765674054,1.0264609660243877,0.42199055067743213,0.0,0.0
-1.586348765674054,1.0886707215410176,0.4260059252171813,0.0,0.0
-1.586348765674054,1.1508804770576466,0.4302770087186794,0.0,0.0
-1.586348765674054,1.2130902325742765,0.43480518448270344,0.0,0.0
-1.586348765674054,1.2752999880909055,0.43959122597783634,0.0,0.0
-1.586348765674054,1.3375097436075354,0.44463512863496235,0.0,0.0
-1.586348765674054,1.3997194991241653,0.4499359170139007,0.0,0.0
-1.586348765674054,1.4619292546407943,0.4554914251343302,0.0,0.0
-1.586348765674054,1.5241390101574241,0.46129804802257823,0.0,0.0
-1.586348765674054,1.586348765674054,0.4673504629941004,0.0,0.0
-1.586348765674054,1.648558521190683,0.4736413199338006,0.0,0.0
-1.586348765674054,1.710768276707313,0.480160900928247,0.0,0.0
-1.586348765674054,1.7729780322239428,0.48689675112881325,0.0,0.0
-1.586348765674054,1.8351877877405718,0.4938332847692505,0.0,0.0
-1.586348765674054,1.8973975432572017,0.500951372905834,0.0,0.0
-1.586348765674054,1.9596072987738316,0.5082279227542662,0.0,0.0
-1.586348765674054,2.0218170542904605,0.5156354624870808,0.0,0.0
-1.586348765674054,2.0840268098070904,0.5231417499849701,0.0,0.0
-1.586348765674054,2.1462365653237194,0.5307094291636647,0.0,0.0
-1.586348765674054,2.2084463208403493,0.538295762848071,0.0,0.0
-1.586348765674054,2.270656076356979,0.5458524762895024,0.0,0.0
-1.586348765674054,2.332865831873608,0.5533257496742671,0.0,0.0
-1.586348765674054,2.395075587390238,0.5606564005039416,0.0,0.0
-1.586348765674054,2.457285342906868,0.5677802965208079,0.0,0.0
-1.586348765674054,2.519495098423497,0.5746290358055822,0.0,0.0
-1.586348765674054,2.581704853940127,0.581130921762081,0.0,0.0
-1.586348765674054,2.6439146094567567,0.5872122461978321,0.0,0.0
-1.586348765674054,2.7061243649733857,0.5927988734606148,0.0,0.0
-1.586348765674054,2.7683341204900156,0.5978180933072901,0.0,0.0
-1.586348765674054,2.8305438760066455,0.6022006816441112,0.0,0.0
-1.586348765674054,2.8927536315232745,0.6058830793904328,0.0,0.0
-1.586348765674054,2.9549633870399044,0.6088095743065369,0.0,0.0
-1.586348765674054,3.0171731425565333,0.6109343529447747,0.0,0.0
-1.586348765674054,3.0793828980731632,0.6122232838556159,0.0,0.0
-1.5241390101574244,-3.141592653589793,0.5992070925482513,0.0,0.0
-1.5241390101574244,-3.0793828980731637,0.5988028856781831,0.0,0.0
-1.5241390101574244,-3.017173142556534,0.5975967082474674,0.0,0.0
-1.5241390101574244,-2.9549633870399044,0.5956076276169688,0.0,0.0
-1.5241390101574244,-2.892753631523275,0.5928665694464839,0.0,0.0
-1.5241390101574244,-2.8305438760066455,0.5894151074120891,0.0,0.0
-1.5241390101574244,-2.7683341204900156,0.585303899040596,0.0,0.0
-1.5241390101574244,-2.706124364973386,0.5805908785196091,0.0,0.0
-1.5241390101574244,-2.6439146094567567,0.5753393252725398,0.0,0.0
-1.5241390101574244,-2.581704853940127,0.5696159230422173,0.0,0.0
-1.5241390101574244,-2.5194950984234974,0.5634889102797859,0.0,0.0
-1.5241390101574244,-2.457285342906868,0.5570264018985166,0.0,0.0
-1.5241390101574244,-2.395075587390238,0.5502949383780187,0.0,0.0
-1.5241390101574244,-2.3328658318736086,0.5433582939759616,0.0,0.0
-1.5241390101574244,-2.270656076356979,0.5362765539144252,0.0,0.0
-1.5241390101574244,-2.2084463208403498,0.5291054524663987,0.0,0.0
-1.5241390101574244,-2.1462365653237203,0.5218959506111391,0.0,0.0
-1.5241390101574244,-2.0840268098070904,0.5146940233654972,0.0,0.0
-1.5241390101574244,-2.021817054290461,0.5075406225311638,0.0,0.0
-1.5241390101574244,-1.9596072987738313,0.5004717796350266,0.0,0.0
-1.5241390101574244,-1.897397543257202,0.49351881539068615,0.0,0.0
-1.5241390101574244,-1.8351877877405722,0.48670862521930314,0.0,0.0
-1.5241390101574244,-1.7729780322239428,0.4800640145025166,0.0,0.0
-1.5241390101574244,-1.7107682767073131,0.47360406172147335,0.0,0.0
-1.5241390101574244,-1.6485585211906835,0.46734449204772954,0.0,0.0
-1.5241390101574244,-1.586348765674054,0.46129804802257823,0.0,0.0
-1.5241390101574244,-1.5241390101574244,0.4554748475383836,0.0,0.0
-1.5241390101574244,-1.461929254640795,0.4498827223552361,0.0,0.0
-1.5241390101574244,-1.3997194991241653,0.4445275328473161,0.0,0.0
-1.5241390101574244,-1.3375097436075358,0.4394134566138226,0.0,0.0
-1.5241390101574244,-1.2752999880909062,0.4345432500690124,0.0,0.0
-1.5241390101574244,-1.2130902325742767,0.42991848321371995,0.0,0.0
-1.5241390101574244,-1.150880477057647,0.42553974855612686,0.0,0.0
-1.5241390101574244,-1.0886707215410176,0.42140684565736375,0.0,0.0
-1.5241390101574244,-1.0264609660243877,0.41751894308509047,0.0,0.0
-1.5241390101574244,-0.9642512105077583,0.41387471971437884,0.0,0.0
-1.5241390101574244,-0.9020414549911289,0.4104724873602619,0.0,0.0
-1.5241390101574244,-0.8398316994744994,0.4073102966925609,0.0,0.0
-1.5241390101574244,-0.7776219439578695,0.40438602829636516,0.0,0.0
-1.5241390101574244,-0.7154121884412401,0.4016974706201997,0.0,0.0
-1.5241390101574244,-0.6532024329246107,0.39924238641292725,0.0,0.0
-1.5241390101574244,-0.5909926774079808,0.3970185691003071,0.0,0.0
-1.5241390101574244,-0.5287829218913513,0.3950238904002666,0.0,0.0
-1.5241390101574244,-0.4665731663747219,0.3932563403272998,0.0,0.0
-1.5241390101574244,-0.40436341085809246,0.3917140605941629,0.0,0.0
-1.5241390101574244,-0.3421536553414626,0.39039537228493526,0.0,0.0
-1.5241390101574244,-0.27994389982483314,0.38929879854835575,0.0,0.0
-1.5241390101574244,-0.2177341443082037,0.3884230829441664,0.0,0.0
-1.5241390101574244,-0.15552438879157382,0.38776720396753395,0.0,0.0
-1.5241390101574244,-0.09331463327494438,0.3873303861766785,0.0,0.0
-1.5241390101574244,-0.03110487775831494,0.387112108255547,0.0,0.0
-1.5241390101574244,0.031104877758314498,0.387112108255547,0.0,0.0
-1.5241390101574244,0.09331463327494438,0.3873303861766785,0.0,0.0
-1.5241390101574244,0.15552438879157382,0.38776720396753395,0.0,0.0
-1.5241390101574244,0.21773414430820326,0.3884230829441664,0.0,0.0
-1.5241390101574244,0.2799438998248327,0.3892987985483557,0.0,0.0
-1.5241390101574244,0.3421536553414626,0.39039537228493526,0.0,0.0
-1.5241390101574244,0.404363410858092,0.3917140605941629,0.0,0.0
-1.5241390101574244,0.46657316637472146,0.39325634032729984,0.0,0.0
-1.5241390101574244,0.5287829218913513,0.3950238904002666,0.0,0.0
-1.5241390101574244,0.5909926774079808,0.3970185691003071,0.0,0.0
-1.5241390101574244,0.6532024329246102,0.39924238641292714,0.0,0.0
-1.5241390101574244,0.7154121884412397,0.4016974706201997,0.0,0.0
-1.5241390101574244,0.7776219439578695,0.40438602829636516,0.0,0.0
-1.5241390101574244,0.839831699474499,0.40731029669256086,0.0,0.0
-1.5241390101574244,0.9020414549911289,0.4104724873602619,0.0,0.0
-1.5241390101574244,0.9642512105077579,0.4138747197143788,0.0,0.0
-1.5241390101574244,1.0264609660243877,0.41751894308509047,0.0,0.0
-1.5241390101574244,1.0886707215410176,0.42140684565736375,0.0,0.0
-1.5241390101574244,1.1508804770576466,0.4255397485561269,0.0,0.0
-1.5241390101574244,1.2130902325742765,0.4299184832137199,0.0,0.0
-1.5241390101574244,1.2752999880909055,0.43454325006901234,0.0,0.0
-1.5241390101574244,1.3375097436075354,0.43941345661382253,0.0,0.0
-1.5241390101574244,1.3997194991241653,0.4445275328473161,0.0,0.0
-1.5241390101574244,1.4619292546407943,0.449882722355236,0.0,0.0
-1.5241390101574244,1.5241390101574241,0.4554748475383836,0.0,0.0
-1.5241390101574244,1.586348765674054,0.46129804802257823,0.0,0.0
-1.5241390101574244,1.648558521190683,0.46734449204772954,0.0,0.0
-1.5241390101574244,1.710768276707313,0.47360406172147335,0.0,0.0
-1.5241390101574244,1.7729780322239428,0.4800640145025166,0.0,0.0
-1.5241390101574244,1.8351877877405718,0.48670862521930314,0.0,0.0
-1.5241390101574244,1.8973975432572017,0.4935188153906861,0.0,0.0
-1.5241390101574244,1.9596072987738316,0.5004717796350266,0.0,0.0
-1.5241390101574244,2.0218170542904605,0.5075406225311638,0.0,0.0
-1.5241390101574244,2.0840268098070904,0.5146940233654972,0.0,0.0
-1.5241390101574244,2.1462365653237194,0.521895950611139,0.0,0.0
-1.5241390101574244,2.2084463208403493,0.5291054524663986,0.0,0.0
-1.5241390101574244,2.270656076356979,0.5362765539144252,0.0,0.0
-1.5241390101574244,2.332865831873608,0.5433582939759615,0.0,0.0
-1.5241390101574244,2.395075587390238,0.5502949383780187,0.0,0.0
-1.5241390101574244,2.457285342906868,0.5570264018985166,0.0,0.0
-1.5241390101574244,2.519495098423497,0.5634889102797859,0.0,0.0
-1.5241390101574244,2.581704853940127,0.5696159230422173,0.0,0.0
-1.5241390101574244,2.6439146094567567,0.5753393252725398,0.0,0.0
-1.5241390101574244,2.7061243649733857,0.5805908785196089,0.0,0.0
-1.5241390101574244,2.7683341204900156,0.585303899040596,0.0,0.0
-1.5241390101574244,2.8305438760066455,0.5894151074120891,0.0,0.0
-1.5241390101574244,2.8927536315232745,0.5928665694464839,0.0,0.0
-1.5241390101574244,2.9549633870399044,0.5956076276169688,0.0,0.0
-1.5241390101574244,3.0171731425565333,0.5975967082474674,0.0,0.0
-1.5241390101574244,3.0793828980731632,0.5988028856781831,0.0,0.0
-1.461929254640795,-3.141592653589793,0.5866427098559337,0.0,0.0
-1.461929254640795,-3.0793828980731637,0.5862633842841447,0.0,0.0
-1.461929254640795,-3.017173142556534,0.5851312649524821,0.0,0.0
-1.461929254640795,-2.9549633870399044,0.5832636938821822,0.0,0.0
-1.461929254640795,-2.892753631523275,0.5806888248527297,0.0,0.0
-1.461929254640795,-2.8305438760066455,0.5774445581355367,0.0,0.0
-1.461929254640795,-2.7683341204900156,0.5735771599433747,0.0,0.0
-1.461929254640795,-2.706124364973386,0.5691396614692967,0.0,0.0
-1.461929254640795,-2.6439146094567567,0.5641901398451268,0.0,0.0
-1.461929254640795,-2.581704853940127,0.5587899807416191,0.0,0.0
-1.461929254640795,-2.5194950984234974,0.553002211262942,0.0,0.0
-1.461929254640795,-2.457285342906868,0.5468899747454901,0.0,0.0
-1.461929254640795,-2.395075587390238,0.5405151988796324,0.0,0.0
-1.461929254640795,-2.3328658318736086,0.5339374878952323,0.0,0.0
-1.461929254640795,-2.270656076356979,0.5272132505316953,0.0,0.0
-1.461929254640795,-2.2084463208403498,0.5203950595971788,0.0,0.0
-1.461929254640795,-2.1462365653237203,0.5135312268409309,0.0,0.0
-1.461929254640795,-2.0840268098070904,0.5066655687350077,0.0,0.0
-1.461929254640795,-2.021817054290461,0.49983733425393206,0.0,0.0
-1.461929254640795,-1.9596072987738313,0.4930812642475698,0.0,0.0
-1.461929254640795,-1.897397543257202,0.48642775280281864,0.0,0.0
-1.461929254640795,-1.8351877877405722,0.47990308336716603,0.0,0.0
-1.461929254640795,-1.7729780322239428,0.473529715726762,0.0,0.0
-1.461929254640795,-1.7107682767073131,0.46732660367900264,0.0,0.0
-1.461929254640795,-1.6485585211906835,0.4613095270314521,0.0,0.0
-1.461929254640795,-1.586348765674054,0.4554914251343302,0.0,0.0
-1.461929254640795,-1.5241390101574244,0.4498827223552361,0.0,0.0
-1.461929254640795,-1.461929254640795,0.4444916386552481,0.0,0.0
-1.461929254640795,-1.3997194991241653,0.43932448070616625,0.0,0.0
-1.461929254640795,-1.3375097436075358,0.4343859108191961,0.0,0.0
-1.461929254640795,-1.2752999880909062,0.4296791923785915,0.0,0.0
-1.461929254640795,-1.2130902325742767,0.4252064115437767,0.0,0.0
-1.461929254640795,-1.150880477057647,0.42096867575757513,0.0,0.0
-1.461929254640795,-1.0886707215410176,0.4169662901316576,0.0,0.0
-1.461929254640795,-1.0264609660243877,0.41319891312337736,0.0,0.0
-1.461929254640795,-0.9642512105077583,0.40966569311442647,0.0,0.0
-1.461929254640795,-0.9020414549911289,0.40636538758789353,0.0,0.0
-1.461929254640795,-0.8398316994744994,0.40329646660630786,0.0,0.0
-1.461929254640795,-0.7776219439578695,0.40045720224299797,0.0,0.0
-1.461929254640795,-0.7154121884412401,0.397845745531176,0.0,0.0
-1.461929254640795,-0.6532024329246107,0.39546019238374336,0.0,0.0
-1.461929254640795,-0.5909926774079808,0.39329863981239793,0.0,0.0
-1.461929254640795,-0.5287829218913513,0.391359233644814,0.0,0.0
-1.461929254640795,-0.4665731663747219,0.3896402088087184,0.0,0.0
-1.461929254640795,-0.40436341085809246,0.388139923125146,0.0,0.0
-1.461929254640795,-0.3421536553414626,0.38685688543214364,0.0,0.0
-1.461929254640795,-0.27994389982483314,0.38578977874587467,0.0,0.0
-1.461929254640795,-0.2177341443082037,0.3849374790588356,0.0,0.0
-1.461929254640795,-0.15552438879157382,0.3842990702746132,0.0,0.0
-1.461929254640795,-0.09331463327494438,0.3838738556847437,0.0,0.0
-1.461929254640795,-0.03110487775831494,0.3836613663050162,0.0,0.0
-1.461929254640795,0.031104877758314498,0.3836613663050162,0.0,0.0
-1.461929254640795,0.09331463327494438,0.3838738556847437,0.0,0.0
-1.461929254640795,0.15552438879157382,0.3842990702746132,0.0,0.0
-1.461929254640795,0.21773414430820326,0.38493747905883563,0.0,0.0
-1.461929254640795,0.2799438998248327,0.3857897787458746,0.0,0.0
-1.461929254640795,0.3421536553414626,0.38685688543214364,0.0,0.0
-1.461929254640795,0.404363410858092,0.38813992312514595,0.0,0.0
-1.461929254640795,0.46657316637472146,0.38964020880871847,0.0,0.0
-1.461929254640795,0.5287829218913513,0.391359233644814,0.0,0.0
-1.461929254640795,0.5909926774079808,0.39329863981239793,0.0,0.0
-1.461929254640795,0.6532024329246102,0.39546019238374336,0.0,0.0
-1.461929254640795,0.7154121884412397,0.397845745531176,0.0,0.0
-1.461929254640795,0.7776219439578695,0.40045720224299797,0.0,0.0
-1.461929254640795,0.839831699474499,0.40329646660630786,0.0,0.0
-1.461929254640795,0.9020414549911289,0.40636538758789353,0.0,0.0
-1.461929254640795,0.9642512105077579,0.4096656931144264,0.0,0.0
-1.461929254640795,1.0264609660243877,0.41319891312337736,0.0,0.0
-1.461929254640795,1.0886707215410176,0.4169662901316576,0.0,0.0
-1.461929254640795,1.1508804770576466,0.42096867575757513,0.0,0.0
-1.461929254640795,1.2130902325742765,0.4252064115437767,0.0,0.0
-1.461929254640795,1.2752999880909055,0.42967919237859137,0.0,0.0
-1.461929254640795,1.3375097436075354,0.4343859108191961,0.0,0.0
-1.461929254640795,1.3997194991241653,0.43932448070616625,0.0,0.0
-1.461929254640795,1.4619292546407943,0.44449163865524804,0.0,0.0
-1.461929254640795,1.5241390101574241,0.4498827223552361,0.0,0.0
-1.461929254640795,1.586348765674054,0.4554914251343302,0.0,0.0
-1.461929254640795,1.648558521190683,0.461309527031452,0.0,0.0
-1.461929254640795,1.710768276707313,0.46732660367900264,0.0,0.0
-1.461929254640795,1.7729780322239428,0.473529715726762,0.0,0.0
-1.461929254640795,1.8351877877405718,0.47990308336716603,0.0,0.0
-1.461929254640795,1.8973975432572017,0.48642775280281864,0.0,0.0
-1.461929254640795,1.9596072987738316,0.4930812642475698,0.0,0.0
-1.461929254640795,2.0218170542904605,0.49983733425393195,0.0,0.0
-1.461929254640795,2.0840268098070904,0.5066655687350077,0.0,0.0
-1.461929254640795,2.1462365653237194,0.5135312268409308,0.0,0.0
-1.461929254640795,2.2084463208403493,0.5203950595971788,0.0,0.0
-1.461929254640795,2.270656076356979,0.5272132505316953,0.0,0.0
-1.461929254640795,2.332865831873608,0.5339374878952323,0.0,0.0
-1.461929254640795,2.395075587390238,0.5405151988796324,0.0,0.0
-1.461929254640795,2.457285342906868,0.5468899747454901,0.0,0.0
-1.461929254640795,2.519495098423497,0.553002211262942,0.0,0.0
-1.461929254640795,2.581704853940127,0.5587899807416191,0.0,0.0
-1.461929254640795,2.6439146094567567,0.5641901398451268,0.0,0.0
-1.461929254640795,2.7061243649733857,0.5691396614692967,0.0,0.0
-1.461929254640795,2.7683341204900156,0.5735771599433747,0.0,0.0
-1.461929254640795,2.8305438760066455,0.5774445581355367,0.0,0.0
-1.461929254640795,2.8927536315232745,0.5806888248527297,0.0,0.0
-1.461929254640795,2.9549633870399044,0.5832636938821822,0.0,0.0
-1.461929254640795,3.0171731425565333,0.5851312649524821,0.0,0.0
-1.461929254640795,3.0793828980731632,0.5862633842841447,0.0,0.0
-1.3997194991241653,-3.141592653589793,0.574914573300591,0.0,0.0
-1.3997194991241653,-3.0793828980731637,0.574557532613044,0.0,0.0
-1.3997194991241653,-3.017173142556534,0.57349176095131,0.0,0.0
-1.3997194991241653,-2.9549633870399044,0.571733106182293,0.0,0.0
-1.3997194991241653,-2.892753631523275,0.5693073186041318,0.0,0.0
-1.3997194991241653,-2.8305438760066455,0.5662491073352983,0.0,0.0
-1.3997194991241653,-2.7683341204900156,0.5626009143310666,0.0,0.0
-1.3997194991241653,-2.706124364973386,0.5584114878402954,0.0,0.0
-1.3997194991241653,-2.6439146094567567,0.5537343440753703,0.0,0.0
-1.3997194991241653,-2.581704853940127,0.548626204303609,0.0,0.0
-1.3997194991241653,-2.5194950984234974,0.5431454857280356,0.0,0.0
-1.3997194991241653,-2.457285342906868,0.5373509104172648,0.0,0.0
-1.3997194991241653,-2.395075587390238,0.5313002794967707,0.0,0.0
-1.3997194991241653,-2.3328658318736086,0.5250494420676373,0.0,0.0
-1.3997194991241653,-2.270656076356979,0.5186514717239222,0.0,0.0
-1.3997194991241653,-2.2084463208403498,0.5121560493908822,0.0,0.0
-1.3997194991241653,-2.1462365653237203,0.5056090402107285,0.0,0.0
-1.3997194991241653,-2.0840268098070904,0.49905224454711095,0.0,0.0
-1.3997194991241653,-2.021817054290461,0.49252329865516903,0.0,0.0
-1.3997194991241653,-1.9596072987738313,0.4860556987086997,0.0,0.0
-1.3997194991241653,-1.897397543257202,0.47967892210626323,0.0,0.0
-1.3997194991241653,-1.8351877877405722,0.47341862169262783,0.0,0.0
-1.3997194991241653,-1.7729780322239428,0.46729687118235586,0.0,0.0
-1.3997194991241653,-1.7107682767073131,0.4613324432019041,0.0,0.0
-1.3997194991241653,-1.6485585211906835,0.45554110462481134,0.0,0.0
-1.3997194991241653,-1.586348765674054,0.4499359170139007,0.0,0.0
-1.3997194991241653,-1.5241390101574244,0.4445275328473161,0.0,0.0
-1.3997194991241653,-1.461929254640795,0.43932448070616625,0.0,0.0
-1.3997194991241653,-1.3997194991241653,0.43433343470888114,0.0,0.0
-1.3997194991241653,-1.3375097436075358,0.42955946519660865,0.0,0.0
-1.3997194991241653,-1.2752999880909062,0.42500626903398275,0.0,0.0
-1.3997194991241653,-1.2130902325742767,0.42067637893212545,0.0,0.0
-1.3997194991241653,-1.150880477057647,0.4165713519726685,0.0,0.0
-1.3997194991241653,-1.0886707215410176,0.41269193805978927,0.0,0.0
-1.3997194991241653,-1.0264609660243877,0.40903822939546736,0.0,0.0
-1.3997194991241653,-0.9642512105077583,0.40560979230022154,0.0,0.0
-1.3997194991241653,-0.9020414549911289,0.4024057828207246,0.0,0.0
-1.3997194991241653,-0.8398316994744994,0.3994250476045625,0.0,0.0
-1.3997194991241653,-0.7776219439578695,0.3966662115033804,0.0,0.0
-1.3997194991241653,-0.7154121884412401,0.3941277533064832,0.0,0.0
-1.3997194991241653,-0.6532024329246107,0.3918080709213269,0.0,0.0
-1.3997194991241653,-0.5909926774079808,0.38970553721565104,0.0,0.0
-1.3997194991241653,-0.5287829218913513,0.3878185476258939,0.0,0.0
-1.3997194991241653,-0.4665731663747219,0.3861455605234917,0.0,0.0
-1.3997194991241653,-0.40436341085809246,0.3846851312184503,0.0,0.0
-1.3997194991241653,-0.3421536553414626,0.38343594037063894,0.0,0.0
-1.3997194991241653,-0.27994389982483314,0.3823968174750371,0.0,0.0
-1.3997194991241653,-0.2177341443082037,0.38156675998834877,0.0,0.0
-1.3997194991241653,-0.15552438879157382,0.38094494857112454,0.0,0.0
-1.3997194991241653,-0.09331463327494438,0.38053075883153165,0.0,0.0
-1.3997194991241653,-0.03110487775831494,0.3803237698736207,0.0,0.0
-1.3997194991241653,0.031104877758314498,0.3803237698736207,0.0,0.0
-1.3997194991241653,0.09331463327494438,0.38053075883153165,0.0,0.0
-1.3997194991241653,0.15552438879157382,0.38094494857112454,0.0,0.0
-1.3997194991241653,0.21773414430820326,0.38156675998834877,0.0,0.0
-1.3997194991241653,0.2799438998248327,0.3823968174750371,0.0,0.0
-1.3997194991241653,0.3421536553414626,0.38343594037063894,0.0,0.0
-1.3997194991241653,0.404363410858092,0.38468513121845027,0.0,0.0
-1.3997194991241653,0.46657316637472146,0.38614556052349175,0.0,0.0
-1.3997194991241653,0.5287829218913513,0.3878185476258939,0.0,0.0
-1.3997194991241653,0.5909926774079808,0.38970553721565104,0.0,0.0
-1.3997194991241653,0.6532024329246102,0.39180807092132686,0.0,0.0
-1.3997194991241653,0.7154121884412397,0.39412775330648314,0.0,0.0
-1.3997194991241653,0.7776219439578695,0.3966662115033804,0.0,0.0
-1.3997194991241653,0.839831699474499,0.3994250476045625,0.0,0.0
-1.3997194991241653,0.9020414549911289,0.4024057828207246,0.0,0.0
-1.3997194991241653,0.9642512105077579,0.40560979230022154,0.0,0.0
-1.3997194991241653,1.0264609660243877,0.40903822939546736,0.0,0.0
-1.3997194991241653,1.0886707215410176,0.41269193805978927,0.0,0.0
-1.3997194991241653,1.1508804770576466,0.4165713519726684,0.0,0.0
-1.3997194991241653,1.2130902325742765,0.4206763789321254,0.0,0.0
-1.3997194991241653,1.2752999880909055,0.4250062690339827,0.0,0.0
-1.3997194991241653,1.3375097436075354,0.42955946519660865,0.0,0.0
-1.3997194991241653,1.3997194991241653,0.43433343470888114,0.0,0.0
-1.3997194991241653,1.4619292546407943,0.43932448070616614,0.0,0.0
-1.3997194991241653,1.5241390101574241,0.4445275328473161,0.0,0.0
-1.3997194991241653,1.586348765674054,0.4499359170139007,0.0,0.0
-1.3997194991241653,1.648558521190683,0.4555411046248113,0.0,0.0
-1.3997194991241653,1.710768276707313,0.4613324432019041,0.0,0.0
-1.3997194991241653,1.7729780322239428,0.46729687118235586,0.0,0.0
-1.3997194991241653,1.8351877877405718,0.4734186216926278,0.0,0.0
-1.3997194991241653,1.8973975432572017,0.47967892210626323,0.0,0.0
-1.3997194991241653,1.9596072987738316,0.4860556987086997,0.0,0.0
-1.3997194991241653,2.0218170542904605,0.49252329865516903,0.0,0.0
-1.3997194991241653,2.0840268098070904,0.49905224454711095,0.0,0.0
-1.3997194991241653,2.1462365653237194,0.5056090402107284,0.0,0.0
-1.3997194991241653,2.2084463208403493,0.5121560493908822,0.0,0.0
-1.3997194991241653,2.270656076356979,0.5186514717239222,0.0,0.0
-1.3997194991241653,2.332865831873608,0.5250494420676373,0.0,0.0
-1.3997194991241653,2.395075587390238,0.5313002794967707,0.0,0.0
-1.3997194991241653,2.457285342906868,0.5373509104172648,0.0,0.0
-1.3997194991241653,2.519495098423497,0.5431454857280354,0.0,0.0
-1.3997194991241653,2.581704853940127,0.548626204303609,0.0,0.0
-1.3997194991241653,2.6439146094567567,0.5537343440753703,0.0,0.0
-1.3997194991241653,2.7061243649733857,0.5584114878402953,0.0,0.0
-1.3997194991241653,2.7683341204900156,0.5626009143310666,0.0,0.0
-1.3997194991241653,2.8305438760066455,0.5662491073352983,0.0,0.0
-1.3997194991241653,2.8927536315232745,0.5693073186041315,0.0,0.0
-1.3997194991241653,2.9549633870399044,0.571733106182293,0.0,0.0
-1.3997194991241653,3.0171731425565333,0.57349176095131,0.0,0.0
-1.3997194991241653,3.0793828980731632,0.574557532613044,0.0,0.0
-1.3375097436075358,-3.141592653589793,0.5639776729170809,0.0,0.0
-1.3375097436075358,-3.0793828980731637,0.5636406117389511,0.0,0.0
-1.3375097436075358,-3.017173142556534,0.5626343385731173,0.0,0.0
-1.3375097436075358,-2.9549633870399044,0.5609734036958773,0.0,0.0
-1.3375097436075358,-2.892753631523275,0.5586814677117381,0.0,0.0
-1.3375097436075358,-2.8305438760066455,0.5557904604484823,0.0,0.0
-1.3375097436075358,-2.7683341204900156,0.5523394856215011,0.0,0.0
-1.3375097436075358,-2.706124364973386,0.5483735423497572,0.0,0.0
-1.3375097436075358,-2.6439146094567567,0.5439421410757671,0.0,0.0
-1.3375097436075358,-2.581704853940127,0.5390978906343674,0.0,0.0
-1.3375097436075358,-2.5194950984234974,0.5338951261108358,0.0,0.0
-1.3375097436075358,-2.457285342906868,0.5283886353634665,0.0,0.0
-1.3375097436075358,-2.395075587390238,0.5226325275941728,0.0,0.0
-1.3375097436075358,-2.3328658318736086,0.5166792720309187,0.0,0.0
-1.3375097436075358,-2.270656076356979,0.5105789202402558,0.0,0.0
-1.3375097436075358,-2.2084463208403498,0.504378512974969,0.0,0.0
-1.3375097436075358,-2.1462365653237203,0.4981216624530712,0.0,0.0
-1.3375097436075358,-2.0840268098070904,0.49184829378975786,0.0,0.0
-1.3375097436075358,-2.021817054290461,0.48559452484560656,0.0,0.0
-1.3375097436075358,-1.9596072987738313,0.4793926616618911,0.0,0.0
-1.3375097436075358,-1.897397543257202,0.47327128645456723,0.0,0.0
-1.3375097436075358,-1.8351877877405722,0.4672554163269409,0.0,0.0
-1.3375097436075358,-1.7729780322239428,0.46136671296320164,0.0,0.0
-1.3375097436075358,-1.7107682767073131,0.45562372617598157,0.0,0.0
-1.3375097436075358,-1.6485585211906835,0.4500421569816845,0.0,0.0
-1.3375097436075358,-1.586348765674054,0.4446351286349624,0.0,0.0
-1.3375097436075358,-1.5241390101574244,0.4394134566138226,0.0,0.0
-1.3375097436075358,-1.461929254640795,0.4343859108191961,0.0,0.0
-1.3375097436075358,-1.3997194991241653,0.42955946519660865,0.0,0.0
-1.3375097436075358,-1.3375097436075358,0.42493953159734904,0.0,0.0
-1.3375097436075358,-1.2752999880909062,0.42053017599000614,0.0,0.0
-1.3375097436075358,-1.2130902325742767,0.41633431614185823,0.0,0.0
-1.3375097436075358,-1.150880477057647,0.4123539006513336,0.0,0.0
-1.3375097436075358,-1.0886707215410176,0.4085900697671893,0.0,0.0
-1.3375097436075358,-1.0264609660243877,0.40504329881511786,0.0,0.0
-1.3375097436075358,-0.9642512105077583,0.4017135253026403,0.0,0.0
-1.3375097436075358,-0.9020414549911289,0.39860026091841905,0.0,0.0
-1.3375097436075358,-0.8398316994744994,0.39570268970791683,0.0,0.0
-1.3375097436075358,-0.7776219439578695,0.39301975371451586,0.0,0.0
-1.3375097436075358,-0.7154121884412401,0.39055022734058453,0.0,0.0
-1.3375097436075358,-0.6532024329246107,0.3882927816197341,0.0,0.0
-1.3375097436075358,-0.5909926774079808,0.38624603950977904,0.0,0.0
-1.3375097436075358,-0.5287829218913513,0.3844086232233388,0.0,0.0
-1.3375097436075358,-0.4665731663747219,0.382779194515153,0.0,0.0
-1.3375097436075358,-0.40436341085809246,0.38135648874598677,0.0,0.0
-1.3375097436075358,-0.3421536553414626,0.38013934344512207,0.0,0.0
-1.3375097436075358,-0.27994389982483314,0.3791267219985608,0.0,0.0
-1.3375097436075358,-0.2177341443082037,0.37831773299911703,0.0,0.0
-1.3375097436075358,-0.15552438879157382,0.3777116457079237,0.0,0.0
-1.3375097436075358,-0.09331463327494438,0.377307901994463,0.0,0.0
-1.3375097436075358,-0.03110487775831494,0.3771061250437015,0.0,0.0
-1.3375097436075358,0.031104877758314498,0.3771061250437015,0.0,0.0
-1.3375097436075358,0.09331463327494438,0.377307901994463,0.0,0.0
-1.3375097436075358,0.15552438879157382,0.3777116457079237,0.0,0.0
-1.3375097436075358,0.21773414430820326,0.37831773299911703,0.0,0.0
-1.3375097436075358,0.2799438998248327,0.37912672199856073,0.0,0.0
-1.3375097436075358,0.3421536553414626,0.38013934344512207,0.0,0.0
-1.3375097436075358,0.404363410858092,0.38135648874598677,0.0,0.0
-1.3375097436075358,0.46657316637472146,0.382779194515153,0.0,0.0
-1.3375097436075358,0.5287829218913513,0.3844086232233388,0.0,0.0
-1.3375097436075358,0.5909926774079808,0.38624603950977904,0.0,0.0
-1.3375097436075358,0.6532024329246102,0.3882927816197341,0.0,0.0
-1.3375097436075358,0.7154121884412397,0.3905502273405845,0.0,0.0
-1.3375097436075358,0.7776219439578695,0.39301975371451586,0.0,0.0
-1.3375097436075358,0.839831699474499,0.39570268970791683,0.0,0.0
-1.3375097436075358,0.9020414549911289,0.39860026091841905,0.0,0.0
-1.3375097436075358,0.9642512105077579,0.40171352530264026,0.0,0.0
-1.3375097436075358,1.0264609660243877,0.40504329881511786,0.0,0.0
-1.3375097436075358,1.0886707215410176,0.4085900697671893,0.0,0.0
-1.3375097436075358,1.1508804770576466,0.4123539006513336,0.0,0.0
-1.3375097436075358,1.2130902325742765,0.41633431614185823,0.0,0.0
-1.3375097436075358,1.2752999880909055,0.4205301759900061,0.0,0.0
-1.3375097436075358,1.3375097436075354,0.42493953159734904,0.0,0.0
-1.3375097436075358,1.3997194991241653,0.42955946519660865,0.0,0.0
-1.3375097436075358,1.4619292546407943,0.4343859108191961,0.0,0.0
-1.3375097436075358,1.5241390101574241,0.43941345661382253,0.0,0.0
-1.3375097436075358,1.586348765674054,0.4446351286349624,0.0,0.0
-1.3375097436075358,1.648558521190683,0.45004215698168437,0.0,0.0
-1.3375097436075358,1.710768276707313,0.45562372617598157,0.0,0.0
-1.3375097436075358,1.7729780322239428,0.46136671296320164,0.0,0.0
-1.3375097436075358,1.8351877877405718,0.4672554163269409,0.0,0.0
-1.3375097436075358,1.8973975432572017,0.4732712864545672,0.0,0.0
-1.3375097436075358,1.9596072987738316,0.4793926616618911,0.0,0.0
-1.3375097436075358,2.0218170542904605,0.48559452484560645,0.0,0.0
-1.3375097436075358,2.0840268098070904,0.49184829378975786,0.0,0.0
-1.3375097436075358,2.1462365653237194,0.4981216624530711,0.0,0.0
-1.3375097436075358,2.2084463208403493,0.5043785129749689,0.0,0.0
-1.3375097436075358,2.270656076356979,0.5105789202402558,0.0,0.0
-1.3375097436075358,2.332865831873608,0.5166792720309187,0.0,0.0
-1.3375097436075358,2.395075587390238,0.5226325275941728,0.0,0.0
-1.3375097436075358,2.457285342906868,0.5283886353634665,0.0,0.0
-1.3375097436075358,2.519495098423497,0.5338951261108357,0.0,0.0
-1.3375097436075358,2.581704853940127,0.5390978906343674,0.0,0.0
-1.3375097436075358,2.6439146094567567,0.5439421410757671,0.0,0.0
-1.3375097436075358,2.7061243649733857,0.5483735423497572,0.0,0.0
-1.3375097436075358,2.7683341204900156,0.5523394856215011,0.0,0.0
-1.3375097436075358,2.8305438760066455,0.5557904604484823,0.0,0.0
-1.3375097436075358,2.8927536315232745,0.5586814677117381,0.0,0.0
-1.3375097436075358,2.9549633870399044,0.5609734036958773,0.0,0.0
-1.3375097436075358,3.0171731425565333,0.5626343385731173,0.0,0.0
-1.3375097436075358,3.0793828980731632,0.5636406117389511,0.0,0.0
-1.2752999880909062,-3.141592653589793,0.5537897242497922,0.0,0.0
-1.2752999880909062,-3.0793828980731637,0.5534705913220486,0.0,0.0
-1.2752999880909062,-3.017173142556534,0.5525177199559309,0.0,0.0
-1.2752999880909062,-2.9549633870399044,0.5509445305627761,0.0,0.0
-1.2752999880909062,-2.892753631523275,0.5487728622473536,0.0,0.0
-1.2752999880909062,-2.8305438760066455,0.5460322184367362,0.0,0.0
-1.2752999880909062,-2.7683341204900156,0.5427587824093943,0.0,0.0
-1.2752999880909062,-2.706124364973386,0.5389942649435682,0.0,0.0
-1.2752999880909062,-2.6439146094567567,0.5347846523072032,0.0,0.0
-1.2752999880909062,-2.581704853940127,0.5301789225523283,0.0,0.0
-1.2752999880909062,-2.5194950984234974,0.5252277923322881,0.0,0.0
-1.2752999880909062,-2.457285342906868,0.5199825465746895,0.0,0.0
-1.2752999880909062,-2.395075587390238,0.5144939909379529,0.0,0.0
-1.2752999880909062,-2.3328658318736086,0.5088115536734613,0.0,0.0
-1.2752999880909062,-2.270656076356979,0.5029825507030113,0.0,0.0
-1.2752999880909062,-2.2084463208403498,0.4970516164387965,0.0,0.0
-1.2752999880909062,-2.1462365653237203,0.4910602937526552,0.0,0.0
-1.2752999880909062,-2.0840268098070904,0.4850467697969854,0.0,0.0
-1.2752999880909062,-2.021817054290461,0.47904574004036904,0.0,0.0
-1.2752999880909062,-1.9596072987738313,0.47308838064303016,0.0,0.0
-1.2752999880909062,-1.897397543257202,0.4672024087771342,0.0,0.0
-1.2752999880909062,-1.8351877877405722,0.4614122112689476,0.0,0.0
-1.2752999880909062,-1.7729780322239428,0.45573902359365276,0.0,0.0
-1.2752999880909062,-1.7107682767073131,0.4502011434301146,0.0,0.0
-1.2752999880909062,-1.6485585211906835,0.4448141653921621,0.0,0.0
-1.2752999880909062,-1.586348765674054,0.43959122597783645,0.0,0.0
-1.2752999880909062,-1.5241390101574244,0.4345432500690124,0.0,0.0
-1.2752999880909062,-1.461929254640795,0.4296791923785915,0.0,0.0
-1.2752999880909062,-1.3997194991241653,0.42500626903398275,0.0,0.0
-1.2752999880909062,-1.3375097436075358,0.42053017599000614,0.0,0.0
-1.2752999880909062,-1.2752999880909062,0.4162552921904789,0.0,0.0
-1.2752999880909062,-1.2130902325742767,0.4121848663685283,0.0,0.0
-1.2752999880909062,-1.150880477057647,0.4083211871215346,0.0,0.0
-1.2752999880909062,-1.0886707215410176,0.40466573645078807,0.0,0.0
-1.2752999880909062,-1.0264609660243877,0.40121932735126803,0.0,0.0
-1.2752999880909062,-0.9642512105077583,0.3979822263039154,0.0,0.0
-1.2752999880909062,-0.9020414549911289,0.3949542616884511,0.0,0.0
-1.2752999880909062,-0.8398316994744994,0.3921349192224405,0.0,0.0
-1.2752999880909062,-0.7776219439578695,0.3895234255613404,0.0,0.0
-1.2752999880909062,-0.7154121884412401,0.38711882118050495,0.0,0.0
-1.2752999880909062,-0.6532024329246107,0.3849200236161997,0.0,0.0
-1.2752999880909062,-0.5909926774079808,0.38292588207840994,0.0,0.0
-1.2752999880909062,-0.5287829218913513,0.3811352243711584,0.0,0.0
-1.2752999880909062,-0.4665731663747219,0.3795468969717578,0.0,0.0
-1.2752999880909062,-0.40436341085809246,0.3781597990329758,0.0,0.0
-1.2752999880909062,-0.3421536553414626,0.3769729109842896,0.0,0.0
-1.2752999880909062,-0.27994389982483314,0.3759853183221374,0.0,0.0
-1.2752999880909062,-0.2177341443082037,0.3751962310954255,0.0,0.0
-1.2752999880909062,-0.15552438879157382,0.3746049995121045,0.0,0.0
-1.2752999880909062,-0.09331463327494438,0.37421112601549494,0.0,0.0
-1.2752999880909062,-0.03110487775831494,0.37401427410505744,0.0,0.0
-1.2752999880909062,0.031104877758314498,0.37401427410505744,0.0,0.0
-1.2752999880909062,0.09331463327494438,0.37421112601549494,0.0,0.0
-1.2752999880909062,0.15552438879157382,0.3746049995121045,0.0,0.0
-1.2752999880909062,0.21773414430820326,0.3751962310954255,0.0,0.0
-1.2752999880909062,0.2799438998248327,0.3759853183221374,0.0,0.0
-1.2752999880909062,0.3421536553414626,0.3769729109842896,0.0,0.0
-1.2752999880909062,0.404363410858092,0.37815979903297575,0.0,0.0
-1.2752999880909062,0.46657316637472146,0.3795468969717578,0.0,0.0
-1.2752999880909062,0.5287829218913513,0.3811352243711584,0.0,0.0
-1.2752999880909062,0.5909926774079808,0.38292588207840994,0.0,0.0
-1.2752999880909062,0.6532024329246102,0.3849200236161997,0.0,0.0
-1.2752999880909062,0.7154121884412397,0.38711882118050495,0.0,0.0
-1.2752999880909062,0.7776219439578695,0.3895234255613404,0.0,0.0
-1.2752999880909062,0.839831699474499,0.3921349192224405,0.0,0.0
-1.2752999880909062,0.9020414549911289,0.3949542616884511,0.0,0.0
-1.2752999880909062,0.9642512105077579,0.39798222630391533,0.0,0.0
-1.2752999880909062,1.0264609660243877,0.40121932735126803,0.0,0.0
-1.2752999880909062,1.0886707215410176,0.40466573645078807,0.0,0.0
-1.2752999880909062,1.1508804770576466,0.40832118712153453,0.0,0.0
-1.2752999880909062,1.2130902325742765,0.41218486636852825,0.0,0.0
-1.2752999880909062,1.2752999880909055,0.41625529219047885,0.0,0.0
-1.2752999880909062,1.3375097436075354,0.4205301759900061,0.0,0.0
-1.2752999880909062,1.3997194991241653,0.42500626903398275,0.0,0.0
-1.2752999880909062,1.4619292546407943,0.42967919237859137,0.0,0.0
-1.2752999880909062,1.5241390101574241,0.4345432500690124,0.0,0.0
-1.2752999880909062,1.586348765674054,0.43959122597783645,0.0,0.0
-1.2752999880909062,1.648558521190683,0.4448141653921621,0.0,0.0
-1.2752999880909062,1.710768276707313,0.4502011434301145,0.0,0.0
-1.2752999880909062,1.7729780322239428,0.45573902359365276,0.0,0.0
-1.2752999880909062,1.8351877877405718,0.4614122112689475,0.0,0.0
-1.2752999880909062,1.8973975432572017,0.4672024087771341,0.0,0.0
-1.2752999880909062,1.9596072987738316,0.47308838064303016,0.0,0.0
-1.2752999880909062,2.0218170542904605,0.47904574004036893,0.0,0.0
-1.2752999880909062,2.0840268098070904,0.4850467697969854,0.0,0.0
-1.2752999880909062,2.1462365653237194,0.49106029375265514,0.0,0.0
-1.2752999880909062,2.2084463208403493,0.4970516164387964,0.0,0.0
-1.2752999880909062,2.270656076356979,0.5029825507030113,0.0,0.0
-1.2752999880909062,2.332865831873608,0.5088115536734613,0.0,0.0
-1.2752999880909062,2.395075587390238,0.5144939909379529,0.0,0.0
-1.2752999880909062,2.457285342906868,0.5199825465746895,0.0,0.0
-1.2752999880909062,2.519495098423497,0.5252277923322881,0.0,0.0
-1.2752999880909062,2.581704853940127,0.5301789225523283,0.0,0.0
-1.2752999880909062,2.6439146094567567,0.5347846523072032,0.0,0.0
-1.2752999880909062,2.7061243649733857,0.5389942649435682,0.0,0.0
-1.2752999880909062,2.7683341204900156,0.5427587824093943,0.0,0.0
-1.2752999880909062,2.8305438760066455,0.5460322184367362,0.0,0.0
-1.2752999880909062,2.8927536315232745,0.5487728622473536,0.0,0.0
-1.2752999880909062,2.9549633870399044,0.5509445305627761,0.0,0.0
-1.2752999880909062,3.0171731425565333,0.5525177199559309,0.0,0.0
-1.2752999880909062,3.0793828980731632,0.5534705913220485,0.0,0.0
-1.2130902325742767,-3.141592653589793,0.5443112273992466,0.0,0.0
-1.2130902325742767,-3.0793828980731637,0.5440081932631649,0.0,0.0
-1.2130902325742767,-3.017173142556534,0.5431032841729881,0.0,0.0
-1.2130902325742767,-2.9549633870399044,0.5416089343322501,0.0,0.0
-1.2130902325742767,-2.892753631523275,0.5395453914063273,0.0,0.0
-1.2130902325742767,-2.8305438760066455,0.5369400358309296,0.0,0.0
-1.2130902325742767,-2.7683341204900156,0.5338264907686449,0.0,0.0
-1.2130902325742767,-2.706124364973386,0.5302435775740526,0.0,0.0
-1.2130902325742767,-2.6439146094567567,0.5262341771962477,0.0,0.0
-1.2130902325742767,-2.581704853940127,0.5218440580840693,0.0,0.0
-1.2130902325742767,-2.5194950984234974,0.5171207264855601,0.0,0.0
-1.2130902325742767,-2.457285342906868,0.5121123466639496,0.0,0.0
-1.2130902325742767,-2.395075587390238,0.5068667678580843,0.0,0.0
-1.2130902325742767,-2.3328658318736086,0.5014306831858014,0.0,0.0
-1.2130902325742767,-2.270656076356979,0.49584893434404487,0.0,0.0
-1.2130902325742767,-2.2084463208403498,0.490163965828484,0.0,0.0
-1.2130902325742767,-2.1462365653237203,0.4844154240685544,0.0,0.0
-1.2130902325742767,-2.0840268098070904,0.4786398906174301,0.0,0.0
-1.2130902325742767,-2.021817054290461,0.47287073434775684,0.0,0.0
-1.2130902325742767,-1.9596072987738313,0.4671380652869594,0.0,0.0
-1.2130902325742767,-1.897397543257202,0.461468771968873,0.0,0.0
-1.2130902325742767,-1.8351877877405722,0.4558866246216888,0.0,0.0
-1.2130902325742767,-1.7729780322239428,0.4504124277996557,0.0,0.0
-1.2130902325742767,-1.7107682767073131,0.44506420787896955,0.0,0.0
-1.2130902325742767,-1.6485585211906835,0.4398574229136158,0.0,0.0
-1.2130902325742767,-1.586348765674054,0.4348051844827035,0.0,0.0
-1.2130902325742767,-1.5241390101574244,0.42991848321371995,0.0,0.0
-1.2130902325742767,-1.461929254640795,0.4252064115437767,0.0,0.0
-1.2130902325742767,-1.3997194991241653,0.42067637893212545,0.0,0.0
-1.2130902325742767,-1.3375097436075358,0.41633431614185823,0.0,0.0
-1.2130902325742767,-1.2752999880909062,0.4121848663685283,0.0,0.0
-1.2130902325742767,-1.2130902325742767,0.4082315619243767,0.0,0.0
-1.2130902325742767,-1.150880477057647,0.4044769859130094,0.0,0.0
-1.2130902325742767,-1.0886707215410176,0.400922918878494,0.0,0.0
-1.2130902325742767,-1.0264609660243877,0.3975704708132961,0.0,0.0
-1.2130902325742767,-0.9642512105077583,0.39442019918817606,0.0,0.0
-1.2130902325742767,-0.9020414549911289,0.3914722138485048,0.0,0.0
-1.2130902325742767,-0.8398316994744994,0.3887262697266818,0.0,0.0
-1.2130902325742767,-0.7776219439578695,0.3861818483674624,0.0,0.0
-1.2130902325742767,-0.7154121884412401,0.3838382292668892,0.0,0.0
-1.2130902325742767,-0.6532024329246107,0.38169455199819424,0.0,0.0
-1.2130902325742767,-0.5909926774079808,0.37974987004899025,0.0,0.0
-1.2130902325742767,-0.5287829218913513,0.37800319723066045,0.0,0.0
-1.2130902325742767,-0.4665731663747219,0.3764535474486514,0.0,0.0
-1.2130902325742767,-0.40436341085809246,0.3750999685454845,0.0,0.0
-1.2130902325742767,-0.3421536553414626,0.37394157084964813,0.0,0.0
-1.2130902325742767,-0.27994389982483314,0.3729775509851218,0.0,0.0
-1.2130902325742767,-0.2177341443082037,0.3722072114193825,0.0,0.0
-1.2130902325742767,-0.15552438879157382,0.37162997615306653,0.0,0.0
-1.2130902325742767,-0.09331463327494438,0.3712454028822938,0.0,0.0
-1.2130902325742767,-0.03110487775831494,0.37105319189497693,0.0,0.0
-1.2130902325742767,0.031104877758314498,0.37105319189497693,0.0,0.0
-1.2130902325742767,0.09331463327494438,0.3712454028822938,0.0,0.0
-1.2130902325742767,0.15552438879157382,0.37162997615306653,0.0,0.0
-1.2130902325742767,0.21773414430820326,0.3722072114193825,0.0,0.0
-1.2130902325742767,0.2799438998248327,0.37297755098512175,0.0,0.0
-1.2130902325742767,0.3421536553414626,0.37394157084964813,0.0,0.0
-1.2130902325742767,0.404363410858092,0.3750999685454845,0.0,0.0
-1.2130902325742767,0.46657316637472146,0.37645354744865145,0.0,0.0
-1.2130902325742767,0.5287829218913513,0.37800319723066045,0.0,0.0
-1.2130902325742767,0.5909926774079808,0.37974987004899025,0.0,0.0
-1.2130902325742767,0.6532024329246102,0.3816945519981942,0.0,0.0
-1.2130902325742767,0.7154121884412397,0.3838382292668892,0.0,0.0
-1.2130902325742767,0.7776219439578695,0.3861818483674624,0.0,0.0
-1.2130902325742767,0.839831699474499,0.3887262697266818,0.0,0.0
-1.2130902325742767,0.9020414549911289,0.3914722138485048,0.0,0.0
-1.2130902325742767,0.9642512105077579,0.39442019918817606,0.0,0.0
-1.2130902325742767,1.0264609660243877,0.3975704708132961,0.0,0.0
-1.2130902325742767,1.0886707215410176,0.400922918878494,0.0,0.0
-1.2130902325742767,1.1508804770576466,0.4044769859130094,0.0,0.0
-1.2130902325742767,1.2130902325742765,0.40823156192437665,0.0,0.0
-1.2130902325742767,1.2752999880909055,0.4121848663685283,0.0,0.0
-1.2130902325742767,1.3375097436075354,0.41633431614185823,0.0,0.0
-1.2130902325742767,1.3997194991241653,0.42067637893212545,0.0,0.0
-1.2130902325742767,1.4619292546407943,0.4252064115437767,0.0,0.0
-1.2130902325742767,1.5241390101574241,0.42991848321371995,0.0,0.0
-1.2130902325742767,1.586348765674054,0.4348051844827035,0.0,0.0
-1.2130902325742767,1.648558521190683,0.43985742291361574,0.0,0.0
-1.2130902325742767,1.710768276707313,0.44506420787896955,0.0,0.0
-1.2130902325742767,1.7729780322239428,0.4504124277996557,0.0,0.0
-1.2130902325742767,1.8351877877405718,0.4558866246216888,0.0,0.0
-1.2130902325742767,1.8973975432572017,0.461468771968873,0.0,0.0
-1.2130902325742767,1.9596072987738316,0.4671380652869594,0.0,0.0
-1.2130902325742767,2.0218170542904605,0.4728707343477568,0.0,0.0
-1.2130902325742767,2.0840268098070904,0.4786398906174301,0.0,0.0
-1.2130902325742767,2.1462365653237194,0.4844154240685543,0.0,0.0
-1.2130902325742767,2.2084463208403493,0.490163965828484,0.0,0.0
-1.2130902325742767,2.270656076356979,0.49584893434404487,0.0,0.0
-1.2130902325742767,2.332865831873608,0.5014306831858014,0.0,0.0
-1.2130902325742767,2.395075587390238,0.5068667678580843,0.0,0.0
-1.2130902325742767,2.457285342906868,0.5121123466639496,0.0,0.0
-1.2130902325742767,2.519495098423497,0.5171207264855601,0.0,0.0
-1.2130902325742767,2.581704853940127,0.5218440580840693,0.0,0.0
-1.2130902325742767,2.6439146094567567,0.5262341771962477,0.0,0.0
-1.2130902325742767,2.7061243649733857,0.5302435775740526,0.0,0.0
-1.2130902325742767,2.7683341204900156,0.5338264907686449,0.0,0.0
-1.2130902325742767,2.8305438760066455,0.5369400358309296,0.0,0.0
-1.2130902325742767,2.8927536315232745,0.5395453914063273,0.0,0.0
-1.2130902325742767,2.9549633870399044,0.5416089343322501,0.0,0.0
-1.2130902325742767,3.0171731425565333,0.5431032841729881,0.0,0.0
-1.2130902325742767,3.0793828980731632,0.5440081932631649,0.0,0.0
-1.150880477057647,-3.141592653589793,0.535505458286866,0.0,0.0
-1.150880477057647,-3.0793828980731637,0.5352168870643755,0.0,0.0
-1.150880477057647,-3.017173142556534,0.5343550745925986,0.0,0.0
-1.150880477057647,-2.9549633870399044,0.5329315923933932,0.0,0.0
-1.150880477057647,-2.892753631523275,0.53096529479607,0.0,0.0
-1.150880477057647,-2.8305438760066455,0.5284817010667584,0.0,0.0
-1.150880477057647,-2.7683341204900156,0.5255121860704387,0.0,0.0
-1.150880477057647,-2.706124364973386,0.5220930281872296,0.0,0.0
-1.150880477057647,-2.6439146094567567,0.5182643683737774,0.0,0.0
-1.150880477057647,-2.581704853940127,0.5140691346815226,0.0,0.0
-1.150880477057647,-2.5194950984234974,0.5095519827174378,0.0,0.0
-1.150880477057647,-2.457285342906868,0.5047582953928734,0.0,0.0
-1.150880477057647,-2.395075587390238,0.49973327602007905,0.0,0.0
-1.150880477057647,-2.3328658318736086,0.49452115858641554,0.0,0.0
-1.150880477057647,-2.270656076356979,0.4891645489361638,0.0,0.0
-1.150880477057647,-2.2084463208403498,0.48370390145414266,0.0,0.0
-1.150880477057647,-2.1462365653237203,0.47817712822379566,0.0,0.0
-1.150880477057647,-2.0840268098070904,0.4726193317948148,0.0,0.0
-1.150880477057647,-2.021817054290461,0.46706264867404923,0.0,0.0
-1.150880477057647,-1.9596072987738313,0.46153618830478976,0.0,0.0
-1.150880477057647,-1.897397543257202,0.4560660513698341,0.0,0.0
-1.150880477057647,-1.8351877877405722,0.4506754114380758,0.0,0.0
-1.150880477057647,-1.7729780322239428,0.44538464496279434,0.0,0.0
-1.150880477057647,-1.7107682767073131,0.4402114961488928,0.0,0.0
-1.150880477057647,-1.6485585211906835,0.4351712649971419,0.0,0.0
-1.150880477057647,-1.586348765674054,0.4302770087186794,0.0,0.0
-1.150880477057647,-1.5241390101574244,0.42553974855612686,0.0,0.0
-1.150880477057647,-1.461929254640795,0.42096867575757513,0.0,0.0
-1.150880477057647,-1.3997194991241653,0.4165713519726685,0.0,0.0
-1.150880477057647,-1.3375097436075358,0.4123539006513336,0.0,0.0
-1.150880477057647,-1.2752999880909062,0.4083211871215346,0.0,0.0
-1.150880477057647,-1.2130902325742767,0.4044769859130094,0.0,0.0
-1.150880477057647,-1.150880477057647,0.4008241345980129,0.0,0.0
-1.150880477057647,-1.0886707215410176,0.39736467396072095,0.0,0.0
-1.150880477057647,-1.0264609660243877,0.3940999747085772,0.0,0.0
-1.150880477057647,-0.9642512105077583,0.3910308512252619,0.0,0.0
-1.150880477057647,-0.9020414549911289,0.38815766305805754,0.0,0.0
-1.150880477057647,-0.8398316994744994,0.38548040495160074,0.0,0.0
-1.150880477057647,-0.7776219439578695,0.38299878630200956,0.0,0.0
-1.150880477057647,-0.7154121884412401,0.38071230092411634,0.0,0.0
-1.150880477057647,-0.6532024329246107,0.3786202880114149,0.0,0.0
-1.150880477057647,-0.5909926774079808,0.3767219851324848,0.0,0.0
-1.150880477057647,-0.5287829218913513,0.37501657405623895,0.0,0.0
-1.150880477057647,-0.4665731663747219,0.3735032201368567,0.0,0.0
-1.150880477057647,-0.40436341085809246,0.3721811059218252,0.0,0.0
-1.150880477057647,-0.3421536553414626,0.37104945957611546,0.0,0.0
-1.150880477057647,-0.27994389982483314,0.3701075786442745,0.0,0.0
-1.150880477057647,-0.2177341443082037,0.3693548496014962,0.0,0.0
-1.150880477057647,-0.15552438879157382,0.3687907635754072,0.0,0.0
-1.150880477057647,-0.09331463327494438,0.36841492855276187,0.0,0.0
-1.150880477057647,-0.03110487775831494,0.3682270783196089,0.0,0.0
-1.150880477057647,0.031104877758314498,0.3682270783196089,0.0,0.0
-1.150880477057647,0.09331463327494438,0.36841492855276187,0.0,0.0
-1.150880477057647,0.15552438879157382,0.3687907635754072,0.0,0.0
-1.150880477057647,0.21773414430820326,0.3693548496014962,0.0,0.0
-1.150880477057647,0.2799438998248327,0.3701075786442745,0.0,0.0
-1.150880477057647,0.3421536553414626,0.37104945957611546,0.0,0.0
-1.150880477057647,0.404363410858092,0.3721811059218252,0.0,0.0
-1.150880477057647,0.46657316637472146,0.3735032201368568,0.0,0.0
-1.150880477057647,0.5287829218913513,0.37501657405623895,0.0,0.0
-1.150880477057647,0.5909926774079808,0.3767219851324848,0.0,0.0
-1.150880477057647,0.6532024329246102,0.3786202880114149,0.0,0.0
-1.150880477057647,0.7154121884412397,0.3807123009241163,0.0,0.0
-1.150880477057647,0.7776219439578695,0.38299878630200956,0.0,0.0
-1.150880477057647,0.839831699474499,0.38548040495160074,0.0,0.0
-1.150880477057647,0.9020414549911289,0.38815766305805754,0.0,0.0
-1.150880477057647,0.9642512105077579,0.3910308512252618,0.0,0.0
-1.150880477057647,1.0264609660243877,0.3940999747085772,0.0,0.0
-1.150880477057647,1.0886707215410176,0.39736467396072095,0.0,0.0
-1.150880477057647,1.1508804770576466,0.4008241345980129,0.0,0.0
-1.150880477057647,1.2130902325742765,0.40447698591300935,0.0,0.0
-1.150880477057647,1.2752999880909055,0.40832118712153453,0.0,0.0
-1.150880477057647,1.3375097436075354,0.4123539006513336,0.0,0.0
-1.150880477057647,1.3997194991241653,0.4165713519726685,0.0,0.0
-1.150880477057647,1.4619292546407943,0.42096867575757513,0.0,0.0
-1.150880477057647,1.5241390101574241,0.42553974855612686,0.0,0.0
-1.150880477057647,1.586348765674054,0.4302770087186794,0.0,0.0
-1.150880477057647,1.648558521190683,0.4351712649971419,0.0,0.0
-1.150880477057647,1.710768276707313,0.4402114961488928,0.0,0.0
-1.150880477057647,1.7729780322239428,0.44538464496279434,0.0,0.0
-1.150880477057647,1.8351877877405718,0.4506754114380758,0.0,0.0
-1.150880477057647,1.8973975432572017,0.456066051369834,0.0,0.0
-1.150880477057647,1.9596072987738316,0.46153618830478976,0.0,0.0
-1.150880477057647,2.0218170542904605,0.4670626486740492,0.0,0.0
-1.150880477057647,2.0840268098070904,0.4726193317948148,0.0,0.0
-1.150880477057647,2.1462365653237194,0.4781771282237956,0.0,0.0
-1.150880477057647,2.2084463208403493,0.4837039014541426,0.0,0.0
-1.150880477057647,2.270656076356979,0.4891645489361638,0.0,0.0
-1.150880477057647,2.332865831873608,0.49452115858641554,0.0,0.0
-1.150880477057647,2.395075587390238,0.49973327602007905,0.0,0.0
-1.150880477057647,2.457285342906868,0.5047582953928734,0.0,0.0
-1.150880477057647,2.519495098423497,0.5095519827174378,0.0,0.0
-1.150880477057647,2.581704853940127,0.5140691346815226,0.0,0.0
-1.150880477057647,2.6439146094567567,0.5182643683737774,0.0,0.0
-1.150880477057647,2.7061243649733857,0.5220930281872295,0.0,0.0
-1.150880477057647,2.7683341204900156,0.5255121860704387,0.0,0.0
-1.150880477057647,2.8305438760066455,0.5284817010667584,0.0,0.0
-1.150880477057647,2.8927536315232745,0.53096529479607,0.0,0.0
-1.150880477057647,2.9549633870399044,0.5329315923933932,0.0,0.0
-1.150880477057647,3.0171731425565333,0.5343550745925986,0.0,0.0
-1.150880477057647,3.0793828980731632,0.5352168870643754,0.0,0.0
-1.0886707215410176,-3.141592653589793,0.5273384134986863,0.0,0.0
-1.0886707215410176,-3.0793828980731637,0.5270628382786581,0.0,0.0
-1.0886707215410176,-3.017173142556534,0.526239757909936,0.0,0.0
-1.0886707215410176,-2.9549633870399044,0.5248799878835296,0.0,0.0
-1.0886707215410176,-2.892753631523275,0.52300116045963,0.0,0.0
-1.0886707215410176,-2.8305438760066455,0.5206271605391009,0.0,0.0
-1.0886707215410176,-2.7683341204900156,0.517787385520127,0.0,0.0
-1.0886707215410176,-2.706124364973386,0.5145158727169338,0.0,0.0
-1.0886707215410176,-2.6439146094567567,0.5108503427245152,0.0,0.0
-1.0886707215410176,-2.581704853940127,0.5068312077371278,0.0,0.0
-1.0886707215410176,-2.5194950984234974,0.5025005906766408,0.0,0.0
-1.0886707215410176,-2.457285342906868,0.4979013948483123,0.0,0.0
-1.0886707215410176,-2.395075587390238,0.4930764557197184,0.0,0.0
-1.0886707215410176,-2.3328658318736086,0.48806779736152994,0.0,0.0
-1.0886707215410176,-2.270656076356979,0.48291600704594634,0.0,0.0
-1.0886707215410176,-2.2084463208403498,0.47765973322303534,0.0,0.0
-1.0886707215410176,-2.1462365653237203,0.47233530509788035,0.0,0.0
-1.0886707215410176,-2.0840268098070904,0.4669764665802622,0.0,0.0
-1.0886707215410176,-2.021817054290461,0.4616142135308605,0.0,0.0
-1.0886707215410176,-1.9596072987738313,0.45627672088093213,0.0,0.0
-1.0886707215410176,-1.897397543257202,0.45098934514918854,0.0,0.0
-1.0886707215410176,-1.8351877877405722,0.4457746878606098,0.0,0.0
-1.0886707215410176,-1.7729780322239428,0.4406527061163853,0.0,0.0
-1.0886707215410176,-1.7107682767073131,0.43564085781927825,0.0,0.0
-1.0886707215410176,-1.6485585211906835,0.4307542706073217,0.0,0.0
-1.0886707215410176,-1.586348765674054,0.4260059252171813,0.0,0.0
-1.0886707215410176,-1.5241390101574244,0.42140684565736375,0.0,0.0
-1.0886707215410176,-1.461929254640795,0.4169662901316576,0.0,0.0
-1.0886707215410176,-1.3997194991241653,0.41269193805978927,0.0,0.0
-1.0886707215410176,-1.3375097436075358,0.4085900697671893,0.0,0.0
-1.0886707215410176,-1.2752999880909062,0.40466573645078807,0.0,0.0
-1.0886707215410176,-1.2130902325742767,0.400922918878494,0.0,0.0
-1.0886707215410176,-1.150880477057647,0.39736467396072095,0.0,0.0
-1.0886707215410176,-1.0886707215410176,0.39399326886210423,0.0,0.0
-1.0886707215410176,-1.0264609660243877,0.3908103027213905,0.0,0.0
-1.0886707215410176,-0.9642512105077583,0.38781681633839715,0.0,0.0
-1.0886707215410176,-0.9020414549911289,0.38501339038862914,0.0,0.0
-1.0886707215410176,-0.8398316994744994,0.382400232856354,0.0,0.0
-1.0886707215410176,-0.7776219439578695,0.37997725645109687,0.0,0.0
-1.0886707215410176,-0.7154121884412401,0.3777441468036956,0.0,0.0
-1.0886707215410176,-0.6532024329246107,0.37570042223705125,0.0,0.0
-1.0886707215410176,-0.5909926774079808,0.3738454858822784,0.0,0.0
-1.0886707215410176,-0.5287829218913513,0.37217867087003975,0.0,0.0
-1.0886707215410176,-0.4665731663747219,0.37069927927483437,0.0,0.0
-1.0886707215410176,-0.40436341085809246,0.3694066154310044,0.0,0.0
-1.0886707215410176,-0.3421536553414626,0.3683000141762539,0.0,0.0
-1.0886707215410176,-0.27994389982483314,0.36737886451372137,0.0,0.0
-1.0886707215410176,-0.2177341443082037,0.36664262911858686,0.0,0.0
-1.0886707215410176,-0.15552438879157382,0.36609086005078556,0.0,0.0
-1.0886707215410176,-0.09331463327494438,0.36572321097215615,0.0,0.0
-1.0886707215410176,-0.03110487775831494,0.36553944610449685,0.0,0.0
-1.0886707215410176,0.031104877758314498,0.36553944610449685,0.0,0.0
-1.0886707215410176,0.09331463327494438,0.36572321097215615,0.0,0.0
-1.0886707215410176,0.15552438879157382,0.36609086005078556,0.0,0.0
-1.0886707215410176,0.21773414430820326,0.36664262911858686,0.0,0.0
-1.0886707215410176,0.2799438998248327,0.36737886451372137,0.0,0.0
-1.0886707215410176,0.3421536553414626,0.3683000141762539,0.0,0.0
-1.0886707215410176,0.404363410858092,0.3694066154310044,0.0,0.0
-1.0886707215410176,0.46657316637472146,0.37069927927483437,0.0,0.0
-1.0886707215410176,0.5287829218913513,0.37217867087003975,0.0,0.0
-1.0886707215410176,0.5909926774079808,0.3738454858822784,0.0,0.0
-1.0886707215410176,0.6532024329246102,0.3757004222370512,0.0,0.0
-1.0886707215410176,0.7154121884412397,0.37774414680369556,0.0,0.0
-1.0886707215410176,0.7776219439578695,0.37997725645109687,0.0,0.0
-1.0886707215410176,0.839831699474499,0.38240023285635394,0.0,0.0
-1.0886707215410176,0.9020414549911289,0.38501339038862914,0.0,0.0
-1.0886707215410176,0.9642512105077579,0.38781681633839715,0.0,0.0
-1.0886707215410176,1.0264609660243877,0.3908103027213905,0.0,0.0
-1.0886707215410176,1.0886707215410176,0.39399326886210423,0.0,0.0
-1.0886707215410176,1.1508804770576466,0.397364673960721,0.0,0.0
-1.0886707215410176,1.2130902325742765,0.400922918878494,0.0,0.0
-1.0886707215410176,1.2752999880909055,0.40466573645078807,0.0,0.0
-1.0886707215410176,1.3375097436075354,0.40859006976718926,0.0,0.0
-1.0886707215410176,1.3997194991241653,0.41269193805978927,0.0,0.0
-1.0886707215410176,1.4619292546407943,0.4169662901316576,0.0,0.0
-1.0886707215410176,1.5241390101574241,0.42140684565736375,0.0,0.0
-1.0886707215410176,1.586348765674054,0.4260059252171813,0.0,0.0
-1.0886707215410176,1.648558521190683,0.4307542706073217,0.0,0.0
-1.0886707215410176,1.710768276707313,0.43564085781927825,0.0,0.0
-1.0886707215410176,1.7729780322239428,0.4406527061163853,0.0,0.0
-1.0886707215410176,1.8351877877405718,0.4457746878606098,0.0,0.0
-1.0886707215410176,1.8973975432572017,0.4509893451491884,0.0,0.0
-1.0886707215410176,1.9596072987738316,0.45627672088093213,0.0,0.0
-1.0886707215410176,2.0218170542904605,0.46161421353086046,0.0,0.0
-1.0886707215410176,2.0840268098070904,0.4669764665802622,0.0,0.0
-1.0886707215410176,2.1462365653237194,0.47233530509788024,0.0,0.0
-1.0886707215410176,2.2084463208403493,0.47765973322303523,0.0,0.0
-1.0886707215410176,2.270656076356979,0.48291600704594634,0.0,0.0
-1.0886707215410176,2.332865831873608,0.48806779736152994,0.0,0.0
-1.0886707215410176,2.395075587390238,0.4930764557197184,0.0,0.0
-1.0886707215410176,2.457285342906868,0.4979013948483123,0.0,0.0
-1.0886707215410176,2.519495098423497,0.5025005906766407,0.0,0.0
-1.0886707215410176,2.581704853940127,0.5068312077371278,0.0,0.0
-1.0886707215410176,2.6439146094567567,0.5108503427245152,0.0,0.0
-1.0886707215410176,2.7061243649733857,0.5145158727169337,0.0,0.0
-1.0886707215410176,2.7683341204900156,0.517787385520127,0.0,0.0
-1.0886707215410176,2.8305438760066455,0.5206271605391009,0.0,0.0
-1.0886707215410176,2.8927536315232745,0.5230011604596301,0.0,0.0
-1.0886707215410176,2.9549633870399044,0.5248799878835296,0.0,0.0
-1.0886707215410176,3.0171731425565333,0.526239757909936,0.0,0.0
-1.0886707215410176,3.0793828980731632,0.5270628382786581,0.0,0.0
-1.0264609660243877,-3.141592653589793,0.5197787245962687,0.0,0.0
-1.0264609660243877,-3.0793828980731637,0.519514825973116,0.0,0.0
-1.0264609660243877,-3.017173142556534,0.5187265508746125,0.0,0.0
-1.0264609660243877,-2.9549633870399044,0.5174240512341228,0.0,0.0
-1.0264609660243877,-2.892753631523275,0.515623885926504,0.0,0.0
-1.0264609660243877,-2.8305438760066455,0.513348502751501,0.0,0.0
-1.0264609660243877,-2.7683341204900156,0.510625557780665,0.0,0.0
-1.0264609660243877,-2.706124364973386,0.5074871113153947,0.0,0.0
-1.0264609660243877,-2.6439146094567567,0.5039687441844654,0.0,0.0
-1.0264609660243877,-2.581704853940127,0.5001086388764088,0.0,0.0
-1.0264609660243877,-2.5194950984234974,0.4959466673898981,0.0,0.0
-1.0264609660243877,-2.457285342906868,0.49152352236645686,0.0,0.0
-1.0264609660243877,-2.395075587390238,0.486879920914205,0.0,0.0
-1.0264609660243877,-2.3328658318736086,0.48205590245933005,0.0,0.0
-1.0264609660243877,-2.270656076356979,0.4770902338187184,0.0,0.0
-1.0264609660243877,-2.2084463208403498,0.4720199271548493,0.0,0.0
-1.0264609660243877,-2.1462365653237203,0.46687987002747255,0.0,0.0
-1.0264609660243877,-2.0840268098070904,0.461702561658331,0.0,0.0
-1.0264609660243877,-2.021817054290461,0.45651794585016053,0.0,0.0
-1.0264609660243877,-1.9596072987738313,0.45135332867844113,0.0,0.0
-1.0264609660243877,-1.897397543257202,0.4462333679348543,0.0,0.0
-1.0264609660243877,-1.8351877877405722,0.4411801211231784,0.0,0.0
-1.0264609660243877,-1.7729780322239428,0.43621313935379935,0.0,0.0
-1.0264609660243877,-1.7107682767073131,0.4313495955259272,0.0,0.0
-1.0264609660243877,-1.6485585211906835,0.42660443652918445,0.0,0.0
-1.0264609660243877,-1.586348765674054,0.42199055067743213,0.0,0.0
-1.0264609660243877,-1.5241390101574244,0.41751894308509047,0.0,0.0
-1.0264609660243877,-1.461929254640795,0.41319891312337736,0.0,0.0
-1.0264609660243877,-1.3997194991241653,0.40903822939546736,0.0,0.0
-1.0264609660243877,-1.3375097436075358,0.40504329881511786,0.0,0.0
-1.0264609660243877,-1.2752999880909062,0.40121932735126803,0.0,0.0
-1.0264609660243877,-1.2130902325742767,0.3975704708132961,0.0,0.0
-1.0264609660243877,-1.150880477057647,0.3940999747085772,0.0,0.0
-1.0264609660243877,-1.0886707215410176,0.3908103027213905,0.0,0.0
-1.0264609660243877,-1.0264609660243877,0.38770325375813686,0.0,0.0
-1.0264609660243877,-0.9642512105077583,0.3847800677967878,0.0,0.0
-1.0264609660243877,-0.9020414549911289,0.382041520986228,0.0,0.0
-1.0264609660243877,-0.8398316994744994,0.3794880105799062,0.0,0.0
-1.0264609660243877,-0.7776219439578695,0.3771196303722349,0.0,0.0
-1.0264609660243877,-0.7154121884412401,0.3749362373477308,0.0,0.0
-1.0264609660243877,-0.6532024329246107,0.3729375102621772,0.0,0.0
-1.0264609660243877,-0.5909926774079808,0.37112300086050365,0.0,0.0
-1.0264609660243877,-0.5287829218913513,0.3694921784043074,0.0,0.0
-1.0264609660243877,-0.4665731663747219,0.368044468138276,0.0,0.0
-1.0264609660243877,-0.40436341085809246,0.36677928427325845,0.0,0.0
-1.0264609660243877,-0.3421536553414626,0.36569605800741967,0.0,0.0
-1.0264609660243877,-0.27994389982483314,0.3647942610480247,0.0,0.0
-1.0264609660243877,-0.2177341443082037,0.36407342503648416,0.0,0.0
-1.0264609660243877,-0.15552438879157382,0.3635331572193932,0.0,0.0
-1.0264609660243877,-0.09331463327494438,0.36317315264901534,0.0,0.0
-1.0264609660243877,-0.03110487775831494,0.3629932031383184,0.0,0.0
-1.0264609660243877,0.031104877758314498,0.3629932031383184,0.0,0.0
-1.0264609660243877,0.09331463327494438,0.36317315264901534,0.0,0.0
-1.0264609660243877,0.15552438879157382,0.3635331572193932,0.0,0.0
-1.0264609660243877,0.21773414430820326,0.36407342503648416,0.0,0.0
-1.0264609660243877,0.2799438998248327,0.3647942610480247,0.0,0.0
-1.0264609660243877,0.3421536553414626,0.36569605800741967,0.0,0.0
-1.0264609660243877,0.404363410858092,0.36677928427325845,0.0,0.0
-1.0264609660243877,0.46657316637472146,0.368044468138276,0.0,0.0
-1.0264609660243877,0.5287829218913513,0.3694921784043074,0.0,0.0
-1.0264609660243877,0.5909926774079808,0.37112300086050365,0.0,0.0
-1.0264609660243877,0.6532024329246102,0.37293751026217714,0.0,0.0
-1.0264609660243877,0.7154121884412397,0.3749362373477308,0.0,0.0
-1.0264609660243877,0.7776219439578695,0.3771196303722349,0.0,0.0
-1.0264609660243877,0.839831699474499,0.37948801057990617,0.0,0.0
-1.0264609660243877,0.9020414549911289,0.382041520986228,0.0,0.0
-1.0264609660243877,0.9642512105077579,0.3847800677967878,0.0,0.0
-1.0264609660243877,1.0264609660243877,0.38770325375813686,0.0,0.0
-1.0264609660243877,1.0886707215410176,0.3908103027213905,0.0,0.0
-1.0264609660243877,1.1508804770576466,0.3940999747085772,0.0,0.0
-1.0264609660243877,1.2130902325742765,0.3975704708132961,0.0,0.0
-1.0264609660243877,1.2752999880909055,0.4012193273512679,0.0,0.0
-1.0264609660243877,1.3375097436075354,0.40504329881511786,0.0,0.0
-1.0264609660243877,1.3997194991241653,0.40903822939546736,0.0,0.0
-1.0264609660243877,1.4619292546407943,0.4131989131233773,0.0,0.0
-1.0264609660243877,1.5241390101574241,0.41751894308509047,0.0,0.0
-1.0264609660243877,1.586348765674054,0.42199055067743213,0.0,0.0
-1.0264609660243877,1.648558521190683,0.4266044365291844,0.0,0.0
-1.0264609660243877,1.710768276707313,0.4313495955259272,0.0,0.0
-1.0264609660243877,1.7729780322239428,0.43621313935379935,0.0,0.0
-1.0264609660243877,1.8351877877405718,0.4411801211231784,0.0,0.0
-1.0264609660243877,1.8973975432572017,0.4462333679348542,0.0,0.0
-1.0264609660243877,1.9596072987738316,0.45135332867844113,0.0,0.0
-1.0264609660243877,2.0218170542904605,0.45651794585016053,0.0,0.0
-1.0264609660243877,2.0840268098070904,0.461702561658331,0.0,0.0
-1.0264609660243877,2.1462365653237194,0.46687987002747244,0.0,0.0
-1.0264609660243877,2.2084463208403493,0.47201992715484925,0.0,0.0
-1.0264609660243877,2.270656076356979,0.4770902338187184,0.0,0.0
-1.0264609660243877,2.332865831873608,0.48205590245933005,0.0,0.0
-1.0264609660243877,2.395075587390238,0.486879920914205,0.0,0.0
-1.0264609660243877,2.457285342906868,0.49152352236645686,0.0,0.0
-1.0264609660243877,2.519495098423497,0.4959466673898981,0.0,0.0
-1.0264609660243877,2.581704853940127,0.5001086388764088,0.0,0.0
-1.0264609660243877,2.6439146094567567,0.5039687441844654,0.0,0.0
-1.0264609660243877,2.7061243649733857,0.5074871113153946,0.0,0.0
-1.0264609660243877,2.7683341204900156,0.510625557780665,0.0,0.0
-1.0264609660243877,2.8305438760066455,0.513348502751501,0.0,0.0
-1.0264609660243877,2.8927536315232745,0.515623885926504,0.0,0.0
-1.0264609660243877,2.9549633870399044,0.5174240512341228,0.0,0.0
-1.0264609660243877,3.0171731425565333,0.5187265508746125,0.0,0.0
-1.0264609660243877,3.0793828980731632,0.5195148259731159,0.0,0.0
-0.9642512105077583,-3.141592653589793,0.5127975536191856,0.0,0.0
-0.9642512105077583,-3.0793828980731637,0.512544140972737,0.0,0.0
-0.9642512105077583,-3.017173142556534,0.511787126600864,0.0,0.0
-0.9642512105077583,-2.9549633870399044,0.5105360794157684,0.0,0.0
-0.9642512105077583,-2.892753631523275,0.5088066145485576,0.0,0.0
-0.9642512105077583,-2.8305438760066455,0.5066199149973706,0.0,0.0
-0.9642512105077583,-2.7683341204900156,0.5040021022410827,0.0,0.0
-0.9642512105077583,-2.706124364973386,0.500983491409549,0.0,0.0
-0.9642512105077583,-2.6439146094567567,0.49759777079000556,0.0,0.0
-0.9642512105077583,-2.581704853940127,0.493881146315741,0.0,0.0
-0.9642512105077583,-2.5194950984234974,0.48987148950443865,0.0,0.0
-0.9642512105077583,-2.457285342906868,0.48560752266864826,0.0,0.0
-0.9642512105077583,-2.395075587390238,0.48112806887008147,0.0,0.0
-0.9642512105077583,-2.3328658318736086,0.4764713868471961,0.0,0.0
-0.9642512105077583,-2.270656076356979,0.47167460376905124,0.0,0.0
-0.9642512105077583,-2.2084463208403498,0.4667732517783596,0.0,0.0
-0.9642512105077583,-2.1462365653237203,0.46180090832482956,0.0,0.0
-0.9642512105077583,-2.0840268098070904,0.4567889355114481,0.0,0.0
-0.9642512105077583,-2.021817054290461,0.45176631016839724,0.0,0.0
-0.9642512105077583,-1.9596072987738313,0.4467595340856289,0.0,0.0
-0.9642512105077583,-1.897397543257202,0.44179261263738734,0.0,0.0
-0.9642512105077583,-1.8351877877405722,0.4368870897294236,0.0,0.0
-0.9642512105077583,-1.7729780322239428,0.4320621273828039,0.0,0.0
-0.9642512105077583,-1.7107682767073131,0.42733461913381343,0.0,0.0
-0.9642512105077583,-1.6485585211906835,0.42271932759685427,0.0,0.0
-0.9642512105077583,-1.586348765674054,0.41822903785690924,0.0,0.0
-0.9642512105077583,-1.5241390101574244,0.41387471971437884,0.0,0.0
-0.9642512105077583,-1.461929254640795,0.40966569311442647,0.0,0.0
-0.9642512105077583,-1.3997194991241653,0.40560979230022154,0.0,0.0
-0.9642512105077583,-1.3375097436075358,0.4017135253026403,0.0,0.0
-0.9642512105077583,-1.2752999880909062,0.3979822263039154,0.0,0.0
-0.9642512105077583,-1.2130902325742767,0.39442019918817606,0.0,0.0
-0.9642512105077583,-1.150880477057647,0.3910308512252619,0.0,0.0
-0.9642512105077583,-1.0886707215410176,0.38781681633839715,0.0,0.0
-0.9642512105077583,-1.0264609660243877,0.3847800677967878,0.0,0.0
-0.9642512105077583,-0.9642512105077583,0.38192202046733637,0.0,0.0
-0.9642512105077583,-0.9020414549911289,0.37924362297144737,0.0,0.0
-0.9642512105077583,-0.8398316994744994,0.37674544023816375,0.0,0.0
-0.9642512105077583,-0.7776219439578695,0.3744277270368528,0.0,0.0
-0.9642512105077583,-0.7154121884412401,0.3722904931228169,0.0,0.0
-0.9642512105077583,-0.6532024329246107,0.3703335606472214,0.0,0.0
-0.9642512105077583,-0.5909926774079808,0.36855661447659477,0.0,0.0
-0.9642512105077583,-0.5287829218913513,0.36695924604335844,0.0,0.0
-0.9642512105077583,-0.4665731663747219,0.3655409913125011,0.0,0.0
-0.9642512105077583,-0.40436341085809246,0.36430136340465014,0.0,0.0
-0.9642512105077583,-0.3421536553414626,0.36323988036541976,0.0,0.0
-0.9642512105077583,-0.27994389982483314,0.3623560885173089,0.0,0.0
-0.9642512105077583,-0.2177341443082037,0.3616495817751687,0.0,0.0
-0.9642512105077583,-0.15552438879157382,0.3611200172504714,0.0,0.0
-0.9642512105077583,-0.09331463327494438,0.36076712741397327,0.0,0.0
-0.9642512105077583,-0.03110487775831494,0.360590729031263,0.0,0.0
-0.9642512105077583,0.031104877758314498,0.360590729031263,0.0,0.0
-0.9642512105077583,0.09331463327494438,0.36076712741397327,0.0,0.0
-0.9642512105077583,0.15552438879157382,0.3611200172504714,0.0,0.0
-0.9642512105077583,0.21773414430820326,0.3616495817751687,0.0,0.0
-0.9642512105077583,0.2799438998248327,0.3623560885173089,0.0,0.0
-0.9642512105077583,0.3421536553414626,0.36323988036541976,0.0,0.0
-0.9642512105077583,0.404363410858092,0.36430136340465014,0.0,0.0
-0.9642512105077583,0.46657316637472146,0.3655409913125011,0.0,0.0
-0.9642512105077583,0.5287829218913513,0.36695924604335844,0.0,0.0
-0.9642512105077583,0.5909926774079808,0.36855661447659477,0.0,0.0
-0.9642512105077583,0.6532024329246102,0.37033356064722134,0.0,0.0
-0.9642512105077583,0.7154121884412397,0.372290493122817,0.0,0.0
-0.9642512105077583,0.7776219439578695,0.3744277270368528,0.0,0.0
-0.9642512105077583,0.839831699474499,0.37674544023816375,0.0,0.0
-0.9642512105077583,0.9020414549911289,0.37924362297144737,0.0,0.0
-0.9642512105077583,0.9642512105077579,0.38192202046733637,0.0,0.0
-0.9642512105077583,1.0264609660243877,0.3847800677967878,0.0,0.0
-0.9642512105077583,1.0886707215410176,0.38781681633839715,0.0,0.0
-0.9642512105077583,1.1508804770576466,0.3910308512252619,0.0,0.0
-0.9642512105077583,1.2130902325742765,0.39442019918817606,0.0,0.0
-0.9642512105077583,1.2752999880909055,0.3979822263039154,0.0,0.0
-0.9642512105077583,1.3375097436075354,0.40171352530264026,0.0,0.0
-0.9642512105077583,1.3997194991241653,0.40560979230022154,0.0,0.0
-0.9642512105077583,1.4619292546407943,0.4096656931144264,0.0,0.0
-0.9642512105077583,1.5241390101574241,0.41387471971437884,0.0,0.0
-0.9642512105077583,1.586348765674054,0.41822903785690924,0.0,0.0
-0.9642512105077583,1.648558521190683,0.42271932759685427,0.0,0.0
-0.9642512105077583,1.710768276707313,0.42733461913381343,0.0,0.0
-0.9642512105077583,1.7729780322239428,0.4320621273828039,0.0,0.0
-0.9642512105077583,1.8351877877405718,0.4368870897294236,0.0,0.0
-0.9642512105077583,1.8973975432572017,0.44179261263738734,0.0,0.0
-0.9642512105077583,1.9596072987738316,0.44675953408562896,0.0,0.0
-0.9642512105077583,2.0218170542904605,0.45176631016839724,0.0,0.0
-0.9642512105077583,2.0840268098070904,0.4567889355114481,0.0,0.0
-0.9642512105077583,2.1462365653237194,0.46180090832482956,0.0,0.0
-0.9642512105077583,2.2084463208403493,0.4667732517783595,0.0,0.0
-0.9642512105077583,2.270656076356979,0.47167460376905124,0.0,0.0
-0.9642512105077583,2.332865831873608,0.476471386847196,0.0,0.0
-0.9642512105077583,2.395075587390238,0.48112806887008147,0.0,0.0
-0.9642512105077583,2.457285342906868,0.48560752266864826,0.0,0.0
-0.9642512105077583,2.519495098423497,0.48987148950443865,0.0,0.0
-0.9642512105077583,2.581704853940127,0.493881146315741,0.0,0.0
-0.9642512105077583,2.6439146094567567,0.49759777079000556,0.0,0.0
-0.9642512105077583,2.7061243649733857,0.5009834914095489,0.0,0.0
-0.9642512105077583,2.7683341204900156,0.5040021022410827,0.0,0.0
-0.9642512105077583,2.8305438760066455,0.5066199149973706,0.0,0.0
-0.9642512105077583,2.8927536315232745,0.5088066145485576,0.0,0.0
-0.9642512105077583,2.9549633870399044,0.5105360794157684,0.0,0.0
-0.9642512105077583,3.0171731425565333,0.5117871266008639,0.0,0.0
-0.9642512105077583,3.0793828980731632,0.512544140972737,0.0,0.0
-0.9020414549911289,-3.141592653589793,0.506368478353371,0.0,0.0
-0.9020414549911289,-3.0793828980731637,0.5061244735030654,0.0,0.0
-0.9020414549911289,-3.017173142556534,0.5053955092044881,0.0,0.0
-0.9020414549911289,-2.9549633870399044,0.5041906418153057,0.0,0.0
-0.9020414549911289,-2.892753631523275,0.50252465627828,0.0,0.0
-0.9020414549911289,-2.8305438760066455,0.5004176219565103,0.0,0.0
-0.9020414549911289,-2.7683341204900156,0.4978943075081645,0.0,0.0
-0.9020414549911289,-2.706124364973386,0.4949834872934101,0.0,0.0
-0.9020414549911289,-2.6439146094567567,0.4917171757346091,0.0,0.0
-0.9020414549911289,-2.581704853940127,0.4881298269849657,0.0,0.0
-0.9020414549911289,-2.5194950984234974,0.48425753543199657,0.0,0.0
-0.9020414549911289,-2.457285342906868,0.48013726847350663,0.0,0.0
-0.9020414549911289,-2.395075587390238,0.47580615732563203,0.0,0.0
-0.9020414549911289,-2.3328658318736086,0.47130086508101915,0.0,0.0
-0.9020414549911289,-2.270656076356979,0.4666570445132056,0.0,0.0
-0.9020414549911289,-2.2084463208403498,0.46190889178825384,0.0,0.0
-0.9020414549911289,-2.1462365653237203,0.45708879670860847,0.0,0.0
-0.9020414549911289,-2.0840268098070904,0.45222708562366304,0.0,0.0
-0.9020414549911289,-2.021817054290461,0.44735184979195375,0.0,0.0
-0.9020414549911289,-1.9596072987738313,0.4424888497443586,0.0,0.0
-0.9020414549911289,-1.897397543257202,0.4376614849626862,0.0,0.0
-0.9020414549911289,-1.8351877877405722,0.4328908177887914,0.0,0.0
-0.9020414549911289,-1.7729780322239428,0.42819564073016314,0.0,0.0
-0.9020414549911289,-1.7107682767073131,0.4235925770453633,0.0,0.0
-0.9020414549911289,-1.6485585211906835,0.4190962055111973,0.0,0.0
-0.9020414549911289,-1.586348765674054,0.41471920145397123,0.0,0.0
-0.9020414549911289,-1.5241390101574244,0.4104724873602619,0.0,0.0
-0.9020414549911289,-1.461929254640795,0.40636538758789353,0.0,0.0
-0.9020414549911289,-1.3997194991241653,0.4024057828207246,0.0,0.0
-0.9020414549911289,-1.3375097436075358,0.398600260918419,0.0,0.0
-0.9020414549911289,-1.2752999880909062,0.3949542616884511,0.0,0.0
-0.9020414549911289,-1.2130902325742767,0.3914722138485048,0.0,0.0
-0.9020414549911289,-1.150880477057647,0.38815766305805754,0.0,0.0
-0.9020414549911289,-1.0886707215410176,0.38501339038862914,0.0,0.0
-0.9020414549911289,-1.0264609660243877,0.382041520986228,0.0,0.0
-0.9020414549911289,-0.9642512105077583,0.37924362297144737,0.0,0.0
-0.9020414549911289,-0.9020414549911289,0.37662079683689553,0.0,0.0
-0.9020414549911289,-0.8398316994744994,0.37417375575179107,0.0,0.0
-0.9020414549911289,-0.7776219439578695,0.3719028972818859,0.0,0.0
-0.9020414549911289,-0.7154121884412401,0.369808367090154,0.0,0.0
-0.9020414549911289,-0.6532024329246107,0.3678901152090589,0.0,0.0
-0.9020414549911289,-0.5909926774079808,0.36614794547633006,0.0,0.0
-0.9020414549911289,-0.5287829218913513,0.3645815587092838,0.0,0.0
-0.9020414549911289,-0.4665731663747219,0.363190590162808,0.0,0.0
-0.9020414549911289,-0.40436341085809246,0.3619746417771324,0.0,0.0
-0.9020414549911289,-0.3421536553414626,0.3609333096764315,0.0,0.0
-0.9020414549911289,-0.27994389982483314,0.3600662073304264,0.0,0.0
-0.9020414549911289,-0.2177341443082037,0.35937298474011226,0.0,0.0
-0.9020414549911289,-0.15552438879157382,0.3588533439566817,0.0,0.0
-0.9020414549911289,-0.09331463327494438,0.3585070511904036,0.0,0.0
-0.9020414549911289,-0.03110487775831494,0.35833394571409305,0.0,0.0
-0.9020414549911289,0.031104877758314498,0.35833394571409305,0.0,0.0
-0.9020414549911289,0.09331463327494438,0.3585070511904036,0.0,0.0
-0.9020414549911289,0.15552438879157382,0.3588533439566817,0.0,0.0
-0.9020414549911289,0.21773414430820326,0.35937298474011226,0.0,0.0
-0.9020414549911289,0.2799438998248327,0.3600662073304263,0.0,0.0
-0.9020414549911289,0.3421536553414626,0.3609333096764315,0.0,0.0
-0.9020414549911289,0.404363410858092,0.3619746417771324,0.0,0.0
-0.9020414549911289,0.46657316637472146,0.363190590162808,0.0,0.0
-0.9020414549911289,0.5287829218913513,0.3645815587092838,0.0,0.0
-0.9020414549911289,0.5909926774079808,0.36614794547633006,0.0,0.0
-0.9020414549911289,0.6532024329246102,0.36789011520905884,0.0,0.0
-0.9020414549911289,0.7154121884412397,0.369808367090154,0.0,0.0
-0.9020414549911289,0.7776219439578695,0.3719028972818859,0.0,0.0
-0.9020414549911289,0.839831699474499,0.37417375575179107,0.0,0.0
-0.9020414549911289,0.9020414549911289,0.37662079683689553,0.0,0.0
-0.9020414549911289,0.9642512105077579,0.3792436229714473,0.0,0.0
-0.9020414549911289,1.0264609660243877,0.382041520986228,0.0,0.0
-0.9020414549911289,1.0886707215410176,0.38501339038862914,0.0,0.0
-0.9020414549911289,1.1508804770576466,0.38815766305805754,0.0,0.0
-0.9020414549911289,1.2130902325742765,0.3914722138485048,0.0,0.0
-0.9020414549911289,1.2752999880909055,0.39495426168845094,0.0,0.0
-0.9020414549911289,1.3375097436075354,0.398600260918419,0.0,0.0
-0.9020414549911289,1.3997194991241653,0.4024057828207246,0.0,0.0
-0.9020414549911289,1.4619292546407943,0.4063653875878935,0.0,0.0
-0.9020414549911289,1.5241390101574241,0.4104724873602619,0.0,0.0
-0.9020414549911289,1.586348765674054,0.41471920145397123,0.0,0.0
-0.9020414549911289,1.648558521190683,0.41909620551119725,0.0,0.0
-0.9020414549911289,1.710768276707313,0.4235925770453633,0.0,0.0
-0.9020414549911289,1.7729780322239428,0.42819564073016314,0.0,0.0
-0.9020414549911289,1.8351877877405718,0.4328908177887913,0.0,0.0
-0.9020414549911289,1.8973975432572017,0.43766148496268614,0.0,0.0
-0.9020414549911289,1.9596072987738316,0.4424888497443586,0.0,0.0
-0.9020414549911289,2.0218170542904605,0.44735184979195375,0.0,0.0
-0.9020414549911289,2.0840268098070904,0.45222708562366304,0.0,0.0
-0.9020414549911289,2.1462365653237194,0.4570887967086084,0.0,0.0
-0.9020414549911289,2.2084463208403493,0.46190889178825384,0.0,0.0
-0.9020414549911289,2.270656076356979,0.4666570445132056,0.0,0.0
-0.9020414549911289,2.332865831873608,0.47130086508101904,0.0,0.0
-0.9020414549911289,2.395075587390238,0.47580615732563203,0.0,0.0
-0.9020414549911289,2.457285342906868,0.48013726847350663,0.0,0.0
-0.9020414549911289,2.519495098423497,0.4842575354319965,0.0,0.0
-0.9020414549911289,2.581704853940127,0.4881298269849657,0.0,0.0
-0.9020414549911289,2.6439146094567567,0.4917171757346091,0.0,0.0
-0.9020414549911289,2.7061243649733857,0.4949834872934101,0.0,0.0
-0.9020414549911289,2.7683341204900156,0.4978943075081645,0.0,0.0
-0.9020414549911289,2.8305438760066455,0.5004176219565103,0.0,0.0
-0.9020414549911289,2.8927536315232745,0.50252465627828,0.0,0.0
-0.9020414549911289,2.9549633870399044,0.5041906418153057,0.0,0.0
-0.9020414549911289,3.0171731425565333,0.5053955092044881,0.0,0.0
-0.9020414549911289,3.0793828980731632,0.5061244735030654,0.0,0.0
-0.8398316994744994,-3.141592653589793,0.5004673735693294,0.0,0.0
-0.8398316994744994,-3.0793828980731637,0.5002317964785177,0.0,0.0
-0.8398316994744994,-3.017173142556534,0.49952796313615005,0.0,0.0
-0.8398316994744994,-2.9549633870399044,0.49836447930246763,0.0,0.0
-0.8398316994744994,-2.892753631523275,0.49675539967651794,0.0,0.0
-0.8398316994744994,-2.8305438760066455,0.49471981323801845,0.0,0.0
-0.8398316994744994,-2.7683341204900156,0.49228129638162743,0.0,0.0
-0.8398316994744994,-2.706124364973386,0.4894672637045163,0.0,0.0
-0.8398316994744994,-2.6439146094567567,0.4863082500055073,0.0,0.0
-0.8398316994744994,-2.581704853940127,0.48283715803261623,0.0,0.0
-0.8398316994744994,-2.5194950984234974,0.4790885049705851,0.0,0.0
-0.8398316994744994,-2.457285342906868,0.4750976970320859,0.0,0.0
-0.8398316994744994,-2.395075587390238,0.47090035640189176,0.0,0.0
-0.8398316994744994,-2.3328658318736086,0.4665317188347789,0.0,0.0
-0.8398316994744994,-2.270656076356979,0.46202611404514543,0.0,0.0
-0.8398316994744994,-2.2084463208403498,0.4574165351708969,0.0,0.0
-0.8398316994744994,-2.1462365653237203,0.4527342984312391,0.0,0.0
-0.8398316994744994,-2.0840268098070904,0.4480087898653719,0.0,0.0
-0.8398316994744994,-2.021817054290461,0.4432672928373758,0.0,0.0
-0.8398316994744994,-1.9596072987738313,0.43853488780997346,0.0,0.0
-0.8398316994744994,-1.897397543257202,0.4338344146330789,0.0,0.0
-0.8398316994744994,-1.8351877877405722,0.4291864871188743,0.0,0.0
-0.8398316994744994,-1.7729780322239428,0.4246095498180572,0.0,0.0
-0.8398316994744994,-1.7107682767073131,0.42011996750551506,0.0,0.0
-0.8398316994744994,-1.6485585211906835,0.41573213877568005,0.0,0.0
-0.8398316994744994,-1.586348765674054,0.41145862620847207,0.0,0.0
-0.8398316994744994,-1.5241390101574244,0.4073102966925609,0.0,0.0
-0.8398316994744994,-1.461929254640795,0.40329646660630786,0.0,0.0
-0.8398316994744994,-1.3997194991241653,0.3994250476045625,0.0,0.0
-0.8398316994744994,-1.3375097436075358,0.39570268970791683,0.0,0.0
-0.8398316994744994,-1.2752999880909062,0.3921349192224405,0.0,0.0
-0.8398316994744994,-1.2130902325742767,0.3887262697266818,0.0,0.0
-0.8398316994744994,-1.150880477057647,0.38548040495160074,0.0,0.0
-0.8398316994744994,-1.0886707215410176,0.382400232856354,0.0,0.0
-0.8398316994744994,-1.0264609660243877,0.3794880105799062,0.0,0.0
-0.8398316994744994,-0.9642512105077583,0.37674544023816375,0.0,0.0
-0.8398316994744994,-0.9020414549911289,0.37417375575179107,0.0,0.0
-0.8398316994744994,-0.8398316994744994,0.37177380104358015,0.0,0.0
-0.8398316994744994,-0.7776219439578695,0.36954610004761435,0.0,0.0
-0.8398316994744994,-0.7154121884412401,0.3674909190355952,0.0,0.0
-0.8398316994744994,-0.6532024329246107,0.36560832179727054,0.0,0.0
-0.8398316994744994,-0.5909926774079808,0.36389821821921936,0.0,0.0
-0.8398316994744994,-0.5287829218913513,0.3623604067953271,0.0,0.0
-0.8398316994744994,-0.4665731663747219,0.36099461157797996,0.0,0.0
-0.8398316994744994,-0.40436341085809246,0.35980051404517893,0.0,0.0
-0.8398316994744994,-0.3421536553414626,0.3587777803183931,0.0,0.0
-0.8398316994744994,-0.27994389982483314,0.3579260841213221,0.0,0.0
-0.8398316994744994,-0.2177341443082037,0.3572451258224769,0.0,0.0
-0.8398316994744994,-0.15552438879157382,0.35673464785581155,0.0,0.0
-0.8398316994744994,-0.09331463327494438,0.3563944467643503,0.0,0.0
-0.8398316994744994,-0.03110487775831494,0.3562243820623566,0.0,0.0
-0.8398316994744994,0.031104877758314498,0.3562243820623566,0.0,0.0
-0.8398316994744994,0.09331463327494438,0.3563944467643503,0.0,0.0
-0.8398316994744994,0.15552438879157382,0.35673464785581155,0.0,0.0
-0.8398316994744994,0.21773414430820326,0.3572451258224769,0.0,0.0
-0.8398316994744994,0.2799438998248327,0.35792608412132204,0.0,0.0
-0.8398316994744994,0.3421536553414626,0.3587777803183931,0.0,0.0
-0.8398316994744994,0.404363410858092,0.35980051404517893,0.0,0.0
-0.8398316994744994,0.46657316637472146,0.36099461157797996,0.0,0.0
-0.8398316994744994,0.5287829218913513,0.3623604067953271,0.0,0.0
-0.8398316994744994,0.5909926774079808,0.36389821821921936,0.0,0.0
-0.8398316994744994,0.6532024329246102,0.3656083217972705,0.0,0.0
-0.8398316994744994,0.7154121884412397,0.3674909190355952,0.0,0.0
-0.8398316994744994,0.7776219439578695,0.36954610004761435,0.0,0.0
-0.8398316994744994,0.839831699474499,0.37177380104358015,0.0,0.0
-0.8398316994744994,0.9020414549911289,0.37417375575179107,0.0,0.0
-0.8398316994744994,0.9642512105077579,0.37674544023816375,0.0,0.0
-0.8398316994744994,1.0264609660243877,0.3794880105799062,0.0,0.0
-0.8398316994744994,1.0886707215410176,0.382400232856354,0.0,0.0
-0.8398316994744994,1.1508804770576466,0.38548040495160074,0.0,0.0
-0.8398316994744994,1.2130902325742765,0.38872626972668173,0.0,0.0
-0.8398316994744994,1.2752999880909055,0.3921349192224405,0.0,0.0
-0.8398316994744994,1.3375097436075354,0.39570268970791683,0.0,0.0
-0.8398316994744994,1.3997194991241653,0.3994250476045625,0.0,0.0
-0.8398316994744994,1.4619292546407943,0.4032964666063078,0.0,0.0
-0.8398316994744994,1.5241390101574241,0.4073102966925609,0.0,0.0
-0.8398316994744994,1.586348765674054,0.41145862620847207,0.0,0.0
-0.8398316994744994,1.648558521190683,0.41573213877568,0.0,0.0
-0.8398316994744994,1.710768276707313,0.42011996750551506,0.0,0.0
-0.8398316994744994,1.7729780322239428,0.4246095498180572,0.0,0.0
-0.8398316994744994,1.8351877877405718,0.4291864871188743,0.0,0.0
-0.8398316994744994,1.8973975432572017,0.4338344146330789,0.0,0.0
-0.8398316994744994,1.9596072987738316,0.43853488780997346,0.0,0.0
-0.8398316994744994,2.0218170542904605,0.44326729283737576,0.0,0.0
-0.8398316994744994,2.0840268098070904,0.4480087898653719,0.0,0.0
-0.8398316994744994,2.1462365653237194,0.452734298431239,0.0,0.0
-0.8398316994744994,2.2084463208403493,0.45741653517089687,0.0,0.0
-0.8398316994744994,2.270656076356979,0.46202611404514543,0.0,0.0
-0.8398316994744994,2.332865831873608,0.46653171883477884,0.0,0.0
-0.8398316994744994,2.395075587390238,0.47090035640189176,0.0,0.0
-0.8398316994744994,2.457285342906868,0.4750976970320859,0.0,0.0
-0.8398316994744994,2.519495098423497,0.479088504970585,0.0,0.0
-0.8398316994744994,2.581704853940127,0.48283715803261623,0.0,0.0
-0.8398316994744994,2.6439146094567567,0.4863082500055073,0.0,0.0
-0.8398316994744994,2.7061243649733857,0.4894672637045163,0.0,0.0
-0.8398316994744994,2.7683341204900156,0.49228129638162743,0.0,0.0
-0.8398316994744994,2.8305438760066455,0.49471981323801845,0.0,0.0
-0.8398316994744994,2.8927536315232745,0.49675539967651794,0.0,0.0
-0.8398316994744994,2.9549633870399044,0.49836447930246763,0.0,0.0
-0.8398316994744994,3.0171731425565333,0.49952796313615005,0.0,0.0
-0.8398316994744994,3.0793828980731632,0.5002317964785177,0.0,0.0
-0.7776219439578695,-3.141592653589793,0.4950722926603878,0.0,0.0
-0.7776219439578695,-3.0793828980731637,0.4948442489063274,0.0,0.0
-0.7776219439578695,-3.017173142556534,0.4941628817960983,0.0,0.0
-0.7776219439578695,-2.9549633870399044,0.4930364012490021,0.0,0.0
-0.7776219439578695,-2.892753631523275,0.49147822013444303,0.0,0.0
-0.7776219439578695,-2.8305438760066455,0.48950656509713336,0.0,0.0
-0.7776219439578695,-2.7683341204900156,0.48714396277977373,0.0,0.0
-0.7776219439578695,-2.706124364973386,0.4844166290644945,0.0,0.0
-0.7776219439578695,-2.6439146094567567,0.48135379244750987,0.0,0.0
-0.7776219439578695,-2.581704853940127,0.47798698366775705,0.0,0.0
-0.7776219439578695,-2.5194950984234974,0.47434932239565475,0.0,0.0
-0.7776219439578695,-2.457285342906868,0.4704748285430181,0.0,0.0
-0.7776219439578695,-2.395075587390238,0.4663977811143,0.0,0.0
-0.7776219439578695,-2.3328658318736086,0.46215214207327654,0.0,0.0
-0.7776219439578695,-2.270656076356979,0.4577710570146264,0.0,0.0
-0.7776219439578695,-2.2084463208403498,0.4532864389885585,0.0,0.0
-0.7776219439578695,-2.1462365653237203,0.44872863699009696,0.0,0.0
-0.7776219439578695,-2.0840268098070904,0.444126186621687,0.0,0.0
-0.7776219439578695,-2.021817054290461,0.4395056373724008,0.0,0.0
-0.7776219439578695,-1.9596072987738313,0.4348914488290785,0.0,0.0
-0.7776219439578695,-1.897397543257202,0.4303059468674432,0.0,0.0
-0.7776219439578695,-1.8351877877405722,0.4257693303392803,0.0,0.0
-0.7776219439578695,-1.7729780322239428,0.4212997188267236,0.0,0.0
-0.7776219439578695,-1.7107682767073131,0.4169132325248374,0.0,0.0
-0.7776219439578695,-1.6485585211906835,0.41262409609827877,0.0,0.0
-0.7776219439578695,-1.586348765674054,0.4084447593154731,0.0,0.0
-0.7776219439578695,-1.5241390101574244,0.40438602829636516,0.0,0.0
-0.7776219439578695,-1.461929254640795,0.40045720224299797,0.0,0.0
-0.7776219439578695,-1.3997194991241653,0.3966662115033804,0.0,0.0
-0.7776219439578695,-1.3375097436075358,0.39301975371451586,0.0,0.0
-0.7776219439578695,-1.2752999880909062,0.3895234255613404,0.0,0.0
-0.7776219439578695,-1.2130902325742767,0.3861818483674624,0.0,0.0
-0.7776219439578695,-1.150880477057647,0.38299878630200956,0.0,0.0
-0.7776219439578695,-1.0886707215410176,0.37997725645109687,0.0,0.0
-0.7776219439578695,-1.0264609660243877,0.3771196303722349,0.0,0.0
-0.7776219439578695,-0.9642512105077583,0.3744277270368528,0.0,0.0
-0.7776219439578695,-0.9020414549911289,0.3719028972818859,0.0,0.0
-0.7776219439578695,-0.8398316994744994,0.36954610004761435,0.0,0.0
-0.7776219439578695,-0.7776219439578695,0.3673579707862553,0.0,0.0
-0.7776219439578695,-0.7154121884412401,0.3653388824937395,0.0,0.0
-0.7776219439578695,-0.6532024329246107,0.36348899985386623,0.0,0.0
-0.7776219439578695,-0.5909926774079808,0.3618083269966301,0.0,0.0
-0.7776219439578695,-0.5287829218913513,0.3602967493667474,0.0,0.0
-0.7776219439578695,-0.4665731663747219,0.35895407017898706,0.0,0.0
-0.7776219439578695,-0.40436341085809246,0.3577800419076251,0.0,0.0
-0.7776219439578695,-0.3421536553414626,0.3567743932211086,0.0,0.0
-0.7776219439578695,-0.27994389982483314,0.3559368517321295,0.0,0.0
-0.7776219439578695,-0.2177341443082037,0.355267162889431,0.0,0.0
-0.7776219439578695,-0.15552438879157382,0.35476510529203414,0.0,0.0
-0.7776219439578695,-0.09331463327494438,0.35443050266001985,0.0,0.0
-0.7776219439578695,-0.03110487775831494,0.35426323264907944,0.0,0.0
-0.7776219439578695,0.031104877758314498,0.35426323264907944,0.0,0.0
-0.7776219439578695,0.09331463327494438,0.35443050266001985,0.0,0.0
-0.7776219439578695,0.15552438879157382,0.35476510529203414,0.0,0.0
-0.7776219439578695,0.21773414430820326,0.355267162889431,0.0,0.0
-0.7776219439578695,0.2799438998248327,0.3559368517321295,0.0,0.0
-0.7776219439578695,0.3421536553414626,0.3567743932211086,0.0,0.0
-0.7776219439578695,0.404363410858092,0.3577800419076251,0.0,0.0
-0.7776219439578695,0.46657316637472146,0.35895407017898706,0.0,0.0
-0.7776219439578695,0.5287829218913513,0.3602967493667474,0.0,0.0
-0.7776219439578695,0.5909926774079808,0.3618083269966301,0.0,0.0
-0.7776219439578695,0.6532024329246102,0.3634889998538662,0.0,0.0
-0.7776219439578695,0.7154121884412397,0.36533888249373947,0.0,0.0
-0.7776219439578695,0.7776219439578695,0.3673579707862553,0.0,0.0
-0.7776219439578695,0.839831699474499,0.3695461000476143,0.0,0.0
-0.7776219439578695,0.9020414549911289,0.3719028972818859,0.0,0.0
-0.7776219439578695,0.9642512105077579,0.37442772703685273,0.0,0.0
-0.7776219439578695,1.0264609660243877,0.3771196303722349,0.0,0.0
-0.7776219439578695,1.0886707215410176,0.37997725645109687,0.0,0.0
-0.7776219439578695,1.1508804770576466,0.38299878630200956,0.0,0.0
-0.7776219439578695,1.2130902325742765,0.3861818483674624,0.0,0.0
-0.7776219439578695,1.2752999880909055,0.38952342556134034,0.0,0.0
-0.7776219439578695,1.3375097436075354,0.39301975371451586,0.0,0.0
-0.7776219439578695,1.3997194991241653,0.3966662115033804,0.0,0.0
-0.7776219439578695,1.4619292546407943,0.40045720224299786,0.0,0.0
-0.7776219439578695,1.5241390101574241,0.40438602829636516,0.0,0.0
-0.7776219439578695,1.586348765674054,0.4084447593154731,0.0,0.0
-0.7776219439578695,1.648558521190683,0.41262409609827877,0.0,0.0
-0.7776219439578695,1.710768276707313,0.4169132325248374,0.0,0.0
-0.7776219439578695,1.7729780322239428,0.4212997188267236,0.0,0.0
-0.7776219439578695,1.8351877877405718,0.4257693303392803,0.0,0.0
-0.7776219439578695,1.8973975432572017,0.4303059468674432,0.0,0.0
-0.7776219439578695,1.9596072987738316,0.4348914488290785,0.0,0.0
-0.7776219439578695,2.0218170542904605,0.43950563737240067,0.0,0.0
-0.7776219439578695,2.0840268098070904,0.444126186621687,0.0,0.0
-0.7776219439578695,2.1462365653237194,0.4487286369900969,0.0,0.0
-0.7776219439578695,2.2084463208403493,0.4532864389885585,0.0,0.0
-0.7776219439578695,2.270656076356979,0.4577710570146264,0.0,0.0
-0.7776219439578695,2.332865831873608,0.46215214207327654,0.0,0.0
-0.7776219439578695,2.395075587390238,0.4663977811143,0.0,0.0
-0.7776219439578695,2.457285342906868,0.4704748285430181,0.0,0.0
-0.7776219439578695,2.519495098423497,0.47434932239565475,0.0,0.0
-0.7776219439578695,2.581704853940127,0.47798698366775705,0.0,0.0
-0.7776219439578695,2.6439146094567567,0.48135379244750987,0.0,0.0
-0.7776219439578695,2.7061243649733857,0.4844166290644945,0.0,0.0
-0.7776219439578695,2.7683341204900156,0.48714396277977373,0.0,0.0
-0.7776219439578695,2.8305438760066455,0.48950656509713336,0.0,0.0
-0.7776219439578695,2.8927536315232745,0.49147822013444303,0.0,0.0
-0.7776219439578695,2.9549633870399044,0.4930364012490021,0.0,0.0
-0.7776219439578695,3.0171731425565333,0.4941628817960983,0.0,0.0
-0.7776219439578695,3.0793828980731632,0.4948442489063274,0.0,0.0
-0.7154121884412401,-3.141592653589793,0.4901633527916249,0.0,0.0
-0.7154121884412401,-3.0793828980731637,0.48994202255283975,0.0,0.0
-0.7154121884412401,-3.017173142556534,0.489280678681768,0.0,0.0
-0.7154121884412401,-2.9549633870399044,0.48818718391505395,0.0,0.0
-0.7154121884412401,-2.892753631523275,0.48667438793097295,0.0,0.0
-0.7154121884412401,-2.8305438760066455,0.4847597601778334,0.0,0.0
-0.7154121884412401,-2.7683341204900156,0.4824649047019526,0.0,0.0
-0.7154121884412401,-2.706124364973386,0.47981498268894646,0.0,0.0
-0.7154121884412401,-2.6439146094567567,0.4768380717454129,0.0,0.0
-0.7154121884412401,-2.581704853940127,0.47356449197024214,0.0,0.0
-0.7154121884412401,-2.5194950984234974,0.47002612773822716,0.0,0.0
-0.7154121884412401,-2.457285342906868,0.4662557711922766,0.0,0.0
-0.7154121884412401,-2.395075587390238,0.4622865091979544,0.0,0.0
-0.7154121884412401,-2.3328658318736086,0.4581511704941312,0.0,0.0
-0.7154121884412401,-2.270656076356979,0.4538818444975682,0.0,0.0
-0.7154121884412401,-2.2084463208403498,0.44950947813517395,0.0,0.0
-0.7154121884412401,-2.1462365653237203,0.44506355252581625,0.0,0.0
-0.7154121884412401,-2.0840268098070904,0.4405718375342274,0.0,0.0
-0.7154121884412401,-2.021817054290461,0.43606021927847516,0.0,0.0
-0.7154121884412401,-1.9596072987738313,0.4315525935987222,0.0,0.0
-0.7154121884412401,-1.897397543257202,0.4270708172251669,0.0,0.0
-0.7154121884412401,-1.8351877877405722,0.4226347078068048,0.0,0.0
-0.7154121884412401,-1.7729780322239428,0.41826208394594977,0.0,0.0
-0.7154121884412401,-1.7107682767073131,0.4139688367871922,0.0,0.0
-0.7154121884412401,-1.6485585211906835,0.4097690254029696,0.0,0.0
-0.7154121884412401,-1.586348765674054,0.405674989087191,0.0,0.0
-0.7154121884412401,-1.5241390101574244,0.4016974706201997,0.0,0.0
-0.7154121884412401,-1.461929254640795,0.397845745531176,0.0,0.0
-0.7154121884412401,-1.3997194991241653,0.3941277533064832,0.0,0.0
-0.7154121884412401,-1.3375097436075358,0.39055022734058453,0.0,0.0
-0.7154121884412401,-1.2752999880909062,0.38711882118050495,0.0,0.0
-0.7154121884412401,-1.2130902325742767,0.3838382292668892,0.0,0.0
-0.7154121884412401,-1.150880477057647,0.38071230092411634,0.0,0.0
-0.7154121884412401,-1.0886707215410176,0.37774414680369556,0.0,0.0
-0.7154121884412401,-1.0264609660243877,0.3749362373477308,0.0,0.0
-0.7154121884412401,-0.9642512105077583,0.3722904931228169,0.0,0.0
-0.7154121884412401,-0.9020414549911289,0.369808367090154,0.0,0.0
-0.7154121884412401,-0.8398316994744994,0.3674909190355952,0.0,0.0
-0.7154121884412401,-0.7776219439578695,0.3653388824937395,0.0,0.0
-0.7154121884412401,-0.7154121884412401,0.36335272457200984,0.0,0.0
-0.7154121884412401,-0.6532024329246107,0.3615326991217671,0.0,0.0
-0.7154121884412401,-0.5909926774079808,0.3598788937205984,0.0,0.0
-0.7154121884412401,-0.5287829218913513,0.358391270928582,0.0,0.0
-0.7154121884412401,-0.4665731663747219,0.35706970426615275,0.0,0.0
-0.7154121884412401,-0.40436341085809246,0.35591400933586953,0.0,0.0
-0.7154121884412401,-0.3421536553414626,0.35492397047781393,0.0,0.0
-0.7154121884412401,-0.27994389982483314,0.3540993633107943,0.0,0.0
-0.7154121884412401,-0.2177341443082037,0.35343997347066614,0.0,0.0
-0.7154121884412401,-0.15552438879157382,0.352945611814169,0.0,0.0
-0.7154121884412401,-0.09331463327494438,0.352616126312588,0.0,0.0
-0.7154121884412401,-0.03110487775831494,0.3524514108148633,0.0,0.0
-0.7154121884412401,0.031104877758314498,0.3524514108148633,0.0,0.0
-0.7154121884412401,0.09331463327494438,0.352616126312588,0.0,0.0
-0.7154121884412401,0.15552438879157382,0.352945611814169,0.0,0.0
-0.7154121884412401,0.21773414430820326,0.35343997347066614,0.0,0.0
-0.7154121884412401,0.2799438998248327,0.3540993633107943,0.0,0.0
-0.7154121884412401,0.3421536553414626,0.35492397047781393,0.0,0.0
-0.7154121884412401,0.404363410858092,0.3559140093358695,0.0,0.0
-0.7154121884412401,0.46657316637472146,0.35706970426615275,0.0,0.0
-0.7154121884412401,0.5287829218913513,0.358391270928582,0.0,0.0
-0.7154121884412401,0.5909926774079808,0.3598788937205984,0.0,0.0
-0.7154121884412401,0.6532024329246102,0.3615326991217671,0.0,0.0
-0.7154121884412401,0.7154121884412397,0.36335272457200984,0.0,0.0
-0.7154121884412401,0.7776219439578695,0.3653388824937395,0.0,0.0
-0.7154121884412401,0.839831699474499,0.3674909190355952,0.0,0.0
-0.7154121884412401,0.9020414549911289,0.369808367090154,0.0,0.0
-0.7154121884412401,0.9642512105077579,0.3722904931228169,0.0,0.0
-0.7154121884412401,1.0264609660243877,0.3749362373477308,0.0,0.0
-0.7154121884412401,1.0886707215410176,0.37774414680369556,0.0,0.0
-0.7154121884412401,1.1508804770576466,0.3807123009241163,0.0,0.0
-0.7154121884412401,1.2130902325742765,0.38383822926688915,0.0,0.0
-0.7154121884412401,1.2752999880909055,0.38711882118050495,0.0,0.0
-0.7154121884412401,1.3375097436075354,0.3905502273405845,0.0,0.0
-0.7154121884412401,1.3997194991241653,0.3941277533064832,0.0,0.0
-0.7154121884412401,1.4619292546407943,0.397845745531176,0.0,0.0
-0.7154121884412401,1.5241390101574241,0.4016974706201997,0.0,0.0
-0.7154121884412401,1.586348765674054,0.405674989087191,0.0,0.0
-0.7154121884412401,1.648558521190683,0.40976902540296956,0.0,0.0
-0.7154121884412401,1.710768276707313,0.4139688367871922,0.0,0.0
-0.7154121884412401,1.7729780322239428,0.41826208394594977,0.0,0.0
-0.7154121884412401,1.8351877877405718,0.4226347078068048,0.0,0.0
-0.7154121884412401,1.8973975432572017,0.4270708172251669,0.0,0.0
-0.7154121884412401,1.9596072987738316,0.4315525935987222,0.0,0.0
-0.7154121884412401,2.0218170542904605,0.4360602192784751,0.0,0.0
-0.7154121884412401,2.0840268098070904,0.4405718375342274,0.0,0.0
-0.7154121884412401,2.1462365653237194,0.44506355252581614,0.0,0.0
-0.7154121884412401,2.2084463208403493,0.4495094781351739,0.0,0.0
-0.7154121884412401,2.270656076356979,0.4538818444975682,0.0,0.0
-0.7154121884412401,2.332865831873608,0.4581511704941311,0.0,0.0
-0.7154121884412401,2.395075587390238,0.4622865091979544,0.0,0.0
-0.7154121884412401,2.457285342906868,0.4662557711922766,0.0,0.0
-0.7154121884412401,2.519495098423497,0.4700261277382271,0.0,0.0
-0.7154121884412401,2.581704853940127,0.47356449197024214,0.0,0.0
-0.7154121884412401,2.6439146094567567,0.4768380717454129,0.0,0.0
-0.7154121884412401,2.7061243649733857,0.47981498268894646,0.0,0.0
-0.7154121884412401,2.7683341204900156,0.4824649047019526,0.0,0.0
-0.7154121884412401,2.8305438760066455,0.4847597601778334,0.0,0.0
-0.7154121884412401,2.8927536315232745,0.48667438793097295,0.0,0.0
-0.7154121884412401,2.9549633870399044,0.48818718391505395,0.0,0.0
-0.7154121884412401,3.0171731425565333,0.489280678681768,0.0,0.0
-0.7154121884412401,3.0793828980731632,0.48994202255283975,0.0,0.0
-0.6532024329246107,-3.141592653589793,0.48572262569519375,0.0,0.0
-0.6532024329246107,-3.0793828980731637,0.4855072540399969,0.0,0.0
-0.6532024329246107,-3.017173142556534,0.4848636833296276,0.0,0.0
-0.6532024329246107,-2.9549633870399044,0.48379947261087913,0.0,0.0
-0.6532024329246107,-2.892753631523275,0.4823269787210572,0.0,0.0
-0.6532024329246107,-2.8305438760066455,0.48046300808904685,0.0,0.0
-0.6532024329246107,-2.7683341204900156,0.4782283562563951,0.0,0.0
-0.6532024329246107,-2.706124364973386,0.47564725920777307,0.0,0.0
-0.6532024329246107,-2.6439146094567567,0.4727467837558883,0.0,0.0
-0.6532024329246107,-2.581704853940127,0.46955618525553694,0.0,0.0
-0.6532024329246107,-2.5194950984234974,0.46610625994862254,0.0,0.0
-0.6532024329246107,-2.457285342906868,0.4624287165812642,0.0,0.0
-0.6532024329246107,-2.395075587390238,0.4585555880267048,0.0,0.0
-0.6532024329246107,-2.3328658318736086,0.4545186989890274,0.0,0.0
-0.6532024329246107,-2.270656076356979,0.4503492009357292,0.0,0.0
-0.6532024329246107,-2.2084463208403498,0.44607718063062146,0.0,0.0
-0.6532024329246107,-2.1462365653237203,0.44173134433416855,0.0,0.0
-0.6532024329246107,-2.0840268098070904,0.4373387761185324,0.0,0.0
-0.6532024329246107,-2.021817054290461,0.43292476591577217,0.0,0.0
-0.6532024329246107,-1.9596072987738313,0.428512700896047,0.0,0.0
-0.6532024329246107,-1.897397543257202,0.42412401250580567,0.0,0.0
-0.6532024329246107,-1.8351877877405722,0.4197781708859322,0.0,0.0
-0.6532024329246107,-1.7729780322239428,0.415492718314797,0.0,0.0
-0.6532024329246107,-1.7107682767073131,0.41128333365282044,0.0,0.0
-0.6532024329246107,-1.6485585211906835,0.4071639203815241,0.0,0.0
-0.6532024329246107,-1.586348765674054,0.4031467116236434,0.0,0.0
-0.6532024329246107,-1.5241390101574244,0.39924238641292725,0.0,0.0
-0.6532024329246107,-1.461929254640795,0.39546019238374336,0.0,0.0
-0.6532024329246107,-1.3997194991241653,0.3918080709213269,0.0,0.0
-0.6532024329246107,-1.3375097436075358,0.3882927816197341,0.0,0.0
-0.6532024329246107,-1.2752999880909062,0.3849200236161997,0.0,0.0
-0.6532024329246107,-1.2130902325742767,0.38169455199819424,0.0,0.0
-0.6532024329246107,-1.150880477057647,0.3786202880114149,0.0,0.0
-0.6532024329246107,-1.0886707215410176,0.37570042223705125,0.0,0.0
-0.6532024329246107,-1.0264609660243877,0.37293751026217714,0.0,0.0
-0.6532024329246107,-0.9642512105077583,0.37033356064722134,0.0,0.0
-0.6532024329246107,-0.9020414549911289,0.3678901152090589,0.0,0.0
-0.6532024329246107,-0.8398316994744994,0.36560832179727054,0.0,0.0
-0.6532024329246107,-0.7776219439578695,0.36348899985386623,0.0,0.0
-0.6532024329246107,-0.7154121884412401,0.3615326991217671,0.0,0.0
-0.6532024329246107,-0.6532024329246107,0.35973975191206875,0.0,0.0
-0.6532024329246107,-0.5909926774079808,0.35811031936099524,0.0,0.0
-0.6532024329246107,-0.5287829218913513,0.35664443210991514,0.0,0.0
-0.6532024329246107,-0.4665731663747219,0.35534202583027696,0.0,0.0
-0.6532024329246107,-0.40436341085809246,0.3542029719934557,0.0,0.0
-0.6532024329246107,-0.3421536553414626,0.35322710425613635,0.0,0.0
-0.6532024329246107,-0.27994389982483314,0.35241424079723943,0.0,0.0
-0.6532024329246107,-0.2177341443082037,0.3517642029042042,0.0,0.0
-0.6532024329246107,-0.15552438879157382,0.3512768300659586,0.0,0.0
-0.6532024329246107,-0.09331463327494438,0.3509519917880128,0.0,0.0
-0.6532024329246107,-0.03110487775831494,0.3507895963024375,0.0,0.0
-0.6532024329246107,0.031104877758314498,0.3507895963024375,0.0,0.0
-0.6532024329246107,0.09331463327494438,0.3509519917880128,0.0,0.0
-0.6532024329246107,0.15552438879157382,0.3512768300659586,0.0,0.0
-0.6532024329246107,0.21773414430820326,0.3517642029042042,0.0,0.0
-0.6532024329246107,0.2799438998248327,0.3524142407972394,0.0,0.0
-0.6532024329246107,0.3421536553414626,0.35322710425613635,0.0,0.0
-0.6532024329246107,0.404363410858092,0.3542029719934557,0.0,0.0
-0.6532024329246107,0.46657316637472146,0.35534202583027696,0.0,0.0
-0.6532024329246107,0.5287829218913513,0.35664443210991514,0.0,0.0
-0.6532024329246107,0.5909926774079808,0.35811031936099524,0.0,0.0
-0.6532024329246107,0.6532024329246102,0.35973975191206864,0.0,0.0
-0.6532024329246107,0.7154121884412397,0.3615326991217671,0.0,0.0
-0.6532024329246107,0.7776219439578695,0.36348899985386623,0.0,0.0
-0.6532024329246107,0.839831699474499,0.36560832179727054,0.0,0.0
-0.6532024329246107,0.9020414549911289,0.3678901152090589,0.0,0.0
-0.6532024329246107,0.9642512105077579,0.37033356064722134,0.0,0.0
-0.6532024329246107,1.0264609660243877,0.37293751026217714,0.0,0.0
-0.6532024329246107,1.0886707215410176,0.37570042223705125,0.0,0.0
-0.6532024329246107,1.1508804770576466,0.37862028801141495,0.0,0.0
-0.6532024329246107,1.2130902325742765,0.3816945519981942,0.0,0.0
-0.6532024329246107,1.2752999880909055,0.3849200236161997,0.0,0.0
-0.6532024329246107,1.3375097436075354,0.3882927816197341,0.0,0.0
-0.6532024329246107,1.3997194991241653,0.3918080709213269,0.0,0.0
-0.6532024329246107,1.4619292546407943,0.3954601923837433,0.0,0.0
-0.6532024329246107,1.5241390101574241,0.39924238641292714,0.0,0.0
-0.6532024329246107,1.586348765674054,0.4031467116236434,0.0,0.0
-0.6532024329246107,1.648558521190683,0.4071639203815241,0.0,0.0
-0.6532024329246107,1.710768276707313,0.41128333365282044,0.0,0.0
-0.6532024329246107,1.7729780322239428,0.415492718314797,0.0,0.0
-0.6532024329246107,1.8351877877405718,0.4197781708859322,0.0,0.0
-0.6532024329246107,1.8973975432572017,0.4241240125058056,0.0,0.0
-0.6532024329246107,1.9596072987738316,0.428512700896047,0.0,0.0
-0.6532024329246107,2.0218170542904605,0.43292476591577217,0.0,0.0
-0.6532024329246107,2.0840268098070904,0.4373387761185324,0.0,0.0
-0.6532024329246107,2.1462365653237194,0.44173134433416844,0.0,0.0
-0.6532024329246107,2.2084463208403493,0.4460771806306214,0.0,0.0
-0.6532024329246107,2.270656076356979,0.4503492009357292,0.0,0.0
-0.6532024329246107,2.332865831873608,0.4545186989890274,0.0,0.0
-0.6532024329246107,2.395075587390238,0.4585555880267048,0.0,0.0
-0.6532024329246107,2.457285342906868,0.4624287165812642,0.0,0.0
-0.6532024329246107,2.519495098423497,0.46610625994862254,0.0,0.0
-0.6532024329246107,2.581704853940127,0.46955618525553694,0.0,0.0
-0.6532024329246107,2.6439146094567567,0.4727467837558883,0.0,0.0
-0.6532024329246107,2.7061243649733857,0.475647259207773,0.0,0.0
-0.6532024329246107,2.7683341204900156,0.4782283562563951,0.0,0.0
-0.6532024329246107,2.8305438760066455,0.48046300808904685,0.0,0.0
-0.6532024329246107,2.8927536315232745,0.48232697872105706,0.0,0.0
-0.6532024329246107,2.9549633870399044,0.48379947261087913,0.0,0.0
-0.6532024329246107,3.0171731425565333,0.4848636833296276,0.0,0.0
-0.6532024329246107,3.0793828980731632,0.4855072540399969,0.0,0.0
-0.5909926774079808,-3.141592653589793,0.48173403553350536,0.0,0.0
-0.5909926774079808,-3.0793828980731637,0.48152392382167053,0.0,0.0
-0.5909926774079808,-3.017173142556534,0.48089604358320454,0.0,0.0
-0.5909926774079808,-2.9549633870399044,0.47985768929556627,0.0,0.0
-0.5909926774079808,-2.892753631523275,0.4784207882834728,0.0,0.0
-0.5909926774079808,-2.8305438760066455,0.4766015688346219,0.0,0.0
-0.5909926774079808,-2.7683341204900156,0.4744201209757472,0.0,0.0
-0.5909926774079808,-2.706124364973386,0.47189987261737104,0.0,0.0
-0.5909926774079808,-2.6439146094567567,0.46906700679388574,0.0,0.0
-0.5909926774079808,-2.581704853940127,0.46594984675696466,0.0,0.0
-0.5909926774079808,-2.5194950984234974,0.46257823483314225,0.0,0.0
-0.5909926774079808,-2.457285342906868,0.45898292851711153,0.0,0.0
-0.5909926774079808,-2.395075587390238,0.4551950336466607,0.0,0.0
-0.5909926774079808,-2.3328658318736086,0.4512454901522368,0.0,0.0
-0.5909926774079808,-2.270656076356979,0.44716462124449247,0.0,0.0
-0.5909926774079808,-2.2084463208403498,0.4429817523904518,0.0,0.0
-0.5909926774079808,-2.1462365653237203,0.4387249023388181,0.0,0.0
-0.5909926774079808,-2.0840268098070904,0.43442054499236155,0.0,0.0
-0.5909926774079808,-2.021817054290461,0.43009343819685847,0.0,0.0
-0.5909926774079808,-1.9596072987738313,0.42576651354345224,0.0,0.0
-0.5909926774079808,-1.897397543257202,0.4214608200209958,0.0,0.0
-0.5909926774079808,-1.8351877877405722,0.41719551371937186,0.0,0.0
-0.5909926774079808,-1.7729780322239428,0.412987885662396,0.0,0.0
-0.5909926774079808,-1.7107682767073131,0.4088534201205423,0.0,0.0
-0.5909926774079808,-1.6485585211906835,0.40480587630497233,0.0,0.0
-0.5909926774079808,-1.586348765674054,0.40085738707339824,0.0,0.0
-0.5909926774079808,-1.5241390101574244,0.3970185691003071,0.0,0.0
-0.5909926774079808,-1.461929254640795,0.39329863981239793,0.0,0.0
-0.5909926774079808,-1.3997194991241653,0.38970553721565104,0.0,0.0
-0.5909926774079808,-1.3375097436075358,0.38624603950977904,0.0,0.0
-0.5909926774079808,-1.2752999880909062,0.38292588207840994,0.0,0.0
-0.5909926774079808,-1.2130902325742767,0.37974987004899025,0.0,0.0
-0.5909926774079808,-1.150880477057647,0.3767219851324848,0.0,0.0
-0.5909926774079808,-1.0886707215410176,0.3738454858822784,0.0,0.0
-0.5909926774079808,-1.0264609660243877,0.37112300086050365,0.0,0.0
-0.5909926774079808,-0.9642512105077583,0.36855661447659477,0.0,0.0
-0.5909926774079808,-0.9020414549911289,0.36614794547633006,0.0,0.0
-0.5909926774079808,-0.8398316994744994,0.36389821821921936,0.0,0.0
-0.5909926774079808,-0.7776219439578695,0.3618083269966301,0.0,0.0
-0.5909926774079808,-0.7154121884412401,0.3598788937205984,0.0,0.0
-0.5909926774079808,-0.6532024329246107,0.35811031936099524,0.0,0.0
-0.5909926774079808,-0.5909926774079808,0.35650282953281515,0.0,0.0
-0.5909926774079808,-0.5287829218913513,0.3550565146410458,0.0,0.0
-0.5909926774079808,-0.4665731663747219,0.3537713649822246,0.0,0.0
-0.5909926774079808,-0.40436341085809246,0.3526473011829113,0.0,0.0
-0.5909926774079808,-0.3421536553414626,0.3516842003287367,0.0,0.0
-0.5909926774079808,-0.27994389982483314,0.35088191810563735,0.0,0.0
-0.5909926774079808,-0.2177341443082037,0.3502403072390525,0.0,0.0
-0.5909926774079808,-0.15552438879157382,0.34975923247851304,0.0,0.0
-0.5909926774079808,-0.09331463327494438,0.349438582335116,0.0,0.0
-0.5909926774079808,-0.03110487775831494,0.3492782777384943,0.0,0.0
-0.5909926774079808,0.031104877758314498,0.3492782777384943,0.0,0.0
-0.5909926774079808,0.09331463327494438,0.349438582335116,0.0,0.0
-0.5909926774079808,0.15552438879157382,0.34975923247851304,0.0,0.0
-0.5909926774079808,0.21773414430820326,0.3502403072390525,0.0,0.0
-0.5909926774079808,0.2799438998248327,0.3508819181056373,0.0,0.0
-0.5909926774079808,0.3421536553414626,0.3516842003287367,0.0,0.0
-0.5909926774079808,0.404363410858092,0.3526473011829113,0.0,0.0
-0.5909926774079808,0.46657316637472146,0.35377136498222467,0.0,0.0
-0.5909926774079808,0.5287829218913513,0.3550565146410458,0.0,0.0
-0.5909926774079808,0.5909926774079808,0.35650282953281515,0.0,0.0
-0.5909926774079808,0.6532024329246102,0.35811031936099524,0.0,0.0
-0.5909926774079808,0.7154121884412397,0.35987889372059834,0.0,0.0
-0.5909926774079808,0.7776219439578695,0.3618083269966301,0.0,0.0
-0.5909926774079808,0.839831699474499,0.36389821821921936,0.0,0.0
-0.5909926774079808,0.9020414549911289,0.36614794547633006,0.0,0.0
-0.5909926774079808,0.9642512105077579,0.36855661447659477,0.0,0.0
-0.5909926774079808,1.0264609660243877,0.37112300086050365,0.0,0.0
-0.5909926774079808,1.0886707215410176,0.3738454858822784,0.0,0.0
-0.5909926774079808,1.1508804770576466,0.3767219851324847,0.0,0.0
-0.5909926774079808,1.2130902325742765,0.3797498700489902,0.0,0.0
-0.5909926774079808,1.2752999880909055,0.3829258820784099,0.0,0.0
-0.5909926774079808,1.3375097436075354,0.38624603950977904,0.0,0.0
-0.5909926774079808,1.3997194991241653,0.38970553721565104,0.0,0.0
-0.5909926774079808,1.4619292546407943,0.39329863981239793,0.0,0.0
-0.5909926774079808,1.5241390101574241,0.3970185691003071,0.0,0.0
-0.5909926774079808,1.586348765674054,0.40085738707339824,0.0,0.0
-0.5909926774079808,1.648558521190683,0.40480587630497233,0.0,0.0
-0.5909926774079808,1.710768276707313,0.4088534201205423,0.0,0.0
-0.5909926774079808,1.7729780322239428,0.412987885662396,0.0,0.0
-0.5909926774079808,1.8351877877405718,0.41719551371937186,0.0,0.0
-0.5909926774079808,1.8973975432572017,0.4214608200209957,0.0,0.0
-0.5909926774079808,1.9596072987738316,0.42576651354345224,0.0,0.0
-0.5909926774079808,2.0218170542904605,0.43009343819685847,0.0,0.0
-0.5909926774079808,2.0840268098070904,0.43442054499236155,0.0,0.0
-0.5909926774079808,2.1462365653237194,0.43872490233881806,0.0,0.0
-0.5909926774079808,2.2084463208403493,0.4429817523904518,0.0,0.0
-0.5909926774079808,2.270656076356979,0.44716462124449247,0.0,0.0
-0.5909926774079808,2.332865831873608,0.4512454901522368,0.0,0.0
-0.5909926774079808,2.395075587390238,0.4551950336466607,0.0,0.0
-0.5909926774079808,2.457285342906868,0.45898292851711153,0.0,0.0
-0.5909926774079808,2.519495098423497,0.46257823483314214,0.0,0.0
-0.5909926774079808,2.581704853940127,0.46594984675696466,0.0,0.0
-0.5909926774079808,2.6439146094567567,0.46906700679388574,0.0,0.0
-0.5909926774079808,2.7061243649733857,0.471899872617371,0.0,0.0
-0.5909926774079808,2.7683341204900156,0.4744201209757472,0.0,0.0
-0.5909926774079808,2.8305438760066455,0.4766015688346219,0.0,0.0
-0.5909926774079808,2.8927536315232745,0.47842078828347273,0.0,0.0
-0.5909926774079808,2.9549633870399044,0.47985768929556627,0.0,0.0
-0.5909926774079808,3.0171731425565333,0.4808960435832045,0.0,0.0
-0.5909926774079808,3.0793828980731632,0.48152392382167053,0.0,0.0
-0.5287829218913513,-3.141592653589793,0.47818326473405287,0.0,0.0
-0.5287829218913513,-3.0793828980731637,0.4779777629680994,0.0,0.0
-0.5287829218913513,-3.017173142556534,0.4773636351871233,0.0,0.0
-0.5287829218913513,-2.9549633870399044,0.4763479467259098,0.0,0.0
-0.5287829218913513,-2.892753631523275,0.4749422527880441,0.0,0.0
-0.5287829218913513,-2.8305438760066455,0.47316228052683784,0.0,0.0
-0.5287829218913513,-2.7683341204900156,0.4710275080316443,0.0,0.0
-0.5287829218913513,-2.706124364973386,0.46856066175788996,0.0,0.0
-0.5287829218913513,-2.6439146094567567,0.4657871568383728,0.0,0.0
-0.5287829218913513,-2.581704853940127,0.46273450574276775,0.0,0.0
-0.5287829218913513,-2.5194950984234974,0.45943172000784455,0.0,0.0
-0.5287829218913513,-2.457285342906868,0.4559087275057939,0.0,0.0
-0.5287829218913513,-2.395075587390238,0.45219582432872285,0.0,0.0
-0.5287829218913513,-2.3328658318736086,0.44832317627240204,0.0,0.0
-0.5287829218913513,-2.270656076356979,0.44432038052501605,0.0,0.0
-0.5287829218913513,-2.2084463208403498,0.4402160938792625,0.0,0.0
-0.5287829218913513,-2.1462365653237203,0.43603772988039846,0.0,0.0
-0.5287829218913513,-2.0840268098070904,0.4318112239969929,0.0,0.0
-0.5287829218913513,-2.021817054290461,0.42756086326144394,0.0,0.0
-0.5287829218913513,-1.9596072987738313,0.42330917489980907,0.0,0.0
-0.5287829218913513,-1.897397543257202,0.4190768672188648,0.0,0.0
-0.5287829218913513,-1.8351877877405722,0.41488281536357996,0.0,0.0
-0.5287829218913513,-1.7729780322239428,0.4107440843974121,0.0,0.0
-0.5287829218913513,-1.7107682767073131,0.40667598237966857,0.0,0.0
-0.5287829218913513,-1.6485585211906835,0.40269213661063813,0.0,0.0
-0.5287829218913513,-1.586348765674054,0.39880458688945414,0.0,0.0
-0.5287829218913513,-1.5241390101574244,0.3950238904002666,0.0,0.0
-0.5287829218913513,-1.461929254640795,0.391359233644814,0.0,0.0
-0.5287829218913513,-1.3997194991241653,0.3878185476258939,0.0,0.0
-0.5287829218913513,-1.3375097436075358,0.3844086232233388,0.0,0.0
-0.5287829218913513,-1.2752999880909062,0.3811352243711584,0.0,0.0
-0.5287829218913513,-1.2130902325742767,0.37800319723066045,0.0,0.0
-0.5287829218913513,-1.150880477057647,0.37501657405623895,0.0,0.0
-0.5287829218913513,-1.0886707215410176,0.37217867087003975,0.0,0.0
-0.5287829218913513,-1.0264609660243877,0.3694921784043074,0.0,0.0
-0.5287829218913513,-0.9642512105077583,0.36695924604335844,0.0,0.0
-0.5287829218913513,-0.9020414549911289,0.3645815587092838,0.0,0.0
-0.5287829218913513,-0.8398316994744994,0.3623604067953271,0.0,0.0
-0.5287829218913513,-0.7776219439578695,0.3602967493667474,0.0,0.0
-0.5287829218913513,-0.7154121884412401,0.358391270928582,0.0,0.0
-0.5287829218913513,-0.6532024329246107,0.35664443210991514,0.0,0.0
-0.5287829218913513,-0.5909926774079808,0.3550565146410458,0.0,0.0
-0.5287829218913513,-0.5287829218913513,0.3536276610083827,0.0,0.0
-0.5287829218913513,-0.4665731663747219,0.3523579091662392,0.0,0.0
-0.5287829218913513,-0.40436341085809246,0.35124722266839914,0.0,0.0
-0.5287829218913513,-0.3421536553414626,0.35029551655817553,0.0,0.0
-0.5287829218913513,-0.27994389982483314,0.3495026793258694,0.0,0.0
-0.5287829218913513,-0.2177341443082037,0.3488685912087596,0.0,0.0
-0.5287829218913513,-0.15552438879157382,0.3483931390722866,0.0,0.0
-0.5287829218913513,-0.09331463327494438,0.3480762280728769,0.0,0.0
-0.5287829218913513,-0.03110487775831494,0.3479177902635547,0.0,0.0
-0.5287829218913513,0.031104877758314498,0.3479177902635547,0.0,0.0
-0.5287829218913513,0.09331463327494438,0.3480762280728769,0.0,0.0
-0.5287829218913513,0.15552438879157382,0.3483931390722866,0.0,0.0
-0.5287829218913513,0.21773414430820326,0.3488685912087596,0.0,0.0
-0.5287829218913513,0.2799438998248327,0.34950267932586937,0.0,0.0
-0.5287829218913513,0.3421536553414626,0.35029551655817553,0.0,0.0
-0.5287829218913513,0.404363410858092,0.35124722266839914,0.0,0.0
-0.5287829218913513,0.46657316637472146,0.3523579091662392,0.0,0.0
-0.5287829218913513,0.5287829218913513,0.3536276610083827,0.0,0.0
-0.5287829218913513,0.5909926774079808,0.3550565146410458,0.0,0.0
-0.5287829218913513,0.6532024329246102,0.35664443210991514,0.0,0.0
-0.5287829218913513,0.7154121884412397,0.3583912709285819,0.0,0.0
-0.5287829218913513,0.7776219439578695,0.3602967493667474,0.0,0.0
-0.5287829218913513,0.839831699474499,0.36236040679532705,0.0,0.0
-0.5287829218913513,0.9020414549911289,0.3645815587092838,0.0,0.0
-0.5287829218913513,0.9642512105077579,0.36695924604335833,0.0,0.0
-0.5287829218913513,1.0264609660243877,0.3694921784043074,0.0,0.0
-0.5287829218913513,1.0886707215410176,0.37217867087003975,0.0,0.0
-0.5287829218913513,1.1508804770576466,0.37501657405623895,0.0,0.0
-0.5287829218913513,1.2130902325742765,0.37800319723066045,0.0,0.0
-0.5287829218913513,1.2752999880909055,0.3811352243711583,0.0,0.0
-0.5287829218913513,1.3375097436075354,0.38440862322333874,0.0,0.0
-0.5287829218913513,1.3997194991241653,0.3878185476258939,0.0,0.0
-0.5287829218913513,1.4619292546407943,0.391359233644814,0.0,0.0
-0.5287829218913513,1.5241390101574241,0.3950238904002666,0.0,0.0
-0.5287829218913513,1.586348765674054,0.39880458688945414,0.0,0.0
-0.5287829218913513,1.648558521190683,0.4026921366106381,0.0,0.0
-0.5287829218913513,1.710768276707313,0.40667598237966857,0.0,0.0
-0.5287829218913513,1.7729780322239428,0.4107440843974121,0.0,0.0
-0.5287829218913513,1.8351877877405718,0.41488281536357996,0.0,0.0
-0.5287829218913513,1.8973975432572017,0.4190768672188648,0.0,0.0
-0.5287829218913513,1.9596072987738316,0.42330917489980907,0.0,0.0
-0.5287829218913513,2.0218170542904605,0.42756086326144394,0.0,0.0
-0.5287829218913513,2.0840268098070904,0.4318112239969929,0.0,0.0
-0.5287829218913513,2.1462365653237194,0.4360377298803984,0.0,0.0
-0.5287829218913513,2.2084463208403493,0.4402160938792625,0.0,0.0
-0.5287829218913513,2.270656076356979,0.44432038052501605,0.0,0.0
-0.5287829218913513,2.332865831873608,0.448323176272402,0.0,0.0
-0.5287829218913513,2.395075587390238,0.45219582432872285,0.0,0.0
-0.5287829218913513,2.457285342906868,0.4559087275057939,0.0,0.0
-0.5287829218913513,2.519495098423497,0.4594317200078445,0.0,0.0
-0.5287829218913513,2.581704853940127,0.46273450574276775,0.0,0.0
-0.5287829218913513,2.6439146094567567,0.4657871568383728,0.0,0.0
-0.5287829218913513,2.7061243649733857,0.46856066175788996,0.0,0.0
-0.5287829218913513,2.7683341204900156,0.4710275080316443,0.0,0.0
-0.5287829218913513,2.8305438760066455,0.47316228052683784,0.0,0.0
-0.5287829218913513,2.8927536315232745,0.4749422527880441,0.0,0.0
-0.5287829218913513,2.9549633870399044,0.4763479467259098,0.0,0.0
-0.5287829218913513,3.0171731425565333,0.4773636351871233,0.0,0.0
-0.5287829218913513,3.0793828980731632,0.4779777629680994,0.0,0.0
-0.4665731663747219,-3.141592653589793,0.4750576683297877,0.0,0.0
-0.4665731663747219,-3.0793828980731637,0.4748561683134008,0.0,0.0
-0.4665731663747219,-3.017173142556534,0.4742539793238033,0.0,0.0
-0.4665731663747219,-2.9549633870399044,0.47325796987005664,0.0,0.0
-0.4665731663747219,-2.892753631523275,0.4718793754244686,0.0,0.0
-0.4665731663747219,-2.8305438760066455,0.4701334923743634,0.0,0.0
-0.4665731663747219,-2.7683341204900156,0.46803927249977967,0.0,0.0
-0.4665731663747219,-2.706124364973386,0.4656188385299327,0.0,0.0
-0.4665731663747219,-2.6439146094567567,0.4628969441283126,0.0,0.0
-0.4665731663747219,-2.581704853940127,0.45990040268143123,0.0,0.0
-0.4665731663747219,-2.5194950984234974,0.4566575086055003,0.0,0.0
-0.4665731663747219,-2.457285342906868,0.45319747278278094,0.0,0.0
-0.4665731663747219,-2.395075587390238,0.4495498905471676,0.0,0.0
-0.4665731663747219,-2.3328658318736086,0.4457442567599838,0.0,0.0
-0.4665731663747219,-2.270656076356979,0.44180953835237285,0.0,0.0
-0.4665731663747219,-2.2084463208403498,0.43777381061430914,0.0,0.0
-0.4665731663747219,-2.1462365653237203,0.4336639597618759,0.0,0.0
-0.4665731663747219,-2.0840268098070904,0.4295054511063985,0.0,0.0
-0.4665731663747219,-2.021817054290461,0.4253221595868815,0.0,0.0
-0.4665731663747219,-1.9596072987738313,0.4211362575403701,0.0,0.0
-0.4665731663747219,-1.897397543257202,0.4169681533428995,0.0,0.0
-0.4665731663747219,-1.8351877877405722,0.41283647388473216,0.0,0.0
-0.4665731663747219,-1.7729780322239428,0.40875808365183924,0.0,0.0
-0.4665731663747219,-1.7107682767073131,0.40474813336630516,0.0,0.0
-0.4665731663747219,-1.6485585211906835,0.40082013158901897,0.0,0.0
-0.4665731663747219,-1.586348765674054,0.39698603331607435,0.0,0.0
-0.4665731663747219,-1.5241390101574244,0.3932563403272998,0.0,0.0
-0.4665731663747219,-1.461929254640795,0.3896402088087184,0.0,0.0
-0.4665731663747219,-1.3997194991241653,0.3861455605234917,0.0,0.0
-0.4665731663747219,-1.3375097436075358,0.382779194515153,0.0,0.0
-0.4665731663747219,-1.2752999880909062,0.3795468969717578,0.0,0.0
-0.4665731663747219,-1.2130902325742767,0.3764535474486514,0.0,0.0
-0.4665731663747219,-1.150880477057647,0.3735032201368567,0.0,0.0
-0.4665731663747219,-1.0886707215410176,0.37069927927483437,0.0,0.0
-0.4665731663747219,-1.0264609660243877,0.368044468138276,0.0,0.0
-0.4665731663747219,-0.9642512105077583,0.3655409913125011,0.0,0.0
-0.4665731663747219,-0.9020414549911289,0.363190590162808,0.0,0.0
-0.4665731663747219,-0.8398316994744994,0.36099461157797996,0.0,0.0
-0.4665731663747219,-0.7776219439578695,0.35895407017898706,0.0,0.0
-0.4665731663747219,-0.7154121884412401,0.35706970426615275,0.0,0.0
-0.4665731663747219,-0.6532024329246107,0.35534202583027696,0.0,0.0
-0.4665731663747219,-0.5909926774079808,0.3537713649822246,0.0,0.0
-0.4665731663747219,-0.5287829218913513,0.3523579091662392,0.0,0.0
-0.4665731663747219,-0.4665731663747219,0.35110173751886603,0.0,0.0
-0.4665731663747219,-0.40436341085809246,0.3500028507212718,0.0,0.0
-0.4665731663747219,-0.3421536553414626,0.3490611966706666,0.0,0.0
-0.4665731663747219,-0.27994389982483314,0.3482766922686524,0.0,0.0
-0.4665731663747219,-0.2177341443082037,0.34764924159231947,0.0,0.0
-0.4665731663747219,-0.15552438879157382,0.34717875067907705,0.0,0.0
-0.4665731663747219,-0.09331463327494438,0.3468651391194874,0.0,0.0
-0.4665731663747219,-0.03110487775831494,0.3467083486144516,0.0,0.0
-0.4665731663747219,0.031104877758314498,0.3467083486144516,0.0,0.0
-0.4665731663747219,0.09331463327494438,0.3468651391194874,0.0,0.0
-0.4665731663747219,0.15552438879157382,0.34717875067907705,0.0,0.0
-0.4665731663747219,0.21773414430820326,0.34764924159231947,0.0,0.0
-0.4665731663747219,0.2799438998248327,0.3482766922686523,0.0,0.0
-0.4665731663747219,0.3421536553414626,0.3490611966706666,0.0,0.0
-0.4665731663747219,0.404363410858092,0.3500028507212718,0.0,0.0
-0.4665731663747219,0.46657316637472146,0.35110173751886603,0.0,0.0
-0.4665731663747219,0.5287829218913513,0.3523579091662392,0.0,0.0
-0.4665731663747219,0.5909926774079808,0.3537713649822246,0.0,0.0
-0.4665731663747219,0.6532024329246102,0.35534202583027696,0.0,0.0
-0.4665731663747219,0.7154121884412397,0.35706970426615275,0.0,0.0
-0.4665731663747219,0.7776219439578695,0.35895407017898706,0.0,0.0
-0.4665731663747219,0.839831699474499,0.36099461157797996,0.0,0.0
-0.4665731663747219,0.9020414549911289,0.363190590162808,0.0,0.0
-0.4665731663747219,0.9642512105077579,0.36554099131250106,0.0,0.0
-0.4665731663747219,1.0264609660243877,0.368044468138276,0.0,0.0
-0.4665731663747219,1.0886707215410176,0.37069927927483437,0.0,0.0
-0.4665731663747219,1.1508804770576466,0.3735032201368568,0.0,0.0
-0.4665731663747219,1.2130902325742765,0.3764535474486514,0.0,0.0
-0.4665731663747219,1.2752999880909055,0.3795468969717578,0.0,0.0
-0.4665731663747219,1.3375097436075354,0.38277919451515297,0.0,0.0
-0.4665731663747219,1.3997194991241653,0.3861455605234917,0.0,0.0
-0.4665731663747219,1.4619292546407943,0.3896402088087184,0.0,0.0
-0.4665731663747219,1.5241390101574241,0.3932563403272998,0.0,0.0
-0.4665731663747219,1.586348765674054,0.39698603331607435,0.0,0.0
-0.4665731663747219,1.648558521190683,0.40082013158901897,0.0,0.0
-0.4665731663747219,1.710768276707313,0.40474813336630516,0.0,0.0
-0.4665731663747219,1.7729780322239428,0.40875808365183924,0.0,0.0
-0.4665731663747219,1.8351877877405718,0.41283647388473205,0.0,0.0
-0.4665731663747219,1.8973975432572017,0.4169681533428995,0.0,0.0
-0.4665731663747219,1.9596072987738316,0.4211362575403701,0.0,0.0
-0.4665731663747219,2.0218170542904605,0.4253221595868815,0.0,0.0
-0.4665731663747219,2.0840268098070904,0.4295054511063985,0.0,0.0
-0.4665731663747219,2.1462365653237194,0.43366395976187583,0.0,0.0
-0.4665731663747219,2.2084463208403493,0.4377738106143091,0.0,0.0
-0.4665731663747219,2.270656076356979,0.44180953835237285,0.0,0.0
-0.4665731663747219,2.332865831873608,0.44574425675998375,0.0,0.0
-0.4665731663747219,2.395075587390238,0.4495498905471676,0.0,0.0
-0.4665731663747219,2.457285342906868,0.45319747278278094,0.0,0.0
-0.4665731663747219,2.519495098423497,0.4566575086055003,0.0,0.0
-0.4665731663747219,2.581704853940127,0.45990040268143123,0.0,0.0
-0.4665731663747219,2.6439146094567567,0.4628969441283126,0.0,0.0
-0.4665731663747219,2.7061243649733857,0.4656188385299327,0.0,0.0
-0.4665731663747219,2.7683341204900156,0.46803927249977967,0.0,0.0
-0.4665731663747219,2.8305438760066455,0.4701334923743634,0.0,0.0
-0.4665731663747219,2.8927536315232745,0.4718793754244686,0.0,0.0
-0.4665731663747219,2.9549633870399044,0.47325796987005664,0.0,0.0
-0.4665731663747219,3.0171731425565333,0.4742539793238033,0.0,0.0
-0.4665731663747219,3.0793828980731632,0.4748561683134008,0.0,0.0
-0.40436341085809246,-3.141592653589793,0.4723461970799683,0.0,0.0
-0.40436341085809246,-3.0793828980731637,0.47214812625903957,0.0,0.0
-0.40436341085809246,-3.017173142556534,0.4715561684383956,0.0,0.0
-0.40436341085809246,-2.9549633870399044,0.47057702501544824,0.0,0.0
-0.40436341085809246,-2.892753631523275,0.4692216599320357,0.0,0.0
-0.40436341085809246,-2.8305438760066455,0.4675050036127054,0.0,0.0
-0.40436341085809246,-2.7683341204900156,0.46544556048362784,0.0,0.0
-0.40436341085809246,-2.706124364973386,0.463064939802567,0.0,0.0
-0.40436341085809246,-2.6439146094567567,0.4603873322407214,0.0,0.0
-0.40436341085809246,-2.581704853940127,0.45743895567695425,0.0,0.0
-0.40436341085809246,-2.5194950984234974,0.45424749307199513,0.0,0.0
-0.40436341085809246,-2.457285342906868,0.45084154331309423,0.0,0.0
-0.40436341085809246,-2.395075587390238,0.44725010289056205,0.0,0.0
-0.40436341085809246,-2.3328658318736086,0.4435020925689622,0.0,0.0
-0.40436341085809246,-2.270656076356979,0.4396259392287888,0.0,0.0
-0.40436341085809246,-2.2084463208403498,0.43564921911842236,0.0,0.0
-0.40436341085809246,-2.1462365653237203,0.43159836514060396,0.0,0.0
-0.40436341085809246,-2.0840268098070904,0.4274984376897862,0.0,0.0
-0.40436341085809246,-2.021817054290461,0.4233729560613456,0.0,0.0
-0.40436341085809246,-1.9596072987738313,0.41924378560274933,0.0,0.0
-0.40436341085809246,-1.897397543257202,0.41513107454465165,0.0,0.0
-0.40436341085809246,-1.8351877877405722,0.41105323377046826,0.0,0.0
-0.40436341085809246,-1.7729780322239428,0.40702695256643934,0.0,0.0
-0.40436341085809246,-1.7107682767073131,0.40306724354124374,0.0,0.0
-0.40436341085809246,-1.6485585211906835,0.39918751031701083,0.0,0.0
-0.40436341085809246,-1.586348765674054,0.39539963218307084,0.0,0.0
-0.40436341085809246,-1.5241390101574244,0.3917140605941629,0.0,0.0
-0.40436341085809246,-1.461929254640795,0.388139923125146,0.0,0.0
-0.40436341085809246,-1.3997194991241653,0.3846851312184503,0.0,0.0
-0.40436341085809246,-1.3375097436075358,0.38135648874598677,0.0,0.0
-0.40436341085809246,-1.2752999880909062,0.3781597990329758,0.0,0.0
-0.40436341085809246,-1.2130902325742767,0.3750999685454845,0.0,0.0
-0.40436341085809246,-1.150880477057647,0.3721811059218252,0.0,0.0
-0.40436341085809246,-1.0886707215410176,0.3694066154310044,0.0,0.0
-0.40436341085809246,-1.0264609660243877,0.36677928427325845,0.0,0.0
-0.40436341085809246,-0.9642512105077583,0.36430136340465014,0.0,0.0
-0.40436341085809246,-0.9020414549911289,0.36197464177713234,0.0,0.0
-0.40436341085809246,-0.8398316994744994,0.35980051404517893,0.0,0.0
-0.40436341085809246,-0.7776219439578695,0.3577800419076251,0.0,0.0
-0.40436341085809246,-0.7154121884412401,0.35591400933586953,0.0,0.0
-0.40436341085809246,-0.6532024329246107,0.3542029719934557,0.0,0.0
-0.40436341085809246,-0.5909926774079808,0.3526473011829113,0.0,0.0
-0.40436341085809246,-0.5287829218913513,0.35124722266839914,0.0,0.0
-0.40436341085809246,-0.4665731663747219,0.3500028507212718,0.0,0.0
-0.40436341085809246,-0.40436341085809246,0.34891421772338255,0.0,0.0
-0.40436341085809246,-0.3421536553414626,0.3479812996426778,0.0,0.0
-0.40436341085809246,-0.27994389982483314,0.3472040376693554,0.0,0.0
-0.40436341085809246,-0.2177341443082037,0.3465823562703873,0.0,0.0
-0.40436341085809246,-0.15552438879157382,0.34611617788676846,0.0,0.0
-0.40436341085809246,-0.09331463327494438,0.3458054344624215,0.0,0.0
-0.40436341085809246,-0.03110487775831494,0.3456500759569577,0.0,0.0
-0.40436341085809246,0.031104877758314498,0.3456500759569577,0.0,0.0
-0.40436341085809246,0.09331463327494438,0.3458054344624215,0.0,0.0
-0.40436341085809246,0.15552438879157382,0.34611617788676846,0.0,0.0
-0.40436341085809246,0.21773414430820326,0.3465823562703873,0.0,0.0
-0.40436341085809246,0.2799438998248327,0.34720403766935537,0.0,0.0
-0.40436341085809246,0.3421536553414626,0.3479812996426778,0.0,0.0
-0.40436341085809246,0.404363410858092,0.34891421772338255,0.0,0.0
-0.40436341085809246,0.46657316637472146,0.3500028507212718,0.0,0.0
-0.40436341085809246,0.5287829218913513,0.35124722266839914,0.0,0.0
-0.40436341085809246,0.5909926774079808,0.3526473011829113,0.0,0.0
-0.40436341085809246,0.6532024329246102,0.3542029719934557,0.0,0.0
-0.40436341085809246,0.7154121884412397,0.3559140093358695,0.0,0.0
-0.40436341085809246,0.7776219439578695,0.3577800419076251,0.0,0.0
-0.40436341085809246,0.839831699474499,0.35980051404517893,0.0,0.0
-0.40436341085809246,0.9020414549911289,0.36197464177713234,0.0,0.0
-0.40436341085809246,0.9642512105077579,0.36430136340465014,0.0,0.0
-0.40436341085809246,1.0264609660243877,0.36677928427325845,0.0,0.0
-0.40436341085809246,1.0886707215410176,0.3694066154310044,0.0,0.0
-0.40436341085809246,1.1508804770576466,0.3721811059218252,0.0,0.0
-0.40436341085809246,1.2130902325742765,0.3750999685454845,0.0,0.0
-0.40436341085809246,1.2752999880909055,0.37815979903297575,0.0,0.0
-0.40436341085809246,1.3375097436075354,0.38135648874598677,0.0,0.0
-0.40436341085809246,1.3997194991241653,0.3846851312184503,0.0,0.0
-0.40436341085809246,1.4619292546407943,0.38813992312514595,0.0,0.0
-0.40436341085809246,1.5241390101574241,0.3917140605941629,0.0,0.0
-0.40436341085809246,1.586348765674054,0.39539963218307084,0.0,0.0
-0.40436341085809246,1.648558521190683,0.3991875103170108,0.0,0.0
-0.40436341085809246,1.710768276707313,0.40306724354124374,0.0,0.0
-0.40436341085809246,1.7729780322239428,0.40702695256643934,0.0,0.0
-0.40436341085809246,1.8351877877405718,0.41105323377046826,0.0,0.0
-0.40436341085809246,1.8973975432572017,0.41513107454465165,0.0,0.0
-0.40436341085809246,1.9596072987738316,0.41924378560274933,0.0,0.0
-0.40436341085809246,2.0218170542904605,0.4233729560613455,0.0,0.0
-0.40436341085809246,2.0840268098070904,0.4274984376897862,0.0,0.0
-0.40436341085809246,2.1462365653237194,0.4315983651406039,0.0,0.0
-0.40436341085809246,2.2084463208403493,0.43564921911842236,0.0,0.0
-0.40436341085809246,2.270656076356979,0.4396259392287888,0.0,0.0
-0.40436341085809246,2.332865831873608,0.44350209256896217,0.0,0.0
-0.40436341085809246,2.395075587390238,0.44725010289056205,0.0,0.0
-0.40436341085809246,2.457285342906868,0.45084154331309423,0.0,0.0
-0.40436341085809246,2.519495098423497,0.4542474930719951,0.0,0.0
-0.40436341085809246,2.581704853940127,0.45743895567695425,0.0,0.0
-0.40436341085809246,2.6439146094567567,0.4603873322407214,0.0,0.0
-0.40436341085809246,2.7061243649733857,0.46306493980256697,0.0,0.0
-0.40436341085809246,2.7683341204900156,0.46544556048362784,0.0,0.0
-0.40436341085809246,2.8305438760066455,0.4675050036127054,0.0,0.0
-0.40436341085809246,2.8927536315232745,0.4692216599320357,0.0,0.0
-0.40436341085809246,2.9549633870399044,0.47057702501544824,0.0,0.0
-0.40436341085809246,3.0171731425565333,0.4715561684383956,0.0,0.0
-0.40436341085809246,3.0793828980731632,0.47214812625903957,0.0,0.0
-0.3421536553414626,-3.141592653589793,0.47003932947027466,0.0,0.0
-0.3421536553414626,-3.0793828980731637,0.46984414534725527,0.0,0.0
-0.3421536553414626,-3.017173142556534,0.46926080051059693,0.0,0.0
-0.3421536553414626,-2.9549633870399044,0.46829585680097446,0.0,0.0
-0.3421536553414626,-2.892753631523275,0.4669600513537012,0.0,0.0
-0.3421536553414626,-2.8305438760066455,0.4652680088108944,0.0,0.0
-0.3421536553414626,-2.7683341204900156,0.46323785965138986,0.0,0.0
-0.3421536553414626,-2.706124364973386,0.46089078369220626,0.0,0.0
-0.3421536553414626,-2.6439146094567567,0.45825050045346294,0.0,0.0
-0.3421536553414626,-2.581704853940127,0.45534272909256723,0.0,0.0
-0.3421536553414626,-2.5194950984234974,0.4521946400748714,0.0,0.0
-0.3421536553414626,-2.457285342906868,0.4488343188727555,0.0,0.0
-0.3421536553414626,-2.395075587390238,0.4452902590892697,0.0,0.0
-0.3421536553414626,-2.3328658318736086,0.44159089885133196,0.0,0.0
-0.3421536553414626,-2.270656076356979,0.4377642104767793,0.0,0.0
-0.3421536553414626,-2.2084463208403498,0.4338373496160507,0.0,0.0
-0.3421536553414626,-2.1462365653237203,0.42983636656404506,0.0,0.0
-0.3421536553414626,-2.0840268098070904,0.42578597941356483,0.0,0.0
-0.3421536553414626,-2.021817054290461,0.4217094062827652,0.0,0.0
-0.3421536553414626,-1.9596072987738313,0.41762825202911363,0.0,0.0
-0.3421536553414626,-1.897397543257202,0.41356244363960487,0.0,0.0
-0.3421536553414626,-1.8351877877405722,0.409530207799974,0.0,0.0
-0.3421536553414626,-1.7729780322239428,0.40554808390946406,0.0,0.0
-0.3421536553414626,-1.7107682767073131,0.4016309659275404,0.0,0.0
-0.3421536553414626,-1.6485585211906835,0.397792166820767,0.0,0.0
-0.3421536553414626,-1.586348765674054,0.39404349993584936,0.0,0.0
-0.3421536553414626,-1.5241390101574244,0.39039537228493526,0.0,0.0
-0.3421536553414626,-1.461929254640795,0.38685688543214364,0.0,0.0
-0.3421536553414626,-1.3997194991241653,0.3834359403706389,0.0,0.0
-0.3421536553414626,-1.3375097436075358,0.38013934344512207,0.0,0.0
-0.3421536553414626,-1.2752999880909062,0.3769729109842896,0.0,0.0
-0.3421536553414626,-1.2130902325742767,0.37394157084964813,0.0,0.0
-0.3421536553414626,-1.150880477057647,0.37104945957611546,0.0,0.0
-0.3421536553414626,-1.0886707215410176,0.3683000141762539,0.0,0.0
-0.3421536553414626,-1.0264609660243877,0.36569605800741967,0.0,0.0
-0.3421536553414626,-0.9642512105077583,0.36323988036541976,0.0,0.0
-0.3421536553414626,-0.9020414549911289,0.3609333096764315,0.0,0.0
-0.3421536553414626,-0.8398316994744994,0.3587777803183931,0.0,0.0
-0.3421536553414626,-0.7776219439578695,0.3567743932211086,0.0,0.0
-0.3421536553414626,-0.7154121884412401,0.35492397047781393,0.0,0.0
-0.3421536553414626,-0.6532024329246107,0.35322710425613635,0.0,0.0
-0.3421536553414626,-0.5909926774079808,0.3516842003287367,0.0,0.0
-0.3421536553414626,-0.5287829218913513,0.35029551655817553,0.0,0.0
-0.3421536553414626,-0.4665731663747219,0.3490611966706666,0.0,0.0
-0.3421536553414626,-0.40436341085809246,0.3479812996426778,0.0,0.0
-0.3421536553414626,-0.3421536553414626,0.34705582500547855,0.0,0.0
-0.3421536553414626,-0.27994389982483314,0.34628473434785845,0.0,0.0
-0.3421536553414626,-0.2177341443082037,0.3456679692680336,0.0,0.0
-0.3421536553414626,-0.15552438879157382,0.3452054659934912,0.0,0.0
-0.3421536553414626,-0.09331463327494438,0.344897166853178,0.0,0.0
-0.3421536553414626,-0.03110487775831494,0.3447430287507137,0.0,0.0
-0.3421536553414626,0.031104877758314498,0.3447430287507137,0.0,0.0
-0.3421536553414626,0.09331463327494438,0.344897166853178,0.0,0.0
-0.3421536553414626,0.15552438879157382,0.3452054659934912,0.0,0.0
-0.3421536553414626,0.21773414430820326,0.3456679692680336,0.0,0.0
-0.3421536553414626,0.2799438998248327,0.3462847343478584,0.0,0.0
-0.3421536553414626,0.3421536553414626,0.34705582500547855,0.0,0.0
-0.3421536553414626,0.404363410858092,0.3479812996426778,0.0,0.0
-0.3421536553414626,0.46657316637472146,0.3490611966706666,0.0,0.0
-0.3421536553414626,0.5287829218913513,0.35029551655817553,0.0,0.0
-0.3421536553414626,0.5909926774079808,0.3516842003287367,0.0,0.0
-0.3421536553414626,0.6532024329246102,0.3532271042561363,0.0,0.0
-0.3421536553414626,0.7154121884412397,0.35492397047781393,0.0,0.0
-0.3421536553414626,0.7776219439578695,0.3567743932211086,0.0,0.0
-0.3421536553414626,0.839831699474499,0.358777780318393,0.0,0.0
-0.3421536553414626,0.9020414549911289,0.3609333096764315,0.0,0.0
-0.3421536553414626,0.9642512105077579,0.3632398803654197,0.0,0.0
-0.3421536553414626,1.0264609660243877,0.36569605800741967,0.0,0.0
-0.3421536553414626,1.0886707215410176,0.3683000141762539,0.0,0.0
-0.3421536553414626,1.1508804770576466,0.3710494595761155,0.0,0.0
-0.3421536553414626,1.2130902325742765,0.3739415708496481,0.0,0.0
-0.3421536553414626,1.2752999880909055,0.3769729109842896,0.0,0.0
-0.3421536553414626,1.3375097436075354,0.38013934344512207,0.0,0.0
-0.3421536553414626,1.3997194991241653,0.3834359403706389,0.0,0.0
-0.3421536553414626,1.4619292546407943,0.3868568854321436,0.0,0.0
-0.3421536553414626,1.5241390101574241,0.3903953722849352,0.0,0.0
-0.3421536553414626,1.586348765674054,0.39404349993584936,0.0,0.0
-0.3421536553414626,1.648558521190683,0.397792166820767,0.0,0.0
-0.3421536553414626,1.710768276707313,0.40163096592754033,0.0,0.0
-0.3421536553414626,1.7729780322239428,0.40554808390946406,0.0,0.0
-0.3421536553414626,1.8351877877405718,0.409530207799974,0.0,0.0
-0.3421536553414626,1.8973975432572017,0.4135624436396048,0.0,0.0
-0.3421536553414626,1.9596072987738316,0.41762825202911363,0.0,0.0
-0.3421536553414626,2.0218170542904605,0.4217094062827652,0.0,0.0
-0.3421536553414626,2.0840268098070904,0.42578597941356483,0.0,0.0
-0.3421536553414626,2.1462365653237194,0.429836366564045,0.0,0.0
-0.3421536553414626,2.2084463208403493,0.43383734961605064,0.0,0.0
-0.3421536553414626,2.270656076356979,0.4377642104767793,0.0,0.0
-0.3421536553414626,2.332865831873608,0.44159089885133196,0.0,0.0
-0.3421536553414626,2.395075587390238,0.4452902590892697,0.0,0.0
-0.3421536553414626,2.457285342906868,0.4488343188727555,0.0,0.0
-0.3421536553414626,2.519495098423497,0.4521946400748714,0.0,0.0
-0.3421536553414626,2.581704853940127,0.45534272909256723,0.0,0.0
-0.3421536553414626,2.6439146094567567,0.45825050045346294,0.0,0.0
-0.3421536553414626,2.7061243649733857,0.46089078369220626,0.0,0.0
-0.3421536553414626,2.7683341204900156,0.46323785965138986,0.0,0.0
-0.3421536553414626,2.8305438760066455,0.4652680088108944,0.0,0.0
-0.3421536553414626,2.8927536315232745,0.4669600513537012,0.0,0.0
-0.3421536553414626,2.9549633870399044,0.46829585680097446,0.0,0.0
-0.3421536553414626,3.0171731425565333,0.46926080051059693,0.0,0.0
-0.3421536553414626,3.0793828980731632,0.46984414534725527,0.0,0.0
-0.27994389982483314,-3.141592653589793,0.4681290125766376,0.0,0.0
-0.27994389982483314,-3.0793828980731637,0.4679361976016327,0.0,0.0
-0.27994389982483314,-3.017173142556534,0.46735992180798985,0.0,0.0
-0.27994389982483314,-2.9549633870399044,0.4664066332679152,0.0,0.0
-0.27994389982483314,-2.892753631523275,0.46508688418799604,0.0,0.0
-0.27994389982483314,-2.8305438760066455,0.46341504982129805,0.0,0.0
-0.27994389982483314,-2.7683341204900156,0.4614089555559568,0.0,0.0
-0.27994389982483314,-2.706124364973386,0.45908943068936586,0.0,0.0
-0.27994389982483314,-2.6439146094567567,0.4564798099763237,0.0,0.0
-0.27994389982483314,-2.581704853940127,0.453605405047857,0.0,0.0
-0.27994389982483314,-2.5194950984234974,0.45049296730155497,0.0,0.0
-0.27994389982483314,-2.457285342906868,0.4471701620700973,0.0,0.0
-0.27994389982483314,-2.395075587390238,0.44366507108539743,0.0,0.0
-0.27994389982483314,-2.3328658318736086,0.4400057368230577,0.0,0.0
-0.27994389982483314,-2.270656076356979,0.43621975858889905,0.0,0.0
-0.27994389982483314,-2.2084463208403498,0.43233394651288126,0.0,0.0
-0.27994389982483314,-2.1462365653237203,0.42837403620000336,0.0,0.0
-0.27994389982483314,-2.0840268098070904,0.42436446383195503,0.0,0.0
-0.27994389982483314,-2.021817054290461,0.42032819912066155,0.0,0.0
-0.27994389982483314,-1.9596072987738313,0.4162866317208567,0.0,0.0
-0.27994389982483314,-1.897397543257202,0.41225950549445034,0.0,0.0
-0.27994389982483314,-1.8351877877405722,0.4082648943270674,0.0,0.0
-0.27994389982483314,-1.7729780322239428,0.4043192129456535,0.0,0.0
-0.27994389982483314,-1.7107682767073131,0.4004372562843131,0.0,0.0
-0.27994389982483314,-1.6485585211906835,0.3966322613026078,0.0,0.0
-0.27994389982483314,-1.586348765674054,0.39291598569282665,0.0,0.0
-0.27994389982483314,-1.5241390101574244,0.38929879854835575,0.0,0.0
-0.27994389982483314,-1.461929254640795,0.3857897787458746,0.0,0.0
-0.27994389982483314,-1.3997194991241653,0.3823968174750371,0.0,0.0
-0.27994389982483314,-1.3375097436075358,0.3791267219985608,0.0,0.0
-0.27994389982483314,-1.2752999880909062,0.3759853183221374,0.0,0.0
-0.27994389982483314,-1.2130902325742767,0.3729775509851218,0.0,0.0
-0.27994389982483314,-1.150880477057647,0.3701075786442745,0.0,0.0
-0.27994389982483314,-1.0886707215410176,0.36737886451372137,0.0,0.0
-0.27994389982483314,-1.0264609660243877,0.3647942610480247,0.0,0.0
-0.27994389982483314,-0.9642512105077583,0.3623560885173089,0.0,0.0
-0.27994389982483314,-0.9020414549911289,0.3600662073304264,0.0,0.0
-0.27994389982483314,-0.8398316994744994,0.3579260841213221,0.0,0.0
-0.27994389982483314,-0.7776219439578695,0.3559368517321295,0.0,0.0
-0.27994389982483314,-0.7154121884412401,0.3540993633107943,0.0,0.0
-0.27994389982483314,-0.6532024329246107,0.35241424079723943,0.0,0.0
-0.27994389982483314,-0.5909926774079808,0.35088191810563735,0.0,0.0
-0.27994389982483314,-0.5287829218913513,0.3495026793258694,0.0,0.0
-0.27994389982483314,-0.4665731663747219,0.3482766922686524,0.0,0.0
-0.27994389982483314,-0.40436341085809246,0.3472040376693554,0.0,0.0
-0.27994389982483314,-0.3421536553414626,0.34628473434785845,0.0,0.0
-0.27994389982483314,-0.27994389982483314,0.3455187605980492,0.0,0.0
-0.27994389982483314,-0.2177341443082037,0.3449060720523851,0.0,0.0
-0.27994389982483314,-0.15552438879157382,0.34444661623564704,0.0,0.0
-0.27994389982483314,-0.09331463327494438,0.3441403439885565,0.0,0.0
-0.27994389982483314,-0.03110487775831494,0.3439872179070311,0.0,0.0
-0.27994389982483314,0.031104877758314498,0.3439872179070311,0.0,0.0
-0.27994389982483314,0.09331463327494438,0.3441403439885565,0.0,0.0
-0.27994389982483314,0.15552438879157382,0.34444661623564704,0.0,0.0
-0.27994389982483314,0.21773414430820326,0.3449060720523851,0.0,0.0
-0.27994389982483314,0.2799438998248327,0.3455187605980492,0.0,0.0
-0.27994389982483314,0.3421536553414626,0.34628473434785845,0.0,0.0
-0.27994389982483314,0.404363410858092,0.34720403766935537,0.0,0.0
-0.27994389982483314,0.46657316637472146,0.3482766922686524,0.0,0.0
-0.27994389982483314,0.5287829218913513,0.3495026793258694,0.0,0.0
-0.27994389982483314,0.5909926774079808,0.35088191810563735,0.0,0.0
-0.27994389982483314,0.6532024329246102,0.3524142407972394,0.0,0.0
-0.27994389982483314,0.7154121884412397,0.3540993633107943,0.0,0.0
-0.27994389982483314,0.7776219439578695,0.3559368517321295,0.0,0.0
-0.27994389982483314,0.839831699474499,0.35792608412132204,0.0,0.0
-0.27994389982483314,0.9020414549911289,0.3600662073304264,0.0,0.0
-0.27994389982483314,0.9642512105077579,0.3623560885173088,0.0,0.0
-0.27994389982483314,1.0264609660243877,0.3647942610480247,0.0,0.0
-0.27994389982483314,1.0886707215410176,0.36737886451372137,0.0,0.0
-0.27994389982483314,1.1508804770576466,0.3701075786442745,0.0,0.0
-0.27994389982483314,1.2130902325742765,0.37297755098512175,0.0,0.0
-0.27994389982483314,1.2752999880909055,0.37598531832213733,0.0,0.0
-0.27994389982483314,1.3375097436075354,0.37912672199856073,0.0,0.0
-0.27994389982483314,1.3997194991241653,0.3823968174750371,0.0,0.0
-0.27994389982483314,1.4619292546407943,0.3857897787458746,0.0,0.0
-0.27994389982483314,1.5241390101574241,0.3892987985483557,0.0,0.0
-0.27994389982483314,1.586348765674054,0.39291598569282665,0.0,0.0
-0.27994389982483314,1.648558521190683,0.3966322613026078,0.0,0.0
-0.27994389982483314,1.710768276707313,0.4004372562843131,0.0,0.0
-0.27994389982483314,1.7729780322239428,0.4043192129456535,0.0,0.0
-0.27994389982483314,1.8351877877405718,0.4082648943270674,0.0,0.0
-0.27994389982483314,1.8973975432572017,0.41225950549445034,0.0,0.0
-0.27994389982483314,1.9596072987738316,0.4162866317208567,0.0,0.0
-0.27994389982483314,2.0218170542904605,0.42032819912066155,0.0,0.0
-0.27994389982483314,2.0840268098070904,0.42436446383195503,0.0,0.0
-0.27994389982483314,2.1462365653237194,0.4283740362000033,0.0,0.0
-0.27994389982483314,2.2084463208403493,0.43233394651288115,0.0,0.0
-0.27994389982483314,2.270656076356979,0.43621975858889905,0.0,0.0
-0.27994389982483314,2.332865831873608,0.4400057368230577,0.0,0.0
-0.27994389982483314,2.395075587390238,0.44366507108539743,0.0,0.0
-0.27994389982483314,2.457285342906868,0.4471701620700973,0.0,0.0
-0.27994389982483314,2.519495098423497,0.45049296730155497,0.0,0.0
-0.27994389982483314,2.581704853940127,0.453605405047857,0.0,0.0
-0.27994389982483314,2.6439146094567567,0.4564798099763237,0.0,0.0
-0.27994389982483314,2.7061243649733857,0.45908943068936575,0.0,0.0
-0.27994389982483314,2.7683341204900156,0.4614089555559568,0.0,0.0
-0.27994389982483314,2.8305438760066455,0.46341504982129805,0.0,0.0
-0.27994389982483314,2.8927536315232745,0.46508688418799604,0.0,0.0
-0.27994389982483314,2.9549633870399044,0.4664066332679152,0.0,0.0
-0.27994389982483314,3.0171731425565333,0.46735992180798985,0.0,0.0
-0.27994389982483314,3.0793828980731632,0.4679361976016327,0.0,0.0
-0.2177341443082037,-3.141592653589793,0.46660861170868556,0.0,0.0
-0.2177341443082037,-3.0793828980731637,0.4664176685612872,0.0,0.0
-0.2177341443082037,-3.017173142556534,0.4658469780784483,0.0,0.0
-0.2177341443082037,-2.9549633870399044,0.46490289893701225,0.0,0.0
-0.2177341443082037,-2.892753631523275,0.4635958380118284,0.0,0.0
-0.2177341443082037,-2.8305438760066455,0.46193997452371216,0.0,0.0
-0.2177341443082037,-2.7683341204900156,0.4599528939754664,0.0,0.0
-0.2177341443082037,-2.706124364973386,0.4576551499614415,0.0,0.0
-0.2177341443082037,-2.6439146094567567,0.4550697744691881,0.0,0.0
-0.2177341443082037,-2.581704853940127,0.45222175829522,0.0,0.0
-0.2177341443082037,-2.5194950984234974,0.4491375227336416,0.0,0.0
-0.2177341443082037,-2.457285342906868,0.4458444019647184,0.0,0.0
-0.2177341443082037,-2.395075587390238,0.4423701528636556,0.0,0.0
-0.2177341443082037,-2.3328658318736086,0.4387425056089864,0.0,0.0
-0.2177341443082037,-2.270656076356979,0.4349887648386458,0.0,0.0
-0.2177341443082037,-2.2084463208403498,0.4311354674888763,0.0,0.0
-0.2177341443082037,-2.1462365653237203,0.4272081001054372,0.0,0.0
-0.2177341443082037,-2.0840268098070904,0.42323087551445904,0.0,0.0
-0.2177341443082037,-2.021817054290461,0.41922656638434325,0.0,0.0
-0.2177341443082037,-1.9596072987738313,0.4152163914368457,0.0,0.0
-0.2177341443082037,-1.897397543257202,0.4112199488582072,0.0,0.0
-0.2177341443082037,-1.8351877877405722,0.4072551907650561,0.0,0.0
-0.2177341443082037,-1.7729780322239428,0.4033384323167831,0.0,0.0
-0.2177341443082037,-1.7107682767073131,0.39948438914779716,0.0,0.0
-0.2177341443082037,-1.6485585211906835,0.39570623713099445,0.0,0.0
-0.2177341443082037,-1.586348765674054,0.39201568899623723,0.0,0.0
-0.2177341443082037,-1.5241390101574244,0.3884230829441664,0.0,0.0
-0.2177341443082037,-1.461929254640795,0.3849374790588356,0.0,0.0
-0.2177341443082037,-1.3997194991241653,0.38156675998834877,0.0,0.0
-0.2177341443082037,-1.3375097436075358,0.37831773299911703,0.0,0.0
-0.2177341443082037,-1.2752999880909062,0.37519623109542544,0.0,0.0
-0.2177341443082037,-1.2130902325742767,0.3722072114193825,0.0,0.0
-0.2177341443082037,-1.150880477057647,0.3693548496014962,0.0,0.0
-0.2177341443082037,-1.0886707215410176,0.36664262911858686,0.0,0.0
-0.2177341443082037,-1.0264609660243877,0.36407342503648416,0.0,0.0
-0.2177341443082037,-0.9642512105077583,0.3616495817751687,0.0,0.0
-0.2177341443082037,-0.9020414549911289,0.35937298474011226,0.0,0.0
-0.2177341443082037,-0.8398316994744994,0.3572451258224769,0.0,0.0
-0.2177341443082037,-0.7776219439578695,0.355267162889431,0.0,0.0
-0.2177341443082037,-0.7154121884412401,0.35343997347066614,0.0,0.0
-0.2177341443082037,-0.6532024329246107,0.3517642029042042,0.0,0.0
-0.2177341443082037,-0.5909926774079808,0.3502403072390525,0.0,0.0
-0.2177341443082037,-0.5287829218913513,0.3488685912087596,0.0,0.0
-0.2177341443082037,-0.4665731663747219,0.34764924159231947,0.0,0.0
-0.2177341443082037,-0.40436341085809246,0.3465823562703873,0.0,0.0
-0.2177341443082037,-0.3421536553414626,0.3456679692680336,0.0,0.0
-0.2177341443082037,-0.27994389982483314,0.3449060720523851,0.0,0.0
-0.2177341443082037,-0.2177341443082037,0.3442966313261521,0.0,0.0
-0.2177341443082037,-0.15552438879157382,0.34383960352750176,0.0,0.0
-0.2177341443082037,-0.09331463327494438,0.3435349462139871,0.0,0.0
-0.2177341443082037,-0.03110487775831494,0.3433826264739987,0.0,0.0
-0.2177341443082037,0.031104877758314498,0.3433826264739987,0.0,0.0
-0.2177341443082037,0.09331463327494438,0.3435349462139871,0.0,0.0
-0.2177341443082037,0.15552438879157382,0.34383960352750176,0.0,0.0
-0.2177341443082037,0.21773414430820326,0.3442966313261521,0.0,0.0
-0.2177341443082037,0.2799438998248327,0.3449060720523851,0.0,0.0
-0.2177341443082037,0.3421536553414626,0.3456679692680336,0.0,0.0
-0.2177341443082037,0.404363410858092,0.3465823562703873,0.0,0.0
-0.2177341443082037,0.46657316637472146,0.34764924159231947,0.0,0.0
-0.2177341443082037,0.5287829218913513,0.3488685912087596,0.0,0.0
-0.2177341443082037,0.5909926774079808,0.3502403072390525,0.0,0.0
-0.2177341443082037,0.6532024329246102,0.3517642029042041,0.0,0.0
-0.2177341443082037,0.7154121884412397,0.35343997347066614,0.0,0.0
-0.2177341443082037,0.7776219439578695,0.355267162889431,0.0,0.0
-0.2177341443082037,0.839831699474499,0.3572451258224769,0.0,0.0
-0.2177341443082037,0.9020414549911289,0.35937298474011226,0.0,0.0
-0.2177341443082037,0.9642512105077579,0.36164958177516865,0.0,0.0
-0.2177341443082037,1.0264609660243877,0.36407342503648416,0.0,0.0
-0.2177341443082037,1.0886707215410176,0.36664262911858686,0.0,0.0
-0.2177341443082037,1.1508804770576466,0.3693548496014962,0.0,0.0
-0.2177341443082037,1.2130902325742765,0.37220721141938246,0.0,0.0
-0.2177341443082037,1.2752999880909055,0.37519623109542544,0.0,0.0
-0.2177341443082037,1.3375097436075354,0.378317732999117,0.0,0.0
-0.2177341443082037,1.3997194991241653,0.38156675998834877,0.0,0.0
-0.2177341443082037,1.4619292546407943,0.3849374790588356,0.0,0.0
-0.2177341443082037,1.5241390101574241,0.3884230829441664,0.0,0.0
-0.2177341443082037,1.586348765674054,0.39201568899623723,0.0,0.0
-0.2177341443082037,1.648558521190683,0.39570623713099445,0.0,0.0
-0.2177341443082037,1.710768276707313,0.39948438914779716,0.0,0.0
-0.2177341443082037,1.7729780322239428,0.4033384323167831,0.0,0.0
-0.2177341443082037,1.8351877877405718,0.4072551907650561,0.0,0.0
-0.2177341443082037,1.8973975432572017,0.4112199488582072,0.0,0.0
-0.2177341443082037,1.9596072987738316,0.4152163914368457,0.0,0.0
-0.2177341443082037,2.0218170542904605,0.4192265663843432,0.0,0.0
-0.2177341443082037,2.0840268098070904,0.42323087551445904,0.0,0.0
-0.2177341443082037,2.1462365653237194,0.42720810010543714,0.0,0.0
-0.2177341443082037,2.2084463208403493,0.4311354674888763,0.0,0.0
-0.2177341443082037,2.270656076356979,0.4349887648386458,0.0,0.0
-0.2177341443082037,2.332865831873608,0.43874250560898637,0.0,0.0
-0.2177341443082037,2.395075587390238,0.4423701528636556,0.0,0.0
-0.2177341443082037,2.457285342906868,0.4458444019647184,0.0,0.0
-0.2177341443082037,2.519495098423497,0.4491375227336416,0.0,0.0
-0.2177341443082037,2.581704853940127,0.45222175829522,0.0,0.0
-0.2177341443082037,2.6439146094567567,0.4550697744691881,0.0,0.0
-0.2177341443082037,2.7061243649733857,0.4576551499614415,0.0,0.0
-0.2177341443082037,2.7683341204900156,0.4599528939754664,0.0,0.0
-0.2177341443082037,2.8305438760066455,0.46193997452371216,0.0,0.0
-0.2177341443082037,2.8927536315232745,0.4635958380118284,0.0,0.0
-0.2177341443082037,2.9549633870399044,0.46490289893701225,0.0,0.0
-0.2177341443082037,3.0171731425565333,0.46584697807844827,0.0,0.0
-0.2177341443082037,3.0793828980731632,0.4664176685612872,0.0,0.0
-0.15552438879157382,-3.141592653589793,0.46547286871399685,0.0,0.0
-0.15552438879157382,-3.0793828980731637,0.4652833158984687,0.0,0.0
-0.15552438879157382,-3.017173142556534,0.46471677409679113,0.0,0.0
-0.15552438879157382,-2.9549633870399044,0.4637795358675755,0.0,0.0
-0.15552438879157382,-2.892753631523275,0.4624819005839643,0.0,0.0
-0.15552438879157382,-2.8305438760066455,0.4608379024377128,0.0,0.0
-0.15552438879157382,-2.7683341204900156,0.45886494941975714,0.0,0.0
-0.15552438879157382,-2.706124364973386,0.45658339105192014,0.0,0.0
-0.15552438879157382,-2.6439146094567567,0.45401603514335526,0.0,0.0
-0.15552438879157382,-2.581704853940127,0.4511876348448897,0.0,0.0
-0.15552438879157382,-2.5194950984234974,0.44812436683473367,0.0,0.0
-0.15552438879157382,-2.457285342906868,0.44485331978286546,0.0,0.0
-0.15552438879157382,-2.395075587390238,0.4414020095948288,0.0,0.0
-0.15552438879157382,-2.3328658318736086,0.437797934662088,0.0,0.0
-0.15552438879157382,-2.270656076356979,0.4340681807819818,0.0,0.0
-0.15552438879157382,-2.2084463208403498,0.4302390818588026,0.0,0.0
-0.15552438879157382,-2.1462365653237203,0.4263359392035023,0.0,0.0
-0.15552438879157382,-2.0840268098070904,0.4223827993871036,0.0,0.0
-0.15552438879157382,-2.021817054290461,0.41840228827422365,0.0,0.0
-0.15552438879157382,-1.9596072987738313,0.4144154971054353,0.0,0.0
-0.15552438879157382,-1.897397543257202,0.4104419152954212,0.0,0.0
-0.15552438879157382,-1.8351877877405722,0.40649940391526534,0.0,0.0
-0.15552438879157382,-1.7729780322239428,0.4026042035559121,0.0,0.0
-0.15552438879157382,-1.7107682767073131,0.3987709703395214,0.0,0.0
-0.15552438879157382,-1.6485585211906835,0.3950128341693872,0.0,0.0
-0.15552438879157382,-1.586348765674054,0.3913414738070265,0.0,0.0
-0.15552438879157382,-1.5241390101574244,0.38776720396753395,0.0,0.0
-0.15552438879157382,-1.461929254640795,0.3842990702746132,0.0,0.0
-0.15552438879157382,-1.3997194991241653,0.38094494857112454,0.0,0.0
-0.15552438879157382,-1.3375097436075358,0.3777116457079237,0.0,0.0
-0.15552438879157382,-1.2752999880909062,0.3746049995121045,0.0,0.0
-0.15552438879157382,-1.2130902325742767,0.37162997615306653,0.0,0.0
-0.15552438879157382,-1.150880477057647,0.3687907635754072,0.0,0.0
-0.15552438879157382,-1.0886707215410176,0.36609086005078556,0.0,0.0
-0.15552438879157382,-1.0264609660243877,0.3635331572193932,0.0,0.0
-0.15552438879157382,-0.9642512105077583,0.3611200172504714,0.0,0.0
-0.15552438879157382,-0.9020414549911289,0.3588533439566817,0.0,0.0
-0.15552438879157382,-0.8398316994744994,0.35673464785581155,0.0,0.0
-0.15552438879157382,-0.7776219439578695,0.35476510529203414,0.0,0.0
-0.15552438879157382,-0.7154121884412401,0.352945611814169,0.0,0.0
-0.15552438879157382,-0.6532024329246107,0.3512768300659586,0.0,0.0
-0.15552438879157382,-0.5909926774079808,0.34975923247851304,0.0,0.0
-0.15552438879157382,-0.5287829218913513,0.3483931390722866,0.0,0.0
-0.15552438879157382,-0.4665731663747219,0.34717875067907705,0.0,0.0
-0.15552438879157382,-0.40436341085809246,0.34611617788676846,0.0,0.0
-0.15552438879157382,-0.3421536553414626,0.3452054659934912,0.0,0.0
-0.15552438879157382,-0.27994389982483314,0.34444661623564704,0.0,0.0
-0.15552438879157382,-0.2177341443082037,0.34383960352750176,0.0,0.0
-0.15552438879157382,-0.15552438879157382,0.3433843909200752,0.0,0.0
-0.15552438879157382,-0.09331463327494438,0.3430809409548304,0.0,0.0
-0.15552438879157382,-0.03110487775831494,0.3429292240539085,0.0,0.0
-0.15552438879157382,0.031104877758314498,0.3429292240539085,0.0,0.0
-0.15552438879157382,0.09331463327494438,0.3430809409548304,0.0,0.0
-0.15552438879157382,0.15552438879157382,0.3433843909200752,0.0,0.0
-0.15552438879157382,0.21773414430820326,0.34383960352750176,0.0,0.0
-0.15552438879157382,0.2799438998248327,0.34444661623564704,0.0,0.0
-0.15552438879157382,0.3421536553414626,0.3452054659934912,0.0,0.0
-0.15552438879157382,0.404363410858092,0.34611617788676846,0.0,0.0
-0.15552438879157382,0.46657316637472146,0.34717875067907705,0.0,0.0
-0.15552438879157382,0.5287829218913513,0.3483931390722866,0.0,0.0
-0.15552438879157382,0.5909926774079808,0.34975923247851304,0.0,0.0
-0.15552438879157382,0.6532024329246102,0.3512768300659586,0.0,0.0
-0.15552438879157382,0.7154121884412397,0.35294561181416895,0.0,0.0
-0.15552438879157382,0.7776219439578695,0.35476510529203414,0.0,0.0
-0.15552438879157382,0.839831699474499,0.3567346478558116,0.0,0.0
-0.15552438879157382,0.9020414549911289,0.3588533439566817,0.0,0.0
-0.15552438879157382,0.9642512105077579,0.3611200172504714,0.0,0.0
-0.15552438879157382,1.0264609660243877,0.3635331572193932,0.0,0.0
-0.15552438879157382,1.0886707215410176,0.36609086005078556,0.0,0.0
-0.15552438879157382,1.1508804770576466,0.36879076357540713,0.0,0.0
-0.15552438879157382,1.2130902325742765,0.37162997615306653,0.0,0.0
-0.15552438879157382,1.2752999880909055,0.3746049995121044,0.0,0.0
-0.15552438879157382,1.3375097436075354,0.37771164570792365,0.0,0.0
-0.15552438879157382,1.3997194991241653,0.38094494857112454,0.0,0.0
-0.15552438879157382,1.4619292546407943,0.3842990702746132,0.0,0.0
-0.15552438879157382,1.5241390101574241,0.38776720396753395,0.0,0.0
-0.15552438879157382,1.586348765674054,0.3913414738070265,0.0,0.0
-0.15552438879157382,1.648558521190683,0.3950128341693872,0.0,0.0
-0.15552438879157382,1.710768276707313,0.39877097033952136,0.0,0.0
-0.15552438879157382,1.7729780322239428,0.4026042035559121,0.0,0.0
-0.15552438879157382,1.8351877877405718,0.4064994039152653,0.0,0.0
-0.15552438879157382,1.8973975432572017,0.4104419152954211,0.0,0.0
-0.15552438879157382,1.9596072987738316,0.4144154971054353,0.0,0.0
-0.15552438879157382,2.0218170542904605,0.41840228827422365,0.0,0.0
-0.15552438879157382,2.0840268098070904,0.4223827993871036,0.0,0.0
-0.15552438879157382,2.1462365653237194,0.4263359392035023,0.0,0.0
-0.15552438879157382,2.2084463208403493,0.4302390818588026,0.0,0.0
-0.15552438879157382,2.270656076356979,0.4340681807819818,0.0,0.0
-0.15552438879157382,2.332865831873608,0.437797934662088,0.0,0.0
-0.15552438879157382,2.395075587390238,0.4414020095948288,0.0,0.0
-0.15552438879157382,2.457285342906868,0.44485331978286546,0.0,0.0
-0.15552438879157382,2.519495098423497,0.44812436683473367,0.0,0.0
-0.15552438879157382,2.581704853940127,0.4511876348448897,0.0,0.0
-0.15552438879157382,2.6439146094567567,0.45401603514335526,0.0,0.0
-0.15552438879157382,2.7061243649733857,0.45658339105192014,0.0,0.0
-0.15552438879157382,2.7683341204900156,0.45886494941975714,0.0,0.0
-0.15552438879157382,2.8305438760066455,0.4608379024377128,0.0,0.0
-0.15552438879157382,2.8927536315232745,0.4624819005839643,0.0,0.0
-0.15552438879157382,2.9549633870399044,0.4637795358675755,0.0,0.0
-0.15552438879157382,3.0171731425565333,0.46471677409679113,0.0,0.0
-0.15552438879157382,3.0793828980731632,0.4652833158984687,0.0,0.0
-0.09331463327494438,-3.141592653589793,0.4647178688143499,0.0,0.0
-0.09331463327494438,-3.0793828980731637,0.4645292364976614,0.0,0.0
-0.09331463327494438,-3.017173142556534,0.4639654414640363,0.0,0.0
-0.09331463327494438,-2.9549633870399044,0.46303273262955513,0.0,0.0
-0.09331463327494438,-2.892753631523275,0.4617413384032756,0.0,0.0
-0.09331463327494438,-2.8305438760066455,0.46010519722891885,0.0,0.0
-0.09331463327494438,-2.7683341204900156,0.45814159988583303,0.0,0.0
-0.09331463327494438,-2.706124364973386,0.4558707611198773,0.0,0.0
-0.09331463327494438,-2.6439146094567567,0.4533153406513235,0.0,0.0
-0.09331463327494438,-2.581704853940127,0.45049993460371074,0.0,0.0
-0.09331463327494438,-2.5194950984234974,0.4474505579732028,0.0,0.0
-0.09331463327494438,-2.457285342906868,0.44419413710156064,0.0,0.0
-0.09331463327494438,-2.395075587390238,0.4407580285086842,0.0,0.0
-0.09331463327494438,-2.3328658318736086,0.4371695772111837,0.0,0.0
-0.09331463327494438,-2.270656076356979,0.43345572413344674,0.0,0.0
-0.09331463327494438,-2.2084463208403498,0.4296426687065357,0.0,0.0
-0.09331463327494438,-2.1462365653237203,0.4257555894902252,0.0,0.0
-0.09331463327494438,-2.0840268098070904,0.42181842281728577,0.0,0.0
-0.09331463327494438,-2.021817054290461,0.4178536971485052,0.0,0.0
-0.09331463327494438,-1.9596072987738313,0.41388241907964524,0.0,0.0
-0.09331463327494438,-1.897397543257202,0.4099240057435288,0.0,0.0
-0.09331463327494438,-1.8351877877405722,0.40599625765033354,0.0,0.0
-0.09331463327494438,-1.7729780322239428,0.4021153657325141,0.0,0.0
-0.09331463327494438,-1.7107682767073131,0.39829594642264726,0.0,0.0
-0.09331463327494438,-1.6485585211906835,0.3945510989072869,0.0,0.0
-0.09331463327494438,-1.586348765674054,0.3908924791883334,0.0,0.0
-0.09331463327494438,-1.5241390101574244,0.3873303861766785,0.0,0.0
-0.09331463327494438,-1.461929254640795,0.38387385568474364,0.0,0.0
-0.09331463327494438,-1.3997194991241653,0.38053075883153165,0.0,0.0
-0.09331463327494438,-1.3375097436075358,0.377307901994463,0.0,0.0
-0.09331463327494438,-1.2752999880909062,0.37421112601549494,0.0,0.0
-0.09331463327494438,-1.2130902325742767,0.3712454028822938,0.0,0.0
-0.09331463327494438,-1.150880477057647,0.36841492855276187,0.0,0.0
-0.09331463327494438,-1.0886707215410176,0.36572321097215615,0.0,0.0
-0.09331463327494438,-1.0264609660243877,0.36317315264901534,0.0,0.0
-0.09331463327494438,-0.9642512105077583,0.3607671274139732,0.0,0.0
-0.09331463327494438,-0.9020414549911289,0.3585070511904036,0.0,0.0
-0.09331463327494438,-0.8398316994744994,0.3563944467643503,0.0,0.0
-0.09331463327494438,-0.7776219439578695,0.35443050266001985,0.0,0.0
-0.09331463327494438,-0.7154121884412401,0.352616126312588,0.0,0.0
-0.09331463327494438,-0.6532024329246107,0.3509519917880128,0.0,0.0
-0.09331463327494438,-0.5909926774079808,0.349438582335116,0.0,0.0
-0.09331463327494438,-0.5287829218913513,0.3480762280728769,0.0,0.0
-0.09331463327494438,-0.4665731663747219,0.3468651391194874,0.0,0.0
-0.09331463327494438,-0.40436341085809246,0.3458054344624215,0.0,0.0
-0.09331463327494438,-0.3421536553414626,0.344897166853178,0.0,0.0
-0.09331463327494438,-0.27994389982483314,0.3441403439885565,0.0,0.0
-0.09331463327494438,-0.2177341443082037,0.3435349462139871,0.0,0.0
-0.09331463327494438,-0.15552438879157382,0.3430809409548304,0.0,0.0
-0.09331463327494438,-0.09331463327494438,0.3427782940496844,0.0,0.0
-0.09331463327494438,-0.03110487775831494,0.34262697812630644,0.0,0.0
-0.09331463327494438,0.031104877758314498,0.34262697812630644,0.0,0.0
-0.09331463327494438,0.09331463327494438,0.3427782940496844,0.0,0.0
-0.09331463327494438,0.15552438879157382,0.3430809409548304,0.0,0.0
-0.09331463327494438,0.21773414430820326,0.34353494621398717,0.0,0.0
-0.09331463327494438,0.2799438998248327,0.3441403439885565,0.0,0.0
-0.09331463327494438,0.3421536553414626,0.344897166853178,0.0,0.0
-0.09331463327494438,0.404363410858092,0.3458054344624215,0.0,0.0
-0.09331463327494438,0.46657316637472146,0.3468651391194874,0.0,0.0
-0.09331463327494438,0.5287829218913513,0.3480762280728769,0.0,0.0
-0.09331463327494438,0.5909926774079808,0.349438582335116,0.0,0.0
-0.09331463327494438,0.6532024329246102,0.35095199178801273,0.0,0.0
-0.09331463327494438,0.7154121884412397,0.35261612631258793,0.0,0.0
-0.09331463327494438,0.7776219439578695,0.35443050266001985,0.0,0.0
-0.09331463327494438,0.839831699474499,0.3563944467643503,0.0,0.0
-0.09331463327494438,0.9020414549911289,0.3585070511904036,0.0,0.0
-0.09331463327494438,0.9642512105077579,0.3607671274139732,0.0,0.0
-0.09331463327494438,1.0264609660243877,0.36317315264901534,0.0,0.0
-0.09331463327494438,1.0886707215410176,0.36572321097215615,0.0,0.0
-0.09331463327494438,1.1508804770576466,0.3684149285527618,0.0,0.0
-0.09331463327494438,1.2130902325742765,0.3712454028822938,0.0,0.0
-0.09331463327494438,1.2752999880909055,0.37421112601549483,0.0,0.0
-0.09331463327494438,1.3375097436075354,0.377307901994463,0.0,0.0
-0.09331463327494438,1.3997194991241653,0.38053075883153165,0.0,0.0
-0.09331463327494438,1.4619292546407943,0.38387385568474364,0.0,0.0
-0.09331463327494438,1.5241390101574241,0.3873303861766784,0.0,0.0
-0.09331463327494438,1.586348765674054,0.3908924791883334,0.0,0.0
-0.09331463327494438,1.648558521190683,0.3945510989072869,0.0,0.0
-0.09331463327494438,1.710768276707313,0.3982959464226472,0.0,0.0
-0.09331463327494438,1.7729780322239428,0.4021153657325141,0.0,0.0
-0.09331463327494438,1.8351877877405718,0.4059962576503334,0.0,0.0
-0.09331463327494438,1.8973975432572017,0.4099240057435288,0.0,0.0
-0.09331463327494438,1.9596072987738316,0.41388241907964524,0.0,0.0
-0.09331463327494438,2.0218170542904605,0.4178536971485052,0.0,0.0
-0.09331463327494438,2.0840268098070904,0.42181842281728577,0.0,0.0
-0.09331463327494438,2.1462365653237194,0.42575558949022513,0.0,0.0
-0.09331463327494438,2.2084463208403493,0.42964266870653567,0.0,0.0
-0.09331463327494438,2.270656076356979,0.43345572413344674,0.0,0.0
-0.09331463327494438,2.332865831873608,0.43716957721118366,0.0,0.0
-0.09331463327494438,2.395075587390238,0.4407580285086842,0.0,0.0
-0.09331463327494438,2.457285342906868,0.44419413710156064,0.0,0.0
-0.09331463327494438,2.519495098423497,0.4474505579732028,0.0,0.0
-0.09331463327494438,2.581704853940127,0.45049993460371074,0.0,0.0
-0.09331463327494438,2.6439146094567567,0.4533153406513235,0.0,0.0
-0.09331463327494438,2.7061243649733857,0.4558707611198773,0.0,0.0
-0.09331463327494438,2.7683341204900156,0.45814159988583303,0.0,0.0
-0.09331463327494438,2.8305438760066455,0.46010519722891885,0.0,0.0
-0.09331463327494438,2.8927536315232745,0.46174133840327547,0.0,0.0
-0.09331463327494438,2.9549633870399044,0.46303273262955513,0.0,0.0
-0.09331463327494438,3.0171731425565333,0.4639654414640363,0.0,0.0
-0.09331463327494438,3.0793828980731632,0.4645292364976614,0.0,0.0
-0.03110487775831494,-3.141592653589793,0.46434101585306614,0.0,0.0
-0.03110487775831494,-3.0793828980731637,0.4641528418805843,0.0,0.0
-0.03110487775831494,-3.017173142556534,0.4635904145593083,0.0,0.0
-0.03110487775831494,-2.9549633870399044,0.4626599611138036,0.0,0.0
-0.03110487775831494,-2.892753631523275,0.4613716746803851,0.0,0.0
-0.03110487775831494,-2.8305438760066455,0.4597394461077752,0.0,0.0
-0.03110487775831494,-2.7683341204900156,0.45778050790561164,0.0,0.0
-0.03110487775831494,-2.706124364973386,0.45551500781040294,0.0,0.0
-0.03110487775831494,-2.6439146094567567,0.4529655319037954,0.0,0.0
-0.03110487775831494,-2.581704853940127,0.45015659821347015,0.0,0.0
-0.03110487775831494,-2.5194950984234974,0.4471141413101338,0.0,0.0
-0.03110487775831494,-2.457285342906868,0.44386500677230184,0.0,0.0
-0.03110487775831494,-2.395075587390238,0.44043647180290885,0.0,0.0
-0.03110487775831494,-2.3328658318736086,0.43685580507410315,0.0,0.0
-0.03110487775831494,-2.270656076356979,0.43314987537844846,0.0,0.0
-0.03110487775831494,-2.2084463208403498,0.4293448151736343,0.0,0.0
-0.03110487775831494,-2.1462365653237203,0.42546574186465635,0.0,0.0
-0.03110487775831494,-2.0840268098070904,0.4215365368442487,0.0,0.0
-0.03110487775831494,-2.021817054290461,0.4175796800107321,0.0,0.0
-0.03110487775831494,-1.9596072987738313,0.4136161357403434,0.0,0.0
-0.03110487775831494,-1.897397543257202,0.4096652850950132,0.0,0.0
-0.03110487775831494,-1.8351877877405722,0.40574489834573685,0.0,0.0
-0.03110487775831494,-1.7729780322239428,0.4018711416124076,0.0,0.0
-0.03110487775831494,-1.7107682767073131,0.3980586114789953,0.0,0.0
-0.03110487775831494,-1.6485585211906835,0.3943203917532308,0.0,0.0
-0.03110487775831494,-1.586348765674054,0.39066812702365084,0.0,0.0
-0.03110487775831494,-1.5241390101574244,0.387112108255547,0.0,0.0
-0.03110487775831494,-1.461929254640795,0.3836613663050162,0.0,0.0
-0.03110487775831494,-1.3997194991241653,0.3803237698736207,0.0,0.0
-0.03110487775831494,-1.3375097436075358,0.3771061250437015,0.0,0.0
-0.03110487775831494,-1.2752999880909062,0.37401427410505744,0.0,0.0
-0.03110487775831494,-1.2130902325742767,0.37105319189497693,0.0,0.0
-0.03110487775831494,-1.150880477057647,0.3682270783196089,0.0,0.0
-0.03110487775831494,-1.0886707215410176,0.36553944610449685,0.0,0.0
-0.03110487775831494,-1.0264609660243877,0.3629932031383184,0.0,0.0
-0.03110487775831494,-0.9642512105077583,0.36059072903126294,0.0,0.0
-0.03110487775831494,-0.9020414549911289,0.35833394571409305,0.0,0.0
-0.03110487775831494,-0.8398316994744994,0.3562243820623566,0.0,0.0
-0.03110487775831494,-0.7776219439578695,0.35426323264907944,0.0,0.0
-0.03110487775831494,-0.7154121884412401,0.3524514108148633,0.0,0.0
-0.03110487775831494,-0.6532024329246107,0.3507895963024375,0.0,0.0
-0.03110487775831494,-0.5909926774079808,0.3492782777384943,0.0,0.0
-0.03110487775831494,-0.5287829218913513,0.3479177902635547,0.0,0.0
-0.03110487775831494,-0.4665731663747219,0.3467083486144516,0.0,0.0
-0.03110487775831494,-0.40436341085809246,0.3456500759569577,0.0,0.0
-0.03110487775831494,-0.3421536553414626,0.3447430287507137,0.0,0.0
-0.03110487775831494,-0.27994389982483314,0.3439872179070311,0.0,0.0
-0.03110487775831494,-0.2177341443082037,0.3433826264739987,0.0,0.0
-0.03110487775831494,-0.15552438879157382,0.3429292240539085,0.0,0.0
-0.03110487775831494,-0.09331463327494438,0.34262697812630644,0.0,0.0
-0.03110487775831494,-0.03110487775831494,0.3424758624167062,0.0,0.0
-0.03110487775831494,0.031104877758314498,0.3424758624167062,0.0,0.0
-0.03110487775831494,0.09331463327494438,0.34262697812630644,0.0,0.0
-0.03110487775831494,0.15552438879157382,0.3429292240539085,0.0,0.0
-0.03110487775831494,0.21773414430820326,0.3433826264739987,0.0,0.0
-0.03110487775831494,0.2799438998248327,0.3439872179070311,0.0,0.0
-0.03110487775831494,0.3421536553414626,0.3447430287507137,0.0,0.0
-0.03110487775831494,0.404363410858092,0.3456500759569577,0.0,0.0
-0.03110487775831494,0.46657316637472146,0.3467083486144516,0.0,0.0
-0.03110487775831494,0.5287829218913513,0.3479177902635547,0.0,0.0
-0.03110487775831494,0.5909926774079808,0.3492782777384943,0.0,0.0
-0.03110487775831494,0.6532024329246102,0.35078959630243745,0.0,0.0
-0.03110487775831494,0.7154121884412397,0.35245141081486325,0.0,0.0
-0.03110487775831494,0.7776219439578695,0.35426323264907944,0.0,0.0
-0.03110487775831494,0.839831699474499,0.3562243820623566,0.0,0.0
-0.03110487775831494,0.9020414549911289,0.35833394571409305,0.0,0.0
-0.03110487775831494,0.9642512105077579,0.36059072903126294,0.0,0.0
-0.03110487775831494,1.0264609660243877,0.3629932031383184,0.0,0.0
-0.03110487775831494,1.0886707215410176,0.36553944610449685,0.0,0.0
-0.03110487775831494,1.1508804770576466,0.3682270783196088,0.0,0.0
-0.03110487775831494,1.2130902325742765,0.37105319189497693,0.0,0.0
-0.03110487775831494,1.2752999880909055,0.3740142741050574,0.0,0.0
-0.03110487775831494,1.3375097436075354,0.3771061250437015,0.0,0.0
-0.03110487775831494,1.3997194991241653,0.3803237698736207,0.0,0.0
-0.03110487775831494,1.4619292546407943,0.3836613663050162,0.0,0.0
-0.03110487775831494,1.5241390101574241,0.3871121082555469,0.0,0.0
-0.03110487775831494,1.586348765674054,0.39066812702365084,0.0,0.0
-0.03110487775831494,1.648558521190683,0.3943203917532308,0.0,0.0
-0.03110487775831494,1.710768276707313,0.39805861147899524,0.0,0.0
-0.03110487775831494,1.7729780322239428,0.4018711416124076,0.0,0.0
-0.03110487775831494,1.8351877877405718,0.40574489834573685,0.0,0.0
-0.03110487775831494,1.8973975432572017,0.40966528509501315,0.0,0.0
-0.03110487775831494,1.9596072987738316,0.4136161357403434,0.0,0.0
-0.03110487775831494,2.0218170542904605,0.41757968001073204,0.0,0.0
-0.03110487775831494,2.0840268098070904,0.4215365368442487,0.0,0.0
-0.03110487775831494,2.1462365653237194,0.4254657418646563,0.0,0.0
-0.03110487775831494,2.2084463208403493,0.42934481517363426,0.0,0.0
-0.03110487775831494,2.270656076356979,0.43314987537844846,0.0,0.0
-0.03110487775831494,2.332865831873608,0.43685580507410315,0.0,0.0
-0.03110487775831494,2.395075587390238,0.44043647180290885,0.0,0.0
-0.03110487775831494,2.457285342906868,0.44386500677230184,0.0,0.0
-0.03110487775831494,2.519495098423497,0.4471141413101338,0.0,0.0
-0.03110487775831494,2.581704853940127,0.45015659821347015,0.0,0.0
-0.03110487775831494,2.6439146094567567,0.4529655319037954,0.0,0.0
-0.03110487775831494,2.7061243649733857,0.45551500781040294,0.0,0.0
-0.03110487775831494,2.7683341204900156,0.45778050790561164,0.0,0.0
-0.03110487775831494,2.8305438760066455,0.4597394461077752,0.0,0.0
-0.03110487775831494,2.8927536315232745,0.46137167468038504,0.0,0.0
-0.03110487775831494,2.9549633870399044,0.4626599611138036,0.0,0.0
-0.03110487775831494,3.0171731425565333,0.4635904145593083,0.0,0.0
-0.03110487775831494,3.0793828980731632,0.4641528418805843,0.0,0.0
0.031104877758314498,-3.141592653589793,0.46434101585306614,0.0,0.0
0.031104877758314498,-3.0793828980731637,0.4641528418805843,0.0,0.0
0.031104877758314498,-3.017173142556534,0.4635904145593083,0.0,0.0
0.031104877758314498,-2.9549633870399044,0.4626599611138036,0.0,0.0
0.031104877758314498,-2.892753631523275,0.4613716746803851,0.0,0.0
0.031104877758314498,-2.8305438760066455,0.4597394461077752,0.0,0.0
0.031104877758314498,-2.7683341204900156,0.45778050790561164,0.0,0.0
0.031104877758314498,-2.706124364973386,0.45551500781040294,0.0,0.0
0.031104877758314498,-2.6439146094567567,0.4529655319037954,0.0,0.0
0.031104877758314498,-2.581704853940127,0.45015659821347015,0.0,0.0
0.031104877758314498,-2.5194950984234974,0.4471141413101338,0.0,0.0
0.031104877758314498,-2.457285342906868,0.44386500677230184,0.0,0.0
0.031104877758314498,-2.395075587390238,0.44043647180290885,0.0,0.0
0.031104877758314498,-2.3328658318736086,0.43685580507410315,0.0,0.0
0.031104877758314498,-2.270656076356979,0.43314987537844846,0.0,0.0
0.031104877758314498,-2.2084463208403498,0.4293448151736343,0.0,0.0
0.031104877758314498,-2.1462365653237203,0.42546574186465635,0.0,0.0
0.031104877758314498,-2.0840268098070904,0.4215365368442487,0.0,0.0
0.031104877758314498,-2.021817054290461,0.4175796800107321,0.0,0.0
0.031104877758314498,-1.9596072987738313,0.4136161357403434,0.0,0.0
0.031104877758314498,-1.897397543257202,0.4096652850950132,0.0,0.0
0.031104877758314498,-1.8351877877405722,0.40574489834573685,0.0,0.0
0.031104877758314498,-1.7729780322239428,0.4018711416124076,0.0,0.0
0.031104877758314498,-1.7107682767073131,0.3980586114789953,0.0,0.0
0.031104877758314498,-1.6485585211906835,0.3943203917532308,0.0,0.0
0.031104877758314498,-1.586348765674054,0.39066812702365084,0.0,0.0
0.031104877758314498,-1.5241390101574244,0.387112108255547,0.0,0.0
0.031104877758314498,-1.461929254640795,0.3836613663050162,0.0,0.0
0.031104877758314498,-1.3997194991241653,0.3803237698736207,0.0,0.0
0.031104877758314498,-1.3375097436075358,0.3771061250437015,0.0,0.0
0.031104877758314498,-1.2752999880909062,0.37401427410505744,0.0,0.0
0.031104877758314498,-1.2130902325742767,0.37105319189497693,0.0,0.0
0.031104877758314498,-1.150880477057647,0.3682270783196089,0.0,0.0
0.031104877758314498,-1.0886707215410176,0.36553944610449685,0.0,0.0
0.031104877758314498,-1.0264609660243877,0.3629932031383184,0.0,0.0
0.031104877758314498,-0.9642512105077583,0.36059072903126294,0.0,0.0
0.031104877758314498,-0.9020414549911289,0.35833394571409305,0.0,0.0
0.031104877758314498,-0.8398316994744994,0.3562243820623566,0.0,0.0
0.031104877758314498,-0.7776219439578695,0.35426323264907944,0.0,0.0
0.031104877758314498,-0.7154121884412401,0.3524514108148633,0.0,0.0
0.031104877758314498,-0.6532024329246107,0.3507895963024375,0.0,0.0
0.031104877758314498,-0.5909926774079808,0.3492782777384943,0.0,0.0
0.031104877758314498,-0.5287829218913513,0.3479177902635547,0.0,0.0
0.031104877758314498,-0.4665731663747219,0.3467083486144516,0.0,0.0
0.031104877758314498,-0.40436341085809246,0.3456500759569577,0.0,0.0
0.031104877758314498,-0.3421536553414626,0.3447430287507137,0.0,0.0
0.031104877758314498,-0.27994389982483314,0.3439872179070311,0.0,0.0
0.031104877758314498,-0.2177341443082037,0.3433826264739987,0.0,0.0
0.031104877758314498,-0.15552438879157382,0.3429292240539085,0.0,0.0
0.031104877758314498,-0.09331463327494438,0.34262697812630644,0.0,0.0
0.031104877758314498,-0.03110487775831494,0.3424758624167062,0.0,0.0
0.031104877758314498,0.031104877758314498,0.3424758624167062,0.0,0.0
0.031104877758314498,0.09331463327494438,0.34262697812630644,0.0,0.0
0.031104877758314498,0.15552438879157382,0.3429292240539085,0.0,0.0
0.031104877758314498,0.21773414430820326,0.3433826264739987,0.0,0.0
0.031104877758314498,0.2799438998248327,0.3439872179070311,0.0,0.0
0.031104877758314498,0.3421536553414626,0.3447430287507137,0.0,0.0
0.031104877758314498,0.404363410858092,0.3456500759569577,0.0,0.0
0.031104877758314498,0.46657316637472146,0.3467083486144516,0.0,0.0
0.031104877758314498,0.5287829218913513,0.3479177902635547,0.0,0.0
0.031104877758314498,0.5909926774079808,0.3492782777384943,0.0,0.0
0.031104877758314498,0.6532024329246102,0.35078959630243745,0.0,0.0
0.031104877758314498,0.7154121884412397,0.35245141081486325,0.0,0.0
0.031104877758314498,0.7776219439578695,0.35426323264907944,0.0,0.0
0.031104877758314498,0.839831699474499,0.3562243820623566,0.0,0.0
0.031104877758314498,0.9020414549911289,0.35833394571409305,0.0,0.0
0.031104877758314498,0.9642512105077579,0.36059072903126294,0.0,0.0
0.031104877758314498,1.0264609660243877,0.3629932031383184,0.0,0.0
0.031104877758314498,1.0886707215410176,0.36553944610449685,0.0,0.0
0.031104877758314498,1.1508804770576466,0.3682270783196088,0.0,0.0
0.031104877758314498,1.2130902325742765,0.37105319189497693,0.0,0.0
0.031104877758314498,1.2752999880909055,0.3740142741050574,0.0,0.0
0.031104877758314498,1.3375097436075354,0.3771061250437015,0.0,0.0
0.031104877758314498,1.3997194991241653,0.3803237698736207,0.0,0.0
0.031104877758314498,1.4619292546407943,0.3836613663050162,0.0,0.0
0.031104877758314498,1.5241390101574241,0.3871121082555469,0.0,0.0
0.031104877758314498,1.586348765674054,0.39066812702365084,0.0,0.0
0.031104877758314498,1.648558521190683,0.3943203917532308,0.0,0.0
0.031104877758314498,1.710768276707313,0.39805861147899524,0.0,0.0
0.031104877758314498,1.7729780322239428,0.4018711416124076,0.0,0.0
0.031104877758314498,1.8351877877405718,0.40574489834573685,0.0,0.0
0.031104877758314498,1.8973975432572017,0.40966528509501315,0.0,0.0
0.031104877758314498,1.9596072987738316,0.4136161357403434,0.0,0.0
0.031104877758314498,2.0218170542904605,0.41757968001073204,0.0,0.0
0.031104877758314498,2.0840268098070904,0.4215365368442487,0.0,0.0
0.031104877758314498,2.1462365653237194,0.4254657418646563,0.0,0.0
0.031104877758314498,2.2084463208403493,0.42934481517363426,0.0,0.0
0.031104877758314498,2.270656076356979,0.43314987537844846,0.0,0.0
0.031104877758314498,2.332865831873608,0.43685580507410315,0.0,0.0
0.031104877758314498,2.395075587390238,0.44043647180290885,0.0,0.0
0.031104877758314498,2.457285342906868,0.44386500677230184,0.0,0.0
0.031104877758314498,2.519495098423497,0.4471141413101338,0.0,0.0
0.031104877758314498,2.581704853940127,0.45015659821347015,0.0,0.0
0.031104877758314498,2.6439146094567567,0.4529655319037954,0.0,0.0
0.031104877758314498,2.7061243649733857,0.45551500781040294,0.0,0.0
0.031104877758314498,2.7683341204900156,0.45778050790561164,0.0,0.0
0.031104877758314498,2.8305438760066455,0.4597394461077752,0.0,0.0
0.031104877758314498,2.8927536315232745,0.4613716746803851,0.0,0.0
0.031104877758314498,2.9549633870399044,0.4626599611138036,0.0,0.0
0.031104877758314498,3.0171731425565333,0.4635904145593083,0.0,0.0
0.031104877758314498,3.0793828980731632,0.4641528418805843,0.0,0.0
0.09331463327494438,-3.141592653589793,0.4647178688143499,0.0,0.0
0.09331463327494438,-3.0793828980731637,0.4645292364976614,0.0,0.0
0.09331463327494438,-3.017173142556534,0.4639654414640363,0.0,0.0
0.09331463327494438,-2.9549633870399044,0.46303273262955513,0.0,0.0
0.09331463327494438,-2.892753631523275,0.4617413384032756,0.0,0.0
0.09331463327494438,-2.8305438760066455,0.46010519722891885,0.0,0.0
0.09331463327494438,-2.7683341204900156,0.45814159988583303,0.0,0.0
0.09331463327494438,-2.706124364973386,0.4558707611198773,0.0,0.0
0.09331463327494438,-2.6439146094567567,0.4533153406513235,0.0,0.0
0.09331463327494438,-2.581704853940127,0.45049993460371074,0.0,0.0
0.09331463327494438,-2.5194950984234974,0.4474505579732028,0.0,0.0
0.09331463327494438,-2.457285342906868,0.44419413710156064,0.0,0.0
0.09331463327494438,-2.395075587390238,0.4407580285086842,0.0,0.0
0.09331463327494438,-2.3328658318736086,0.4371695772111837,0.0,0.0
0.09331463327494438,-2.270656076356979,0.43345572413344674,0.0,0.0
0.09331463327494438,-2.2084463208403498,0.4296426687065357,0.0,0.0
0.09331463327494438,-2.1462365653237203,0.4257555894902252,0.0,0.0
0.09331463327494438,-2.0840268098070904,0.42181842281728577,0.0,0.0
0.09331463327494438,-2.021817054290461,0.4178536971485052,0.0,0.0
0.09331463327494438,-1.9596072987738313,0.41388241907964524,0.0,0.0
0.09331463327494438,-1.897397543257202,0.4099240057435288,0.0,0.0
0.09331463327494438,-1.8351877877405722,0.40599625765033354,0.0,0.0
0.09331463327494438,-1.7729780322239428,0.4021153657325141,0.0,0.0
0.09331463327494438,-1.7107682767073131,0.39829594642264726,0.0,0.0
0.09331463327494438,-1.6485585211906835,0.3945510989072869,0.0,0.0
0.09331463327494438,-1.586348765674054,0.3908924791883334,0.0,0.0
0.09331463327494438,-1.5241390101574244,0.3873303861766785,0.0,0.0
0.09331463327494438,-1.461929254640795,0.38387385568474364,0.0,0.0
0.09331463327494438,-1.3997194991241653,0.38053075883153165,0.0,0.0
0.09331463327494438,-1.3375097436075358,0.377307901994463,0.0,0.0
0.09331463327494438,-1.2752999880909062,0.37421112601549494,0.0,0.0
0.09331463327494438,-1.2130902325742767,0.3712454028822938,0.0,0.0
0.09331463327494438,-1.150880477057647,0.36841492855276187,0.0,0.0
0.09331463327494438,-1.0886707215410176,0.36572321097215615,0.0,0.0
0.09331463327494438,-1.0264609660243877,0.36317315264901534,0.0,0.0
0.09331463327494438,-0.9642512105077583,0.3607671274139732,0.0,0.0
0.09331463327494438,-0.9020414549911289,0.3585070511904036,0.0,0.0
0.09331463327494438,-0.8398316994744994,0.3563944467643503,0.0,0.0
0.09331463327494438,-0.7776219439578695,0.35443050266001985,0.0,0.0
0.09331463327494438,-0.7154121884412401,0.352616126312588,0.0,0.0
0.09331463327494438,-0.6532024329246107,0.3509519917880128,0.0,0.0
0.09331463327494438,-0.5909926774079808,0.349438582335116,0.0,0.0
0.09331463327494438,-0.5287829218913513,0.3480762280728769,0.0,0.0
0.09331463327494438,-0.4665731663747219,0.3468651391194874,0.0,0.0
0.09331463327494438,-0.40436341085809246,0.3458054344624215,0.0,0.0
0.09331463327494438,-0.3421536553414626,0.344897166853178,0.0,0.0
0.09331463327494438,-0.27994389982483314,0.3441403439885565,0.0,0.0
0.09331463327494438,-0.2177341443082037,0.3435349462139871,0.0,0.0
0.09331463327494438,-0.15552438879157382,0.3430809409548304,0.0,0.0
0.09331463327494438,-0.09331463327494438,0.3427782940496844,0.0,0.0
0.09331463327494438,-0.03110487775831494,0.34262697812630644,0.0,0.0
0.09331463327494438,0.031104877758314498,0.34262697812630644,0.0,0.0
0.09331463327494438,0.09331463327494438,0.3427782940496844,0.0,0.0
0.09331463327494438,0.15552438879157382,0.3430809409548304,0.0,0.0
0.09331463327494438,0.21773414430820326,0.34353494621398717,0.0,0.0
0.09331463327494438,0.2799438998248327,0.3441403439885565,0.0,0.0
0.09331463327494438,0.3421536553414626,0.344897166853178,0.0,0.0
0.09331463327494438,0.404363410858092,0.3458054344624215,0.0,0.0
0.09331463327494438,0.46657316637472146,0.3468651391194874,0.0,0.0
0.09331463327494438,0.5287829218913513,0.3480762280728769,0.0,0.0
0.09331463327494438,0.5909926774079808,0.349438582335116,0.0,0.0
0.09331463327494438,0.6532024329246102,0.35095199178801273,0.0,0.0
0.09331463327494438,0.7154121884412397,0.35261612631258793,0.0,0.0
0.09331463327494438,0.7776219439578695,0.35443050266001985,0.0,0.0
0.09331463327494438,0.839831699474499,0.3563944467643503,0.0,0.0
0.09331463327494438,0.9020414549911289,0.3585070511904036,0.0,0.0
0.09331463327494438,0.9642512105077579,0.3607671274139732,0.0,0.0
0.09331463327494438,1.0264609660243877,0.36317315264901534,0.0,0.0
0.09331463327494438,1.0886707215410176,0.36572321097215615,0.0,0.0
0.09331463327494438,1.1508804770576466,0.3684149285527618,0.0,0.0
0.09331463327494438,1.2130902325742765,0.3712454028822938,0.0,0.0
0.09331463327494438,1.2752999880909055,0.37421112601549483,0.0,0.0
0.09331463327494438,1.3375097436075354,0.377307901994463,0.0,0.0
0.09331463327494438,1.3997194991241653,0.38053075883153165,0.0,0.0
0.09331463327494438,1.4619292546407943,0.38387385568474364,0.0,0.0
0.09331463327494438,1.5241390101574241,0.3873303861766784,0.0,0.0
0.09331463327494438,1.586348765674054,0.3908924791883334,0.0,0.0
0.09331463327494438,1.648558521190683,0.3945510989072869,0.0,0.0
0.09331463327494438,1.710768276707313,0.3982959464226472,0.0,0.0
0.09331463327494438,1.7729780322239428,0.4021153657325141,0.0,0.0
0.09331463327494438,1.8351877877405718,0.4059962576503334,0.0,0.0
0.09331463327494438,1.8973975432572017,0.4099240057435288,0.0,0.0
0.09331463327494438,1.9596072987738316,0.41388241907964524,0.0,0.0
0.09331463327494438,2.0218170542904605,0.4178536971485052,0.0,0.0
0.09331463327494438,2.0840268098070904,0.42181842281728577,0.0,0.0
0.09331463327494438,2.1462365653237194,0.42575558949022513,0.0,0.0
0.09331463327494438,2.2084463208403493,0.42964266870653567,0.0,0.0
0.09331463327494438,2.270656076356979,0.43345572413344674,0.0,0.0
0.09331463327494438,2.332865831873608,0.43716957721118366,0.0,0.0
0.09331463327494438,2.395075587390238,0.4407580285086842,0.0,0.0
0.09331463327494438,2.457285342906868,0.44419413710156064,0.0,0.0
0.09331463327494438,2.519495098423497,0.4474505579732028,0.0,0.0
0.09331463327494438,2.581704853940127,0.45049993460371074,0.0,0.0
0.09331463327494438,2.6439146094567567,0.4533153406513235,0.0,0.0
0.09331463327494438,2.7061243649733857,0.4558707611198773,0.0,0.0
0.09331463327494438,2.7683341204900156,0.45814159988583303,0.0,0.0
0.09331463327494438,2.8305438760066455,0.46010519722891885,0.0,0.0
0.09331463327494438,2.8927536315232745,0.46174133840327547,0.0,0.0
0.09331463327494438,2.9549633870399044,0.46303273262955513,0.0,0.0
0.09331463327494438,3.0171731425565333,0.4639654414640363,0.0,0.0
0.09331463327494438,3.0793828980731632,0.4645292364976614,0.0,0.0
0.15552438879157382,-3.141592653589793,0.46547286871399685,0.0,0.0
0.15552438879157382,-3.0793828980731637,0.4652833158984687,0.0,0.0
0.15552438879157382,-3.017173142556534,0.46471677409679113,0.0,0.0
0.15552438879157382,-2.9549633870399044,0.4637795358675755,0.0,0.0
0.15552438879157382,-2.892753631523275,0.4624819005839643,0.0,0.0
0.15552438879157382,-2.8305438760066455,0.4608379024377128,0.0,0.0
0.15552438879157382,-2.7683341204900156,0.45886494941975714,0.0,0.0
0.15552438879157382,-2.706124364973386,0.45658339105192014,0.0,0.0
0.15552438879157382,-2.6439146094567567,0.45401603514335526,0.0,0.0
0.15552438879157382,-2.581704853940127,0.4511876348448897,0.0,0.0
0.15552438879157382,-2.5194950984234974,0.44812436683473367,0.0,0.0
0.15552438879157382,-2.457285342906868,0.44485331978286546,0.0,0.0
0.15552438879157382,-2.395075587390238,0.4414020095948288,0.0,0.0
0.15552438879157382,-2.3328658318736086,0.437797934662088,0.0,0.0
0.15552438879157382,-2.270656076356979,0.4340681807819818,0.0,0.0
0.15552438879157382,-2.2084463208403498,0.4302390818588026,0.0,0.0
0.15552438879157382,-2.1462365653237203,0.4263359392035023,0.0,0.0
0.15552438879157382,-2.0840268098070904,0.4223827993871036,0.0,0.0
0.15552438879157382,-2.021817054290461,0.41840228827422365,0.0,0.0
0.15552438879157382,-1.9596072987738313,0.4144154971054353,0.0,0.0
0.15552438879157382,-1.897397543257202,0.4104419152954212,0.0,0.0
0.15552438879157382,-1.8351877877405722,0.40649940391526534,0.0,0.0
0.15552438879157382,-1.7729780322239428,0.4026042035559121,0.0,0.0
0.15552438879157382,-1.7107682767073131,0.3987709703395214,0.0,0.0
0.15552438879157382,-1.6485585211906835,0.3950128341693872,0.0,0.0
0.15552438879157382,-1.586348765674054,0.3913414738070265,0.0,0.0
0.15552438879157382,-1.5241390101574244,0.38776720396753395,0.0,0.0
0.15552438879157382,-1.461929254640795,0.3842990702746132,0.0,0.0
0.15552438879157382,-1.3997194991241653,0.38094494857112454,0.0,0.0
0.15552438879157382,-1.3375097436075358,0.3777116457079237,0.0,0.0
0.15552438879157382,-1.2752999880909062,0.3746049995121045,0.0,0.0
0.15552438879157382,-1.2130902325742767,0.37162997615306653,0.0,0.0
0.15552438879157382,-1.150880477057647,0.3687907635754072,0.0,0.0
0.15552438879157382,-1.0886707215410176,0.36609086005078556,0.0,0.0
0.15552438879157382,-1.0264609660243877,0.3635331572193932,0.0,0.0
0.15552438879157382,-0.9642512105077583,0.3611200172504714,0.0,0.0
0.15552438879157382,-0.9020414549911289,0.3588533439566817,0.0,0.0
0.15552438879157382,-0.8398316994744994,0.35673464785581155,0.0,0.0
0.15552438879157382,-0.7776219439578695,0.35476510529203414,0.0,0.0
0.15552438879157382,-0.7154121884412401,0.352945611814169,0.0,0.0
0.15552438879157382,-0.6532024329246107,0.3512768300659586,0.0,0.0
0.15552438879157382,-0.5909926774079808,0.34975923247851304,0.0,0.0
0.15552438879157382,-0.5287829218913513,0.3483931390722866,0.0,0.0
0.15552438879157382,-0.4665731663747219,0.34717875067907705,0.0,0.0
0.15552438879157382,-0.40436341085809246,0.34611617788676846,0.0,0.0
0.15552438879157382,-0.3421536553414626,0.3452054659934912,0.0,0.0
0.15552438879157382,-0.27994389982483314,0.34444661623564704,0.0,0.0
0.15552438879157382,-0.2177341443082037,0.34383960352750176,0.0,0.0
0.15552438879157382,-0.15552438879157382,0.3433843909200752,0.0,0.0
0.15552438879157382,-0.09331463327494438,0.3430809409548304,0.0,0.0
0.15552438879157382,-0.03110487775831494,0.3429292240539085,0.0,0.0
0.15552438879157382,0.031104877758314498,0.3429292240539085,0.0,0.0
0.15552438879157382,0.09331463327494438,0.3430809409548304,0.0,0.0
0.15552438879157382,0.15552438879157382,0.3433843909200752,0.0,0.0
0.15552438879157382,0.21773414430820326,0.34383960352750176,0.0,0.0
0.15552438879157382,0.2799438998248327,0.34444661623564704,0.0,0.0
0.15552438879157382,0.3421536553414626,0.3452054659934912,0.0,0.0
0.15552438879157382,0.404363410858092,0.34611617788676846,0.0,0.0
0.15552438879157382,0.46657316637472146,0.34717875067907705,0.0,0.0
0.15552438879157382,0.5287829218913513,0.3483931390722866,0.0,0.0
0.15552438879157382,0.5909926774079808,0.34975923247851304,0.0,0.0
0.15552438879157382,0.6532024329246102,0.3512768300659586,0.0,0.0
0.15552438879157382,0.7154121884412397,0.35294561181416895,0.0,0.0
0.15552438879157382,0.7776219439578695,0.35476510529203414,0.0,0.0
0.15552438879157382,0.839831699474499,0.3567346478558116,0.0,0.0
0.15552438879157382,0.9020414549911289,0.3588533439566817,0.0,0.0
0.15552438879157382,0.9642512105077579,0.3611200172504714,0.0,0.0
0.15552438879157382,1.0264609660243877,0.3635331572193932,0.0,0.0
0.15552438879157382,1.0886707215410176,0.36609086005078556,0.0,0.0
0.15552438879157382,1.1508804770576466,0.36879076357540713,0.0,0.0
0.15552438879157382,1.2130902325742765,0.37162997615306653,0.0,0.0
0.15552438879157382,1.2752999880909055,0.3746049995121044,0.0,0.0
0.15552438879157382,1.3375097436075354,0.37771164570792365,0.0,0.0
0.15552438879157382,1.3997194991241653,0.38094494857112454,0.0,0.0
0.15552438879157382,1.4619292546407943,0.3842990702746132,0.0,0.0
0.15552438879157382,1.5241390101574241,0.38776720396753395,0.0,0.0
0.15552438879157382,1.586348765674054,0.3913414738070265,0.0,0.0
0.15552438879157382,1.648558521190683,0.3950128341693872,0.0,0.0
0.15552438879157382,1.710768276707313,0.39877097033952136,0.0,0.0
0.15552438879157382,1.7729780322239428,0.4026042035559121,0.0,0.0
0.15552438879157382,1.8351877877405718,0.4064994039152653,0.0,0.0
0.15552438879157382,1.8973975432572017,0.4104419152954211,0.0,0.0
0.15552438879157382,1.9596072987738316,0.4144154971054353,0.0,0.0
0.15552438879157382,2.0218170542904605,0.41840228827422365,0.0,0.0
0.15552438879157382,2.0840268098070904,0.4223827993871036,0.0,0.0
0.15552438879157382,2.1462365653237194,0.4263359392035023,0.0,0.0
0.15552438879157382,2.2084463208403493,0.4302390818588026,0.0,0.0
0.15552438879157382,2.270656076356979,0.4340681807819818,0.0,0.0
0.15552438879157382,2.332865831873608,0.437797934662088,0.0,0.0
0.15552438879157382,2.395075587390238,0.4414020095948288,0.0,0.0
0.15552438879157382,2.457285342906868,0.44485331978286546,0.0,0.0
0.15552438879157382,2.519495098423497,0.44812436683473367,0.0,0.0
0.15552438879157382,2.581704853940127,0.4511876348448897,0.0,0.0
0.15552438879157382,2.6439146094567567,0.45401603514335526,0.0,0.0
0.15552438879157382,2.7061243649733857,0.45658339105192014,0.0,0.0
0.15552438879157382,2.7683341204900156,0.45886494941975714,0.0,0.0
0.15552438879157382,2.8305438760066455,0.4608379024377128,0.0,0.0
0.15552438879157382,2.8927536315232745,0.4624819005839643,0.0,0.0
0.15552438879157382,2.9549633870399044,0.4637795358675755,0.0,0.0
0.15552438879157382,3.0171731425565333,0.46471677409679113,0.0,0.0
0.15552438879157382,3.0793828980731632,0.4652833158984687,0.0,0.0
0.21773414430820326,-3.141592653589793,0.46660861170868556,0.0,0.0
0.21773414430820326,-3.0793828980731637,0.4664176685612872,0.0,0.0
0.21773414430820326,-3.017173142556534,0.4658469780784483,0.0,0.0
0.21773414430820326,-2.9549633870399044,0.46490289893701225,0.0,0.0
0.21773414430820326,-2.892753631523275,0.4635958380118284,0.0,0.0
0.21773414430820326,-2.8305438760066455,0.46193997452371216,0.0,0.0
0.21773414430820326,-2.7683341204900156,0.4599528939754664,0.0,0.0
0.21773414430820326,-2.706124364973386,0.4576551499614415,0.0,0.0
0.21773414430820326,-2.6439146094567567,0.4550697744691881,0.0,0.0
0.21773414430820326,-2.581704853940127,0.4522217582952201,0.0,0.0
0.21773414430820326,-2.5194950984234974,0.4491375227336416,0.0,0.0
0.21773414430820326,-2.457285342906868,0.4458444019647184,0.0,0.0
0.21773414430820326,-2.395075587390238,0.44237015286365566,0.0,0.0
0.21773414430820326,-2.3328658318736086,0.4387425056089864,0.0,0.0
0.21773414430820326,-2.270656076356979,0.4349887648386458,0.0,0.0
0.21773414430820326,-2.2084463208403498,0.4311354674888763,0.0,0.0
0.21773414430820326,-2.1462365653237203,0.4272081001054372,0.0,0.0
0.21773414430820326,-2.0840268098070904,0.42323087551445904,0.0,0.0
0.21773414430820326,-2.021817054290461,0.41922656638434325,0.0,0.0
0.21773414430820326,-1.9596072987738313,0.4152163914368457,0.0,0.0
0.21773414430820326,-1.897397543257202,0.4112199488582072,0.0,0.0
0.21773414430820326,-1.8351877877405722,0.4072551907650561,0.0,0.0
0.21773414430820326,-1.7729780322239428,0.4033384323167831,0.0,0.0
0.21773414430820326,-1.7107682767073131,0.39948438914779716,0.0,0.0
0.21773414430820326,-1.6485585211906835,0.3957062371309945,0.0,0.0
0.21773414430820326,-1.586348765674054,0.39201568899623723,0.0,0.0
0.21773414430820326,-1.5241390101574244,0.3884230829441664,0.0,0.0
0.21773414430820326,-1.461929254640795,0.38493747905883563,0.0,0.0
0.21773414430820326,-1.3997194991241653,0.38156675998834877,0.0,0.0
0.21773414430820326,-1.3375097436075358,0.37831773299911703,0.0,0.0
0.21773414430820326,-1.2752999880909062,0.37519623109542544,0.0,0.0
0.21773414430820326,-1.2130902325742767,0.3722072114193825,0.0,0.0
0.21773414430820326,-1.150880477057647,0.3693548496014962,0.0,0.0
0.21773414430820326,-1.0886707215410176,0.36664262911858686,0.0,0.0
0.21773414430820326,-1.0264609660243877,0.36407342503648416,0.0,0.0
0.21773414430820326,-0.9642512105077583,0.3616495817751687,0.0,0.0
0.21773414430820326,-0.9020414549911289,0.35937298474011226,0.0,0.0
0.21773414430820326,-0.8398316994744994,0.3572451258224769,0.0,0.0
0.21773414430820326,-0.7776219439578695,0.355267162889431,0.0,0.0
0.21773414430820326,-0.7154121884412401,0.35343997347066614,0.0,0.0
0.21773414430820326,-0.6532024329246107,0.3517642029042042,0.0,0.0
0.21773414430820326,-0.5909926774079808,0.3502403072390525,0.0,0.0
0.21773414430820326,-0.5287829218913513,0.3488685912087596,0.0,0.0
0.21773414430820326,-0.4665731663747219,0.34764924159231947,0.0,0.0
0.21773414430820326,-0.40436341085809246,0.3465823562703873,0.0,0.0
0.21773414430820326,-0.3421536553414626,0.3456679692680336,0.0,0.0
0.21773414430820326,-0.27994389982483314,0.3449060720523851,0.0,0.0
0.21773414430820326,-0.2177341443082037,0.3442966313261521,0.0,0.0
0.21773414430820326,-0.15552438879157382,0.34383960352750176,0.0,0.0
0.21773414430820326,-0.09331463327494438,0.34353494621398717,0.0,0.0
0.21773414430820326,-0.03110487775831494,0.3433826264739987,0.0,0.0
0.21773414430820326,0.031104877758314498,0.3433826264739987,0.0,0.0
0.21773414430820326,0.09331463327494438,0.34353494621398717,0.0,0.0
0.21773414430820326,0.15552438879157382,0.34383960352750176,0.0,0.0
0.21773414430820326,0.21773414430820326,0.3442966313261521,0.0,0.0
0.21773414430820326,0.2799438998248327,0.34490607205238516,0.0,0.0
0.21773414430820326,0.3421536553414626,0.3456679692680336,0.0,0.0
0.21773414430820326,0.404363410858092,0.3465823562703873,0.0,0.0
0.21773414430820326,0.46657316637472146,0.34764924159231947,0.0,0.0
0.21773414430820326,0.5287829218913513,0.3488685912087596,0.0,0.0
0.21773414430820326,0.5909926774079808,0.3502403072390525,0.0,0.0
0.21773414430820326,0.6532024329246102,0.3517642029042042,0.0,0.0
0.21773414430820326,0.7154121884412397,0.35343997347066614,0.0,0.0
0.21773414430820326,0.7776219439578695,0.355267162889431,0.0,0.0
0.21773414430820326,0.839831699474499,0.3572451258224769,0.0,0.0
0.21773414430820326,0.9020414549911289,0.35937298474011226,0.0,0.0
0.21773414430820326,0.9642512105077579,0.3616495817751687,0.0,0.0
0.21773414430820326,1.0264609660243877,0.36407342503648416,0.0,0.0
0.21773414430820326,1.0886707215410176,0.36664262911858686,0.0,0.0
0.21773414430820326,1.1508804770576466,0.3693548496014962,0.0,0.0
0.21773414430820326,1.2130902325742765,0.37220721141938246,0.0,0.0
0.21773414430820326,1.2752999880909055,0.37519623109542544,0.0,0.0
0.21773414430820326,1.3375097436075354,0.378317732999117,0.0,0.0
0.21773414430820326,1.3997194991241653,0.38156675998834877,0.0,0.0
0.21773414430820326,1.4619292546407943,0.3849374790588356,0.0,0.0
0.21773414430820326,1.5241390101574241,0.3884230829441664,0.0,0.0
0.21773414430820326,1.586348765674054,0.39201568899623723,0.0,0.0
0.21773414430820326,1.648558521190683,0.39570623713099445,0.0,0.0
0.21773414430820326,1.710768276707313,0.39948438914779716,0.0,0.0
0.21773414430820326,1.7729780322239428,0.4033384323167831,0.0,0.0
0.21773414430820326,1.8351877877405718,0.4072551907650561,0.0,0.0
0.21773414430820326,1.8973975432572017,0.4112199488582072,0.0,0.0
0.21773414430820326,1.9596072987738316,0.4152163914368457,0.0,0.0
0.21773414430820326,2.0218170542904605,0.4192265663843432,0.0,0.0
0.21773414430820326,2.0840268098070904,0.42323087551445904,0.0,0.0
0.21773414430820326,2.1462365653237194,0.42720810010543714,0.0,0.0
0.21773414430820326,2.2084463208403493,0.4311354674888763,0.0,0.0
0.21773414430820326,2.270656076356979,0.4349887648386458,0.0,0.0
0.21773414430820326,2.332865831873608,0.43874250560898637,0.0,0.0
0.21773414430820326,2.395075587390238,0.44237015286365566,0.0,0.0
0.21773414430820326,2.457285342906868,0.4458444019647184,0.0,0.0
0.21773414430820326,2.519495098423497,0.4491375227336416,0.0,0.0
0.21773414430820326,2.581704853940127,0.4522217582952201,0.0,0.0
0.21773414430820326,2.6439146094567567,0.4550697744691881,0.0,0.0
0.21773414430820326,2.7061243649733857,0.4576551499614415,0.0,0.0
0.21773414430820326,2.7683341204900156,0.4599528939754664,0.0,0.0
0.21773414430820326,2.8305438760066455,0.46193997452371216,0.0,0.0
0.21773414430820326,2.8927536315232745,0.4635958380118284,0.0,0.0
0.21773414430820326,2.9549633870399044,0.46490289893701225,0.0,0.0
0.21773414430820326,3.0171731425565333,0.4658469780784483,0.0,0.0
0.21773414430820326,3.0793828980731632,0.4664176685612872,0.0,0.0
0.2799438998248327,-3.141592653589793,0.46812901257663747,0.0,0.0
0.2799438998248327,-3.0793828980731637,0.4679361976016326,0.0,0.0
0.2799438998248327,-3.017173142556534,0.4673599218079898,0.0,0.0
0.2799438998248327,-2.9549633870399044,0.4664066332679152,0.0,0.0
0.2799438998248327,-2.892753631523275,0.46508688418799604,0.0,0.0
0.2799438998248327,-2.8305438760066455,0.463415049821298,0.0,0.0
0.2799438998248327,-2.7683341204900156,0.4614089555559568,0.0,0.0
0.2799438998248327,-2.706124364973386,0.45908943068936575,0.0,0.0
0.2799438998248327,-2.6439146094567567,0.45647980997632365,0.0,0.0
0.2799438998248327,-2.581704853940127,0.4536054050478569,0.0,0.0
0.2799438998248327,-2.5194950984234974,0.45049296730155497,0.0,0.0
0.2799438998248327,-2.457285342906868,0.44717016207009724,0.0,0.0
0.2799438998248327,-2.395075587390238,0.44366507108539743,0.0,0.0
0.2799438998248327,-2.3328658318736086,0.4400057368230577,0.0,0.0
0.2799438998248327,-2.270656076356979,0.43621975858889905,0.0,0.0
0.2799438998248327,-2.2084463208403498,0.43233394651288115,0.0,0.0
0.2799438998248327,-2.1462365653237203,0.4283740362000033,0.0,0.0
0.2799438998248327,-2.0840268098070904,0.42436446383195503,0.0,0.0
0.2799438998248327,-2.021817054290461,0.42032819912066155,0.0,0.0
0.2799438998248327,-1.9596072987738313,0.4162866317208566,0.0,0.0
0.2799438998248327,-1.897397543257202,0.41225950549445034,0.0,0.0
0.2799438998248327,-1.8351877877405722,0.4082648943270674,0.0,0.0
0.2799438998248327,-1.7729780322239428,0.40431921294565343,0.0,0.0
0.2799438998248327,-1.7107682767073131,0.4004372562843131,0.0,0.0
0.2799438998248327,-1.6485585211906835,0.3966322613026078,0.0,0.0
0.2799438998248327,-1.586348765674054,0.3929159856928266,0.0,0.0
0.2799438998248327,-1.5241390101574244,0.3892987985483557,0.0,0.0
0.2799438998248327,-1.461929254640795,0.3857897787458746,0.0,0.0
0.2799438998248327,-1.3997194991241653,0.3823968174750371,0.0,0.0
0.2799438998248327,-1.3375097436075358,0.37912672199856073,0.0,0.0
0.2799438998248327,-1.2752999880909062,0.3759853183221374,0.0,0.0
0.2799438998248327,-1.2130902325742767,0.37297755098512175,0.0,0.0
0.2799438998248327,-1.150880477057647,0.3701075786442745,0.0,0.0
0.2799438998248327,-1.0886707215410176,0.36737886451372137,0.0,0.0
0.2799438998248327,-1.0264609660243877,0.3647942610480247,0.0,0.0
0.2799438998248327,-0.9642512105077583,0.3623560885173088,0.0,0.0
0.2799438998248327,-0.9020414549911289,0.3600662073304263,0.0,0.0
0.2799438998248327,-0.8398316994744994,0.35792608412132204,0.0,0.0
0.2799438998248327,-0.7776219439578695,0.3559368517321295,0.0,0.0
0.2799438998248327,-0.7154121884412401,0.3540993633107943,0.0,0.0
0.2799438998248327,-0.6532024329246107,0.3524142407972394,0.0,0.0
0.2799438998248327,-0.5909926774079808,0.3508819181056373,0.0,0.0
0.2799438998248327,-0.5287829218913513,0.34950267932586937,0.0,0.0
0.2799438998248327,-0.4665731663747219,0.3482766922686523,0.0,0.0
0.2799438998248327,-0.40436341085809246,0.34720403766935537,0.0,0.0
0.2799438998248327,-0.3421536553414626,0.3462847343478584,0.0,0.0
0.2799438998248327,-0.27994389982483314,0.3455187605980492,0.0,0.0
0.2799438998248327,-0.2177341443082037,0.3449060720523851,0.0,0.0
0.2799438998248327,-0.15552438879157382,0.34444661623564704,0.0,0.0
0.2799438998248327,-0.09331463327494438,0.3441403439885565,0.0,0.0
0.2799438998248327,-0.03110487775831494,0.3439872179070311,0.0,0.0
0.2799438998248327,0.031104877758314498,0.3439872179070311,0.0,0.0
0.2799438998248327,0.09331463327494438,0.3441403439885565,0.0,0.0
0.2799438998248327,0.15552438879157382,0.34444661623564704,0.0,0.0
0.2799438998248327,0.21773414430820326,0.34490607205238516,0.0,0.0
0.2799438998248327,0.2799438998248327,0.3455187605980492,0.0,0.0
0.2799438998248327,0.3421536553414626,0.3462847343478584,0.0,0.0
0.2799438998248327,0.404363410858092,0.34720403766935537,0.0,0.0
0.2799438998248327,0.46657316637472146,0.3482766922686523,0.0,0.0
0.2799438998248327,0.5287829218913513,0.34950267932586937,0.0,0.0
0.2799438998248327,0.5909926774079808,0.3508819181056373,0.0,0.0
0.2799438998248327,0.6532024329246102,0.3524142407972394,0.0,0.0
0.2799438998248327,0.7154121884412397,0.3540993633107942,0.0,0.0
0.2799438998248327,0.7776219439578695,0.3559368517321295,0.0,0.0
0.2799438998248327,0.839831699474499,0.3579260841213221,0.0,0.0
0.2799438998248327,0.9020414549911289,0.3600662073304263,0.0,0.0
0.2799438998248327,0.9642512105077579,0.3623560885173088,0.0,0.0
0.2799438998248327,1.0264609660243877,0.3647942610480247,0.0,0.0
0.2799438998248327,1.0886707215410176,0.36737886451372137,0.0,0.0
0.2799438998248327,1.1508804770576466,0.3701075786442744,0.0,0.0
0.2799438998248327,1.2130902325742765,0.37297755098512175,0.0,0.0
0.2799438998248327,1.2752999880909055,0.3759853183221373,0.0,0.0
0.2799438998248327,1.3375097436075354,0.3791267219985607,0.0,0.0
0.2799438998248327,1.3997194991241653,0.3823968174750371,0.0,0.0
0.2799438998248327,1.4619292546407943,0.3857897787458746,0.0,0.0
0.2799438998248327,1.5241390101574241,0.3892987985483557,0.0,0.0
0.2799438998248327,1.586348765674054,0.3929159856928266,0.0,0.0
0.2799438998248327,1.648558521190683,0.3966322613026078,0.0,0.0
0.2799438998248327,1.710768276707313,0.40043725628431304,0.0,0.0
0.2799438998248327,1.7729780322239428,0.40431921294565343,0.0,0.0
0.2799438998248327,1.8351877877405718,0.40826489432706736,0.0,0.0
0.2799438998248327,1.8973975432572017,0.4122595054944503,0.0,0.0
0.2799438998248327,1.9596072987738316,0.4162866317208566,0.0,0.0
0.2799438998248327,2.0218170542904605,0.4203281991206615,0.0,0.0
0.2799438998248327,2.0840268098070904,0.42436446383195503,0.0,0.0
0.2799438998248327,2.1462365653237194,0.4283740362000033,0.0,0.0
0.2799438998248327,2.2084463208403493,0.4323339465128811,0.0,0.0
0.2799438998248327,2.270656076356979,0.43621975858889905,0.0,0.0
0.2799438998248327,2.332865831873608,0.4400057368230577,0.0,0.0
0.2799438998248327,2.395075587390238,0.44366507108539743,0.0,0.0
0.2799438998248327,2.457285342906868,0.44717016207009724,0.0,0.0
0.2799438998248327,2.519495098423497,0.45049296730155497,0.0,0.0
0.2799438998248327,2.581704853940127,0.4536054050478569,0.0,0.0
0.2799438998248327,2.6439146094567567,0.45647980997632365,0.0,0.0
0.2799438998248327,2.7061243649733857,0.45908943068936575,0.0,0.0
0.2799438998248327,2.7683341204900156,0.4614089555559568,0.0,0.0
0.2799438998248327,2.8305438760066455,0.463415049821298,0.0,0.0
0.2799438998248327,2.8927536315232745,0.465086884187996,0.0,0.0
0.2799438998248327,2.9549633870399044,0.4664066332679152,0.0,0.0
0.2799438998248327,3.0171731425565333,0.4673599218079898,0.0,0.0
0.2799438998248327,3.0793828980731632,0.4679361976016326,0.0,0.0
0.3421536553414626,-3.141592653589793,0.47003932947027466,0.0,0.0
0.3421536553414626,-3.0793828980731637,0.46984414534725527,0.0,0.0
0.3421536553414626,-3.017173142556534,0.46926080051059693,0.0,0.0
0.3421536553414626,-2.9549633870399044,0.46829585680097446,0.0,0.0
0.3421536553414626,-2.892753631523275,0.4669600513537012,0.0,0.0
0.3421536553414626,-2.8305438760066455,0.4652680088108944,0.0,0.0
0.3421536553414626,-2.7683341204900156,0.46323785965138986,0.0,0.0
0.3421536553414626,-2.706124364973386,0.46089078369220626,0.0,0.0
0.3421536553414626,-2.6439146094567567,0.45825050045346294,0.0,0.0
0.3421536553414626,-2.581704853940127,0.45534272909256723,0.0,0.0
0.3421536553414626,-2.5194950984234974,0.4521946400748714,0.0,0.0
0.3421536553414626,-2.457285342906868,0.4488343188727555,0.0,0.0
0.3421536553414626,-2.395075587390238,0.4452902590892697,0.0,0.0
0.3421536553414626,-2.3328658318736086,0.44159089885133196,0.0,0.0
0.3421536553414626,-2.270656076356979,0.4377642104767793,0.0,0.0
0.3421536553414626,-2.2084463208403498,0.4338373496160507,0.0,0.0
0.3421536553414626,-2.1462365653237203,0.42983636656404506,0.0,0.0
0.3421536553414626,-2.0840268098070904,0.42578597941356483,0.0,0.0
0.3421536553414626,-2.021817054290461,0.4217094062827652,0.0,0.0
0.3421536553414626,-1.9596072987738313,0.41762825202911363,0.0,0.0
0.3421536553414626,-1.897397543257202,0.41356244363960487,0.0,0.0
0.3421536553414626,-1.8351877877405722,0.409530207799974,0.0,0.0
0.3421536553414626,-1.7729780322239428,0.40554808390946406,0.0,0.0
0.3421536553414626,-1.7107682767073131,0.4016309659275404,0.0,0.0
0.3421536553414626,-1.6485585211906835,0.397792166820767,0.0,0.0
0.3421536553414626,-1.586348765674054,0.39404349993584936,0.0,0.0
0.3421536553414626,-1.5241390101574244,0.39039537228493526,0.0,0.0
0.3421536553414626,-1.461929254640795,0.38685688543214364,0.0,0.0
0.3421536553414626,-1.3997194991241653,0.3834359403706389,0.0,0.0
0.3421536553414626,-1.3375097436075358,0.38013934344512207,0.0,0.0
0.3421536553414626,-1.2752999880909062,0.3769729109842896,0.0,0.0
0.3421536553414626,-1.2130902325742767,0.37394157084964813,0.0,0.0
0.3421536553414626,-1.150880477057647,0.37104945957611546,0.0,0.0
0.3421536553414626,-1.0886707215410176,0.3683000141762539,0.0,0.0
0.3421536553414626,-1.0264609660243877,0.36569605800741967,0.0,0.0
0.3421536553414626,-0.9642512105077583,0.36323988036541976,0.0,0.0
0.3421536553414626,-0.9020414549911289,0.3609333096764315,0.0,0.0
0.3421536553414626,-0.8398316994744994,0.3587777803183931,0.0,0.0
0.3421536553414626,-0.7776219439578695,0.3567743932211086,0.0,0.0
0.3421536553414626,-0.7154121884412401,0.35492397047781393,0.0,0.0
0.3421536553414626,-0.6532024329246107,0.35322710425613635,0.0,0.0
0.3421536553414626,-0.5909926774079808,0.3516842003287367,0.0,0.0
0.3421536553414626,-0.5287829218913513,0.35029551655817553,0.0,0.0
0.3421536553414626,-0.4665731663747219,0.3490611966706666,0.0,0.0
0.3421536553414626,-0.40436341085809246,0.3479812996426778,0.0,0.0
0.3421536553414626,-0.3421536553414626,0.34705582500547855,0.0,0.0
0.3421536553414626,-0.27994389982483314,0.34628473434785845,0.0,0.0
0.3421536553414626,-0.2177341443082037,0.3456679692680336,0.0,0.0
0.3421536553414626,-0.15552438879157382,0.3452054659934912,0.0,0.0
0.3421536553414626,-0.09331463327494438,0.344897166853178,0.0,0.0
0.3421536553414626,-0.03110487775831494,0.3447430287507137,0.0,0.0
0.3421536553414626,0.031104877758314498,0.3447430287507137,0.0,0.0
0.3421536553414626,0.09331463327494438,0.344897166853178,0.0,0.0
0.3421536553414626,0.15552438879157382,0.3452054659934912,0.0,0.0
0.3421536553414626,0.21773414430820326,0.3456679692680336,0.0,0.0
0.3421536553414626,0.2799438998248327,0.3462847343478584,0.0,0.0
0.3421536553414626,0.3421536553414626,0.34705582500547855,0.0,0.0
0.3421536553414626,0.404363410858092,0.3479812996426778,0.0,0.0
0.3421536553414626,0.46657316637472146,0.3490611966706666,0.0,0.0
0.3421536553414626,0.5287829218913513,0.35029551655817553,0.0,0.0
0.3421536553414626,0.5909926774079808,0.3516842003287367,0.0,0.0
0.3421536553414626,0.6532024329246102,0.3532271042561363,0.0,0.0
0.3421536553414626,0.7154121884412397,0.35492397047781393,0.0,0.0
0.3421536553414626,0.7776219439578695,0.3567743932211086,0.0,0.0
0.3421536553414626,0.839831699474499,0.358777780318393,0.0,0.0
0.3421536553414626,0.9020414549911289,0.3609333096764315,0.0,0.0
0.3421536553414626,0.9642512105077579,0.3632398803654197,0.0,0.0
0.3421536553414626,1.0264609660243877,0.36569605800741967,0.0,0.0
0.3421536553414626,1.0886707215410176,0.3683000141762539,0.0,0.0
0.3421536553414626,1.1508804770576466,0.3710494595761155,0.0,0.0
0.3421536553414626,1.2130902325742765,0.3739415708496481,0.0,0.0
0.3421536553414626,1.2752999880909055,0.3769729109842896,0.0,0.0
0.3421536553414626,1.3375097436075354,0.38013934344512207,0.0,0.0
0.3421536553414626,1.3997194991241653,0.3834359403706389,0.0,0.0
0.3421536553414626,1.4619292546407943,0.3868568854321436,0.0,0.0
0.3421536553414626,1.5241390101574241,0.3903953722849352,0.0,0.0
0.3421536553414626,1.586348765674054,0.39404349993584936,0.0,0.0
0.3421536553414626,1.648558521190683,0.397792166820767,0.0,0.0
0.3421536553414626,1.710768276707313,0.40163096592754033,0.0,0.0
0.3421536553414626,1.7729780322239428,0.40554808390946406,0.0,0.0
0.3421536553414626,1.8351877877405718,0.409530207799974,0.0,0.0
0.3421536553414626,1.8973975432572017,0.4135624436396048,0.0,0.0
0.3421536553414626,1.9596072987738316,0.41762825202911363,0.0,0.0
0.3421536553414626,2.0218170542904605,0.4217094062827652,0.0,0.0
0.3421536553414626,2.0840268098070904,0.42578597941356483,0.0,0.0
0.3421536553414626,2.1462365653237194,0.429836366564045,0.0,0.0
0.3421536553414626,2.2084463208403493,0.43383734961605064,0.0,0.0
0.3421536553414626,2.270656076356979,0.4377642104767793,0.0,0.0
0.3421536553414626,2.332865831873608,0.44159089885133196,0.0,0.0
0.3421536553414626,2.395075587390238,0.4452902590892697,0.0,0.0
0.3421536553414626,2.457285342906868,0.4488343188727555,0.0,0.0
0.3421536553414626,2.519495098423497,0.4521946400748714,0.0,0.0
0.3421536553414626,2.581704853940127,0.45534272909256723,0.0,0.0
0.3421536553414626,2.6439146094567567,0.45825050045346294,0.0,0.0
0.3421536553414626,2.7061243649733857,0.46089078369220626,0.0,0.0
0.3421536553414626,2.7683341204900156,0.46323785965138986,0.0,0.0
0.3421536553414626,2.8305438760066455,0.4652680088108944,0.0,0.0
0.3421536553414626,2.8927536315232745,0.4669600513537012,0.0,0.0
0.3421536553414626,2.9549633870399044,0.46829585680097446,0.0,0.0
0.3421536553414626,3.0171731425565333,0.46926080051059693,0.0,0.0
0.3421536553414626,3.0793828980731632,0.46984414534725527,0.0,0.0
0.404363410858092,-3.141592653589793,0.4723461970799682,0.0,0.0
0.404363410858092,-3.0793828980731637,0.4721481262590395,0.0,0.0
0.404363410858092,-3.017173142556534,0.4715561684383956,0.0,0.0
0.404363410858092,-2.9549633870399044,0.47057702501544824,0.0,0.0
0.404363410858092,-2.892753631523275,0.4692216599320357,0.0,0.0
0.404363410858092,-2.8305438760066455,0.4675050036127054,0.0,0.0
0.404363410858092,-2.7683341204900156,0.46544556048362773,0.0,0.0
0.404363410858092,-2.706124364973386,0.46306493980256697,0.0,0.0
0.404363410858092,-2.6439146094567567,0.4603873322407214,0.0,0.0
0.404363410858092,-2.581704853940127,0.4574389556769542,0.0,0.0
0.404363410858092,-2.5194950984234974,0.4542474930719951,0.0,0.0
0.404363410858092,-2.457285342906868,0.45084154331309423,0.0,0.0
0.404363410858092,-2.395075587390238,0.447250102890562,0.0,0.0
0.404363410858092,-2.3328658318736086,0.44350209256896217,0.0,0.0
0.404363410858092,-2.270656076356979,0.4396259392287888,0.0,0.0
0.404363410858092,-2.2084463208403498,0.43564921911842236,0.0,0.0
0.404363410858092,-2.1462365653237203,0.4315983651406039,0.0,0.0
0.404363410858092,-2.0840268098070904,0.4274984376897862,0.0,0.0
0.404363410858092,-2.021817054290461,0.4233729560613455,0.0,0.0
0.404363410858092,-1.9596072987738313,0.4192437856027493,0.0,0.0
0.404363410858092,-1.897397543257202,0.41513107454465165,0.0,0.0
0.404363410858092,-1.8351877877405722,0.41105323377046826,0.0,0.0
0.404363410858092,-1.7729780322239428,0.4070269525664393,0.0,0.0
0.404363410858092,-1.7107682767073131,0.40306724354124374,0.0,0.0
0.404363410858092,-1.6485585211906835,0.3991875103170108,0.0,0.0
0.404363410858092,-1.586348765674054,0.39539963218307084,0.0,0.0
0.404363410858092,-1.5241390101574244,0.3917140605941629,0.0,0.0
0.404363410858092,-1.461929254640795,0.38813992312514595,0.0,0.0
0.404363410858092,-1.3997194991241653,0.38468513121845027,0.0,0.0
0.404363410858092,-1.3375097436075358,0.38135648874598677,0.0,0.0
0.404363410858092,-1.2752999880909062,0.37815979903297575,0.0,0.0
0.404363410858092,-1.2130902325742767,0.3750999685454845,0.0,0.0
0.404363410858092,-1.150880477057647,0.37218110592182513,0.0,0.0
0.404363410858092,-1.0886707215410176,0.3694066154310044,0.0,0.0
0.404363410858092,-1.0264609660243877,0.3667792842732584,0.0,0.0
0.404363410858092,-0.9642512105077583,0.36430136340465014,0.0,0.0
0.404363410858092,-0.9020414549911289,0.3619746417771324,0.0,0.0
0.404363410858092,-0.8398316994744994,0.35980051404517893,0.0,0.0
0.404363410858092,-0.7776219439578695,0.3577800419076251,0.0,0.0
0.404363410858092,-0.7154121884412401,0.3559140093358695,0.0,0.0
0.404363410858092,-0.6532024329246107,0.3542029719934557,0.0,0.0
0.404363410858092,-0.5909926774079808,0.3526473011829113,0.0,0.0
0.404363410858092,-0.5287829218913513,0.35124722266839914,0.0,0.0
0.404363410858092,-0.4665731663747219,0.3500028507212718,0.0,0.0
0.404363410858092,-0.40436341085809246,0.34891421772338255,0.0,0.0
0.404363410858092,-0.3421536553414626,0.3479812996426778,0.0,0.0
0.404363410858092,-0.27994389982483314,0.34720403766935537,0.0,0.0
0.404363410858092,-0.2177341443082037,0.3465823562703873,0.0,0.0
0.404363410858092,-0.15552438879157382,0.34611617788676846,0.0,0.0
0.404363410858092,-0.09331463327494438,0.3458054344624215,0.0,0.0
0.404363410858092,-0.03110487775831494,0.3456500759569577,0.0,0.0
0.404363410858092,0.031104877758314498,0.3456500759569577,0.0,0.0
0.404363410858092,0.09331463327494438,0.3458054344624215,0.0,0.0
0.404363410858092,0.15552438879157382,0.34611617788676846,0.0,0.0
0.404363410858092,0.21773414430820326,0.3465823562703873,0.0,0.0
0.404363410858092,0.2799438998248327,0.34720403766935537,0.0,0.0
0.404363410858092,0.3421536553414626,0.3479812996426778,0.0,0.0
0.404363410858092,0.404363410858092,0.34891421772338255,0.0,0.0
0.404363410858092,0.46657316637472146,0.3500028507212718,0.0,0.0
0.404363410858092,0.5287829218913513,0.35124722266839914,0.0,0.0
0.404363410858092,0.5909926774079808,0.3526473011829113,0.0,0.0
0.404363410858092,0.6532024329246102,0.35420297199345563,0.0,0.0
0.404363410858092,0.7154121884412397,0.3559140093358695,0.0,0.0
0.404363410858092,0.7776219439578695,0.3577800419076251,0.0,0.0
0.404363410858092,0.839831699474499,0.35980051404517893,0.0,0.0
0.404363410858092,0.9020414549911289,0.3619746417771324,0.0,0.0
0.404363410858092,0.9642512105077579,0.3643013634046501,0.0,0.0
0.404363410858092,1.0264609660243877,0.3667792842732584,0.0,0.0
0.404363410858092,1.0886707215410176,0.3694066154310044,0.0,0.0
0.404363410858092,1.1508804770576466,0.3721811059218252,0.0,0.0
0.404363410858092,1.2130902325742765,0.3750999685454845,0.0,0.0
0.404363410858092,1.2752999880909055,0.3781597990329757,0.0,0.0
0.404363410858092,1.3375097436075354,0.38135648874598677,0.0,0.0
0.404363410858092,1.3997194991241653,0.38468513121845027,0.0,0.0
0.404363410858092,1.4619292546407943,0.38813992312514595,0.0,0.0
0.404363410858092,1.5241390101574241,0.3917140605941629,0.0,0.0
0.404363410858092,1.586348765674054,0.39539963218307084,0.0,0.0
0.404363410858092,1.648558521190683,0.3991875103170107,0.0,0.0
0.404363410858092,1.710768276707313,0.40306724354124374,0.0,0.0
0.404363410858092,1.7729780322239428,0.4070269525664393,0.0,0.0
0.404363410858092,1.8351877877405718,0.4110532337704682,0.0,0.0
0.404363410858092,1.8973975432572017,0.41513107454465165,0.0,0.0
0.404363410858092,1.9596072987738316,0.4192437856027493,0.0,0.0
0.404363410858092,2.0218170542904605,0.4233729560613455,0.0,0.0
0.404363410858092,2.0840268098070904,0.4274984376897862,0.0,0.0
0.404363410858092,2.1462365653237194,0.43159836514060385,0.0,0.0
0.404363410858092,2.2084463208403493,0.43564921911842225,0.0,0.0
0.404363410858092,2.270656076356979,0.4396259392287888,0.0,0.0
0.404363410858092,2.332865831873608,0.44350209256896217,0.0,0.0
0.404363410858092,2.395075587390238,0.447250102890562,0.0,0.0
0.404363410858092,2.457285342906868,0.45084154331309423,0.0,0.0
0.404363410858092,2.519495098423497,0.4542474930719951,0.0,0.0
0.404363410858092,2.581704853940127,0.4574389556769542,0.0,0.0
0.404363410858092,2.6439146094567567,0.4603873322407214,0.0,0.0
0.404363410858092,2.7061243649733857,0.4630649398025669,0.0,0.0
0.404363410858092,2.7683341204900156,0.46544556048362773,0.0,0.0
0.404363410858092,2.8305438760066455,0.4675050036127054,0.0,0.0
0.404363410858092,2.8927536315232745,0.46922165993203563,0.0,0.0
0.404363410858092,2.9549633870399044,0.47057702501544824,0.0,0.0
0.404363410858092,3.0171731425565333,0.4715561684383956,0.0,0.0
0.404363410858092,3.0793828980731632,0.4721481262590395,0.0,0.0
0.46657316637472146,-3.141592653589793,0.4750576683297878,0.0,0.0
0.46657316637472146,-3.0793828980731637,0.47485616831340083,0.0,0.0
0.46657316637472146,-3.017173142556534,0.4742539793238033,0.0,0.0
0.46657316637472146,-2.9549633870399044,0.47325796987005664,0.0,0.0
0.46657316637472146,-2.892753631523275,0.4718793754244686,0.0,0.0
0.46657316637472146,-2.8305438760066455,0.4701334923743634,0.0,0.0
0.46657316637472146,-2.7683341204900156,0.46803927249977967,0.0,0.0
0.46657316637472146,-2.706124364973386,0.4656188385299327,0.0,0.0
0.46657316637472146,-2.6439146094567567,0.4628969441283126,0.0,0.0
0.46657316637472146,-2.581704853940127,0.45990040268143123,0.0,0.0
0.46657316637472146,-2.5194950984234974,0.4566575086055003,0.0,0.0
0.46657316637472146,-2.457285342906868,0.45319747278278094,0.0,0.0
0.46657316637472146,-2.395075587390238,0.4495498905471676,0.0,0.0
0.46657316637472146,-2.3328658318736086,0.4457442567599838,0.0,0.0
0.46657316637472146,-2.270656076356979,0.4418095383523729,0.0,0.0
0.46657316637472146,-2.2084463208403498,0.43777381061430914,0.0,0.0
0.46657316637472146,-2.1462365653237203,0.4336639597618759,0.0,0.0
0.46657316637472146,-2.0840268098070904,0.4295054511063985,0.0,0.0
0.46657316637472146,-2.021817054290461,0.4253221595868816,0.0,0.0
0.46657316637472146,-1.9596072987738313,0.42113625754037015,0.0,0.0
0.46657316637472146,-1.897397543257202,0.41696815334289955,0.0,0.0
0.46657316637472146,-1.8351877877405722,0.41283647388473216,0.0,0.0
0.46657316637472146,-1.7729780322239428,0.4087580836518393,0.0,0.0
0.46657316637472146,-1.7107682767073131,0.40474813336630516,0.0,0.0
0.46657316637472146,-1.6485585211906835,0.40082013158901897,0.0,0.0
0.46657316637472146,-1.586348765674054,0.39698603331607435,0.0,0.0
0.46657316637472146,-1.5241390101574244,0.39325634032729984,0.0,0.0
0.46657316637472146,-1.461929254640795,0.3896402088087184,0.0,0.0
0.46657316637472146,-1.3997194991241653,0.3861455605234917,0.0,0.0
0.46657316637472146,-1.3375097436075358,0.382779194515153,0.0,0.0
0.46657316637472146,-1.2752999880909062,0.3795468969717578,0.0,0.0
0.46657316637472146,-1.2130902325742767,0.37645354744865145,0.0,0.0
0.46657316637472146,-1.150880477057647,0.3735032201368568,0.0,0.0
0.46657316637472146,-1.0886707215410176,0.37069927927483437,0.0,0.0
0.46657316637472146,-1.0264609660243877,0.368044468138276,0.0,0.0
0.46657316637472146,-0.9642512105077583,0.3655409913125011,0.0,0.0
0.46657316637472146,-0.9020414549911289,0.363190590162808,0.0,0.0
0.46657316637472146,-0.8398316994744994,0.36099461157797996,0.0,0.0
0.46657316637472146,-0.7776219439578695,0.35895407017898706,0.0,0.0
0.46657316637472146,-0.7154121884412401,0.35706970426615275,0.0,0.0
0.46657316637472146,-0.6532024329246107,0.35534202583027696,0.0,0.0
0.46657316637472146,-0.5909926774079808,0.35377136498222467,0.0,0.0
0.46657316637472146,-0.5287829218913513,0.3523579091662392,0.0,0.0
0.46657316637472146,-0.4665731663747219,0.35110173751886603,0.0,0.0
0.46657316637472146,-0.40436341085809246,0.3500028507212718,0.0,0.0
0.46657316637472146,-0.3421536553414626,0.3490611966706666,0.0,0.0
0.46657316637472146,-0.27994389982483314,0.3482766922686524,0.0,0.0
0.46657316637472146,-0.2177341443082037,0.34764924159231947,0.0,0.0
0.46657316637472146,-0.15552438879157382,0.34717875067907705,0.0,0.0
0.46657316637472146,-0.09331463327494438,0.3468651391194874,0.0,0.0
0.46657316637472146,-0.03110487775831494,0.3467083486144516,0.0,0.0
0.46657316637472146,0.031104877758314498,0.3467083486144516,0.0,0.0
0.46657316637472146,0.09331463327494438,0.3468651391194874,0.0,0.0
0.46657316637472146,0.15552438879157382,0.34717875067907705,0.0,0.0
0.46657316637472146,0.21773414430820326,0.34764924159231947,0.0,0.0
0.46657316637472146,0.2799438998248327,0.3482766922686523,0.0,0.0
0.46657316637472146,0.3421536553414626,0.3490611966706666,0.0,0.0
0.46657316637472146,0.404363410858092,0.3500028507212718,0.0,0.0
0.46657316637472146,0.46657316637472146,0.35110173751886603,0.0,0.0
0.46657316637472146,0.5287829218913513,0.3523579091662392,0.0,0.0
0.46657316637472146,0.5909926774079808,0.35377136498222467,0.0,0.0
0.46657316637472146,0.6532024329246102,0.35534202583027696,0.0,0.0
0.46657316637472146,0.7154121884412397,0.35706970426615275,0.0,0.0
0.46657316637472146,0.7776219439578695,0.35895407017898706,0.0,0.0
0.46657316637472146,0.839831699474499,0.36099461157797996,0.0,0.0
0.46657316637472146,0.9020414549911289,0.363190590162808,0.0,0.0
0.46657316637472146,0.9642512105077579,0.36554099131250106,0.0,0.0
0.46657316637472146,1.0264609660243877,0.368044468138276,0.0,0.0
0.46657316637472146,1.0886707215410176,0.37069927927483437,0.0,0.0
0.46657316637472146,1.1508804770576466,0.3735032201368568,0.0,0.0
0.46657316637472146,1.2130902325742765,0.3764535474486514,0.0,0.0
0.46657316637472146,1.2752999880909055,0.3795468969717578,0.0,0.0
0.46657316637472146,1.3375097436075354,0.38277919451515297,0.0,0.0
0.46657316637472146,1.3997194991241653,0.3861455605234917,0.0,0.0
0.46657316637472146,1.4619292546407943,0.3896402088087184,0.0,0.0
0.46657316637472146,1.5241390101574241,0.3932563403272998,0.0,0.0
0.46657316637472146,1.586348765674054,0.39698603331607435,0.0,0.0
0.46657316637472146,1.648558521190683,0.40082013158901897,0.0,0.0
0.46657316637472146,1.710768276707313,0.40474813336630516,0.0,0.0
0.46657316637472146,1.7729780322239428,0.4087580836518393,0.0,0.0
0.46657316637472146,1.8351877877405718,0.4128364738847321,0.0,0.0
0.46657316637472146,1.8973975432572017,0.4169681533428995,0.0,0.0
0.46657316637472146,1.9596072987738316,0.42113625754037015,0.0,0.0
0.46657316637472146,2.0218170542904605,0.4253221595868815,0.0,0.0
0.46657316637472146,2.0840268098070904,0.4295054511063985,0.0,0.0
0.46657316637472146,2.1462365653237194,0.43366395976187583,0.0,0.0
0.46657316637472146,2.2084463208403493,0.43777381061430914,0.0,0.0
0.46657316637472146,2.270656076356979,0.4418095383523729,0.0,0.0
0.46657316637472146,2.332865831873608,0.4457442567599838,0.0,0.0
0.46657316637472146,2.395075587390238,0.4495498905471676,0.0,0.0
0.46657316637472146,2.457285342906868,0.45319747278278094,0.0,0.0
0.46657316637472146,2.519495098423497,0.4566575086055003,0.0,0.0
0.46657316637472146,2.581704853940127,0.45990040268143123,0.0,0.0
0.46657316637472146,2.6439146094567567,0.4628969441283126,0.0,0.0
0.46657316637472146,2.7061243649733857,0.4656188385299327,0.0,0.0
0.46657316637472146,2.7683341204900156,0.46803927249977967,0.0,0.0
0.46657316637472146,2.8305438760066455,0.4701334923743634,0.0,0.0
0.46657316637472146,2.8927536315232745,0.4718793754244686,0.0,0.0
0.46657316637472146,2.9549633870399044,0.47325796987005664,0.0,0.0
0.46657316637472146,3.0171731425565333,0.4742539793238033,0.0,0.0
0.46657316637472146,3.0793828980731632,0.4748561683134008,0.0,0.0
0.5287829218913513,-3.141592653589793,0.47818326473405287,0.0,0.0
0.5287829218913513,-3.0793828980731637,0.4779777629680994,0.0,0.0
0.5287829218913513,-3.017173142556534,0.4773636351871233,0.0,0.0
0.5287829218913513,-2.9549633870399044,0.4763479467259098,0.0,0.0
0.5287829218913513,-2.892753631523275,0.4749422527880441,0.0,0.0
0.5287829218913513,-2.8305438760066455,0.47316228052683784,0.0,0.0
0.5287829218913513,-2.7683341204900156,0.4710275080316443,0.0,0.0
0.5287829218913513,-2.706124364973386,0.46856066175788996,0.0,0.0
0.5287829218913513,-2.6439146094567567,0.4657871568383728,0.0,0.0
0.5287829218913513,-2.581704853940127,0.46273450574276775,0.0,0.0
0.5287829218913513,-2.5194950984234974,0.45943172000784455,0.0,0.0
0.5287829218913513,-2.457285342906868,0.4559087275057939,0.0,0.0
0.5287829218913513,-2.395075587390238,0.45219582432872285,0.0,0.0
0.5287829218913513,-2.3328658318736086,0.44832317627240204,0.0,0.0
0.5287829218913513,-2.270656076356979,0.44432038052501605,0.0,0.0
0.5287829218913513,-2.2084463208403498,0.4402160938792625,0.0,0.0
0.5287829218913513,-2.1462365653237203,0.43603772988039846,0.0,0.0
0.5287829218913513,-2.0840268098070904,0.4318112239969929,0.0,0.0
0.5287829218913513,-2.021817054290461,0.42756086326144394,0.0,0.0
0.5287829218913513,-1.9596072987738313,0.42330917489980907,0.0,0.0
0.5287829218913513,-1.897397543257202,0.4190768672188648,0.0,0.0
0.5287829218913513,-1.8351877877405722,0.41488281536357996,0.0,0.0
0.5287829218913513,-1.7729780322239428,0.4107440843974121,0.0,0.0
0.5287829218913513,-1.7107682767073131,0.40667598237966857,0.0,0.0
0.5287829218913513,-1.6485585211906835,0.40269213661063813,0.0,0.0
0.5287829218913513,-1.586348765674054,0.39880458688945414,0.0,0.0
0.5287829218913513,-1.5241390101574244,0.3950238904002666,0.0,0.0
0.5287829218913513,-1.461929254640795,0.391359233644814,0.0,0.0
0.5287829218913513,-1.3997194991241653,0.3878185476258939,0.0,0.0
0.5287829218913513,-1.3375097436075358,0.3844086232233388,0.0,0.0
0.5287829218913513,-1.2752999880909062,0.3811352243711584,0.0,0.0
0.5287829218913513,-1.2130902325742767,0.37800319723066045,0.0,0.0
0.5287829218913513,-1.150880477057647,0.37501657405623895,0.0,0.0
0.5287829218913513,-1.0886707215410176,0.37217867087003975,0.0,0.0
0.5287829218913513,-1.0264609660243877,0.3694921784043074,0.0,0.0
0.5287829218913513,-0.9642512105077583,0.36695924604335844,0.0,0.0
0.5287829218913513,-0.9020414549911289,0.3645815587092838,0.0,0.0
0.5287829218913513,-0.8398316994744994,0.3623604067953271,0.0,0.0
0.5287829218913513,-0.7776219439578695,0.3602967493667474,0.0,0.0
0.5287829218913513,-0.7154121884412401,0.358391270928582,0.0,0.0
0.5287829218913513,-0.6532024329246107,0.35664443210991514,0.0,0.0
0.5287829218913513,-0.5909926774079808,0.3550565146410458,0.0,0.0
0.5287829218913513,-0.5287829218913513,0.3536276610083827,0.0,0.0
0.5287829218913513,-0.4665731663747219,0.3523579091662392,0.0,0.0
0.5287829218913513,-0.40436341085809246,0.35124722266839914,0.0,0.0
0.5287829218913513,-0.3421536553414626,0.35029551655817553,0.0,0.0
0.5287829218913513,-0.27994389982483314,0.3495026793258694,0.0,0.0
0.5287829218913513,-0.2177341443082037,0.3488685912087596,0.0,0.0
0.5287829218913513,-0.15552438879157382,0.3483931390722866,0.0,0.0
0.5287829218913513,-0.09331463327494438,0.3480762280728769,0.0,0.0
0.5287829218913513,-0.03110487775831494,0.3479177902635547,0.0,0.0
0.5287829218913513,0.031104877758314498,0.3479177902635547,0.0,0.0
0.5287829218913513,0.09331463327494438,0.3480762280728769,0.0,0.0
0.5287829218913513,0.15552438879157382,0.3483931390722866,0.0,0.0
0.5287829218913513,0.21773414430820326,0.3488685912087596,0.0,0.0
0.5287829218913513,0.2799438998248327,0.34950267932586937,0.0,0.0
0.5287829218913513,0.3421536553414626,0.35029551655817553,0.0,0.0
0.5287829218913513,0.404363410858092,0.35124722266839914,0.0,0.0
0.5287829218913513,0.46657316637472146,0.3523579091662392,0.0,0.0
0.5287829218913513,0.5287829218913513,0.3536276610083827,0.0,0.0
0.5287829218913513,0.5909926774079808,0.3550565146410458,0.0,0.0
0.5287829218913513,0.6532024329246102,0.35664443210991514,0.0,0.0
0.5287829218913513,0.7154121884412397,0.3583912709285819,0.0,0.0
0.5287829218913513,0.7776219439578695,0.3602967493667474,0.0,0.0
0.5287829218913513,0.839831699474499,0.36236040679532705,0.0,0.0
0.5287829218913513,0.9020414549911289,0.3645815587092838,0.0,0.0
0.5287829218913513,0.9642512105077579,0.36695924604335833,0.0,0.0
0.5287829218913513,1.0264609660243877,0.3694921784043074,0.0,0.0
0.5287829218913513,1.0886707215410176,0.37217867087003975,0.0,0.0
0.5287829218913513,1.1508804770576466,0.37501657405623895,0.0,0.0
0.5287829218913513,1.2130902325742765,0.37800319723066045,0.0,0.0
0.5287829218913513,1.2752999880909055,0.3811352243711583,0.0,0.0
0.5287829218913513,1.3375097436075354,0.38440862322333874,0.0,0.0
0.5287829218913513,1.3997194991241653,0.3878185476258939,0.0,0.0
0.5287829218913513,1.4619292546407943,0.391359233644814,0.0,0.0
0.5287829218913513,1.5241390101574241,0.3950238904002666,0.0,0.0
0.5287829218913513,1.586348765674054,0.39880458688945414,0.0,0.0
0.5287829218913513,1.648558521190683,0.4026921366106381,0.0,0.0
0.5287829218913513,1.710768276707313,0.40667598237966857,0.0,0.0
0.5287829218913513,1.7729780322239428,0.4107440843974121,0.0,0.0
0.5287829218913513,1.8351877877405718,0.41488281536357996,0.0,0.0
0.5287829218913513,1.8973975432572017,0.4190768672188648,0.0,0.0
0.5287829218913513,1.9596072987738316,0.42330917489980907,0.0,0.0
0.5287829218913513,2.0218170542904605,0.42756086326144394,0.0,0.0
0.5287829218913513,2.0840268098070904,0.4318112239969929,0.0,0.0
0.5287829218913513,2.1462365653237194,0.4360377298803984,0.0,0.0
0.5287829218913513,2.2084463208403493,0.4402160938792625,0.0,0.0
0.5287829218913513,2.270656076356979,0.44432038052501605,0.0,0.0
0.5287829218913513,2.332865831873608,0.448323176272402,0.0,0.0
0.5287829218913513,2.395075587390238,0.45219582432872285,0.0,0.0
0.5287829218913513,2.457285342906868,0.4559087275057939,0.0,0.0
0.5287829218913513,2.519495098423497,0.4594317200078445,0.0,0.0
0.5287829218913513,2.581704853940127,0.46273450574276775,0.0,0.0
0.5287829218913513,2.6439146094567567,0.4657871568383728,0.0,0.0
0.5287829218913513,2.7061243649733857,0.46856066175788996,0.0,0.0
0.5287829218913513,2.7683341204900156,0.4710275080316443,0.0,0.0
0.5287829218913513,2.8305438760066455,0.47316228052683784,0.0,0.0
0.5287829218913513,2.8927536315232745,0.4749422527880441,0.0,0.0
0.5287829218913513,2.9549633870399044,0.4763479467259098,0.0,0.0
0.5287829218913513,3.0171731425565333,0.4773636351871233,0.0,0.0
0.5287829218913513,3.0793828980731632,0.4779777629680994,0.0,0.0
0.5909926774079808,-3.141592653589793,0.48173403553350536,0.0,0.0
0.5909926774079808,-3.0793828980731637,0.48152392382167053,0.0,0.0
0.5909926774079808,-3.017173142556534,0.48089604358320454,0.0,0.0
0.5909926774079808,-2.9549633870399044,0.47985768929556627,0.0,0.0
0.5909926774079808,-2.892753631523275,0.4784207882834728,0.0,0.0
0.5909926774079808,-2.8305438760066455,0.4766015688346219,0.0,0.0
0.5909926774079808,-2.7683341204900156,0.4744201209757472,0.0,0.0
0.5909926774079808,-2.706124364973386,0.47189987261737104,0.0,0.0
0.5909926774079808,-2.6439146094567567,0.46906700679388574,0.0,0.0
0.5909926774079808,-2.581704853940127,0.46594984675696466,0.0,0.0
0.5909926774079808,-2.5194950984234974,0.46257823483314225,0.0,0.0
0.5909926774079808,-2.457285342906868,0.45898292851711153,0.0,0.0
0.5909926774079808,-2.395075587390238,0.4551950336466607,0.0,0.0
0.5909926774079808,-2.3328658318736086,0.4512454901522368,0.0,0.0
0.5909926774079808,-2.270656076356979,0.44716462124449247,0.0,0.0
0.5909926774079808,-2.2084463208403498,0.4429817523904518,0.0,0.0
0.5909926774079808,-2.1462365653237203,0.4387249023388181,0.0,0.0
0.5909926774079808,-2.0840268098070904,0.43442054499236155,0.0,0.0
0.5909926774079808,-2.021817054290461,0.43009343819685847,0.0,0.0
0.5909926774079808,-1.9596072987738313,0.42576651354345224,0.0,0.0
0.5909926774079808,-1.897397543257202,0.4214608200209958,0.0,0.0
0.5909926774079808,-1.8351877877405722,0.41719551371937186,0.0,0.0
0.5909926774079808,-1.7729780322239428,0.412987885662396,0.0,0.0
0.5909926774079808,-1.7107682767073131,0.4088534201205423,0.0,0.0
0.5909926774079808,-1.6485585211906835,0.40480587630497233,0.0,0.0
0.5909926774079808,-1.586348765674054,0.40085738707339824,0.0,0.0
0.5909926774079808,-1.5241390101574244,0.3970185691003071,0.0,0.0
0.5909926774079808,-1.461929254640795,0.39329863981239793,0.0,0.0
0.5909926774079808,-1.3997194991241653,0.38970553721565104,0.0,0.0
0.5909926774079808,-1.3375097436075358,0.38624603950977904,0.0,0.0
0.5909926774079808,-1.2752999880909062,0.38292588207840994,0.0,0.0
0.5909926774079808,-1.2130902325742767,0.37974987004899025,0.0,0.0
0.5909926774079808,-1.150880477057647,0.3767219851324848,0.0,0.0
0.5909926774079808,-1.0886707215410176,0.3738454858822784,0.0,0.0
0.5909926774079808,-1.0264609660243877,0.37112300086050365,0.0,0.0
0.5909926774079808,-0.9642512105077583,0.36855661447659477,0.0,0.0
0.5909926774079808,-0.9020414549911289,0.36614794547633006,0.0,0.0
0.5909926774079808,-0.8398316994744994,0.36389821821921936,0.0,0.0
0.5909926774079808,-0.7776219439578695,0.3618083269966301,0.0,0.0
0.5909926774079808,-0.7154121884412401,0.3598788937205984,0.0,0.0
0.5909926774079808,-0.6532024329246107,0.35811031936099524,0.0,0.0
0.5909926774079808,-0.5909926774079808,0.35650282953281515,0.0,0.0
0.5909926774079808,-0.5287829218913513,0.3550565146410458,0.0,0.0
0.5909926774079808,-0.4665731663747219,0.3537713649822246,0.0,0.0
0.5909926774079808,-0.40436341085809246,0.3526473011829113,0.0,0.0
0.5909926774079808,-0.3421536553414626,0.3516842003287367,0.0,0.0
0.5909926774079808,-0.27994389982483314,0.35088191810563735,0.0,0.0
0.5909926774079808,-0.2177341443082037,0.3502403072390525,0.0,0.0
0.5909926774079808,-0.15552438879157382,0.34975923247851304,0.0,0.0
0.5909926774079808,-0.09331463327494438,0.349438582335116,0.0,0.0
0.5909926774079808,-0.03110487775831494,0.3492782777384943,0.0,0.0
0.5909926774079808,0.031104877758314498,0.3492782777384943,0.0,0.0
0.5909926774079808,0.09331463327494438,0.349438582335116,0.0,0.0
0.5909926774079808,0.15552438879157382,0.34975923247851304,0.0,0.0
0.5909926774079808,0.21773414430820326,0.3502403072390525,0.0,0.0
0.5909926774079808,0.2799438998248327,0.3508819181056373,0.0,0.0
0.5909926774079808,0.3421536553414626,0.3516842003287367,0.0,0.0
0.5909926774079808,0.404363410858092,0.3526473011829113,0.0,0.0
0.5909926774079808,0.46657316637472146,0.35377136498222467,0.0,0.0
0.5909926774079808,0.5287829218913513,0.3550565146410458,0.0,0.0
0.5909926774079808,0.5909926774079808,0.35650282953281515,0.0,0.0
0.5909926774079808,0.6532024329246102,0.35811031936099524,0.0,0.0
0.5909926774079808,0.7154121884412397,0.35987889372059834,0.0,0.0
0.5909926774079808,0.7776219439578695,0.3618083269966301,0.0,0.0
0.5909926774079808,0.839831699474499,0.36389821821921936,0.0,0.0
0.5909926774079808,0.9020414549911289,0.36614794547633006,0.0,0.0
0.5909926774079808,0.9642512105077579,0.36855661447659477,0.0,0.0
0.5909926774079808,1.0264609660243877,0.37112300086050365,0.0,0.0
0.5909926774079808,1.0886707215410176,0.3738454858822784,0.0,0.0
0.5909926774079808,1.1508804770576466,0.3767219851324847,0.0,0.0
0.5909926774079808,1.2130902325742765,0.3797498700489902,0.0,0.0
0.5909926774079808,1.2752999880909055,0.3829258820784099,0.0,0.0
0.5909926774079808,1.3375097436075354,0.38624603950977904,0.0,0.0
0.5909926774079808,1.3997194991241653,0.38970553721565104,0.0,0.0
0.5909926774079808,1.4619292546407943,0.39329863981239793,0.0,0.0
0.5909926774079808,1.5241390101574241,0.3970185691003071,0.0,0.0
0.5909926774079808,1.586348765674054,0.40085738707339824,0.0,0.0
0.5909926774079808,1.648558521190683,0.40480587630497233,0.0,0.0
0.5909926774079808,1.710768276707313,0.4088534201205423,0.0,0.0
0.5909926774079808,1.7729780322239428,0.412987885662396,0.0,0.0
0.5909926774079808,1.8351877877405718,0.41719551371937186,0.0,0.0
0.5909926774079808,1.8973975432572017,0.4214608200209957,0.0,0.0
0.5909926774079808,1.9596072987738316,0.42576651354345224,0.0,0.0
0.5909926774079808,2.0218170542904605,0.43009343819685847,0.0,0.0
0.5909926774079808,2.0840268098070904,0.43442054499236155,0.0,0.0
0.5909926774079808,2.1462365653237194,0.43872490233881806,0.0,0.0
0.5909926774079808,2.2084463208403493,0.4429817523904518,0.0,0.0
0.5909926774079808,2.270656076356979,0.44716462124449247,0.0,0.0
0.5909926774079808,2.332865831873608,0.4512454901522368,0.0,0.0
0.5909926774079808,2.395075587390238,0.4551950336466607,0.0,0.0
0.5909926774079808,2.457285342906868,0.45898292851711153,0.0,0.0
0.5909926774079808,2.519495098423497,0.46257823483314214,0.0,0.0
0.5909926774079808,2.581704853940127,0.46594984675696466,0.0,0.0
0.5909926774079808,2.6439146094567567,0.46906700679388574,0.0,0.0
0.5909926774079808,2.7061243649733857,0.471899872617371,0.0,0.0
0.5909926774079808,2.7683341204900156,0.4744201209757472,0.0,0.0
0.5909926774079808,2.8305438760066455,0.4766015688346219,0.0,0.0
0.5909926774079808,2.8927536315232745,0.47842078828347273,0.0,0.0
0.5909926774079808,2.9549633870399044,0.47985768929556627,0.0,0.0
0.5909926774079808,3.0171731425565333,0.4808960435832045,0.0,0.0
0.5909926774079808,3.0793828980731632,0.48152392382167053,0.0,0.0
0.6532024329246102,-3.141592653589793,0.48572262569519364,0.0,0.0
0.6532024329246102,-3.0793828980731637,0.48550725403999684,0.0,0.0
0.6532024329246102,-3.017173142556534,0.4848636833296276,0.0,0.0
0.6532024329246102,-2.9549633870399044,0.483799472610879,0.0,0.0
0.6532024329246102,-2.892753631523275,0.48232697872105706,0.0,0.0
0.6532024329246102,-2.8305438760066455,0.4804630080890468,0.0,0.0
0.6532024329246102,-2.7683341204900156,0.478228356256395,0.0,0.0
0.6532024329246102,-2.706124364973386,0.475647259207773,0.0,0.0
0.6532024329246102,-2.6439146094567567,0.4727467837558882,0.0,0.0
0.6532024329246102,-2.581704853940127,0.46955618525553694,0.0,0.0
0.6532024329246102,-2.5194950984234974,0.4661062599486225,0.0,0.0
0.6532024329246102,-2.457285342906868,0.4624287165812642,0.0,0.0
0.6532024329246102,-2.395075587390238,0.4585555880267048,0.0,0.0
0.6532024329246102,-2.3328658318736086,0.45451869898902736,0.0,0.0
0.6532024329246102,-2.270656076356979,0.45034920093572917,0.0,0.0
0.6532024329246102,-2.2084463208403498,0.4460771806306214,0.0,0.0
0.6532024329246102,-2.1462365653237203,0.44173134433416844,0.0,0.0
0.6532024329246102,-2.0840268098070904,0.4373387761185323,0.0,0.0
0.6532024329246102,-2.021817054290461,0.43292476591577217,0.0,0.0
0.6532024329246102,-1.9596072987738313,0.4285127008960469,0.0,0.0
0.6532024329246102,-1.897397543257202,0.4241240125058056,0.0,0.0
0.6532024329246102,-1.8351877877405722,0.41977817088593217,0.0,0.0
0.6532024329246102,-1.7729780322239428,0.41549271831479695,0.0,0.0
0.6532024329246102,-1.7107682767073131,0.41128333365282044,0.0,0.0
0.6532024329246102,-1.6485585211906835,0.4071639203815241,0.0,0.0
0.6532024329246102,-1.586348765674054,0.40314671162364335,0.0,0.0
0.6532024329246102,-1.5241390101574244,0.39924238641292714,0.0,0.0
0.6532024329246102,-1.461929254640795,0.39546019238374336,0.0,0.0
0.6532024329246102,-1.3997194991241653,0.39180807092132686,0.0,0.0
0.6532024329246102,-1.3375097436075358,0.3882927816197341,0.0,0.0
0.6532024329246102,-1.2752999880909062,0.3849200236161997,0.0,0.0
0.6532024329246102,-1.2130902325742767,0.3816945519981942,0.0,0.0
0.6532024329246102,-1.150880477057647,0.3786202880114149,0.0,0.0
0.6532024329246102,-1.0886707215410176,0.3757004222370512,0.0,0.0
0.6532024329246102,-1.0264609660243877,0.37293751026217714,0.0,0.0
0.6532024329246102,-0.9642512105077583,0.37033356064722134,0.0,0.0
0.6532024329246102,-0.9020414549911289,0.36789011520905884,0.0,0.0
0.6532024329246102,-0.8398316994744994,0.3656083217972705,0.0,0.0
0.6532024329246102,-0.7776219439578695,0.3634889998538662,0.0,0.0
0.6532024329246102,-0.7154121884412401,0.3615326991217671,0.0,0.0
0.6532024329246102,-0.6532024329246107,0.35973975191206864,0.0,0.0
0.6532024329246102,-0.5909926774079808,0.35811031936099524,0.0,0.0
0.6532024329246102,-0.5287829218913513,0.35664443210991514,0.0,0.0
0.6532024329246102,-0.4665731663747219,0.35534202583027696,0.0,0.0
0.6532024329246102,-0.40436341085809246,0.3542029719934557,0.0,0.0
0.6532024329246102,-0.3421536553414626,0.3532271042561363,0.0,0.0
0.6532024329246102,-0.27994389982483314,0.3524142407972394,0.0,0.0
0.6532024329246102,-0.2177341443082037,0.3517642029042041,0.0,0.0
0.6532024329246102,-0.15552438879157382,0.3512768300659586,0.0,0.0
0.6532024329246102,-0.09331463327494438,0.35095199178801273,0.0,0.0
0.6532024329246102,-0.03110487775831494,0.35078959630243745,0.0,0.0
0.6532024329246102,0.031104877758314498,0.35078959630243745,0.0,0.0
0.6532024329246102,0.09331463327494438,0.35095199178801273,0.0,0.0
0.6532024329246102,0.15552438879157382,0.3512768300659586,0.0,0.0
0.6532024329246102,0.21773414430820326,0.3517642029042042,0.0,0.0
0.6532024329246102,0.2799438998248327,0.3524142407972394,0.0,0.0
0.6532024329246102,0.3421536553414626,0.3532271042561363,0.0,0.0
0.6532024329246102,0.404363410858092,0.35420297199345563,0.0,0.0
0.6532024329246102,0.46657316637472146,0.35534202583027696,0.0,0.0
0.6532024329246102,0.5287829218913513,0.35664443210991514,0.0,0.0
0.6532024329246102,0.5909926774079808,0.35811031936099524,0.0,0.0
0.6532024329246102,0.6532024329246102,0.35973975191206864,0.0,0.0
0.6532024329246102,0.7154121884412397,0.36153269912176705,0.0,0.0
0.6532024329246102,0.7776219439578695,0.3634889998538662,0.0,0.0
0.6532024329246102,0.839831699474499,0.3656083217972705,0.0,0.0
0.6532024329246102,0.9020414549911289,0.36789011520905884,0.0,0.0
0.6532024329246102,0.9642512105077579,0.37033356064722134,0.0,0.0
0.6532024329246102,1.0264609660243877,0.37293751026217714,0.0,0.0
0.6532024329246102,1.0886707215410176,0.3757004222370512,0.0,0.0
0.6532024329246102,1.1508804770576466,0.37862028801141484,0.0,0.0
0.6532024329246102,1.2130902325742765,0.3816945519981942,0.0,0.0
0.6532024329246102,1.2752999880909055,0.3849200236161997,0.0,0.0
0.6532024329246102,1.3375097436075354,0.388292781619734,0.0,0.0
0.6532024329246102,1.3997194991241653,0.39180807092132686,0.0,0.0
0.6532024329246102,1.4619292546407943,0.3954601923837433,0.0,0.0
0.6532024329246102,1.5241390101574241,0.39924238641292714,0.0,0.0
0.6532024329246102,1.586348765674054,0.40314671162364335,0.0,0.0
0.6532024329246102,1.648558521190683,0.4071639203815241,0.0,0.0
0.6532024329246102,1.710768276707313,0.41128333365282044,0.0,0.0
0.6532024329246102,1.7729780322239428,0.41549271831479695,0.0,0.0
0.6532024329246102,1.8351877877405718,0.41977817088593217,0.0,0.0
0.6532024329246102,1.8973975432572017,0.4241240125058056,0.0,0.0
0.6532024329246102,1.9596072987738316,0.4285127008960469,0.0,0.0
0.6532024329246102,2.0218170542904605,0.4329247659157721,0.0,0.0
0.6532024329246102,2.0840268098070904,0.4373387761185323,0.0,0.0
0.6532024329246102,2.1462365653237194,0.4417313443341684,0.0,0.0
0.6532024329246102,2.2084463208403493,0.4460771806306214,0.0,0.0
0.6532024329246102,2.270656076356979,0.45034920093572917,0.0,0.0
0.6532024329246102,2.332865831873608,0.45451869898902736,0.0,0.0
0.6532024329246102,2.395075587390238,0.4585555880267048,0.0,0.0
0.6532024329246102,2.457285342906868,0.4624287165812642,0.0,0.0
0.6532024329246102,2.519495098423497,0.4661062599486225,0.0,0.0
0.6532024329246102,2.581704853940127,0.46955618525553694,0.0,0.0
0.6532024329246102,2.6439146094567567,0.4727467837558882,0.0,0.0
0.6532024329246102,2.7061243649733857,0.475647259207773,0.0,0.0
0.6532024329246102,2.7683341204900156,0.478228356256395,0.0,0.0
0.6532024329246102,2.8305438760066455,0.4804630080890468,0.0,0.0
0.6532024329246102,2.8927536315232745,0.48232697872105706,0.0,0.0
0.6532024329246102,2.9549633870399044,0.483799472610879,0.0,0.0
0.6532024329246102,3.0171731425565333,0.4848636833296276,0.0,0.0
0.6532024329246102,3.0793828980731632,0.48550725403999684,0.0,0.0
0.7154121884412397,-3.141592653589793,0.4901633527916249,0.0,0.0
0.7154121884412397,-3.0793828980731637,0.48994202255283975,0.0,0.0
0.7154121884412397,-3.017173142556534,0.489280678681768,0.0,0.0
0.7154121884412397,-2.9549633870399044,0.4881871839150539,0.0,0.0
0.7154121884412397,-2.892753631523275,0.48667438793097295,0.0,0.0
0.7154121884412397,-2.8305438760066455,0.4847597601778333,0.0,0.0
0.7154121884412397,-2.7683341204900156,0.48246490470195247,0.0,0.0
0.7154121884412397,-2.706124364973386,0.47981498268894646,0.0,0.0
0.7154121884412397,-2.6439146094567567,0.47683807174541276,0.0,0.0
0.7154121884412397,-2.581704853940127,0.4735644919702421,0.0,0.0
0.7154121884412397,-2.5194950984234974,0.4700261277382271,0.0,0.0
0.7154121884412397,-2.457285342906868,0.4662557711922765,0.0,0.0
0.7154121884412397,-2.395075587390238,0.4622865091979543,0.0,0.0
0.7154121884412397,-2.3328658318736086,0.4581511704941311,0.0,0.0
0.7154121884412397,-2.270656076356979,0.45388184449756813,0.0,0.0
0.7154121884412397,-2.2084463208403498,0.4495094781351739,0.0,0.0
0.7154121884412397,-2.1462365653237203,0.44506355252581625,0.0,0.0
0.7154121884412397,-2.0840268098070904,0.4405718375342274,0.0,0.0
0.7154121884412397,-2.021817054290461,0.4360602192784751,0.0,0.0
0.7154121884412397,-1.9596072987738313,0.43155259359872217,0.0,0.0
0.7154121884412397,-1.897397543257202,0.4270708172251669,0.0,0.0
0.7154121884412397,-1.8351877877405722,0.4226347078068048,0.0,0.0
0.7154121884412397,-1.7729780322239428,0.41826208394594977,0.0,0.0
0.7154121884412397,-1.7107682767073131,0.4139688367871922,0.0,0.0
0.7154121884412397,-1.6485585211906835,0.40976902540296956,0.0,0.0
0.7154121884412397,-1.586348765674054,0.405674989087191,0.0,0.0
0.7154121884412397,-1.5241390101574244,0.4016974706201997,0.0,0.0
0.7154121884412397,-1.461929254640795,0.397845745531176,0.0,0.0
0.7154121884412397,-1.3997194991241653,0.39412775330648314,0.0,0.0
0.7154121884412397,-1.3375097436075358,0.3905502273405845,0.0,0.0
0.7154121884412397,-1.2752999880909062,0.38711882118050495,0.0,0.0
0.7154121884412397,-1.2130902325742767,0.3838382292668892,0.0,0.0
0.7154121884412397,-1.150880477057647,0.3807123009241163,0.0,0.0
0.7154121884412397,-1.0886707215410176,0.3777441468036955,0.0,0.0
0.7154121884412397,-1.0264609660243877,0.3749362373477308,0.0,0.0
0.7154121884412397,-0.9642512105077583,0.3722904931228169,0.0,0.0
0.7154121884412397,-0.9020414549911289,0.369808367090154,0.0,0.0
0.7154121884412397,-0.8398316994744994,0.3674909190355952,0.0,0.0
0.7154121884412397,-0.7776219439578695,0.36533888249373947,0.0,0.0
0.7154121884412397,-0.7154121884412401,0.36335272457200984,0.0,0.0
0.7154121884412397,-0.6532024329246107,0.3615326991217671,0.0,0.0
0.7154121884412397,-0.5909926774079808,0.35987889372059834,0.0,0.0
0.7154121884412397,-0.5287829218913513,0.3583912709285819,0.0,0.0
0.7154121884412397,-0.4665731663747219,0.35706970426615275,0.0,0.0
0.7154121884412397,-0.40436341085809246,0.3559140093358695,0.0,0.0
0.7154121884412397,-0.3421536553414626,0.35492397047781393,0.0,0.0
0.7154121884412397,-0.27994389982483314,0.3540993633107943,0.0,0.0
0.7154121884412397,-0.2177341443082037,0.35343997347066614,0.0,0.0
0.7154121884412397,-0.15552438879157382,0.35294561181416895,0.0,0.0
0.7154121884412397,-0.09331463327494438,0.35261612631258793,0.0,0.0
0.7154121884412397,-0.03110487775831494,0.35245141081486325,0.0,0.0
0.7154121884412397,0.031104877758314498,0.35245141081486325,0.0,0.0
0.7154121884412397,0.09331463327494438,0.35261612631258793,0.0,0.0
0.7154121884412397,0.15552438879157382,0.35294561181416895,0.0,0.0
0.7154121884412397,0.21773414430820326,0.35343997347066614,0.0,0.0
0.7154121884412397,0.2799438998248327,0.3540993633107942,0.0,0.0
0.7154121884412397,0.3421536553414626,0.35492397047781393,0.0,0.0
0.7154121884412397,0.404363410858092,0.3559140093358695,0.0,0.0
0.7154121884412397,0.46657316637472146,0.35706970426615275,0.0,0.0
0.7154121884412397,0.5287829218913513,0.3583912709285819,0.0,0.0
0.7154121884412397,0.5909926774079808,0.35987889372059834,0.0,0.0
0.7154121884412397,0.6532024329246102,0.36153269912176705,0.0,0.0
0.7154121884412397,0.7154121884412397,0.36335272457200984,0.0,0.0
0.7154121884412397,0.7776219439578695,0.36533888249373947,0.0,0.0
0.7154121884412397,0.839831699474499,0.36749091903559516,0.0,0.0
0.7154121884412397,0.9020414549911289,0.369808367090154,0.0,0.0
0.7154121884412397,0.9642512105077579,0.3722904931228169,0.0,0.0
0.7154121884412397,1.0264609660243877,0.3749362373477308,0.0,0.0
0.7154121884412397,1.0886707215410176,0.3777441468036955,0.0,0.0
0.7154121884412397,1.1508804770576466,0.3807123009241163,0.0,0.0
0.7154121884412397,1.2130902325742765,0.38383822926688915,0.0,0.0
0.7154121884412397,1.2752999880909055,0.38711882118050495,0.0,0.0
0.7154121884412397,1.3375097436075354,0.3905502273405845,0.0,0.0
0.7154121884412397,1.3997194991241653,0.39412775330648314,0.0,0.0
0.7154121884412397,1.4619292546407943,0.397845745531176,0.0,0.0
0.7154121884412397,1.5241390101574241,0.4016974706201997,0.0,0.0
0.7154121884412397,1.586348765674054,0.405674989087191,0.0,0.0
0.7154121884412397,1.648558521190683,0.40976902540296956,0.0,0.0
0.7154121884412397,1.710768276707313,0.4139688367871922,0.0,0.0
0.7154121884412397,1.7729780322239428,0.41826208394594977,0.0,0.0
0.7154121884412397,1.8351877877405718,0.4226347078068048,0.0,0.0
0.7154121884412397,1.8973975432572017,0.4270708172251669,0.0,0.0
0.7154121884412397,1.9596072987738316,0.43155259359872217,0.0,0.0
0.7154121884412397,2.0218170542904605,0.4360602192784751,0.0,0.0
0.7154121884412397,2.0840268098070904,0.4405718375342274,0.0,0.0
0.7154121884412397,2.1462365653237194,0.44506355252581614,0.0,0.0
0.7154121884412397,2.2084463208403493,0.4495094781351739,0.0,0.0
0.7154121884412397,2.270656076356979,0.45388184449756813,0.0,0.0
0.7154121884412397,2.332865831873608,0.4581511704941311,0.0,0.0
0.7154121884412397,2.395075587390238,0.4622865091979543,0.0,0.0
0.7154121884412397,2.457285342906868,0.4662557711922765,0.0,0.0
0.7154121884412397,2.519495098423497,0.4700261277382271,0.0,0.0
0.7154121884412397,2.581704853940127,0.4735644919702421,0.0,0.0
0.7154121884412397,2.6439146094567567,0.47683807174541276,0.0,0.0
0.7154121884412397,2.7061243649733857,0.47981498268894635,0.0,0.0
0.7154121884412397,2.7683341204900156,0.48246490470195247,0.0,0.0
0.7154121884412397,2.8305438760066455,0.4847597601778333,0.0,0.0
0.7154121884412397,2.8927536315232745,0.48667438793097295,0.0,0.0
0.7154121884412397,2.9549633870399044,0.4881871839150539,0.0,0.0
0.7154121884412397,3.0171731425565333,0.489280678681768,0.0,0.0
0.7154121884412397,3.0793828980731632,0.48994202255283975,0.0,0.0
0.7776219439578695,-3.141592653589793,0.4950722926603878,0.0,0.0
0.7776219439578695,-3.0793828980731637,0.4948442489063274,0.0,0.0
0.7776219439578695,-3.017173142556534,0.4941628817960983,0.0,0.0
0.7776219439578695,-2.9549633870399044,0.4930364012490021,0.0,0.0
0.7776219439578695,-2.892753631523275,0.49147822013444303,0.0,0.0
0.7776219439578695,-2.8305438760066455,0.48950656509713336,0.0,0.0
0.7776219439578695,-2.7683341204900156,0.48714396277977373,0.0,0.0
0.7776219439578695,-2.706124364973386,0.4844166290644945,0.0,0.0
0.7776219439578695,-2.6439146094567567,0.48135379244750987,0.0,0.0
0.7776219439578695,-2.581704853940127,0.47798698366775705,0.0,0.0
0.7776219439578695,-2.5194950984234974,0.47434932239565475,0.0,0.0
0.7776219439578695,-2.457285342906868,0.4704748285430181,0.0,0.0
0.7776219439578695,-2.395075587390238,0.4663977811143,0.0,0.0
0.7776219439578695,-2.3328658318736086,0.46215214207327654,0.0,0.0
0.7776219439578695,-2.270656076356979,0.4577710570146264,0.0,0.0
0.7776219439578695,-2.2084463208403498,0.4532864389885585,0.0,0.0
0.7776219439578695,-2.1462365653237203,0.44872863699009696,0.0,0.0
0.7776219439578695,-2.0840268098070904,0.444126186621687,0.0,0.0
0.7776219439578695,-2.021817054290461,0.4395056373724008,0.0,0.0
0.7776219439578695,-1.9596072987738313,0.4348914488290785,0.0,0.0
0.7776219439578695,-1.897397543257202,0.4303059468674432,0.0,0.0
0.7776219439578695,-1.8351877877405722,0.4257693303392803,0.0,0.0
0.7776219439578695,-1.7729780322239428,0.4212997188267236,0.0,0.0
0.7776219439578695,-1.7107682767073131,0.4169132325248374,0.0,0.0
0.7776219439578695,-1.6485585211906835,0.41262409609827877,0.0,0.0
0.7776219439578695,-1.586348765674054,0.4084447593154731,0.0,0.0
0.7776219439578695,-1.5241390101574244,0.40438602829636516,0.0,0.0
0.7776219439578695,-1.461929254640795,0.40045720224299797,0.0,0.0
0.7776219439578695,-1.3997194991241653,0.3966662115033804,0.0,0.0
0.7776219439578695,-1.3375097436075358,0.39301975371451586,0.0,0.0
0.7776219439578695,-1.2752999880909062,0.3895234255613404,0.0,0.0
0.7776219439578695,-1.2130902325742767,0.3861818483674624,0.0,0.0
0.7776219439578695,-1.150880477057647,0.38299878630200956,0.0,0.0
0.7776219439578695,-1.0886707215410176,0.37997725645109687,0.0,0.0
0.7776219439578695,-1.0264609660243877,0.3771196303722349,0.0,0.0
0.7776219439578695,-0.9642512105077583,0.3744277270368528,0.0,0.0
0.7776219439578695,-0.9020414549911289,0.3719028972818859,0.0,0.0
0.7776219439578695,-0.8398316994744994,0.36954610004761435,0.0,0.0
0.7776219439578695,-0.7776219439578695,0.3673579707862553,0.0,0.0
0.7776219439578695,-0.7154121884412401,0.3653388824937395,0.0,0.0
0.7776219439578695,-0.6532024329246107,0.36348899985386623,0.0,0.0
0.7776219439578695,-0.5909926774079808,0.3618083269966301,0.0,0.0
0.7776219439578695,-0.5287829218913513,0.3602967493667474,0.0,0.0
0.7776219439578695,-0.4665731663747219,0.35895407017898706,0.0,0.0
0.7776219439578695,-0.40436341085809246,0.3577800419076251,0.0,0.0
0.7776219439578695,-0.3421536553414626,0.3567743932211086,0.0,0.0
0.7776219439578695,-0.27994389982483314,0.3559368517321295,0.0,0.0
0.7776219439578695,-0.2177341443082037,0.355267162889431,0.0,0.0
0.7776219439578695,-0.15552438879157382,0.35476510529203414,0.0,0.0
0.7776219439578695,-0.09331463327494438,0.35443050266001985,0.0,0.0
0.7776219439578695,-0.03110487775831494,0.35426323264907944,0.0,0.0
0.7776219439578695,0.031104877758314498,0.35426323264907944,0.0,0.0
0.7776219439578695,0.09331463327494438,0.35443050266001985,0.0,0.0
0.7776219439578695,0.15552438879157382,0.35476510529203414,0.0,0.0
0.7776219439578695,0.21773414430820326,0.355267162889431,0.0,0.0
0.7776219439578695,0.2799438998248327,0.3559368517321295,0.0,0.0
0.7776219439578695,0.3421536553414626,0.3567743932211086,0.0,0.0
0.7776219439578695,0.404363410858092,0.3577800419076251,0.0,0.0
0.7776219439578695,0.46657316637472146,0.35895407017898706,0.0,0.0
0.7776219439578695,0.5287829218913513,0.3602967493667474,0.0,0.0
0.7776219439578695,0.5909926774079808,0.3618083269966301,0.0,0.0
0.7776219439578695,0.6532024329246102,0.3634889998538662,0.0,0.0
0.7776219439578695,0.7154121884412397,0.36533888249373947,0.0,0.0
0.7776219439578695,0.7776219439578695,0.3673579707862553,0.0,0.0
0.7776219439578695,0.839831699474499,0.3695461000476143,0.0,0.0
0.7776219439578695,0.9020414549911289,0.3719028972818859,0.0,0.0
0.7776219439578695,0.9642512105077579,0.37442772703685273,0.0,0.0
0.7776219439578695,1.0264609660243877,0.3771196303722349,0.0,0.0
0.7776219439578695,1.0886707215410176,0.37997725645109687,0.0,0.0
0.7776219439578695,1.1508804770576466,0.38299878630200956,0.0,0.0
0.7776219439578695,1.2130902325742765,0.3861818483674624,0.0,0.0
0.7776219439578695,1.2752999880909055,0.38952342556134034,0.0,0.0
0.7776219439578695,1.3375097436075354,0.39301975371451586,0.0,0.0
0.7776219439578695,1.3997194991241653,0.3966662115033804,0.0,0.0
0.7776219439578695,1.4619292546407943,0.40045720224299786,0.0,0.0
0.7776219439578695,1.5241390101574241,0.40438602829636516,0.0,0.0
0.7776219439578695,1.586348765674054,0.4084447593154731,0.0,0.0
0.7776219439578695,1.648558521190683,0.41262409609827877,0.0,0.0
0.7776219439578695,1.710768276707313,0.4169132325248374,0.0,0.0
0.7776219439578695,1.7729780322239428,0.4212997188267236,0.0,0.0
0.7776219439578695,1.8351877877405718,0.4257693303392803,0.0,0.0
0.7776219439578695,1.8973975432572017,0.4303059468674432,0.0,0.0
0.7776219439578695,1.9596072987738316,0.4348914488290785,0.0,0.0
0.7776219439578695,2.0218170542904605,0.43950563737240067,0.0,0.0
0.7776219439578695,2.0840268098070904,0.444126186621687,0.0,0.0
0.7776219439578695,2.1462365653237194,0.4487286369900969,0.0,0.0
0.7776219439578695,2.2084463208403493,0.4532864389885585,0.0,0.0
0.7776219439578695,2.270656076356979,0.4577710570146264,0.0,0.0
0.7776219439578695,2.332865831873608,0.46215214207327654,0.0,0.0
0.7776219439578695,2.395075587390238,0.4663977811143,0.0,0.0
0.7776219439578695,2.457285342906868,0.4704748285430181,0.0,0.0
0.7776219439578695,2.519495098423497,0.47434932239565475,0.0,0.0
0.7776219439578695,2.581704853940127,0.47798698366775705,0.0,0.0
0.7776219439578695,2.6439146094567567,0.48135379244750987,0.0,0.0
0.7776219439578695,2.7061243649733857,0.4844166290644945,0.0,0.0
0.7776219439578695,2.7683341204900156,0.48714396277977373,0.0,0.0
0.7776219439578695,2.8305438760066455,0.48950656509713336,0.0,0.0
0.7776219439578695,2.8927536315232745,0.49147822013444303,0.0,0.0
0.7776219439578695,2.9549633870399044,0.4930364012490021,0.0,0.0
0.7776219439578695,3.0171731425565333,0.4941628817960983,0.0,0.0
0.7776219439578695,3.0793828980731632,0.4948442489063274,0.0,0.0
0.839831699474499,-3.141592653589793,0.5004673735693294,0.0,0.0
0.839831699474499,-3.0793828980731637,0.5002317964785177,0.0,0.0
0.839831699474499,-3.017173142556534,0.49952796313615005,0.0,0.0
0.839831699474499,-2.9549633870399044,0.4983644793024676,0.0,0.0
0.839831699474499,-2.892753631523275,0.49675539967651783,0.0,0.0
0.839831699474499,-2.8305438760066455,0.49471981323801834,0.0,0.0
0.839831699474499,-2.7683341204900156,0.49228129638162743,0.0,0.0
0.839831699474499,-2.706124364973386,0.4894672637045163,0.0,0.0
0.839831699474499,-2.6439146094567567,0.4863082500055073,0.0,0.0
0.839831699474499,-2.581704853940127,0.4828371580326161,0.0,0.0
0.839831699474499,-2.5194950984234974,0.479088504970585,0.0,0.0
0.839831699474499,-2.457285342906868,0.4750976970320859,0.0,0.0
0.839831699474499,-2.395075587390238,0.47090035640189176,0.0,0.0
0.839831699474499,-2.3328658318736086,0.46653171883477884,0.0,0.0
0.839831699474499,-2.270656076356979,0.4620261140451453,0.0,0.0
0.839831699474499,-2.2084463208403498,0.4574165351708969,0.0,0.0
0.839831699474499,-2.1462365653237203,0.4527342984312391,0.0,0.0
0.839831699474499,-2.0840268098070904,0.4480087898653719,0.0,0.0
0.839831699474499,-2.021817054290461,0.44326729283737576,0.0,0.0
0.839831699474499,-1.9596072987738313,0.4385348878099734,0.0,0.0
0.839831699474499,-1.897397543257202,0.4338344146330789,0.0,0.0
0.839831699474499,-1.8351877877405722,0.4291864871188743,0.0,0.0
0.839831699474499,-1.7729780322239428,0.4246095498180572,0.0,0.0
0.839831699474499,-1.7107682767073131,0.420119967505515,0.0,0.0
0.839831699474499,-1.6485585211906835,0.41573213877568005,0.0,0.0
0.839831699474499,-1.586348765674054,0.41145862620847207,0.0,0.0
0.839831699474499,-1.5241390101574244,0.40731029669256086,0.0,0.0
0.839831699474499,-1.461929254640795,0.40329646660630786,0.0,0.0
0.839831699474499,-1.3997194991241653,0.3994250476045625,0.0,0.0
0.839831699474499,-1.3375097436075358,0.39570268970791683,0.0,0.0
0.839831699474499,-1.2752999880909062,0.3921349192224405,0.0,0.0
0.839831699474499,-1.2130902325742767,0.3887262697266818,0.0,0.0
0.839831699474499,-1.150880477057647,0.38548040495160074,0.0,0.0
0.839831699474499,-1.0886707215410176,0.38240023285635394,0.0,0.0
0.839831699474499,-1.0264609660243877,0.37948801057990617,0.0,0.0
0.839831699474499,-0.9642512105077583,0.37674544023816375,0.0,0.0
0.839831699474499,-0.9020414549911289,0.37417375575179107,0.0,0.0
0.839831699474499,-0.8398316994744994,0.37177380104358015,0.0,0.0
0.839831699474499,-0.7776219439578695,0.3695461000476143,0.0,0.0
0.839831699474499,-0.7154121884412401,0.3674909190355952,0.0,0.0
0.839831699474499,-0.6532024329246107,0.36560832179727054,0.0,0.0
0.839831699474499,-0.5909926774079808,0.36389821821921936,0.0,0.0
0.839831699474499,-0.5287829218913513,0.36236040679532705,0.0,0.0
0.839831699474499,-0.4665731663747219,0.36099461157797996,0.0,0.0
0.839831699474499,-0.40436341085809246,0.35980051404517893,0.0,0.0
0.839831699474499,-0.3421536553414626,0.358777780318393,0.0,0.0
0.839831699474499,-0.27994389982483314,0.35792608412132204,0.0,0.0
0.839831699474499,-0.2177341443082037,0.3572451258224769,0.0,0.0
0.839831699474499,-0.15552438879157382,0.3567346478558116,0.0,0.0
0.839831699474499,-0.09331463327494438,0.3563944467643503,0.0,0.0
0.839831699474499,-0.03110487775831494,0.3562243820623566,0.0,0.0
0.839831699474499,0.031104877758314498,0.3562243820623566,0.0,0.0
0.839831699474499,0.09331463327494438,0.3563944467643503,0.0,0.0
0.839831699474499,0.15552438879157382,0.3567346478558116,0.0,0.0
0.839831699474499,0.21773414430820326,0.3572451258224769,0.0,0.0
0.839831699474499,0.2799438998248327,0.3579260841213221,0.0,0.0
0.839831699474499,0.3421536553414626,0.358777780318393,0.0,0.0
0.839831699474499,0.404363410858092,0.35980051404517893,0.0,0.0
0.839831699474499,0.46657316637472146,0.36099461157797996,0.0,0.0
0.839831699474499,0.5287829218913513,0.36236040679532705,0.0,0.0
0.839831699474499,0.5909926774079808,0.36389821821921936,0.0,0.0
0.839831699474499,0.6532024329246102,0.3656083217972705,0.0,0.0
0.839831699474499,0.7154121884412397,0.36749091903559516,0.0,0.0
0.839831699474499,0.7776219439578695,0.3695461000476143,0.0,0.0
0.839831699474499,0.839831699474499,0.37177380104358015,0.0,0.0
0.839831699474499,0.9020414549911289,0.37417375575179107,0.0,0.0
0.839831699474499,0.9642512105077579,0.37674544023816375,0.0,0.0
0.839831699474499,1.0264609660243877,0.37948801057990617,0.0,0.0
0.839831699474499,1.0886707215410176,0.38240023285635394,0.0,0.0
0.839831699474499,1.1508804770576466,0.38548040495160074,0.0,0.0
0.839831699474499,1.2130902325742765,0.38872626972668173,0.0,0.0
0.839831699474499,1.2752999880909055,0.3921349192224404,0.0,0.0
0.839831699474499,1.3375097436075354,0.39570268970791683,0.0,0.0
0.839831699474499,1.3997194991241653,0.3994250476045625,0.0,0.0
0.839831699474499,1.4619292546407943,0.4032964666063078,0.0,0.0
0.839831699474499,1.5241390101574241,0.40731029669256086,0.0,0.0
0.839831699474499,1.586348765674054,0.41145862620847207,0.0,0.0
0.839831699474499,1.648558521190683,0.41573213877568,0.0,0.0
0.839831699474499,1.710768276707313,0.420119967505515,0.0,0.0
0.839831699474499,1.7729780322239428,0.4246095498180572,0.0,0.0
0.839831699474499,1.8351877877405718,0.42918648711887425,0.0,0.0
0.839831699474499,1.8973975432572017,0.43383441463307887,0.0,0.0
0.839831699474499,1.9596072987738316,0.4385348878099734,0.0,0.0
0.839831699474499,2.0218170542904605,0.44326729283737576,0.0,0.0
0.839831699474499,2.0840268098070904,0.4480087898653719,0.0,0.0
0.839831699474499,2.1462365653237194,0.452734298431239,0.0,0.0
0.839831699474499,2.2084463208403493,0.45741653517089687,0.0,0.0
0.839831699474499,2.270656076356979,0.4620261140451453,0.0,0.0
0.839831699474499,2.332865831873608,0.46653171883477884,0.0,0.0
0.839831699474499,2.395075587390238,0.47090035640189176,0.0,0.0
0.839831699474499,2.457285342906868,0.4750976970320859,0.0,0.0
0.839831699474499,2.519495098423497,0.479088504970585,0.0,0.0
0.839831699474499,2.581704853940127,0.4828371580326161,0.0,0.0
0.839831699474499,2.6439146094567567,0.4863082500055073,0.0,0.0
0.839831699474499,2.7061243649733857,0.4894672637045163,0.0,0.0
0.839831699474499,2.7683341204900156,0.49228129638162743,0.0,0.0
0.839831699474499,2.8305438760066455,0.49471981323801834,0.0,0.0
0.839831699474499,2.8927536315232745,0.49675539967651783,0.0,0.0
0.839831699474499,2.9549633870399044,0.4983644793024676,0.0,0.0
0.839831699474499,3.0171731425565333,0.49952796313615005,0.0,0.0
0.839831699474499,3.0793828980731632,0.5002317964785176,0.0,0.0
0.9020414549911289,-3.141592653589793,0.506368478353371,0.0,0.0
0.9020414549911289,-3.0793828980731637,0.5061244735030654,0.0,0.0
0.9020414549911289,-3.017173142556534,0.5053955092044881,0.0,0.0
0.9020414549911289,-2.9549633870399044,0.5041906418153057,0.0,0.0
0.9020414549911289,-2.892753631523275,0.50252465627828,0.0,0.0
0.9020414549911289,-2.8305438760066455,0.5004176219565103,0.0,0.0
0.9020414549911289,-2.7683341204900156,0.4978943075081645,0.0,0.0
0.9020414549911289,-2.706124364973386,0.4949834872934101,0.0,0.0
0.9020414549911289,-2.6439146094567567,0.4917171757346091,0.0,0.0
0.9020414549911289,-2.581704853940127,0.4881298269849657,0.0,0.0
0.9020414549911289,-2.5194950984234974,0.48425753543199657,0.0,0.0
0.9020414549911289,-2.457285342906868,0.48013726847350663,0.0,0.0
0.9020414549911289,-2.395075587390238,0.47580615732563203,0.0,0.0
0.9020414549911289,-2.3328658318736086,0.47130086508101915,0.0,0.0
0.9020414549911289,-2.270656076356979,0.4666570445132056,0.0,0.0
0.9020414549911289,-2.2084463208403498,0.46190889178825384,0.0,0.0
0.9020414549911289,-2.1462365653237203,0.45708879670860847,0.0,0.0
0.9020414549911289,-2.0840268098070904,0.45222708562366304,0.0,0.0
0.9020414549911289,-2.021817054290461,0.44735184979195375,0.0,0.0
0.9020414549911289,-1.9596072987738313,0.4424888497443586,0.0,0.0
0.9020414549911289,-1.897397543257202,0.4376614849626862,0.0,0.0
0.9020414549911289,-1.8351877877405722,0.4328908177887914,0.0,0.0
0.9020414549911289,-1.7729780322239428,0.42819564073016314,0.0,0.0
0.9020414549911289,-1.7107682767073131,0.4235925770453633,0.0,0.0
0.9020414549911289,-1.6485585211906835,0.4190962055111973,0.0,0.0
0.9020414549911289,-1.586348765674054,0.41471920145397123,0.0,0.0
0.9020414549911289,-1.5241390101574244,0.4104724873602619,0.0,0.0
0.9020414549911289,-1.461929254640795,0.40636538758789353,0.0,0.0
0.9020414549911289,-1.3997194991241653,0.4024057828207246,0.0,0.0
0.9020414549911289,-1.3375097436075358,0.398600260918419,0.0,0.0
0.9020414549911289,-1.2752999880909062,0.3949542616884511,0.0,0.0
0.9020414549911289,-1.2130902325742767,0.3914722138485048,0.0,0.0
0.9020414549911289,-1.150880477057647,0.38815766305805754,0.0,0.0
0.9020414549911289,-1.0886707215410176,0.38501339038862914,0.0,0.0
0.9020414549911289,-1.0264609660243877,0.382041520986228,0.0,0.0
0.9020414549911289,-0.9642512105077583,0.37924362297144737,0.0,0.0
0.9020414549911289,-0.9020414549911289,0.37662079683689553,0.0,0.0
0.9020414549911289,-0.8398316994744994,0.37417375575179107,0.0,0.0
0.9020414549911289,-0.7776219439578695,0.3719028972818859,0.0,0.0
0.9020414549911289,-0.7154121884412401,0.369808367090154,0.0,0.0
0.9020414549911289,-0.6532024329246107,0.3678901152090589,0.0,0.0
0.9020414549911289,-0.5909926774079808,0.36614794547633006,0.0,0.0
0.9020414549911289,-0.5287829218913513,0.3645815587092838,0.0,0.0
0.9020414549911289,-0.4665731663747219,0.363190590162808,0.0,0.0
0.9020414549911289,-0.40436341085809246,0.3619746417771324,0.0,0.0
0.9020414549911289,-0.3421536553414626,0.3609333096764315,0.0,0.0
0.9020414549911289,-0.27994389982483314,0.3600662073304264,0.0,0.0
0.9020414549911289,-0.2177341443082037,0.35937298474011226,0.0,0.0
0.9020414549911289,-0.15552438879157382,0.3588533439566817,0.0,0.0
0.9020414549911289,-0.09331463327494438,0.3585070511904036,0.0,0.0
0.9020414549911289,-0.03110487775831494,0.35833394571409305,0.0,0.0
0.9020414549911289,0.031104877758314498,0.35833394571409305,0.0,0.0
0.9020414549911289,0.09331463327494438,0.3585070511904036,0.0,0.0
0.9020414549911289,0.15552438879157382,0.3588533439566817,0.0,0.0
0.9020414549911289,0.21773414430820326,0.35937298474011226,0.0,0.0
0.9020414549911289,0.2799438998248327,0.3600662073304263,0.0,0.0
0.9020414549911289,0.3421536553414626,0.3609333096764315,0.0,0.0
0.9020414549911289,0.404363410858092,0.3619746417771324,0.0,0.0
0.9020414549911289,0.46657316637472146,0.363190590162808,0.0,0.0
0.9020414549911289,0.5287829218913513,0.3645815587092838,0.0,0.0
0.9020414549911289,0.5909926774079808,0.36614794547633006,0.0,0.0
0.9020414549911289,0.6532024329246102,0.36789011520905884,0.0,0.0
0.9020414549911289,0.7154121884412397,0.369808367090154,0.0,0.0
0.9020414549911289,0.7776219439578695,0.3719028972818859,0.0,0.0
0.9020414549911289,0.839831699474499,0.37417375575179107,0.0,0.0
0.9020414549911289,0.9020414549911289,0.37662079683689553,0.0,0.0
0.9020414549911289,0.9642512105077579,0.3792436229714473,0.0,0.0
0.9020414549911289,1.0264609660243877,0.382041520986228,0.0,0.0
0.9020414549911289,1.0886707215410176,0.38501339038862914,0.0,0.0
0.9020414549911289,1.1508804770576466,0.38815766305805754,0.0,0.0
0.9020414549911289,1.2130902325742765,0.3914722138485048,0.0,0.0
0.9020414549911289,1.2752999880909055,0.39495426168845094,0.0,0.0
0.9020414549911289,1.3375097436075354,0.398600260918419,0.0,0.0
0.9020414549911289,1.3997194991241653,0.4024057828207246,0.0,0.0
0.9020414549911289,1.4619292546407943,0.4063653875878935,0.0,0.0
0.9020414549911289,1.5241390101574241,0.4104724873602619,0.0,0.0
0.9020414549911289,1.586348765674054,0.41471920145397123,0.0,0.0
0.9020414549911289,1.648558521190683,0.41909620551119725,0.0,0.0
0.9020414549911289,1.710768276707313,0.4235925770453633,0.0,0.0
0.9020414549911289,1.7729780322239428,0.42819564073016314,0.0,0.0
0.9020414549911289,1.8351877877405718,0.4328908177887913,0.0,0.0
0.9020414549911289,1.8973975432572017,0.43766148496268614,0.0,0.0
0.9020414549911289,1.9596072987738316,0.4424888497443586,0.0,0.0
0.9020414549911289,2.0218170542904605,0.44735184979195375,0.0,0.0
0.9020414549911289,2.0840268098070904,0.45222708562366304,0.0,0.0
0.9020414549911289,2.1462365653237194,0.4570887967086084,0.0,0.0
0.9020414549911289,2.2084463208403493,0.46190889178825384,0.0,0.0
0.9020414549911289,2.270656076356979,0.4666570445132056,0.0,0.0
0.9020414549911289,2.332865831873608,0.47130086508101904,0.0,0.0
0.9020414549911289,2.395075587390238,0.47580615732563203,0.0,0.0
0.9020414549911289,2.457285342906868,0.48013726847350663,0.0,0.0
0.9020414549911289,2.519495098423497,0.4842575354319965,0.0,0.0
0.9020414549911289,2.581704853940127,0.4881298269849657,0.0,0.0
0.9020414549911289,2.6439146094567567,0.4917171757346091,0.0,0.0
0.9020414549911289,2.7061243649733857,0.4949834872934101,0.0,0.0
0.9020414549911289,2.7683341204900156,0.4978943075081645,0.0,0.0
0.9020414549911289,2.8305438760066455,0.5004176219565103,0.0,0.0
0.9020414549911289,2.8927536315232745,0.50252465627828,0.0,0.0
0.9020414549911289,2.9549633870399044,0.5041906418153057,0.0,0.0
0.9020414549911289,3.0171731425565333,0.5053955092044881,0.0,0.0
0.9020414549911289,3.0793828980731632,0.5061244735030654,0.0,0.0
0.9642512105077579,-3.141592653589793,0.5127975536191854,0.0,0.0
0.9642512105077579,-3.0793828980731637,0.512544140972737,0.0,0.0
0.9642512105077579,-3.017173142556534,0.5117871266008639,0.0,0.0
0.9642512105077579,-2.9549633870399044,0.5105360794157683,0.0,0.0
0.9642512105077579,-2.892753631523275,0.5088066145485576,0.0,0.0
0.9642512105077579,-2.8305438760066455,0.5066199149973706,0.0,0.0
0.9642512105077579,-2.7683341204900156,0.5040021022410826,0.0,0.0
0.9642512105077579,-2.706124364973386,0.5009834914095489,0.0,0.0
0.9642512105077579,-2.6439146094567567,0.49759777079000544,0.0,0.0
0.9642512105077579,-2.581704853940127,0.49388114631574087,0.0,0.0
0.9642512105077579,-2.5194950984234974,0.4898714895044386,0.0,0.0
0.9642512105077579,-2.457285342906868,0.48560752266864826,0.0,0.0
0.9642512105077579,-2.395075587390238,0.48112806887008147,0.0,0.0
0.9642512105077579,-2.3328658318736086,0.476471386847196,0.0,0.0
0.9642512105077579,-2.270656076356979,0.4716746037690511,0.0,0.0
0.9642512105077579,-2.2084463208403498,0.4667732517783595,0.0,0.0
0.9642512105077579,-2.1462365653237203,0.46180090832482956,0.0,0.0
0.9642512105077579,-2.0840268098070904,0.45678893551144806,0.0,0.0
0.9642512105077579,-2.021817054290461,0.45176631016839713,0.0,0.0
0.9642512105077579,-1.9596072987738313,0.4467595340856289,0.0,0.0
0.9642512105077579,-1.897397543257202,0.4417926126373873,0.0,0.0
0.9642512105077579,-1.8351877877405722,0.43688708972942353,0.0,0.0
0.9642512105077579,-1.7729780322239428,0.43206212738280386,0.0,0.0
0.9642512105077579,-1.7107682767073131,0.4273346191338134,0.0,0.0
0.9642512105077579,-1.6485585211906835,0.42271932759685427,0.0,0.0
0.9642512105077579,-1.586348765674054,0.4182290378569092,0.0,0.0
0.9642512105077579,-1.5241390101574244,0.41387471971437884,0.0,0.0
0.9642512105077579,-1.461929254640795,0.4096656931144264,0.0,0.0
0.9642512105077579,-1.3997194991241653,0.40560979230022154,0.0,0.0
0.9642512105077579,-1.3375097436075358,0.40171352530264026,0.0,0.0
0.9642512105077579,-1.2752999880909062,0.39798222630391533,0.0,0.0
0.9642512105077579,-1.2130902325742767,0.39442019918817606,0.0,0.0
0.9642512105077579,-1.150880477057647,0.3910308512252618,0.0,0.0
0.9642512105077579,-1.0886707215410176,0.38781681633839715,0.0,0.0
0.9642512105077579,-1.0264609660243877,0.3847800677967878,0.0,0.0
0.9642512105077579,-0.9642512105077583,0.38192202046733637,0.0,0.0
0.9642512105077579,-0.9020414549911289,0.3792436229714473,0.0,0.0
0.9642512105077579,-0.8398316994744994,0.37674544023816375,0.0,0.0
0.9642512105077579,-0.7776219439578695,0.37442772703685273,0.0,0.0
0.9642512105077579,-0.7154121884412401,0.3722904931228169,0.0,0.0
0.9642512105077579,-0.6532024329246107,0.37033356064722134,0.0,0.0
0.9642512105077579,-0.5909926774079808,0.36855661447659477,0.0,0.0
0.9642512105077579,-0.5287829218913513,0.36695924604335833,0.0,0.0
0.9642512105077579,-0.4665731663747219,0.36554099131250106,0.0,0.0
0.9642512105077579,-0.40436341085809246,0.36430136340465014,0.0,0.0
0.9642512105077579,-0.3421536553414626,0.3632398803654197,0.0,0.0
0.9642512105077579,-0.27994389982483314,0.3623560885173088,0.0,0.0
0.9642512105077579,-0.2177341443082037,0.36164958177516865,0.0,0.0
0.9642512105077579,-0.15552438879157382,0.3611200172504714,0.0,0.0
0.9642512105077579,-0.09331463327494438,0.3607671274139732,0.0,0.0
0.9642512105077579,-0.03110487775831494,0.36059072903126294,0.0,0.0
0.9642512105077579,0.031104877758314498,0.36059072903126294,0.0,0.0
0.9642512105077579,0.09331463327494438,0.3607671274139732,0.0,0.0
0.9642512105077579,0.15552438879157382,0.3611200172504714,0.0,0.0
0.9642512105077579,0.21773414430820326,0.3616495817751687,0.0,0.0
0.9642512105077579,0.2799438998248327,0.3623560885173088,0.0,0.0
0.9642512105077579,0.3421536553414626,0.3632398803654197,0.0,0.0
0.9642512105077579,0.404363410858092,0.3643013634046501,0.0,0.0
0.9642512105077579,0.46657316637472146,0.36554099131250106,0.0,0.0
0.9642512105077579,0.5287829218913513,0.36695924604335833,0.0,0.0
0.9642512105077579,0.5909926774079808,0.36855661447659477,0.0,0.0
0.9642512105077579,0.6532024329246102,0.37033356064722134,0.0,0.0
0.9642512105077579,0.7154121884412397,0.3722904931228169,0.0,0.0
0.9642512105077579,0.7776219439578695,0.37442772703685273,0.0,0.0
0.9642512105077579,0.839831699474499,0.37674544023816375,0.0,0.0
0.9642512105077579,0.9020414549911289,0.3792436229714473,0.0,0.0
0.9642512105077579,0.9642512105077579,0.3819220204673363,0.0,0.0
0.9642512105077579,1.0264609660243877,0.3847800677967878,0.0,0.0
0.9642512105077579,1.0886707215410176,0.38781681633839715,0.0,0.0
0.9642512105077579,1.1508804770576466,0.3910308512252618,0.0,0.0
0.9642512105077579,1.2130902325742765,0.394420199188176,0.0,0.0
0.9642512105077579,1.2752999880909055,0.39798222630391533,0.0,0.0
0.9642512105077579,1.3375097436075354,0.40171352530264026,0.0,0.0
0.9642512105077579,1.3997194991241653,0.40560979230022154,0.0,0.0
0.9642512105077579,1.4619292546407943,0.4096656931144264,0.0,0.0
0.9642512105077579,1.5241390101574241,0.4138747197143788,0.0,0.0
0.9642512105077579,1.586348765674054,0.4182290378569092,0.0,0.0
0.9642512105077579,1.648558521190683,0.42271932759685416,0.0,0.0
0.9642512105077579,1.710768276707313,0.4273346191338134,0.0,0.0
0.9642512105077579,1.7729780322239428,0.43206212738280386,0.0,0.0
0.9642512105077579,1.8351877877405718,0.43688708972942353,0.0,0.0
0.9642512105077579,1.8973975432572017,0.4417926126373873,0.0,0.0
0.9642512105077579,1.9596072987738316,0.4467595340856289,0.0,0.0
0.9642512105077579,2.0218170542904605,0.45176631016839713,0.0,0.0
0.9642512105077579,2.0840268098070904,0.45678893551144806,0.0,0.0
0.9642512105077579,2.1462365653237194,0.4618009083248295,0.0,0.0
0.9642512105077579,2.2084463208403493,0.4667732517783595,0.0,0.0
0.9642512105077579,2.270656076356979,0.4716746037690511,0.0,0.0
0.9642512105077579,2.332865831873608,0.476471386847196,0.0,0.0
0.9642512105077579,2.395075587390238,0.48112806887008147,0.0,0.0
0.9642512105077579,2.457285342906868,0.48560752266864826,0.0,0.0
0.9642512105077579,2.519495098423497,0.4898714895044386,0.0,0.0
0.9642512105077579,2.581704853940127,0.49388114631574087,0.0,0.0
0.9642512105077579,2.6439146094567567,0.49759777079000544,0.0,0.0
0.9642512105077579,2.7061243649733857,0.5009834914095489,0.0,0.0
0.9642512105077579,2.7683341204900156,0.5040021022410826,0.0,0.0
0.9642512105077579,2.8305438760066455,0.5066199149973706,0.0,0.0
0.9642512105077579,2.8927536315232745,0.5088066145485576,0.0,0.0
0.9642512105077579,2.9549633870399044,0.5105360794157683,0.0,0.0
0.9642512105077579,3.0171731425565333,0.5117871266008639,0.0,0.0
0.9642512105077579,3.0793828980731632,0.5125441409727369,0.0,0.0
1.0264609660243877,-3.141592653589793,0.5197787245962687,0.0,0.0
1.0264609660243877,-3.0793828980731637,0.519514825973116,0.0,0.0
1.0264609660243877,-3.017173142556534,0.5187265508746125,0.0,0.0
1.0264609660243877,-2.9549633870399044,0.5174240512341228,0.0,0.0
1.0264609660243877,-2.892753631523275,0.515623885926504,0.0,0.0
1.0264609660243877,-2.8305438760066455,0.513348502751501,0.0,0.0
1.0264609660243877,-2.7683341204900156,0.510625557780665,0.0,0.0
1.0264609660243877,-2.706124364973386,0.5074871113153947,0.0,0.0
1.0264609660243877,-2.6439146094567567,0.5039687441844654,0.0,0.0
1.0264609660243877,-2.581704853940127,0.5001086388764088,0.0,0.0
1.0264609660243877,-2.5194950984234974,0.4959466673898981,0.0,0.0
1.0264609660243877,-2.457285342906868,0.49152352236645686,0.0,0.0
1.0264609660243877,-2.395075587390238,0.486879920914205,0.0,0.0
1.0264609660243877,-2.3328658318736086,0.48205590245933005,0.0,0.0
1.0264609660243877,-2.270656076356979,0.4770902338187184,0.0,0.0
1.0264609660243877,-2.2084463208403498,0.4720199271548493,0.0,0.0
1.0264609660243877,-2.1462365653237203,0.46687987002747255,0.0,0.0
1.0264609660243877,-2.0840268098070904,0.461702561658331,0.0,0.0
1.0264609660243877,-2.021817054290461,0.45651794585016053,0.0,0.0
1.0264609660243877,-1.9596072987738313,0.45135332867844113,0.0,0.0
1.0264609660243877,-1.897397543257202,0.4462333679348543,0.0,0.0
1.0264609660243877,-1.8351877877405722,0.4411801211231784,0.0,0.0
1.0264609660243877,-1.7729780322239428,0.43621313935379935,0.0,0.0
1.0264609660243877,-1.7107682767073131,0.4313495955259272,0.0,0.0
1.0264609660243877,-1.6485585211906835,0.42660443652918445,0.0,0.0
1.0264609660243877,-1.586348765674054,0.42199055067743213,0.0,0.0
1.0264609660243877,-1.5241390101574244,0.41751894308509047,0.0,0.0
1.0264609660243877,-1.461929254640795,0.41319891312337736,0.0,0.0
1.0264609660243877,-1.3997194991241653,0.40903822939546736,0.0,0.0
1.0264609660243877,-1.3375097436075358,0.40504329881511786,0.0,0.0
1.0264609660243877,-1.2752999880909062,0.40121932735126803,0.0,0.0
1.0264609660243877,-1.2130902325742767,0.3975704708132961,0.0,0.0
1.0264609660243877,-1.150880477057647,0.3940999747085772,0.0,0.0
1.0264609660243877,-1.0886707215410176,0.3908103027213905,0.0,0.0
1.0264609660243877,-1.0264609660243877,0.38770325375813686,0.0,0.0
1.0264609660243877,-0.9642512105077583,0.3847800677967878,0.0,0.0
1.0264609660243877,-0.9020414549911289,0.382041520986228,0.0,0.0
1.0264609660243877,-0.8398316994744994,0.3794880105799062,0.0,0.0
1.0264609660243877,-0.7776219439578695,0.3771196303722349,0.0,0.0
1.0264609660243877,-0.7154121884412401,0.3749362373477308,0.0,0.0
1.0264609660243877,-0.6532024329246107,0.3729375102621772,0.0,0.0
1.0264609660243877,-0.5909926774079808,0.37112300086050365,0.0,0.0
1.0264609660243877,-0.5287829218913513,0.3694921784043074,0.0,0.0
1.0264609660243877,-0.4665731663747219,0.368044468138276,0.0,0.0
1.0264609660243877,-0.40436341085809246,0.36677928427325845,0.0,0.0
1.0264609660243877,-0.3421536553414626,0.36569605800741967,0.0,0.0
1.0264609660243877,-0.27994389982483314,0.3647942610480247,0.0,0.0
1.0264609660243877,-0.2177341443082037,0.36407342503648416,0.0,0.0
1.0264609660243877,-0.15552438879157382,0.3635331572193932,0.0,0.0
1.0264609660243877,-0.09331463327494438,0.36317315264901534,0.0,0.0
1.0264609660243877,-0.03110487775831494,0.3629932031383184,0.0,0.0
1.0264609660243877,0.031104877758314498,0.3629932031383184,0.0,0.0
1.0264609660243877,0.09331463327494438,0.36317315264901534,0.0,0.0
1.0264609660243877,0.15552438879157382,0.3635331572193932,0.0,0.0
1.0264609660243877,0.21773414430820326,0.36407342503648416,0.0,0.0
1.0264609660243877,0.2799438998248327,0.3647942610480247,0.0,0.0
1.0264609660243877,0.3421536553414626,0.36569605800741967,0.0,0.0
1.0264609660243877,0.404363410858092,0.36677928427325845,0.0,0.0
1.0264609660243877,0.46657316637472146,0.368044468138276,0.0,0.0
1.0264609660243877,0.5287829218913513,0.3694921784043074,0.0,0.0
1.0264609660243877,0.5909926774079808,0.37112300086050365,0.0,0.0
1.0264609660243877,0.6532024329246102,0.37293751026217714,0.0,0.0
1.0264609660243877,0.7154121884412397,0.3749362373477308,0.0,0.0
1.0264609660243877,0.7776219439578695,0.3771196303722349,0.0,0.0
1.0264609660243877,0.839831699474499,0.37948801057990617,0.0,0.0
1.0264609660243877,0.9020414549911289,0.382041520986228,0.0,0.0
1.0264609660243877,0.9642512105077579,0.3847800677967878,0.0,0.0
1.0264609660243877,1.0264609660243877,0.38770325375813686,0.0,0.0
1.0264609660243877,1.0886707215410176,0.3908103027213905,0.0,0.0
1.0264609660243877,1.1508804770576466,0.3940999747085772,0.0,0.0
1.0264609660243877,1.2130902325742765,0.3975704708132961,0.0,0.0
1.0264609660243877,1.2752999880909055,0.4012193273512679,0.0,0.0
1.0264609660243877,1.3375097436075354,0.40504329881511786,0.0,0.0
1.0264609660243877,1.3997194991241653,0.40903822939546736,0.0,0.0
1.0264609660243877,1.4619292546407943,0.4131989131233773,0.0,0.0
1.0264609660243877,1.5241390101574241,0.41751894308509047,0.0,0.0
1.0264609660243877,1.586348765674054,0.42199055067743213,0.0,0.0
1.0264609660243877,1.648558521190683,0.4266044365291844,0.0,0.0
1.0264609660243877,1.710768276707313,0.4313495955259272,0.0,0.0
1.0264609660243877,1.7729780322239428,0.43621313935379935,0.0,0.0
1.0264609660243877,1.8351877877405718,0.4411801211231784,0.0,0.0
1.0264609660243877,1.8973975432572017,0.4462333679348542,0.0,0.0
1.0264609660243877,1.9596072987738316,0.45135332867844113,0.0,0.0
1.0264609660243877,2.0218170542904605,0.45651794585016053,0.0,0.0
1.0264609660243877,2.0840268098070904,0.461702561658331,0.0,0.0
1.0264609660243877,2.1462365653237194,0.46687987002747244,0.0,0.0
1.0264609660243877,2.2084463208403493,0.47201992715484925,0.0,0.0
1.0264609660243877,2.270656076356979,0.4770902338187184,0.0,0.0
1.0264609660243877,2.332865831873608,0.48205590245933005,0.0,0.0
1.0264609660243877,2.395075587390238,0.486879920914205,0.0,0.0
1.0264609660243877,2.457285342906868,0.49152352236645686,0.0,0.0
1.0264609660243877,2.519495098423497,0.4959466673898981,0.0,0.0
1.0264609660243877,2.581704853940127,0.5001086388764088,0.0,0.0
1.0264609660243877,2.6439146094567567,0.5039687441844654,0.0,0.0
1.0264609660243877,2.7061243649733857,0.5074871113153946,0.0,0.0
1.0264609660243877,2.7683341204900156,0.510625557780665,0.0,0.0
1.0264609660243877,2.8305438760066455,0.513348502751501,0.0,0.0
1.0264609660243877,2.8927536315232745,0.515623885926504,0.0,0.0
1.0264609660243877,2.9549633870399044,0.5174240512341228,0.0,0.0
1.0264609660243877,3.0171731425565333,0.5187265508746125,0.0,0.0
1.0264609660243877,3.0793828980731632,0.5195148259731159,0.0,0.0
1.0886707215410176,-3.141592653589793,0.5273384134986863,0.0,0.0
1.0886707215410176,-3.0793828980731637,0.5270628382786581,0.0,0.0
1.0886707215410176,-3.017173142556534,0.526239757909936,0.0,0.0
1.0886707215410176,-2.9549633870399044,0.5248799878835296,0.0,0.0
1.0886707215410176,-2.892753631523275,0.52300116045963,0.0,0.0
1.0886707215410176,-2.8305438760066455,0.5206271605391009,0.0,0.0
1.0886707215410176,-2.7683341204900156,0.517787385520127,0.0,0.0
1.0886707215410176,-2.706124364973386,0.5145158727169338,0.0,0.0
1.0886707215410176,-2.6439146094567567,0.5108503427245152,0.0,0.0
1.0886707215410176,-2.581704853940127,0.5068312077371278,0.0,0.0
1.0886707215410176,-2.5194950984234974,0.5025005906766408,0.0,0.0
1.0886707215410176,-2.457285342906868,0.4979013948483123,0.0,0.0
1.0886707215410176,-2.395075587390238,0.4930764557197184,0.0,0.0
1.0886707215410176,-2.3328658318736086,0.48806779736152994,0.0,0.0
1.0886707215410176,-2.270656076356979,0.48291600704594634,0.0,0.0
1.0886707215410176,-2.2084463208403498,0.47765973322303534,0.0,0.0
1.0886707215410176,-2.1462365653237203,0.47233530509788035,0.0,0.0
1.0886707215410176,-2.0840268098070904,0.4669764665802622,0.0,0.0
1.0886707215410176,-2.021817054290461,0.4616142135308605,0.0,0.0
1.0886707215410176,-1.9596072987738313,0.45627672088093213,0.0,0.0
1.0886707215410176,-1.897397543257202,0.45098934514918854,0.0,0.0
1.0886707215410176,-1.8351877877405722,0.4457746878606098,0.0,0.0
1.0886707215410176,-1.7729780322239428,0.4406527061163853,0.0,0.0
1.0886707215410176,-1.7107682767073131,0.43564085781927825,0.0,0.0
1.0886707215410176,-1.6485585211906835,0.4307542706073217,0.0,0.0
1.0886707215410176,-1.586348765674054,0.4260059252171813,0.0,0.0
1.0886707215410176,-1.5241390101574244,0.42140684565736375,0.0,0.0
1.0886707215410176,-1.461929254640795,0.4169662901316576,0.0,0.0
1.0886707215410176,-1.3997194991241653,0.41269193805978927,0.0,0.0
1.0886707215410176,-1.3375097436075358,0.4085900697671893,0.0,0.0
1.0886707215410176,-1.2752999880909062,0.40466573645078807,0.0,0.0
1.0886707215410176,-1.2130902325742767,0.400922918878494,0.0,0.0
1.0886707215410176,-1.150880477057647,0.39736467396072095,0.0,0.0
1.0886707215410176,-1.0886707215410176,0.39399326886210423,0.0,0.0
1.0886707215410176,-1.0264609660243877,0.3908103027213905,0.0,0.0
1.0886707215410176,-0.9642512105077583,0.38781681633839715,0.0,0.0
1.0886707215410176,-0.9020414549911289,0.38501339038862914,0.0,0.0
1.0886707215410176,-0.8398316994744994,0.382400232856354,0.0,0.0
1.0886707215410176,-0.7776219439578695,0.37997725645109687,0.0,0.0
1.0886707215410176,-0.7154121884412401,0.3777441468036956,0.0,0.0
1.0886707215410176,-0.6532024329246107,0.37570042223705125,0.0,0.0
1.0886707215410176,-0.5909926774079808,0.3738454858822784,0.0,0.0
1.0886707215410176,-0.5287829218913513,0.37217867087003975,0.0,0.0
1.0886707215410176,-0.4665731663747219,0.37069927927483437,0.0,0.0
1.0886707215410176,-0.40436341085809246,0.3694066154310044,0.0,0.0
1.0886707215410176,-0.3421536553414626,0.3683000141762539,0.0,0.0
1.0886707215410176,-0.27994389982483314,0.36737886451372137,0.0,0.0
1.0886707215410176,-0.2177341443082037,0.36664262911858686,0.0,0.0
1.0886707215410176,-0.15552438879157382,0.36609086005078556,0.0,0.0
1.0886707215410176,-0.09331463327494438,0.36572321097215615,0.0,0.0
1.0886707215410176,-0.03110487775831494,0.36553944610449685,0.0,0.0
1.0886707215410176,0.031104877758314498,0.36553944610449685,0.0,0.0
1.0886707215410176,0.09331463327494438,0.36572321097215615,0.0,0.0
1.0886707215410176,0.15552438879157382,0.36609086005078556,0.0,0.0
1.0886707215410176,0.21773414430820326,0.36664262911858686,0.0,0.0
1.0886707215410176,0.2799438998248327,0.36737886451372137,0.0,0.0
1.0886707215410176,0.3421536553414626,0.3683000141762539,0.0,0.0
1.0886707215410176,0.404363410858092,0.3694066154310044,0.0,0.0
1.0886707215410176,0.46657316637472146,0.37069927927483437,0.0,0.0
1.0886707215410176,0.5287829218913513,0.37217867087003975,0.0,0.0
1.0886707215410176,0.5909926774079808,0.3738454858822784,0.0,0.0
1.0886707215410176,0.6532024329246102,0.3757004222370512,0.0,0.0
1.0886707215410176,0.7154121884412397,0.37774414680369556,0.0,0.0
1.0886707215410176,0.7776219439578695,0.37997725645109687,0.0,0.0
1.0886707215410176,0.839831699474499,0.38240023285635394,0.0,0.0
1.0886707215410176,0.9020414549911289,0.38501339038862914,0.0,0.0
1.0886707215410176,0.9642512105077579,0.38781681633839715,0.0,0.0
1.0886707215410176,1.0264609660243877,0.3908103027213905,0.0,0.0
1.0886707215410176,1.0886707215410176,0.39399326886210423,0.0,0.0
1.0886707215410176,1.1508804770576466,0.397364673960721,0.0,0.0
1.0886707215410176,1.2130902325742765,0.400922918878494,0.0,0.0
1.0886707215410176,1.2752999880909055,0.40466573645078807,0.0,0.0
1.0886707215410176,1.3375097436075354,0.40859006976718926,0.0,0.0
1.0886707215410176,1.3997194991241653,0.41269193805978927,0.0,0.0
1.0886707215410176,1.4619292546407943,0.4169662901316576,0.0,0.0
1.0886707215410176,1.5241390101574241,0.42140684565736375,0.0,0.0
1.0886707215410176,1.586348765674054,0.4260059252171813,0.0,0.0
1.0886707215410176,1.648558521190683,0.4307542706073217,0.0,0.0
1.0886707215410176,1.710768276707313,0.43564085781927825,0.0,0.0
1.0886707215410176,1.7729780322239428,0.4406527061163853,0.0,0.0
1.0886707215410176,1.8351877877405718,0.4457746878606098,0.0,0.0
1.0886707215410176,1.8973975432572017,0.4509893451491884,0.0,0.0
1.0886707215410176,1.9596072987738316,0.45627672088093213,0.0,0.0
1.0886707215410176,2.0218170542904605,0.46161421353086046,0.0,0.0
1.0886707215410176,2.0840268098070904,0.4669764665802622,0.0,0.0
1.0886707215410176,2.1462365653237194,0.47233530509788024,0.0,0.0
1.0886707215410176,2.2084463208403493,0.47765973322303523,0.0,0.0
1.0886707215410176,2.270656076356979,0.48291600704594634,0.0,0.0
1.0886707215410176,2.332865831873608,0.48806779736152994,0.0,0.0
1.0886707215410176,2.395075587390238,0.4930764557197184,0.0,0.0
1.0886707215410176,2.457285342906868,0.4979013948483123,0.0,0.0
1.0886707215410176,2.519495098423497,0.5025005906766407,0.0,0.0
1.0886707215410176,2.581704853940127,0.5068312077371278,0.0,0.0
1.0886707215410176,2.6439146094567567,0.5108503427245152,0.0,0.0
1.0886707215410176,2.7061243649733857,0.5145158727169337,0.0,0.0
1.0886707215410176,2.7683341204900156,0.517787385520127,0.0,0.0
1.0886707215410176,2.8305438760066455,0.5206271605391009,0.0,0.0
1.0886707215410176,2.8927536315232745,0.5230011604596301,0.0,0.0
1.0886707215410176,2.9549633870399044,0.5248799878835296,0.0,0.0
1.0886707215410176,3.0171731425565333,0.526239757909936,0.0,0.0
1.0886707215410176,3.0793828980731632,0.5270628382786581,0.0,0.0
1.1508804770576466,-3.141592653589793,0.535505458286866,0.0,0.0
1.1508804770576466,-3.0793828980731637,0.5352168870643754,0.0,0.0
1.1508804770576466,-3.017173142556534,0.5343550745925986,0.0,0.0
1.1508804770576466,-2.9549633870399044,0.5329315923933932,0.0,0.0
1.1508804770576466,-2.892753631523275,0.53096529479607,0.0,0.0
1.1508804770576466,-2.8305438760066455,0.5284817010667584,0.0,0.0
1.1508804770576466,-2.7683341204900156,0.5255121860704387,0.0,0.0
1.1508804770576466,-2.706124364973386,0.5220930281872296,0.0,0.0
1.1508804770576466,-2.6439146094567567,0.5182643683737774,0.0,0.0
1.1508804770576466,-2.581704853940127,0.5140691346815226,0.0,0.0
1.1508804770576466,-2.5194950984234974,0.5095519827174378,0.0,0.0
1.1508804770576466,-2.457285342906868,0.5047582953928734,0.0,0.0
1.1508804770576466,-2.395075587390238,0.49973327602007905,0.0,0.0
1.1508804770576466,-2.3328658318736086,0.49452115858641554,0.0,0.0
1.1508804770576466,-2.270656076356979,0.4891645489361638,0.0,0.0
1.1508804770576466,-2.2084463208403498,0.4837039014541426,0.0,0.0
1.1508804770576466,-2.1462365653237203,0.47817712822379566,0.0,0.0
1.1508804770576466,-2.0840268098070904,0.4726193317948148,0.0,0.0
1.1508804770576466,-2.021817054290461,0.46706264867404923,0.0,0.0
1.1508804770576466,-1.9596072987738313,0.46153618830478976,0.0,0.0
1.1508804770576466,-1.897397543257202,0.456066051369834,0.0,0.0
1.1508804770576466,-1.8351877877405722,0.4506754114380758,0.0,0.0
1.1508804770576466,-1.7729780322239428,0.44538464496279434,0.0,0.0
1.1508804770576466,-1.7107682767073131,0.4402114961488928,0.0,0.0
1.1508804770576466,-1.6485585211906835,0.4351712649971419,0.0,0.0
1.1508804770576466,-1.586348765674054,0.4302770087186794,0.0,0.0
1.1508804770576466,-1.5241390101574244,0.42553974855612686,0.0,0.0
1.1508804770576466,-1.461929254640795,0.42096867575757513,0.0,0.0
1.1508804770576466,-1.3997194991241653,0.4165713519726684,0.0,0.0
1.1508804770576466,-1.3375097436075358,0.4123539006513336,0.0,0.0
1.1508804770576466,-1.2752999880909062,0.40832118712153453,0.0,0.0
1.1508804770576466,-1.2130902325742767,0.4044769859130094,0.0,0.0
1.1508804770576466,-1.150880477057647,0.4008241345980129,0.0,0.0
1.1508804770576466,-1.0886707215410176,0.397364673960721,0.0,0.0
1.1508804770576466,-1.0264609660243877,0.3940999747085772,0.0,0.0
1.1508804770576466,-0.9642512105077583,0.3910308512252619,0.0,0.0
1.1508804770576466,-0.9020414549911289,0.38815766305805754,0.0,0.0
1.1508804770576466,-0.8398316994744994,0.38548040495160074,0.0,0.0
1.1508804770576466,-0.7776219439578695,0.38299878630200956,0.0,0.0
1.1508804770576466,-0.7154121884412401,0.3807123009241163,0.0,0.0
1.1508804770576466,-0.6532024329246107,0.37862028801141495,0.0,0.0
1.1508804770576466,-0.5909926774079808,0.3767219851324847,0.0,0.0
1.1508804770576466,-0.5287829218913513,0.37501657405623895,0.0,0.0
1.1508804770576466,-0.4665731663747219,0.3735032201368568,0.0,0.0
1.1508804770576466,-0.40436341085809246,0.3721811059218252,0.0,0.0
1.1508804770576466,-0.3421536553414626,0.3710494595761155,0.0,0.0
1.1508804770576466,-0.27994389982483314,0.3701075786442745,0.0,0.0
1.1508804770576466,-0.2177341443082037,0.3693548496014962,0.0,0.0
1.1508804770576466,-0.15552438879157382,0.3687907635754072,0.0,0.0
1.1508804770576466,-0.09331463327494438,0.36841492855276187,0.0,0.0
1.1508804770576466,-0.03110487775831494,0.3682270783196089,0.0,0.0
1.1508804770576466,0.031104877758314498,0.3682270783196089,0.0,0.0
1.1508804770576466,0.09331463327494438,0.36841492855276187,0.0,0.0
1.1508804770576466,0.15552438879157382,0.3687907635754072,0.0,0.0
1.1508804770576466,0.21773414430820326,0.3693548496014962,0.0,0.0
1.1508804770576466,0.2799438998248327,0.37010757864427446,0.0,0.0
1.1508804770576466,0.3421536553414626,0.3710494595761155,0.0,0.0
1.1508804770576466,0.404363410858092,0.3721811059218252,0.0,0.0
1.1508804770576466,0.46657316637472146,0.3735032201368568,0.0,0.0
1.1508804770576466,0.5287829218913513,0.37501657405623895,0.0,0.0
1.1508804770576466,0.5909926774079808,0.3767219851324847,0.0,0.0
1.1508804770576466,0.6532024329246102,0.37862028801141484,0.0,0.0
1.1508804770576466,0.7154121884412397,0.3807123009241163,0.0,0.0
1.1508804770576466,0.7776219439578695,0.38299878630200956,0.0,0.0
1.1508804770576466,0.839831699474499,0.38548040495160074,0.0,0.0
1.1508804770576466,0.9020414549911289,0.38815766305805754,0.0,0.0
1.1508804770576466,0.9642512105077579,0.3910308512252618,0.0,0.0
1.1508804770576466,1.0264609660243877,0.3940999747085772,0.0,0.0
1.1508804770576466,1.0886707215410176,0.397364673960721,0.0,0.0
1.1508804770576466,1.1508804770576466,0.4008241345980129,0.0,0.0
1.1508804770576466,1.2130902325742765,0.40447698591300935,0.0,0.0
1.1508804770576466,1.2752999880909055,0.40832118712153453,0.0,0.0
1.1508804770576466,1.3375097436075354,0.4123539006513336,0.0,0.0
1.1508804770576466,1.3997194991241653,0.4165713519726684,0.0,0.0
1.1508804770576466,1.4619292546407943,0.4209686757575751,0.0,0.0
1.1508804770576466,1.5241390101574241,0.42553974855612686,0.0,0.0
1.1508804770576466,1.586348765674054,0.4302770087186794,0.0,0.0
1.1508804770576466,1.648558521190683,0.4351712649971419,0.0,0.0
1.1508804770576466,1.710768276707313,0.4402114961488928,0.0,0.0
1.1508804770576466,1.7729780322239428,0.44538464496279434,0.0,0.0
1.1508804770576466,1.8351877877405718,0.4506754114380758,0.0,0.0
1.1508804770576466,1.8973975432572017,0.456066051369834,0.0,0.0
1.1508804770576466,1.9596072987738316,0.46153618830478976,0.0,0.0
1.1508804770576466,2.0218170542904605,0.4670626486740492,0.0,0.0
1.1508804770576466,2.0840268098070904,0.4726193317948148,0.0,0.0
1.1508804770576466,2.1462365653237194,0.4781771282237956,0.0,0.0
1.1508804770576466,2.2084463208403493,0.4837039014541426,0.0,0.0
1.1508804770576466,2.270656076356979,0.4891645489361638,0.0,0.0
1.1508804770576466,2.332865831873608,0.49452115858641554,0.0,0.0
1.1508804770576466,2.395075587390238,0.49973327602007905,0.0,0.0
1.1508804770576466,2.457285342906868,0.5047582953928734,0.0,0.0
1.1508804770576466,2.519495098423497,0.5095519827174378,0.0,0.0
1.1508804770576466,2.581704853940127,0.5140691346815226,0.0,0.0
1.1508804770576466,2.6439146094567567,0.5182643683737774,0.0,0.0
1.1508804770576466,2.7061243649733857,0.5220930281872295,0.0,0.0
1.1508804770576466,2.7683341204900156,0.5255121860704387,0.0,0.0
1.1508804770576466,2.8305438760066455,0.5284817010667584,0.0,0.0
1.1508804770576466,2.8927536315232745,0.53096529479607,0.0,0.0
1.1508804770576466,2.9549633870399044,0.5329315923933932,0.0,0.0
1.1508804770576466,3.0171731425565333,0.5343550745925986,0.0,0.0
1.1508804770576466,3.0793828980731632,0.5352168870643754,0.0,0.0
1.2130902325742765,-3.141592653589793,0.5443112273992466,0.0,0.0
1.2130902325742765,-3.0793828980731637,0.5440081932631647,0.0,0.0
1.2130902325742765,-3.017173142556534,0.543103284172988,0.0,0.0
1.2130902325742765,-2.9549633870399044,0.54160893433225,0.0,0.0
1.2130902325742765,-2.892753631523275,0.5395453914063272,0.0,0.0
1.2130902325742765,-2.8305438760066455,0.5369400358309295,0.0,0.0
1.2130902325742765,-2.7683341204900156,0.5338264907686447,0.0,0.0
1.2130902325742765,-2.706124364973386,0.5302435775740525,0.0,0.0
1.2130902325742765,-2.6439146094567567,0.5262341771962475,0.0,0.0
1.2130902325742765,-2.581704853940127,0.5218440580840692,0.0,0.0
1.2130902325742765,-2.5194950984234974,0.5171207264855601,0.0,0.0
1.2130902325742765,-2.457285342906868,0.5121123466639494,0.0,0.0
1.2130902325742765,-2.395075587390238,0.5068667678580842,0.0,0.0
1.2130902325742765,-2.3328658318736086,0.5014306831858013,0.0,0.0
1.2130902325742765,-2.270656076356979,0.49584893434404487,0.0,0.0
1.2130902325742765,-2.2084463208403498,0.490163965828484,0.0,0.0
1.2130902325742765,-2.1462365653237203,0.4844154240685543,0.0,0.0
1.2130902325742765,-2.0840268098070904,0.47863989061743006,0.0,0.0
1.2130902325742765,-2.021817054290461,0.4728707343477568,0.0,0.0
1.2130902325742765,-1.9596072987738313,0.4671380652869593,0.0,0.0
1.2130902325742765,-1.897397543257202,0.4614687719688729,0.0,0.0
1.2130902325742765,-1.8351877877405722,0.45588662462168866,0.0,0.0
1.2130902325742765,-1.7729780322239428,0.45041242779965557,0.0,0.0
1.2130902325742765,-1.7107682767073131,0.4450642078789695,0.0,0.0
1.2130902325742765,-1.6485585211906835,0.43985742291361574,0.0,0.0
1.2130902325742765,-1.586348765674054,0.43480518448270344,0.0,0.0
1.2130902325742765,-1.5241390101574244,0.42991848321371995,0.0,0.0
1.2130902325742765,-1.461929254640795,0.4252064115437767,0.0,0.0
1.2130902325742765,-1.3997194991241653,0.4206763789321254,0.0,0.0
1.2130902325742765,-1.3375097436075358,0.41633431614185823,0.0,0.0
1.2130902325742765,-1.2752999880909062,0.41218486636852825,0.0,0.0
1.2130902325742765,-1.2130902325742767,0.40823156192437665,0.0,0.0
1.2130902325742765,-1.150880477057647,0.40447698591300935,0.0,0.0
1.2130902325742765,-1.0886707215410176,0.400922918878494,0.0,0.0
1.2130902325742765,-1.0264609660243877,0.3975704708132961,0.0,0.0
1.2130902325742765,-0.9642512105077583,0.39442019918817606,0.0,0.0
1.2130902325742765,-0.9020414549911289,0.3914722138485048,0.0,0.0
1.2130902325742765,-0.8398316994744994,0.38872626972668173,0.0,0.0
1.2130902325742765,-0.7776219439578695,0.3861818483674624,0.0,0.0
1.2130902325742765,-0.7154121884412401,0.38383822926688915,0.0,0.0
1.2130902325742765,-0.6532024329246107,0.38169455199819424,0.0,0.0
1.2130902325742765,-0.5909926774079808,0.3797498700489902,0.0,0.0
1.2130902325742765,-0.5287829218913513,0.37800319723066045,0.0,0.0
1.2130902325742765,-0.4665731663747219,0.3764535474486514,0.0,0.0
1.2130902325742765,-0.40436341085809246,0.3750999685454845,0.0,0.0
1.2130902325742765,-0.3421536553414626,0.3739415708496481,0.0,0.0
1.2130902325742765,-0.27994389982483314,0.37297755098512175,0.0,0.0
1.2130902325742765,-0.2177341443082037,0.37220721141938246,0.0,0.0
1.2130902325742765,-0.15552438879157382,0.37162997615306653,0.0,0.0
1.2130902325742765,-0.09331463327494438,0.3712454028822938,0.0,0.0
1.2130902325742765,-0.03110487775831494,0.37105319189497693,0.0,0.0
1.2130902325742765,0.031104877758314498,0.37105319189497693,0.0,0.0
1.2130902325742765,0.09331463327494438,0.3712454028822938,0.0,0.0
1.2130902325742765,0.15552438879157382,0.37162997615306653,0.0,0.0
1.2130902325742765,0.21773414430820326,0.37220721141938246,0.0,0.0
1.2130902325742765,0.2799438998248327,0.37297755098512175,0.0,0.0
1.2130902325742765,0.3421536553414626,0.3739415708496481,0.0,0.0
1.2130902325742765,0.404363410858092,0.3750999685454845,0.0,0.0
1.2130902325742765,0.46657316637472146,0.3764535474486514,0.0,0.0
1.2130902325742765,0.5287829218913513,0.37800319723066045,0.0,0.0
1.2130902325742765,0.5909926774079808,0.3797498700489902,0.0,0.0
1.2130902325742765,0.6532024329246102,0.3816945519981942,0.0,0.0
1.2130902325742765,0.7154121884412397,0.38383822926688915,0.0,0.0
1.2130902325742765,0.7776219439578695,0.3861818483674624,0.0,0.0
1.2130902325742765,0.839831699474499,0.38872626972668173,0.0,0.0
1.2130902325742765,0.9020414549911289,0.3914722138485048,0.0,0.0
1.2130902325742765,0.9642512105077579,0.394420199188176,0.0,0.0
1.2130902325742765,1.0264609660243877,0.3975704708132961,0.0,0.0
1.2130902325742765,1.0886707215410176,0.400922918878494,0.0,0.0
1.2130902325742765,1.1508804770576466,0.40447698591300935,0.0,0.0
1.2130902325742765,1.2130902325742765,0.4082315619243766,0.0,0.0
1.2130902325742765,1.2752999880909055,0.41218486636852814,0.0,0.0
1.2130902325742765,1.3375097436075354,0.4163343161418582,0.0,0.0
1.2130902325742765,1.3997194991241653,0.4206763789321254,0.0,0.0
1.2130902325742765,1.4619292546407943,0.4252064115437766,0.0,0.0
1.2130902325742765,1.5241390101574241,0.4299184832137199,0.0,0.0
1.2130902325742765,1.586348765674054,0.43480518448270344,0.0,0.0
1.2130902325742765,1.648558521190683,0.43985742291361574,0.0,0.0
1.2130902325742765,1.710768276707313,0.4450642078789695,0.0,0.0
1.2130902325742765,1.7729780322239428,0.45041242779965557,0.0,0.0
1.2130902325742765,1.8351877877405718,0.45588662462168866,0.0,0.0
1.2130902325742765,1.8973975432572017,0.4614687719688729,0.0,0.0
1.2130902325742765,1.9596072987738316,0.4671380652869593,0.0,0.0
1.2130902325742765,2.0218170542904605,0.4728707343477567,0.0,0.0
1.2130902325742765,2.0840268098070904,0.47863989061743006,0.0,0.0
1.2130902325742765,2.1462365653237194,0.48441542406855426,0.0,0.0
1.2130902325742765,2.2084463208403493,0.4901639658284839,0.0,0.0
1.2130902325742765,2.270656076356979,0.49584893434404487,0.0,0.0
1.2130902325742765,2.332865831873608,0.5014306831858013,0.0,0.0
1.2130902325742765,2.395075587390238,0.5068667678580842,0.0,0.0
1.2130902325742765,2.457285342906868,0.5121123466639494,0.0,0.0
1.2130902325742765,2.519495098423497,0.5171207264855601,0.0,0.0
1.2130902325742765,2.581704853940127,0.5218440580840692,0.0,0.0
1.2130902325742765,2.6439146094567567,0.5262341771962475,0.0,0.0
1.2130902325742765,2.7061243649733857,0.5302435775740525,0.0,0.0
1.2130902325742765,2.7683341204900156,0.5338264907686447,0.0,0.0
1.2130902325742765,2.8305438760066455,0.5369400358309295,0.0,0.0
1.2130902325742765,2.8927536315232745,0.5395453914063272,0.0,0.0
1.2130902325742765,2.9549633870399044,0.54160893433225,0.0,0.0
1.2130902325742765,3.0171731425565333,0.543103284172988,0.0,0.0
1.2130902325742765,3.0793828980731632,0.5440081932631647,0.0,0.0
1.2752999880909055,-3.141592653589793,0.5537897242497921,0.0,0.0
1.2752999880909055,-3.0793828980731637,0.5534705913220485,0.0,0.0
1.2752999880909055,-3.017173142556534,0.5525177199559308,0.0,0.0
1.2752999880909055,-2.9549633870399044,0.550944530562776,0.0,0.0
1.2752999880909055,-2.892753631523275,0.5487728622473534,0.0,0.0
1.2752999880909055,-2.8305438760066455,0.5460322184367362,0.0,0.0
1.2752999880909055,-2.7683341204900156,0.5427587824093943,0.0,0.0
1.2752999880909055,-2.706124364973386,0.5389942649435681,0.0,0.0
1.2752999880909055,-2.6439146094567567,0.5347846523072031,0.0,0.0
1.2752999880909055,-2.581704853940127,0.5301789225523283,0.0,0.0
1.2752999880909055,-2.5194950984234974,0.525227792332288,0.0,0.0
1.2752999880909055,-2.457285342906868,0.5199825465746895,0.0,0.0
1.2752999880909055,-2.395075587390238,0.5144939909379528,0.0,0.0
1.2752999880909055,-2.3328658318736086,0.5088115536734612,0.0,0.0
1.2752999880909055,-2.270656076356979,0.5029825507030113,0.0,0.0
1.2752999880909055,-2.2084463208403498,0.4970516164387964,0.0,0.0
1.2752999880909055,-2.1462365653237203,0.4910602937526552,0.0,0.0
1.2752999880909055,-2.0840268098070904,0.48504676979698536,0.0,0.0
1.2752999880909055,-2.021817054290461,0.47904574004036893,0.0,0.0
1.2752999880909055,-1.9596072987738313,0.47308838064303016,0.0,0.0
1.2752999880909055,-1.897397543257202,0.4672024087771341,0.0,0.0
1.2752999880909055,-1.8351877877405722,0.4614122112689475,0.0,0.0
1.2752999880909055,-1.7729780322239428,0.4557390235936527,0.0,0.0
1.2752999880909055,-1.7107682767073131,0.4502011434301145,0.0,0.0
1.2752999880909055,-1.6485585211906835,0.4448141653921621,0.0,0.0
1.2752999880909055,-1.586348765674054,0.43959122597783634,0.0,0.0
1.2752999880909055,-1.5241390101574244,0.4345432500690124,0.0,0.0
1.2752999880909055,-1.461929254640795,0.42967919237859137,0.0,0.0
1.2752999880909055,-1.3997194991241653,0.42500626903398275,0.0,0.0
1.2752999880909055,-1.3375097436075358,0.4205301759900061,0.0,0.0
1.2752999880909055,-1.2752999880909062,0.41625529219047885,0.0,0.0
1.2752999880909055,-1.2130902325742767,0.4121848663685283,0.0,0.0
1.2752999880909055,-1.150880477057647,0.40832118712153453,0.0,0.0
1.2752999880909055,-1.0886707215410176,0.40466573645078807,0.0,0.0
1.2752999880909055,-1.0264609660243877,0.4012193273512679,0.0,0.0
1.2752999880909055,-0.9642512105077583,0.3979822263039154,0.0,0.0
1.2752999880909055,-0.9020414549911289,0.39495426168845094,0.0,0.0
1.2752999880909055,-0.8398316994744994,0.3921349192224405,0.0,0.0
1.2752999880909055,-0.7776219439578695,0.3895234255613404,0.0,0.0
1.2752999880909055,-0.7154121884412401,0.38711882118050495,0.0,0.0
1.2752999880909055,-0.6532024329246107,0.3849200236161997,0.0,0.0
1.2752999880909055,-0.5909926774079808,0.38292588207840994,0.0,0.0
1.2752999880909055,-0.5287829218913513,0.3811352243711583,0.0,0.0
1.2752999880909055,-0.4665731663747219,0.3795468969717578,0.0,0.0
1.2752999880909055,-0.40436341085809246,0.3781597990329758,0.0,0.0
1.2752999880909055,-0.3421536553414626,0.3769729109842896,0.0,0.0
1.2752999880909055,-0.27994389982483314,0.37598531832213733,0.0,0.0
1.2752999880909055,-0.2177341443082037,0.37519623109542544,0.0,0.0
1.2752999880909055,-0.15552438879157382,0.3746049995121044,0.0,0.0
1.2752999880909055,-0.09331463327494438,0.37421112601549483,0.0,0.0
1.2752999880909055,-0.03110487775831494,0.3740142741050574,0.0,0.0
1.2752999880909055,0.031104877758314498,0.3740142741050574,0.0,0.0
1.2752999880909055,0.09331463327494438,0.37421112601549483,0.0,0.0
1.2752999880909055,0.15552438879157382,0.3746049995121044,0.0,0.0
1.2752999880909055,0.21773414430820326,0.37519623109542544,0.0,0.0
1.2752999880909055,0.2799438998248327,0.3759853183221373,0.0,0.0
1.2752999880909055,0.3421536553414626,0.3769729109842896,0.0,0.0
1.2752999880909055,0.404363410858092,0.37815979903297575,0.0,0.0
1.2752999880909055,0.46657316637472146,0.3795468969717578,0.0,0.0
1.2752999880909055,0.5287829218913513,0.3811352243711583,0.0,0.0
1.2752999880909055,0.5909926774079808,0.38292588207840994,0.0,0.0
1.2752999880909055,0.6532024329246102,0.3849200236161997,0.0,0.0
1.2752999880909055,0.7154121884412397,0.38711882118050495,0.0,0.0
1.2752999880909055,0.7776219439578695,0.3895234255613404,0.0,0.0
1.2752999880909055,0.839831699474499,0.3921349192224405,0.0,0.0
1.2752999880909055,0.9020414549911289,0.39495426168845094,0.0,0.0
1.2752999880909055,0.9642512105077579,0.39798222630391533,0.0,0.0
1.2752999880909055,1.0264609660243877,0.4012193273512679,0.0,0.0
1.2752999880909055,1.0886707215410176,0.40466573645078807,0.0,0.0
1.2752999880909055,1.1508804770576466,0.40832118712153453,0.0,0.0
1.2752999880909055,1.2130902325742765,0.41218486636852814,0.0,0.0
1.2752999880909055,1.2752999880909055,0.41625529219047885,0.0,0.0
1.2752999880909055,1.3375097436075354,0.420530175990006,0.0,0.0
1.2752999880909055,1.3997194991241653,0.42500626903398275,0.0,0.0
1.2752999880909055,1.4619292546407943,0.42967919237859137,0.0,0.0
1.2752999880909055,1.5241390101574241,0.43454325006901234,0.0,0.0
1.2752999880909055,1.586348765674054,0.43959122597783634,0.0,0.0
1.2752999880909055,1.648558521190683,0.4448141653921621,0.0,0.0
1.2752999880909055,1.710768276707313,0.4502011434301145,0.0,0.0
1.2752999880909055,1.7729780322239428,0.4557390235936527,0.0,0.0
1.2752999880909055,1.8351877877405718,0.4614122112689475,0.0,0.0
1.2752999880909055,1.8973975432572017,0.46720240877713404,0.0,0.0
1.2752999880909055,1.9596072987738316,0.47308838064303016,0.0,0.0
1.2752999880909055,2.0218170542904605,0.47904574004036893,0.0,0.0
1.2752999880909055,2.0840268098070904,0.48504676979698536,0.0,0.0
1.2752999880909055,2.1462365653237194,0.49106029375265503,0.0,0.0
1.2752999880909055,2.2084463208403493,0.4970516164387963,0.0,0.0
1.2752999880909055,2.270656076356979,0.5029825507030113,0.0,0.0
1.2752999880909055,2.332865831873608,0.5088115536734612,0.0,0.0
1.2752999880909055,2.395075587390238,0.5144939909379528,0.0,0.0
1.2752999880909055,2.457285342906868,0.5199825465746895,0.0,0.0
1.2752999880909055,2.519495098423497,0.525227792332288,0.0,0.0
1.2752999880909055,2.581704853940127,0.5301789225523283,0.0,0.0
1.2752999880909055,2.6439146094567567,0.5347846523072031,0.0,0.0
1.2752999880909055,2.7061243649733857,0.5389942649435681,0.0,0.0
1.2752999880909055,2.7683341204900156,0.5427587824093943,0.0,0.0
1.2752999880909055,2.8305438760066455,0.5460322184367362,0.0,0.0
1.2752999880909055,2.8927536315232745,0.5487728622473536,0.0,0.0
1.2752999880909055,2.9549633870399044,0.550944530562776,0.0,0.0
1.2752999880909055,3.0171731425565333,0.5525177199559308,0.0,0.0
1.2752999880909055,3.0793828980731632,0.5534705913220483,0.0,0.0
1.3375097436075354,-3.141592653589793,0.5639776729170808,0.0,0.0
1.3375097436075354,-3.0793828980731637,0.563640611738951,0.0,0.0
1.3375097436075354,-3.017173142556534,0.5626343385731172,0.0,0.0
1.3375097436075354,-2.9549633870399044,0.5609734036958773,0.0,0.0
1.3375097436075354,-2.892753631523275,0.5586814677117381,0.0,0.0
1.3375097436075354,-2.8305438760066455,0.5557904604484822,0.0,0.0
1.3375097436075354,-2.7683341204900156,0.5523394856215011,0.0,0.0
1.3375097436075354,-2.706124364973386,0.5483735423497571,0.0,0.0
1.3375097436075354,-2.6439146094567567,0.543942141075767,0.0,0.0
1.3375097436075354,-2.581704853940127,0.5390978906343674,0.0,0.0
1.3375097436075354,-2.5194950984234974,0.5338951261108357,0.0,0.0
1.3375097436075354,-2.457285342906868,0.5283886353634665,0.0,0.0
1.3375097436075354,-2.395075587390238,0.5226325275941727,0.0,0.0
1.3375097436075354,-2.3328658318736086,0.5166792720309187,0.0,0.0
1.3375097436075354,-2.270656076356979,0.5105789202402556,0.0,0.0
1.3375097436075354,-2.2084463208403498,0.5043785129749689,0.0,0.0
1.3375097436075354,-2.1462365653237203,0.4981216624530711,0.0,0.0
1.3375097436075354,-2.0840268098070904,0.4918482937897578,0.0,0.0
1.3375097436075354,-2.021817054290461,0.48559452484560645,0.0,0.0
1.3375097436075354,-1.9596072987738313,0.479392661661891,0.0,0.0
1.3375097436075354,-1.897397543257202,0.4732712864545672,0.0,0.0
1.3375097436075354,-1.8351877877405722,0.4672554163269409,0.0,0.0
1.3375097436075354,-1.7729780322239428,0.46136671296320164,0.0,0.0
1.3375097436075354,-1.7107682767073131,0.45562372617598157,0.0,0.0
1.3375097436075354,-1.6485585211906835,0.45004215698168437,0.0,0.0
1.3375097436075354,-1.586348765674054,0.4446351286349624,0.0,0.0
1.3375097436075354,-1.5241390101574244,0.43941345661382253,0.0,0.0
1.3375097436075354,-1.461929254640795,0.4343859108191961,0.0,0.0
1.3375097436075354,-1.3997194991241653,0.42955946519660865,0.0,0.0
1.3375097436075354,-1.3375097436075358,0.42493953159734904,0.0,0.0
1.3375097436075354,-1.2752999880909062,0.4205301759900061,0.0,0.0
1.3375097436075354,-1.2130902325742767,0.41633431614185823,0.0,0.0
1.3375097436075354,-1.150880477057647,0.4123539006513336,0.0,0.0
1.3375097436075354,-1.0886707215410176,0.40859006976718926,0.0,0.0
1.3375097436075354,-1.0264609660243877,0.40504329881511786,0.0,0.0
1.3375097436075354,-0.9642512105077583,0.40171352530264026,0.0,0.0
1.3375097436075354,-0.9020414549911289,0.398600260918419,0.0,0.0
1.3375097436075354,-0.8398316994744994,0.39570268970791683,0.0,0.0
1.3375097436075354,-0.7776219439578695,0.39301975371451586,0.0,0.0
1.3375097436075354,-0.7154121884412401,0.3905502273405845,0.0,0.0
1.3375097436075354,-0.6532024329246107,0.3882927816197341,0.0,0.0
1.3375097436075354,-0.5909926774079808,0.38624603950977904,0.0,0.0
1.3375097436075354,-0.5287829218913513,0.38440862322333874,0.0,0.0
1.3375097436075354,-0.4665731663747219,0.38277919451515297,0.0,0.0
1.3375097436075354,-0.40436341085809246,0.38135648874598677,0.0,0.0
1.3375097436075354,-0.3421536553414626,0.38013934344512207,0.0,0.0
1.3375097436075354,-0.27994389982483314,0.37912672199856073,0.0,0.0
1.3375097436075354,-0.2177341443082037,0.37831773299911703,0.0,0.0
1.3375097436075354,-0.15552438879157382,0.3777116457079237,0.0,0.0
1.3375097436075354,-0.09331463327494438,0.377307901994463,0.0,0.0
1.3375097436075354,-0.03110487775831494,0.3771061250437015,0.0,0.0
1.3375097436075354,0.031104877758314498,0.3771061250437015,0.0,0.0
1.3375097436075354,0.09331463327494438,0.377307901994463,0.0,0.0
1.3375097436075354,0.15552438879157382,0.3777116457079237,0.0,0.0
1.3375097436075354,0.21773414430820326,0.37831773299911703,0.0,0.0
1.3375097436075354,0.2799438998248327,0.3791267219985607,0.0,0.0
1.3375097436075354,0.3421536553414626,0.38013934344512207,0.0,0.0
1.3375097436075354,0.404363410858092,0.38135648874598677,0.0,0.0
1.3375097436075354,0.46657316637472146,0.38277919451515297,0.0,0.0
1.3375097436075354,0.5287829218913513,0.38440862322333874,0.0,0.0
1.3375097436075354,0.5909926774079808,0.38624603950977904,0.0,0.0
1.3375097436075354,0.6532024329246102,0.388292781619734,0.0,0.0
1.3375097436075354,0.7154121884412397,0.3905502273405845,0.0,0.0
1.3375097436075354,0.7776219439578695,0.39301975371451586,0.0,0.0
1.3375097436075354,0.839831699474499,0.39570268970791683,0.0,0.0
1.3375097436075354,0.9020414549911289,0.398600260918419,0.0,0.0
1.3375097436075354,0.9642512105077579,0.40171352530264026,0.0,0.0
1.3375097436075354,1.0264609660243877,0.40504329881511786,0.0,0.0
1.3375097436075354,1.0886707215410176,0.40859006976718926,0.0,0.0
1.3375097436075354,1.1508804770576466,0.4123539006513336,0.0,0.0
1.3375097436075354,1.2130902325742765,0.4163343161418582,0.0,0.0
1.3375097436075354,1.2752999880909055,0.420530175990006,0.0,0.0
1.3375097436075354,1.3375097436075354,0.42493953159734904,0.0,0.0
1.3375097436075354,1.3997194991241653,0.42955946519660865,0.0,0.0
1.3375097436075354,1.4619292546407943,0.43438591081919603,0.0,0.0
1.3375097436075354,1.5241390101574241,0.43941345661382253,0.0,0.0
1.3375097436075354,1.586348765674054,0.4446351286349624,0.0,0.0
1.3375097436075354,1.648558521190683,0.4500421569816843,0.0,0.0
1.3375097436075354,1.710768276707313,0.45562372617598157,0.0,0.0
1.3375097436075354,1.7729780322239428,0.46136671296320164,0.0,0.0
1.3375097436075354,1.8351877877405718,0.46725541632694084,0.0,0.0
1.3375097436075354,1.8973975432572017,0.4732712864545672,0.0,0.0
1.3375097436075354,1.9596072987738316,0.479392661661891,0.0,0.0
1.3375097436075354,2.0218170542904605,0.48559452484560645,0.0,0.0
1.3375097436075354,2.0840268098070904,0.4918482937897578,0.0,0.0
1.3375097436075354,2.1462365653237194,0.498121662453071,0.0,0.0
1.3375097436075354,2.2084463208403493,0.5043785129749688,0.0,0.0
1.3375097436075354,2.270656076356979,0.5105789202402556,0.0,0.0
1.3375097436075354,2.332865831873608,0.5166792720309186,0.0,0.0
1.3375097436075354,2.395075587390238,0.5226325275941727,0.0,0.0
1.3375097436075354,2.457285342906868,0.5283886353634665,0.0,0.0
1.3375097436075354,2.519495098423497,0.5338951261108356,0.0,0.0
1.3375097436075354,2.581704853940127,0.5390978906343674,0.0,0.0
1.3375097436075354,2.6439146094567567,0.543942141075767,0.0,0.0
1.3375097436075354,2.7061243649733857,0.5483735423497571,0.0,0.0
1.3375097436075354,2.7683341204900156,0.5523394856215011,0.0,0.0
1.3375097436075354,2.8305438760066455,0.5557904604484822,0.0,0.0
1.3375097436075354,2.8927536315232745,0.5586814677117381,0.0,0.0
1.3375097436075354,2.9549633870399044,0.5609734036958773,0.0,0.0
1.3375097436075354,3.0171731425565333,0.5626343385731172,0.0,0.0
1.3375097436075354,3.0793828980731632,0.563640611738951,0.0,0.0
1.3997194991241653,-3.141592653589793,0.574914573300591,0.0,0.0
1.3997194991241653,-3.0793828980731637,0.574557532613044,0.0,0.0
1.3997194991241653,-3.017173142556534,0.57349176095131,0.0,0.0
1.3997194991241653,-2.9549633870399044,0.571733106182293,0.0,0.0
1.3997194991241653,-2.892753631523275,0.5693073186041318,0.0,0.0
1.3997194991241653,-2.8305438760066455,0.5662491073352983,0.0,0.0
1.3997194991241653,-2.7683341204900156,0.5626009143310666,0.0,0.0
1.3997194991241653,-2.706124364973386,0.5584114878402954,0.0,0.0
1.3997194991241653,-2.6439146094567567,0.5537343440753703,0.0,0.0
1.3997194991241653,-2.581704853940127,0.548626204303609,0.0,0.0
1.3997194991241653,-2.5194950984234974,0.5431454857280356,0.0,0.0
1.3997194991241653,-2.457285342906868,0.5373509104172648,0.0,0.0
1.3997194991241653,-2.395075587390238,0.5313002794967707,0.0,0.0
1.3997194991241653,-2.3328658318736086,0.5250494420676373,0.0,0.0
1.3997194991241653,-2.270656076356979,0.5186514717239222,0.0,0.0
1.3997194991241653,-2.2084463208403498,0.5121560493908822,0.0,0.0
1.3997194991241653,-2.1462365653237203,0.5056090402107285,0.0,0.0
1.3997194991241653,-2.0840268098070904,0.49905224454711095,0.0,0.0
1.3997194991241653,-2.021817054290461,0.49252329865516903,0.0,0.0
1.3997194991241653,-1.9596072987738313,0.4860556987086997,0.0,0.0
1.3997194991241653,-1.897397543257202,0.47967892210626323,0.0,0.0
1.3997194991241653,-1.8351877877405722,0.47341862169262783,0.0,0.0
1.3997194991241653,-1.7729780322239428,0.46729687118235586,0.0,0.0
1.3997194991241653,-1.7107682767073131,0.4613324432019041,0.0,0.0
1.3997194991241653,-1.6485585211906835,0.45554110462481134,0.0,0.0
1.3997194991241653,-1.586348765674054,0.4499359170139007,0.0,0.0
1.3997194991241653,-1.5241390101574244,0.4445275328473161,0.0,0.0
1.3997194991241653,-1.461929254640795,0.43932448070616625,0.0,0.0
1.3997194991241653,-1.3997194991241653,0.43433343470888114,0.0,0.0
1.3997194991241653,-1.3375097436075358,0.42955946519660865,0.0,0.0
1.3997194991241653,-1.2752999880909062,0.42500626903398275,0.0,0.0
1.3997194991241653,-1.2130902325742767,0.42067637893212545,0.0,0.0
1.3997194991241653,-1.150880477057647,0.4165713519726685,0.0,0.0
1.3997194991241653,-1.0886707215410176,0.41269193805978927,0.0,0.0
1.3997194991241653,-1.0264609660243877,0.40903822939546736,0.0,0.0
1.3997194991241653,-0.9642512105077583,0.40560979230022154,0.0,0.0
1.3997194991241653,-0.9020414549911289,0.4024057828207246,0.0,0.0
1.3997194991241653,-0.8398316994744994,0.3994250476045625,0.0,0.0
1.3997194991241653,-0.7776219439578695,0.3966662115033804,0.0,0.0
1.3997194991241653,-0.7154121884412401,0.3941277533064832,0.0,0.0
1.3997194991241653,-0.6532024329246107,0.3918080709213269,0.0,0.0
1.3997194991241653,-0.5909926774079808,0.38970553721565104,0.0,0.0
1.3997194991241653,-0.5287829218913513,0.3878185476258939,0.0,0.0
1.3997194991241653,-0.4665731663747219,0.3861455605234917,0.0,0.0
1.3997194991241653,-0.40436341085809246,0.3846851312184503,0.0,0.0
1.3997194991241653,-0.3421536553414626,0.38343594037063894,0.0,0.0
1.3997194991241653,-0.27994389982483314,0.3823968174750371,0.0,0.0
1.3997194991241653,-0.2177341443082037,0.38156675998834877,0.0,0.0
1.3997194991241653,-0.15552438879157382,0.38094494857112454,0.0,0.0
1.3997194991241653,-0.09331463327494438,0.38053075883153165,0.0,0.0
1.3997194991241653,-0.03110487775831494,0.3803237698736207,0.0,0.0
1.3997194991241653,0.031104877758314498,0.3803237698736207,0.0,0.0
1.3997194991241653,0.09331463327494438,0.38053075883153165,0.0,0.0
1.3997194991241653,0.15552438879157382,0.38094494857112454,0.0,0.0
1.3997194991241653,0.21773414430820326,0.38156675998834877,0.0,0.0
1.3997194991241653,0.2799438998248327,0.3823968174750371,0.0,0.0
1.3997194991241653,0.3421536553414626,0.38343594037063894,0.0,0.0
1.3997194991241653,0.404363410858092,0.38468513121845027,0.0,0.0
1.3997194991241653,0.46657316637472146,0.38614556052349175,0.0,0.0
1.3997194991241653,0.5287829218913513,0.3878185476258939,0.0,0.0
1.3997194991241653,0.5909926774079808,0.38970553721565104,0.0,0.0
1.3997194991241653,0.6532024329246102,0.39180807092132686,0.0,0.0
1.3997194991241653,0.7154121884412397,0.39412775330648314,0.0,0.0
1.3997194991241653,0.7776219439578695,0.3966662115033804,0.0,0.0
1.3997194991241653,0.839831699474499,0.3994250476045625,0.0,0.0
1.3997194991241653,0.9020414549911289,0.4024057828207246,0.0,0.0
1.3997194991241653,0.9642512105077579,0.40560979230022154,0.0,0.0
1.3997194991241653,1.0264609660243877,0.40903822939546736,0.0,0.0
1.3997194991241653,1.0886707215410176,0.41269193805978927,0.0,0.0
1.3997194991241653,1.1508804770576466,0.4165713519726684,0.0,0.0
1.3997194991241653,1.2130902325742765,0.4206763789321254,0.0,0.0
1.3997194991241653,1.2752999880909055,0.4250062690339827,0.0,0.0
1.3997194991241653,1.3375097436075354,0.42955946519660865,0.0,0.0
1.3997194991241653,1.3997194991241653,0.43433343470888114,0.0,0.0
1.3997194991241653,1.4619292546407943,0.43932448070616614,0.0,0.0
1.3997194991241653,1.5241390101574241,0.4445275328473161,0.0,0.0
1.3997194991241653,1.586348765674054,0.4499359170139007,0.0,0.0
1.3997194991241653,1.648558521190683,0.4555411046248113,0.0,0.0
1.3997194991241653,1.710768276707313,0.4613324432019041,0.0,0.0
1.3997194991241653,1.7729780322239428,0.46729687118235586,0.0,0.0
1.3997194991241653,1.8351877877405718,0.4734186216926278,0.0,0.0
1.3997194991241653,1.8973975432572017,0.47967892210626323,0.0,0.0
1.3997194991241653,1.9596072987738316,0.4860556987086997,0.0,0.0
1.3997194991241653,2.0218170542904605,0.49252329865516903,0.0,0.0
1.3997194991241653,2.0840268098070904,0.49905224454711095,0.0,0.0
1.3997194991241653,2.1462365653237194,0.5056090402107284,0.0,0.0
1.3997194991241653,2.2084463208403493,0.5121560493908822,0.0,0.0
1.3997194991241653,2.270656076356979,0.5186514717239222,0.0,0.0
1.3997194991241653,2.332865831873608,0.5250494420676373,0.0,0.0
1.3997194991241653,2.395075587390238,0.5313002794967707,0.0,0.0
1.3997194991241653,2.457285342906868,0.5373509104172648,0.0,0.0
1.3997194991241653,2.519495098423497,0.5431454857280354,0.0,0.0
1.3997194991241653,2.581704853940127,0.548626204303609,0.0,0.0
1.3997194991241653,2.6439146094567567,0.5537343440753703,0.0,0.0
1.3997194991241653,2.7061243649733857,0.5584114878402953,0.0,0.0
1.3997194991241653,2.7683341204900156,0.5626009143310666,0.0,0.0
1.3997194991241653,2.8305438760066455,0.5662491073352983,0.0,0.0
1.3997194991241653,2.8927536315232745,0.5693073186041315,0.0,0.0
1.3997194991241653,2.9549633870399044,0.571733106182293,0.0,0.0
1.3997194991241653,3.0171731425565333,0.57349176095131,0.0,0.0
1.3997194991241653,3.0793828980731632,0.574557532613044,0.0,0.0
1.4619292546407943,-3.141592653589793,0.5866427098559336,0.0,0.0
1.4619292546407943,-3.0793828980731637,0.5862633842841446,0.0,0.0
1.4619292546407943,-3.017173142556534,0.5851312649524821,0.0,0.0
1.4619292546407943,-2.9549633870399044,0.5832636938821822,0.0,0.0
1.4619292546407943,-2.892753631523275,0.5806888248527295,0.0,0.0
1.4619292546407943,-2.8305438760066455,0.5774445581355365,0.0,0.0
1.4619292546407943,-2.7683341204900156,0.5735771599433745,0.0,0.0
1.4619292546407943,-2.706124364973386,0.5691396614692966,0.0,0.0
1.4619292546407943,-2.6439146094567567,0.5641901398451266,0.0,0.0
1.4619292546407943,-2.581704853940127,0.558789980741619,0.0,0.0
1.4619292546407943,-2.5194950984234974,0.5530022112629419,0.0,0.0
1.4619292546407943,-2.457285342906868,0.54688997474549,0.0,0.0
1.4619292546407943,-2.395075587390238,0.5405151988796323,0.0,0.0
1.4619292546407943,-2.3328658318736086,0.5339374878952322,0.0,0.0
1.4619292546407943,-2.270656076356979,0.5272132505316952,0.0,0.0
1.4619292546407943,-2.2084463208403498,0.5203950595971787,0.0,0.0
1.4619292546407943,-2.1462365653237203,0.5135312268409309,0.0,0.0
1.4619292546407943,-2.0840268098070904,0.5066655687350076,0.0,0.0
1.4619292546407943,-2.021817054290461,0.49983733425393195,0.0,0.0
1.4619292546407943,-1.9596072987738313,0.4930812642475697,0.0,0.0
1.4619292546407943,-1.897397543257202,0.4864277528028185,0.0,0.0
1.4619292546407943,-1.8351877877405722,0.4799030833671659,0.0,0.0
1.4619292546407943,-1.7729780322239428,0.473529715726762,0.0,0.0
1.4619292546407943,-1.7107682767073131,0.4673266036790026,0.0,0.0
1.4619292546407943,-1.6485585211906835,0.461309527031452,0.0,0.0
1.4619292546407943,-1.586348765674054,0.4554914251343302,0.0,0.0
1.4619292546407943,-1.5241390101574244,0.449882722355236,0.0,0.0
1.4619292546407943,-1.461929254640795,0.44449163865524804,0.0,0.0
1.4619292546407943,-1.3997194991241653,0.43932448070616614,0.0,0.0
1.4619292546407943,-1.3375097436075358,0.43438591081919603,0.0,0.0
1.4619292546407943,-1.2752999880909062,0.42967919237859137,0.0,0.0
1.4619292546407943,-1.2130902325742767,0.4252064115437767,0.0,0.0
1.4619292546407943,-1.150880477057647,0.4209686757575751,0.0,0.0
1.4619292546407943,-1.0886707215410176,0.4169662901316576,0.0,0.0
1.4619292546407943,-1.0264609660243877,0.4131989131233773,0.0,0.0
1.4619292546407943,-0.9642512105077583,0.4096656931144264,0.0,0.0
1.4619292546407943,-0.9020414549911289,0.4063653875878935,0.0,0.0
1.4619292546407943,-0.8398316994744994,0.4032964666063078,0.0,0.0
1.4619292546407943,-0.7776219439578695,0.40045720224299786,0.0,0.0
1.4619292546407943,-0.7154121884412401,0.397845745531176,0.0,0.0
1.4619292546407943,-0.6532024329246107,0.3954601923837433,0.0,0.0
1.4619292546407943,-0.5909926774079808,0.39329863981239793,0.0,0.0
1.4619292546407943,-0.5287829218913513,0.391359233644814,0.0,0.0
1.4619292546407943,-0.4665731663747219,0.3896402088087184,0.0,0.0
1.4619292546407943,-0.40436341085809246,0.38813992312514595,0.0,0.0
1.4619292546407943,-0.3421536553414626,0.3868568854321436,0.0,0.0
1.4619292546407943,-0.27994389982483314,0.3857897787458746,0.0,0.0
1.4619292546407943,-0.2177341443082037,0.3849374790588356,0.0,0.0
1.4619292546407943,-0.15552438879157382,0.3842990702746132,0.0,0.0
1.4619292546407943,-0.09331463327494438,0.38387385568474364,0.0,0.0
1.4619292546407943,-0.03110487775831494,0.3836613663050162,0.0,0.0
1.4619292546407943,0.031104877758314498,0.3836613663050162,0.0,0.0
1.4619292546407943,0.09331463327494438,0.38387385568474364,0.0,0.0
1.4619292546407943,0.15552438879157382,0.3842990702746132,0.0,0.0
1.4619292546407943,0.21773414430820326,0.3849374790588356,0.0,0.0
1.4619292546407943,0.2799438998248327,0.3857897787458746,0.0,0.0
1.4619292546407943,0.3421536553414626,0.3868568854321436,0.0,0.0
1.4619292546407943,0.404363410858092,0.38813992312514595,0.0,0.0
1.4619292546407943,0.46657316637472146,0.3896402088087184,0.0,0.0
1.4619292546407943,0.5287829218913513,0.391359233644814,0.0,0.0
1.4619292546407943,0.5909926774079808,0.39329863981239793,0.0,0.0
1.4619292546407943,0.6532024329246102,0.3954601923837433,0.0,0.0
1.4619292546407943,0.7154121884412397,0.397845745531176,0.0,0.0
1.4619292546407943,0.7776219439578695,0.40045720224299786,0.0,0.0
1.4619292546407943,0.839831699474499,0.4032964666063078,0.0,0.0
1.4619292546407943,0.9020414549911289,0.4063653875878935,0.0,0.0
1.4619292546407943,0.9642512105077579,0.4096656931144264,0.0,0.0
1.4619292546407943,1.0264609660243877,0.4131989131233773,0.0,0.0
1.4619292546407943,1.0886707215410176,0.4169662901316576,0.0,0.0
1.4619292546407943,1.1508804770576466,0.4209686757575751,0.0,0.0
1.4619292546407943,1.2130902325742765,0.4252064115437766,0.0,0.0
1.4619292546407943,1.2752999880909055,0.42967919237859137,0.0,0.0
1.4619292546407943,1.3375097436075354,0.43438591081919603,0.0,0.0
1.4619292546407943,1.3997194991241653,0.43932448070616614,0.0,0.0
1.4619292546407943,1.4619292546407943,0.44449163865524793,0.0,0.0
1.4619292546407943,1.5241390101574241,0.449882722355236,0.0,0.0
1.4619292546407943,1.586348765674054,0.4554914251343302,0.0,0.0
1.4619292546407943,1.648558521190683,0.461309527031452,0.0,0.0
1.4619292546407943,1.710768276707313,0.4673266036790026,0.0,0.0
1.4619292546407943,1.7729780322239428,0.473529715726762,0.0,0.0
1.4619292546407943,1.8351877877405718,0.4799030833671659,0.0,0.0
1.4619292546407943,1.8973975432572017,0.4864277528028185,0.0,0.0
1.4619292546407943,1.9596072987738316,0.4930812642475697,0.0,0.0
1.4619292546407943,2.0218170542904605,0.49983733425393195,0.0,0.0
1.4619292546407943,2.0840268098070904,0.5066655687350076,0.0,0.0
1.4619292546407943,2.1462365653237194,0.5135312268409307,0.0,0.0
1.4619292546407943,2.2084463208403493,0.5203950595971786,0.0,0.0
1.4619292546407943,2.270656076356979,0.5272132505316952,0.0,0.0
1.4619292546407943,2.332865831873608,0.5339374878952321,0.0,0.0
1.4619292546407943,2.395075587390238,0.5405151988796323,0.0,0.0
1.4619292546407943,2.457285342906868,0.54688997474549,0.0,0.0
1.4619292546407943,2.519495098423497,0.5530022112629419,0.0,0.0
1.4619292546407943,2.581704853940127,0.558789980741619,0.0,0.0
1.4619292546407943,2.6439146094567567,0.5641901398451266,0.0,0.0
1.4619292546407943,2.7061243649733857,0.5691396614692966,0.0,0.0
1.4619292546407943,2.7683341204900156,0.5735771599433745,0.0,0.0
1.4619292546407943,2.8305438760066455,0.5774445581355365,0.0,0.0
1.4619292546407943,2.8927536315232745,0.5806888248527295,0.0,0.0
1.4619292546407943,2.9549633870399044,0.5832636938821822,0.0,0.0
1.4619292546407943,3.0171731425565333,0.5851312649524821,0.0,0.0
1.4619292546407943,3.0793828980731632,0.5862633842841446,0.0,0.0
1.5241390101574241,-3.141592653589793,0.5992070925482513,0.0,0.0
1.5241390101574241,-3.0793828980731637,0.5988028856781829,0.0,0.0
1.5241390101574241,-3.017173142556534,0.5975967082474672,0.0,0.0
1.5241390101574241,-2.9549633870399044,0.5956076276169688,0.0,0.0
1.5241390101574241,-2.892753631523275,0.5928665694464837,0.0,0.0
1.5241390101574241,-2.8305438760066455,0.5894151074120891,0.0,0.0
1.5241390101574241,-2.7683341204900156,0.585303899040596,0.0,0.0
1.5241390101574241,-2.706124364973386,0.5805908785196089,0.0,0.0
1.5241390101574241,-2.6439146094567567,0.5753393252725397,0.0,0.0
1.5241390101574241,-2.581704853940127,0.5696159230422173,0.0,0.0
1.5241390101574241,-2.5194950984234974,0.5634889102797859,0.0,0.0
1.5241390101574241,-2.457285342906868,0.5570264018985166,0.0,0.0
1.5241390101574241,-2.395075587390238,0.5502949383780187,0.0,0.0
1.5241390101574241,-2.3328658318736086,0.5433582939759615,0.0,0.0
1.5241390101574241,-2.270656076356979,0.5362765539144252,0.0,0.0
1.5241390101574241,-2.2084463208403498,0.5291054524663987,0.0,0.0
1.5241390101574241,-2.1462365653237203,0.5218959506111391,0.0,0.0
1.5241390101574241,-2.0840268098070904,0.5146940233654971,0.0,0.0
1.5241390101574241,-2.021817054290461,0.5075406225311638,0.0,0.0
1.5241390101574241,-1.9596072987738313,0.5004717796350266,0.0,0.0
1.5241390101574241,-1.897397543257202,0.49351881539068615,0.0,0.0
1.5241390101574241,-1.8351877877405722,0.48670862521930314,0.0,0.0
1.5241390101574241,-1.7729780322239428,0.4800640145025166,0.0,0.0
1.5241390101574241,-1.7107682767073131,0.47360406172147335,0.0,0.0
1.5241390101574241,-1.6485585211906835,0.46734449204772954,0.0,0.0
1.5241390101574241,-1.586348765674054,0.46129804802257823,0.0,0.0
1.5241390101574241,-1.5241390101574244,0.4554748475383836,0.0,0.0
1.5241390101574241,-1.461929254640795,0.4498827223552361,0.0,0.0
1.5241390101574241,-1.3997194991241653,0.4445275328473161,0.0,0.0
1.5241390101574241,-1.3375097436075358,0.43941345661382253,0.0,0.0
1.5241390101574241,-1.2752999880909062,0.4345432500690124,0.0,0.0
1.5241390101574241,-1.2130902325742767,0.42991848321371995,0.0,0.0
1.5241390101574241,-1.150880477057647,0.42553974855612686,0.0,0.0
1.5241390101574241,-1.0886707215410176,0.42140684565736375,0.0,0.0
1.5241390101574241,-1.0264609660243877,0.41751894308509047,0.0,0.0
1.5241390101574241,-0.9642512105077583,0.41387471971437884,0.0,0.0
1.5241390101574241,-0.9020414549911289,0.4104724873602619,0.0,0.0
1.5241390101574241,-0.8398316994744994,0.4073102966925609,0.0,0.0
1.5241390101574241,-0.7776219439578695,0.40438602829636516,0.0,0.0
1.5241390101574241,-0.7154121884412401,0.4016974706201997,0.0,0.0
1.5241390101574241,-0.6532024329246107,0.39924238641292714,0.0,0.0
1.5241390101574241,-0.5909926774079808,0.3970185691003071,0.0,0.0
1.5241390101574241,-0.5287829218913513,0.3950238904002666,0.0,0.0
1.5241390101574241,-0.4665731663747219,0.3932563403272998,0.0,0.0
1.5241390101574241,-0.40436341085809246,0.3917140605941629,0.0,0.0
1.5241390101574241,-0.3421536553414626,0.3903953722849352,0.0,0.0
1.5241390101574241,-0.27994389982483314,0.3892987985483557,0.0,0.0
1.5241390101574241,-0.2177341443082037,0.3884230829441664,0.0,0.0
1.5241390101574241,-0.15552438879157382,0.38776720396753395,0.0,0.0
1.5241390101574241,-0.09331463327494438,0.3873303861766784,0.0,0.0
1.5241390101574241,-0.03110487775831494,0.387112108255547,0.0,0.0
1.5241390101574241,0.031104877758314498,0.387112108255547,0.0,0.0
1.5241390101574241,0.09331463327494438,0.3873303861766784,0.0,0.0
1.5241390101574241,0.15552438879157382,0.38776720396753395,0.0,0.0
1.5241390101574241,0.21773414430820326,0.3884230829441664,0.0,0.0
1.5241390101574241,0.2799438998248327,0.3892987985483557,0.0,0.0
1.5241390101574241,0.3421536553414626,0.3903953722849352,0.0,0.0
1.5241390101574241,0.404363410858092,0.3917140605941629,0.0,0.0
1.5241390101574241,0.46657316637472146,0.3932563403272998,0.0,0.0
1.5241390101574241,0.5287829218913513,0.3950238904002666,0.0,0.0
1.5241390101574241,0.5909926774079808,0.3970185691003071,0.0,0.0
1.5241390101574241,0.6532024329246102,0.39924238641292714,0.0,0.0
1.5241390101574241,0.7154121884412397,0.4016974706201997,0.0,0.0
1.5241390101574241,0.7776219439578695,0.40438602829636516,0.0,0.0
1.5241390101574241,0.839831699474499,0.40731029669256086,0.0,0.0
1.5241390101574241,0.9020414549911289,0.4104724873602619,0.0,0.0
1.5241390101574241,0.9642512105077579,0.4138747197143788,0.0,0.0
1.5241390101574241,1.0264609660243877,0.41751894308509047,0.0,0.0
1.5241390101574241,1.0886707215410176,0.42140684565736375,0.0,0.0
1.5241390101574241,1.1508804770576466,0.42553974855612686,0.0,0.0
1.5241390101574241,1.2130902325742765,0.4299184832137199,0.0,0.0
1.5241390101574241,1.2752999880909055,0.43454325006901234,0.0,0.0
1.5241390101574241,1.3375097436075354,0.43941345661382253,0.0,0.0
1.5241390101574241,1.3997194991241653,0.4445275328473161,0.0,0.0
1.5241390101574241,1.4619292546407943,0.449882722355236,0.0,0.0
1.5241390101574241,1.5241390101574241,0.4554748475383836,0.0,0.0
1.5241390101574241,1.586348765674054,0.46129804802257823,0.0,0.0
1.5241390101574241,1.648558521190683,0.4673444920477295,0.0,0.0
1.5241390101574241,1.710768276707313,0.47360406172147335,0.0,0.0
1.5241390101574241,1.7729780322239428,0.4800640145025166,0.0,0.0
1.5241390101574241,1.8351877877405718,0.486708625219303,0.0,0.0
1.5241390101574241,1.8973975432572017,0.4935188153906861,0.0,0.0
1.5241390101574241,1.9596072987738316,0.5004717796350266,0.0,0.0
1.5241390101574241,2.0218170542904605,0.5075406225311637,0.0,0.0
1.5241390101574241,2.0840268098070904,0.5146940233654971,0.0,0.0
1.5241390101574241,2.1462365653237194,0.521895950611139,0.0,0.0
1.5241390101574241,2.2084463208403493,0.5291054524663986,0.0,0.0
1.5241390101574241,2.270656076356979,0.5362765539144252,0.0,0.0
1.5241390101574241,2.332865831873608,0.5433582939759615,0.0,0.0
1.5241390101574241,2.395075587390238,0.5502949383780187,0.0,0.0
1.5241390101574241,2.457285342906868,0.5570264018985166,0.0,0.0
1.5241390101574241,2.519495098423497,0.5634889102797859,0.0,0.0
1.5241390101574241,2.581704853940127,0.5696159230422173,0.0,0.0
1.5241390101574241,2.6439146094567567,0.5753393252725397,0.0,0.0
1.5241390101574241,2.7061243649733857,0.5805908785196089,0.0,0.0
1.5241390101574241,2.7683341204900156,0.585303899040596,0.0,0.0
1.5241390101574241,2.8305438760066455,0.5894151074120891,0.0,0.0
1.5241390101574241,2.8927536315232745,0.5928665694464837,0.0,0.0
1.5241390101574241,2.9549633870399044,0.5956076276169688,0.0,0.0
1.5241390101574241,3.0171731425565333,0.5975967082474672,0.0,0.0
1.5241390101574241,3.0793828980731632,0.5988028856781829,0.0,0.0
1.586348765674054,-3.141592653589793,0.612655301516692,0.0,0.0
1.586348765674054,-3.0793828980731637,0.6122232838556159,0.0,0.0
1.586348765674054,-3.017173142556534,0.6109343529447748,0.0,0.0
1.586348765674054,-2.9549633870399044,0.6088095743065369,0.0,0.0
1.586348765674054,-2.892753631523275,0.6058830793904328,0.0,0.0
1.586348765674054,-2.8305438760066455,0.6022006816441112,0.0,0.0
1.586348765674054,-2.7683341204900156,0.5978180933072901,0.0,0.0
1.586348765674054,-2.706124364973386,0.5927988734606148,0.0,0.0
1.586348765674054,-2.6439146094567567,0.5872122461978321,0.0,0.0
1.586348765674054,-2.581704853940127,0.581130921762081,0.0,0.0
1.586348765674054,-2.5194950984234974,0.5746290358055823,0.0,0.0
1.586348765674054,-2.457285342906868,0.5677802965208079,0.0,0.0
1.586348765674054,-2.395075587390238,0.5606564005039416,0.0,0.0
1.586348765674054,-2.3328658318736086,0.5533257496742671,0.0,0.0
1.586348765674054,-2.270656076356979,0.5458524762895024,0.0,0.0
1.586348765674054,-2.2084463208403498,0.538295762848071,0.0,0.0
1.586348765674054,-2.1462365653237203,0.5307094291636648,0.0,0.0
1.586348765674054,-2.0840268098070904,0.5231417499849701,0.0,0.0
1.586348765674054,-2.021817054290461,0.5156354624870808,0.0,0.0
1.586348765674054,-1.9596072987738313,0.5082279227542661,0.0,0.0
1.586348765674054,-1.897397543257202,0.5009513729058341,0.0,0.0
1.586348765674054,-1.8351877877405722,0.4938332847692506,0.0,0.0
1.586348765674054,-1.7729780322239428,0.48689675112881325,0.0,0.0
1.586348765674054,-1.7107682767073131,0.480160900928247,0.0,0.0
1.586348765674054,-1.6485585211906835,0.4736413199338006,0.0,0.0
1.586348765674054,-1.586348765674054,0.4673504629941004,0.0,0.0
1.586348765674054,-1.5241390101574244,0.46129804802257823,0.0,0.0
1.586348765674054,-1.461929254640795,0.4554914251343302,0.0,0.0
1.586348765674054,-1.3997194991241653,0.4499359170139007,0.0,0.0
1.586348765674054,-1.3375097436075358,0.4446351286349624,0.0,0.0
1.586348765674054,-1.2752999880909062,0.43959122597783645,0.0,0.0
1.586348765674054,-1.2130902325742767,0.4348051844827035,0.0,0.0
1.586348765674054,-1.150880477057647,0.4302770087186794,0.0,0.0
1.586348765674054,-1.0886707215410176,0.4260059252171813,0.0,0.0
1.586348765674054,-1.0264609660243877,0.42199055067743213,0.0,0.0
1.586348765674054,-0.9642512105077583,0.41822903785690924,0.0,0.0
1.586348765674054,-0.9020414549911289,0.41471920145397123,0.0,0.0
1.586348765674054,-0.8398316994744994,0.41145862620847207,0.0,0.0
1.586348765674054,-0.7776219439578695,0.4084447593154731,0.0,0.0
1.586348765674054,-0.7154121884412401,0.405674989087191,0.0,0.0
1.586348765674054,-0.6532024329246107,0.4031467116236434,0.0,0.0
1.586348765674054,-0.5909926774079808,0.40085738707339824,0.0,0.0
1.586348765674054,-0.5287829218913513,0.39880458688945414,0.0,0.0
1.586348765674054,-0.4665731663747219,0.39698603331607435,0.0,0.0
1.586348765674054,-0.40436341085809246,0.39539963218307084,0.0,0.0
1.586348765674054,-0.3421536553414626,0.39404349993584936,0.0,0.0
1.586348765674054,-0.27994389982483314,0.39291598569282665,0.0,0.0
1.586348765674054,-0.2177341443082037,0.39201568899623723,0.0,0.0
1.586348765674054,-0.15552438879157382,0.3913414738070265,0.0,0.0
1.586348765674054,-0.09331463327494438,0.3908924791883334,0.0,0.0
1.586348765674054,-0.03110487775831494,0.39066812702365084,0.0,0.0
1.586348765674054,0.031104877758314498,0.39066812702365084,0.0,0.0
1.586348765674054,0.09331463327494438,0.3908924791883334,0.0,0.0
1.586348765674054,0.15552438879157382,0.3913414738070265,0.0,0.0
1.586348765674054,0.21773414430820326,0.39201568899623723,0.0,0.0
1.586348765674054,0.2799438998248327,0.3929159856928266,0.0,0.0
1.586348765674054,0.3421536553414626,0.39404349993584936,0.0,0.0
1.586348765674054,0.404363410858092,0.39539963218307084,0.0,0.0
1.586348765674054,0.46657316637472146,0.39698603331607435,0.0,0.0
1.586348765674054,0.5287829218913513,0.39880458688945414,0.0,0.0
1.586348765674054,0.5909926774079808,0.40085738707339824,0.0,0.0
1.586348765674054,0.6532024329246102,0.40314671162364335,0.0,0.0
1.586348765674054,0.7154121884412397,0.405674989087191,0.0,0.0
1.586348765674054,0.7776219439578695,0.4084447593154731,0.0,0.0
1.586348765674054,0.839831699474499,0.41145862620847207,0.0,0.0
1.586348765674054,0.9020414549911289,0.41471920145397123,0.0,0.0
1.586348765674054,0.9642512105077579,0.4182290378569092,0.0,0.0
1.586348765674054,1.0264609660243877,0.42199055067743213,0.0,0.0
1.586348765674054,1.0886707215410176,0.4260059252171813,0.0,0.0
1.586348765674054,1.1508804770576466,0.4302770087186794,0.0,0.0
1.586348765674054,1.2130902325742765,0.43480518448270344,0.0,0.0
1.586348765674054,1.2752999880909055,0.43959122597783634,0.0,0.0
1.586348765674054,1.3375097436075354,0.44463512863496235,0.0,0.0
1.586348765674054,1.3997194991241653,0.4499359170139007,0.0,0.0
1.586348765674054,1.4619292546407943,0.4554914251343302,0.0,0.0
1.586348765674054,1.5241390101574241,0.46129804802257823,0.0,0.0
1.586348765674054,1.586348765674054,0.4673504629941004,0.0,0.0
1.586348765674054,1.648558521190683,0.4736413199338006,0.0,0.0
1.586348765674054,1.710768276707313,0.480160900928247,0.0,0.0
1.586348765674054,1.7729780322239428,0.48689675112881325,0.0,0.0
1.586348765674054,1.8351877877405718,0.4938332847692505,0.0,0.0
1.586348765674054,1.8973975432572017,0.500951372905834,0.0,0.0
1.586348765674054,1.9596072987738316,0.5082279227542662,0.0,0.0
1.586348765674054,2.0218170542904605,0.5156354624870808,0.0,0.0
1.586348765674054,2.0840268098070904,0.5231417499849701,0.0,0.0
1.586348765674054,2.1462365653237194,0.5307094291636647,0.0,0.0
1.586348765674054,2.2084463208403493,0.538295762848071,0.0,0.0
1.586348765674054,2.270656076356979,0.5458524762895024,0.0,0.0
1.586348765674054,2.332865831873608,0.5533257496742671,0.0,0.0
1.586348765674054,2.395075587390238,0.5606564005039416,0.0,0.0
1.586348765674054,2.457285342906868,0.5677802965208079,0.0,0.0
1.586348765674054,2.519495098423497,0.5746290358055822,0.0,0.0
1.586348765674054,2.581704853940127,0.581130921762081,0.0,0.0
1.586348765674054,2.6439146094567567,0.5872122461978321,0.0,0.0
1.586348765674054,2.7061243649733857,0.5927988734606148,0.0,0.0
1.586348765674054,2.7683341204900156,0.5978180933072901,0.0,0.0
1.586348765674054,2.8305438760066455,0.6022006816441112,0.0,0.0
1.586348765674054,2.8927536315232745,0.6058830793904328,0.0,0.0
1.586348765674054,2.9549633870399044,0.6088095743065369,0.0,0.0
1.586348765674054,3.0171731425565333,0.6109343529447747,0.0,0.0
1.586348765674054,3.0793828980731632,0.6122232838556159,0.0,0.0
1.648558521190683,-3.141592653589793,0.6270371976819837,0.0,0.0
1.648558521190683,-3.0793828980731637,0.6265740590433967,0.0,0.0
1.648558521190683,-3.017173142556534,0.6251925544152585,0.0,0.0
1.648558521190683,-2.9549633870399044,0.6229160704434408,0.0,0.0
1.648558521190683,-2.892753631523275,0.6197824569475163,0.0,0.0
1.648558521190683,-2.8305438760066455,0.6158424341029921,0.0,0.0
1.648558521190683,-2.7683341204900156,0.6111575468196204,0.0,0.0
1.648558521190683,-2.706124364973386,0.6057978211982281,0.0,0.0
1.648558521190683,-2.6439146094567567,0.599839286546642,0.0,0.0
1.648558521190683,-2.581704853940127,0.5933615176727715,0.0,0.0
1.648558521190683,-2.5194950984234974,0.5864453296191015,0.0,0.0
1.648558521190683,-2.457285342906868,0.5791707256502187,0.0,0.0
1.648558521190683,-2.395075587390238,0.57161516443121,0.0,0.0
1.648558521190683,-2.3328658318736086,0.563852178561633,0.0,0.0
1.648558521190683,-2.270656076356979,0.5559503473411721,0.0,0.0
1.648558521190683,-2.2084463208403498,0.547972603788237,0.0,0.0
1.648558521190683,-2.1462365653237203,0.5399758401410764,0.0,0.0
1.648558521190683,-2.0840268098070904,0.5320107669561259,0.0,0.0
1.648558521190683,-2.021817054290461,0.5241219774494923,0.0,0.0
1.648558521190683,-1.9596072987738313,0.5163481695754388,0.0,0.0
1.648558521190683,-1.897397543257202,0.5087224821419252,0.0,0.0
1.648558521190683,-1.8351877877405722,0.5012729068151635,0.0,0.0
1.648558521190683,-1.7729780322239428,0.4940227441861491,0.0,0.0
1.648558521190683,-1.7107682767073131,0.4869910784455931,0.0,0.0
1.648558521190683,-1.6485585211906835,0.4801932511646999,0.0,0.0
1.648558521190683,-1.586348765674054,0.4736413199338006,0.0,0.0
1.648558521190683,-1.5241390101574244,0.46734449204772954,0.0,0.0
1.648558521190683,-1.461929254640795,0.461309527031452,0.0,0.0
1.648558521190683,-1.3997194991241653,0.4555411046248113,0.0,0.0
1.648558521190683,-1.3375097436075358,0.45004215698168437,0.0,0.0
1.648558521190683,-1.2752999880909062,0.4448141653921621,0.0,0.0
1.648558521190683,-1.2130902325742767,0.43985742291361574,0.0,0.0
1.648558521190683,-1.150880477057647,0.4351712649971419,0.0,0.0
1.648558521190683,-1.0886707215410176,0.4307542706073217,0.0,0.0
1.648558521190683,-1.0264609660243877,0.4266044365291844,0.0,0.0
1.648558521190683,-0.9642512105077583,0.42271932759685427,0.0,0.0
1.648558521190683,-0.9020414549911289,0.41909620551119725,0.0,0.0
1.648558521190683,-0.8398316994744994,0.41573213877568,0.0,0.0
1.648558521190683,-0.7776219439578695,0.41262409609827877,0.0,0.0
1.648558521190683,-0.7154121884412401,0.40976902540296956,0.0,0.0
1.648558521190683,-0.6532024329246107,0.4071639203815241,0.0,0.0
1.648558521190683,-0.5909926774079808,0.40480587630497233,0.0,0.0
1.648558521190683,-0.5287829218913513,0.4026921366106381,0.0,0.0
1.648558521190683,-0.4665731663747219,0.40082013158901897,0.0,0.0
1.648558521190683,-0.40436341085809246,0.3991875103170108,0.0,0.0
1.648558521190683,-0.3421536553414626,0.397792166820767,0.0,0.0
1.648558521190683,-0.27994389982483314,0.3966322613026078,0.0,0.0
1.648558521190683,-0.2177341443082037,0.39570623713099445,0.0,0.0
1.648558521190683,-0.15552438879157382,0.3950128341693872,0.0,0.0
1.648558521190683,-0.09331463327494438,0.3945510989072869,0.0,0.0
1.648558521190683,-0.03110487775831494,0.3943203917532308,0.0,0.0
1.648558521190683,0.031104877758314498,0.3943203917532308,0.0,0.0
1.648558521190683,0.09331463327494438,0.3945510989072869,0.0,0.0
1.648558521190683,0.15552438879157382,0.3950128341693872,0.0,0.0
1.648558521190683,0.21773414430820326,0.39570623713099445,0.0,0.0
1.648558521190683,0.2799438998248327,0.3966322613026078,0.0,0.0
1.648558521190683,0.3421536553414626,0.397792166820767,0.0,0.0
1.648558521190683,0.404363410858092,0.3991875103170107,0.0,0.0
1.648558521190683,0.46657316637472146,0.40082013158901897,0.0,0.0
1.648558521190683,0.5287829218913513,0.4026921366106381,0.0,0.0
1.648558521190683,0.5909926774079808,0.40480587630497233,0.0,0.0
1.648558521190683,0.6532024329246102,0.4071639203815241,0.0,0.0
1.648558521190683,0.7154121884412397,0.40976902540296956,0.0,0.0
1.648558521190683,0.7776219439578695,0.41262409609827877,0.0,0.0
1.648558521190683,0.839831699474499,0.41573213877568,0.0,0.0
1.648558521190683,0.9020414549911289,0.41909620551119725,0.0,0.0
1.648558521190683,0.9642512105077579,0.4227193275968541,0.0,0.0
1.648558521190683,1.0264609660243877,0.4266044365291844,0.0,0.0
1.648558521190683,1.0886707215410176,0.4307542706073217,0.0,0.0
1.648558521190683,1.1508804770576466,0.4351712649971419,0.0,0.0
1.648558521190683,1.2130902325742765,0.43985742291361574,0.0,0.0
1.648558521190683,1.2752999880909055,0.4448141653921621,0.0,0.0
1.648558521190683,1.3375097436075354,0.4500421569816843,0.0,0.0
1.648558521190683,1.3997194991241653,0.4555411046248113,0.0,0.0
1.648558521190683,1.4619292546407943,0.461309527031452,0.0,0.0
1.648558521190683,1.5241390101574241,0.4673444920477295,0.0,0.0
1.648558521190683,1.586348765674054,0.4736413199338006,0.0,0.0
1.648558521190683,1.648558521190683,0.4801932511646999,0.0,0.0
1.648558521190683,1.710768276707313,0.4869910784455931,0.0,0.0
1.648558521190683,1.7729780322239428,0.4940227441861491,0.0,0.0
1.648558521190683,1.8351877877405718,0.5012729068151633,0.0,0.0
1.648558521190683,1.8973975432572017,0.5087224821419252,0.0,0.0
1.648558521190683,1.9596072987738316,0.5163481695754389,0.0,0.0
1.648558521190683,2.0218170542904605,0.5241219774494922,0.0,0.0
1.648558521190683,2.0840268098070904,0.5320107669561259,0.0,0.0
1.648558521190683,2.1462365653237194,0.5399758401410762,0.0,0.0
1.648558521190683,2.2084463208403493,0.5479726037882369,0.0,0.0
1.648558521190683,2.270656076356979,0.5559503473411721,0.0,0.0
1.648558521190683,2.332865831873608,0.563852178561633,0.0,0.0
1.648558521190683,2.395075587390238,0.57161516443121,0.0,0.0
1.648558521190683,2.457285342906868,0.5791707256502187,0.0,0.0
1.648558521190683,2.519495098423497,0.5864453296191013,0.0,0.0
1.648558521190683,2.581704853940127,0.5933615176727715,0.0,0.0
1.648558521190683,2.6439146094567567,0.599839286546642,0.0,0.0
1.648558521190683,2.7061243649733857,0.6057978211982281,0.0,0.0
1.648558521190683,2.7683341204900156,0.6111575468196204,0.0,0.0
1.648558521190683,2.8305438760066455,0.6158424341029921,0.0,0.0
1.648558521190683,2.8927536315232745,0.6197824569475163,0.0,0.0
1.648558521190683,2.9549633870399044,0.6229160704434408,0.0,0.0
1.648558521190683,3.0171731425565333,0.6251925544152585,0.0,0.0
1.648558521190683,3.0793828980731632,0.6265740590433966,0.0,0.0
1.710768276707313,-3.141592653589793,0.6424044496411738,0.0,0.0
1.710768276707313,-3.0793828980731637,0.6419064456153543,0.0,0.0
1.710768276707313,-3.017173142556534,0.6404212651548441,0.0,0.0
1.710768276707313,-2.9549633870399044,0.6379749994207814,0.0,0.0
1.710768276707313,-2.892753631523275,0.634609823709119,0.0,0.0
1.710768276707313,-2.8305438760066455,0.6303821521829963,0.0,0.0
1.710768276707313,-2.7683341204900156,0.6253602765325138,0.0,0.0
1.710768276707313,-2.706124364973386,0.6196216737538137,0.0,0.0
1.710768276707313,-2.6439146094567567,0.6132501768372373,0.0,0.0
1.710768276707313,-2.581704853940127,0.606333189612095,0.0,0.0
1.710768276707313,-2.5194950984234974,0.5989590980534452,0.0,0.0
1.710768276707313,-2.457285342906868,0.591214991418539,0.0,0.0
1.710768276707313,-2.395075587390238,0.5831847642395734,0.0,0.0
1.710768276707313,-2.3328658318736086,0.5749476300604316,0.0,0.0
1.710768276707313,-2.270656076356979,0.566577043806522,0.0,0.0
1.710768276707313,-2.2084463208403498,0.5581400039157774,0.0,0.0
1.710768276707313,-2.1462365653237203,0.5496966883048503,0.0,0.0
1.710768276707313,-2.0840268098070904,0.5413003691700198,0.0,0.0
1.710768276707313,-2.021817054290461,0.5329975490903167,0.0,0.0
1.710768276707313,-1.9596072987738313,0.5248282631960931,0.0,0.0
1.710768276707313,-1.897397543257202,0.5168264976158283,0.0,0.0
1.710768276707313,-1.8351877877405722,0.5090206815782184,0.0,0.0
1.710768276707313,-1.7729780322239428,0.5014342183079346,0.0,0.0
1.710768276707313,-1.7107682767073131,0.4940860274249673,0.0,0.0
1.710768276707313,-1.6485585211906835,0.4869910784455931,0.0,0.0
1.710768276707313,-1.586348765674054,0.480160900928247,0.0,0.0
1.710768276707313,-1.5241390101574244,0.47360406172147335,0.0,0.0
1.710768276707313,-1.461929254640795,0.46732660367900264,0.0,0.0
1.710768276707313,-1.3997194991241653,0.4613324432019041,0.0,0.0
1.710768276707313,-1.3375097436075358,0.45562372617598157,0.0,0.0
1.710768276707313,-1.2752999880909062,0.4502011434301145,0.0,0.0
1.710768276707313,-1.2130902325742767,0.44506420787896955,0.0,0.0
1.710768276707313,-1.150880477057647,0.4402114961488928,0.0,0.0
1.710768276707313,-1.0886707215410176,0.4356408578192782,0.0,0.0
1.710768276707313,-1.0264609660243877,0.4313495955259272,0.0,0.0
1.710768276707313,-0.9642512105077583,0.42733461913381343,0.0,0.0
1.710768276707313,-0.9020414549911289,0.4235925770453633,0.0,0.0
1.710768276707313,-0.8398316994744994,0.42011996750551506,0.0,0.0
1.710768276707313,-0.7776219439578695,0.4169132325248374,0.0,0.0
1.710768276707313,-0.7154121884412401,0.4139688367871922,0.0,0.0
1.710768276707313,-0.6532024329246107,0.41128333365282044,0.0,0.0
1.710768276707313,-0.5909926774079808,0.4088534201205423,0.0,0.0
1.710768276707313,-0.5287829218913513,0.40667598237966857,0.0,0.0
1.710768276707313,-0.4665731663747219,0.40474813336630516,0.0,0.0
1.710768276707313,-0.40436341085809246,0.40306724354124374,0.0,0.0
1.710768276707313,-0.3421536553414626,0.40163096592754033,0.0,0.0
1.710768276707313,-0.27994389982483314,0.4004372562843131,0.0,0.0
1.710768276707313,-0.2177341443082037,0.39948438914779716,0.0,0.0
1.710768276707313,-0.15552438879157382,0.39877097033952136,0.0,0.0
1.710768276707313,-0.09331463327494438,0.3982959464226472,0.0,0.0
1.710768276707313,-0.03110487775831494,0.39805861147899524,0.0,0.0
1.710768276707313,0.031104877758314498,0.39805861147899524,0.0,0.0
1.710768276707313,0.09331463327494438,0.3982959464226472,0.0,0.0
1.710768276707313,0.15552438879157382,0.39877097033952136,0.0,0.0
1.710768276707313,0.21773414430820326,0.39948438914779716,0.0,0.0
1.710768276707313,0.2799438998248327,0.40043725628431304,0.0,0.0
1.710768276707313,0.3421536553414626,0.40163096592754033,0.0,0.0
1.710768276707313,0.404363410858092,0.40306724354124374,0.0,0.0
1.710768276707313,0.46657316637472146,0.40474813336630516,0.0,0.0
1.710768276707313,0.5287829218913513,0.40667598237966857,0.0,0.0
1.710768276707313,0.5909926774079808,0.4088534201205423,0.0,0.0
1.710768276707313,0.6532024329246102,0.41128333365282044,0.0,0.0
1.710768276707313,0.7154121884412397,0.4139688367871922,0.0,0.0
1.710768276707313,0.7776219439578695,0.4169132325248374,0.0,0.0
1.710768276707313,0.839831699474499,0.420119967505515,0.0,0.0
1.710768276707313,0.9020414549911289,0.4235925770453633,0.0,0.0
1.710768276707313,0.9642512105077579,0.4273346191338134,0.0,0.0
1.710768276707313,1.0264609660243877,0.4313495955259272,0.0,0.0
1.710768276707313,1.0886707215410176,0.4356408578192782,0.0,0.0
1.710768276707313,1.1508804770576466,0.4402114961488928,0.0,0.0
1.710768276707313,1.2130902325742765,0.4450642078789695,0.0,0.0
1.710768276707313,1.2752999880909055,0.4502011434301145,0.0,0.0
1.710768276707313,1.3375097436075354,0.45562372617598157,0.0,0.0
1.710768276707313,1.3997194991241653,0.4613324432019041,0.0,0.0
1.710768276707313,1.4619292546407943,0.4673266036790026,0.0,0.0
1.710768276707313,1.5241390101574241,0.47360406172147335,0.0,0.0
1.710768276707313,1.586348765674054,0.480160900928247,0.0,0.0
1.710768276707313,1.648558521190683,0.4869910784455931,0.0,0.0
1.710768276707313,1.710768276707313,0.4940860274249673,0.0,0.0
1.710768276707313,1.7729780322239428,0.5014342183079346,0.0,0.0
1.710768276707313,1.8351877877405718,0.5090206815782183,0.0,0.0
1.710768276707313,1.8973975432572017,0.5168264976158282,0.0,0.0
1.710768276707313,1.9596072987738316,0.5248282631960931,0.0,0.0
1.710768276707313,2.0218170542904605,0.5329975490903167,0.0,0.0
1.710768276707313,2.0840268098070904,0.5413003691700198,0.0,0.0
1.710768276707313,2.1462365653237194,0.5496966883048502,0.0,0.0
1.710768276707313,2.2084463208403493,0.5581400039157774,0.0,0.0
1.710768276707313,2.270656076356979,0.566577043806522,0.0,0.0
1.710768276707313,2.332865831873608,0.5749476300604314,0.0,0.0
1.710768276707313,2.395075587390238,0.5831847642395734,0.0,0.0
1.710768276707313,2.457285342906868,0.591214991418539,0.0,0.0
1.710768276707313,2.519495098423497,0.598959098053445,0.0,0.0
1.710768276707313,2.581704853940127,0.606333189612095,0.0,0.0
1.710768276707313,2.6439146094567567,0.6132501768372373,0.0,0.0
1.710768276707313,2.7061243649733857,0.6196216737538136,0.0,0.0
1.710768276707313,2.7683341204900156,0.6253602765325138,0.0,0.0
1.710768276707313,2.8305438760066455,0.6303821521829963,0.0,0.0
1.710768276707313,2.8927536315232745,0.634609823709119,0.0,0.0
1.710768276707313,2.9549633870399044,0.6379749994207814,0.0,0.0
1.710768276707313,3.0171731425565333,0.6404212651548441,0.0,0.0
1.710768276707313,3.0793828980731632,0.6419064456153543,0.0,0.0
1.7729780322239428,-3.141592653589793,0.6588098121176832,0.0,0.0
1.7729780322239428,-3.0793828980731637,0.658272704522546,0.0,0.0
1.7729780322239428,-3.017173142556534,0.6566712899011825,0.0,0.0
1.7729780322239428,-2.9549633870399044,0.6540348201615293,0.0,0.0
1.7729780322239428,-2.892753631523275,0.650410516736436,0.0,0.0
1.7729780322239428,-2.8305438760066455,0.6458614188191794,0.0,0.0
1.7729780322239428,-2.7683341204900156,0.640463640589117,0.0,0.0
1.7729780322239428,-2.706124364973386,0.6343032605541568,0.0,0.0
1.7729780322239428,-2.6439146094567567,0.6274730742899913,0.0,0.0
1.7729780322239428,-2.581704853940127,0.6200694240809345,0.0,0.0
1.7729780322239428,-2.5194950984234974,0.6121892816100437,0.0,0.0
1.7729780322239428,-2.457285342906868,0.6039277111874563,0.0,0.0
1.7729780322239428,-2.395075587390238,0.5953757893304419,0.0,0.0
1.7729780322239428,-2.3328658318736086,0.5866190086344598,0.0,0.0
1.7729780322239428,-2.270656076356979,0.5777361543674413,0.0,0.0
1.7729780322239428,-2.2084463208403498,0.5687986132750044,0.0,0.0
1.7729780322239428,-2.1462365653237203,0.5598700558899656,0.0,0.0
1.7729780322239428,-2.0840268098070904,0.5510064249809574,0.0,0.0
1.7729780322239428,-2.021817054290461,0.5422561616749995,0.0,0.0
1.7729780322239428,-1.9596072987738313,0.5336606050441468,0.0,0.0
1.7729780322239428,-1.897397543257202,0.525254508500665,0.0,0.0
1.7729780322239428,-1.8351877877405722,0.5170666254984398,0.0,0.0
1.7729780322239428,-1.7729780322239428,0.5091203265220531,0.0,0.0
1.7729780322239428,-1.7107682767073131,0.5014342183079346,0.0,0.0
1.7729780322239428,-1.6485585211906835,0.4940227441861491,0.0,0.0
1.7729780322239428,-1.586348765674054,0.48689675112881325,0.0,0.0
1.7729780322239428,-1.5241390101574244,0.4800640145025166,0.0,0.0
1.7729780322239428,-1.461929254640795,0.473529715726762,0.0,0.0
1.7729780322239428,-1.3997194991241653,0.46729687118235586,0.0,0.0
1.7729780322239428,-1.3375097436075358,0.46136671296320164,0.0,0.0
1.7729780322239428,-1.2752999880909062,0.45573902359365276,0.0,0.0
1.7729780322239428,-1.2130902325742767,0.4504124277996557,0.0,0.0
1.7729780322239428,-1.150880477057647,0.44538464496279434,0.0,0.0
1.7729780322239428,-1.0886707215410176,0.4406527061163853,0.0,0.0
1.7729780322239428,-1.0264609660243877,0.43621313935379935,0.0,0.0
1.7729780322239428,-0.9642512105077583,0.4320621273828039,0.0,0.0
1.7729780322239428,-0.9020414549911289,0.42819564073016314,0.0,0.0
1.7729780322239428,-0.8398316994744994,0.4246095498180572,0.0,0.0
1.7729780322239428,-0.7776219439578695,0.4212997188267236,0.0,0.0
1.7729780322239428,-0.7154121884412401,0.41826208394594977,0.0,0.0
1.7729780322239428,-0.6532024329246107,0.415492718314797,0.0,0.0
1.7729780322239428,-0.5909926774079808,0.412987885662396,0.0,0.0
1.7729780322239428,-0.5287829218913513,0.4107440843974121,0.0,0.0
1.7729780322239428,-0.4665731663747219,0.40875808365183924,0.0,0.0
1.7729780322239428,-0.40436341085809246,0.40702695256643934,0.0,0.0
1.7729780322239428,-0.3421536553414626,0.40554808390946406,0.0,0.0
1.7729780322239428,-0.27994389982483314,0.4043192129456535,0.0,0.0
1.7729780322239428,-0.2177341443082037,0.4033384323167831,0.0,0.0
1.7729780322239428,-0.15552438879157382,0.4026042035559121,0.0,0.0
1.7729780322239428,-0.09331463327494438,0.4021153657325141,0.0,0.0
1.7729780322239428,-0.03110487775831494,0.4018711416124076,0.0,0.0
1.7729780322239428,0.031104877758314498,0.4018711416124076,0.0,0.0
1.7729780322239428,0.09331463327494438,0.4021153657325141,0.0,0.0
1.7729780322239428,0.15552438879157382,0.4026042035559121,0.0,0.0
1.7729780322239428,0.21773414430820326,0.4033384323167831,0.0,0.0
1.7729780322239428,0.2799438998248327,0.40431921294565343,0.0,0.0
1.7729780322239428,0.3421536553414626,0.40554808390946406,0.0,0.0
1.7729780322239428,0.404363410858092,0.4070269525664393,0.0,0.0
1.7729780322239428,0.46657316637472146,0.4087580836518393,0.0,0.0
1.7729780322239428,0.5287829218913513,0.4107440843974121,0.0,0.0
1.7729780322239428,0.5909926774079808,0.412987885662396,0.0,0.0
1.7729780322239428,0.6532024329246102,0.41549271831479695,0.0,0.0
1.7729780322239428,0.7154121884412397,0.41826208394594977,0.0,0.0
1.7729780322239428,0.7776219439578695,0.4212997188267236,0.0,0.0
1.7729780322239428,0.839831699474499,0.4246095498180572,0.0,0.0
1.7729780322239428,0.9020414549911289,0.42819564073016314,0.0,0.0
1.7729780322239428,0.9642512105077579,0.43206212738280386,0.0,0.0
1.7729780322239428,1.0264609660243877,0.43621313935379935,0.0,0.0
1.7729780322239428,1.0886707215410176,0.4406527061163853,0.0,0.0
1.7729780322239428,1.1508804770576466,0.44538464496279434,0.0,0.0
1.7729780322239428,1.2130902325742765,0.45041242779965557,0.0,0.0
1.7729780322239428,1.2752999880909055,0.4557390235936527,0.0,0.0
1.7729780322239428,1.3375097436075354,0.4613667129632016,0.0,0.0
1.7729780322239428,1.3997194991241653,0.46729687118235586,0.0,0.0
1.7729780322239428,1.4619292546407943,0.473529715726762,0.0,0.0
1.7729780322239428,1.5241390101574241,0.4800640145025166,0.0,0.0
1.7729780322239428,1.586348765674054,0.48689675112881325,0.0,0.0
1.7729780322239428,1.648558521190683,0.4940227441861491,0.0,0.0
1.7729780322239428,1.710768276707313,0.5014342183079346,0.0,0.0
1.7729780322239428,1.7729780322239428,0.5091203265220531,0.0,0.0
1.7729780322239428,1.8351877877405718,0.5170666254984398,0.0,0.0
1.7729780322239428,1.8973975432572017,0.5252545085006649,0.0,0.0
1.7729780322239428,1.9596072987738316,0.5336606050441468,0.0,0.0
1.7729780322239428,2.0218170542904605,0.5422561616749993,0.0,0.0
1.7729780322239428,2.0840268098070904,0.5510064249809574,0.0,0.0
1.7729780322239428,2.1462365653237194,0.5598700558899654,0.0,0.0
1.7729780322239428,2.2084463208403493,0.5687986132750043,0.0,0.0
1.7729780322239428,2.270656076356979,0.5777361543674413,0.0,0.0
1.7729780322239428,2.332865831873608,0.5866190086344597,0.0,0.0
1.7729780322239428,2.395075587390238,0.5953757893304419,0.0,0.0
1.7729780322239428,2.457285342906868,0.6039277111874563,0.0,0.0
1.7729780322239428,2.519495098423497,0.6121892816100437,0.0,0.0
1.7729780322239428,2.581704853940127,0.6200694240809345,0.0,0.0
1.7729780322239428,2.6439146094567567,0.6274730742899913,0.0,0.0
1.7729780322239428,2.7061243649733857,0.6343032605541566,0.0,0.0
1.7729780322239428,2.7683341204900156,0.640463640589117,0.0,0.0
1.7729780322239428,2.8305438760066455,0.6458614188191794,0.0,0.0
1.7729780322239428,2.8927536315232745,0.650410516736436,0.0,0.0
1.7729780322239428,2.9549633870399044,0.6540348201615293,0.0,0.0
1.7729780322239428,3.0171731425565333,0.6566712899011825,0.0,0.0
1.7729780322239428,3.0793828980731632,0.658272704522546,0.0,0.0
1.8351877877405718,-3.141592653589793,0.6763060724209331,0.0,0.0
1.8351877877405718,-3.0793828980731637,0.6757250640320108,0.0,0.0
1.8351877877405718,-3.017173142556534,0.673993210085253,0.0,0.0
1.8351877877405718,-2.9549633870399044,0.6711434671951457,0.0,0.0
1.8351877877405718,-2.892753631523275,0.6672289598461038,0.0,0.0
1.8351877877405718,-2.8305438760066455,0.6623204548522081,0.0,0.0
1.8351877877405718,-2.7683341204900156,0.6565031559096315,0.0,0.0
1.8351877877405718,-2.706124364973386,0.6498730890982541,0.0,0.0
1.8351877877405718,-2.6439146094567567,0.6425333571741884,0.0,0.0
1.8351877877405718,-2.581704853940127,0.6345905154618182,0.0,0.0
1.8351877877405718,-2.5194950984234974,0.6261512736658503,0.0,0.0
1.8351877877405718,-2.457285342906868,0.6173196667661902,0.0,0.0
1.8351877877405718,-2.395075587390238,0.6081947747992485,0.0,0.0
1.8351877877405718,-2.3328658318736086,0.5988690140737557,0.0,0.0
1.8351877877405718,-2.270656076356979,0.5894269764725476,0.0,0.0
1.8351877877405718,-2.2084463208403498,0.5799447611507902,0.0,0.0
1.8351877877405718,-2.1462365653237203,0.5704897238800554,0.0,0.0
1.8351877877405718,-2.0840268098070904,0.5611205616052327,0.0,0.0
1.8351877877405718,-2.021817054290461,0.5518876507864335,0.0,0.0
1.8351877877405718,-1.9596072987738313,0.5428335649725435,0.0,0.0
1.8351877877405718,-1.897397543257202,0.5339937072825804,0.0,0.0
1.8351877877405718,-1.8351877877405722,0.525397005060786,0.0,0.0
1.8351877877405718,-1.7729780322239428,0.5170666254984398,0.0,0.0
1.8351877877405718,-1.7107682767073131,0.5090206815782183,0.0,0.0
1.8351877877405718,-1.6485585211906835,0.5012729068151635,0.0,0.0
1.8351877877405718,-1.586348765674054,0.4938332847692505,0.0,0.0
1.8351877877405718,-1.5241390101574244,0.48670862521930314,0.0,0.0
1.8351877877405718,-1.461929254640795,0.47990308336716603,0.0,0.0
1.8351877877405718,-1.3997194991241653,0.4734186216926278,0.0,0.0
1.8351877877405718,-1.3375097436075358,0.4672554163269409,0.0,0.0
1.8351877877405718,-1.2752999880909062,0.4614122112689475,0.0,0.0
1.8351877877405718,-1.2130902325742767,0.4558866246216888,0.0,0.0
1.8351877877405718,-1.150880477057647,0.4506754114380758,0.0,0.0
1.8351877877405718,-1.0886707215410176,0.4457746878606098,0.0,0.0
1.8351877877405718,-1.0264609660243877,0.4411801211231784,0.0,0.0
1.8351877877405718,-0.9642512105077583,0.4368870897294236,0.0,0.0
1.8351877877405718,-0.9020414549911289,0.4328908177887914,0.0,0.0
1.8351877877405718,-0.8398316994744994,0.4291864871188743,0.0,0.0
1.8351877877405718,-0.7776219439578695,0.4257693303392803,0.0,0.0
1.8351877877405718,-0.7154121884412401,0.4226347078068048,0.0,0.0
1.8351877877405718,-0.6532024329246107,0.4197781708859322,0.0,0.0
1.8351877877405718,-0.5909926774079808,0.41719551371937186,0.0,0.0
1.8351877877405718,-0.5287829218913513,0.41488281536357996,0.0,0.0
1.8351877877405718,-0.4665731663747219,0.41283647388473205,0.0,0.0
1.8351877877405718,-0.40436341085809246,0.41105323377046826,0.0,0.0
1.8351877877405718,-0.3421536553414626,0.409530207799974,0.0,0.0
1.8351877877405718,-0.27994389982483314,0.4082648943270674,0.0,0.0
1.8351877877405718,-0.2177341443082037,0.4072551907650561,0.0,0.0
1.8351877877405718,-0.15552438879157382,0.4064994039152653,0.0,0.0
1.8351877877405718,-0.09331463327494438,0.4059962576503334,0.0,0.0
1.8351877877405718,-0.03110487775831494,0.40574489834573685,0.0,0.0
1.8351877877405718,0.031104877758314498,0.40574489834573685,0.0,0.0
1.8351877877405718,0.09331463327494438,0.4059962576503334,0.0,0.0
1.8351877877405718,0.15552438879157382,0.4064994039152653,0.0,0.0
1.8351877877405718,0.21773414430820326,0.4072551907650561,0.0,0.0
1.8351877877405718,0.2799438998248327,0.40826489432706736,0.0,0.0
1.8351877877405718,0.3421536553414626,0.409530207799974,0.0,0.0
1.8351877877405718,0.404363410858092,0.4110532337704682,0.0,0.0
1.8351877877405718,0.46657316637472146,0.4128364738847321,0.0,0.0
1.8351877877405718,0.5287829218913513,0.41488281536357996,0.0,0.0
1.8351877877405718,0.5909926774079808,0.41719551371937186,0.0,0.0
1.8351877877405718,0.6532024329246102,0.41977817088593217,0.0,0.0
1.8351877877405718,0.7154121884412397,0.4226347078068048,0.0,0.0
1.8351877877405718,0.7776219439578695,0.4257693303392803,0.0,0.0
1.8351877877405718,0.839831699474499,0.42918648711887425,0.0,0.0
1.8351877877405718,0.9020414549911289,0.4328908177887914,0.0,0.0
1.8351877877405718,0.9642512105077579,0.43688708972942353,0.0,0.0
1.8351877877405718,1.0264609660243877,0.4411801211231784,0.0,0.0
1.8351877877405718,1.0886707215410176,0.4457746878606098,0.0,0.0
1.8351877877405718,1.1508804770576466,0.4506754114380758,0.0,0.0
1.8351877877405718,1.2130902325742765,0.45588662462168866,0.0,0.0
1.8351877877405718,1.2752999880909055,0.4614122112689475,0.0,0.0
1.8351877877405718,1.3375097436075354,0.46725541632694084,0.0,0.0
1.8351877877405718,1.3997194991241653,0.4734186216926278,0.0,0.0
1.8351877877405718,1.4619292546407943,0.4799030833671659,0.0,0.0
1.8351877877405718,1.5241390101574241,0.486708625219303,0.0,0.0
1.8351877877405718,1.586348765674054,0.4938332847692505,0.0,0.0
1.8351877877405718,1.648558521190683,0.5012729068151633,0.0,0.0
1.8351877877405718,1.710768276707313,0.5090206815782183,0.0,0.0
1.8351877877405718,1.7729780322239428,0.5170666254984398,0.0,0.0
1.8351877877405718,1.8351877877405718,0.5253970050607859,0.0,0.0
1.8351877877405718,1.8973975432572017,0.5339937072825803,0.0,0.0
1.8351877877405718,1.9596072987738316,0.5428335649725436,0.0,0.0
1.8351877877405718,2.0218170542904605,0.5518876507864334,0.0,0.0
1.8351877877405718,2.0840268098070904,0.5611205616052327,0.0,0.0
1.8351877877405718,2.1462365653237194,0.5704897238800553,0.0,0.0
1.8351877877405718,2.2084463208403493,0.5799447611507901,0.0,0.0
1.8351877877405718,2.270656076356979,0.5894269764725476,0.0,0.0
1.8351877877405718,2.332865831873608,0.5988690140737557,0.0,0.0
1.8351877877405718,2.395075587390238,0.6081947747992485,0.0,0.0
1.8351877877405718,2.457285342906868,0.6173196667661902,0.0,0.0
1.8351877877405718,2.519495098423497,0.6261512736658502,0.0,0.0
1.8351877877405718,2.581704853940127,0.6345905154618182,0.0,0.0
1.8351877877405718,2.6439146094567567,0.6425333571741884,0.0,0.0
1.8351877877405718,2.7061243649733857,0.6498730890982541,0.0,0.0
1.8351877877405718,2.7683341204900156,0.6565031559096315,0.0,0.0
1.8351877877405718,2.8305438760066455,0.6623204548522081,0.0,0.0
1.8351877877405718,2.8927536315232745,0.6672289598461038,0.0,0.0
1.8351877877405718,2.9549633870399044,0.6711434671951457,0.0,0.0
1.8351877877405718,3.0171731425565333,0.673993210085253,0.0,0.0
1.8351877877405718,3.0793828980731632,0.6757250640320108,0.0,0.0
1.8973975432572017,-3.141592653589793,0.6949445584010707,0.0,0.0
1.8973975432572017,-3.0793828980731637,0.6943142229160958,0.0,0.0
1.8973975432572017,-3.017173142556534,0.692435873730824,0.0,0.0
1.8973975432572017,-2.9549633870399044,0.6893468215744433,0.0,0.0
1.8973975432572017,-2.892753631523275,0.6851071139934538,0.0,0.0
1.8973975432572017,-2.8305438760066455,0.6797965520591747,0.0,0.0
1.8973975432572017,-2.7683341204900156,0.6735109216121086,0.0,0.0
1.8973975432572017,-2.706124364973386,0.666357770250871,0.0,0.0
1.8973975432572017,-2.6439146094567567,0.6584520659437716,0.0,0.0
1.8973975432572017,-2.581704853940127,0.6499120380241101,0.0,0.0
1.8973975432572017,-2.5194950984234974,0.6408554380660973,0.0,0.0
1.8973975432572017,-2.457285342906868,0.6313963808704551,0.0,0.0
1.8973975432572017,-2.395075587390238,0.6216428478016122,0.0,0.0
1.8973975432572017,-2.3328658318736086,0.6116948661267246,0.0,0.0
1.8973975432572017,-2.270656076356979,0.6016433247862382,0.0,0.0
1.8973975432572017,-2.2084463208403498,0.5915693512037118,0.0,0.0
1.8973975432572017,-2.1462365653237203,0.581544154314378,0.0,0.0
1.8973975432572017,-2.0840268098070904,0.5716292330975745,0.0,0.0
1.8973975432572017,-2.021817054290461,0.5618768539103528,0.0,0.0
1.8973975432572017,-1.9596072987738313,0.5523307102535638,0.0,0.0
1.8973975432572017,-1.897397543257202,0.5430266922023946,0.0,0.0
1.8973975432572017,-1.8351877877405722,0.5339937072825804,0.0,0.0
1.8973975432572017,-1.7729780322239428,0.5252545085006649,0.0,0.0
1.8973975432572017,-1.7107682767073131,0.5168264976158283,0.0,0.0
1.8973975432572017,-1.6485585211906835,0.5087224821419253,0.0,0.0
1.8973975432572017,-1.586348765674054,0.500951372905834,0.0,0.0
1.8973975432572017,-1.5241390101574244,0.4935188153906861,0.0,0.0
1.8973975432572017,-1.461929254640795,0.48642775280281864,0.0,0.0
1.8973975432572017,-1.3997194991241653,0.47967892210626323,0.0,0.0
1.8973975432572017,-1.3375097436075358,0.4732712864545672,0.0,0.0
1.8973975432572017,-1.2752999880909062,0.4672024087771341,0.0,0.0
1.8973975432572017,-1.2130902325742767,0.461468771968873,0.0,0.0
1.8973975432572017,-1.150880477057647,0.456066051369834,0.0,0.0
1.8973975432572017,-1.0886707215410176,0.4509893451491884,0.0,0.0
1.8973975432572017,-1.0264609660243877,0.4462333679348542,0.0,0.0
1.8973975432572017,-0.9642512105077583,0.44179261263738734,0.0,0.0
1.8973975432572017,-0.9020414549911289,0.43766148496268614,0.0,0.0
1.8973975432572017,-0.8398316994744994,0.4338344146330789,0.0,0.0
1.8973975432572017,-0.7776219439578695,0.4303059468674432,0.0,0.0
1.8973975432572017,-0.7154121884412401,0.4270708172251669,0.0,0.0
1.8973975432572017,-0.6532024329246107,0.4241240125058056,0.0,0.0
1.8973975432572017,-0.5909926774079808,0.4214608200209957,0.0,0.0
1.8973975432572017,-0.5287829218913513,0.4190768672188648,0.0,0.0
1.8973975432572017,-0.4665731663747219,0.4169681533428995,0.0,0.0
1.8973975432572017,-0.40436341085809246,0.41513107454465165,0.0,0.0
1.8973975432572017,-0.3421536553414626,0.41356244363960487,0.0,0.0
1.8973975432572017,-0.27994389982483314,0.41225950549445034,0.0,0.0
1.8973975432572017,-0.2177341443082037,0.4112199488582072,0.0,0.0
1.8973975432572017,-0.15552438879157382,0.4104419152954211,0.0,0.0
1.8973975432572017,-0.09331463327494438,0.4099240057435288,0.0,0.0
1.8973975432572017,-0.03110487775831494,0.40966528509501315,0.0,0.0
1.8973975432572017,0.031104877758314498,0.40966528509501315,0.0,0.0
1.8973975432572017,0.09331463327494438,0.4099240057435288,0.0,0.0
1.8973975432572017,0.15552438879157382,0.4104419152954211,0.0,0.0
1.8973975432572017,0.21773414430820326,0.4112199488582072,0.0,0.0
1.8973975432572017,0.2799438998248327,0.4122595054944503,0.0,0.0
1.8973975432572017,0.3421536553414626,0.41356244363960487,0.0,0.0
1.8973975432572017,0.404363410858092,0.41513107454465165,0.0,0.0
1.8973975432572017,0.46657316637472146,0.4169681533428995,0.0,0.0
1.8973975432572017,0.5287829218913513,0.4190768672188648,0.0,0.0
1.8973975432572017,0.5909926774079808,0.4214608200209957,0.0,0.0
1.8973975432572017,0.6532024329246102,0.4241240125058056,0.0,0.0
1.8973975432572017,0.7154121884412397,0.4270708172251669,0.0,0.0
1.8973975432572017,0.7776219439578695,0.4303059468674432,0.0,0.0
1.8973975432572017,0.839831699474499,0.43383441463307887,0.0,0.0
1.8973975432572017,0.9020414549911289,0.43766148496268614,0.0,0.0
1.8973975432572017,0.9642512105077579,0.4417926126373873,0.0,0.0
1.8973975432572017,1.0264609660243877,0.4462333679348542,0.0,0.0
1.8973975432572017,1.0886707215410176,0.4509893451491884,0.0,0.0
1.8973975432572017,1.1508804770576466,0.456066051369834,0.0,0.0
1.8973975432572017,1.2130902325742765,0.4614687719688729,0.0,0.0
1.8973975432572017,1.2752999880909055,0.46720240877713404,0.0,0.0
1.8973975432572017,1.3375097436075354,0.4732712864545672,0.0,0.0
1.8973975432572017,1.3997194991241653,0.47967892210626323,0.0,0.0
1.8973975432572017,1.4619292546407943,0.4864277528028185,0.0,0.0
1.8973975432572017,1.5241390101574241,0.4935188153906861,0.0,0.0
1.8973975432572017,1.586348765674054,0.500951372905834,0.0,0.0
1.8973975432572017,1.648558521190683,0.5087224821419252,0.0,0.0
1.8973975432572017,1.710768276707313,0.5168264976158282,0.0,0.0
1.8973975432572017,1.7729780322239428,0.5252545085006649,0.0,0.0
1.8973975432572017,1.8351877877405718,0.5339937072825803,0.0,0.0
1.8973975432572017,1.8973975432572017,0.5430266922023945,0.0,0.0
1.8973975432572017,1.9596072987738316,0.5523307102535638,0.0,0.0
1.8973975432572017,2.0218170542904605,0.5618768539103527,0.0,0.0
1.8973975432572017,2.0840268098070904,0.5716292330975745,0.0,0.0
1.8973975432572017,2.1462365653237194,0.5815441543143779,0.0,0.0
1.8973975432572017,2.2084463208403493,0.5915693512037117,0.0,0.0
1.8973975432572017,2.270656076356979,0.6016433247862382,0.0,0.0
1.8973975432572017,2.332865831873608,0.6116948661267245,0.0,0.0
1.8973975432572017,2.395075587390238,0.6216428478016122,0.0,0.0
1.8973975432572017,2.457285342906868,0.6313963808704551,0.0,0.0
1.8973975432572017,2.519495098423497,0.6408554380660972,0.0,0.0
1.8973975432572017,2.581704853940127,0.6499120380241101,0.0,0.0
1.8973975432572017,2.6439146094567567,0.6584520659437716,0.0,0.0
1.8973975432572017,2.7061243649733857,0.666357770250871,0.0,0.0
1.8973975432572017,2.7683341204900156,0.6735109216121086,0.0,0.0
1.8973975432572017,2.8305438760066455,0.6797965520591747,0.0,0.0
1.8973975432572017,2.8927536315232745,0.6851071139934538,0.0,0.0
1.8973975432572017,2.9549633870399044,0.6893468215744433,0.0,0.0
1.8973975432572017,3.0171731425565333,0.692435873730824,0.0,0.0
1.8973975432572017,3.0793828980731632,0.6943142229160958,0.0,0.0
1.9596072987738316,-3.141592653589793,0.7147730742046388,0.0,0.0
1.9596072987738316,-3.0793828980731637,0.714087283419157,0.0,0.0
1.9596072987738316,-3.017173142556534,0.7120443211740943,0.0,0.0
1.9596072987738316,-2.9549633870399044,0.7086866280158426,0.0,0.0
1.9596072987738316,-2.892753631523275,0.7040823889937846,0.0,0.0
1.9596072987738316,-2.8305438760066455,0.6983219875972135,0.0,0.0
1.9596072987738316,-2.7683341204900156,0.691513548883212,0.0,0.0
1.9596072987738316,-2.706124364973386,0.6837779796532533,0.0,0.0
1.9596072987738316,-2.6439146094567567,0.6752439141085502,0.0,0.0
1.9596072987738316,-2.581704853940127,0.6660429242680356,0.0,0.0
1.9596072987738316,-2.5194950984234974,0.6563052714994171,0.0,0.0
1.9596072987738316,-2.457285342906868,0.6461563774504453,0.0,0.0
1.9596072987738316,-2.395075587390238,0.6357140963869403,0.0,0.0
1.9596072987738316,-2.3328658318736086,0.6250867887340238,0.0,0.0
1.9596072987738316,-2.270656076356979,0.6143721341433224,0.0,0.0
1.9596072987738316,-2.2084463208403498,0.6036565832461894,0.0,0.0
1.9596072987738316,-2.1462365653237203,0.5930153282843804,0.0,0.0
1.9596072987738316,-2.0840268098070904,0.582512669852249,0.0,0.0
1.9596072987738316,-2.021817054290461,0.572202665194337,0.0,0.0
1.9596072987738316,-1.9596072987738313,0.5621299583511788,0.0,0.0
1.9596072987738316,-1.897397543257202,0.5523307102535638,0.0,0.0
1.9596072987738316,-1.8351877877405722,0.5428335649725436,0.0,0.0
1.9596072987738316,-1.7729780322239428,0.5336606050441468,0.0,0.0
1.9596072987738316,-1.7107682767073131,0.5248282631960931,0.0,0.0
1.9596072987738316,-1.6485585211906835,0.5163481695754389,0.0,0.0
1.9596072987738316,-1.586348765674054,0.5082279227542662,0.0,0.0
1.9596072987738316,-1.5241390101574244,0.5004717796350266,0.0,0.0
1.9596072987738316,-1.461929254640795,0.4930812642475698,0.0,0.0
1.9596072987738316,-1.3997194991241653,0.4860556987086997,0.0,0.0
1.9596072987738316,-1.3375097436075358,0.4793926616618911,0.0,0.0
1.9596072987738316,-1.2752999880909062,0.47308838064303016,0.0,0.0
1.9596072987738316,-1.2130902325742767,0.4671380652869593,0.0,0.0
1.9596072987738316,-1.150880477057647,0.46153618830478976,0.0,0.0
1.9596072987738316,-1.0886707215410176,0.45627672088093213,0.0,0.0
1.9596072987738316,-1.0264609660243877,0.45135332867844113,0.0,0.0
1.9596072987738316,-0.9642512105077583,0.44675953408562896,0.0,0.0
1.9596072987738316,-0.9020414549911289,0.4424888497443586,0.0,0.0
1.9596072987738316,-0.8398316994744994,0.43853488780997346,0.0,0.0
1.9596072987738316,-0.7776219439578695,0.4348914488290785,0.0,0.0
1.9596072987738316,-0.7154121884412401,0.4315525935987222,0.0,0.0
1.9596072987738316,-0.6532024329246107,0.428512700896047,0.0,0.0
1.9596072987738316,-0.5909926774079808,0.42576651354345235,0.0,0.0
1.9596072987738316,-0.5287829218913513,0.42330917489980907,0.0,0.0
1.9596072987738316,-0.4665731663747219,0.4211362575403701,0.0,0.0
1.9596072987738316,-0.40436341085809246,0.41924378560274933,0.0,0.0
1.9596072987738316,-0.3421536553414626,0.41762825202911363,0.0,0.0
1.9596072987738316,-0.27994389982483314,0.4162866317208567,0.0,0.0
1.9596072987738316,-0.2177341443082037,0.4152163914368457,0.0,0.0
1.9596072987738316,-0.15552438879157382,0.4144154971054353,0.0,0.0
1.9596072987738316,-0.09331463327494438,0.41388241907964524,0.0,0.0
1.9596072987738316,-0.03110487775831494,0.4136161357403434,0.0,0.0
1.9596072987738316,0.031104877758314498,0.4136161357403434,0.0,0.0
1.9596072987738316,0.09331463327494438,0.41388241907964524,0.0,0.0
1.9596072987738316,0.15552438879157382,0.4144154971054353,0.0,0.0
1.9596072987738316,0.21773414430820326,0.4152163914368457,0.0,0.0
1.9596072987738316,0.2799438998248327,0.4162866317208566,0.0,0.0
1.9596072987738316,0.3421536553414626,0.41762825202911363,0.0,0.0
1.9596072987738316,0.404363410858092,0.41924378560274933,0.0,0.0
1.9596072987738316,0.46657316637472146,0.42113625754037015,0.0,0.0
1.9596072987738316,0.5287829218913513,0.42330917489980907,0.0,0.0
1.9596072987738316,0.5909926774079808,0.42576651354345235,0.0,0.0
1.9596072987738316,0.6532024329246102,0.4285127008960469,0.0,0.0
1.9596072987738316,0.7154121884412397,0.4315525935987222,0.0,0.0
1.9596072987738316,0.7776219439578695,0.4348914488290785,0.0,0.0
1.9596072987738316,0.839831699474499,0.43853488780997346,0.0,0.0
1.9596072987738316,0.9020414549911289,0.4424888497443586,0.0,0.0
1.9596072987738316,0.9642512105077579,0.4467595340856289,0.0,0.0
1.9596072987738316,1.0264609660243877,0.45135332867844113,0.0,0.0
1.9596072987738316,1.0886707215410176,0.45627672088093213,0.0,0.0
1.9596072987738316,1.1508804770576466,0.46153618830478976,0.0,0.0
1.9596072987738316,1.2130902325742765,0.4671380652869593,0.0,0.0
1.9596072987738316,1.2752999880909055,0.4730883806430301,0.0,0.0
1.9596072987738316,1.3375097436075354,0.479392661661891,0.0,0.0
1.9596072987738316,1.3997194991241653,0.4860556987086997,0.0,0.0
1.9596072987738316,1.4619292546407943,0.4930812642475697,0.0,0.0
1.9596072987738316,1.5241390101574241,0.5004717796350266,0.0,0.0
1.9596072987738316,1.586348765674054,0.5082279227542662,0.0,0.0
1.9596072987738316,1.648558521190683,0.5163481695754389,0.0,0.0
1.9596072987738316,1.710768276707313,0.5248282631960931,0.0,0.0
1.9596072987738316,1.7729780322239428,0.5336606050441468,0.0,0.0
1.9596072987738316,1.8351877877405718,0.5428335649725436,0.0,0.0
1.9596072987738316,1.8973975432572017,0.5523307102535638,0.0,0.0
1.9596072987738316,1.9596072987738316,0.5621299583511788,0.0,0.0
1.9596072987738316,2.0218170542904605,0.572202665194337,0.0,0.0
1.9596072987738316,2.0840268098070904,0.582512669852249,0.0,0.0
1.9596072987738316,2.1462365653237194,0.5930153282843803,0.0,0.0
1.9596072987738316,2.2084463208403493,0.6036565832461893,0.0,0.0
1.9596072987738316,2.270656076356979,0.6143721341433224,0.0,0.0
1.9596072987738316,2.332865831873608,0.6250867887340237,0.0,0.0
1.9596072987738316,2.395075587390238,0.6357140963869403,0.0,0.0
1.9596072987738316,2.457285342906868,0.6461563774504453,0.0,0.0
1.9596072987738316,2.519495098423497,0.656305271499417,0.0,0.0
1.9596072987738316,2.581704853940127,0.6660429242680356,0.0,0.0
1.9596072987738316,2.6439146094567567,0.6752439141085502,0.0,0.0
1.9596072987738316,2.7061243649733857,0.6837779796532533,0.0,0.0
1.9596072987738316,2.7683341204900156,0.691513548883212,0.0,0.0
1.9596072987738316,2.8305438760066455,0.6983219875972135,0.0,0.0
1.9596072987738316,2.8927536315232745,0.7040823889937846,0.0,0.0
1.9596072987738316,2.9549633870399044,0.7086866280158426,0.0,0.0
1.9596072987738316,3.0171731425565333,0.7120443211740943,0.0,0.0
1.9596072987738316,3.0793828980731632,0.7140872834191568,0.0,0.0
2.0218170542904605,-3.141592653589793,0.7358330994463572,0.0,0.0
2.0218170542904605,-3.0793828980731637,0.7350849511497419,0.0,0.0
2.0218170542904605,-3.017173142556534,0.7328569883007802,0.0,0.0
2.0218170542904605,-2.9549633870399044,0.729197707371109,0.0,0.0
2.0218170542904605,-2.892753631523275,0.7241848756906047,0.0,0.0
2.0218170542904605,-2.8305438760066455,0.7179212911634482,0.0,0.0
2.0218170542904605,-2.7683341204900156,0.7105294824778992,0.0,0.0
2.0218170542904605,-2.706124364973386,0.7021458553867227,0.0,0.0
2.0218170542904605,-2.6439146094567567,0.6929147843770973,0.0,0.0
2.0218170542904605,-2.581704853940127,0.6829830803698245,0.0,0.0
2.0218170542904605,-2.5194950984234974,0.6724951559243645,0.0,0.0
2.0218170542904605,-2.457285342906868,0.6615890845129521,0.0,0.0
2.0218170542904605,-2.395075587390238,0.6503936313325748,0.0,0.0
2.0218170542904605,-2.3328658318736086,0.6390262346949317,0.0,0.0
2.0218170542904605,-2.270656076356979,0.6275918464855516,0.0,0.0
2.0218170542904605,-2.2084463208403498,0.6161824981844396,0.0,0.0
2.0218170542904605,-2.1462365653237203,0.6048774417198465,0.0,0.0
2.0218170542904605,-2.0840268098070904,0.5937437159964962,0.0,0.0
2.0218170542904605,-2.021817054290461,0.5828370038934358,0.0,0.0
2.0218170542904605,-1.9596072987738313,0.572202665194337,0.0,0.0
2.0218170542904605,-1.897397543257202,0.5618768539103528,0.0,0.0
2.0218170542904605,-1.8351877877405722,0.5518876507864335,0.0,0.0
2.0218170542904605,-1.7729780322239428,0.5422561616749993,0.0,0.0
2.0218170542904605,-1.7107682767073131,0.5329975490903167,0.0,0.0
2.0218170542904605,-1.6485585211906835,0.5241219774494923,0.0,0.0
2.0218170542904605,-1.586348765674054,0.5156354624870808,0.0,0.0
2.0218170542904605,-1.5241390101574244,0.5075406225311638,0.0,0.0
2.0218170542904605,-1.461929254640795,0.49983733425393195,0.0,0.0
2.0218170542904605,-1.3997194991241653,0.49252329865516903,0.0,0.0
2.0218170542904605,-1.3375097436075358,0.48559452484560645,0.0,0.0
2.0218170542904605,-1.2752999880909062,0.47904574004036893,0.0,0.0
2.0218170542904605,-1.2130902325742767,0.4728707343477568,0.0,0.0
2.0218170542904605,-1.150880477057647,0.4670626486740492,0.0,0.0
2.0218170542904605,-1.0886707215410176,0.46161421353086046,0.0,0.0
2.0218170542904605,-1.0264609660243877,0.45651794585016053,0.0,0.0
2.0218170542904605,-0.9642512105077583,0.45176631016839724,0.0,0.0
2.0218170542904605,-0.9020414549911289,0.44735184979195375,0.0,0.0
2.0218170542904605,-0.8398316994744994,0.44326729283737576,0.0,0.0
2.0218170542904605,-0.7776219439578695,0.43950563737240067,0.0,0.0
2.0218170542904605,-0.7154121884412401,0.4360602192784751,0.0,0.0
2.0218170542904605,-0.6532024329246107,0.43292476591577217,0.0,0.0
2.0218170542904605,-0.5909926774079808,0.43009343819685847,0.0,0.0
2.0218170542904605,-0.5287829218913513,0.42756086326144394,0.0,0.0
2.0218170542904605,-0.4665731663747219,0.4253221595868815,0.0,0.0
2.0218170542904605,-0.40436341085809246,0.4233729560613455,0.0,0.0
2.0218170542904605,-0.3421536553414626,0.4217094062827652,0.0,0.0
2.0218170542904605,-0.27994389982483314,0.42032819912066155,0.0,0.0
2.0218170542904605,-0.2177341443082037,0.4192265663843432,0.0,0.0
2.0218170542904605,-0.15552438879157382,0.41840228827422365,0.0,0.0
2.0218170542904605,-0.09331463327494438,0.4178536971485052,0.0,0.0
2.0218170542904605,-0.03110487775831494,0.41757968001073204,0.0,0.0
2.0218170542904605,0.031104877758314498,0.41757968001073204,0.0,0.0
2.0218170542904605,0.09331463327494438,0.4178536971485052,0.0,0.0
2.0218170542904605,0.15552438879157382,0.41840228827422365,0.0,0.0
2.0218170542904605,0.21773414430820326,0.4192265663843432,0.0,0.0
2.0218170542904605,0.2799438998248327,0.4203281991206615,0.0,0.0
2.0218170542904605,0.3421536553414626,0.4217094062827652,0.0,0.0
2.0218170542904605,0.404363410858092,0.4233729560613455,0.0,0.0
2.0218170542904605,0.46657316637472146,0.4253221595868815,0.0,0.0
2.0218170542904605,0.5287829218913513,0.42756086326144394,0.0,0.0
2.0218170542904605,0.5909926774079808,0.43009343819685847,0.0,0.0
2.0218170542904605,0.6532024329246102,0.4329247659157721,0.0,0.0
2.0218170542904605,0.7154121884412397,0.4360602192784751,0.0,0.0
2.0218170542904605,0.7776219439578695,0.43950563737240067,0.0,0.0
2.0218170542904605,0.839831699474499,0.44326729283737576,0.0,0.0
2.0218170542904605,0.9020414549911289,0.44735184979195375,0.0,0.0
2.0218170542904605,0.9642512105077579,0.45176631016839713,0.0,0.0
2.0218170542904605,1.0264609660243877,0.45651794585016053,0.0,0.0
2.0218170542904605,1.0886707215410176,0.46161421353086046,0.0,0.0
2.0218170542904605,1.1508804770576466,0.4670626486740492,0.0,0.0
2.0218170542904605,1.2130902325742765,0.4728707343477567,0.0,0.0
2.0218170542904605,1.2752999880909055,0.47904574004036893,0.0,0.0
2.0218170542904605,1.3375097436075354,0.48559452484560645,0.0,0.0
2.0218170542904605,1.3997194991241653,0.49252329865516903,0.0,0.0
2.0218170542904605,1.4619292546407943,0.49983733425393195,0.0,0.0
2.0218170542904605,1.5241390101574241,0.5075406225311637,0.0,0.0
2.0218170542904605,1.586348765674054,0.5156354624870808,0.0,0.0
2.0218170542904605,1.648558521190683,0.5241219774494922,0.0,0.0
2.0218170542904605,1.710768276707313,0.5329975490903167,0.0,0.0
2.0218170542904605,1.7729780322239428,0.5422561616749993,0.0,0.0
2.0218170542904605,1.8351877877405718,0.5518876507864334,0.0,0.0
2.0218170542904605,1.8973975432572017,0.5618768539103527,0.0,0.0
2.0218170542904605,1.9596072987738316,0.572202665194337,0.0,0.0
2.0218170542904605,2.0218170542904605,0.5828370038934357,0.0,0.0
2.0218170542904605,2.0840268098070904,0.5937437159964962,0.0,0.0
2.0218170542904605,2.1462365653237194,0.6048774417198463,0.0,0.0
2.0218170542904605,2.2084463208403493,0.6161824981844396,0.0,0.0
2.0218170542904605,2.270656076356979,0.6275918464855516,0.0,0.0
2.0218170542904605,2.332865831873608,0.6390262346949316,0.0,0.0
2.0218170542904605,2.395075587390238,0.6503936313325748,0.0,0.0
2.0218170542904605,2.457285342906868,0.6615890845129521,0.0,0.0
2.0218170542904605,2.519495098423497,0.6724951559243644,0.0,0.0
2.0218170542904605,2.581704853940127,0.6829830803698245,0.0,0.0
2.0218170542904605,2.6439146094567567,0.6929147843770973,0.0,0.0
2.0218170542904605,2.7061243649733857,0.7021458553867226,0.0,0.0
2.0218170542904605,2.7683341204900156,0.7105294824778992,0.0,0.0
2.0218170542904605,2.8305438760066455,0.7179212911634482,0.0,0.0
2.0218170542904605,2.8927536315232745,0.7241848756906047,0.0,0.0
2.0218170542904605,2.9549633870399044,0.729197707371109,0.0,0.0
2.0218170542904605,3.0171731425565333,0.7328569883007802,0.0,0.0
2.0218170542904605,3.0793828980731632,0.7350849511497419,0.0,0.0
2.0840268098070904,-3.141592653589793,0.7581560553157345,0.0,0.0
2.0840268098070904,-3.0793828980731637,0.7573378076472603,0.0,0.0
2.0840268098070904,-3.017173142556534,0.7549019996368321,0.0,0.0
2.0840268098070904,-2.9549633870399044,0.750904287399014,0.0,0.0
2.0840268098070904,-2.892753631523275,0.7454337356992019,0.0,0.0
2.0840268098070904,-2.8305438760066455,0.7386077189811392,0.0,0.0
2.0840268098070904,-2.7683341204900156,0.7305655869076145,0.0,0.0
2.0840268098070904,-2.706124364973386,0.7214617249328078,0.0,0.0
2.0840268098070904,-2.6439146094567567,0.7114586232026134,0.0,0.0
2.0840268098070904,-2.581704853940127,0.7007204712066585,0.0,0.0
2.0840268098070904,-2.5194950984234974,0.6894076514444208,0.0,0.0
2.0840268098070904,-2.457285342906868,0.6776723458307234,0.0,0.0
2.0840268098070904,-2.395075587390238,0.6656553211575252,0.0,0.0
2.0840268098070904,-2.3328658318736086,0.6534838424226476,0.0,0.0
2.0840268098070904,-2.270656076356979,0.6412705826620764,0.0,0.0
2.0840268098070904,-2.2084463208403498,0.6291133541514607,0.0,0.0
2.0840268098070904,-2.1462365653237203,0.6170954722902909,0.0,0.0
2.0840268098070904,-2.0840268098070904,0.6052865717324974,0.0,0.0
2.0840268098070904,-2.021817054290461,0.5937437159964964,0.0,0.0
2.0840268098070904,-1.9596072987738313,0.582512669852249,0.0,0.0
2.0840268098070904,-1.897397543257202,0.5716292330975745,0.0,0.0
2.0840268098070904,-1.8351877877405722,0.5611205616052327,0.0,0.0
2.0840268098070904,-1.7729780322239428,0.5510064249809574,0.0,0.0
2.0840268098070904,-1.7107682767073131,0.5413003691700198,0.0,0.0
2.0840268098070904,-1.6485585211906835,0.5320107669561259,0.0,0.0
2.0840268098070904,-1.586348765674054,0.5231417499849701,0.0,0.0
2.0840268098070904,-1.5241390101574244,0.5146940233654972,0.0,0.0
2.0840268098070904,-1.461929254640795,0.5066655687350077,0.0,0.0
2.0840268098070904,-1.3997194991241653,0.49905224454711095,0.0,0.0
2.0840268098070904,-1.3375097436075358,0.49184829378975786,0.0,0.0
2.0840268098070904,-1.2752999880909062,0.4850467697969854,0.0,0.0
2.0840268098070904,-1.2130902325742767,0.4786398906174301,0.0,0.0
2.0840268098070904,-1.150880477057647,0.4726193317948148,0.0,0.0
2.0840268098070904,-1.0886707215410176,0.4669764665802622,0.0,0.0
2.0840268098070904,-1.0264609660243877,0.461702561658331,0.0,0.0
2.0840268098070904,-0.9642512105077583,0.4567889355114481,0.0,0.0
2.0840268098070904,-0.9020414549911289,0.45222708562366304,0.0,0.0
2.0840268098070904,-0.8398316994744994,0.4480087898653719,0.0,0.0
2.0840268098070904,-0.7776219439578695,0.444126186621687,0.0,0.0
2.0840268098070904,-0.7154121884412401,0.4405718375342274,0.0,0.0
2.0840268098070904,-0.6532024329246107,0.4373387761185324,0.0,0.0
2.0840268098070904,-0.5909926774079808,0.43442054499236155,0.0,0.0
2.0840268098070904,-0.5287829218913513,0.4318112239969929,0.0,0.0
2.0840268098070904,-0.4665731663747219,0.4295054511063985,0.0,0.0
2.0840268098070904,-0.40436341085809246,0.4274984376897862,0.0,0.0
2.0840268098070904,-0.3421536553414626,0.42578597941356483,0.0,0.0
2.0840268098070904,-0.27994389982483314,0.42436446383195503,0.0,0.0
2.0840268098070904,-0.2177341443082037,0.42323087551445904,0.0,0.0
2.0840268098070904,-0.15552438879157382,0.4223827993871036,0.0,0.0
2.0840268098070904,-0.09331463327494438,0.42181842281728577,0.0,0.0
2.0840268098070904,-0.03110487775831494,0.4215365368442487,0.0,0.0
2.0840268098070904,0.031104877758314498,0.4215365368442487,0.0,0.0
2.0840268098070904,0.09331463327494438,0.42181842281728577,0.0,0.0
2.0840268098070904,0.15552438879157382,0.4223827993871036,0.0,0.0
2.0840268098070904,0.21773414430820326,0.42323087551445904,0.0,0.0
2.0840268098070904,0.2799438998248327,0.42436446383195503,0.0,0.0
2.0840268098070904,0.3421536553414626,0.42578597941356483,0.0,0.0
2.0840268098070904,0.404363410858092,0.4274984376897862,0.0,0.0
2.0840268098070904,0.46657316637472146,0.4295054511063985,0.0,0.0
2.0840268098070904,0.5287829218913513,0.4318112239969929,0.0,0.0
2.0840268098070904,0.5909926774079808,0.43442054499236155,0.0,0.0
2.0840268098070904,0.6532024329246102,0.4373387761185323,0.0,0.0
2.0840268098070904,0.7154121884412397,0.4405718375342274,0.0,0.0
2.0840268098070904,0.7776219439578695,0.444126186621687,0.0,0.0
2.0840268098070904,0.839831699474499,0.4480087898653719,0.0,0.0
2.0840268098070904,0.9020414549911289,0.45222708562366304,0.0,0.0
2.0840268098070904,0.9642512105077579,0.45678893551144806,0.0,0.0
2.0840268098070904,1.0264609660243877,0.461702561658331,0.0,0.0
2.0840268098070904,1.0886707215410176,0.4669764665802622,0.0,0.0
2.0840268098070904,1.1508804770576466,0.4726193317948148,0.0,0.0
2.0840268098070904,1.2130902325742765,0.47863989061743006,0.0,0.0
2.0840268098070904,1.2752999880909055,0.48504676979698536,0.0,0.0
2.0840268098070904,1.3375097436075354,0.4918482937897578,0.0,0.0
2.0840268098070904,1.3997194991241653,0.49905224454711095,0.0,0.0
2.0840268098070904,1.4619292546407943,0.5066655687350076,0.0,0.0
2.0840268098070904,1.5241390101574241,0.5146940233654971,0.0,0.0
2.0840268098070904,1.586348765674054,0.5231417499849701,0.0,0.0
2.0840268098070904,1.648558521190683,0.5320107669561259,0.0,0.0
2.0840268098070904,1.710768276707313,0.5413003691700198,0.0,0.0
2.0840268098070904,1.7729780322239428,0.5510064249809574,0.0,0.0
2.0840268098070904,1.8351877877405718,0.5611205616052327,0.0,0.0
2.0840268098070904,1.8973975432572017,0.5716292330975745,0.0,0.0
2.0840268098070904,1.9596072987738316,0.582512669852249,0.0,0.0
2.0840268098070904,2.0218170542904605,0.5937437159964962,0.0,0.0
2.0840268098070904,2.0840268098070904,0.6052865717324974,0.0,0.0
2.0840268098070904,2.1462365653237194,0.6170954722902908,0.0,0.0
2.0840268098070904,2.2084463208403493,0.6291133541514606,0.0,0.0
2.0840268098070904,2.270656076356979,0.6412705826620764,0.0,0.0
2.0840268098070904,2.332865831873608,0.6534838424226475,0.0,0.0
2.0840268098070904,2.395075587390238,0.6656553211575252,0.0,0.0
2.0840268098070904,2.457285342906868,0.6776723458307234,0.0,0.0
2.0840268098070904,2.519495098423497,0.6894076514444208,0.0,0.0
2.0840268098070904,2.581704853940127,0.7007204712066585,0.0,0.0
2.0840268098070904,2.6439146094567567,0.7114586232026134,0.0,0.0
2.0840268098070904,2.7061243649733857,0.7214617249328077,0.0,0.0
2.0840268098070904,2.7683341204900156,0.7305655869076145,0.0,0.0
2.0840268098070904,2.8305438760066455,0.7386077189811392,0.0,0.0
2.0840268098070904,2.8927536315232745,0.7454337356992019,0.0,0.0
2.0840268098070904,2.9549633870399044,0.750904287399014,0.0,0.0
2.0840268098070904,3.0171731425565333,0.7549019996368321,0.0,0.0
2.0840268098070904,3.0793828980731632,0.7573378076472603,0.0,0.0
2.1462365653237194,-3.141592653589793,0.7817584121545909,0.0,0.0
2.1462365653237194,-3.0793828980731637,0.7808614333017502,0.0,0.0
2.1462365653237194,-3.017173142556534,0.7781923382095418,0.0,0.0
2.1462365653237194,-2.9549633870399044,0.773815253528852,0.0,0.0
2.1462365653237194,-2.892753631523275,0.7678325698349958,0.0,0.0
2.1462365653237194,-2.8305438760066455,0.7603787786151132,0.0,0.0
2.1462365653237194,-2.7683341204900156,0.7516128663512757,0.0,0.0
2.1462365653237194,-2.706124364973386,0.7417100562481436,0.0,0.0
2.1462365653237194,-2.6439146094567567,0.730853653788329,0.0,0.0
2.1462365653237194,-2.581704853940127,0.7192276186141077,0.0,0.0
2.1462365653237194,-2.5194950984234974,0.707010294420653,0.0,0.0
2.1462365653237194,-2.457285342906868,0.6943695244974553,0.0,0.0
2.1462365653237194,-2.395075587390238,0.681459198264368,0.0,0.0
2.1462365653237194,-2.3328658318736086,0.6684171345858921,0.0,0.0
2.1462365653237194,-2.270656076356979,0.6553641178216357,0.0,0.0
2.1462365653237194,-2.2084463208403498,0.6424038589120831,0.0,0.0
2.1462365653237194,-2.1462365653237203,0.6296236466776929,0.0,0.0
2.1462365653237194,-2.0840268098070904,0.6170954722902908,0.0,0.0
2.1462365653237194,-2.021817054290461,0.6048774417198464,0.0,0.0
2.1462365653237194,-1.9596072987738313,0.5930153282843803,0.0,0.0
2.1462365653237194,-1.897397543257202,0.581544154314378,0.0,0.0
2.1462365653237194,-1.8351877877405722,0.5704897238800554,0.0,0.0
2.1462365653237194,-1.7729780322239428,0.5598700558899654,0.0,0.0
2.1462365653237194,-1.7107682767073131,0.5496966883048502,0.0,0.0
2.1462365653237194,-1.6485585211906835,0.5399758401410764,0.0,0.0
2.1462365653237194,-1.586348765674054,0.5307094291636647,0.0,0.0
2.1462365653237194,-1.5241390101574244,0.521895950611139,0.0,0.0
2.1462365653237194,-1.461929254640795,0.5135312268409308,0.0,0.0
2.1462365653237194,-1.3997194991241653,0.5056090402107284,0.0,0.0
2.1462365653237194,-1.3375097436075358,0.4981216624530711,0.0,0.0
2.1462365653237194,-1.2752999880909062,0.49106029375265514,0.0,0.0
2.1462365653237194,-1.2130902325742767,0.4844154240685543,0.0,0.0
2.1462365653237194,-1.150880477057647,0.4781771282237956,0.0,0.0
2.1462365653237194,-1.0886707215410176,0.47233530509788024,0.0,0.0
2.1462365653237194,-1.0264609660243877,0.46687987002747244,0.0,0.0
2.1462365653237194,-0.9642512105077583,0.46180090832482956,0.0,0.0
2.1462365653237194,-0.9020414549911289,0.4570887967086083,0.0,0.0
2.1462365653237194,-0.8398316994744994,0.452734298431239,0.0,0.0
2.1462365653237194,-0.7776219439578695,0.4487286369900969,0.0,0.0
2.1462365653237194,-0.7154121884412401,0.44506355252581614,0.0,0.0
2.1462365653237194,-0.6532024329246107,0.44173134433416844,0.0,0.0
2.1462365653237194,-0.5909926774079808,0.43872490233881806,0.0,0.0
2.1462365653237194,-0.5287829218913513,0.4360377298803984,0.0,0.0
2.1462365653237194,-0.4665731663747219,0.43366395976187583,0.0,0.0
2.1462365653237194,-0.40436341085809246,0.4315983651406039,0.0,0.0
2.1462365653237194,-0.3421536553414626,0.429836366564045,0.0,0.0
2.1462365653237194,-0.27994389982483314,0.4283740362000033,0.0,0.0
2.1462365653237194,-0.2177341443082037,0.42720810010543714,0.0,0.0
2.1462365653237194,-0.15552438879157382,0.4263359392035023,0.0,0.0
2.1462365653237194,-0.09331463327494438,0.42575558949022513,0.0,0.0
2.1462365653237194,-0.03110487775831494,0.4254657418646563,0.0,0.0
2.1462365653237194,0.031104877758314498,0.4254657418646563,0.0,0.0
2.1462365653237194,0.09331463327494438,0.42575558949022513,0.0,0.0
2.1462365653237194,0.15552438879157382,0.4263359392035023,0.0,0.0
2.1462365653237194,0.21773414430820326,0.42720810010543714,0.0,0.0
2.1462365653237194,0.2799438998248327,0.4283740362000033,0.0,0.0
2.1462365653237194,0.3421536553414626,0.429836366564045,0.0,0.0
2.1462365653237194,0.404363410858092,0.43159836514060385,0.0,0.0
2.1462365653237194,0.46657316637472146,0.43366395976187583,0.0,0.0
2.1462365653237194,0.5287829218913513,0.4360377298803984,0.0,0.0
2.1462365653237194,0.5909926774079808,0.43872490233881806,0.0,0.0
2.1462365653237194,0.6532024329246102,0.4417313443341684,0.0,0.0
2.1462365653237194,0.7154121884412397,0.44506355252581614,0.0,0.0
2.1462365653237194,0.7776219439578695,0.4487286369900969,0.0,0.0
2.1462365653237194,0.839831699474499,0.452734298431239,0.0,0.0
2.1462365653237194,0.9020414549911289,0.4570887967086083,0.0,0.0
2.1462365653237194,0.9642512105077579,0.4618009083248295,0.0,0.0
2.1462365653237194,1.0264609660243877,0.46687987002747244,0.0,0.0
2.1462365653237194,1.0886707215410176,0.47233530509788024,0.0,0.0
2.1462365653237194,1.1508804770576466,0.4781771282237956,0.0,0.0
2.1462365653237194,1.2130902325742765,0.48441542406855426,0.0,0.0
2.1462365653237194,1.2752999880909055,0.49106029375265503,0.0,0.0
2.1462365653237194,1.3375097436075354,0.498121662453071,0.0,0.0
2.1462365653237194,1.3997194991241653,0.5056090402107284,0.0,0.0
2.1462365653237194,1.4619292546407943,0.5135312268409307,0.0,0.0
2.1462365653237194,1.5241390101574241,0.521895950611139,0.0,0.0
2.1462365653237194,1.586348765674054,0.5307094291636647,0.0,0.0
2.1462365653237194,1.648558521190683,0.5399758401410762,0.0,0.0
2.1462365653237194,1.710768276707313,0.5496966883048502,0.0,0.0
2.1462365653237194,1.7729780322239428,0.5598700558899654,0.0,0.0
2.1462365653237194,1.8351877877405718,0.5704897238800553,0.0,0.0
2.1462365653237194,1.8973975432572017,0.5815441543143779,0.0,0.0
2.1462365653237194,1.9596072987738316,0.5930153282843803,0.0,0.0
2.1462365653237194,2.0218170542904605,0.6048774417198463,0.0,0.0
2.1462365653237194,2.0840268098070904,0.6170954722902908,0.0,0.0
2.1462365653237194,2.1462365653237194,0.6296236466776927,0.0,0.0
2.1462365653237194,2.2084463208403493,0.642403858912083,0.0,0.0
2.1462365653237194,2.270656076356979,0.6553641178216357,0.0,0.0
2.1462365653237194,2.332865831873608,0.668417134585892,0.0,0.0
2.1462365653237194,2.395075587390238,0.681459198264368,0.0,0.0
2.1462365653237194,2.457285342906868,0.6943695244974553,0.0,0.0
2.1462365653237194,2.519495098423497,0.7070102944206529,0.0,0.0
2.1462365653237194,2.581704853940127,0.7192276186141077,0.0,0.0
2.1462365653237194,2.6439146094567567,0.730853653788329,0.0,0.0
2.1462365653237194,2.7061243649733857,0.7417100562481435,0.0,0.0
2.1462365653237194,2.7683341204900156,0.7516128663512757,0.0,0.0
2.1462365653237194,2.8305438760066455,0.7603787786151132,0.0,0.0
2.1462365653237194,2.8927536315232745,0.7678325698349958,0.0,0.0
2.1462365653237194,2.9549633870399044,0.773815253528852,0.0,0.0
2.1462365653237194,3.0171731425565333,0.7781923382095418,0.0,0.0
2.1462365653237194,3.0793828980731632,0.7808614333017502,0.0,0.0
2.2084463208403493,-3.141592653589793,0.8066353955776381,0.0,0.0
2.2084463208403493,-3.0793828980731637,0.8056501419689633,0.0,0.0
2.2084463208403493,-3.017173142556534,0.8027196660126782,0.0,0.0
2.2084463208403493,-2.9549633870399044,0.7979181132353396,0.0,0.0
2.2084463208403493,-2.892753631523275,0.7913635844811784,0.0,0.0
2.2084463208403493,-2.8305438760066455,0.7832106535391319,0.0,0.0
2.2084463208403493,-2.7683341204900156,0.7736411989207324,0.0,0.0
2.2084463208403493,-2.706124364973386,0.7628545453808636,0.0,0.0
2.2084463208403493,-2.6439146094567567,0.7510578501401788,0.0,0.0
2.2084463208403493,-2.581704853940127,0.738457482651847,0.0,0.0
2.2084463208403493,-2.5194950984234974,0.7252518939297694,0.0,0.0
2.2084463208403493,-2.457285342906868,0.7116262104855033,0.0,0.0
2.2084463208403493,-2.395075587390238,0.697748563105037,0.0,0.0
2.2084463208403493,-2.3328658318736086,0.6837679962368324,0.0,0.0
2.2084463208403493,-2.270656076356979,0.6698137051419897,0.0,0.0
2.2084463208403493,-2.2084463208403498,0.6559953074493878,0.0,0.0
2.2084463208403493,-2.1462365653237203,0.6424038589120831,0.0,0.0
2.2084463208403493,-2.0840268098070904,0.6291133541514606,0.0,0.0
2.2084463208403493,-2.021817054290461,0.6161824981844396,0.0,0.0
2.2084463208403493,-1.9596072987738313,0.6036565832461893,0.0,0.0
2.2084463208403493,-1.897397543257202,0.5915693512037118,0.0,0.0
2.2084463208403493,-1.8351877877405722,0.5799447611507902,0.0,0.0
2.2084463208403493,-1.7729780322239428,0.5687986132750043,0.0,0.0
2.2084463208403493,-1.7107682767073131,0.5581400039157774,0.0,0.0
2.2084463208403493,-1.6485585211906835,0.547972603788237,0.0,0.0
2.2084463208403493,-1.586348765674054,0.538295762848071,0.0,0.0
2.2084463208403493,-1.5241390101574244,0.5291054524663986,0.0,0.0
2.2084463208403493,-1.461929254640795,0.5203950595971788,0.0,0.0
2.2084463208403493,-1.3997194991241653,0.5121560493908822,0.0,0.0
2.2084463208403493,-1.3375097436075358,0.5043785129749689,0.0,0.0
2.2084463208403493,-1.2752999880909062,0.4970516164387964,0.0,0.0
2.2084463208403493,-1.2130902325742767,0.490163965828484,0.0,0.0
2.2084463208403493,-1.150880477057647,0.4837039014541426,0.0,0.0
2.2084463208403493,-1.0886707215410176,0.47765973322303523,0.0,0.0
2.2084463208403493,-1.0264609660243877,0.47201992715484925,0.0,0.0
2.2084463208403493,-0.9642512105077583,0.4667732517783595,0.0,0.0
2.2084463208403493,-0.9020414549911289,0.46190889178825384,0.0,0.0
2.2084463208403493,-0.8398316994744994,0.45741653517089687,0.0,0.0
2.2084463208403493,-0.7776219439578695,0.4532864389885585,0.0,0.0
2.2084463208403493,-0.7154121884412401,0.4495094781351739,0.0,0.0
2.2084463208403493,-0.6532024329246107,0.4460771806306214,0.0,0.0
2.2084463208403493,-0.5909926774079808,0.4429817523904518,0.0,0.0
2.2084463208403493,-0.5287829218913513,0.4402160938792625,0.0,0.0
2.2084463208403493,-0.4665731663747219,0.43777381061430914,0.0,0.0
2.2084463208403493,-0.40436341085809246,0.43564921911842236,0.0,0.0
2.2084463208403493,-0.3421536553414626,0.4338373496160507,0.0,0.0
2.2084463208403493,-0.27994389982483314,0.43233394651288115,0.0,0.0
2.2084463208403493,-0.2177341443082037,0.4311354674888763,0.0,0.0
2.2084463208403493,-0.15552438879157382,0.4302390818588026,0.0,0.0
2.2084463208403493,-0.09331463327494438,0.4296426687065357,0.0,0.0
2.2084463208403493,-0.03110487775831494,0.4293448151736343,0.0,0.0
2.2084463208403493,0.031104877758314498,0.4293448151736343,0.0,0.0
2.2084463208403493,0.09331463327494438,0.4296426687065357,0.0,0.0
2.2084463208403493,0.15552438879157382,0.4302390818588026,0.0,0.0
2.2084463208403493,0.21773414430820326,0.4311354674888763,0.0,0.0
2.2084463208403493,0.2799438998248327,0.4323339465128811,0.0,0.0
2.2084463208403493,0.3421536553414626,0.4338373496160507,0.0,0.0
2.2084463208403493,0.404363410858092,0.43564921911842225,0.0,0.0
2.2084463208403493,0.46657316637472146,0.43777381061430914,0.0,0.0
2.2084463208403493,0.5287829218913513,0.4402160938792625,0.0,0.0
2.2084463208403493,0.5909926774079808,0.4429817523904518,0.0,0.0
2.2084463208403493,0.6532024329246102,0.4460771806306214,0.0,0.0
2.2084463208403493,0.7154121884412397,0.4495094781351739,0.0,0.0
2.2084463208403493,0.7776219439578695,0.4532864389885585,0.0,0.0
2.2084463208403493,0.839831699474499,0.45741653517089687,0.0,0.0
2.2084463208403493,0.9020414549911289,0.46190889178825384,0.0,0.0
2.2084463208403493,0.9642512105077579,0.4667732517783595,0.0,0.0
2.2084463208403493,1.0264609660243877,0.47201992715484925,0.0,0.0
2.2084463208403493,1.0886707215410176,0.47765973322303523,0.0,0.0
2.2084463208403493,1.1508804770576466,0.4837039014541426,0.0,0.0
2.2084463208403493,1.2130902325742765,0.4901639658284839,0.0,0.0
2.2084463208403493,1.2752999880909055,0.4970516164387963,0.0,0.0
2.2084463208403493,1.3375097436075354,0.5043785129749688,0.0,0.0
2.2084463208403493,1.3997194991241653,0.5121560493908822,0.0,0.0
2.2084463208403493,1.4619292546407943,0.5203950595971786,0.0,0.0
2.2084463208403493,1.5241390101574241,0.5291054524663986,0.0,0.0
2.2084463208403493,1.586348765674054,0.538295762848071,0.0,0.0
2.2084463208403493,1.648558521190683,0.5479726037882369,0.0,0.0
2.2084463208403493,1.710768276707313,0.5581400039157774,0.0,0.0
2.2084463208403493,1.7729780322239428,0.5687986132750043,0.0,0.0
2.2084463208403493,1.8351877877405718,0.5799447611507901,0.0,0.0
2.2084463208403493,1.8973975432572017,0.5915693512037117,0.0,0.0
2.2084463208403493,1.9596072987738316,0.6036565832461893,0.0,0.0
2.2084463208403493,2.0218170542904605,0.6161824981844396,0.0,0.0
2.2084463208403493,2.0840268098070904,0.6291133541514606,0.0,0.0
2.2084463208403493,2.1462365653237194,0.642403858912083,0.0,0.0
2.2084463208403493,2.2084463208403493,0.6559953074493878,0.0,0.0
2.2084463208403493,2.270656076356979,0.6698137051419897,0.0,0.0
2.2084463208403493,2.332865831873608,0.6837679962368323,0.0,0.0
2.2084463208403493,2.395075587390238,0.697748563105037,0.0,0.0
2.2084463208403493,2.457285342906868,0.7116262104855033,0.0,0.0
2.2084463208403493,2.519495098423497,0.7252518939297693,0.0,0.0
2.2084463208403493,2.581704853940127,0.738457482651847,0.0,0.0
2.2084463208403493,2.6439146094567567,0.7510578501401788,0.0,0.0
2.2084463208403493,2.7061243649733857,0.7628545453808635,0.0,0.0
2.2084463208403493,2.7683341204900156,0.7736411989207324,0.0,0.0
2.2084463208403493,2.8305438760066455,0.7832106535391319,0.0,0.0
2.2084463208403493,2.8927536315232745,0.7913635844811783,0.0,0.0
2.2084463208403493,2.9549633870399044,0.7979181132353396,0.0,0.0
2.2084463208403493,3.0171731425565333,0.8027196660126782,0.0,0.0
2.2084463208403493,3.0793828980731632,0.8056501419689633,0.0,0.0
2.270656076356979,-3.141592653589793,0.8327530565193024,0.0,0.0
2.270656076356979,-3.0793828980731637,0.8316690982094709,0.0,0.0
2.270656076356979,-3.017173142556534,0.8284465821377235,0.0,0.0
2.270656076356979,-2.9549633870399044,0.8231714863628847,0.0,0.0
2.270656076356979,-2.892753631523275,0.8159804004501616,0.0,0.0
2.270656076356979,-2.8305438760066455,0.8070514084917532,0.0,0.0
2.270656076356979,-2.7683341204900156,0.7965930042552075,0.0,0.0
2.270656076356979,-2.706124364973386,0.7848322963883716,0.0,0.0
2.270656076356979,-2.6439146094567567,0.7720036614245782,0.0,0.0
2.270656076356979,-2.581704853940127,0.7583387438511273,0.0,0.0
2.270656076356979,-2.5194950984234974,0.7440583676651745,0.0,0.0
2.270656076356979,-2.457285342906868,0.7293665906529101,0.0,0.0
2.270656076356979,-2.395075587390238,0.7144468567021034,0.0,0.0
2.270656076356979,-2.3328658318736086,0.6994600098228678,0.0,0.0
2.270656076356979,-2.270656076356979,0.6845438283633204,0.0,0.0
2.270656076356979,-2.2084463208403498,0.6698137051419898,0.0,0.0
2.270656076356979,-2.1462365653237203,0.6553641178216361,0.0,0.0
2.270656076356979,-2.0840268098070904,0.6412705826620764,0.0,0.0
2.270656076356979,-2.021817054290461,0.6275918464855518,0.0,0.0
2.270656076356979,-1.9596072987738313,0.6143721341433224,0.0,0.0
2.270656076356979,-1.897397543257202,0.6016433247862383,0.0,0.0
2.270656076356979,-1.8351877877405722,0.5894269764725477,0.0,0.0
2.270656076356979,-1.7729780322239428,0.5777361543674413,0.0,0.0
2.270656076356979,-1.7107682767073131,0.566577043806522,0.0,0.0
2.270656076356979,-1.6485585211906835,0.5559503473411721,0.0,0.0
2.270656076356979,-1.586348765674054,0.5458524762895024,0.0,0.0
2.270656076356979,-1.5241390101574244,0.5362765539144252,0.0,0.0
2.270656076356979,-1.461929254640795,0.5272132505316953,0.0,0.0
2.270656076356979,-1.3997194991241653,0.5186514717239222,0.0,0.0
2.270656076356979,-1.3375097436075358,0.5105789202402556,0.0,0.0
2.270656076356979,-1.2752999880909062,0.5029825507030113,0.0,0.0
2.270656076356979,-1.2130902325742767,0.49584893434404487,0.0,0.0
2.270656076356979,-1.150880477057647,0.4891645489361638,0.0,0.0
2.270656076356979,-1.0886707215410176,0.48291600704594634,0.0,0.0
2.270656076356979,-1.0264609660243877,0.4770902338187184,0.0,0.0
2.270656076356979,-0.9642512105077583,0.47167460376905124,0.0,0.0
2.270656076356979,-0.9020414549911289,0.4666570445132056,0.0,0.0
2.270656076356979,-0.8398316994744994,0.46202611404514543,0.0,0.0
2.270656076356979,-0.7776219439578695,0.4577710570146264,0.0,0.0
2.270656076356979,-0.7154121884412401,0.4538818444975682,0.0,0.0
2.270656076356979,-0.6532024329246107,0.4503492009357292,0.0,0.0
2.270656076356979,-0.5909926774079808,0.44716462124449247,0.0,0.0
2.270656076356979,-0.5287829218913513,0.44432038052501605,0.0,0.0
2.270656076356979,-0.4665731663747219,0.44180953835237285,0.0,0.0
2.270656076356979,-0.40436341085809246,0.4396259392287888,0.0,0.0
2.270656076356979,-0.3421536553414626,0.4377642104767793,0.0,0.0
2.270656076356979,-0.27994389982483314,0.43621975858889905,0.0,0.0
2.270656076356979,-0.2177341443082037,0.4349887648386458,0.0,0.0
2.270656076356979,-0.15552438879157382,0.4340681807819818,0.0,0.0
2.270656076356979,-0.09331463327494438,0.43345572413344674,0.0,0.0
2.270656076356979,-0.03110487775831494,0.43314987537844846,0.0,0.0
2.270656076356979,0.031104877758314498,0.43314987537844846,0.0,0.0
2.270656076356979,0.09331463327494438,0.43345572413344674,0.0,0.0
2.270656076356979,0.15552438879157382,0.4340681807819818,0.0,0.0
2.270656076356979,0.21773414430820326,0.4349887648386458,0.0,0.0
2.270656076356979,0.2799438998248327,0.43621975858889905,0.0,0.0
2.270656076356979,0.3421536553414626,0.4377642104767793,0.0,0.0
2.270656076356979,0.404363410858092,0.4396259392287888,0.0,0.0
2.270656076356979,0.46657316637472146,0.4418095383523729,0.0,0.0
2.270656076356979,0.5287829218913513,0.44432038052501605,0.0,0.0
2.270656076356979,0.5909926774079808,0.44716462124449247,0.0,0.0
2.270656076356979,0.6532024329246102,0.45034920093572917,0.0,0.0
2.270656076356979,0.7154121884412397,0.45388184449756813,0.0,0.0
2.270656076356979,0.7776219439578695,0.4577710570146264,0.0,0.0
2.270656076356979,0.839831699474499,0.4620261140451453,0.0,0.0
2.270656076356979,0.9020414549911289,0.4666570445132056,0.0,0.0
2.270656076356979,0.9642512105077579,0.4716746037690511,0.0,0.0
2.270656076356979,1.0264609660243877,0.4770902338187184,0.0,0.0
2.270656076356979,1.0886707215410176,0.48291600704594634,0.0,0.0
2.270656076356979,1.1508804770576466,0.4891645489361638,0.0,0.0
2.270656076356979,1.2130902325742765,0.49584893434404487,0.0,0.0
2.270656076356979,1.2752999880909055,0.5029825507030113,0.0,0.0
2.270656076356979,1.3375097436075354,0.5105789202402556,0.0,0.0
2.270656076356979,1.3997194991241653,0.5186514717239222,0.0,0.0
2.270656076356979,1.4619292546407943,0.5272132505316952,0.0,0.0
2.270656076356979,1.5241390101574241,0.5362765539144252,0.0,0.0
2.270656076356979,1.586348765674054,0.5458524762895024,0.0,0.0
2.270656076356979,1.648558521190683,0.5559503473411721,0.0,0.0
2.270656076356979,1.710768276707313,0.566577043806522,0.0,0.0
2.270656076356979,1.7729780322239428,0.5777361543674413,0.0,0.0
2.270656076356979,1.8351877877405718,0.5894269764725476,0.0,0.0
2.270656076356979,1.8973975432572017,0.6016433247862382,0.0,0.0
2.270656076356979,1.9596072987738316,0.6143721341433224,0.0,0.0
2.270656076356979,2.0218170542904605,0.6275918464855516,0.0,0.0
2.270656076356979,2.0840268098070904,0.6412705826620764,0.0,0.0
2.270656076356979,2.1462365653237194,0.6553641178216357,0.0,0.0
2.270656076356979,2.2084463208403493,0.6698137051419897,0.0,0.0
2.270656076356979,2.270656076356979,0.6845438283633204,0.0,0.0
2.270656076356979,2.332865831873608,0.6994600098228677,0.0,0.0
2.270656076356979,2.395075587390238,0.7144468567021034,0.0,0.0
2.270656076356979,2.457285342906868,0.7293665906529101,0.0,0.0
2.270656076356979,2.519495098423497,0.7440583676651744,0.0,0.0
2.270656076356979,2.581704853940127,0.7583387438511273,0.0,0.0
2.270656076356979,2.6439146094567567,0.7720036614245782,0.0,0.0
2.270656076356979,2.7061243649733857,0.7848322963883715,0.0,0.0
2.270656076356979,2.7683341204900156,0.7965930042552075,0.0,0.0
2.270656076356979,2.8305438760066455,0.8070514084917532,0.0,0.0
2.270656076356979,2.8927536315232745,0.8159804004501616,0.0,0.0
2.270656076356979,2.9549633870399044,0.8231714863628847,0.0,0.0
2.270656076356979,3.0171731425565333,0.8284465821377235,0.0,0.0
2.270656076356979,3.0793828980731632,0.8316690982094709,0.0,0.0
2.332865831873608,-3.141592653589793,0.8600385270656734,0.0,0.0
2.332865831873608,-3.0793828980731637,0.8588446457795995,0.0,0.0
2.332865831873608,-3.017173142556534,0.8552971667591697,0.0,0.0
2.332865831873608,-2.9549633870399044,0.8494959998180706,0.0,0.0
2.332865831873608,-2.892753631523275,0.8415994205009997,0.0,0.0
2.332865831873608,-2.8305438760066455,0.8318129333300941,0.0,0.0
2.332865831873608,-2.7683341204900156,0.8203758437881972,0.0,0.0
2.332865831873608,-2.706124364973386,0.8075471313828978,0.0,0.0
2.332865831873608,-2.6439146094567567,0.7935920573750097,0.0,0.0
2.332865831873608,-2.581704853940127,0.7787705831033702,0.0,0.0
2.332865831873608,-2.5194950984234974,0.7633282323683428,0.0,0.0
2.332865831873608,-2.457285342906868,0.7474896075261206,0.0,0.0
2.332865831873608,-2.395075587390238,0.731454432749791,0.0,0.0
2.332865831873608,-2.3328658318736086,0.7153957780149153,0.0,0.0
2.332865831873608,-2.270656076356979,0.6994600098228677,0.0,0.0
2.332865831873608,-2.2084463208403498,0.6837679962368324,0.0,0.0
2.332865831873608,-2.1462365653237203,0.6684171345858922,0.0,0.0
2.332865831873608,-2.0840268098070904,0.6534838424226475,0.0,0.0
2.332865831873608,-2.021817054290461,0.6390262346949317,0.0,0.0
2.332865831873608,-1.9596072987738313,0.6250867887340236,0.0,0.0
2.332865831873608,-1.897397543257202,0.6116948661267246,0.0,0.0
2.332865831873608,-1.8351877877405722,0.5988690140737559,0.0,0.0
2.332865831873608,-1.7729780322239428,0.5866190086344597,0.0,0.0
2.332865831873608,-1.7107682767073131,0.5749476300604316,0.0,0.0
2.332865831873608,-1.6485585211906835,0.5638521785616332,0.0,0.0
2.332865831873608,-1.586348765674054,0.5533257496742671,0.0,0.0
2.332865831873608,-1.5241390101574244,0.5433582939759615,0.0,0.0
2.332865831873608,-1.461929254640795,0.5339374878952323,0.0,0.0
2.332865831873608,-1.3997194991241653,0.5250494420676373,0.0,0.0
2.332865831873608,-1.3375097436075358,0.5166792720309187,0.0,0.0
2.332865831873608,-1.2752999880909062,0.5088115536734612,0.0,0.0
2.332865831873608,-1.2130902325742767,0.5014306831858014,0.0,0.0
2.332865831873608,-1.150880477057647,0.49452115858641554,0.0,0.0
2.332865831873608,-1.0886707215410176,0.48806779736152994,0.0,0.0
2.332865831873608,-1.0264609660243877,0.48205590245933005,0.0,0.0
2.332865831873608,-0.9642512105077583,0.476471386847196,0.0,0.0
2.332865831873608,-0.9020414549911289,0.47130086508101904,0.0,0.0
2.332865831873608,-0.8398316994744994,0.46653171883477884,0.0,0.0
2.332865831873608,-0.7776219439578695,0.46215214207327654,0.0,0.0
2.332865831873608,-0.7154121884412401,0.4581511704941311,0.0,0.0
2.332865831873608,-0.6532024329246107,0.4545186989890274,0.0,0.0
2.332865831873608,-0.5909926774079808,0.4512454901522368,0.0,0.0
2.332865831873608,-0.5287829218913513,0.448323176272402,0.0,0.0
2.332865831873608,-0.4665731663747219,0.44574425675998375,0.0,0.0
2.332865831873608,-0.40436341085809246,0.44350209256896217,0.0,0.0
2.332865831873608,-0.3421536553414626,0.44159089885133196,0.0,0.0
2.332865831873608,-0.27994389982483314,0.4400057368230577,0.0,0.0
2.332865831873608,-0.2177341443082037,0.43874250560898637,0.0,0.0
2.332865831873608,-0.15552438879157382,0.437797934662088,0.0,0.0
2.332865831873608,-0.09331463327494438,0.43716957721118366,0.0,0.0
2.332865831873608,-0.03110487775831494,0.43685580507410315,0.0,0.0
2.332865831873608,0.031104877758314498,0.43685580507410315,0.0,0.0
2.332865831873608,0.09331463327494438,0.43716957721118366,0.0,0.0
2.332865831873608,0.15552438879157382,0.437797934662088,0.0,0.0
2.332865831873608,0.21773414430820326,0.43874250560898637,0.0,0.0
2.332865831873608,0.2799438998248327,0.4400057368230577,0.0,0.0
2.332865831873608,0.3421536553414626,0.44159089885133196,0.0,0.0
2.332865831873608,0.404363410858092,0.44350209256896217,0.0,0.0
2.332865831873608,0.46657316637472146,0.4457442567599838,0.0,0.0
2.332865831873608,0.5287829218913513,0.448323176272402,0.0,0.0
2.332865831873608,0.5909926774079808,0.4512454901522368,0.0,0.0
2.332865831873608,0.6532024329246102,0.45451869898902736,0.0,0.0
2.332865831873608,0.7154121884412397,0.4581511704941311,0.0,0.0
2.332865831873608,0.7776219439578695,0.46215214207327654,0.0,0.0
2.332865831873608,0.839831699474499,0.46653171883477884,0.0,0.0
2.332865831873608,0.9020414549911289,0.47130086508101904,0.0,0.0
2.332865831873608,0.9642512105077579,0.476471386847196,0.0,0.0
2.332865831873608,1.0264609660243877,0.48205590245933005,0.0,0.0
2.332865831873608,1.0886707215410176,0.48806779736152994,0.0,0.0
2.332865831873608,1.1508804770576466,0.49452115858641554,0.0,0.0
2.332865831873608,1.2130902325742765,0.5014306831858013,0.0,0.0
2.332865831873608,1.2752999880909055,0.5088115536734612,0.0,0.0
2.332865831873608,1.3375097436075354,0.5166792720309186,0.0,0.0
2.332865831873608,1.3997194991241653,0.5250494420676373,0.0,0.0
2.332865831873608,1.4619292546407943,0.5339374878952321,0.0,0.0
2.332865831873608,1.5241390101574241,0.5433582939759615,0.0,0.0
2.332865831873608,1.586348765674054,0.5533257496742671,0.0,0.0
2.332865831873608,1.648558521190683,0.563852178561633,0.0,0.0
2.332865831873608,1.710768276707313,0.5749476300604314,0.0,0.0
2.332865831873608,1.7729780322239428,0.5866190086344597,0.0,0.0
2.332865831873608,1.8351877877405718,0.5988690140737557,0.0,0.0
2.332865831873608,1.8973975432572017,0.6116948661267245,0.0,0.0
2.332865831873608,1.9596072987738316,0.6250867887340237,0.0,0.0
2.332865831873608,2.0218170542904605,0.6390262346949316,0.0,0.0
2.332865831873608,2.0840268098070904,0.6534838424226475,0.0,0.0
2.332865831873608,2.1462365653237194,0.668417134585892,0.0,0.0
2.332865831873608,2.2084463208403493,0.6837679962368323,0.0,0.0
2.332865831873608,2.270656076356979,0.6994600098228677,0.0,0.0
2.332865831873608,2.332865831873608,0.7153957780149153,0.0,0.0
2.332865831873608,2.395075587390238,0.731454432749791,0.0,0.0
2.332865831873608,2.457285342906868,0.7474896075261206,0.0,0.0
2.332865831873608,2.519495098423497,0.7633282323683427,0.0,0.0
2.332865831873608,2.581704853940127,0.7787705831033702,0.0,0.0
2.332865831873608,2.6439146094567567,0.7935920573750097,0.0,0.0
2.332865831873608,2.7061243649733857,0.8075471313828977,0.0,0.0
2.332865831873608,2.7683341204900156,0.8203758437881972,0.0,0.0
2.332865831873608,2.8305438760066455,0.8318129333300941,0.0,0.0
2.332865831873608,2.8927536315232745,0.8415994205009997,0.0,0.0
2.332865831873608,2.9549633870399044,0.8494959998180706,0.0,0.0
2.332865831873608,3.0171731425565333,0.8552971667591697,0.0,0.0
2.332865831873608,3.0793828980731632,0.8588446457795994,0.0,0.0
2.395075587390238,-3.141592653589793,0.8883684210272058,0.0,0.0
2.395075587390238,-3.0793828980731637,0.8870528138425833,0.0,0.0
2.395075587390238,-3.017173142556534,0.8831457989469793,0.0,0.0
2.395075587390238,-2.9549633870399044,0.8767636072001449,0.0,0.0
2.395075587390238,-2.892753631523275,0.8680898155566649,0.0,0.0
2.395075587390238,-2.8305438760066455,0.8573617270144651,0.0,0.0
2.395075587390238,-2.7683341204900156,0.8448540945107131,0.0,0.0
2.395075587390238,-2.706124364973386,0.8308622047066129,0.0,0.0
2.395075587390238,-2.6439146094567567,0.8156860935790315,0.0,0.0
2.395075587390238,-2.581704853940127,0.7996171735296035,0.0,0.0
2.395075587390238,-2.5194950984234974,0.7829279695349357,0.0,0.0
2.395075587390238,-2.457285342906868,0.7658651259924918,0.0,0.0
2.395075587390238,-2.395075587390238,0.7486454403933822,0.0,0.0
2.395075587390238,-2.3328658318736086,0.7314544327497913,0.0,0.0
2.395075587390238,-2.270656076356979,0.7144468567021034,0.0,0.0
2.395075587390238,-2.2084463208403498,0.6977485631050371,0.0,0.0
2.395075587390238,-2.1462365653237203,0.6814591982643681,0.0,0.0
2.395075587390238,-2.0840268098070904,0.6656553211575252,0.0,0.0
2.395075587390238,-2.021817054290461,0.6503936313325749,0.0,0.0
2.395075587390238,-1.9596072987738313,0.6357140963869403,0.0,0.0
2.395075587390238,-1.897397543257202,0.6216428478016122,0.0,0.0
2.395075587390238,-1.8351877877405722,0.6081947747992487,0.0,0.0
2.395075587390238,-1.7729780322239428,0.5953757893304419,0.0,0.0
2.395075587390238,-1.7107682767073131,0.5831847642395734,0.0,0.0
2.395075587390238,-1.6485585211906835,0.5716151644312101,0.0,0.0
2.395075587390238,-1.586348765674054,0.5606564005039416,0.0,0.0
2.395075587390238,-1.5241390101574244,0.5502949383780187,0.0,0.0
2.395075587390238,-1.461929254640795,0.5405151988796324,0.0,0.0
2.395075587390238,-1.3997194991241653,0.5313002794967707,0.0,0.0
2.395075587390238,-1.3375097436075358,0.5226325275941728,0.0,0.0
2.395075587390238,-1.2752999880909062,0.5144939909379529,0.0,0.0
2.395075587390238,-1.2130902325742767,0.5068667678580843,0.0,0.0
2.395075587390238,-1.150880477057647,0.49973327602007905,0.0,0.0
2.395075587390238,-1.0886707215410176,0.4930764557197184,0.0,0.0
2.395075587390238,-1.0264609660243877,0.486879920914205,0.0,0.0
2.395075587390238,-0.9642512105077583,0.48112806887008147,0.0,0.0
2.395075587390238,-0.9020414549911289,0.47580615732563203,0.0,0.0
2.395075587390238,-0.8398316994744994,0.47090035640189176,0.0,0.0
2.395075587390238,-0.7776219439578695,0.4663977811143,0.0,0.0
2.395075587390238,-0.7154121884412401,0.4622865091979544,0.0,0.0
2.395075587390238,-0.6532024329246107,0.4585555880267048,0.0,0.0
2.395075587390238,-0.5909926774079808,0.4551950336466607,0.0,0.0
2.395075587390238,-0.5287829218913513,0.45219582432872285,0.0,0.0
2.395075587390238,-0.4665731663747219,0.4495498905471676,0.0,0.0
2.395075587390238,-0.40436341085809246,0.44725010289056205,0.0,0.0
2.395075587390238,-0.3421536553414626,0.4452902590892697,0.0,0.0
2.395075587390238,-0.27994389982483314,0.44366507108539743,0.0,0.0
2.395075587390238,-0.2177341443082037,0.4423701528636556,0.0,0.0
2.395075587390238,-0.15552438879157382,0.4414020095948288,0.0,0.0
2.395075587390238,-0.09331463327494438,0.4407580285086842,0.0,0.0
2.395075587390238,-0.03110487775831494,0.44043647180290885,0.0,0.0
2.395075587390238,0.031104877758314498,0.44043647180290885,0.0,0.0
2.395075587390238,0.09331463327494438,0.4407580285086842,0.0,0.0
2.395075587390238,0.15552438879157382,0.4414020095948288,0.0,0.0
2.395075587390238,0.21773414430820326,0.44237015286365566,0.0,0.0
2.395075587390238,0.2799438998248327,0.44366507108539743,0.0,0.0
2.395075587390238,0.3421536553414626,0.4452902590892697,0.0,0.0
2.395075587390238,0.404363410858092,0.447250102890562,0.0,0.0
2.395075587390238,0.46657316637472146,0.4495498905471676,0.0,0.0
2.395075587390238,0.5287829218913513,0.45219582432872285,0.0,0.0
2.395075587390238,0.5909926774079808,0.4551950336466607,0.0,0.0
2.395075587390238,0.6532024329246102,0.4585555880267048,0.0,0.0
2.395075587390238,0.7154121884412397,0.4622865091979543,0.0,0.0
2.395075587390238,0.7776219439578695,0.4663977811143,0.0,0.0
2.395075587390238,0.839831699474499,0.47090035640189176,0.0,0.0
2.395075587390238,0.9020414549911289,0.47580615732563203,0.0,0.0
2.395075587390238,0.9642512105077579,0.48112806887008147,0.0,0.0
2.395075587390238,1.0264609660243877,0.486879920914205,0.0,0.0
2.395075587390238,1.0886707215410176,0.4930764557197184,0.0,0.0
2.395075587390238,1.1508804770576466,0.49973327602007905,0.0,0.0
2.395075587390238,1.2130902325742765,0.5068667678580842,0.0,0.0
2.395075587390238,1.2752999880909055,0.5144939909379528,0.0,0.0
2.395075587390238,1.3375097436075354,0.5226325275941727,0.0,0.0
2.395075587390238,1.3997194991241653,0.5313002794967707,0.0,0.0
2.395075587390238,1.4619292546407943,0.5405151988796323,0.0,0.0
2.395075587390238,1.5241390101574241,0.5502949383780187,0.0,0.0
2.395075587390238,1.586348765674054,0.5606564005039416,0.0,0.0
2.395075587390238,1.648558521190683,0.57161516443121,0.0,0.0
2.395075587390238,1.710768276707313,0.5831847642395734,0.0,0.0
2.395075587390238,1.7729780322239428,0.5953757893304419,0.0,0.0
2.395075587390238,1.8351877877405718,0.6081947747992485,0.0,0.0
2.395075587390238,1.8973975432572017,0.6216428478016122,0.0,0.0
2.395075587390238,1.9596072987738316,0.6357140963869403,0.0,0.0
2.395075587390238,2.0218170542904605,0.6503936313325748,0.0,0.0
2.395075587390238,2.0840268098070904,0.6656553211575252,0.0,0.0
2.395075587390238,2.1462365653237194,0.681459198264368,0.0,0.0
2.395075587390238,2.2084463208403493,0.697748563105037,0.0,0.0
2.395075587390238,2.270656076356979,0.7144468567021034,0.0,0.0
2.395075587390238,2.332865831873608,0.731454432749791,0.0,0.0
2.395075587390238,2.395075587390238,0.7486454403933822,0.0,0.0
2.395075587390238,2.457285342906868,0.7658651259924918,0.0,0.0
2.395075587390238,2.519495098423497,0.7829279695349356,0.0,0.0
2.395075587390238,2.581704853940127,0.7996171735296035,0.0,0.0
2.395075587390238,2.6439146094567567,0.8156860935790315,0.0,0.0
2.395075587390238,2.7061243649733857,0.8308622047066125,0.0,0.0
2.395075587390238,2.7683341204900156,0.8448540945107131,0.0,0.0
2.395075587390238,2.8305438760066455,0.8573617270144651,0.0,0.0
2.395075587390238,2.8927536315232745,0.8680898155566648,0.0,0.0
2.395075587390238,2.9549633870399044,0.8767636072001449,0.0,0.0
2.395075587390238,3.0171731425565333,0.8831457989469793,0.0,0.0
2.395075587390238,3.0793828980731632,0.8870528138425833,0.0,0.0
2.457285342906868,-3.141592653589793,0.9175555984570707,0.0,0.0
2.457285342906868,-3.0793828980731637,0.916106227108375,0.0,0.0
2.457285342906868,-3.017173142556534,0.9118044942200189,0.0,0.0
2.457285342906868,-2.9549633870399044,0.904785608080706,0.0,0.0
2.457285342906868,-2.892753631523275,0.8952624371324188,0.0,0.0
2.457285342906868,-2.8305438760066455,0.8835088605673863,0.0,0.0
2.457285342906868,-2.7683341204900156,0.8698400601509091,0.0,0.0
2.457285342906868,-2.706124364973386,0.8545923006372844,0.0,0.0
2.457285342906868,-2.6439146094567567,0.8381043803711259,0.0,0.0
2.457285342906868,-2.581704853940127,0.8207022613499612,0.0,0.0
2.457285342906868,-2.5194950984234974,0.8026876270999296,0.0,0.0
2.457285342906868,-2.457285342906868,0.784330444879567,0.0,0.0
2.457285342906868,-2.395075587390238,0.7658651259924918,0.0,0.0
2.457285342906868,-2.3328658318736086,0.7474896075261208,0.0,0.0
2.457285342906868,-2.270656076356979,0.7293665906529101,0.0,0.0
2.457285342906868,-2.2084463208403498,0.7116262104855035,0.0,0.0
2.457285342906868,-2.1462365653237203,0.6943695244974555,0.0,0.0
2.457285342906868,-2.0840268098070904,0.6776723458307234,0.0,0.0
2.457285342906868,-2.021817054290461,0.6615890845129523,0.0,0.0
2.457285342906868,-1.9596072987738313,0.6461563774504453,0.0,0.0
2.457285342906868,-1.897397543257202,0.6313963808704551,0.0,0.0
2.457285342906868,-1.8351877877405722,0.6173196667661903,0.0,0.0
2.457285342906868,-1.7729780322239428,0.6039277111874563,0.0,0.0
2.457285342906868,-1.7107682767073131,0.591214991418539,0.0,0.0
2.457285342906868,-1.6485585211906835,0.5791707256502188,0.0,0.0
2.457285342906868,-1.586348765674054,0.5677802965208079,0.0,0.0
2.457285342906868,-1.5241390101574244,0.5570264018985166,0.0,0.0
2.457285342906868,-1.461929254640795,0.5468899747454901,0.0,0.0
2.457285342906868,-1.3997194991241653,0.5373509104172648,0.0,0.0
2.457285342906868,-1.3375097436075358,0.5283886353634665,0.0,0.0
2.457285342906868,-1.2752999880909062,0.5199825465746895,0.0,0.0
2.457285342906868,-1.2130902325742767,0.5121123466639496,0.0,0.0
2.457285342906868,-1.150880477057647,0.5047582953928734,0.0,0.0
2.457285342906868,-1.0886707215410176,0.4979013948483123,0.0,0.0
2.457285342906868,-1.0264609660243877,0.49152352236645686,0.0,0.0
2.457285342906868,-0.9642512105077583,0.48560752266864826,0.0,0.0
2.457285342906868,-0.9020414549911289,0.48013726847350663,0.0,0.0
2.457285342906868,-0.8398316994744994,0.4750976970320859,0.0,0.0
2.457285342906868,-0.7776219439578695,0.4704748285430181,0.0,0.0
2.457285342906868,-0.7154121884412401,0.4662557711922766,0.0,0.0
2.457285342906868,-0.6532024329246107,0.4624287165812643,0.0,0.0
2.457285342906868,-0.5909926774079808,0.45898292851711153,0.0,0.0
2.457285342906868,-0.5287829218913513,0.4559087275057939,0.0,0.0
2.457285342906868,-0.4665731663747219,0.45319747278278094,0.0,0.0
2.457285342906868,-0.40436341085809246,0.45084154331309423,0.0,0.0
2.457285342906868,-0.3421536553414626,0.4488343188727555,0.0,0.0
2.457285342906868,-0.27994389982483314,0.4471701620700973,0.0,0.0
2.457285342906868,-0.2177341443082037,0.4458444019647184,0.0,0.0
2.457285342906868,-0.15552438879157382,0.4448533197828656,0.0,0.0
2.457285342906868,-0.09331463327494438,0.44419413710156064,0.0,0.0
2.457285342906868,-0.03110487775831494,0.4438650067723019,0.0,0.0
2.457285342906868,0.031104877758314498,0.4438650067723019,0.0,0.0
2.457285342906868,0.09331463327494438,0.44419413710156064,0.0,0.0
2.457285342906868,0.15552438879157382,0.4448533197828656,0.0,0.0
2.457285342906868,0.21773414430820326,0.4458444019647184,0.0,0.0
2.457285342906868,0.2799438998248327,0.4471701620700973,0.0,0.0
2.457285342906868,0.3421536553414626,0.4488343188727555,0.0,0.0
2.457285342906868,0.404363410858092,0.45084154331309423,0.0,0.0
2.457285342906868,0.46657316637472146,0.453197472782781,0.0,0.0
2.457285342906868,0.5287829218913513,0.4559087275057939,0.0,0.0
2.457285342906868,0.5909926774079808,0.45898292851711153,0.0,0.0
2.457285342906868,0.6532024329246102,0.4624287165812642,0.0,0.0
2.457285342906868,0.7154121884412397,0.4662557711922765,0.0,0.0
2.457285342906868,0.7776219439578695,0.4704748285430181,0.0,0.0
2.457285342906868,0.839831699474499,0.4750976970320859,0.0,0.0
2.457285342906868,0.9020414549911289,0.48013726847350663,0.0,0.0
2.457285342906868,0.9642512105077579,0.48560752266864826,0.0,0.0
2.457285342906868,1.0264609660243877,0.49152352236645686,0.0,0.0
2.457285342906868,1.0886707215410176,0.4979013948483123,0.0,0.0
2.457285342906868,1.1508804770576466,0.5047582953928734,0.0,0.0
2.457285342906868,1.2130902325742765,0.5121123466639494,0.0,0.0
2.457285342906868,1.2752999880909055,0.5199825465746895,0.0,0.0
2.457285342906868,1.3375097436075354,0.5283886353634665,0.0,0.0
2.457285342906868,1.3997194991241653,0.5373509104172648,0.0,0.0
2.457285342906868,1.4619292546407943,0.54688997474549,0.0,0.0
2.457285342906868,1.5241390101574241,0.5570264018985166,0.0,0.0
2.457285342906868,1.586348765674054,0.5677802965208079,0.0,0.0
2.457285342906868,1.648558521190683,0.5791707256502187,0.0,0.0
2.457285342906868,1.710768276707313,0.591214991418539,0.0,0.0
2.457285342906868,1.7729780322239428,0.6039277111874563,0.0,0.0
2.457285342906868,1.8351877877405718,0.6173196667661902,0.0,0.0
2.457285342906868,1.8973975432572017,0.6313963808704551,0.0,0.0
2.457285342906868,1.9596072987738316,0.6461563774504453,0.0,0.0
2.457285342906868,2.0218170542904605,0.6615890845129522,0.0,0.0
2.457285342906868,2.0840268098070904,0.6776723458307234,0.0,0.0
2.457285342906868,2.1462365653237194,0.6943695244974553,0.0,0.0
2.457285342906868,2.2084463208403493,0.7116262104855033,0.0,0.0
2.457285342906868,2.270656076356979,0.7293665906529101,0.0,0.0
2.457285342906868,2.332865831873608,0.7474896075261206,0.0,0.0
2.457285342906868,2.395075587390238,0.7658651259924918,0.0,0.0
2.457285342906868,2.457285342906868,0.784330444879567,0.0,0.0
2.457285342906868,2.519495098423497,0.8026876270999294,0.0,0.0
2.457285342906868,2.581704853940127,0.8207022613499612,0.0,0.0
2.457285342906868,2.6439146094567567,0.8381043803711259,0.0,0.0
2.457285342906868,2.7061243649733857,0.8545923006372843,0.0,0.0
2.457285342906868,2.7683341204900156,0.8698400601509091,0.0,0.0
2.457285342906868,2.8305438760066455,0.8835088605673863,0.0,0.0
2.457285342906868,2.8927536315232745,0.8952624371324187,0.0,0.0
2.457285342906868,2.9549633870399044,0.904785608080706,0.0,0.0
2.457285342906868,3.0171731425565333,0.9118044942200189,0.0,0.0
2.457285342906868,3.0793828980731632,0.916106227108375,0.0,0.0
2.519495098423497,-3.141592653589793,0.9473349443909467,0.0,0.0
2.519495098423497,-3.0793828980731637,0.9457400742010992,0.0,0.0
2.519495098423497,-3.017173142556534,0.9410094267807031,0.0,0.0
2.519495098423497,-2.9549633870399044,0.9333000452651607,0.0,0.0
2.519495098423497,-2.892753631523275,0.9228583452471617,0.0,0.0
2.519495098423497,-2.8305438760066455,0.9099998116203507,0.0,0.0
2.519495098423497,-2.7683341204900156,0.8950852042773763,0.0,0.0
2.519495098423497,-2.706124364973386,0.8784964777583006,0.0,0.0
2.519495098423497,-2.6439146094567567,0.8606150841522154,0.0,0.0
2.519495098423497,-2.581704853940127,0.841804419400786,0.0,0.0
2.519495098423497,-2.5194950984234974,0.8223971878668968,0.0,0.0
2.519495098423497,-2.457285342906868,0.8026876270999294,0.0,0.0
2.519495098423497,-2.395075587390238,0.7829279695349356,0.0,0.0
2.519495098423497,-2.3328658318736086,0.7633282323683428,0.0,0.0
2.519495098423497,-2.270656076356979,0.7440583676651744,0.0,0.0
2.519495098423497,-2.2084463208403498,0.7252518939297694,0.0,0.0
2.519495098423497,-2.1462365653237203,0.7070102944206533,0.0,0.0
2.519495098423497,-2.0840268098070904,0.6894076514444208,0.0,0.0
2.519495098423497,-2.021817054290461,0.6724951559243646,0.0,0.0
2.519495098423497,-1.9596072987738313,0.656305271499417,0.0,0.0
2.519495098423497,-1.897397543257202,0.6408554380660973,0.0,0.0
2.519495098423497,-1.8351877877405722,0.6261512736658503,0.0,0.0
2.519495098423497,-1.7729780322239428,0.6121892816100437,0.0,0.0
2.519495098423497,-1.7107682767073131,0.5989590980534452,0.0,0.0
2.519495098423497,-1.6485585211906835,0.5864453296191015,0.0,0.0
2.519495098423497,-1.586348765674054,0.5746290358055822,0.0,0.0
2.519495098423497,-1.5241390101574244,0.5634889102797859,0.0,0.0
2.519495098423497,-1.461929254640795,0.553002211262942,0.0,0.0
2.519495098423497,-1.3997194991241653,0.5431454857280354,0.0,0.0
2.519495098423497,-1.3375097436075358,0.5338951261108357,0.0,0.0
2.519495098423497,-1.2752999880909062,0.5252277923322881,0.0,0.0
2.519495098423497,-1.2130902325742767,0.5171207264855601,0.0,0.0
2.519495098423497,-1.150880477057647,0.5095519827174378,0.0,0.0
2.519495098423497,-1.0886707215410176,0.5025005906766407,0.0,0.0
2.519495098423497,-1.0264609660243877,0.4959466673898981,0.0,0.0
2.519495098423497,-0.9642512105077583,0.48987148950443865,0.0,0.0
2.519495098423497,-0.9020414549911289,0.4842575354319965,0.0,0.0
2.519495098423497,-0.8398316994744994,0.479088504970585,0.0,0.0
2.519495098423497,-0.7776219439578695,0.47434932239565475,0.0,0.0
2.519495098423497,-0.7154121884412401,0.4700261277382271,0.0,0.0
2.519495098423497,-0.6532024329246107,0.46610625994862254,0.0,0.0
2.519495098423497,-0.5909926774079808,0.46257823483314214,0.0,0.0
2.519495098423497,-0.5287829218913513,0.4594317200078445,0.0,0.0
2.519495098423497,-0.4665731663747219,0.4566575086055003,0.0,0.0
2.519495098423497,-0.40436341085809246,0.4542474930719951,0.0,0.0
2.519495098423497,-0.3421536553414626,0.4521946400748714,0.0,0.0
2.519495098423497,-0.27994389982483314,0.45049296730155497,0.0,0.0
2.519495098423497,-0.2177341443082037,0.4491375227336416,0.0,0.0
2.519495098423497,-0.15552438879157382,0.44812436683473367,0.0,0.0
2.519495098423497,-0.09331463327494438,0.4474505579732028,0.0,0.0
2.519495098423497,-0.03110487775831494,0.4471141413101338,0.0,0.0
2.519495098423497,0.031104877758314498,0.4471141413101338,0.0,0.0
2.519495098423497,0.09331463327494438,0.4474505579732028,0.0,0.0
2.519495098423497,0.15552438879157382,0.44812436683473367,0.0,0.0
2.519495098423497,0.21773414430820326,0.4491375227336416,0.0,0.0
2.519495098423497,0.2799438998248327,0.45049296730155497,0.0,0.0
2.519495098423497,0.3421536553414626,0.4521946400748714,0.0,0.0
2.519495098423497,0.404363410858092,0.4542474930719951,0.0,0.0
2.519495098423497,0.46657316637472146,0.4566575086055003,0.0,0.0
2.519495098423497,0.5287829218913513,0.4594317200078445,0.0,0.0
2.519495098423497,0.5909926774079808,0.46257823483314214,0.0,0.0
2.519495098423497,0.6532024329246102,0.4661062599486225,0.0,0.0
2.519495098423497,0.7154121884412397,0.4700261277382271,0.0,0.0
2.519495098423497,0.7776219439578695,0.47434932239565475,0.0,0.0
2.519495098423497,0.839831699474499,0.479088504970585,0.0,0.0
2.519495098423497,0.9020414549911289,0.4842575354319965,0.0,0.0
2.519495098423497,0.9642512105077579,0.4898714895044386,0.0,0.0
2.519495098423497,1.0264609660243877,0.4959466673898981,0.0,0.0
2.519495098423497,1.0886707215410176,0.5025005906766407,0.0,0.0
2.519495098423497,1.1508804770576466,0.5095519827174378,0.0,0.0
2.519495098423497,1.2130902325742765,0.5171207264855601,0.0,0.0
2.519495098423497,1.2752999880909055,0.525227792332288,0.0,0.0
2.519495098423497,1.3375097436075354,0.5338951261108356,0.0,0.0
2.519495098423497,1.3997194991241653,0.5431454857280354,0.0,0.0
2.519495098423497,1.4619292546407943,0.5530022112629419,0.0,0.0
2.519495098423497,1.5241390101574241,0.5634889102797859,0.0,0.0
2.519495098423497,1.586348765674054,0.5746290358055822,0.0,0.0
2.519495098423497,1.648558521190683,0.5864453296191013,0.0,0.0
2.519495098423497,1.710768276707313,0.5989590980534452,0.0,0.0
2.519495098423497,1.7729780322239428,0.6121892816100437,0.0,0.0
2.519495098423497,1.8351877877405718,0.6261512736658502,0.0,0.0
2.519495098423497,1.8973975432572017,0.6408554380660972,0.0,0.0
2.519495098423497,1.9596072987738316,0.656305271499417,0.0,0.0
2.519495098423497,2.0218170542904605,0.6724951559243644,0.0,0.0
2.519495098423497,2.0840268098070904,0.6894076514444208,0.0,0.0
2.519495098423497,2.1462365653237194,0.7070102944206529,0.0,0.0
2.519495098423497,2.2084463208403493,0.7252518939297693,0.0,0.0
2.519495098423497,2.270656076356979,0.7440583676651744,0.0,0.0
2.519495098423497,2.332865831873608,0.7633282323683427,0.0,0.0
2.519495098423497,2.395075587390238,0.7829279695349356,0.0,0.0
2.519495098423497,2.457285342906868,0.8026876270999294,0.0,0.0
2.519495098423497,2.519495098423497,0.8223971878668966,0.0,0.0
2.519495098423497,2.581704853940127,0.841804419400786,0.0,0.0
2.519495098423497,2.6439146094567567,0.8606150841522154,0.0,0.0
2.519495098423497,2.7061243649733857,0.8784964777583004,0.0,0.0
2.519495098423497,2.7683341204900156,0.8950852042773763,0.0,0.0
2.519495098423497,2.8305438760066455,0.9099998116203507,0.0,0.0
2.519495098423497,2.8927536315232745,0.9228583452471617,0.0,0.0
2.519495098423497,2.9549633870399044,0.9333000452651607,0.0,0.0
2.519495098423497,3.0171731425565333,0.941009426780703,0.0,0.0
2.519495098423497,3.0793828980731632,0.9457400742010992,0.0,0.0
2.581704853940127,-3.141592653589793,0.9773494521509767,0.0,0.0
2.581704853940127,-3.0793828980731637,0.9755984215320493,0.0,0.0
2.581704853940127,-3.017173142556534,0.9704079133541134,0.0,0.0
2.581704853940127,-2.9549633870399044,0.9619597363204474,0.0,0.0
2.581704853940127,-2.892753631523275,0.9505381735935714,0.0,0.0
2.581704853940127,-2.8305438760066455,0.9365053412346466,0.0,0.0
2.581704853940127,-2.7683341204900156,0.9202726076186073,0.0,0.0
2.581704853940127,-2.706124364973386,0.9022720782524136,0.0,0.0
2.581704853940127,-2.6439146094567567,0.8829313834423816,0.0,0.0
2.581704853940127,-2.581704853940127,0.8626537926852416,0.0,0.0
2.581704853940127,-2.5194950984234974,0.8418044194007862,0.0,0.0
2.581704853940127,-2.457285342906868,0.820702261349961,0.0,0.0
2.581704853940127,-2.395075587390238,0.7996171735296035,0.0,0.0
2.581704853940127,-2.3328658318736086,0.7787705831033703,0.0,0.0
2.581704853940127,-2.270656076356979,0.7583387438511273,0.0,0.0
2.581704853940127,-2.2084463208403498,0.7384574826518472,0.0,0.0
2.581704853940127,-2.1462365653237203,0.7192276186141079,0.0,0.0
2.581704853940127,-2.0840268098070904,0.7007204712066585,0.0,0.0
2.581704853940127,-2.021817054290461,0.6829830803698246,0.0,0.0
2.581704853940127,-1.9596072987738313,0.6660429242680356,0.0,0.0
2.581704853940127,-1.897397543257202,0.6499120380241102,0.0,0.0
2.581704853940127,-1.8351877877405722,0.6345905154618183,0.0,0.0
2.581704853940127,-1.7729780322239428,0.6200694240809345,0.0,0.0
2.581704853940127,-1.7107682767073131,0.606333189612095,0.0,0.0
2.581704853940127,-1.6485585211906835,0.5933615176727716,0.0,0.0
2.581704853940127,-1.586348765674054,0.581130921762081,0.0,0.0
2.581704853940127,-1.5241390101574244,0.5696159230422173,0.0,0.0
2.581704853940127,-1.461929254640795,0.5587899807416191,0.0,0.0
2.581704853940127,-1.3997194991241653,0.548626204303609,0.0,0.0
2.581704853940127,-1.3375097436075358,0.5390978906343674,0.0,0.0
2.581704853940127,-1.2752999880909062,0.5301789225523283,0.0,0.0
2.581704853940127,-1.2130902325742767,0.5218440580840693,0.0,0.0
2.581704853940127,-1.150880477057647,0.5140691346815226,0.0,0.0
2.581704853940127,-1.0886707215410176,0.5068312077371278,0.0,0.0
2.581704853940127,-1.0264609660243877,0.5001086388764088,0.0,0.0
2.581704853940127,-0.9642512105077583,0.49388114631574087,0.0,0.0
2.581704853940127,-0.9020414549911289,0.4881298269849657,0.0,0.0
2.581704853940127,-0.8398316994744994,0.48283715803261623,0.0,0.0
2.581704853940127,-0.7776219439578695,0.47798698366775705,0.0,0.0
2.581704853940127,-0.7154121884412401,0.47356449197024214,0.0,0.0
2.581704853940127,-0.6532024329246107,0.46955618525553694,0.0,0.0
2.581704853940127,-0.5909926774079808,0.46594984675696466,0.0,0.0
2.581704853940127,-0.5287829218913513,0.46273450574276775,0.0,0.0
2.581704853940127,-0.4665731663747219,0.45990040268143123,0.0,0.0
2.581704853940127,-0.40436341085809246,0.45743895567695425,0.0,0.0
2.581704853940127,-0.3421536553414626,0.45534272909256723,0.0,0.0
2.581704853940127,-0.27994389982483314,0.453605405047857,0.0,0.0
2.581704853940127,-0.2177341443082037,0.45222175829522,0.0,0.0
2.581704853940127,-0.15552438879157382,0.4511876348448897,0.0,0.0
2.581704853940127,-0.09331463327494438,0.45049993460371074,0.0,0.0
2.581704853940127,-0.03110487775831494,0.45015659821347015,0.0,0.0
2.581704853940127,0.031104877758314498,0.45015659821347015,0.0,0.0
2.581704853940127,0.09331463327494438,0.45049993460371074,0.0,0.0
2.581704853940127,0.15552438879157382,0.4511876348448897,0.0,0.0
2.581704853940127,0.21773414430820326,0.4522217582952201,0.0,0.0
2.581704853940127,0.2799438998248327,0.4536054050478569,0.0,0.0
2.581704853940127,0.3421536553414626,0.45534272909256723,0.0,0.0
2.581704853940127,0.404363410858092,0.4574389556769542,0.0,0.0
2.581704853940127,0.46657316637472146,0.45990040268143123,0.0,0.0
2.581704853940127,0.5287829218913513,0.46273450574276775,0.0,0.0
2.581704853940127,0.5909926774079808,0.46594984675696466,0.0,0.0
2.581704853940127,0.6532024329246102,0.46955618525553694,0.0,0.0
2.581704853940127,0.7154121884412397,0.4735644919702421,0.0,0.0
2.581704853940127,0.7776219439578695,0.47798698366775705,0.0,0.0
2.581704853940127,0.839831699474499,0.4828371580326161,0.0,0.0
2.581704853940127,0.9020414549911289,0.4881298269849657,0.0,0.0
2.581704853940127,0.9642512105077579,0.49388114631574087,0.0,0.0
2.581704853940127,1.0264609660243877,0.5001086388764088,0.0,0.0
2.581704853940127,1.0886707215410176,0.5068312077371278,0.0,0.0
2.581704853940127,1.1508804770576466,0.5140691346815226,0.0,0.0
2.581704853940127,1.2130902325742765,0.5218440580840692,0.0,0.0
2.581704853940127,1.2752999880909055,0.5301789225523283,0.0,0.0
2.581704853940127,1.3375097436075354,0.5390978906343674,0.0,0.0
2.581704853940127,1.3997194991241653,0.548626204303609,0.0,0.0
2.581704853940127,1.4619292546407943,0.558789980741619,0.0,0.0
2.581704853940127,1.5241390101574241,0.5696159230422173,0.0,0.0
2.581704853940127,1.586348765674054,0.581130921762081,0.0,0.0
2.581704853940127,1.648558521190683,0.5933615176727715,0.0,0.0
2.581704853940127,1.710768276707313,0.606333189612095,0.0,0.0
2.581704853940127,1.7729780322239428,0.6200694240809345,0.0,0.0
2.581704853940127,1.8351877877405718,0.6345905154618182,0.0,0.0
2.581704853940127,1.8973975432572017,0.6499120380241101,0.0,0.0
2.581704853940127,1.9596072987738316,0.6660429242680356,0.0,0.0
2.581704853940127,2.0218170542904605,0.6829830803698245,0.0,0.0
2.581704853940127,2.0840268098070904,0.7007204712066585,0.0,0.0
2.581704853940127,2.1462365653237194,0.7192276186141077,0.0,0.0
2.581704853940127,2.2084463208403493,0.738457482651847,0.0,0.0
2.581704853940127,2.270656076356979,0.7583387438511273,0.0,0.0
2.581704853940127,2.332865831873608,0.7787705831033702,0.0,0.0
2.581704853940127,2.395075587390238,0.7996171735296035,0.0,0.0
2.581704853940127,2.457285342906868,0.820702261349961,0.0,0.0
2.581704853940127,2.519495098423497,0.841804419400786,0.0,0.0
2.581704853940127,2.581704853940127,0.8626537926852416,0.0,0.0
2.581704853940127,2.6439146094567567,0.8829313834423816,0.0,0.0
2.581704853940127,2.7061243649733857,0.9022720782524133,0.0,0.0
2.581704853940127,2.7683341204900156,0.9202726076186073,0.0,0.0
2.581704853940127,2.8305438760066455,0.9365053412346466,0.0,0.0
2.581704853940127,2.8927536315232745,0.9505381735935712,0.0,0.0
2.581704853940127,2.9549633870399044,0.9619597363204474,0.0,0.0
2.581704853940127,3.0171731425565333,0.9704079133541134,0.0,0.0
2.581704853940127,3.0793828980731632,0.9755984215320493,0.0,0.0
2.6439146094567567,-3.141592653589793,1.0071387493184236,0.0,0.0
2.6439146094567567,-3.0793828980731637,1.0052229948188158,0.0,0.0
2.6439146094567567,-3.017173142556534,0.9995479327373449,0.0,0.0
2.6439146094567567,-2.9549633870399044,0.9903229333520069,0.0,0.0
2.6439146094567567,-2.892753631523275,0.9778742148340915,0.0,0.0
2.6439146094567567,-2.8305438760066455,0.9626151569321855,0.0,0.0
2.6439146094567567,-2.7683341204900156,0.9450122324420489,0.0,0.0
2.6439146094567567,-2.706124364973386,0.9255515094216235,0.0,0.0
2.6439146094567567,-2.6439146094567567,0.904709605698977,0.0,0.0
2.6439146094567567,-2.581704853940127,0.8829313834423816,0.0,0.0
2.6439146094567567,-2.5194950984234974,0.8606150841522158,0.0,0.0
2.6439146094567567,-2.457285342906868,0.8381043803711259,0.0,0.0
2.6439146094567567,-2.395075587390238,0.8156860935790315,0.0,0.0
2.6439146094567567,-2.3328658318736086,0.7935920573750099,0.0,0.0
2.6439146094567567,-2.270656076356979,0.7720036614245782,0.0,0.0
2.6439146094567567,-2.2084463208403498,0.7510578501401789,0.0,0.0
2.6439146094567567,-2.1462365653237203,0.7308536537883293,0.0,0.0
2.6439146094567567,-2.0840268098070904,0.7114586232026134,0.0,0.0
2.6439146094567567,-2.021817054290461,0.6929147843770973,0.0,0.0
2.6439146094567567,-1.9596072987738313,0.6752439141085501,0.0,0.0
2.6439146094567567,-1.897397543257202,0.6584520659437717,0.0,0.0
2.6439146094567567,-1.8351877877405722,0.6425333571741884,0.0,0.0
2.6439146094567567,-1.7729780322239428,0.6274730742899914,0.0,0.0
2.6439146094567567,-1.7107682767073131,0.6132501768372373,0.0,0.0
2.6439146094567567,-1.6485585211906835,0.599839286546642,0.0,0.0
2.6439146094567567,-1.586348765674054,0.5872122461978321,0.0,0.0
2.6439146094567567,-1.5241390101574244,0.5753393252725398,0.0,0.0
2.6439146094567567,-1.461929254640795,0.5641901398451268,0.0,0.0
2.6439146094567567,-1.3997194991241653,0.5537343440753703,0.0,0.0
2.6439146094567567,-1.3375097436075358,0.5439421410757671,0.0,0.0
2.6439146094567567,-1.2752999880909062,0.5347846523072031,0.0,0.0
2.6439146094567567,-1.2130902325742767,0.5262341771962477,0.0,0.0
2.6439146094567567,-1.150880477057647,0.5182643683737774,0.0,0.0
2.6439146094567567,-1.0886707215410176,0.5108503427245152,0.0,0.0
2.6439146094567567,-1.0264609660243877,0.5039687441844652,0.0,0.0
2.6439146094567567,-0.9642512105077583,0.49759777079000556,0.0,0.0
2.6439146094567567,-0.9020414549911289,0.4917171757346091,0.0,0.0
2.6439146094567567,-0.8398316994744994,0.4863082500055073,0.0,0.0
2.6439146094567567,-0.7776219439578695,0.48135379244750987,0.0,0.0
2.6439146094567567,-0.7154121884412401,0.4768380717454129,0.0,0.0
2.6439146094567567,-0.6532024329246107,0.4727467837558883,0.0,0.0
2.6439146094567567,-0.5909926774079808,0.46906700679388574,0.0,0.0
2.6439146094567567,-0.5287829218913513,0.4657871568383728,0.0,0.0
2.6439146094567567,-0.4665731663747219,0.4628969441283126,0.0,0.0
2.6439146094567567,-0.40436341085809246,0.4603873322407214,0.0,0.0
2.6439146094567567,-0.3421536553414626,0.45825050045346294,0.0,0.0
2.6439146094567567,-0.27994389982483314,0.4564798099763237,0.0,0.0
2.6439146094567567,-0.2177341443082037,0.4550697744691881,0.0,0.0
2.6439146094567567,-0.15552438879157382,0.45401603514335526,0.0,0.0
2.6439146094567567,-0.09331463327494438,0.4533153406513235,0.0,0.0
2.6439146094567567,-0.03110487775831494,0.4529655319037954,0.0,0.0
2.6439146094567567,0.031104877758314498,0.4529655319037954,0.0,0.0
2.6439146094567567,0.09331463327494438,0.4533153406513235,0.0,0.0
2.6439146094567567,0.15552438879157382,0.45401603514335526,0.0,0.0
2.6439146094567567,0.21773414430820326,0.4550697744691881,0.0,0.0
2.6439146094567567,0.2799438998248327,0.45647980997632365,0.0,0.0
2.6439146094567567,0.3421536553414626,0.45825050045346294,0.0,0.0
2.6439146094567567,0.404363410858092,0.4603873322407214,0.0,0.0
2.6439146094567567,0.46657316637472146,0.4628969441283126,0.0,0.0
2.6439146094567567,0.5287829218913513,0.4657871568383728,0.0,0.0
2.6439146094567567,0.5909926774079808,0.46906700679388574,0.0,0.0
2.6439146094567567,0.6532024329246102,0.4727467837558882,0.0,0.0
2.6439146094567567,0.7154121884412397,0.47683807174541276,0.0,0.0
2.6439146094567567,0.7776219439578695,0.48135379244750987,0.0,0.0
2.6439146094567567,0.839831699474499,0.4863082500055073,0.0,0.0
2.6439146094567567,0.9020414549911289,0.4917171757346091,0.0,0.0
2.6439146094567567,0.9642512105077579,0.49759777079000544,0.0,0.0
2.6439146094567567,1.0264609660243877,0.5039687441844652,0.0,0.0
2.6439146094567567,1.0886707215410176,0.5108503427245152,0.0,0.0
2.6439146094567567,1.1508804770576466,0.5182643683737774,0.0,0.0
2.6439146094567567,1.2130902325742765,0.5262341771962475,0.0,0.0
2.6439146094567567,1.2752999880909055,0.5347846523072031,0.0,0.0
2.6439146094567567,1.3375097436075354,0.543942141075767,0.0,0.0
2.6439146094567567,1.3997194991241653,0.5537343440753703,0.0,0.0
2.6439146094567567,1.4619292546407943,0.5641901398451266,0.0,0.0
2.6439146094567567,1.5241390101574241,0.5753393252725397,0.0,0.0
2.6439146094567567,1.586348765674054,0.5872122461978321,0.0,0.0
2.6439146094567567,1.648558521190683,0.599839286546642,0.0,0.0
2.6439146094567567,1.710768276707313,0.6132501768372373,0.0,0.0
2.6439146094567567,1.7729780322239428,0.6274730742899914,0.0,0.0
2.6439146094567567,1.8351877877405718,0.6425333571741884,0.0,0.0
2.6439146094567567,1.8973975432572017,0.6584520659437716,0.0,0.0
2.6439146094567567,1.9596072987738316,0.6752439141085502,0.0,0.0
2.6439146094567567,2.0218170542904605,0.6929147843770973,0.0,0.0
2.6439146094567567,2.0840268098070904,0.7114586232026134,0.0,0.0
2.6439146094567567,2.1462365653237194,0.730853653788329,0.0,0.0
2.6439146094567567,2.2084463208403493,0.7510578501401788,0.0,0.0
2.6439146094567567,2.270656076356979,0.7720036614245782,0.0,0.0
2.6439146094567567,2.332865831873608,0.7935920573750097,0.0,0.0
2.6439146094567567,2.395075587390238,0.8156860935790315,0.0,0.0
2.6439146094567567,2.457285342906868,0.8381043803711259,0.0,0.0
2.6439146094567567,2.519495098423497,0.8606150841522154,0.0,0.0
2.6439146094567567,2.581704853940127,0.8829313834423816,0.0,0.0
2.6439146094567567,2.6439146094567567,0.904709605698977,0.0,0.0
2.6439146094567567,2.7061243649733857,0.9255515094216235,0.0,0.0
2.6439146094567567,2.7683341204900156,0.9450122324420489,0.0,0.0
2.6439146094567567,2.8305438760066455,0.9626151569321855,0.0,0.0
2.6439146094567567,2.8927536315232745,0.9778742148340915,0.0,0.0
2.6439146094567567,2.9549633870399044,0.9903229333520069,0.0,0.0
2.6439146094567567,3.0171731425565333,0.9995479327373449,0.0,0.0
2.6439146094567567,3.0793828980731632,1.0052229948188158,0.0,0.0
2.7061243649733857,-3.141592653589793,1.0361331708203023,0.0,0.0
2.7061243649733857,-3.0793828980731637,1.0340474972005171,0.0,0.0
2.7061243649733857,-3.017173142556534,1.0278731455407077,0.0,0.0
2.7061243649733857,-2.9549633870399044,1.0178494081690836,0.0,0.0
2.7061243649733857,-2.892753631523275,1.0043478030770394,0.0,0.0
2.7061243649733857,-2.8305438760066455,0.9878366797960251,0.0,0.0
2.7061243649733857,-2.7683341204900156,0.9688410294258765,0.0,0.0
2.7061243649733857,-2.706124364973386,0.9479035434987446,0.0,0.0
2.7061243649733857,-2.6439146094567567,0.9255515094216235,0.0,0.0
2.7061243649733857,-2.581704853940127,0.9022720782524133,0.0,0.0
2.7061243649733857,-2.5194950984234974,0.8784964777583008,0.0,0.0
2.7061243649733857,-2.457285342906868,0.8545923006372843,0.0,0.0
2.7061243649733857,-2.395075587390238,0.8308622047066125,0.0,0.0
2.7061243649733857,-2.3328658318736086,0.8075471313828978,0.0,0.0
2.7061243649733857,-2.270656076356979,0.7848322963883715,0.0,0.0
2.7061243649733857,-2.2084463208403498,0.7628545453808636,0.0,0.0
2.7061243649733857,-2.1462365653237203,0.7417100562481436,0.0,0.0
2.7061243649733857,-2.0840268098070904,0.7214617249328077,0.0,0.0
2.7061243649733857,-2.021817054290461,0.7021458553867227,0.0,0.0
2.7061243649733857,-1.9596072987738313,0.6837779796532532,0.0,0.0
2.7061243649733857,-1.897397543257202,0.6663577702508711,0.0,0.0
2.7061243649733857,-1.8351877877405722,0.6498730890982541,0.0,0.0
2.7061243649733857,-1.7729780322239428,0.6343032605541566,0.0,0.0
2.7061243649733857,-1.7107682767073131,0.6196216737538136,0.0,0.0
2.7061243649733857,-1.6485585211906835,0.6057978211982282,0.0,0.0
2.7061243649733857,-1.586348765674054,0.5927988734606148,0.0,0.0
2.7061243649733857,-1.5241390101574244,0.5805908785196089,0.0,0.0
2.7061243649733857,-1.461929254640795,0.5691396614692967,0.0,0.0
2.7061243649733857,-1.3997194991241653,0.5584114878402953,0.0,0.0
2.7061243649733857,-1.3375097436075358,0.5483735423497572,0.0,0.0
2.7061243649733857,-1.2752999880909062,0.5389942649435682,0.0,0.0
2.7061243649733857,-1.2130902325742767,0.5302435775740526,0.0,0.0
2.7061243649733857,-1.150880477057647,0.5220930281872295,0.0,0.0
2.7061243649733857,-1.0886707215410176,0.5145158727169337,0.0,0.0
2.7061243649733857,-1.0264609660243877,0.5074871113153946,0.0,0.0
2.7061243649733857,-0.9642512105077583,0.5009834914095489,0.0,0.0
2.7061243649733857,-0.9020414549911289,0.4949834872934101,0.0,0.0
2.7061243649733857,-0.8398316994744994,0.4894672637045163,0.0,0.0
2.7061243649733857,-0.7776219439578695,0.4844166290644945,0.0,0.0
2.7061243649733857,-0.7154121884412401,0.47981498268894646,0.0,0.0
2.7061243649733857,-0.6532024329246107,0.47564725920777307,0.0,0.0
2.7061243649733857,-0.5909926774079808,0.471899872617371,0.0,0.0
2.7061243649733857,-0.5287829218913513,0.46856066175788996,0.0,0.0
2.7061243649733857,-0.4665731663747219,0.4656188385299327,0.0,0.0
2.7061243649733857,-0.40436341085809246,0.46306493980256697,0.0,0.0
2.7061243649733857,-0.3421536553414626,0.46089078369220626,0.0,0.0
2.7061243649733857,-0.27994389982483314,0.45908943068936586,0.0,0.0
2.7061243649733857,-0.2177341443082037,0.4576551499614415,0.0,0.0
2.7061243649733857,-0.15552438879157382,0.45658339105192014,0.0,0.0
2.7061243649733857,-0.09331463327494438,0.4558707611198773,0.0,0.0
2.7061243649733857,-0.03110487775831494,0.45551500781040294,0.0,0.0
2.7061243649733857,0.031104877758314498,0.45551500781040294,0.0,0.0
2.7061243649733857,0.09331463327494438,0.4558707611198773,0.0,0.0
2.7061243649733857,0.15552438879157382,0.45658339105192014,0.0,0.0
2.7061243649733857,0.21773414430820326,0.4576551499614415,0.0,0.0
2.7061243649733857,0.2799438998248327,0.45908943068936575,0.0,0.0
2.7061243649733857,0.3421536553414626,0.46089078369220626,0.0,0.0
2.7061243649733857,0.404363410858092,0.4630649398025669,0.0,0.0
2.7061243649733857,0.46657316637472146,0.4656188385299327,0.0,0.0
2.7061243649733857,0.5287829218913513,0.46856066175788996,0.0,0.0
2.7061243649733857,0.5909926774079808,0.471899872617371,0.0,0.0
2.7061243649733857,0.6532024329246102,0.475647259207773,0.0,0.0
2.7061243649733857,0.7154121884412397,0.47981498268894635,0.0,0.0
2.7061243649733857,0.7776219439578695,0.4844166290644945,0.0,0.0
2.7061243649733857,0.839831699474499,0.4894672637045163,0.0,0.0
2.7061243649733857,0.9020414549911289,0.4949834872934101,0.0,0.0
2.7061243649733857,0.9642512105077579,0.5009834914095489,0.0,0.0
2.7061243649733857,1.0264609660243877,0.5074871113153946,0.0,0.0
2.7061243649733857,1.0886707215410176,0.5145158727169337,0.0,0.0
2.7061243649733857,1.1508804770576466,0.5220930281872295,0.0,0.0
2.7061243649733857,1.2130902325742765,0.5302435775740525,0.0,0.0
2.7061243649733857,1.2752999880909055,0.5389942649435681,0.0,0.0
2.7061243649733857,1.3375097436075354,0.5483735423497571,0.0,0.0
2.7061243649733857,1.3997194991241653,0.5584114878402953,0.0,0.0
2.7061243649733857,1.4619292546407943,0.5691396614692966,0.0,0.0
2.7061243649733857,1.5241390101574241,0.5805908785196089,0.0,0.0
2.7061243649733857,1.586348765674054,0.5927988734606148,0.0,0.0
2.7061243649733857,1.648558521190683,0.6057978211982281,0.0,0.0
2.7061243649733857,1.710768276707313,0.6196216737538136,0.0,0.0
2.7061243649733857,1.7729780322239428,0.6343032605541566,0.0,0.0
2.7061243649733857,1.8351877877405718,0.6498730890982541,0.0,0.0
2.7061243649733857,1.8973975432572017,0.666357770250871,0.0,0.0
2.7061243649733857,1.9596072987738316,0.6837779796532533,0.0,0.0
2.7061243649733857,2.0218170542904605,0.7021458553867226,0.0,0.0
2.7061243649733857,2.0840268098070904,0.7214617249328077,0.0,0.0
2.7061243649733857,2.1462365653237194,0.7417100562481435,0.0,0.0
2.7061243649733857,2.2084463208403493,0.7628545453808635,0.0,0.0
2.7061243649733857,2.270656076356979,0.7848322963883715,0.0,0.0
2.7061243649733857,2.332865831873608,0.8075471313828977,0.0,0.0
2.7061243649733857,2.395075587390238,0.8308622047066125,0.0,0.0
2.7061243649733857,2.457285342906868,0.8545923006372843,0.0,0.0
2.7061243649733857,2.519495098423497,0.8784964777583004,0.0,0.0
2.7061243649733857,2.581704853940127,0.9022720782524133,0.0,0.0
2.7061243649733857,2.6439146094567567,0.9255515094216235,0.0,0.0
2.7061243649733857,2.7061243649733857,0.9479035434987446,0.0,0.0
2.7061243649733857,2.7683341204900156,0.9688410294258765,0.0,0.0
2.7061243649733857,2.8305438760066455,0.9878366797960251,0.0,0.0
2.7061243649733857,2.8927536315232745,1.0043478030770392,0.0,0.0
2.7061243649733857,2.9549633870399044,1.0178494081690836,0.0,0.0
2.7061243649733857,3.0171731425565333,1.0278731455407077,0.0,0.0
2.7061243649733857,3.0793828980731632,1.0340474972005171,0.0,0.0
2.7683341204900156,-3.141592653589793,1.063657332523702,0.0,0.0
2.7683341204900156,-3.0793828980731637,1.0614013574775354,0.0,0.0
2.7683341204900156,-3.017173142556534,1.0547271335606223,0.0,0.0
2.7683341204900156,-2.9549633870399044,1.0439054097253466,0.0,0.0
2.7683341204900156,-2.892753631523275,1.0293550931920332,0.0,0.0
2.7683341204900156,-2.8305438760066455,1.0116016218181498,0.0,0.0
2.7683341204900156,-2.7683341204900156,0.9912301825392404,0.0,0.0
2.7683341204900156,-2.706124364973386,0.9688410294258767,0.0,0.0
2.7683341204900156,-2.6439146094567567,0.9450122324420489,0.0,0.0
2.7683341204900156,-2.581704853940127,0.9202726076186073,0.0,0.0
2.7683341204900156,-2.5194950984234974,0.8950852042773765,0.0,0.0
2.7683341204900156,-2.457285342906868,0.8698400601509091,0.0,0.0
2.7683341204900156,-2.395075587390238,0.8448540945107131,0.0,0.0
2.7683341204900156,-2.3328658318736086,0.8203758437881973,0.0,0.0
2.7683341204900156,-2.270656076356979,0.7965930042552075,0.0,0.0
2.7683341204900156,-2.2084463208403498,0.7736411989207326,0.0,0.0
2.7683341204900156,-2.1462365653237203,0.7516128663512758,0.0,0.0
2.7683341204900156,-2.0840268098070904,0.7305655869076145,0.0,0.0
2.7683341204900156,-2.021817054290461,0.7105294824778994,0.0,0.0
2.7683341204900156,-1.9596072987738313,0.691513548883212,0.0,0.0
2.7683341204900156,-1.897397543257202,0.6735109216121087,0.0,0.0
2.7683341204900156,-1.8351877877405722,0.6565031559096317,0.0,0.0
2.7683341204900156,-1.7729780322239428,0.6404636405891171,0.0,0.0
2.7683341204900156,-1.7107682767073131,0.6253602765325138,0.0,0.0
2.7683341204900156,-1.6485585211906835,0.6111575468196205,0.0,0.0
2.7683341204900156,-1.586348765674054,0.5978180933072901,0.0,0.0
2.7683341204900156,-1.5241390101574244,0.585303899040596,0.0,0.0
2.7683341204900156,-1.461929254640795,0.5735771599433747,0.0,0.0
2.7683341204900156,-1.3997194991241653,0.5626009143310666,0.0,0.0
2.7683341204900156,-1.3375097436075358,0.5523394856215011,0.0,0.0
2.7683341204900156,-1.2752999880909062,0.5427587824093943,0.0,0.0
2.7683341204900156,-1.2130902325742767,0.5338264907686449,0.0,0.0
2.7683341204900156,-1.150880477057647,0.5255121860704387,0.0,0.0
2.7683341204900156,-1.0886707215410176,0.517787385520127,0.0,0.0
2.7683341204900156,-1.0264609660243877,0.510625557780665,0.0,0.0
2.7683341204900156,-0.9642512105077583,0.5040021022410827,0.0,0.0
2.7683341204900156,-0.9020414549911289,0.4978943075081645,0.0,0.0
2.7683341204900156,-0.8398316994744994,0.49228129638162743,0.0,0.0
2.7683341204900156,-0.7776219439578695,0.48714396277977373,0.0,0.0
2.7683341204900156,-0.7154121884412401,0.4824649047019526,0.0,0.0
2.7683341204900156,-0.6532024329246107,0.4782283562563951,0.0,0.0
2.7683341204900156,-0.5909926774079808,0.4744201209757472,0.0,0.0
2.7683341204900156,-0.5287829218913513,0.4710275080316443,0.0,0.0
2.7683341204900156,-0.4665731663747219,0.4680392724997797,0.0,0.0
2.7683341204900156,-0.40436341085809246,0.46544556048362784,0.0,0.0
2.7683341204900156,-0.3421536553414626,0.46323785965138986,0.0,0.0
2.7683341204900156,-0.27994389982483314,0.4614089555559568,0.0,0.0
2.7683341204900156,-0.2177341443082037,0.4599528939754664,0.0,0.0
2.7683341204900156,-0.15552438879157382,0.4588649494197572,0.0,0.0
2.7683341204900156,-0.09331463327494438,0.4581415998858331,0.0,0.0
2.7683341204900156,-0.03110487775831494,0.45778050790561164,0.0,0.0
2.7683341204900156,0.031104877758314498,0.45778050790561164,0.0,0.0
2.7683341204900156,0.09331463327494438,0.4581415998858331,0.0,0.0
2.7683341204900156,0.15552438879157382,0.4588649494197572,0.0,0.0
2.7683341204900156,0.21773414430820326,0.4599528939754664,0.0,0.0
2.7683341204900156,0.2799438998248327,0.4614089555559568,0.0,0.0
2.7683341204900156,0.3421536553414626,0.46323785965138986,0.0,0.0
2.7683341204900156,0.404363410858092,0.46544556048362773,0.0,0.0
2.7683341204900156,0.46657316637472146,0.4680392724997797,0.0,0.0
2.7683341204900156,0.5287829218913513,0.4710275080316443,0.0,0.0
2.7683341204900156,0.5909926774079808,0.4744201209757472,0.0,0.0
2.7683341204900156,0.6532024329246102,0.478228356256395,0.0,0.0
2.7683341204900156,0.7154121884412397,0.48246490470195247,0.0,0.0
2.7683341204900156,0.7776219439578695,0.48714396277977373,0.0,0.0
2.7683341204900156,0.839831699474499,0.49228129638162743,0.0,0.0
2.7683341204900156,0.9020414549911289,0.4978943075081645,0.0,0.0
2.7683341204900156,0.9642512105077579,0.5040021022410826,0.0,0.0
2.7683341204900156,1.0264609660243877,0.510625557780665,0.0,0.0
2.7683341204900156,1.0886707215410176,0.517787385520127,0.0,0.0
2.7683341204900156,1.1508804770576466,0.5255121860704387,0.0,0.0
2.7683341204900156,1.2130902325742765,0.5338264907686447,0.0,0.0
2.7683341204900156,1.2752999880909055,0.5427587824093943,0.0,0.0
2.7683341204900156,1.3375097436075354,0.5523394856215011,0.0,0.0
2.7683341204900156,1.3997194991241653,0.5626009143310666,0.0,0.0
2.7683341204900156,1.4619292546407943,0.5735771599433745,0.0,0.0
2.7683341204900156,1.5241390101574241,0.585303899040596,0.0,0.0
2.7683341204900156,1.586348765674054,0.5978180933072901,0.0,0.0
2.7683341204900156,1.648558521190683,0.6111575468196204,0.0,0.0
2.7683341204900156,1.710768276707313,0.6253602765325138,0.0,0.0
2.7683341204900156,1.7729780322239428,0.6404636405891171,0.0,0.0
2.7683341204900156,1.8351877877405718,0.6565031559096315,0.0,0.0
2.7683341204900156,1.8973975432572017,0.6735109216121086,0.0,0.0
2.7683341204900156,1.9596072987738316,0.691513548883212,0.0,0.0
2.7683341204900156,2.0218170542904605,0.7105294824778992,0.0,0.0
2.7683341204900156,2.0840268098070904,0.7305655869076145,0.0,0.0
2.7683341204900156,2.1462365653237194,0.7516128663512757,0.0,0.0
2.7683341204900156,2.2084463208403493,0.7736411989207324,0.0,0.0
2.7683341204900156,2.270656076356979,0.7965930042552075,0.0,0.0
2.7683341204900156,2.332865831873608,0.8203758437881972,0.0,0.0
2.7683341204900156,2.395075587390238,0.8448540945107131,0.0,0.0
2.7683341204900156,2.457285342906868,0.8698400601509091,0.0,0.0
2.7683341204900156,2.519495098423497,0.8950852042773763,0.0,0.0
2.7683341204900156,2.581704853940127,0.9202726076186073,0.0,0.0
2.7683341204900156,2.6439146094567567,0.9450122324420489,0.0,0.0
2.7683341204900156,2.7061243649733857,0.9688410294258765,0.0,0.0
2.7683341204900156,2.7683341204900156,0.9912301825392404,0.0,0.0
2.7683341204900156,2.8305438760066455,1.0116016218181498,0.0,0.0
2.7683341204900156,2.8927536315232745,1.029355093192033,0.0,0.0
2.7683341204900156,2.9549633870399044,1.0439054097253466,0.0,0.0
2.7683341204900156,3.0171731425565333,1.0547271335606223,0.0,0.0
2.7683341204900156,3.0793828980731632,1.0614013574775354,0.0,0.0
2.8305438760066455,-3.141592653589793,1.0889474679439686,0.0,0.0
2.8305438760066455,-3.0793828980731637,1.0865270886246736,0.0,0.0
2.8305438760066455,-3.017173142556534,1.0793708014140815,0.0,0.0
2.8305438760066455,-2.9549633870399044,1.0677810714052864,0.0,0.0
2.8305438760066455,-2.892753631523275,1.0522243616004041,0.0,0.0
2.8305438760066455,-2.8305438760066455,1.0332830016770898,0.0,0.0
2.8305438760066455,-2.7683341204900156,1.0116016218181498,0.0,0.0
2.8305438760066455,-2.706124364973386,0.9878366797960253,0.0,0.0
2.8305438760066455,-2.6439146094567567,0.9626151569321855,0.0,0.0
2.8305438760066455,-2.581704853940127,0.9365053412346466,0.0,0.0
2.8305438760066455,-2.5194950984234974,0.9099998116203509,0.0,0.0
2.8305438760066455,-2.457285342906868,0.8835088605673863,0.0,0.0
2.8305438760066455,-2.395075587390238,0.8573617270144651,0.0,0.0
2.8305438760066455,-2.3328658318736086,0.8318129333300942,0.0,0.0
2.8305438760066455,-2.270656076356979,0.8070514084917532,0.0,0.0
2.8305438760066455,-2.2084463208403498,0.7832106535391321,0.0,0.0
2.8305438760066455,-2.1462365653237203,0.7603787786151135,0.0,0.0
2.8305438760066455,-2.0840268098070904,0.7386077189811392,0.0,0.0
2.8305438760066455,-2.021817054290461,0.7179212911634483,0.0,0.0
2.8305438760066455,-1.9596072987738313,0.6983219875972135,0.0,0.0
2.8305438760066455,-1.897397543257202,0.6797965520591747,0.0,0.0
2.8305438760066455,-1.8351877877405722,0.6623204548522083,0.0,0.0
2.8305438760066455,-1.7729780322239428,0.6458614188191794,0.0,0.0
2.8305438760066455,-1.7107682767073131,0.6303821521829963,0.0,0.0
2.8305438760066455,-1.6485585211906835,0.6158424341029921,0.0,0.0
2.8305438760066455,-1.586348765674054,0.6022006816441112,0.0,0.0
2.8305438760066455,-1.5241390101574244,0.5894151074120892,0.0,0.0
2.8305438760066455,-1.461929254640795,0.5774445581355367,0.0,0.0
2.8305438760066455,-1.3997194991241653,0.5662491073352983,0.0,0.0
2.8305438760066455,-1.3375097436075358,0.5557904604484823,0.0,0.0
2.8305438760066455,-1.2752999880909062,0.5460322184367362,0.0,0.0
2.8305438760066455,-1.2130902325742767,0.5369400358309296,0.0,0.0
2.8305438760066455,-1.150880477057647,0.5284817010667584,0.0,0.0
2.8305438760066455,-1.0886707215410176,0.5206271605391009,0.0,0.0
2.8305438760066455,-1.0264609660243877,0.513348502751501,0.0,0.0
2.8305438760066455,-0.9642512105077583,0.5066199149973706,0.0,0.0
2.8305438760066455,-0.9020414549911289,0.5004176219565103,0.0,0.0
2.8305438760066455,-0.8398316994744994,0.49471981323801845,0.0,0.0
2.8305438760066455,-0.7776219439578695,0.48950656509713336,0.0,0.0
2.8305438760066455,-0.7154121884412401,0.4847597601778334,0.0,0.0
2.8305438760066455,-0.6532024329246107,0.48046300808904685,0.0,0.0
2.8305438760066455,-0.5909926774079808,0.4766015688346219,0.0,0.0
2.8305438760066455,-0.5287829218913513,0.47316228052683784,0.0,0.0
2.8305438760066455,-0.4665731663747219,0.4701334923743634,0.0,0.0
2.8305438760066455,-0.40436341085809246,0.4675050036127054,0.0,0.0
2.8305438760066455,-0.3421536553414626,0.46526800881089453,0.0,0.0
2.8305438760066455,-0.27994389982483314,0.46341504982129805,0.0,0.0
2.8305438760066455,-0.2177341443082037,0.46193997452371216,0.0,0.0
2.8305438760066455,-0.15552438879157382,0.4608379024377128,0.0,0.0
2.8305438760066455,-0.09331463327494438,0.4601051972289189,0.0,0.0
2.8305438760066455,-0.03110487775831494,0.4597394461077752,0.0,0.0
2.8305438760066455,0.031104877758314498,0.4597394461077752,0.0,0.0
2.8305438760066455,0.09331463327494438,0.4601051972289189,0.0,0.0
2.8305438760066455,0.15552438879157382,0.4608379024377128,0.0,0.0
2.8305438760066455,0.21773414430820326,0.46193997452371216,0.0,0.0
2.8305438760066455,0.2799438998248327,0.46341504982129805,0.0,0.0
2.8305438760066455,0.3421536553414626,0.46526800881089453,0.0,0.0
2.8305438760066455,0.404363410858092,0.4675050036127054,0.0,0.0
2.8305438760066455,0.46657316637472146,0.4701334923743634,0.0,0.0
2.8305438760066455,0.5287829218913513,0.47316228052683784,0.0,0.0
2.8305438760066455,0.5909926774079808,0.4766015688346219,0.0,0.0
2.8305438760066455,0.6532024329246102,0.4804630080890468,0.0,0.0
2.8305438760066455,0.7154121884412397,0.4847597601778333,0.0,0.0
2.8305438760066455,0.7776219439578695,0.48950656509713336,0.0,0.0
2.8305438760066455,0.839831699474499,0.49471981323801834,0.0,0.0
2.8305438760066455,0.9020414549911289,0.5004176219565103,0.0,0.0
2.8305438760066455,0.9642512105077579,0.5066199149973706,0.0,0.0
2.8305438760066455,1.0264609660243877,0.513348502751501,0.0,0.0
2.8305438760066455,1.0886707215410176,0.5206271605391009,0.0,0.0
2.8305438760066455,1.1508804770576466,0.5284817010667584,0.0,0.0
2.8305438760066455,1.2130902325742765,0.5369400358309295,0.0,0.0
2.8305438760066455,1.2752999880909055,0.5460322184367362,0.0,0.0
2.8305438760066455,1.3375097436075354,0.5557904604484822,0.0,0.0
2.8305438760066455,1.3997194991241653,0.5662491073352983,0.0,0.0
2.8305438760066455,1.4619292546407943,0.5774445581355365,0.0,0.0
2.8305438760066455,1.5241390101574241,0.5894151074120891,0.0,0.0
2.8305438760066455,1.586348765674054,0.6022006816441112,0.0,0.0
2.8305438760066455,1.648558521190683,0.6158424341029921,0.0,0.0
2.8305438760066455,1.710768276707313,0.6303821521829963,0.0,0.0
2.8305438760066455,1.7729780322239428,0.6458614188191794,0.0,0.0
2.8305438760066455,1.8351877877405718,0.6623204548522081,0.0,0.0
2.8305438760066455,1.8973975432572017,0.6797965520591747,0.0,0.0
2.8305438760066455,1.9596072987738316,0.6983219875972135,0.0,0.0
2.8305438760066455,2.0218170542904605,0.7179212911634482,0.0,0.0
2.8305438760066455,2.0840268098070904,0.7386077189811392,0.0,0.0
2.8305438760066455,2.1462365653237194,0.7603787786151132,0.0,0.0
2.8305438760066455,2.2084463208403493,0.7832106535391319,0.0,0.0
2.8305438760066455,2.270656076356979,0.8070514084917532,0.0,0.0
2.8305438760066455,2.332865831873608,0.8318129333300941,0.0,0.0
2.8305438760066455,2.395075587390238,0.8573617270144651,0.0,0.0
2.8305438760066455,2.457285342906868,0.8835088605673863,0.0,0.0
2.8305438760066455,2.519495098423497,0.9099998116203507,0.0,0.0
2.8305438760066455,2.581704853940127,0.9365053412346466,0.0,0.0
2.8305438760066455,2.6439146094567567,0.9626151569321855,0.0,0.0
2.8305438760066455,2.7061243649733857,0.9878366797960251,0.0,0.0
2.8305438760066455,2.7683341204900156,1.0116016218181498,0.0,0.0
2.8305438760066455,2.8305438760066455,1.0332830016770898,0.0,0.0
2.8305438760066455,2.8927536315232745,1.0522243616004041,0.0,0.0
2.8305438760066455,2.9549633870399044,1.0677810714052864,0.0,0.0
2.8305438760066455,3.0171731425565333,1.0793708014140815,0.0,0.0
2.8305438760066455,3.0793828980731632,1.0865270886246736,0.0,0.0
2.8927536315232745,-3.141592653589793,1.1111859918696707,0.0,0.0
2.8927536315232745,-3.0793828980731637,1.1086146298537247,0.0,0.0
2.8927536315232745,-3.017173142556534,1.101016055537243,0.0,0.0
2.8927536315232745,-2.9549633870399044,1.0887229942135037,0.0,0.0
2.8927536315232745,-2.892753631523275,1.072247085775905,0.0,0.0
2.8927536315232745,-2.8305438760066455,1.0522243616004041,0.0,0.0
2.8927536315232745,-2.7683341204900156,1.029355093192033,0.0,0.0
2.8927536315232745,-2.706124364973386,1.0043478030770396,0.0,0.0
2.8927536315232745,-2.6439146094567567,0.9778742148340915,0.0,0.0
2.8927536315232745,-2.581704853940127,0.9505381735935712,0.0,0.0
2.8927536315232745,-2.5194950984234974,0.9228583452471618,0.0,0.0
2.8927536315232745,-2.457285342906868,0.8952624371324187,0.0,0.0
2.8927536315232745,-2.395075587390238,0.8680898155566648,0.0,0.0
2.8927536315232745,-2.3328658318736086,0.841599420501,0.0,0.0
2.8927536315232745,-2.270656076356979,0.8159804004501616,0.0,0.0
2.8927536315232745,-2.2084463208403498,0.7913635844811785,0.0,0.0
2.8927536315232745,-2.1462365653237203,0.767832569834996,0.0,0.0
2.8927536315232745,-2.0840268098070904,0.7454337356992019,0.0,0.0
2.8927536315232745,-2.021817054290461,0.724184875690605,0.0,0.0
2.8927536315232745,-1.9596072987738313,0.7040823889937846,0.0,0.0
2.8927536315232745,-1.897397543257202,0.6851071139934539,0.0,0.0
2.8927536315232745,-1.8351877877405722,0.6672289598461039,0.0,0.0
2.8927536315232745,-1.7729780322239428,0.650410516736436,0.0,0.0
2.8927536315232745,-1.7107682767073131,0.634609823709119,0.0,0.0
2.8927536315232745,-1.6485585211906835,0.6197824569475163,0.0,0.0
2.8927536315232745,-1.586348765674054,0.6058830793904328,0.0,0.0
2.8927536315232745,-1.5241390101574244,0.5928665694464839,0.0,0.0
2.8927536315232745,-1.461929254640795,0.5806888248527297,0.0,0.0
2.8927536315232745,-1.3997194991241653,0.5693073186041315,0.0,0.0
2.8927536315232745,-1.3375097436075358,0.5586814677117381,0.0,0.0
2.8927536315232745,-1.2752999880909062,0.5487728622473536,0.0,0.0
2.8927536315232745,-1.2130902325742767,0.5395453914063273,0.0,0.0
2.8927536315232745,-1.150880477057647,0.53096529479607,0.0,0.0
2.8927536315232745,-1.0886707215410176,0.52300116045963,0.0,0.0
2.8927536315232745,-1.0264609660243877,0.515623885926504,0.0,0.0
2.8927536315232745,-0.9642512105077583,0.5088066145485576,0.0,0.0
2.8927536315232745,-0.9020414549911289,0.5025246562782801,0.0,0.0
2.8927536315232745,-0.8398316994744994,0.49675539967651794,0.0,0.0
2.8927536315232745,-0.7776219439578695,0.49147822013444303,0.0,0.0
2.8927536315232745,-0.7154121884412401,0.48667438793097295,0.0,0.0
2.8927536315232745,-0.6532024329246107,0.48232697872105706,0.0,0.0
2.8927536315232745,-0.5909926774079808,0.47842078828347273,0.0,0.0
2.8927536315232745,-0.5287829218913513,0.4749422527880441,0.0,0.0
2.8927536315232745,-0.4665731663747219,0.4718793754244686,0.0,0.0
2.8927536315232745,-0.40436341085809246,0.4692216599320357,0.0,0.0
2.8927536315232745,-0.3421536553414626,0.4669600513537012,0.0,0.0
2.8927536315232745,-0.27994389982483314,0.46508688418799604,0.0,0.0
2.8927536315232745,-0.2177341443082037,0.4635958380118284,0.0,0.0
2.8927536315232745,-0.15552438879157382,0.4624819005839643,0.0,0.0
2.8927536315232745,-0.09331463327494438,0.46174133840327547,0.0,0.0
2.8927536315232745,-0.03110487775831494,0.46137167468038504,0.0,0.0
2.8927536315232745,0.031104877758314498,0.4613716746803851,0.0,0.0
2.8927536315232745,0.09331463327494438,0.46174133840327547,0.0,0.0
2.8927536315232745,0.15552438879157382,0.4624819005839643,0.0,0.0
2.8927536315232745,0.21773414430820326,0.4635958380118284,0.0,0.0
2.8927536315232745,0.2799438998248327,0.465086884187996,0.0,0.0
2.8927536315232745,0.3421536553414626,0.4669600513537012,0.0,0.0
2.8927536315232745,0.404363410858092,0.46922165993203563,0.0,0.0
2.8927536315232745,0.46657316637472146,0.4718793754244686,0.0,0.0
2.8927536315232745,0.5287829218913513,0.4749422527880441,0.0,0.0
2.8927536315232745,0.5909926774079808,0.47842078828347273,0.0,0.0
2.8927536315232745,0.6532024329246102,0.48232697872105706,0.0,0.0
2.8927536315232745,0.7154121884412397,0.48667438793097295,0.0,0.0
2.8927536315232745,0.7776219439578695,0.49147822013444303,0.0,0.0
2.8927536315232745,0.839831699474499,0.49675539967651783,0.0,0.0
2.8927536315232745,0.9020414549911289,0.5025246562782801,0.0,0.0
2.8927536315232745,0.9642512105077579,0.5088066145485576,0.0,0.0
2.8927536315232745,1.0264609660243877,0.515623885926504,0.0,0.0
2.8927536315232745,1.0886707215410176,0.52300116045963,0.0,0.0
2.8927536315232745,1.1508804770576466,0.53096529479607,0.0,0.0
2.8927536315232745,1.2130902325742765,0.5395453914063272,0.0,0.0
2.8927536315232745,1.2752999880909055,0.5487728622473534,0.0,0.0
2.8927536315232745,1.3375097436075354,0.5586814677117381,0.0,0.0
2.8927536315232745,1.3997194991241653,0.5693073186041315,0.0,0.0
2.8927536315232745,1.4619292546407943,0.5806888248527295,0.0,0.0
2.8927536315232745,1.5241390101574241,0.5928665694464837,0.0,0.0
2.8927536315232745,1.586348765674054,0.6058830793904328,0.0,0.0
2.8927536315232745,1.648558521190683,0.6197824569475163,0.0,0.0
2.8927536315232745,1.710768276707313,0.634609823709119,0.0,0.0
2.8927536315232745,1.7729780322239428,0.650410516736436,0.0,0.0
2.8927536315232745,1.8351877877405718,0.6672289598461038,0.0,0.0
2.8927536315232745,1.8973975432572017,0.6851071139934538,0.0,0.0
2.8927536315232745,1.9596072987738316,0.7040823889937846,0.0,0.0
2.8927536315232745,2.0218170542904605,0.7241848756906047,0.0,0.0
2.8927536315232745,2.0840268098070904,0.7454337356992019,0.0,0.0
2.8927536315232745,2.1462365653237194,0.7678325698349958,0.0,0.0
2.8927536315232745,2.2084463208403493,0.7913635844811783,0.0,0.0
2.8927536315232745,2.270656076356979,0.8159804004501616,0.0,0.0
2.8927536315232745,2.332865831873608,0.8415994205009997,0.0,0.0
2.8927536315232745,2.395075587390238,0.8680898155566648,0.0,0.0
2.8927536315232745,2.457285342906868,0.8952624371324187,0.0,0.0
2.8927536315232745,2.519495098423497,0.9228583452471617,0.0,0.0
2.8927536315232745,2.581704853940127,0.9505381735935712,0.0,0.0
2.8927536315232745,2.6439146094567567,0.9778742148340915,0.0,0.0
2.8927536315232745,2.7061243649733857,1.0043478030770392,0.0,0.0
2.8927536315232745,2.7683341204900156,1.029355093192033,0.0,0.0
2.8927536315232745,2.8305438760066455,1.0522243616004041,0.0,0.0
2.8927536315232745,2.8927536315232745,1.0722470857759048,0.0,0.0
2.8927536315232745,2.9549633870399044,1.0887229942135037,0.0,0.0
2.8927536315232745,3.0171731425565333,1.101016055537243,0.0,0.0
2.8927536315232745,3.0793828980731632,1.1086146298537245,0.0,0.0
2.9549633870399044,-3.141592653589793,1.129554328003702,0.0,0.0
2.9549633870399044,-3.0793828980731637,1.1268536418711195,0.0,0.0
2.9549633870399044,-3.017173142556534,1.1188765410977761,0.0,0.0
2.9549633870399044,-2.9549633870399044,1.1059825113169623,0.0,0.0
2.9549633870399044,-2.892753631523275,1.088722994213504,0.0,0.0
2.9549633870399044,-2.8305438760066455,1.0677810714052864,0.0,0.0
2.9549633870399044,-2.7683341204900156,1.0439054097253466,0.0,0.0
2.9549633870399044,-2.706124364973386,1.0178494081690839,0.0,0.0
2.9549633870399044,-2.6439146094567567,0.9903229333520068,0.0,0.0
2.9549633870399044,-2.581704853940127,0.9619597363204474,0.0,0.0
2.9549633870399044,-2.5194950984234974,0.933300045265161,0.0,0.0
2.9549633870399044,-2.457285342906868,0.904785608080706,0.0,0.0
2.9549633870399044,-2.395075587390238,0.8767636072001449,0.0,0.0
2.9549633870399044,-2.3328658318736086,0.8494959998180708,0.0,0.0
2.9549633870399044,-2.270656076356979,0.8231714863628847,0.0,0.0
2.9549633870399044,-2.2084463208403498,0.7979181132353397,0.0,0.0
2.9549633870399044,-2.1462365653237203,0.7738152535288524,0.0,0.0
2.9549633870399044,-2.0840268098070904,0.7509042873990139,0.0,0.0
2.9549633870399044,-2.021817054290461,0.7291977073711092,0.0,0.0
2.9549633870399044,-1.9596072987738313,0.7086866280158424,0.0,0.0
2.9549633870399044,-1.897397543257202,0.6893468215744434,0.0,0.0
2.9549633870399044,-1.8351877877405722,0.6711434671951458,0.0,0.0
2.9549633870399044,-1.7729780322239428,0.6540348201615293,0.0,0.0
2.9549633870399044,-1.7107682767073131,0.6379749994207814,0.0,0.0
2.9549633870399044,-1.6485585211906835,0.622916070443441,0.0,0.0
2.9549633870399044,-1.586348765674054,0.6088095743065369,0.0,0.0
2.9549633870399044,-1.5241390101574244,0.5956076276169688,0.0,0.0
2.9549633870399044,-1.461929254640795,0.5832636938821822,0.0,0.0
2.9549633870399044,-1.3997194991241653,0.571733106182293,0.0,0.0
2.9549633870399044,-1.3375097436075358,0.5609734036958773,0.0,0.0
2.9549633870399044,-1.2752999880909062,0.5509445305627761,0.0,0.0
2.9549633870399044,-1.2130902325742767,0.5416089343322501,0.0,0.0
2.9549633870399044,-1.150880477057647,0.5329315923933932,0.0,0.0
2.9549633870399044,-1.0886707215410176,0.5248799878835296,0.0,0.0
2.9549633870399044,-1.0264609660243877,0.5174240512341228,0.0,0.0
2.9549633870399044,-0.9642512105077583,0.5105360794157684,0.0,0.0
2.9549633870399044,-0.9020414549911289,0.5041906418153057,0.0,0.0
2.9549633870399044,-0.8398316994744994,0.49836447930246763,0.0,0.0
2.9549633870399044,-0.7776219439578695,0.4930364012490021,0.0,0.0
2.9549633870399044,-0.7154121884412401,0.48818718391505395,0.0,0.0
2.9549633870399044,-0.6532024329246107,0.48379947261087913,0.0,0.0
2.9549633870399044,-0.5909926774079808,0.47985768929556627,0.0,0.0
2.9549633870399044,-0.5287829218913513,0.4763479467259098,0.0,0.0
2.9549633870399044,-0.4665731663747219,0.47325796987005664,0.0,0.0
2.9549633870399044,-0.40436341085809246,0.47057702501544824,0.0,0.0
2.9549633870399044,-0.3421536553414626,0.46829585680097446,0.0,0.0
2.9549633870399044,-0.27994389982483314,0.4664066332679152,0.0,0.0
2.9549633870399044,-0.2177341443082037,0.46490289893701225,0.0,0.0
2.9549633870399044,-0.15552438879157382,0.4637795358675755,0.0,0.0
2.9549633870399044,-0.09331463327494438,0.46303273262955513,0.0,0.0
2.9549633870399044,-0.03110487775831494,0.4626599611138036,0.0,0.0
2.9549633870399044,0.031104877758314498,0.4626599611138036,0.0,0.0
2.9549633870399044,0.09331463327494438,0.46303273262955513,0.0,0.0
2.9549633870399044,0.15552438879157382,0.4637795358675755,0.0,0.0
2.9549633870399044,0.21773414430820326,0.46490289893701225,0.0,0.0
2.9549633870399044,0.2799438998248327,0.4664066332679152,0.0,0.0
2.9549633870399044,0.3421536553414626,0.46829585680097446,0.0,0.0
2.9549633870399044,0.404363410858092,0.47057702501544824,0.0,0.0
2.9549633870399044,0.46657316637472146,0.47325796987005664,0.0,0.0
2.9549633870399044,0.5287829218913513,0.4763479467259098,0.0,0.0
2.9549633870399044,0.5909926774079808,0.47985768929556627,0.0,0.0
2.9549633870399044,0.6532024329246102,0.483799472610879,0.0,0.0
2.9549633870399044,0.7154121884412397,0.4881871839150539,0.0,0.0
2.9549633870399044,0.7776219439578695,0.4930364012490021,0.0,0.0
2.9549633870399044,0.839831699474499,0.4983644793024676,0.0,0.0
2.9549633870399044,0.9020414549911289,0.5041906418153057,0.0,0.0
2.9549633870399044,0.9642512105077579,0.5105360794157683,0.0,0.0
2.9549633870399044,1.0264609660243877,0.5174240512341228,0.0,0.0
2.9549633870399044,1.0886707215410176,0.5248799878835296,0.0,0.0
2.9549633870399044,1.1508804770576466,0.5329315923933932,0.0,0.0
2.9549633870399044,1.2130902325742765,0.54160893433225,0.0,0.0
2.9549633870399044,1.2752999880909055,0.550944530562776,0.0,0.0
2.9549633870399044,1.3375097436075354,0.5609734036958773,0.0,0.0
2.9549633870399044,1.3997194991241653,0.571733106182293,0.0,0.0
2.9549633870399044,1.4619292546407943,0.5832636938821822,0.0,0.0
2.9549633870399044,1.5241390101574241,0.5956076276169688,0.0,0.0
2.9549633870399044,1.586348765674054,0.6088095743065369,0.0,0.0
2.9549633870399044,1.648558521190683,0.6229160704434408,0.0,0.0
2.9549633870399044,1.710768276707313,0.6379749994207814,0.0,0.0
2.9549633870399044,1.7729780322239428,0.6540348201615293,0.0,0.0
2.9549633870399044,1.8351877877405718,0.6711434671951457,0.0,0.0
2.9549633870399044,1.8973975432572017,0.6893468215744433,0.0,0.0
2.9549633870399044,1.9596072987738316,0.7086866280158426,0.0,0.0
2.9549633870399044,2.0218170542904605,0.729197707371109,0.0,0.0
2.9549633870399044,2.0840268098070904,0.7509042873990139,0.0,0.0
2.9549633870399044,2.1462365653237194,0.773815253528852,0.0,0.0
2.9549633870399044,2.2084463208403493,0.7979181132353396,0.0,0.0
2.9549633870399044,2.270656076356979,0.8231714863628847,0.0,0.0
2.9549633870399044,2.332865831873608,0.8494959998180706,0.0,0.0
2.9549633870399044,2.395075587390238,0.8767636072001449,0.0,0.0
2.9549633870399044,2.457285342906868,0.904785608080706,0.0,0.0
2.9549633870399044,2.519495098423497,0.9333000452651607,0.0,0.0
2.9549633870399044,2.581704853940127,0.9619597363204474,0.0,0.0
2.9549633870399044,2.6439146094567567,0.9903229333520068,0.0,0.0
2.9549633870399044,2.7061243649733857,1.0178494081690836,0.0,0.0
2.9549633870399044,2.7683341204900156,1.0439054097253466,0.0,0.0
2.9549633870399044,2.8305438760066455,1.0677810714052864,0.0,0.0
2.9549633870399044,2.8927536315232745,1.0887229942135037,0.0,0.0
2.9549633870399044,2.9549633870399044,1.1059825113169623,0.0,0.0
2.9549633870399044,3.0171731425565333,1.118876541097776,0.0,0.0
2.9549633870399044,3.0793828980731632,1.1268536418711195,0.0,0.0
3.0171731425565333,-3.141592653589793,1.143300882919719,0.0,0.0
3.0171731425565333,-3.0793828980731637,1.1405006365010038,0.0,0.0
3.0171731425565333,-3.017173142556534,1.1322323209404939,0.0,0.0
3.0171731425565333,-2.9549633870399044,1.118876541097776,0.0,0.0
3.0171731425565333,-2.892753631523275,1.1010160555372432,0.0,0.0
3.0171731425565333,-2.8305438760066455,1.0793708014140815,0.0,0.0
3.0171731425565333,-2.7683341204900156,1.0547271335606223,0.0,0.0
3.0171731425565333,-2.706124364973386,1.027873145540708,0.0,0.0
3.0171731425565333,-2.6439146094567567,0.9995479327373449,0.0,0.0
3.0171731425565333,-2.581704853940127,0.9704079133541134,0.0,0.0
3.0171731425565333,-2.5194950984234974,0.9410094267807033,0.0,0.0
3.0171731425565333,-2.457285342906868,0.9118044942200189,0.0,0.0
3.0171731425565333,-2.395075587390238,0.8831457989469793,0.0,0.0
3.0171731425565333,-2.3328658318736086,0.8552971667591699,0.0,0.0
3.0171731425565333,-2.270656076356979,0.8284465821377235,0.0,0.0
3.0171731425565333,-2.2084463208403498,0.8027196660126784,0.0,0.0
3.0171731425565333,-2.1462365653237203,0.778192338209542,0.0,0.0
3.0171731425565333,-2.0840268098070904,0.7549019996368321,0.0,0.0
3.0171731425565333,-2.021817054290461,0.7328569883007803,0.0,0.0
3.0171731425565333,-1.9596072987738313,0.7120443211740942,0.0,0.0
3.0171731425565333,-1.897397543257202,0.6924358737308242,0.0,0.0
3.0171731425565333,-1.8351877877405722,0.6739932100852531,0.0,0.0
3.0171731425565333,-1.7729780322239428,0.6566712899011825,0.0,0.0
3.0171731425565333,-1.7107682767073131,0.6404212651548441,0.0,0.0
3.0171731425565333,-1.6485585211906835,0.6251925544152586,0.0,0.0
3.0171731425565333,-1.586348765674054,0.6109343529447747,0.0,0.0
3.0171731425565333,-1.5241390101574244,0.5975967082474674,0.0,0.0
3.0171731425565333,-1.461929254640795,0.5851312649524821,0.0,0.0
3.0171731425565333,-1.3997194991241653,0.57349176095131,0.0,0.0
3.0171731425565333,-1.3375097436075358,0.5626343385731173,0.0,0.0
3.0171731425565333,-1.2752999880909062,0.5525177199559309,0.0,0.0
3.0171731425565333,-1.2130902325742767,0.5431032841729881,0.0,0.0
3.0171731425565333,-1.150880477057647,0.5343550745925986,0.0,0.0
3.0171731425565333,-1.0886707215410176,0.526239757909936,0.0,0.0
3.0171731425565333,-1.0264609660243877,0.5187265508746125,0.0,0.0
3.0171731425565333,-0.9642512105077583,0.5117871266008639,0.0,0.0
3.0171731425565333,-0.9020414549911289,0.5053955092044882,0.0,0.0
3.0171731425565333,-0.8398316994744994,0.49952796313615005,0.0,0.0
3.0171731425565333,-0.7776219439578695,0.4941628817960983,0.0,0.0
3.0171731425565333,-0.7154121884412401,0.489280678681768,0.0,0.0
3.0171731425565333,-0.6532024329246107,0.4848636833296276,0.0,0.0
3.0171731425565333,-0.5909926774079808,0.4808960435832045,0.0,0.0
3.0171731425565333,-0.5287829218913513,0.4773636351871233,0.0,0.0
3.0171731425565333,-0.4665731663747219,0.4742539793238033,0.0,0.0
3.0171731425565333,-0.40436341085809246,0.4715561684383956,0.0,0.0
3.0171731425565333,-0.3421536553414626,0.46926080051059693,0.0,0.0
3.0171731425565333,-0.27994389982483314,0.46735992180798985,0.0,0.0
3.0171731425565333,-0.2177341443082037,0.46584697807844827,0.0,0.0
3.0171731425565333,-0.15552438879157382,0.46471677409679113,0.0,0.0
3.0171731425565333,-0.09331463327494438,0.4639654414640363,0.0,0.0
3.0171731425565333,-0.03110487775831494,0.4635904145593083,0.0,0.0
3.0171731425565333,0.031104877758314498,0.4635904145593083,0.0,0.0
3.0171731425565333,0.09331463327494438,0.4639654414640363,0.0,0.0
3.0171731425565333,0.15552438879157382,0.46471677409679113,0.0,0.0
3.0171731425565333,0.21773414430820326,0.4658469780784483,0.0,0.0
3.0171731425565333,0.2799438998248327,0.4673599218079898,0.0,0.0
3.0171731425565333,0.3421536553414626,0.46926080051059693,0.0,0.0
3.0171731425565333,0.404363410858092,0.4715561684383956,0.0,0.0
3.0171731425565333,0.46657316637472146,0.4742539793238033,0.0,0.0
3.0171731425565333,0.5287829218913513,0.4773636351871233,0.0,0.0
3.0171731425565333,0.5909926774079808,0.4808960435832045,0.0,0.0
3.0171731425565333,0.6532024329246102,0.4848636833296276,0.0,0.0
3.0171731425565333,0.7154121884412397,0.489280678681768,0.0,0.0
3.0171731425565333,0.7776219439578695,0.4941628817960983,0.0,0.0
3.0171731425565333,0.839831699474499,0.49952796313615005,0.0,0.0
3.0171731425565333,0.9020414549911289,0.5053955092044882,0.0,0.0
3.0171731425565333,0.9642512105077579,0.5117871266008639,0.0,0.0
3.0171731425565333,1.0264609660243877,0.5187265508746125,0.0,0.0
3.0171731425565333,1.0886707215410176,0.526239757909936,0.0,0.0
3.0171731425565333,1.1508804770576466,0.5343550745925986,0.0,0.0
3.0171731425565333,1.2130902325742765,0.543103284172988,0.0,0.0
3.0171731425565333,1.2752999880909055,0.5525177199559308,0.0,0.0
3.0171731425565333,1.3375097436075354,0.5626343385731172,0.0,0.0
3.0171731425565333,1.3997194991241653,0.57349176095131,0.0,0.0
3.0171731425565333,1.4619292546407943,0.5851312649524821,0.0,0.0
3.0171731425565333,1.5241390101574241,0.5975967082474672,0.0,0.0
3.0171731425565333,1.586348765674054,0.6109343529447747,0.0,0.0
3.0171731425565333,1.648558521190683,0.6251925544152585,0.0,0.0
3.0171731425565333,1.710768276707313,0.6404212651548441,0.0,0.0
3.0171731425565333,1.7729780322239428,0.6566712899011825,0.0,0.0
3.0171731425565333,1.8351877877405718,0.673993210085253,0.0,0.0
3.0171731425565333,1.8973975432572017,0.692435873730824,0.0,0.0
3.0171731425565333,1.9596072987738316,0.7120443211740943,0.0,0.0
3.0171731425565333,2.0218170542904605,0.7328569883007802,0.0,0.0
3.0171731425565333,2.0840268098070904,0.7549019996368321,0.0,0.0
3.0171731425565333,2.1462365653237194,0.7781923382095418,0.0,0.0
3.0171731425565333,2.2084463208403493,0.8027196660126782,0.0,0.0
3.0171731425565333,2.270656076356979,0.8284465821377235,0.0,0.0
3.0171731425565333,2.332865831873608,0.8552971667591697,0.0,0.0
3.0171731425565333,2.395075587390238,0.8831457989469793,0.0,0.0
3.0171731425565333,2.457285342906868,0.9118044942200189,0.0,0.0
3.0171731425565333,2.519495098423497,0.941009426780703,0.0,0.0
3.0171731425565333,2.581704853940127,0.9704079133541134,0.0,0.0
3.0171731425565333,2.6439146094567567,0.9995479327373449,0.0,0.0
3.0171731425565333,2.7061243649733857,1.0278731455407077,0.0,0.0
3.0171731425565333,2.7683341204900156,1.0547271335606223,0.0,0.0
3.0171731425565333,2.8305438760066455,1.0793708014140815,0.0,0.0
3.0171731425565333,2.8927536315232745,1.101016055537243,0.0,0.0
3.0171731425565333,2.9549633870399044,1.118876541097776,0.0,0.0
3.0171731425565333,3.0171731425565333,1.1322323209404939,0.0,0.0
3.0171731425565333,3.0793828980731632,1.1405006365010038,0.0,0.0
3.0793828980731632,-3.141592653589793,1.1518159039033837,0.0,0.0
3.0793828980731632,-3.0793828980731637,1.148952780865149,0.0,0.0
3.0793828980731632,-3.017173142556534,1.140500636501004,0.0,0.0
3.0793828980731632,-2.9549633870399044,1.1268536418711195,0.0,0.0
3.0793828980731632,-2.892753631523275,1.1086146298537247,0.0,0.0
3.0793828980731632,-2.8305438760066455,1.0865270886246736,0.0,0.0
3.0793828980731632,-2.7683341204900156,1.0614013574775354,0.0,0.0
3.0793828980731632,-2.706124364973386,1.0340474972005174,0.0,0.0
3.0793828980731632,-2.6439146094567567,1.0052229948188156,0.0,0.0
3.0793828980731632,-2.581704853940127,0.9755984215320493,0.0,0.0
3.0793828980731632,-2.5194950984234974,0.9457400742010995,0.0,0.0
3.0793828980731632,-2.457285342906868,0.916106227108375,0.0,0.0
3.0793828980731632,-2.395075587390238,0.8870528138425833,0.0,0.0
3.0793828980731632,-2.3328658318736086,0.8588446457795997,0.0,0.0
3.0793828980731632,-2.270656076356979,0.8316690982094709,0.0,0.0
3.0793828980731632,-2.2084463208403498,0.8056501419689635,0.0,0.0
3.0793828980731632,-2.1462365653237203,0.7808614333017504,0.0,0.0
3.0793828980731632,-2.0840268098070904,0.7573378076472603,0.0,0.0
3.0793828980731632,-2.021817054290461,0.735084951149742,0.0,0.0
3.0793828980731632,-1.9596072987738313,0.7140872834191567,0.0,0.0
3.0793828980731632,-1.897397543257202,0.6943142229160959,0.0,0.0
3.0793828980731632,-1.8351877877405722,0.6757250640320109,0.0,0.0
3.0793828980731632,-1.7729780322239428,0.658272704522546,0.0,0.0
3.0793828980731632,-1.7107682767073131,0.6419064456153543,0.0,0.0
3.0793828980731632,-1.6485585211906835,0.6265740590433968,0.0,0.0
3.0793828980731632,-1.586348765674054,0.6122232838556159,0.0,0.0
3.0793828980731632,-1.5241390101574244,0.5988028856781831,0.0,0.0
3.0793828980731632,-1.461929254640795,0.5862633842841447,0.0,0.0
3.0793828980731632,-1.3997194991241653,0.574557532613044,0.0,0.0
3.0793828980731632,-1.3375097436075358,0.5636406117389511,0.0,0.0
3.0793828980731632,-1.2752999880909062,0.5534705913220485,0.0,0.0
3.0793828980731632,-1.2130902325742767,0.5440081932631649,0.0,0.0
3.0793828980731632,-1.150880477057647,0.5352168870643754,0.0,0.0
3.0793828980731632,-1.0886707215410176,0.5270628382786581,0.0,0.0
3.0793828980731632,-1.0264609660243877,0.5195148259731159,0.0,0.0
3.0793828980731632,-0.9642512105077583,0.512544140972737,0.0,0.0
3.0793828980731632,-0.9020414549911289,0.5061244735030654,0.0,0.0
3.0793828980731632,-0.8398316994744994,0.5002317964785177,0.0,0.0
3.0793828980731632,-0.7776219439578695,0.4948442489063274,0.0,0.0
3.0793828980731632,-0.7154121884412401,0.48994202255283975,0.0,0.0
3.0793828980731632,-0.6532024329246107,0.4855072540399969,0.0,0.0
3.0793828980731632,-0.5909926774079808,0.48152392382167053,0.0,0.0
3.0793828980731632,-0.5287829218913513,0.4779777629680994,0.0,0.0
3.0793828980731632,-0.4665731663747219,0.4748561683134008,0.0,0.0
3.0793828980731632,-0.40436341085809246,0.47214812625903957,0.0,0.0
3.0793828980731632,-0.3421536553414626,0.46984414534725527,0.0,0.0
3.0793828980731632,-0.27994389982483314,0.4679361976016327,0.0,0.0
3.0793828980731632,-0.2177341443082037,0.4664176685612872,0.0,0.0
3.0793828980731632,-0.15552438879157382,0.4652833158984687,0.0,0.0
3.0793828980731632,-0.09331463327494438,0.4645292364976614,0.0,0.0
3.0793828980731632,-0.03110487775831494,0.4641528418805843,0.0,0.0
3.0793828980731632,0.031104877758314498,0.4641528418805843,0.0,0.0
3.0793828980731632,0.09331463327494438,0.4645292364976614,0.0,0.0
3.0793828980731632,0.15552438879157382,0.4652833158984687,0.0,0.0
3.0793828980731632,0.21773414430820326,0.4664176685612872,0.0,0.0
3.0793828980731632,0.2799438998248327,0.4679361976016326,0.0,0.0
3.0793828980731632,0.3421536553414626,0.46984414534725527,0.0,0.0
3.0793828980731632,0.404363410858092,0.4721481262590395,0.0,0.0
3.0793828980731632,0.46657316637472146,0.4748561683134008,0.0,0.0
3.0793828980731632,0.5287829218913513,0.4779777629680994,0.0,0.0
3.0793828980731632,0.5909926774079808,0.48152392382167053,0.0,0.0
3.0793828980731632,0.6532024329246102,0.48550725403999684,0.0,0.0
3.0793828980731632,0.7154121884412397,0.48994202255283975,0.0,0.0
3.0793828980731632,0.7776219439578695,0.4948442489063274,0.0,0.0
3.0793828980731632,0.839831699474499,0.5002317964785176,0.0,0.0
3.0793828980731632,0.9020414549911289,0.5061244735030654,0.0,0.0
3.0793828980731632,0.9642512105077579,0.5125441409727369,0.0,0.0
3.0793828980731632,1.0264609660243877,0.5195148259731159,0.0,0.0
3.0793828980731632,1.0886707215410176,0.5270628382786581,0.0,0.0
3.0793828980731632,1.1508804770576466,0.5352168870643754,0.0,0.0
3.0793828980731632,1.2130902325742765,0.5440081932631647,0.0,0.0
3.0793828980731632,1.2752999880909055,0.5534705913220483,0.0,0.0
3.0793828980731632,1.3375097436075354,0.563640611738951,0.0,0.0
3.0793828980731632,1.3997194991241653,0.574557532613044,0.0,0.0
3.0793828980731632,1.4619292546407943,0.5862633842841446,0.0,0.0
3.0793828980731632,1.5241390101574241,0.5988028856781829,0.0,0.0
3.0793828980731632,1.586348765674054,0.6122232838556159,0.0,0.0
3.0793828980731632,1.648558521190683,0.6265740590433967,0.0,0.0
3.0793828980731632,1.710768276707313,0.6419064456153543,0.0,0.0
3.0793828980731632,1.7729780322239428,0.658272704522546,0.0,0.0
3.0793828980731632,1.8351877877405718,0.6757250640320108,0.0,0.0
3.0793828980731632,1.8973975432572017,0.6943142229160958,0.0,0.0
3.0793828980731632,1.9596072987738316,0.7140872834191568,0.0,0.0
3.0793828980731632,2.0218170542904605,0.7350849511497419,0.0,0.0
3.0793828980731632,2.0840268098070904,0.7573378076472603,0.0,0.0
3.0793828980731632,2.1462365653237194,0.7808614333017502,0.0,0.0
3.0793828980731632,2.2084463208403493,0.8056501419689633,0.0,0.0
3.0793828980731632,2.270656076356979,0.8316690982094709,0.0,0.0
3.0793828980731632,2.332865831873608,0.8588446457795994,0.0,0.0
3.0793828980731632,2.395075587390238,0.8870528138425833,0.0,0.0
3.0793828980731632,2.457285342906868,0.916106227108375,0.0,0.0
3.0793828980731632,2.519495098423497,0.9457400742010992,0.0,0.0
3.0793828980731632,2.581704853940127,0.9755984215320493,0.0,0.0
3.0793828980731632,2.6439146094567567,1.0052229948188156,0.0,0.0
3.0793828980731632,2.7061243649733857,1.0340474972005171,0.0,0.0
3.0793828980731632,2.7683341204900156,1.0614013574775354,0.0,0.0
3.0793828980731632,2.8305438760066455,1.0865270886246736,0.0,0.0
3.0793828980731632,2.8927536315232745,1.1086146298537247,0.0,0.0
3.0793828980731632,2.9549633870399044,1.1268536418711195,0.0,0.0
3.0793828980731632,3.0171731425565333,1.1405006365010038,0.0,0.0
3.0793828980731632,3.0793828980731632,1.148952780865149,0.0,0.0
