kx,ky,err_H0,err_H_chiral,block_reconstruction_err
-3.141592653589793,-3.141592653589793,1.0289915108550531,0.0,0.0
-3.141592653589793,-3.0793828980731637,1.0272396851491958,0.0,0.0
-3.141592653589793,-3.017173142556534,1.0220440669751403,0.0,0.0
-3.141592653589793,-2.9549633870399044,1.0135788033518087,0.0,0.0
-3.141592653589793,-2.892753631523275,1.0021169805962356,0.0,0.0
-3.141592653589793,-2.8305438760066455,0.9880079174107435,0.0,0.0
-3.141592653589793,-2.7683341204900156,0.9716506018515042,0.0,0.0
-3.141592653589793,-2.706124364973386,0.9534668758909076,0.0,0.0
-3.141592653589793,-2.6439146094567567,0.9338773534349812,0.0,0.0
-3.141592653589793,-2.581704853940127,0.9132820228930815,0.0,0.0
-3.141592653589793,-2.5194950984234974,0.8920463725125464,0.0,0.0
-3.141592653589793,-2.457285342906868,0.8704929433028166,0.0,0.0
-3.141592653589793,-2.395075587390238,0.8488975878072265,0.0,0.0
-3.141592653589793,-2.3328658318736086,0.827489403062692,0.0,0.0
-3.141592653589793,-2.270656076356979,0.8064532496510112,0.0,0.0
-3.141592653589793,-2.2084463208403498,0.7859338763451991,0.0,0.0
-3.141592653589793,-2.1462365653237203,0.7660408583834631,0.0,0.0
-3.141592653589793,-2.0840268098070904,0.7468537654928633,0.0,0.0
-3.141592653589793,-2.021817054290461,0.7284271662678298,0.0,0.0
-3.141592653589793,-1.9596072987738313,0.7107952310257909,0.0,0.0
-3.141592653589793,-1.897397543257202,0.6939758117813397,0.0,0.0
-3.141592653589793,-1.8351877877405722,0.677973958927233,0.0,0.0
-3.141592653589793,-1.7729780322239428,0.6627848862124682,0.0,0.0
-3.141592653589793,-1.7107682767073131,0.6483964258820081,0.0,0.0
-3.141592653589793,-1.6485585211906835,0.6347910308539827,0.0,0.0
-3.141592653589793,-1.586348765674054,0.6219473857546142,0.0,0.0
-3.141592653589793,-1.5241390101574244,0.6098416873870469,0.0,0.0
-3.141592653589793,-1.461929254640795,0.5984486505072608,0.0,0.0
-3.141592653589793,-1.3997194991241653,0.5877422884401714,0.0,0.0
-3.141592653589793,-1.3375097436075358,0.5776965112428191,0.0,0.0
-3.141592653589793,-1.2752999880909062,0.5682855774892951,0.0,0.0
-3.141592653589793,-1.2130902325742767,0.5594844296780349,0.0,0.0
-3.141592653589793,-1.150880477057647,0.5512689379081398,0.0,0.0
-3.141592653589793,-1.0886707215410176,0.5436160718758839,0.0,0.0
-3.141592653589793,-1.0264609660243877,0.5365040173737513,0.0,0.0
-3.141592653589793,-0.9642512105077583,0.5299122502644545,0.0,0.0
-3.141592653589793,-0.9020414549911289,0.5238215782691396,0.0,0.0
-3.141592653589793,-0.8398316994744994,0.5182141587680322,0.0,0.0
-3.141592653589793,-0.7776219439578695,0.5130734990836775,0.0,0.0
-3.141592653589793,-0.7154121884412401,0.508384444330462,0.0,0.0
-3.141592653589793,-0.6532024329246107,0.5041331568074509,0.0,0.0
-3.141592653589793,-0.5909926774079808,0.5003070900322514,0.0,0.0
-3.141592653589793,-0.5287829218913513,0.496894959817816,0.0,0.0
-3.141592653589793,-0.4665731663747219,0.49388671424563485,0.0,0.0
-3.141592653589793,-0.40436341085809246,0.49127350395806996,0.0,0.0
-3.141592653589793,-0.3421536553414626,0.4890476538555682,0.0,0.0
-3.141592653589793,-0.27994389982483314,0.48720263702167593,0.0,0.0
-3.141592653589793,-0.2177341443082037,0.4857330514944317,0.0,0.0
-3.141592653589793,-0.15552438879157382,0.48463460034407607,0.0,0.0
-3.141592653589793,-0.09331463327494438,0.4839040753937959,0.0,0.0
-3.141592653589793,-0.03110487775831494,0.4835393448239498,0.0,0.0
-3.141592653589793,0.031104877758314498,0.4835393448239498,0.0,0.0
-3.141592653589793,0.09331463327494438,0.4839040753937959,0.0,0.0
-3.141592653589793,0.15552438879157382,0.48463460034407607,0.0,0.0
-3.141592653589793,0.21773414430820326,0.4857330514944317,0.0,0.0
-3.141592653589793,0.2799438998248327,0.48720263702167593,0.0,0.0
-3.141592653589793,0.3421536553414626,0.4890476538555682,0.0,0.0
-3.141592653589793,0.404363410858092,0.49127350395807007,0.0,0.0
-3.141592653589793,0.46657316637472146,0.4938867142456348,0.0,0.0
-3.141592653589793,0.5287829218913513,0.496894959817816,0.0,0.0
-3.141592653589793,0.5909926774079808,0.5003070900322514,0.0,0.0
-3.141592653589793,0.6532024329246102,0.5041331568074509,0.0,0.0
-3.141592653589793,0.7154121884412397,0.5083844443304619,0.0,0.0
-3.141592653589793,0.7776219439578695,0.5130734990836775,0.0,0.0
-3.141592653589793,0.839831699474499,0.5182141587680322,0.0,0.0
-3.141592653589793,0.9020414549911289,0.5238215782691396,0.0,0.0
-3.141592653589793,0.9642512105077579,0.5299122502644544,0.0,0.0
-3.141592653589793,1.0264609660243877,0.5365040173737513,0.0,0.0
-3.141592653589793,1.0886707215410176,0.5436160718758839,0.0,0.0
-3.141592653589793,1.1508804770576466,0.5512689379081397,0.0,0.0
-3.141592653589793,1.2130902325742765,0.5594844296780349,0.0,0.0
-3.141592653589793,1.2752999880909055,0.568285577489295,0.0,0.0
-3.141592653589793,1.3375097436075354,0.5776965112428191,0.0,0.0
-3.141592653589793,1.3997194991241653,0.5877422884401714,0.0,0.0
-3.141592653589793,1.4619292546407943,0.5984486505072607,0.0,0.0
-3.141592653589793,1.5241390101574241,0.6098416873870468,0.0,0.0
-3.141592653589793,1.586348765674054,0.6219473857546142,0.0,0.0
-3.141592653589793,1.648558521190683,0.6347910308539826,0.0,0.0
-3.141592653589793,1.710768276707313,0.6483964258820081,0.0,0.0
-3.141592653589793,1.7729780322239428,0.6627848862124682,0.0,0.0
-3.141592653589793,1.8351877877405718,0.6779739589272329,0.0,0.0
-3.141592653589793,1.8973975432572017,0.6939758117813396,0.0,0.0
-3.141592653589793,1.9596072987738316,0.710795231025791,0.0,0.0
-3.141592653589793,2.0218170542904605,0.7284271662678297,0.0,0.0
-3.141592653589793,2.0840268098070904,0.7468537654928633,0.0,0.0
-3.141592653589793,2.1462365653237194,0.7660408583834629,0.0,0.0
-3.141592653589793,2.2084463208403493,0.7859338763451988,0.0,0.0
-3.141592653589793,2.270656076356979,0.8064532496510112,0.0,0.0
-3.141592653589793,2.332865831873608,0.8274894030626917,0.0,0.0
-3.141592653589793,2.395075587390238,0.8488975878072265,0.0,0.0
-3.141592653589793,2.457285342906868,0.8704929433028166,0.0,0.0
-3.141592653589793,2.519495098423497,0.8920463725125461,0.0,0.0
-3.141592653589793,2.581704853940127,0.9132820228930815,0.0,0.0
-3.141592653589793,2.6439146094567567,0.9338773534349812,0.0,0.0
-3.141592653589793,2.7061243649733857,0.9534668758909075,0.0,0.0
-3.141592653589793,2.7683341204900156,0.9716506018515042,0.0,0.0
-3.141592653589793,2.8305438760066455,0.9880079174107435,0.0,0.0
-3.141592653589793,2.8927536315232745,1.0021169805962353,0.0,0.0
-3.141592653589793,2.9549633870399044,1.0135788033518087,0.0,0.0
-3.141592653589793,3.0171731425565333,1.0220440669751403,0.0,0.0
-3.141592653589793,3.0793828980731632,1.0272396851491958,0.0,0.0
-3.0793828980731637,-3.141592653589793,1.0272396851491958,0.0,0.0
-3.0793828980731637,-3.0793828980731637,1.0254967763706668,0.0,0.0
-3.0793828980731637,-3.017173142556534,1.0203274266865796,0.0,0.0
-3.0793828980731637,-2.9549633870399044,1.0119043963311094,0.0,0.0
-3.0793828980731637,-2.892753631523275,1.0004986474482558,0.0,0.0
-3.0793828980731637,-2.8305438760066455,0.9864568761862124,0.0,0.0
-3.0793828980731637,-2.7683341204900156,0.9701752146738263,0.0,0.0
-3.0793828980731637,-2.706124364973386,0.9520726629076206,0.0,0.0
-3.0793828980731637,-2.6439146094567567,0.9325672048625567,0.0,0.0
-3.0793828980731637,-2.581704853940127,0.9120565446851259,0.0,0.0
-3.0793828980731637,-2.5194950984234974,0.8909043009376202,0.0,0.0
-3.0793828980731637,-2.457285342906868,0.8694315738255348,0.0,0.0
-3.0793828980731637,-2.395075587390238,0.847913178672182,0.0,0.0
-3.0793828980731637,-2.3328658318736086,0.8265775294081505,0.0,0.0
-3.0793828980731637,-2.270656076356979,0.8056090970588576,0.0,0.0
-3.0793828980731637,-2.2084463208403498,0.7851524723197777,0.0,0.0
-3.0793828980731637,-2.1462365653237203,0.76531724634369,0.0,0.0
-3.0793828980731637,-2.0840268098070904,0.7461831290679122,0.0,0.0
-3.0793828980731637,-2.021817054290461,0.7278049128125266,0.0,0.0
-3.0793828980731637,-1.9596072987738313,0.7102170430738037,0.0,0.0
-3.0793828980731637,-1.897397543257202,0.6934376742300021,0.0,0.0
-3.0793828980731637,-1.8351877877405722,0.6774721685157257,0.0,0.0
-3.0793828980731637,-1.7729780322239428,0.6623160485776753,0.0,0.0
-3.0793828980731637,-1.7107682767073131,0.6479574442991229,0.0,0.0
-3.0793828980731637,-1.6485585211906835,0.6343790897580368,0.0,0.0
-3.0793828980731637,-1.586348765674054,0.6215599313119703,0.0,0.0
-3.0793828980731637,-1.5241390101574244,0.6094764067329687,0.0,0.0
-3.0793828980731637,-1.461929254640795,0.5981034507647888,0.0,0.0
-3.0793828980731637,-1.3997194991241653,0.5874152762604715,0.0,0.0
-3.0793828980731637,-1.3375097436075358,0.5773859733324341,0.0,0.0
-3.0793828980731637,-1.2752999880909062,0.5679899623927499,0.0,0.0
-3.0793828980731637,-1.2130902325742767,0.5592023309461891,0.0,0.0
-3.0793828980731637,-1.150880477057647,0.5509990786884247,0.0,0.0
-3.0793828980731637,-1.0886707215410176,0.5433572908982995,0.0,0.0
-3.0793828980731637,-1.0264609660243877,0.5362552562672205,0.0,0.0
-3.0793828980731637,-0.9642512105077583,0.5296725421150797,0.0,0.0
-3.0793828980731637,-0.9020414549911289,0.5235900373200866,0.0,0.0
-3.0793828980731637,-0.8398316994744994,0.5179899711565247,0.0,0.0
-3.0793828980731637,-0.7776219439578695,0.5128559145113192,0.0,0.0
-3.0793828980731637,-0.7154121884412401,0.5081727685669327,0.0,0.0
-3.0793828980731637,-0.6532024329246107,0.5039267449332536,0.0,0.0
-3.0793828980731637,-0.5909926774079808,0.5001053403327135,0.0,0.0
-3.0793828980731637,-0.5287829218913513,0.49669730824736347,0.0,0.0
-3.0793828980731637,-0.4665731663747219,0.4936926293880626,0.0,0.0
-3.0793828980731637,-0.40436341085809246,0.49108248241486124,0.0,0.0
-3.0793828980731637,-0.3421536553414626,0.48885921600012316,0.0,0.0
-3.0793828980731637,-0.27994389982483314,0.4870163230625015,0.0,0.0
-3.0793828980731637,-0.2177341443082037,0.48554841779487545,0.0,0.0
-3.0793828980731637,-0.15552438879157382,0.4844512159500491,0.0,0.0
-3.0793828980731637,-0.09331463327494438,0.48372151872411534,0.0,0.0
-3.0793828980731637,-0.03110487775831494,0.4833572004804602,0.0,0.0
-3.0793828980731637,0.031104877758314498,0.4833572004804602,0.0,0.0
-3.0793828980731637,0.09331463327494438,0.48372151872411534,0.0,0.0
-3.0793828980731637,0.15552438879157382,0.4844512159500491,0.0,0.0
-3.0793828980731637,0.21773414430820326,0.4855484177948754,0.0,0.0
-3.0793828980731637,0.2799438998248327,0.4870163230625015,0.0,0.0
-3.0793828980731637,0.3421536553414626,0.48885921600012316,0.0,0.0
-3.0793828980731637,0.404363410858092,0.49108248241486124,0.0,0.0
-3.0793828980731637,0.46657316637472146,0.4936926293880626,0.0,0.0
-3.0793828980731637,0.5287829218913513,0.49669730824736347,0.0,0.0
-3.0793828980731637,0.5909926774079808,0.5001053403327135,0.0,0.0
-3.0793828980731637,0.6532024329246102,0.5039267449332536,0.0,0.0
-3.0793828980731637,0.7154121884412397,0.5081727685669327,0.0,0.0
-3.0793828980731637,0.7776219439578695,0.5128559145113192,0.0,0.0
-3.0793828980731637,0.839831699474499,0.5179899711565247,0.0,0.0
-3.0793828980731637,0.9020414549911289,0.5235900373200866,0.0,0.0
-3.0793828980731637,0.9642512105077579,0.5296725421150796,0.0,0.0
-3.0793828980731637,1.0264609660243877,0.5362552562672205,0.0,0.0
-3.0793828980731637,1.0886707215410176,0.5433572908982995,0.0,0.0
-3.0793828980731637,1.1508804770576466,0.5509990786884246,0.0,0.0
-3.0793828980731637,1.2130902325742765,0.559202330946189,0.0,0.0
-3.0793828980731637,1.2752999880909055,0.5679899623927498,0.0,0.0
-3.0793828980731637,1.3375097436075354,0.577385973332434,0.0,0.0
-3.0793828980731637,1.3997194991241653,0.5874152762604715,0.0,0.0
-3.0793828980731637,1.4619292546407943,0.5981034507647885,0.0,0.0
-3.0793828980731637,1.5241390101574241,0.6094764067329685,0.0,0.0
-3.0793828980731637,1.586348765674054,0.6215599313119703,0.0,0.0
-3.0793828980731637,1.648558521190683,0.6343790897580368,0.0,0.0
-3.0793828980731637,1.710768276707313,0.6479574442991228,0.0,0.0
-3.0793828980731637,1.7729780322239428,0.6623160485776753,0.0,0.0
-3.0793828980731637,1.8351877877405718,0.6774721685157256,0.0,0.0
-3.0793828980731637,1.8973975432572017,0.6934376742300021,0.0,0.0
-3.0793828980731637,1.9596072987738316,0.7102170430738038,0.0,0.0
-3.0793828980731637,2.0218170542904605,0.7278049128125264,0.0,0.0
-3.0793828980731637,2.0840268098070904,0.7461831290679122,0.0,0.0
-3.0793828980731637,2.1462365653237194,0.7653172463436898,0.0,0.0
-3.0793828980731637,2.2084463208403493,0.7851524723197776,0.0,0.0
-3.0793828980731637,2.270656076356979,0.8056090970588576,0.0,0.0
-3.0793828980731637,2.332865831873608,0.8265775294081503,0.0,0.0
-3.0793828980731637,2.395075587390238,0.847913178672182,0.0,0.0
-3.0793828980731637,2.457285342906868,0.8694315738255348,0.0,0.0
-3.0793828980731637,2.519495098423497,0.8909043009376201,0.0,0.0
-3.0793828980731637,2.581704853940127,0.9120565446851259,0.0,0.0
-3.0793828980731637,2.6439146094567567,0.9325672048625567,0.0,0.0
-3.0793828980731637,2.7061243649733857,0.9520726629076205,0.0,0.0
-3.0793828980731637,2.7683341204900156,0.9701752146738263,0.0,0.0
-3.0793828980731637,2.8305438760066455,0.9864568761862124,0.0,0.0
-3.0793828980731637,2.8927536315232745,1.0004986474482558,0.0,0.0
-3.0793828980731637,2.9549633870399044,1.0119043963311094,0.0,0.0
-3.0793828980731637,3.0171731425565333,1.0203274266865794,0.0,0.0
-3.0793828980731637,3.0793828980731632,1.0254967763706668,0.0,0.0
-3.017173142556534,-3.141592653589793,1.0220440669751403,0.0,0.0
-3.017173142556534,-3.0793828980731637,1.0203274266865796,0.0,0.0
-3.017173142556534,-3.017173142556534,1.0152354704333018,0.0,0.0
-3.017173142556534,-2.9549633870399044,1.0069368972066575,0.0,0.0
-3.017173142556534,-2.892753631523275,0.9956964452264371,0.0,0.0
-3.017173142556534,-2.8305438760066455,0.9818531205543235,0.0,0.0
-3.017173142556534,-2.7683341204900156,0.9657946724912354,0.0,0.0
-3.017173142556534,-2.706124364973386,0.9479317487963982,0.0,0.0
-3.017173142556534,-2.6439146094567567,0.9286745929106286,0.0,0.0
-3.017173142556534,-2.581704853940127,0.9084141740416171,0.0,0.0
-3.017173142556534,-2.5194950984234974,0.8875085866322011,0.0,0.0
-3.017173142556534,-2.457285342906868,0.8662746629669991,0.0,0.0
-3.017173142556534,-2.395075587390238,0.8449841355330502,0.0,0.0
-3.017173142556534,-2.3328658318736086,0.8238633777603183,0.0,0.0
-3.017173142556534,-2.270656076356979,0.8030956863591138,0.0,0.0
-3.017173142556534,-2.2084463208403498,0.7828251625213714,0.0,0.0
-3.017173142556534,-2.1462365653237203,0.7631614241413887,0.0,0.0
-3.017173142556534,-2.0840268098070904,0.7441845779828091,0.0,0.0
-3.017173142556534,-2.021817054290461,0.725950063006585,0.0,0.0
-3.017173142556534,-1.9596072987738313,0.7084931263484,0.0,0.0
-3.017173142556534,-1.897397543257202,0.6918328070550481,0.0,0.0
-3.017173142556534,-1.8351877877405722,0.6759753823872737,0.0,0.0
-3.017173142556534,-1.7729780322239428,0.6609172832904006,0.0,0.0
-3.017173142556534,-1.7107682767073131,0.6466475162810114,0.0,0.0
-3.017173142556534,-1.6485585211906835,0.6331496446496494,0.0,0.0
-3.017173142556534,-1.586348765674054,0.6204033875386687,0.0,0.0
-3.017173142556534,-1.5241390101574244,0.6083858948916113,0.0,0.0
-3.017173142556534,-1.461929254640795,0.5970727521642327,0.0,0.0
-3.017173142556534,-1.3997194991241653,0.586438762842502,0.0,0.0
-3.017173142556534,-1.3375097436075358,0.5764585503824948,0.0,0.0
-3.017173142556534,-1.2752999880909062,0.5671070148622706,0.0,0.0
-3.017173142556534,-1.2130902325742767,0.5583596737951938,0.0,0.0
-3.017173142556534,-1.150880477057647,0.5501929113740012,0.0,0.0
-3.017173142556534,-1.0886707215410176,0.5425841559466213,0.0,0.0
-3.017173142556534,-1.0264609660243877,0.5355120017474864,0.0,0.0
-3.017173142556534,-0.9642512105077583,0.5289562877629572,0.0,0.0
-3.017173142556534,-0.9020414549911289,0.5228981440211591,0.0,0.0
-3.017173142556534,-0.8398316994744994,0.517320013486022,0.0,0.0
-3.017173142556534,-0.7776219439578695,0.5122056560272215,0.0,0.0
-3.017173142556534,-0.7154121884412401,0.5075401395638197,0.0,0.0
-3.017173142556534,-0.6532024329246107,0.5033098223800928,0.0,0.0
-3.017173142556534,-0.5909926774079808,0.4995023297364524,0.0,0.0
-3.017173142556534,-0.5287829218913513,0.4961065272038572,0.0,0.0
-3.017173142556534,-0.4665731663747219,0.4931124926013184,0.0,0.0
-3.017173142556534,-0.40436341085809246,0.4905114879840261,0.0,0.0
-3.017173142556534,-0.3421536553414626,0.4882959327905969,0.0,0.0
-3.017173142556534,-0.27994389982483314,0.48645937899275277,0.0,0.0
-3.017173142556534,-0.2177341443082037,0.48499648888382524,0.0,0.0
-3.017173142556534,-0.15552438879157382,0.48390301598121405,0.0,0.0
-3.017173142556534,-0.09331463327494438,0.4831757893920695,0.0,0.0
-3.017173142556534,-0.03110487775831494,0.4828127018926024,0.0,0.0
-3.017173142556534,0.031104877758314498,0.4828127018926024,0.0,0.0
-3.017173142556534,0.09331463327494438,0.4831757893920695,0.0,0.0
-3.017173142556534,0.15552438879157382,0.48390301598121405,0.0,0.0
-3.017173142556534,0.21773414430820326,0.48499648888382524,0.0,0.0
-3.017173142556534,0.2799438998248327,0.48645937899275277,0.0,0.0
-3.017173142556534,0.3421536553414626,0.4882959327905969,0.0,0.0
-3.017173142556534,0.404363410858092,0.49051148798402616,0.0,0.0
-3.017173142556534,0.46657316637472146,0.4931124926013184,0.0,0.0
-3.017173142556534,0.5287829218913513,0.4961065272038572,0.0,0.0
-3.017173142556534,0.5909926774079808,0.4995023297364524,0.0,0.0
-3.017173142556534,0.6532024329246102,0.5033098223800928,0.0,0.0
-3.017173142556534,0.7154121884412397,0.5075401395638196,0.0,0.0
-3.017173142556534,0.7776219439578695,0.5122056560272215,0.0,0.0
-3.017173142556534,0.839831699474499,0.5173200134860219,0.0,0.0
-3.017173142556534,0.9020414549911289,0.5228981440211591,0.0,0.0
-3.017173142556534,0.9642512105077579,0.5289562877629571,0.0,0.0
-3.017173142556534,1.0264609660243877,0.5355120017474864,0.0,0.0
-3.017173142556534,1.0886707215410176,0.5425841559466213,0.0,0.0
-3.017173142556534,1.1508804770576466,0.5501929113740012,0.0,0.0
-3.017173142556534,1.2130902325742765,0.5583596737951938,0.0,0.0
-3.017173142556534,1.2752999880909055,0.5671070148622704,0.0,0.0
-3.017173142556534,1.3375097436075354,0.5764585503824948,0.0,0.0
-3.017173142556534,1.3997194991241653,0.586438762842502,0.0,0.0
-3.017173142556534,1.4619292546407943,0.5970727521642326,0.0,0.0
-3.017173142556534,1.5241390101574241,0.6083858948916112,0.0,0.0
-3.017173142556534,1.586348765674054,0.6204033875386687,0.0,0.0
-3.017173142556534,1.648558521190683,0.6331496446496493,0.0,0.0
-3.017173142556534,1.710768276707313,0.6466475162810114,0.0,0.0
-3.017173142556534,1.7729780322239428,0.6609172832904006,0.0,0.0
-3.017173142556534,1.8351877877405718,0.6759753823872735,0.0,0.0
-3.017173142556534,1.8973975432572017,0.691832807055048,0.0,0.0
-3.017173142556534,1.9596072987738316,0.7084931263484001,0.0,0.0
-3.017173142556534,2.0218170542904605,0.7259500630065849,0.0,0.0
-3.017173142556534,2.0840268098070904,0.7441845779828091,0.0,0.0
-3.017173142556534,2.1462365653237194,0.7631614241413883,0.0,0.0
-3.017173142556534,2.2084463208403493,0.7828251625213712,0.0,0.0
-3.017173142556534,2.270656076356979,0.8030956863591138,0.0,0.0
-3.017173142556534,2.332865831873608,0.8238633777603181,0.0,0.0
-3.017173142556534,2.395075587390238,0.8449841355330502,0.0,0.0
-3.017173142556534,2.457285342906868,0.8662746629669991,0.0,0.0
-3.017173142556534,2.519495098423497,0.8875085866322008,0.0,0.0
-3.017173142556534,2.581704853940127,0.9084141740416171,0.0,0.0
-3.017173142556534,2.6439146094567567,0.9286745929106286,0.0,0.0
-3.017173142556534,2.7061243649733857,0.9479317487963981,0.0,0.0
-3.017173142556534,2.7683341204900156,0.9657946724912354,0.0,0.0
-3.017173142556534,2.8305438760066455,0.9818531205543235,0.0,0.0
-3.017173142556534,2.8927536315232745,0.9956964452264369,0.0,0.0
-3.017173142556534,2.9549633870399044,1.0069368972066575,0.0,0.0
-3.017173142556534,3.0171731425565333,1.0152354704333015,0.0,0.0
-3.017173142556534,3.0793828980731632,1.0203274266865796,0.0,0.0
-2.9549633870399044,-3.141592653589793,1.0135788033518087,0.0,0.0
-2.9549633870399044,-3.0793828980731637,1.0119043963311094,0.0,0.0
-2.9549633870399044,-3.017173142556534,1.0069368972066575,0.0,0.0
-2.9549633870399044,-2.9549633870399044,0.9988385513972269,0.0,0.0
-2.9549633870399044,-2.892753631523275,0.9878641968993359,0.0,0.0
-2.9549633870399044,-2.8305438760066455,0.9743405890284907,0.0,0.0
-2.9549633870399044,-2.7683341204900156,0.958642096452922,0.0,0.0
-2.9549633870399044,-2.706124364973386,0.9411660026973718,0.0,0.0
-2.9549633870399044,-2.6439146094567567,0.9223101297423777,0.0,0.0
-2.9549633870399044,-2.581704853940127,0.9024546019490861,0.0,0.0
-2.9549633870399044,-2.5194950984234974,0.8819485822758912,0.0,0.0
-2.9549633870399044,-2.457285342906868,0.8611019679315639,0.0,0.0
-2.9549633870399044,-2.395075587390238,0.8401814491023428,0.0,0.0
-2.9549633870399044,-2.3328658318736086,0.8194100296304679,0.0,0.0
-2.9549633870399044,-2.270656076356979,0.7989690333686763,0.0,0.0
-2.9549633870399044,-2.2084463208403498,0.7790016985542261,0.0,0.0
-2.9549633870399044,-2.1462365653237203,0.7596176215945345,0.0,0.0
-2.9549633870399044,-2.0840268098070904,0.740897495095917,0.0,0.0
-2.9549633870399044,-2.021817054290461,0.7228977574709672,0.0,0.0
-2.9549633870399044,-1.9596072987738313,0.7056549153770565,0.0,0.0
-2.9549633870399044,-1.897397543257202,0.689189410268069,0.0,0.0
-2.9549633870399044,-1.8351877877405722,0.6735089784209174,0.0,0.0
-2.9549633870399044,-1.7729780322239428,0.6586115052380614,0.0,0.0
-2.9549633870399044,-1.7107682767073131,0.6444874056404426,0.0,0.0
-2.9549633870399044,-1.6485585211906835,0.6311215787282084,0.0,0.0
-2.9549633870399044,-1.586348765674054,0.6184949913659794,0.0,0.0
-2.9549633870399044,-1.5241390101574244,0.6065859455819291,0.0,0.0
-2.9549633870399044,-1.461929254640795,0.595371081268099,0.0,0.0
-2.9549633870399044,-1.3997194991241653,0.5848261604142208,0.0,0.0
-2.9549633870399044,-1.3375097436075358,0.5749266731514694,0.0,0.0
-2.9549633870399044,-1.2752999880909062,0.565648299928617,0.0,0.0
-2.9549633870399044,-1.2130902325742767,0.5569672585856139,0.0,0.0
-2.9549633870399044,-1.150880477057647,0.5488605601215052,0.0,0.0
-2.9549633870399044,-1.0886707215410176,0.541306192641338,0.0,0.0
-2.9549633870399044,-1.0264609660243877,0.5342832493023861,0.0,0.0
-2.9549633870399044,-0.9642512105077583,0.5277720130152889,0.0,0.0
-2.9549633870399044,-0.9020414549911289,0.5217540081235265,0.0,0.0
-2.9549633870399044,-0.8398316994744994,0.5162120272125322,0.0,0.0
-2.9549633870399044,-0.7776219439578695,0.5111301395171165,0.0,0.0
-2.9549633870399044,-0.7154121884412401,0.5064936860382431,0.0,0.0
-2.9549633870399044,-0.6532024329246107,0.5022892653906184,0.0,0.0
-2.9549633870399044,-0.5909926774079808,0.4985047135321824,0.0,0.0
-2.9549633870399044,-0.5287829218913513,0.4951290798341679,0.0,0.0
-2.9549633870399044,-0.4665731663747219,0.49215260140162204,0.0,0.0
-2.9549633870399044,-0.40436341085809246,0.48956667712087937,0.0,0.0
-2.9549633870399044,-0.3421536553414626,0.48736384256925674,0.0,0.0
-2.9549633870399044,-0.27994389982483314,0.4855377466543729,0.0,0.0
-2.9549633870399044,-0.2177341443082037,0.4840831306406258,0.0,0.0
-2.9549633870399044,-0.15552438879157382,0.4829958100560227,0.0,0.0
-2.9549633870399044,-0.09331463327494438,0.48227265984360046,0.0,0.0
-2.9549633870399044,-0.03110487775831494,0.48191160301972746,0.0,0.0
-2.9549633870399044,0.031104877758314498,0.48191160301972746,0.0,0.0
-2.9549633870399044,0.09331463327494438,0.48227265984360046,0.0,0.0
-2.9549633870399044,0.15552438879157382,0.4829958100560227,0.0,0.0
-2.9549633870399044,0.21773414430820326,0.4840831306406258,0.0,0.0
-2.9549633870399044,0.2799438998248327,0.485537746654373,0.0,0.0
-2.9549633870399044,0.3421536553414626,0.48736384256925674,0.0,0.0
-2.9549633870399044,0.404363410858092,0.48956667712087937,0.0,0.0
-2.9549633870399044,0.46657316637472146,0.4921526014016219,0.0,0.0
-2.9549633870399044,0.5287829218913513,0.4951290798341679,0.0,0.0
-2.9549633870399044,0.5909926774079808,0.4985047135321824,0.0,0.0
-2.9549633870399044,0.6532024329246102,0.5022892653906184,0.0,0.0
-2.9549633870399044,0.7154121884412397,0.5064936860382431,0.0,0.0
-2.9549633870399044,0.7776219439578695,0.5111301395171165,0.0,0.0
-2.9549633870399044,0.839831699474499,0.5162120272125321,0.0,0.0
-2.9549633870399044,0.9020414549911289,0.5217540081235265,0.0,0.0
-2.9549633870399044,0.9642512105077579,0.5277720130152889,0.0,0.0
-2.9549633870399044,1.0264609660243877,0.5342832493023861,0.0,0.0
-2.9549633870399044,1.0886707215410176,0.541306192641338,0.0,0.0
-2.9549633870399044,1.1508804770576466,0.5488605601215052,0.0,0.0
-2.9549633870399044,1.2130902325742765,0.5569672585856139,0.0,0.0
-2.9549633870399044,1.2752999880909055,0.5656482999286169,0.0,0.0
-2.9549633870399044,1.3375097436075354,0.5749266731514694,0.0,0.0
-2.9549633870399044,1.3997194991241653,0.5848261604142208,0.0,0.0
-2.9549633870399044,1.4619292546407943,0.5953710812680989,0.0,0.0
-2.9549633870399044,1.5241390101574241,0.606585945581929,0.0,0.0
-2.9549633870399044,1.586348765674054,0.6184949913659794,0.0,0.0
-2.9549633870399044,1.648558521190683,0.6311215787282083,0.0,0.0
-2.9549633870399044,1.710768276707313,0.6444874056404426,0.0,0.0
-2.9549633870399044,1.7729780322239428,0.6586115052380614,0.0,0.0
-2.9549633870399044,1.8351877877405718,0.6735089784209173,0.0,0.0
-2.9549633870399044,1.8973975432572017,0.6891894102680689,0.0,0.0
-2.9549633870399044,1.9596072987738316,0.7056549153770565,0.0,0.0
-2.9549633870399044,2.0218170542904605,0.7228977574709671,0.0,0.0
-2.9549633870399044,2.0840268098070904,0.740897495095917,0.0,0.0
-2.9549633870399044,2.1462365653237194,0.7596176215945342,0.0,0.0
-2.9549633870399044,2.2084463208403493,0.7790016985542259,0.0,0.0
-2.9549633870399044,2.270656076356979,0.7989690333686763,0.0,0.0
-2.9549633870399044,2.332865831873608,0.8194100296304678,0.0,0.0
-2.9549633870399044,2.395075587390238,0.8401814491023428,0.0,0.0
-2.9549633870399044,2.457285342906868,0.8611019679315639,0.0,0.0
-2.9549633870399044,2.519495098423497,0.8819485822758909,0.0,0.0
-2.9549633870399044,2.581704853940127,0.9024546019490861,0.0,0.0
-2.9549633870399044,2.6439146094567567,0.9223101297423777,0.0,0.0
-2.9549633870399044,2.7061243649733857,0.9411660026973716,0.0,0.0
-2.9549633870399044,2.7683341204900156,0.958642096452922,0.0,0.0
-2.9549633870399044,2.8305438760066455,0.9743405890284907,0.0,0.0
-2.9549633870399044,2.8927536315232745,0.9878641968993358,0.0,0.0
-2.9549633870399044,2.9549633870399044,0.9988385513972269,0.0,0.0
-2.9549633870399044,3.0171731425565333,1.0069368972066572,0.0,0.0
-2.9549633870399044,3.0793828980731632,1.0119043963311092,0.0,0.0
-2.892753631523275,-3.141592653589793,1.0021169805962356,0.0,0.0
-2.892753631523275,-3.0793828980731637,1.000498647448256,0.0,0.0
-2.892753631523275,-3.017173142556534,0.9956964452264371,0.0,0.0
-2.892753631523275,-2.9549633870399044,0.9878641968993359,0.0,0.0
-2.892753631523275,-2.892753631523275,0.9772438009030983,0.0,0.0
-2.892753631523275,-2.8305438760066455,0.9641459660939162,0.0,0.0
-2.892753631523275,-2.7683341204900156,0.9489274846891496,0.0,0.0
-2.892753631523275,-2.706124364973386,0.9319680234356702,0.0,0.0
-2.892753631523275,-2.6439146094567567,0.9136489613830898,0.0,0.0
-2.892753631523275,-2.581704853940127,0.8943359957308341,0.0,0.0
-2.892753631523275,-2.5194950984234974,0.8743663376023837,0.0,0.0
-2.892753631523275,-2.457285342906868,0.854040536969493,0.0,0.0
-2.892753631523275,-2.395075587390238,0.8336184242468552,0.0,0.0
-2.892753631523275,-2.3328658318736086,0.81331835707552,0.0,0.0
-2.892753631523275,-2.270656076356979,0.7933188744220364,0.0,0.0
-2.892753631523275,-2.2084463208403498,0.7737619196632511,0.0,0.0
-2.892753631523275,-2.1462365653237203,0.7547569332693744,0.0,0.0
-2.892753631523275,-2.0840268098070904,0.7363852818961548,0.0,0.0
-2.892753631523275,-2.021817054290461,0.718704650327101,0.0,0.0
-2.892753631523275,-1.9596072987738313,0.7017531580954841,0.0,0.0
-2.892753631523275,-1.897397543257202,0.6855530676970837,0.0,0.0
-2.892753631523275,-1.8351877877405722,0.6701140270367976,0.0,0.0
-2.892753631523275,-1.7729780322239428,0.6554358395450025,0.0,0.0
-2.892753631523275,-1.7107682767073131,0.6415107867596149,0.0,0.0
-2.892753631523275,-1.6485585211906835,0.6283255453765261,0.0,0.0
-2.892753631523275,-1.586348765674054,0.6158627482725552,0.0,0.0
-2.892753631523275,-1.5241390101574244,0.6041022402525286,0.0,0.0
-2.892753631523275,-1.461929254640795,0.5930220767832425,0.0,0.0
-2.892753631523275,-1.3997194991241653,0.5825993094950065,0.0,0.0
-2.892753631523275,-1.3375097436075358,0.5728105969036963,0.0,0.0
-2.892753631523275,-1.2752999880909062,0.5636326733471791,0.0,0.0
-2.892753631523275,-1.2130902325742767,0.555042703953256,0.0,0.0
-2.892753631523275,-1.150880477057647,0.547018548775235,0.0,0.0
-2.892753631523275,-1.0886707215410176,0.539538955131772,0.0,0.0
-2.892753631523275,-1.0264609660243877,0.5325836936783989,0.0,0.0
-2.892753631523275,-0.9642512105077583,0.5261336507846889,0.0,0.0
-2.892753631523275,-0.9020414549911289,0.5201708873372294,0.0,0.0
-2.892753631523275,-0.8398316994744994,0.5146786720705789,0.0,0.0
-2.892753631523275,-0.7776219439578695,0.5096414958821671,0.0,0.0
-2.892753631523275,-0.7154121884412401,0.5050450722531039,0.0,0.0
-2.892753631523275,-0.6532024329246107,0.500876327821839,0.0,0.0
-2.892753631523275,-0.5909926774079808,0.49712338629541075,0.0,0.0
-2.892753631523275,-0.5287829218913513,0.4937755481943672,0.0,0.0
-2.892753631523275,-0.4665731663747219,0.49082326837944373,0.0,0.0
-2.892753631523275,-0.40436341085809246,0.4882581328734673,0.0,0.0
-2.892753631523275,-0.3421536553414626,0.4860728361482728,0.0,0.0
-2.892753631523275,-0.27994389982483314,0.48426115977529627,0.0,0.0
-2.892753631523275,-0.2177341443082037,0.48281795312495596,0.0,0.0
-2.892753631523275,-0.15552438879157382,0.4817391166316743,0.0,0.0
-2.892753631523275,-0.09331463327494438,0.4810215880084428,0.0,0.0
-2.892753631523275,-0.03110487775831494,0.48066333168887565,0.0,0.0
-2.892753631523275,0.031104877758314498,0.48066333168887565,0.0,0.0
-2.892753631523275,0.09331463327494438,0.4810215880084428,0.0,0.0
-2.892753631523275,0.15552438879157382,0.4817391166316743,0.0,0.0
-2.892753631523275,0.21773414430820326,0.4828179531249559,0.0,0.0
-2.892753631523275,0.2799438998248327,0.4842611597752963,0.0,0.0
-2.892753631523275,0.3421536553414626,0.4860728361482728,0.0,0.0
-2.892753631523275,0.404363410858092,0.4882581328734674,0.0,0.0
-2.892753631523275,0.46657316637472146,0.4908232683794436,0.0,0.0
-2.892753631523275,0.5287829218913513,0.4937755481943672,0.0,0.0
-2.892753631523275,0.5909926774079808,0.49712338629541075,0.0,0.0
-2.892753631523275,0.6532024329246102,0.500876327821839,0.0,0.0
-2.892753631523275,0.7154121884412397,0.5050450722531039,0.0,0.0
-2.892753631523275,0.7776219439578695,0.5096414958821671,0.0,0.0
-2.892753631523275,0.839831699474499,0.5146786720705788,0.0,0.0
-2.892753631523275,0.9020414549911289,0.5201708873372294,0.0,0.0
-2.892753631523275,0.9642512105077579,0.5261336507846889,0.0,0.0
-2.892753631523275,1.0264609660243877,0.5325836936783989,0.0,0.0
-2.892753631523275,1.0886707215410176,0.539538955131772,0.0,0.0
-2.892753631523275,1.1508804770576466,0.547018548775235,0.0,0.0
-2.892753631523275,1.2130902325742765,0.555042703953256,0.0,0.0
-2.892753631523275,1.2752999880909055,0.5636326733471789,0.0,0.0
-2.892753631523275,1.3375097436075354,0.5728105969036962,0.0,0.0
-2.892753631523275,1.3997194991241653,0.5825993094950065,0.0,0.0
-2.892753631523275,1.4619292546407943,0.5930220767832423,0.0,0.0
-2.892753631523275,1.5241390101574241,0.6041022402525285,0.0,0.0
-2.892753631523275,1.586348765674054,0.6158627482725552,0.0,0.0
-2.892753631523275,1.648558521190683,0.628325545376526,0.0,0.0
-2.892753631523275,1.710768276707313,0.6415107867596148,0.0,0.0
-2.892753631523275,1.7729780322239428,0.6554358395450025,0.0,0.0
-2.892753631523275,1.8351877877405718,0.6701140270367976,0.0,0.0
-2.892753631523275,1.8973975432572017,0.6855530676970837,0.0,0.0
-2.892753631523275,1.9596072987738316,0.7017531580954843,0.0,0.0
-2.892753631523275,2.0218170542904605,0.7187046503271007,0.0,0.0
-2.892753631523275,2.0840268098070904,0.7363852818961548,0.0,0.0
-2.892753631523275,2.1462365653237194,0.7547569332693742,0.0,0.0
-2.892753631523275,2.2084463208403493,0.773761919663251,0.0,0.0
-2.892753631523275,2.270656076356979,0.7933188744220364,0.0,0.0
-2.892753631523275,2.332865831873608,0.8133183570755198,0.0,0.0
-2.892753631523275,2.395075587390238,0.8336184242468552,0.0,0.0
-2.892753631523275,2.457285342906868,0.854040536969493,0.0,0.0
-2.892753631523275,2.519495098423497,0.8743663376023836,0.0,0.0
-2.892753631523275,2.581704853940127,0.8943359957308341,0.0,0.0
-2.892753631523275,2.6439146094567567,0.9136489613830898,0.0,0.0
-2.892753631523275,2.7061243649733857,0.9319680234356699,0.0,0.0
-2.892753631523275,2.7683341204900156,0.9489274846891496,0.0,0.0
-2.892753631523275,2.8305438760066455,0.9641459660939162,0.0,0.0
-2.892753631523275,2.8927536315232745,0.9772438009030983,0.0,0.0
-2.892753631523275,2.9549633870399044,0.9878641968993359,0.0,0.0
-2.892753631523275,3.0171731425565333,0.9956964452264371,0.0,0.0
-2.892753631523275,3.0793828980731632,1.0004986474482558,0.0,0.0
-2.8305438760066455,-3.141592653589793,0.9880079174107435,0.0,0.0
-2.8305438760066455,-3.0793828980731637,0.9864568761862124,0.0,0.0
-2.8305438760066455,-3.017173142556534,0.9818531205543235,0.0,0.0
-2.8305438760066455,-2.9549633870399044,0.9743405890284907,0.0,0.0
-2.8305438760066455,-2.892753631523275,0.9641459660939161,0.0,0.0
-2.8305438760066455,-2.8305438760066455,0.9515610415868683,0.0,0.0
-2.8305438760066455,-2.7683341204900156,0.9369218096395922,0.0,0.0
-2.8305438760066455,-2.706124364973386,0.9205869978243072,0.0,0.0
-2.8305438760066455,-2.6439146094567567,0.9029183367472008,0.0,0.0
-2.8305438760066455,-2.581704853940127,0.8842641753389935,0.0,0.0
-2.8305438760066455,-2.5194950984234974,0.8649472458029523,0.0,0.0
-2.8305438760066455,-2.457285342906868,0.8452566718135271,0.0,0.0
-2.8305438760066455,-2.395075587390238,0.8254438004731554,0.0,0.0
-2.8305438760066455,-2.3328658318736086,0.8057211485111074,0.0,0.0
-2.8305438760066455,-2.270656076356979,0.7862636558263241,0.0,0.0
-2.8305438760066455,-2.2084463208403498,0.7672114782606699,0.0,0.0
-2.8305438760066455,-2.1462365653237203,0.7486736677459335,0.0,0.0
-2.8305438760066455,-2.0840268098070904,0.7307322342283343,0.0,0.0
-2.8305438760066455,-2.021817054290461,0.7134462281828047,0.0,0.0
-2.8305438760066455,-1.9596072987738313,0.6968556075881315,0.0,0.0
-2.8305438760066455,-1.897397543257202,0.6809847521263938,0.0,0.0
-2.8305438760066455,-1.8351877877405722,0.6658455599947458,0.0,0.0
-2.8305438760066455,-1.7729780322239428,0.6514401124673809,0.0,0.0
-2.8305438760066455,-1.7107682767073131,0.6377629229068937,0.0,0.0
-2.8305438760066455,-1.6485585211906835,0.6248028049854638,0.0,0.0
-2.8305438760066455,-1.586348765674054,0.612544403496846,0.0,0.0
-2.8305438760066455,-1.5241390101574244,0.6009694335382942,0.0,0.0
-2.8305438760066455,-1.461929254640795,0.5900576724102908,0.0,0.0
-2.8305438760066455,-1.3997194991241653,0.5797877450095983,0.0,0.0
-2.8305438760066455,-1.3375097436075358,0.5701377389118145,0.0,0.0
-2.8305438760066455,-1.2752999880909062,0.5610856804767084,0.0,0.0
-2.8305438760066455,-1.2130902325742767,0.552609898595997,0.0,0.0
-2.8305438760066455,-1.150880477057647,0.544689298374685,0.0,0.0
-2.8305438760066455,-1.0886707215410176,0.5373035632011688,0.0,0.0
-2.8305438760066455,-1.0264609660243877,0.5304333003460245,0.0,0.0
-2.8305438760066455,-0.9642512105077583,0.5240601424163628,0.0,0.0
-2.8305438760066455,-0.9020414549911289,0.5181668146388797,0.0,0.0
-2.8305438760066455,-0.8398316994744994,0.5127371759966511,0.0,0.0
-2.8305438760066455,-0.7776219439578695,0.5077562406462426,0.0,0.0
-2.8305438760066455,-0.7154121884412401,0.5032101847393594,0.0,0.0
-2.8305438760066455,-0.6532024329246107,0.499086342718286,0.0,0.0
-2.8305438760066455,-0.5909926774079808,0.49537319630401144,0.0,0.0
-2.8305438760066455,-0.5287829218913513,0.4920603587133778,0.0,0.0
-2.8305438760066455,-0.4665731663747219,0.4891385560957398,0.0,0.0
-2.8305438760066455,-0.40436341085809246,0.4865996077444918,0.0,0.0
-2.8305438760066455,-0.3421536553414626,0.4844364062928715,0.0,0.0
-2.8305438760066455,-0.27994389982483314,0.48264289882895756,0.0,0.0
-2.8305438760066455,-0.2177341443082037,0.4812140696471792,0.0,0.0
-2.8305438760066455,-0.15552438879157382,0.4801459251809901,0.0,0.0
-2.8305438760066455,-0.09331463327494438,0.4794354815238032,0.0,0.0
-2.8305438760066455,-0.03110487775831494,0.47908075483466683,0.0,0.0
-2.8305438760066455,0.031104877758314498,0.47908075483466683,0.0,0.0
-2.8305438760066455,0.09331463327494438,0.4794354815238032,0.0,0.0
-2.8305438760066455,0.15552438879157382,0.4801459251809901,0.0,0.0
-2.8305438760066455,0.21773414430820326,0.48121406964717917,0.0,0.0
-2.8305438760066455,0.2799438998248327,0.48264289882895756,0.0,0.0
-2.8305438760066455,0.3421536553414626,0.4844364062928715,0.0,0.0
-2.8305438760066455,0.404363410858092,0.4865996077444919,0.0,0.0
-2.8305438760066455,0.46657316637472146,0.4891385560957398,0.0,0.0
-2.8305438760066455,0.5287829218913513,0.4920603587133778,0.0,0.0
-2.8305438760066455,0.5909926774079808,0.49537319630401144,0.0,0.0
-2.8305438760066455,0.6532024329246102,0.499086342718286,0.0,0.0
-2.8305438760066455,0.7154121884412397,0.5032101847393594,0.0,0.0
-2.8305438760066455,0.7776219439578695,0.5077562406462426,0.0,0.0
-2.8305438760066455,0.839831699474499,0.5127371759966509,0.0,0.0
-2.8305438760066455,0.9020414549911289,0.5181668146388797,0.0,0.0
-2.8305438760066455,0.9642512105077579,0.5240601424163627,0.0,0.0
-2.8305438760066455,1.0264609660243877,0.5304333003460245,0.0,0.0
-2.8305438760066455,1.0886707215410176,0.5373035632011688,0.0,0.0
-2.8305438760066455,1.1508804770576466,0.544689298374685,0.0,0.0
-2.8305438760066455,1.2130902325742765,0.552609898595997,0.0,0.0
-2.8305438760066455,1.2752999880909055,0.5610856804767083,0.0,0.0
-2.8305438760066455,1.3375097436075354,0.5701377389118144,0.0,0.0
-2.8305438760066455,1.3997194991241653,0.5797877450095983,0.0,0.0
-2.8305438760066455,1.4619292546407943,0.5900576724102907,0.0,0.0
-2.8305438760066455,1.5241390101574241,0.6009694335382941,0.0,0.0
-2.8305438760066455,1.586348765674054,0.612544403496846,0.0,0.0
-2.8305438760066455,1.648558521190683,0.6248028049854637,0.0,0.0
-2.8305438760066455,1.710768276707313,0.6377629229068937,0.0,0.0
-2.8305438760066455,1.7729780322239428,0.6514401124673809,0.0,0.0
-2.8305438760066455,1.8351877877405718,0.6658455599947458,0.0,0.0
-2.8305438760066455,1.8973975432572017,0.6809847521263938,0.0,0.0
-2.8305438760066455,1.9596072987738316,0.6968556075881316,0.0,0.0
-2.8305438760066455,2.0218170542904605,0.7134462281828045,0.0,0.0
-2.8305438760066455,2.0840268098070904,0.7307322342283343,0.0,0.0
-2.8305438760066455,2.1462365653237194,0.7486736677459331,0.0,0.0
-2.8305438760066455,2.2084463208403493,0.7672114782606697,0.0,0.0
-2.8305438760066455,2.270656076356979,0.7862636558263241,0.0,0.0
-2.8305438760066455,2.332865831873608,0.8057211485111073,0.0,0.0
-2.8305438760066455,2.395075587390238,0.8254438004731554,0.0,0.0
-2.8305438760066455,2.457285342906868,0.8452566718135271,0.0,0.0
-2.8305438760066455,2.519495098423497,0.8649472458029523,0.0,0.0
-2.8305438760066455,2.581704853940127,0.8842641753389935,0.0,0.0
-2.8305438760066455,2.6439146094567567,0.9029183367472008,0.0,0.0
-2.8305438760066455,2.7061243649733857,0.9205869978243071,0.0,0.0
-2.8305438760066455,2.7683341204900156,0.9369218096395922,0.0,0.0
-2.8305438760066455,2.8305438760066455,0.9515610415868683,0.0,0.0
-2.8305438760066455,2.8927536315232745,0.9641459660939161,0.0,0.0
-2.8305438760066455,2.9549633870399044,0.9743405890284907,0.0,0.0
-2.8305438760066455,3.0171731425565333,0.9818531205543235,0.0,0.0
-2.8305438760066455,3.0793828980731632,0.9864568761862121,0.0,0.0
-2.7683341204900156,-3.141592653589793,0.9716506018515042,0.0,0.0
-2.7683341204900156,-3.0793828980731637,0.9701752146738263,0.0,0.0
-2.7683341204900156,-3.017173142556534,0.9657946724912354,0.0,0.0
-2.7683341204900156,-2.9549633870399044,0.958642096452922,0.0,0.0
-2.7683341204900156,-2.892753631523275,0.9489274846891496,0.0,0.0
-2.7683341204900156,-2.8305438760066455,0.9369218096395922,0.0,0.0
-2.7683341204900156,-2.7683341204900156,0.9229380826923633,0.0,0.0
-2.7683341204900156,-2.706124364973386,0.907311770776582,0.0,0.0
-2.7683341204900156,-2.6439146094567567,0.8903826404184094,0.0,0.0
-2.7683341204900156,-2.581704853940127,0.8724795043314414,0.0,0.0
-2.7683341204900156,-2.5194950984234974,0.8539086474829042,0.0,0.0
-2.7683341204900156,-2.457285342906868,0.8349460771170477,0.0,0.0
-2.7683341204900156,-2.395075587390238,0.8158332718233885,0.0,0.0
-2.7683341204900156,-2.3328658318736086,0.7967758272646291,0.0,0.0
-2.7683341204900156,-2.270656076356979,0.7779442895795641,0.0,0.0
-2.7683341204900156,-2.2084463208403498,0.7594764857039017,0.0,0.0
-2.7683341204900156,-2.1462365653237203,0.7414807525540386,0.0,0.0
-2.7683341204900156,-2.0840268098070904,0.724039591938868,0.0,0.0
-2.7683341204900156,-2.021817054290461,0.7072134057430236,0.0,0.0
-2.7683341204900156,-1.9596072987738313,0.6910440793080005,0.0,0.0
-2.7683341204900156,-1.897397543257202,0.6755582725824629,0.0,0.0
-2.7683341204900156,-1.8351877877405722,0.6607703473809106,0.0,0.0
-2.7683341204900156,-1.7729780322239428,0.6466849073210409,0.0,0.0
-2.7683341204900156,-1.7107682767073131,0.6332989585110661,0.0,0.0
-2.7683341204900156,-1.6485585211906835,0.6206037178640004,0.0,0.0
-2.7683341204900156,-1.586348765674054,0.6085861056441134,0.0,0.0
-2.7683341204900156,-1.5241390101574244,0.5972299624454238,0.0,0.0
-2.7683341204900156,-1.461929254640795,0.5865170305027497,0.0,0.0
-2.7683341204900156,-1.3997194991241653,0.5764277366570127,0.0,0.0
-2.7683341204900156,-1.3375097436075358,0.5669418105476974,0.0,0.0
-2.7683341204900156,-1.2752999880909062,0.5580387674129806,0.0,0.0
-2.7683341204900156,-1.2130902325742767,0.5496982806915898,0.0,0.0
-2.7683341204900156,-1.150880477057647,0.5419004656976255,0.0,0.0
-2.7683341204900156,-1.0886707215410176,0.5346260921103371,0.0,0.0
-2.7683341204900156,-1.0264609660243877,0.5278567399336249,0.0,0.0
-2.7683341204900156,-0.9642512105077583,0.5215749109340345,0.0,0.0
-2.7683341204900156,-0.9020414549911289,0.515764105332679,0.0,0.0
-2.7683341204900156,-0.8398316994744994,0.5104088716637459,0.0,0.0
-2.7683341204900156,-0.7776219439578695,0.5054948361730378,0.0,0.0
-2.7683341204900156,-0.7154121884412401,0.5010087168677112,0.0,0.0
-2.7683341204900156,-0.6532024329246107,0.4969383262995877,0.0,0.0
-2.7683341204900156,-0.5909926774079808,0.493272566330233,0.0,0.0
-2.7683341204900156,-0.5287829218913513,0.4900014174525449,0.0,0.0
-2.7683341204900156,-0.4665731663747219,0.48711592470190096,0.0,0.0
-2.7683341204900156,-0.40436341085809246,0.4846081817555439,0.0,0.0
-2.7683341204900156,-0.3421536553414626,0.48247131447141667,0.0,0.0
-2.7683341204900156,-0.27994389982483314,0.4806994648401391,0.0,0.0
-2.7683341204900156,-0.2177341443082037,0.47928777610225937,0.0,0.0
-2.7683341204900156,-0.15552438879157382,0.47823237960570525,0.0,0.0
-2.7683341204900156,-0.09331463327494438,0.4775303838359457,0.0,0.0
-2.7683341204900156,-0.03110487775831494,0.4771798659357363,0.0,0.0
-2.7683341204900156,0.031104877758314498,0.4771798659357363,0.0,0.0
-2.7683341204900156,0.09331463327494438,0.4775303838359457,0.0,0.0
-2.7683341204900156,0.15552438879157382,0.47823237960570525,0.0,0.0
-2.7683341204900156,0.21773414430820326,0.4792877761022593,0.0,0.0
-2.7683341204900156,0.2799438998248327,0.4806994648401391,0.0,0.0
-2.7683341204900156,0.3421536553414626,0.48247131447141667,0.0,0.0
-2.7683341204900156,0.404363410858092,0.484608181755544,0.0,0.0
-2.7683341204900156,0.46657316637472146,0.48711592470190085,0.0,0.0
-2.7683341204900156,0.5287829218913513,0.4900014174525449,0.0,0.0
-2.7683341204900156,0.5909926774079808,0.493272566330233,0.0,0.0
-2.7683341204900156,0.6532024329246102,0.4969383262995877,0.0,0.0
-2.7683341204900156,0.7154121884412397,0.5010087168677112,0.0,0.0
-2.7683341204900156,0.7776219439578695,0.5054948361730378,0.0,0.0
-2.7683341204900156,0.839831699474499,0.5104088716637459,0.0,0.0
-2.7683341204900156,0.9020414549911289,0.515764105332679,0.0,0.0
-2.7683341204900156,0.9642512105077579,0.5215749109340345,0.0,0.0
-2.7683341204900156,1.0264609660243877,0.5278567399336249,0.0,0.0
-2.7683341204900156,1.0886707215410176,0.5346260921103371,0.0,0.0
-2.7683341204900156,1.1508804770576466,0.5419004656976254,0.0,0.0
-2.7683341204900156,1.2130902325742765,0.5496982806915898,0.0,0.0
-2.7683341204900156,1.2752999880909055,0.5580387674129805,0.0,0.0
-2.7683341204900156,1.3375097436075354,0.5669418105476973,0.0,0.0
-2.7683341204900156,1.3997194991241653,0.5764277366570127,0.0,0.0
-2.7683341204900156,1.4619292546407943,0.5865170305027496,0.0,0.0
-2.7683341204900156,1.5241390101574241,0.5972299624454236,0.0,0.0
-2.7683341204900156,1.586348765674054,0.6085861056441134,0.0,0.0
-2.7683341204900156,1.648558521190683,0.6206037178640004,0.0,0.0
-2.7683341204900156,1.710768276707313,0.6332989585110661,0.0,0.0
-2.7683341204900156,1.7729780322239428,0.6466849073210409,0.0,0.0
-2.7683341204900156,1.8351877877405718,0.6607703473809104,0.0,0.0
-2.7683341204900156,1.8973975432572017,0.6755582725824629,0.0,0.0
-2.7683341204900156,1.9596072987738316,0.6910440793080005,0.0,0.0
-2.7683341204900156,2.0218170542904605,0.7072134057430235,0.0,0.0
-2.7683341204900156,2.0840268098070904,0.724039591938868,0.0,0.0
-2.7683341204900156,2.1462365653237194,0.7414807525540382,0.0,0.0
-2.7683341204900156,2.2084463208403493,0.7594764857039015,0.0,0.0
-2.7683341204900156,2.270656076356979,0.7779442895795641,0.0,0.0
-2.7683341204900156,2.332865831873608,0.796775827264629,0.0,0.0
-2.7683341204900156,2.395075587390238,0.8158332718233885,0.0,0.0
-2.7683341204900156,2.457285342906868,0.8349460771170477,0.0,0.0
-2.7683341204900156,2.519495098423497,0.853908647482904,0.0,0.0
-2.7683341204900156,2.581704853940127,0.8724795043314414,0.0,0.0
-2.7683341204900156,2.6439146094567567,0.8903826404184094,0.0,0.0
-2.7683341204900156,2.7061243649733857,0.9073117707765819,0.0,0.0
-2.7683341204900156,2.7683341204900156,0.9229380826923633,0.0,0.0
-2.7683341204900156,2.8305438760066455,0.9369218096395922,0.0,0.0
-2.7683341204900156,2.8927536315232745,0.9489274846891493,0.0,0.0
-2.7683341204900156,2.9549633870399044,0.958642096452922,0.0,0.0
-2.7683341204900156,3.0171731425565333,0.9657946724912353,0.0,0.0
-2.7683341204900156,3.0793828980731632,0.9701752146738263,0.0,0.0
-2.706124364973386,-3.141592653589793,0.9534668758909076,0.0,0.0
-2.706124364973386,-3.0793828980731637,0.9520726629076206,0.0,0.0
-2.706124364973386,-3.017173142556534,0.9479317487963982,0.0,0.0
-2.706124364973386,-2.9549633870399044,0.9411660026973718,0.0,0.0
-2.706124364973386,-2.892753631523275,0.93196802343567,0.0,0.0
-2.706124364973386,-2.8305438760066455,0.9205869978243072,0.0,0.0
-2.706124364973386,-2.7683341204900156,0.907311770776582,0.0,0.0
-2.706124364973386,-2.706124364973386,0.8924532064414594,0.0,0.0
-2.706124364973386,-2.6439146094567567,0.8763276767993213,0.0,0.0
-2.706124364973386,-2.581704853940127,0.8592430145213219,0.0,0.0
-2.706124364973386,-2.5194950984234974,0.8414876707386527,0.0,0.0
-2.706124364973386,-2.457285342906868,0.8233232652627345,0.0,0.0
-2.706124364973386,-2.395075587390238,0.8049802941964455,0.0,0.0
-2.706124364973386,-2.3328658318736086,0.7866564984269141,0.0,0.0
-2.706124364973386,-2.270656076356979,0.7685172835222059,0.0,0.0
-2.706124364973386,-2.2084463208403498,0.7506975809814772,0.0,0.0
-2.706124364973386,-2.1462365653237203,0.7333046105966218,0.0,0.0
-2.706124364973386,-2.0840268098070904,0.7164211070956706,0.0,0.0
-2.706124364973386,-2.021817054290461,0.7001086845353274,0.0,0.0
-2.706124364973386,-1.9596072987738313,0.6844111127824789,0.0,0.0
-2.706124364973386,-1.897397543257202,0.6693573640083282,0.0,0.0
-2.706124364973386,-1.8351877877405722,0.6549643513476836,0.0,0.0
-2.706124364973386,-1.7729780322239428,0.6412393280758711,0.0,0.0
-2.706124364973386,-1.7107682767073131,0.6281819467472473,0.0,0.0
-2.706124364973386,-1.6485585211906835,0.6157859970767648,0.0,0.0
-2.706124364973386,-1.586348765674054,0.6040408520712393,0.0,0.0
-2.706124364973386,-1.5241390101574244,0.5929326566680554,0.0,0.0
-2.706124364973386,-1.461929254640795,0.5824452939760566,0.0,0.0
-2.706124364973386,-1.3997194991241653,0.5725611626578117,0.0,0.0
-2.706124364973386,-1.3375097436075358,0.5632617961159209,0.0,0.0
-2.706124364973386,-1.2752999880909062,0.5545283506692805,0.0,0.0
-2.706124364973386,-1.2130902325742767,0.5463419862894263,0.0,0.0
-2.706124364973386,-1.150880477057647,0.5386841599891674,0.0,0.0
-2.706124364973386,-1.0886707215410176,0.5315368487669188,0.0,0.0
-2.706124364973386,-1.0264609660243877,0.5248827161792358,0.0,0.0
-2.706124364973386,-0.9642512105077583,0.5187052341580652,0.0,0.0
-2.706124364973386,-0.9020414549911289,0.5129887695947195,0.0,0.0
-2.706124364973386,-0.8398316994744994,0.5077186434496026,0.0,0.0
-2.706124364973386,-0.7776219439578695,0.5028811686779843,0.0,0.0
-2.706124364973386,-0.7154121884412401,0.49846367204852887,0.0,0.0
-2.706124364973386,-0.6532024329246107,0.494454503935168,0.0,0.0
-2.706124364973386,-0.5909926774079808,0.49084303934976864,0.0,0.0
-2.706124364973386,-0.5287829218913513,0.4876196728222706,0.0,0.0
-2.706124364973386,-0.4665731663747219,0.48477580920001023,0.0,0.0
-2.706124364973386,-0.40436341085809246,0.48230385200616943,0.0,0.0
-2.706124364973386,-0.3421536553414626,0.48019719064953587,0.0,0.0
-2.706124364973386,-0.27994389982483314,0.47845018749805324,0.0,0.0
-2.706124364973386,-0.2177341443082037,0.477058165603598,0.0,0.0
-2.706124364973386,-0.15552438879157382,0.4760173976839366,0.0,0.0
-2.706124364973386,-0.09331463327494438,0.47532509682062646,0.0,0.0
-2.706124364973386,-0.03110487775831494,0.4749794092109183,0.0,0.0
-2.706124364973386,0.031104877758314498,0.4749794092109183,0.0,0.0
-2.706124364973386,0.09331463327494438,0.47532509682062646,0.0,0.0
-2.706124364973386,0.15552438879157382,0.4760173976839366,0.0,0.0
-2.706124364973386,0.21773414430820326,0.4770581656035979,0.0,0.0
-2.706124364973386,0.2799438998248327,0.47845018749805324,0.0,0.0
-2.706124364973386,0.3421536553414626,0.48019719064953587,0.0,0.0
-2.706124364973386,0.404363410858092,0.48230385200616954,0.0,0.0
-2.706124364973386,0.46657316637472146,0.48477580920001023,0.0,0.0
-2.706124364973386,0.5287829218913513,0.4876196728222706,0.0,0.0
-2.706124364973386,0.5909926774079808,0.49084303934976864,0.0,0.0
-2.706124364973386,0.6532024329246102,0.49445450393516793,0.0,0.0
-2.706124364973386,0.7154121884412397,0.49846367204852887,0.0,0.0
-2.706124364973386,0.7776219439578695,0.5028811686779843,0.0,0.0
-2.706124364973386,0.839831699474499,0.5077186434496025,0.0,0.0
-2.706124364973386,0.9020414549911289,0.5129887695947195,0.0,0.0
-2.706124364973386,0.9642512105077579,0.5187052341580651,0.0,0.0
-2.706124364973386,1.0264609660243877,0.5248827161792358,0.0,0.0
-2.706124364973386,1.0886707215410176,0.5315368487669188,0.0,0.0
-2.706124364973386,1.1508804770576466,0.5386841599891673,0.0,0.0
-2.706124364973386,1.2130902325742765,0.5463419862894263,0.0,0.0
-2.706124364973386,1.2752999880909055,0.5545283506692804,0.0,0.0
-2.706124364973386,1.3375097436075354,0.5632617961159209,0.0,0.0
-2.706124364973386,1.3997194991241653,0.5725611626578117,0.0,0.0
-2.706124364973386,1.4619292546407943,0.5824452939760565,0.0,0.0
-2.706124364973386,1.5241390101574241,0.5929326566680554,0.0,0.0
-2.706124364973386,1.586348765674054,0.6040408520712393,0.0,0.0
-2.706124364973386,1.648558521190683,0.6157859970767648,0.0,0.0
-2.706124364973386,1.710768276707313,0.6281819467472473,0.0,0.0
-2.706124364973386,1.7729780322239428,0.6412393280758711,0.0,0.0
-2.706124364973386,1.8351877877405718,0.6549643513476835,0.0,0.0
-2.706124364973386,1.8973975432572017,0.6693573640083281,0.0,0.0
-2.706124364973386,1.9596072987738316,0.6844111127824789,0.0,0.0
-2.706124364973386,2.0218170542904605,0.7001086845353274,0.0,0.0
-2.706124364973386,2.0840268098070904,0.7164211070956706,0.0,0.0
-2.706124364973386,2.1462365653237194,0.7333046105966216,0.0,0.0
-2.706124364973386,2.2084463208403493,0.7506975809814772,0.0,0.0
-2.706124364973386,2.270656076356979,0.7685172835222059,0.0,0.0
-2.706124364973386,2.332865831873608,0.7866564984269138,0.0,0.0
-2.706124364973386,2.395075587390238,0.8049802941964455,0.0,0.0
-2.706124364973386,2.457285342906868,0.8233232652627345,0.0,0.0
-2.706124364973386,2.519495098423497,0.8414876707386525,0.0,0.0
-2.706124364973386,2.581704853940127,0.8592430145213219,0.0,0.0
-2.706124364973386,2.6439146094567567,0.8763276767993213,0.0,0.0
-2.706124364973386,2.7061243649733857,0.8924532064414593,0.0,0.0
-2.706124364973386,2.7683341204900156,0.907311770776582,0.0,0.0
-2.706124364973386,2.8305438760066455,0.9205869978243072,0.0,0.0
-2.706124364973386,2.8927536315232745,0.93196802343567,0.0,0.0
-2.706124364973386,2.9549633870399044,0.9411660026973718,0.0,0.0
-2.706124364973386,3.0171731425565333,0.9479317487963981,0.0,0.0
-2.706124364973386,3.0793828980731632,0.9520726629076206,0.0,0.0
-2.6439146094567567,-3.141592653589793,0.9338773534349812,0.0,0.0
-2.6439146094567567,-3.0793828980731637,0.9325672048625567,0.0,0.0
-2.6439146094567567,-3.017173142556534,0.9286745929106286,0.0,0.0
-2.6439146094567567,-2.9549633870399044,0.9223101297423777,0.0,0.0
-2.6439146094567567,-2.892753631523275,0.9136489613830898,0.0,0.0
-2.6439146094567567,-2.8305438760066455,0.9029183367472006,0.0,0.0
-2.6439146094567567,-2.7683341204900156,0.8903826404184094,0.0,0.0
-2.6439146094567567,-2.706124364973386,0.8763276767993213,0.0,0.0
-2.6439146094567567,-2.6439146094567567,0.8610458089345023,0.0,0.0
-2.6439146094567567,-2.581704853940127,0.8448231481293557,0.0,0.0
-2.6439146094567567,-2.5194950984234974,0.8279294904608376,0.0,0.0
-2.6439146094567567,-2.457285342906868,0.8106112203869397,0.0,0.0
-2.6439146094567567,-2.395075587390238,0.7930870269389745,0.0,0.0
-2.6439146094567567,-2.3328658318736086,0.7755460354975136,0.0,0.0
-2.6439146094567567,-2.270656076356979,0.7581478421957805,0.0,0.0
-2.6439146094567567,-2.2084463208403498,0.741023921457006,0.0,0.0
-2.6439146094567567,-2.1462365653237203,0.7242799259515884,0.0,0.0
-2.6439146094567567,-2.0840268098070904,0.7079984810571871,0.0,0.0
-2.6439146094567567,-2.021817054290461,0.6922421689683816,0.0,0.0
-2.6439146094567567,-1.9596072987738313,0.6770564856531829,0.0,0.0
-2.6439146094567567,-1.897397543257202,0.6624726288546304,0.0,0.0
-2.6439146094567567,-1.8351877877405722,0.6485100344662224,0.0,0.0
-2.6439146094567567,-1.7729780322239428,0.6351786222802933,0.0,0.0
-2.6439146094567567,-1.7107682767073131,0.6224807423952894,0.0,0.0
-2.6439146094567567,-1.6485585211906835,0.610412833150927,0.0,0.0
-2.6439146094567567,-1.586348765674054,0.5989668129924607,0.0,0.0
-2.6439146094567567,-1.5241390101574244,0.5881312344588444,0.0,0.0
-2.6439146094567567,-1.461929254640795,0.5778922304042919,0.0,0.0
-2.6439146094567567,-1.3997194991241653,0.5682342820092928,0.0,0.0
-2.6439146094567567,-1.3375097436075358,0.5591408361351685,0.0,0.0
-2.6439146094567567,-1.2752999880909062,0.5505947968307746,0.0,0.0
-2.6439146094567567,-1.2130902325742767,0.5425789127768516,0.0,0.0
-2.6439146094567567,-1.150880477057647,0.5350760794445096,0.0,0.0
-2.6439146094567567,-1.0886707215410176,0.5280695719193023,0.0,0.0
-2.6439146094567567,-1.0264609660243877,0.5215432217889318,0.0,0.0
-2.6439146094567567,-0.9642512105077583,0.5154815492451758,0.0,0.0
-2.6439146094567567,-0.9020414549911289,0.5098698596105413,0.0,0.0
-2.6439146094567567,-0.8398316994744994,0.5046943118498947,0.0,0.0
-2.6439146094567567,-0.7776219439578695,0.4999419652395283,0.0,0.0
-2.6439146094567567,-0.7154121884412401,0.4956008092095937,0.0,0.0
-2.6439146094567567,-0.6532024329246107,0.4916597804189854,0.0,0.0
-2.6439146094567567,-0.5909926774079808,0.48810877033480415,0.0,0.0
-2.6439146094567567,-0.5287829218913513,0.4849386259443868,0.0,0.0
-2.6439146094567567,-0.4665731663747219,0.48214114570269645,0.0,0.0
-2.6439146094567567,-0.40436341085809246,0.47970907239093624,0.0,0.0
-2.6439146094567567,-0.3421536553414626,0.47763608421592313,0.0,0.0
-2.6439146094567567,-0.27994389982483314,0.475916785199067,0.0,0.0
-2.6439146094567567,-0.2177341443082037,0.4745466956761771,0.0,0.0
-2.6439146094567567,-0.15552438879157382,0.4735222435441609,0.0,0.0
-2.6439146094567567,-0.09331463327494438,0.47284075673912135,0.0,0.0
-2.6439146094567567,-0.03110487775831494,0.4725004573048519,0.0,0.0
-2.6439146094567567,0.031104877758314498,0.4725004573048519,0.0,0.0
-2.6439146094567567,0.09331463327494438,0.47284075673912135,0.0,0.0
-2.6439146094567567,0.15552438879157382,0.4735222435441609,0.0,0.0
-2.6439146094567567,0.21773414430820326,0.4745466956761771,0.0,0.0
-2.6439146094567567,0.2799438998248327,0.475916785199067,0.0,0.0
-2.6439146094567567,0.3421536553414626,0.47763608421592313,0.0,0.0
-2.6439146094567567,0.404363410858092,0.4797090723909363,0.0,0.0
-2.6439146094567567,0.46657316637472146,0.4821411457026964,0.0,0.0
-2.6439146094567567,0.5287829218913513,0.4849386259443868,0.0,0.0
-2.6439146094567567,0.5909926774079808,0.48810877033480415,0.0,0.0
-2.6439146094567567,0.6532024329246102,0.4916597804189854,0.0,0.0
-2.6439146094567567,0.7154121884412397,0.4956008092095936,0.0,0.0
-2.6439146094567567,0.7776219439578695,0.4999419652395283,0.0,0.0
-2.6439146094567567,0.839831699474499,0.5046943118498947,0.0,0.0
-2.6439146094567567,0.9020414549911289,0.5098698596105413,0.0,0.0
-2.6439146094567567,0.9642512105077579,0.5154815492451756,0.0,0.0
-2.6439146094567567,1.0264609660243877,0.5215432217889318,0.0,0.0
-2.6439146094567567,1.0886707215410176,0.5280695719193023,0.0,0.0
-2.6439146094567567,1.1508804770576466,0.5350760794445096,0.0,0.0
-2.6439146094567567,1.2130902325742765,0.5425789127768516,0.0,0.0
-2.6439146094567567,1.2752999880909055,0.5505947968307745,0.0,0.0
-2.6439146094567567,1.3375097436075354,0.5591408361351684,0.0,0.0
-2.6439146094567567,1.3997194991241653,0.5682342820092928,0.0,0.0
-2.6439146094567567,1.4619292546407943,0.5778922304042918,0.0,0.0
-2.6439146094567567,1.5241390101574241,0.5881312344588444,0.0,0.0
-2.6439146094567567,1.586348765674054,0.5989668129924607,0.0,0.0
-2.6439146094567567,1.648558521190683,0.610412833150927,0.0,0.0
-2.6439146094567567,1.710768276707313,0.6224807423952894,0.0,0.0
-2.6439146094567567,1.7729780322239428,0.6351786222802933,0.0,0.0
-2.6439146094567567,1.8351877877405718,0.6485100344662222,0.0,0.0
-2.6439146094567567,1.8973975432572017,0.6624726288546303,0.0,0.0
-2.6439146094567567,1.9596072987738316,0.6770564856531829,0.0,0.0
-2.6439146094567567,2.0218170542904605,0.6922421689683816,0.0,0.0
-2.6439146094567567,2.0840268098070904,0.7079984810571871,0.0,0.0
-2.6439146094567567,2.1462365653237194,0.7242799259515882,0.0,0.0
-2.6439146094567567,2.2084463208403493,0.7410239214570059,0.0,0.0
-2.6439146094567567,2.270656076356979,0.7581478421957805,0.0,0.0
-2.6439146094567567,2.332865831873608,0.7755460354975133,0.0,0.0
-2.6439146094567567,2.395075587390238,0.7930870269389745,0.0,0.0
-2.6439146094567567,2.457285342906868,0.8106112203869397,0.0,0.0
-2.6439146094567567,2.519495098423497,0.8279294904608374,0.0,0.0
-2.6439146094567567,2.581704853940127,0.8448231481293557,0.0,0.0
-2.6439146094567567,2.6439146094567567,0.8610458089345023,0.0,0.0
-2.6439146094567567,2.7061243649733857,0.8763276767993212,0.0,0.0
-2.6439146094567567,2.7683341204900156,0.8903826404184094,0.0,0.0
-2.6439146094567567,2.8305438760066455,0.9029183367472006,0.0,0.0
-2.6439146094567567,2.8927536315232745,0.9136489613830897,0.0,0.0
-2.6439146094567567,2.9549633870399044,0.9223101297423777,0.0,0.0
-2.6439146094567567,3.0171731425565333,0.9286745929106285,0.0,0.0
-2.6439146094567567,3.0793828980731632,0.9325672048625567,0.0,0.0
-2.581704853940127,-3.141592653589793,0.9132820228930815,0.0,0.0
-2.581704853940127,-3.0793828980731637,0.9120565446851259,0.0,0.0
-2.581704853940127,-3.017173142556534,0.9084141740416171,0.0,0.0
-2.581704853940127,-2.9549633870399044,0.9024546019490861,0.0,0.0
-2.581704853940127,-2.892753631523275,0.8943359957308341,0.0,0.0
-2.581704853940127,-2.8305438760066455,0.8842641753389935,0.0,0.0
-2.581704853940127,-2.7683341204900156,0.8724795043314414,0.0,0.0
-2.581704853940127,-2.706124364973386,0.8592430145213219,0.0,0.0
-2.581704853940127,-2.6439146094567567,0.8448231481293557,0.0,0.0
-2.581704853940127,-2.581704853940127,0.8294841754854486,0.0,0.0
-2.581704853940127,-2.5194950984234974,0.8134769334645499,0.0,0.0
-2.581704853940127,-2.457285342906868,0.7970321262896648,0.0,0.0
-2.581704853940127,-2.395075587390238,0.7803561027212041,0.0,0.0
-2.581704853940127,-2.3328658318736086,0.7636288022411913,0.0,0.0
-2.581704853940127,-2.270656076356979,0.7470034472930392,0.0,0.0
-2.581704853940127,-2.2084463208403498,0.7306075295396627,0.0,0.0
-2.581704853940127,-2.1462365653237203,0.7145446685241329,0.0,0.0
-2.581704853940127,-2.0840268098070904,0.6988969850015259,0.0,0.0
-2.581704853940127,-2.021817054290461,0.6837277078636355,0.0,0.0
-2.581704853940127,-1.9596072987738313,0.6690838089867007,0.0,0.0
-2.581704853940127,-1.897397543257202,0.6549985265403784,0.0,0.0
-2.581704853940127,-1.8351877877405722,0.6414936909355107,0.0,0.0
-2.581704853940127,-1.7729780322239428,0.6285818082938606,0.0,0.0
-2.581704853940127,-1.7107682767073131,0.6162678854076439,0.0,0.0
-2.581704853940127,-1.6485585211906835,0.6045509996611551,0.0,0.0
-2.581704853940127,-1.586348765674054,0.5934256294828049,0.0,0.0
-2.581704853940127,-1.5241390101574244,0.5828827675621009,0.0,0.0
-2.581704853940127,-1.461929254640795,0.5729108419484468,0.0,0.0
-2.581704853940127,-1.3997194991241653,0.5634964705321875,0.0,0.0
-2.581704853940127,-1.3375097436075358,0.5546250732476087,0.0,0.0
-2.581704853940127,-1.2752999880909062,0.546281364311279,0.0,0.0
-2.581704853940127,-1.2130902325742767,0.5384497443797688,0.0,0.0
-2.581704853940127,-1.150880477057647,0.5311146099792294,0.0,0.0
-2.581704853940127,-1.0886707215410176,0.5242605951103169,0.0,0.0
-2.581704853940127,-1.0264609660243877,0.5178727576694985,0.0,0.0
-2.581704853940127,-0.9642512105077583,0.5119367213020749,0.0,0.0
-2.581704853940127,-0.9020414549911289,0.5064387815287676,0.0,0.0
-2.581704853940127,-0.8398316994744994,0.5013659834608994,0.0,0.0
-2.581704853940127,-0.7776219439578695,0.4967061771215437,0.0,0.0
-2.581704853940127,-0.7154121884412401,0.4924480552982302,0.0,0.0
-2.581704853940127,-0.6532024329246107,0.48858117794156114,0.0,0.0
-2.581704853940127,-0.5909926774079808,0.4850959863684571,0.0,0.0
-2.581704853940127,-0.5287829218913513,0.48198380990537193,0.0,0.0
-2.581704853940127,-0.4665731663747219,0.47923686709466234,0.0,0.0
-2.581704853940127,-0.40436341085809246,0.4768482631678005,0.0,0.0
-2.581704853940127,-0.3421536553414626,0.47481198514621864,0.0,0.0
-2.581704853940127,-0.27994389982483314,0.4731228956504717,0.0,0.0
-2.581704853940127,-0.2177341443082037,0.471776726269383,0.0,0.0
-2.581704853940127,-0.15552438879157382,0.4707700711529268,0.0,0.0
-2.581704853940127,-0.09331463327494438,0.470100381337368,0.0,0.0
-2.581704853940127,-0.03110487775831494,0.469765960181389,0.0,0.0
-2.581704853940127,0.031104877758314498,0.469765960181389,0.0,0.0
-2.581704853940127,0.09331463327494438,0.470100381337368,0.0,0.0
-2.581704853940127,0.15552438879157382,0.4707700711529268,0.0,0.0
-2.581704853940127,0.21773414430820326,0.471776726269383,0.0,0.0
-2.581704853940127,0.2799438998248327,0.4731228956504717,0.0,0.0
-2.581704853940127,0.3421536553414626,0.47481198514621864,0.0,0.0
-2.581704853940127,0.404363410858092,0.4768482631678005,0.0,0.0
-2.581704853940127,0.46657316637472146,0.47923686709466234,0.0,0.0
-2.581704853940127,0.5287829218913513,0.48198380990537193,0.0,0.0
-2.581704853940127,0.5909926774079808,0.4850959863684571,0.0,0.0
-2.581704853940127,0.6532024329246102,0.48858117794156114,0.0,0.0
-2.581704853940127,0.7154121884412397,0.4924480552982301,0.0,0.0
-2.581704853940127,0.7776219439578695,0.4967061771215437,0.0,0.0
-2.581704853940127,0.839831699474499,0.5013659834608994,0.0,0.0
-2.581704853940127,0.9020414549911289,0.5064387815287676,0.0,0.0
-2.581704853940127,0.9642512105077579,0.5119367213020748,0.0,0.0
-2.581704853940127,1.0264609660243877,0.5178727576694985,0.0,0.0
-2.581704853940127,1.0886707215410176,0.5242605951103169,0.0,0.0
-2.581704853940127,1.1508804770576466,0.5311146099792294,0.0,0.0
-2.581704853940127,1.2130902325742765,0.5384497443797688,0.0,0.0
-2.581704853940127,1.2752999880909055,0.5462813643112789,0.0,0.0
-2.581704853940127,1.3375097436075354,0.5546250732476086,0.0,0.0
-2.581704853940127,1.3997194991241653,0.5634964705321875,0.0,0.0
-2.581704853940127,1.4619292546407943,0.5729108419484465,0.0,0.0
-2.581704853940127,1.5241390101574241,0.5828827675621009,0.0,0.0
-2.581704853940127,1.586348765674054,0.5934256294828049,0.0,0.0
-2.581704853940127,1.648558521190683,0.6045509996611551,0.0,0.0
-2.581704853940127,1.710768276707313,0.6162678854076439,0.0,0.0
-2.581704853940127,1.7729780322239428,0.6285818082938606,0.0,0.0
-2.581704853940127,1.8351877877405718,0.6414936909355106,0.0,0.0
-2.581704853940127,1.8973975432572017,0.6549985265403782,0.0,0.0
-2.581704853940127,1.9596072987738316,0.6690838089867008,0.0,0.0
-2.581704853940127,2.0218170542904605,0.6837277078636353,0.0,0.0
-2.581704853940127,2.0840268098070904,0.6988969850015259,0.0,0.0
-2.581704853940127,2.1462365653237194,0.7145446685241328,0.0,0.0
-2.581704853940127,2.2084463208403493,0.7306075295396625,0.0,0.0
-2.581704853940127,2.270656076356979,0.7470034472930392,0.0,0.0
-2.581704853940127,2.332865831873608,0.7636288022411912,0.0,0.0
-2.581704853940127,2.395075587390238,0.7803561027212041,0.0,0.0
-2.581704853940127,2.457285342906868,0.7970321262896648,0.0,0.0
-2.581704853940127,2.519495098423497,0.8134769334645497,0.0,0.0
-2.581704853940127,2.581704853940127,0.8294841754854486,0.0,0.0
-2.581704853940127,2.6439146094567567,0.8448231481293557,0.0,0.0
-2.581704853940127,2.7061243649733857,0.8592430145213216,0.0,0.0
-2.581704853940127,2.7683341204900156,0.8724795043314414,0.0,0.0
-2.581704853940127,2.8305438760066455,0.8842641753389935,0.0,0.0
-2.581704853940127,2.8927536315232745,0.894335995730834,0.0,0.0
-2.581704853940127,2.9549633870399044,0.9024546019490861,0.0,0.0
-2.581704853940127,3.0171731425565333,0.9084141740416171,0.0,0.0
-2.581704853940127,3.0793828980731632,0.9120565446851259,0.0,0.0
-2.5194950984234974,-3.141592653589793,0.8920463725125464,0.0,0.0
-2.5194950984234974,-3.0793828980731637,0.8909043009376202,0.0,0.0
-2.5194950984234974,-3.017173142556534,0.8875085866322011,0.0,0.0
-2.5194950984234974,-2.9549633870399044,0.8819485822758912,0.0,0.0
-2.5194950984234974,-2.892753631523275,0.8743663376023837,0.0,0.0
-2.5194950984234974,-2.8305438760066455,0.8649472458029525,0.0,0.0
-2.5194950984234974,-2.7683341204900156,0.8539086474829042,0.0,0.0
-2.5194950984234974,-2.706124364973386,0.8414876707386527,0.0,0.0
-2.5194950984234974,-2.6439146094567567,0.8279294904608376,0.0,0.0
-2.5194950984234974,-2.581704853940127,0.8134769334645499,0.0,0.0
-2.5194950984234974,-2.5194950984234974,0.7983620197106609,0.0,0.0
-2.5194950984234974,-2.457285342906868,0.7827996919664445,0.0,0.0
-2.5194950984234974,-2.395075587390238,0.7669837034483696,0.0,0.0
-2.5194950984234974,-2.3328658318736086,0.7510844337795584,0.0,0.0
-2.5194950984234974,-2.270656076356979,0.7352482914776833,0.0,0.0
-2.5194950984234974,-2.2084463208403498,0.7195983230460749,0.0,0.0
-2.5194950984234974,-2.1462365653237203,0.7042356638870529,0.0,0.0
-2.5194950984234974,-2.0840268098070904,0.6892415134586279,0.0,0.0
-2.5194950984234974,-2.021817054290461,0.6746793786725008,0.0,0.0
-2.5194950984234974,-1.9596072987738313,0.6605973928962756,0.0,0.0
-2.5194950984234974,-1.897397543257202,0.6470305754295861,0.0,0.0
-2.5194950984234974,-1.8351877877405722,0.6340029442695037,0.0,0.0
-2.5194950984234974,-1.7729780322239428,0.621529432387249,0.0,0.0
-2.5194950984234974,-1.7107682767073131,0.6096175852606012,0.0,0.0
-2.5194950984234974,-1.6485585211906835,0.5982690365051061,0.0,0.0
-2.5194950984234974,-1.586348765674054,0.5874807708384203,0.0,0.0
-2.5194950984234974,-1.5241390101574244,0.5772461909461,0.0,0.0
-2.5194950984234974,-1.461929254640795,0.5675560085201617,0.0,0.0
-2.5194950984234974,-1.3997194991241653,0.5583989809629755,0.0,0.0
-2.5194950984234974,-1.3375097436075358,0.5497625148667636,0.0,0.0
-2.5194950984234974,-1.2752999880909062,0.5416331560355101,0.0,0.0
-2.5194950984234974,-1.2130902325742767,0.5339969839623969,0.0,0.0
-2.5194950984234974,-1.150880477057647,0.5268399266157591,0.0,0.0
-2.5194950984234974,-1.0886707215410176,0.5201480093148478,0.0,0.0
-2.5194950984234974,-1.0264609660243877,0.5139075495107184,0.0,0.0
-2.5194950984234974,-0.9642512105077583,0.5081053074911194,0.0,0.0
-2.5194950984234974,-0.9020414549911289,0.5027286014295751,0.0,0.0
-2.5194950984234974,-0.8398316994744994,0.4977653938035115,0.0,0.0
-2.5194950984234974,-0.7776219439578695,0.49320435500619764,0.0,0.0
-2.5194950984234974,-0.7154121884412401,0.4890349089568372,0.0,0.0
-2.5194950984234974,-0.6532024329246107,0.4852472646532429,0.0,0.0
-2.5194950984234974,-0.5909926774079808,0.48183243689205524,0.0,0.0
-2.5194950984234974,-0.5287829218913513,0.4787822587829005,0.0,0.0
-2.5194950984234974,-0.4665731663747219,0.47608938818708985,0.0,0.0
-2.5194950984234974,-0.40436341085809246,0.4737473098021349,0.0,0.0
-2.5194950984234974,-0.3421536553414626,0.47175033427607926,0.0,0.0
-2.5194950984234974,-0.27994389982483314,0.47009359545790913,0.0,0.0
-2.5194950984234974,-0.2177341443082037,0.46877304666131975,0.0,0.0
-2.5194950984234974,-0.15552438879157382,0.4677854566295868,0.0,0.0
-2.5194950984234974,-0.09331463327494438,0.4671284057313035,0.0,0.0
-2.5194950984234974,-0.03110487775831494,0.4668002827834204,0.0,0.0
-2.5194950984234974,0.031104877758314498,0.4668002827834204,0.0,0.0
-2.5194950984234974,0.09331463327494438,0.4671284057313035,0.0,0.0
-2.5194950984234974,0.15552438879157382,0.4677854566295868,0.0,0.0
-2.5194950984234974,0.21773414430820326,0.46877304666131975,0.0,0.0
-2.5194950984234974,0.2799438998248327,0.47009359545790913,0.0,0.0
-2.5194950984234974,0.3421536553414626,0.47175033427607926,0.0,0.0
-2.5194950984234974,0.404363410858092,0.47374730980213503,0.0,0.0
-2.5194950984234974,0.46657316637472146,0.47608938818708973,0.0,0.0
-2.5194950984234974,0.5287829218913513,0.4787822587829005,0.0,0.0
-2.5194950984234974,0.5909926774079808,0.48183243689205524,0.0,0.0
-2.5194950984234974,0.6532024329246102,0.4852472646532429,0.0,0.0
-2.5194950984234974,0.7154121884412397,0.4890349089568372,0.0,0.0
-2.5194950984234974,0.7776219439578695,0.49320435500619764,0.0,0.0
-2.5194950984234974,0.839831699474499,0.49776539380351137,0.0,0.0
-2.5194950984234974,0.9020414549911289,0.5027286014295751,0.0,0.0
-2.5194950984234974,0.9642512105077579,0.5081053074911194,0.0,0.0
-2.5194950984234974,1.0264609660243877,0.5139075495107184,0.0,0.0
-2.5194950984234974,1.0886707215410176,0.5201480093148478,0.0,0.0
-2.5194950984234974,1.1508804770576466,0.5268399266157591,0.0,0.0
-2.5194950984234974,1.2130902325742765,0.5339969839623969,0.0,0.0
-2.5194950984234974,1.2752999880909055,0.5416331560355101,0.0,0.0
-2.5194950984234974,1.3375097436075354,0.5497625148667636,0.0,0.0
-2.5194950984234974,1.3997194991241653,0.5583989809629755,0.0,0.0
-2.5194950984234974,1.4619292546407943,0.5675560085201617,0.0,0.0
-2.5194950984234974,1.5241390101574241,0.5772461909460999,0.0,0.0
-2.5194950984234974,1.586348765674054,0.5874807708384203,0.0,0.0
-2.5194950984234974,1.648558521190683,0.598269036505106,0.0,0.0
-2.5194950984234974,1.710768276707313,0.6096175852606011,0.0,0.0
-2.5194950984234974,1.7729780322239428,0.621529432387249,0.0,0.0
-2.5194950984234974,1.8351877877405718,0.6340029442695035,0.0,0.0
-2.5194950984234974,1.8973975432572017,0.647030575429586,0.0,0.0
-2.5194950984234974,1.9596072987738316,0.6605973928962757,0.0,0.0
-2.5194950984234974,2.0218170542904605,0.6746793786725006,0.0,0.0
-2.5194950984234974,2.0840268098070904,0.6892415134586279,0.0,0.0
-2.5194950984234974,2.1462365653237194,0.7042356638870527,0.0,0.0
-2.5194950984234974,2.2084463208403493,0.7195983230460749,0.0,0.0
-2.5194950984234974,2.270656076356979,0.7352482914776833,0.0,0.0
-2.5194950984234974,2.332865831873608,0.7510844337795582,0.0,0.0
-2.5194950984234974,2.395075587390238,0.7669837034483696,0.0,0.0
-2.5194950984234974,2.457285342906868,0.7827996919664445,0.0,0.0
-2.5194950984234974,2.519495098423497,0.7983620197106608,0.0,0.0
-2.5194950984234974,2.581704853940127,0.8134769334645499,0.0,0.0
-2.5194950984234974,2.6439146094567567,0.8279294904608376,0.0,0.0
-2.5194950984234974,2.7061243649733857,0.8414876707386525,0.0,0.0
-2.5194950984234974,2.7683341204900156,0.8539086474829042,0.0,0.0
-2.5194950984234974,2.8305438760066455,0.8649472458029525,0.0,0.0
-2.5194950984234974,2.8927536315232745,0.8743663376023837,0.0,0.0
-2.5194950984234974,2.9549633870399044,0.8819485822758912,0.0,0.0
-2.5194950984234974,3.0171731425565333,0.8875085866322011,0.0,0.0
-2.5194950984234974,3.0793828980731632,0.8909043009376202,0.0,0.0
-2.457285342906868,-3.141592653589793,0.8704929433028166,0.0,0.0
-2.457285342906868,-3.0793828980731637,0.8694315738255348,0.0,0.0
-2.457285342906868,-3.017173142556534,0.8662746629669991,0.0,0.0
-2.457285342906868,-2.9549633870399044,0.8611019679315639,0.0,0.0
-2.457285342906868,-2.892753631523275,0.854040536969493,0.0,0.0
-2.457285342906868,-2.8305438760066455,0.8452566718135273,0.0,0.0
-2.457285342906868,-2.7683341204900156,0.8349460771170477,0.0,0.0
-2.457285342906868,-2.706124364973386,0.8233232652627345,0.0,0.0
-2.457285342906868,-2.6439146094567567,0.8106112203869397,0.0,0.0
-2.457285342906868,-2.581704853940127,0.7970321262896648,0.0,0.0
-2.457285342906868,-2.5194950984234974,0.7827996919664445,0.0,0.0
-2.457285342906868,-2.457285342906868,0.7681133285547698,0.0,0.0
-2.457285342906868,-2.395075587390238,0.7531541900703983,0.0,0.0
-2.457285342906868,-2.3328658318736086,0.7380829134647712,0.0,0.0
-2.457285342906868,-2.270656076356979,0.723038787254564,0.0,0.0
-2.457285342906868,-2.2084463208403498,0.7081400340664664,0.0,0.0
-2.457285342906868,-2.1462365653237203,0.6934848954659073,0.0,0.0
-2.457285342906868,-2.0840268098070904,0.6791532404481009,0.0,0.0
-2.457285342906868,-2.021817054290461,0.6652084671363818,0.0,0.0
-2.457285342906868,-1.9596072987738313,0.6516995194741938,0.0,0.0
-2.457285342906868,-1.897397543257202,0.6386628898585777,0.0,0.0
-2.457285342906868,-1.8351877877405722,0.626124520904513,0.0,0.0
-2.457285342906868,-1.7729780322239428,0.6141015534258933,0.0,0.0
-2.457285342906868,-1.7107682767073131,0.6026038933859084,0.0,0.0
-2.457285342906868,-1.6485585211906835,0.5916355889620607,0.0,0.0
-2.457285342906868,-1.586348765674054,0.5811960212894425,0.0,0.0
-2.457285342906868,-1.5241390101574244,0.5712809202283738,0.0,0.0
-2.457285342906868,-1.461929254640795,0.561883220857905,0.0,0.0
-2.457285342906868,-1.3997194991241653,0.5529937783330824,0.0,0.0
-2.457285342906868,-1.3375097436075358,0.5446019590552399,0.0,0.0
-2.457285342906868,-1.2752999880909062,0.536696125388225,0.0,0.0
-2.457285342906868,-1.2130902325742767,0.5292640298412722,0.0,0.0
-2.457285342906868,-1.150880477057647,0.5222931330313976,0.0,0.0
-2.457285342906868,-1.0886707215410176,0.5157708580349578,0.0,0.0
-2.457285342906868,-1.0264609660243877,0.5096847920662493,0.0,0.0
-2.457285342906868,-0.9642512105077583,0.504022844855617,0.0,0.0
-2.457285342906868,-0.9020414549911289,0.49877337167964275,0.0,0.0
-2.457285342906868,-0.8398316994744994,0.49392526773718115,0.0,0.0
-2.457285342906868,-0.7776219439578695,0.48946803946783685,0.0,0.0
-2.457285342906868,-0.7154121884412401,0.4853918574656069,0.0,0.0
-2.457285342906868,-0.6532024329246107,0.48168759483662443,0.0,0.0
-2.457285342906868,-0.5909926774079808,0.4783468541709222,0.0,0.0
-2.457285342906868,-0.5287829218913513,0.47536198572810406,0.0,0.0
-2.457285342906868,-0.4665731663747219,0.4727260989605851,0.0,0.0
-2.457285342906868,-0.40436341085809246,0.4704330691015897,0.0,0.0
-2.457285342906868,-0.3421536553414626,0.46847754021571736,0.0,0.0
-2.457285342906868,-0.27994389982483314,0.46685492583639543,0.0,0.0
-2.457285342906868,-0.2177341443082037,0.46556140808714014,0.0,0.0
-2.457285342906868,-0.15552438879157382,0.4645939359937078,0.0,0.0
-2.457285342906868,-0.09331463327494438,0.4639502235345508,0.0,0.0
-2.457285342906868,-0.03110487775831494,0.46362874784104,0.0,0.0
-2.457285342906868,0.031104877758314498,0.46362874784104,0.0,0.0
-2.457285342906868,0.09331463327494438,0.4639502235345508,0.0,0.0
-2.457285342906868,0.15552438879157382,0.4645939359937078,0.0,0.0
-2.457285342906868,0.21773414430820326,0.46556140808714014,0.0,0.0
-2.457285342906868,0.2799438998248327,0.46685492583639543,0.0,0.0
-2.457285342906868,0.3421536553414626,0.46847754021571736,0.0,0.0
-2.457285342906868,0.404363410858092,0.4704330691015897,0.0,0.0
-2.457285342906868,0.46657316637472146,0.47272609896058504,0.0,0.0
-2.457285342906868,0.5287829218913513,0.47536198572810406,0.0,0.0
-2.457285342906868,0.5909926774079808,0.4783468541709222,0.0,0.0
-2.457285342906868,0.6532024329246102,0.48168759483662443,0.0,0.0
-2.457285342906868,0.7154121884412397,0.4853918574656068,0.0,0.0
-2.457285342906868,0.7776219439578695,0.48946803946783685,0.0,0.0
-2.457285342906868,0.839831699474499,0.49392526773718115,0.0,0.0
-2.457285342906868,0.9020414549911289,0.49877337167964275,0.0,0.0
-2.457285342906868,0.9642512105077579,0.5040228448556169,0.0,0.0
-2.457285342906868,1.0264609660243877,0.5096847920662493,0.0,0.0
-2.457285342906868,1.0886707215410176,0.5157708580349578,0.0,0.0
-2.457285342906868,1.1508804770576466,0.5222931330313976,0.0,0.0
-2.457285342906868,1.2130902325742765,0.5292640298412722,0.0,0.0
-2.457285342906868,1.2752999880909055,0.5366961253882249,0.0,0.0
-2.457285342906868,1.3375097436075354,0.5446019590552399,0.0,0.0
-2.457285342906868,1.3997194991241653,0.5529937783330824,0.0,0.0
-2.457285342906868,1.4619292546407943,0.5618832208579049,0.0,0.0
-2.457285342906868,1.5241390101574241,0.5712809202283738,0.0,0.0
-2.457285342906868,1.586348765674054,0.5811960212894425,0.0,0.0
-2.457285342906868,1.648558521190683,0.5916355889620607,0.0,0.0
-2.457285342906868,1.710768276707313,0.6026038933859084,0.0,0.0
-2.457285342906868,1.7729780322239428,0.6141015534258933,0.0,0.0
-2.457285342906868,1.8351877877405718,0.6261245209045129,0.0,0.0
-2.457285342906868,1.8973975432572017,0.6386628898585776,0.0,0.0
-2.457285342906868,1.9596072987738316,0.6516995194741938,0.0,0.0
-2.457285342906868,2.0218170542904605,0.6652084671363817,0.0,0.0
-2.457285342906868,2.0840268098070904,0.6791532404481009,0.0,0.0
-2.457285342906868,2.1462365653237194,0.6934848954659071,0.0,0.0
-2.457285342906868,2.2084463208403493,0.7081400340664663,0.0,0.0
-2.457285342906868,2.270656076356979,0.723038787254564,0.0,0.0
-2.457285342906868,2.332865831873608,0.7380829134647711,0.0,0.0
-2.457285342906868,2.395075587390238,0.7531541900703983,0.0,0.0
-2.457285342906868,2.457285342906868,0.7681133285547698,0.0,0.0
-2.457285342906868,2.519495098423497,0.7827996919664444,0.0,0.0
-2.457285342906868,2.581704853940127,0.7970321262896648,0.0,0.0
-2.457285342906868,2.6439146094567567,0.8106112203869397,0.0,0.0
-2.457285342906868,2.7061243649733857,0.8233232652627344,0.0,0.0
-2.457285342906868,2.7683341204900156,0.8349460771170477,0.0,0.0
-2.457285342906868,2.8305438760066455,0.8452566718135273,0.0,0.0
-2.457285342906868,2.8927536315232745,0.854040536969493,0.0,0.0
-2.457285342906868,2.9549633870399044,0.8611019679315639,0.0,0.0
-2.457285342906868,3.0171731425565333,0.8662746629669991,0.0,0.0
-2.457285342906868,3.0793828980731632,0.8694315738255347,0.0,0.0
-2.395075587390238,-3.141592653589793,0.8488975878072265,0.0,0.0
-2.395075587390238,-3.0793828980731637,0.847913178672182,0.0,0.0
-2.395075587390238,-3.017173142556534,0.8449841355330502,0.0,0.0
-2.395075587390238,-2.9549633870399044,0.8401814491023428,0.0,0.0
-2.395075587390238,-2.892753631523275,0.8336184242468552,0.0,0.0
-2.395075587390238,-2.8305438760066455,0.8254438004731554,0.0,0.0
-2.395075587390238,-2.7683341204900156,0.8158332718233885,0.0,0.0
-2.395075587390238,-2.706124364973386,0.8049802941964455,0.0,0.0
-2.395075587390238,-2.6439146094567567,0.7930870269389747,0.0,0.0
-2.395075587390238,-2.581704853940127,0.7803561027212041,0.0,0.0
-2.395075587390238,-2.5194950984234974,0.7669837034483696,0.0,0.0
-2.395075587390238,-2.457285342906868,0.7531541900703983,0.0,0.0
-2.395075587390238,-2.395075587390238,0.7390363300113885,0.0,0.0
-2.395075587390238,-2.3328658318736086,0.7247810108002786,0.0,0.0
-2.395075587390238,-2.270656076356979,0.7105202297361676,0.0,0.0
-2.395075587390238,-2.2084463208403498,0.6963671025738732,0.0,0.0
-2.395075587390238,-2.1462365653237203,0.6824166280922204,0.0,0.0
-2.395075587390238,-2.0840268098070904,0.6687469667466183,0.0,0.0
-2.395075587390238,-2.021817054290461,0.6554210281915948,0.0,0.0
-2.395075587390238,-1.9596072987738313,0.6424882047095538,0.0,0.0
-2.395075587390238,-1.897397543257202,0.6299861289629054,0.0,0.0
-2.395075587390238,-1.8351877877405722,0.6179423711875006,0.0,0.0
-2.395075587390238,-1.7729780322239428,0.6063760212485722,0.0,0.0
-2.395075587390238,-1.7107682767073131,0.5952991245832391,0.0,0.0
-2.395075587390238,-1.6485585211906835,0.5847179584874791,0.0,0.0
-2.395075587390238,-1.586348765674054,0.574634147404503,0.0,0.0
-2.395075587390238,-1.5241390101574244,0.5650456238869974,0.0,0.0
-2.395075587390238,-1.461929254640795,0.5559474467384344,0.0,0.0
-2.395075587390238,-1.3997194991241653,0.5473324903556325,0.0,0.0
-2.395075587390238,-1.3375097436075358,0.5391920202008965,0.0,0.0
-2.395075587390238,-1.2752999880909062,0.5315161691733719,0.0,0.0
-2.395075587390238,-1.2130902325742767,0.524294328831769,0.0,0.0
-2.395075587390238,-1.150880477057647,0.5175154682353048,0.0,0.0
-2.395075587390238,-1.0886707215410176,0.5111683918172766,0.0,0.0
-2.395075587390238,-1.0264609660243877,0.5052419463188568,0.0,0.0
-2.395075587390238,-0.9642512105077583,0.49972518547262296,0.0,0.0
-2.395075587390238,-0.9020414549911289,0.4946074998840635,0.0,0.0
-2.395075587390238,-0.8398316994744994,0.48987871843896746,0.0,0.0
-2.395075587390238,-0.7776219439578695,0.4855291865734258,0.0,0.0
-2.395075587390238,-0.7154121884412401,0.4815498258794157,0.0,0.0
-2.395075587390238,-0.6532024329246107,0.4779321787749353,0.0,0.0
-2.395075587390238,-0.5909926774079808,0.4746684413325848,0.0,0.0
-2.395075587390238,-0.5287829218913513,0.4717514868222191,0.0,0.0
-2.395075587390238,-0.4665731663747219,0.46917488206951213,0.0,0.0
-2.395075587390238,-0.40436341085809246,0.4669328983511829,0.0,0.0
-2.395075587390238,-0.3421536553414626,0.4650205182283359,0.0,0.0
-2.395075587390238,-0.27994389982483314,0.46343343945199444,0.0,0.0
-2.395075587390238,-0.2177341443082037,0.4621680768507053,0.0,0.0
-2.395075587390238,-0.15552438879157382,0.4612215629212971,0.0,0.0
-2.395075587390238,-0.09331463327494438,0.4605917476837074,0.0,0.0
-2.395075587390238,-0.03110487775831494,0.460277198223225,0.0,0.0
-2.395075587390238,0.031104877758314498,0.460277198223225,0.0,0.0
-2.395075587390238,0.09331463327494438,0.4605917476837074,0.0,0.0
-2.395075587390238,0.15552438879157382,0.4612215629212971,0.0,0.0
-2.395075587390238,0.21773414430820326,0.4621680768507053,0.0,0.0
-2.395075587390238,0.2799438998248327,0.46343343945199444,0.0,0.0
-2.395075587390238,0.3421536553414626,0.4650205182283359,0.0,0.0
-2.395075587390238,0.404363410858092,0.4669328983511829,0.0,0.0
-2.395075587390238,0.46657316637472146,0.46917488206951213,0.0,0.0
-2.395075587390238,0.5287829218913513,0.4717514868222191,0.0,0.0
-2.395075587390238,0.5909926774079808,0.4746684413325848,0.0,0.0
-2.395075587390238,0.6532024329246102,0.4779321787749353,0.0,0.0
-2.395075587390238,0.7154121884412397,0.48154982587941564,0.0,0.0
-2.395075587390238,0.7776219439578695,0.4855291865734258,0.0,0.0
-2.395075587390238,0.839831699474499,0.48987871843896746,0.0,0.0
-2.395075587390238,0.9020414549911289,0.4946074998840635,0.0,0.0
-2.395075587390238,0.9642512105077579,0.49972518547262296,0.0,0.0
-2.395075587390238,1.0264609660243877,0.5052419463188568,0.0,0.0
-2.395075587390238,1.0886707215410176,0.5111683918172766,0.0,0.0
-2.395075587390238,1.1508804770576466,0.5175154682353048,0.0,0.0
-2.395075587390238,1.2130902325742765,0.5242943288317689,0.0,0.0
-2.395075587390238,1.2752999880909055,0.5315161691733717,0.0,0.0
-2.395075587390238,1.3375097436075354,0.5391920202008965,0.0,0.0
-2.395075587390238,1.3997194991241653,0.5473324903556325,0.0,0.0
-2.395075587390238,1.4619292546407943,0.5559474467384343,0.0,0.0
-2.395075587390238,1.5241390101574241,0.5650456238869974,0.0,0.0
-2.395075587390238,1.586348765674054,0.574634147404503,0.0,0.0
-2.395075587390238,1.648558521190683,0.584717958487479,0.0,0.0
-2.395075587390238,1.710768276707313,0.5952991245832391,0.0,0.0
-2.395075587390238,1.7729780322239428,0.6063760212485722,0.0,0.0
-2.395075587390238,1.8351877877405718,0.6179423711875005,0.0,0.0
-2.395075587390238,1.8973975432572017,0.6299861289629054,0.0,0.0
-2.395075587390238,1.9596072987738316,0.6424882047095538,0.0,0.0
-2.395075587390238,2.0218170542904605,0.6554210281915946,0.0,0.0
-2.395075587390238,2.0840268098070904,0.6687469667466183,0.0,0.0
-2.395075587390238,2.1462365653237194,0.6824166280922201,0.0,0.0
-2.395075587390238,2.2084463208403493,0.6963671025738731,0.0,0.0
-2.395075587390238,2.270656076356979,0.7105202297361676,0.0,0.0
-2.395075587390238,2.332865831873608,0.7247810108002785,0.0,0.0
-2.395075587390238,2.395075587390238,0.7390363300113885,0.0,0.0
-2.395075587390238,2.457285342906868,0.7531541900703983,0.0,0.0
-2.395075587390238,2.519495098423497,0.7669837034483694,0.0,0.0
-2.395075587390238,2.581704853940127,0.7803561027212041,0.0,0.0
-2.395075587390238,2.6439146094567567,0.7930870269389747,0.0,0.0
-2.395075587390238,2.7061243649733857,0.8049802941964453,0.0,0.0
-2.395075587390238,2.7683341204900156,0.8158332718233885,0.0,0.0
-2.395075587390238,2.8305438760066455,0.8254438004731554,0.0,0.0
-2.395075587390238,2.8927536315232745,0.8336184242468552,0.0,0.0
-2.395075587390238,2.9549633870399044,0.8401814491023428,0.0,0.0
-2.395075587390238,3.0171731425565333,0.8449841355330501,0.0,0.0
-2.395075587390238,3.0793828980731632,0.847913178672182,0.0,0.0
-2.3328658318736086,-3.141592653589793,0.827489403062692,0.0,0.0
-2.3328658318736086,-3.0793828980731637,0.8265775294081505,0.0,0.0
-2.3328658318736086,-3.017173142556534,0.8238633777603183,0.0,0.0
-2.3328658318736086,-2.9549633870399044,0.8194100296304679,0.0,0.0
-2.3328658318736086,-2.892753631523275,0.8133183570755199,0.0,0.0
-2.3328658318736086,-2.8305438760066455,0.8057211485111074,0.0,0.0
-2.3328658318736086,-2.7683341204900156,0.7967758272646291,0.0,0.0
-2.3328658318736086,-2.706124364973386,0.7866564984269141,0.0,0.0
-2.3328658318736086,-2.6439146094567567,0.7755460354975136,0.0,0.0
-2.3328658318736086,-2.581704853940127,0.7636288022411913,0.0,0.0
-2.3328658318736086,-2.5194950984234974,0.7510844337795584,0.0,0.0
-2.3328658318736086,-2.457285342906868,0.7380829134647712,0.0,0.0
-2.3328658318736086,-2.395075587390238,0.7247810108002786,0.0,0.0
-2.3328658318736086,-2.3328658318736086,0.7113200109439994,0.0,0.0
-2.3328658318736086,-2.270656076356979,0.6978245761206637,0.0,0.0
-2.3328658318736086,-2.2084463208403498,0.6844025317495982,0.0,0.0
-2.3328658318736086,-2.1462365653237203,0.6711453574491482,0.0,0.0
-2.3328658318736086,-2.0840268098070904,0.6581291751316186,0.0,0.0
-2.3328658318736086,-2.021817054290461,0.6454160532497426,0.0,0.0
-2.3328658318736086,-1.9596072987738313,0.6330554797570348,0.0,0.0
-2.3328658318736086,-1.897397543257202,0.6210858906537742,0.0,0.0
-2.3328658318736086,-1.8351877877405722,0.6095361724560335,0.0,0.0
-2.3328658318736086,-1.7729780322239428,0.5984270836718862,0.0,0.0
-2.3328658318736086,-1.7107682767073131,0.5877725617884187,0.0,0.0
-2.3328658318736086,-1.6485585211906835,0.5775808985564541,0.0,0.0
-2.3328658318736086,-1.586348765674054,0.5678557781291607,0.0,0.0
-2.3328658318736086,-1.5241390101574244,0.5585971806618261,0.0,0.0
-2.3328658318736086,-1.461929254640795,0.5498021591206788,0.0,0.0
-2.3328658318736086,-1.3997194991241653,0.5414655000094722,0.0,0.0
-2.3328658318736086,-1.3375097436075358,0.533580280118315,0.0,0.0
-2.3328658318736086,-1.2752999880909062,0.5261383317204861,0.0,0.0
-2.3328658318736086,-1.2130902325742767,0.5191306282649855,0.0,0.0
-2.3328658318736086,-1.150880477057647,0.5125476018119964,0.0,0.0
-2.3328658318736086,-1.0886707215410176,0.5063794024321193,0.0,0.0
-2.3328658318736086,-1.0264609660243877,0.5006161086731568,0.0,0.0
-2.3328658318736086,-0.9642512105077583,0.49524789707892847,0.0,0.0
-2.3328658318736086,-0.9020414549911289,0.49026517767794225,0.0,0.0
-2.3328658318736086,-0.8398316994744994,0.48565870137681627,0.0,0.0
-2.3328658318736086,-0.7776219439578695,0.4814196443089319,0.0,0.0
-2.3328658318736086,-0.7154121884412401,0.4775396734070042,0.0,0.0
-2.3328658318736086,-0.6532024329246107,0.47401099678640474,0.0,0.0
-2.3328658318736086,-0.5909926774079808,0.4708264019375334,0.0,0.0
-2.3328658318736086,-0.5287829218913513,0.46797928422158463,0.0,0.0
-2.3328658318736086,-0.4665731663747219,0.46546366773514014,0.0,0.0
-2.3328658318736086,-0.40436341085809246,0.4632742202455415,0.0,0.0
-2.3328658318736086,-0.3421536553414626,0.4614062635917706,0.0,0.0
-2.3328658318736086,-0.27994389982483314,0.45985578068608784,0.0,0.0
-2.3328658318736086,-0.2177341443082037,0.4586194200322203,0.0,0.0
-2.3328658318736086,-0.15552438879157382,0.45769449848951194,0.0,0.0
-2.3328658318736086,-0.09331463327494438,0.45707900285296915,0.0,0.0
-2.3328658318736086,-0.03110487775831494,0.45677159068100787,0.0,0.0
-2.3328658318736086,0.031104877758314498,0.45677159068100787,0.0,0.0
-2.3328658318736086,0.09331463327494438,0.45707900285296915,0.0,0.0
-2.3328658318736086,0.15552438879157382,0.45769449848951194,0.0,0.0
-2.3328658318736086,0.21773414430820326,0.45861942003222017,0.0,0.0
-2.3328658318736086,0.2799438998248327,0.45985578068608784,0.0,0.0
-2.3328658318736086,0.3421536553414626,0.4614062635917706,0.0,0.0
-2.3328658318736086,0.404363410858092,0.4632742202455415,0.0,0.0
-2.3328658318736086,0.46657316637472146,0.46546366773514014,0.0,0.0
-2.3328658318736086,0.5287829218913513,0.46797928422158463,0.0,0.0
-2.3328658318736086,0.5909926774079808,0.4708264019375334,0.0,0.0
-2.3328658318736086,0.6532024329246102,0.4740109967864047,0.0,0.0
-2.3328658318736086,0.7154121884412397,0.47753967340700415,0.0,0.0
-2.3328658318736086,0.7776219439578695,0.4814196443089319,0.0,0.0
-2.3328658318736086,0.839831699474499,0.48565870137681627,0.0,0.0
-2.3328658318736086,0.9020414549911289,0.49026517767794225,0.0,0.0
-2.3328658318736086,0.9642512105077579,0.49524789707892836,0.0,0.0
-2.3328658318736086,1.0264609660243877,0.5006161086731568,0.0,0.0
-2.3328658318736086,1.0886707215410176,0.5063794024321193,0.0,0.0
-2.3328658318736086,1.1508804770576466,0.5125476018119963,0.0,0.0
-2.3328658318736086,1.2130902325742765,0.5191306282649855,0.0,0.0
-2.3328658318736086,1.2752999880909055,0.526138331720486,0.0,0.0
-2.3328658318736086,1.3375097436075354,0.533580280118315,0.0,0.0
-2.3328658318736086,1.3997194991241653,0.5414655000094722,0.0,0.0
-2.3328658318736086,1.4619292546407943,0.5498021591206786,0.0,0.0
-2.3328658318736086,1.5241390101574241,0.5585971806618258,0.0,0.0
-2.3328658318736086,1.586348765674054,0.5678557781291607,0.0,0.0
-2.3328658318736086,1.648558521190683,0.5775808985564541,0.0,0.0
-2.3328658318736086,1.710768276707313,0.5877725617884187,0.0,0.0
-2.3328658318736086,1.7729780322239428,0.5984270836718862,0.0,0.0
-2.3328658318736086,1.8351877877405718,0.6095361724560334,0.0,0.0
-2.3328658318736086,1.8973975432572017,0.6210858906537741,0.0,0.0
-2.3328658318736086,1.9596072987738316,0.6330554797570348,0.0,0.0
-2.3328658318736086,2.0218170542904605,0.6454160532497426,0.0,0.0
-2.3328658318736086,2.0840268098070904,0.6581291751316186,0.0,0.0
-2.3328658318736086,2.1462365653237194,0.6711453574491479,0.0,0.0
-2.3328658318736086,2.2084463208403493,0.6844025317495982,0.0,0.0
-2.3328658318736086,2.270656076356979,0.6978245761206637,0.0,0.0
-2.3328658318736086,2.332865831873608,0.7113200109439994,0.0,0.0
-2.3328658318736086,2.395075587390238,0.7247810108002786,0.0,0.0
-2.3328658318736086,2.457285342906868,0.7380829134647712,0.0,0.0
-2.3328658318736086,2.519495098423497,0.7510844337795582,0.0,0.0
-2.3328658318736086,2.581704853940127,0.7636288022411913,0.0,0.0
-2.3328658318736086,2.6439146094567567,0.7755460354975136,0.0,0.0
-2.3328658318736086,2.7061243649733857,0.786656498426914,0.0,0.0
-2.3328658318736086,2.7683341204900156,0.7967758272646291,0.0,0.0
-2.3328658318736086,2.8305438760066455,0.8057211485111074,0.0,0.0
-2.3328658318736086,2.8927536315232745,0.8133183570755199,0.0,0.0
-2.3328658318736086,2.9549633870399044,0.8194100296304679,0.0,0.0
-2.3328658318736086,3.0171731425565333,0.8238633777603183,0.0,0.0
-2.3328658318736086,3.0793828980731632,0.8265775294081503,0.0,0.0
-2.270656076356979,-3.141592653589793,0.8064532496510112,0.0,0.0
-2.270656076356979,-3.0793828980731637,0.8056090970588577,0.0,0.0
-2.270656076356979,-3.017173142556534,0.8030956863591138,0.0,0.0
-2.270656076356979,-2.9549633870399044,0.7989690333686763,0.0,0.0
-2.270656076356979,-2.892753631523275,0.7933188744220364,0.0,0.0
-2.270656076356979,-2.8305438760066455,0.7862636558263241,0.0,0.0
-2.270656076356979,-2.7683341204900156,0.7779442895795641,0.0,0.0
-2.270656076356979,-2.706124364973386,0.7685172835222059,0.0,0.0
-2.270656076356979,-2.6439146094567567,0.7581478421957805,0.0,0.0
-2.270656076356979,-2.581704853940127,0.7470034472930392,0.0,0.0
-2.270656076356979,-2.5194950984234974,0.7352482914776833,0.0,0.0
-2.270656076356979,-2.457285342906868,0.723038787254564,0.0,0.0
-2.270656076356979,-2.395075587390238,0.7105202297361676,0.0,0.0
-2.270656076356979,-2.3328658318736086,0.6978245761206637,0.0,0.0
-2.270656076356979,-2.270656076356979,0.68506922343917,0.0,0.0
-2.270656076356979,-2.2084463208403498,0.6723566196353196,0.0,0.0
-2.270656076356979,-2.1462365653237203,0.6597745260746526,0.0,0.0
-2.270656076356979,-2.0840268098070904,0.647396754484659,0.0,0.0
-2.270656076356979,-2.021817054290461,0.6352842201911753,0.0,0.0
-2.270656076356979,-1.9596072987738313,0.6234861795298509,0.0,0.0
-2.270656076356979,-1.897397543257202,0.6120415473392163,0.0,0.0
-2.270656076356979,-1.8351877877405722,0.600980217081548,0.0,0.0
-2.270656076356979,-1.7729780322239428,0.5903243294652903,0.0,0.0
-2.270656076356979,-1.7107682767073131,0.5800894546444759,0.0,0.0
-2.270656076356979,-1.6485585211906835,0.5702856680754785,0.0,0.0
-2.270656076356979,-1.586348765674054,0.5609185112847332,0.0,0.0
-2.270656076356979,-1.5241390101574244,0.5519898367177607,0.0,0.0
-2.270656076356979,-1.461929254640795,0.5434985411336654,0.0,0.0
-2.270656076356979,-1.3997194991241653,0.5354411952832446,0.0,0.0
-2.270656076356979,-1.3375097436075358,0.5278125793893687,0.0,0.0
-2.270656076356979,-1.2752999880909062,0.5206061346688311,0.0,0.0
-2.270656076356979,-1.2130902325742767,0.5138143411364952,0.0,0.0
-2.270656076356979,-1.150880477057647,0.5074290314737657,0.0,0.0
-2.270656076356979,-1.0886707215410176,0.5014416500134629,0.0,0.0
-2.270656076356979,-1.0264609660243877,0.49584346502600174,0.0,0.0
-2.270656076356979,-0.9642512105077583,0.4906257415787442,0.0,0.0
-2.270656076356979,-0.9020414549911289,0.4857798813409725,0.0,0.0
-2.270656076356979,-0.8398316994744994,0.48129753485763077,0.0,0.0
-2.270656076356979,-0.7776219439578695,0.47717069103593407,0.0,0.0
-2.270656076356979,-0.7154121884412401,0.47339174788925503,0.0,0.0
-2.270656076356979,-0.6532024329246107,0.46995356796406884,0.0,0.0
-2.270656076356979,-0.5909926774079808,0.4668495213353241,0.0,0.0
-2.270656076356979,-0.5287829218913513,0.4640735185877974,0.0,0.0
-2.270656076356979,-0.4665731663747219,0.46162003579883853,0.0,0.0
-2.270656076356979,-0.40436341085809246,0.4594841331938773,0.0,0.0
-2.270656076356979,-0.3421536553414626,0.457661468852643,0.0,0.0
-2.270656076356979,-0.27994389982483314,0.4561483085940428,0.0,0.0
-2.270656076356979,-0.2177341443082037,0.4549415329543752,0.0,0.0
-2.270656076356979,-0.15552438879157382,0.4540386419908784,0.0,0.0
-2.270656076356979,-0.09331463327494438,0.45343775848498724,0.0,0.0
-2.270656076356979,-0.03110487775831494,0.45313762998204715,0.0,0.0
-2.270656076356979,0.031104877758314498,0.45313762998204715,0.0,0.0
-2.270656076356979,0.09331463327494438,0.45343775848498724,0.0,0.0
-2.270656076356979,0.15552438879157382,0.4540386419908784,0.0,0.0
-2.270656076356979,0.21773414430820326,0.4549415329543752,0.0,0.0
-2.270656076356979,0.2799438998248327,0.45614830859404293,0.0,0.0
-2.270656076356979,0.3421536553414626,0.457661468852643,0.0,0.0
-2.270656076356979,0.404363410858092,0.4594841331938774,0.0,0.0
-2.270656076356979,0.46657316637472146,0.4616200357988385,0.0,0.0
-2.270656076356979,0.5287829218913513,0.4640735185877974,0.0,0.0
-2.270656076356979,0.5909926774079808,0.4668495213353241,0.0,0.0
-2.270656076356979,0.6532024329246102,0.46995356796406884,0.0,0.0
-2.270656076356979,0.7154121884412397,0.473391747889255,0.0,0.0
-2.270656076356979,0.7776219439578695,0.47717069103593407,0.0,0.0
-2.270656076356979,0.839831699474499,0.48129753485763066,0.0,0.0
-2.270656076356979,0.9020414549911289,0.4857798813409725,0.0,0.0
-2.270656076356979,0.9642512105077579,0.49062574157874417,0.0,0.0
-2.270656076356979,1.0264609660243877,0.49584346502600174,0.0,0.0
-2.270656076356979,1.0886707215410176,0.5014416500134629,0.0,0.0
-2.270656076356979,1.1508804770576466,0.5074290314737657,0.0,0.0
-2.270656076356979,1.2130902325742765,0.5138143411364952,0.0,0.0
-2.270656076356979,1.2752999880909055,0.520606134668831,0.0,0.0
-2.270656076356979,1.3375097436075354,0.5278125793893687,0.0,0.0
-2.270656076356979,1.3997194991241653,0.5354411952832446,0.0,0.0
-2.270656076356979,1.4619292546407943,0.5434985411336654,0.0,0.0
-2.270656076356979,1.5241390101574241,0.5519898367177607,0.0,0.0
-2.270656076356979,1.586348765674054,0.5609185112847332,0.0,0.0
-2.270656076356979,1.648558521190683,0.5702856680754784,0.0,0.0
-2.270656076356979,1.710768276707313,0.5800894546444759,0.0,0.0
-2.270656076356979,1.7729780322239428,0.5903243294652903,0.0,0.0
-2.270656076356979,1.8351877877405718,0.600980217081548,0.0,0.0
-2.270656076356979,1.8973975432572017,0.6120415473392162,0.0,0.0
-2.270656076356979,1.9596072987738316,0.623486179529851,0.0,0.0
-2.270656076356979,2.0218170542904605,0.6352842201911751,0.0,0.0
-2.270656076356979,2.0840268098070904,0.647396754484659,0.0,0.0
-2.270656076356979,2.1462365653237194,0.6597745260746524,0.0,0.0
-2.270656076356979,2.2084463208403493,0.6723566196353195,0.0,0.0
-2.270656076356979,2.270656076356979,0.68506922343917,0.0,0.0
-2.270656076356979,2.332865831873608,0.6978245761206636,0.0,0.0
-2.270656076356979,2.395075587390238,0.7105202297361676,0.0,0.0
-2.270656076356979,2.457285342906868,0.723038787254564,0.0,0.0
-2.270656076356979,2.519495098423497,0.7352482914776832,0.0,0.0
-2.270656076356979,2.581704853940127,0.7470034472930392,0.0,0.0
-2.270656076356979,2.6439146094567567,0.7581478421957805,0.0,0.0
-2.270656076356979,2.7061243649733857,0.7685172835222058,0.0,0.0
-2.270656076356979,2.7683341204900156,0.7779442895795641,0.0,0.0
-2.270656076356979,2.8305438760066455,0.7862636558263241,0.0,0.0
-2.270656076356979,2.8927536315232745,0.7933188744220364,0.0,0.0
-2.270656076356979,2.9549633870399044,0.7989690333686763,0.0,0.0
-2.270656076356979,3.0171731425565333,0.8030956863591138,0.0,0.0
-2.270656076356979,3.0793828980731632,0.8056090970588576,0.0,0.0
-2.2084463208403498,-3.141592653589793,0.7859338763451991,0.0,0.0
-2.2084463208403498,-3.0793828980731637,0.7851524723197777,0.0,0.0
-2.2084463208403498,-3.017173142556534,0.7828251625213714,0.0,0.0
-2.2084463208403498,-2.9549633870399044,0.7790016985542261,0.0,0.0
-2.2084463208403498,-2.892753631523275,0.7737619196632511,0.0,0.0
-2.2084463208403498,-2.8305438760066455,0.7672114782606699,0.0,0.0
-2.2084463208403498,-2.7683341204900156,0.7594764857039017,0.0,0.0
-2.2084463208403498,-2.706124364973386,0.7506975809814772,0.0,0.0
-2.2084463208403498,-2.6439146094567567,0.741023921457006,0.0,0.0
-2.2084463208403498,-2.581704853940127,0.7306075295396627,0.0,0.0
-2.2084463208403498,-2.5194950984234974,0.7195983230460749,0.0,0.0
-2.2084463208403498,-2.457285342906868,0.7081400340664664,0.0,0.0
-2.2084463208403498,-2.395075587390238,0.6963671025738732,0.0,0.0
-2.2084463208403498,-2.3328658318736086,0.6844025317495982,0.0,0.0
-2.2084463208403498,-2.270656076356979,0.6723566196353196,0.0,0.0
-2.2084463208403498,-2.2084463208403498,0.6603264374321858,0.0,0.0
-2.2084463208403498,-2.1462365653237203,0.6483959052416138,0.0,0.0
-2.2084463208403498,-2.0840268098070904,0.6366363156299962,0.0,0.0
-2.2084463208403498,-2.021817054290461,0.6251071678744353,0.0,0.0
-2.2084463208403498,-1.9596072987738313,0.6138571954826161,0.0,0.0
-2.2084463208403498,-1.897397543257202,0.6029254921409847,0.0,0.0
-2.2084463208403498,-1.8351877877405722,0.5923426635322291,0.0,0.0
-2.2084463208403498,-1.7729780322239428,0.5821319525856757,0.0,0.0
-2.2084463208403498,-1.7107682767073131,0.5723103027467749,0.0,0.0
-2.2084463208403498,-1.6485585211906835,0.5628893375116384,0.0,0.0
-2.2084463208403498,-1.586348765674054,0.5538762449302161,0.0,0.0
-2.2084463208403498,-1.5241390101574244,0.5452745634264995,0.0,0.0
-2.2084463208403498,-1.461929254640795,0.5370848705974572,0.0,0.0
-2.2084463208403498,-1.3997194991241653,0.5293053801206861,0.0,0.0
-2.2084463208403498,-1.3375097436075358,0.5219324539667972,0.0,0.0
-2.2084463208403498,-1.2752999880909062,0.5149610381531122,0.0,0.0
-2.2084463208403498,-1.2130902325742767,0.5083850305954797,0.0,0.0
-2.2084463208403498,-1.150880477057647,0.5021975894525382,0.0,0.0
-2.2084463208403498,-1.0886707215410176,0.4963913898902805,0.0,0.0
-2.2084463208403498,-1.0264609660243877,0.4909588365545047,0.0,0.0
-2.2084463208403498,-0.9642512105077583,0.48589223831637646,0.0,0.0
-2.2084463208403498,-0.9020414549911289,0.48118395111411066,0.0,0.0
-2.2084463208403498,-0.8398316994744994,0.4768264939919974,0.0,0.0
-2.2084463208403498,-0.7776219439578695,0.4728126427610086,0.0,0.0
-2.2084463208403498,-0.7154121884412401,0.46913550508620067,0.0,0.0
-2.2084463208403498,-0.6532024329246107,0.46578858025055203,0.0,0.0
-2.2084463208403498,-0.5909926774079808,0.46276580635317033,0.0,0.0
-2.2084463208403498,-0.5287829218913513,0.46006159726921386,0.0,0.0
-2.2084463208403498,-0.4665731663747219,0.4576708713247668,0.0,0.0
-2.2084463208403498,-0.40436341085809246,0.4555890733167215,0.0,0.0
-2.2084463208403498,-0.3421536553414626,0.4538121912294953,0.0,0.0
-2.2084463208403498,-0.27994389982483314,0.452336768761228,0.0,0.0
-2.2084463208403498,-0.2177341443082037,0.45115991456628673,0.0,0.0
-2.2084463208403498,-0.15552438879157382,0.45027930894310625,0.0,0.0
-2.2084463208403498,-0.09331463327494438,0.44969320854170847,0.0,0.0
-2.2084463208403498,-0.03110487775831494,0.4494004495291112,0.0,0.0
-2.2084463208403498,0.031104877758314498,0.4494004495291112,0.0,0.0
-2.2084463208403498,0.09331463327494438,0.44969320854170847,0.0,0.0
-2.2084463208403498,0.15552438879157382,0.45027930894310625,0.0,0.0
-2.2084463208403498,0.21773414430820326,0.4511599145662867,0.0,0.0
-2.2084463208403498,0.2799438998248327,0.452336768761228,0.0,0.0
-2.2084463208403498,0.3421536553414626,0.4538121912294953,0.0,0.0
-2.2084463208403498,0.404363410858092,0.4555890733167215,0.0,0.0
-2.2084463208403498,0.46657316637472146,0.4576708713247667,0.0,0.0
-2.2084463208403498,0.5287829218913513,0.46006159726921386,0.0,0.0
-2.2084463208403498,0.5909926774079808,0.46276580635317033,0.0,0.0
-2.2084463208403498,0.6532024329246102,0.465788580250552,0.0,0.0
-2.2084463208403498,0.7154121884412397,0.46913550508620067,0.0,0.0
-2.2084463208403498,0.7776219439578695,0.4728126427610086,0.0,0.0
-2.2084463208403498,0.839831699474499,0.47682649399199734,0.0,0.0
-2.2084463208403498,0.9020414549911289,0.48118395111411066,0.0,0.0
-2.2084463208403498,0.9642512105077579,0.48589223831637646,0.0,0.0
-2.2084463208403498,1.0264609660243877,0.4909588365545047,0.0,0.0
-2.2084463208403498,1.0886707215410176,0.4963913898902805,0.0,0.0
-2.2084463208403498,1.1508804770576466,0.5021975894525381,0.0,0.0
-2.2084463208403498,1.2130902325742765,0.5083850305954797,0.0,0.0
-2.2084463208403498,1.2752999880909055,0.5149610381531121,0.0,0.0
-2.2084463208403498,1.3375097436075354,0.5219324539667971,0.0,0.0
-2.2084463208403498,1.3997194991241653,0.5293053801206861,0.0,0.0
-2.2084463208403498,1.4619292546407943,0.5370848705974571,0.0,0.0
-2.2084463208403498,1.5241390101574241,0.5452745634264995,0.0,0.0
-2.2084463208403498,1.586348765674054,0.5538762449302161,0.0,0.0
-2.2084463208403498,1.648558521190683,0.5628893375116384,0.0,0.0
-2.2084463208403498,1.710768276707313,0.5723103027467749,0.0,0.0
-2.2084463208403498,1.7729780322239428,0.5821319525856757,0.0,0.0
-2.2084463208403498,1.8351877877405718,0.592342663532229,0.0,0.0
-2.2084463208403498,1.8973975432572017,0.6029254921409846,0.0,0.0
-2.2084463208403498,1.9596072987738316,0.6138571954826162,0.0,0.0
-2.2084463208403498,2.0218170542904605,0.6251071678744352,0.0,0.0
-2.2084463208403498,2.0840268098070904,0.6366363156299962,0.0,0.0
-2.2084463208403498,2.1462365653237194,0.6483959052416136,0.0,0.0
-2.2084463208403498,2.2084463208403493,0.6603264374321858,0.0,0.0
-2.2084463208403498,2.270656076356979,0.6723566196353196,0.0,0.0
-2.2084463208403498,2.332865831873608,0.6844025317495982,0.0,0.0
-2.2084463208403498,2.395075587390238,0.6963671025738732,0.0,0.0
-2.2084463208403498,2.457285342906868,0.7081400340664664,0.0,0.0
-2.2084463208403498,2.519495098423497,0.7195983230460749,0.0,0.0
-2.2084463208403498,2.581704853940127,0.7306075295396627,0.0,0.0
-2.2084463208403498,2.6439146094567567,0.741023921457006,0.0,0.0
-2.2084463208403498,2.7061243649733857,0.7506975809814772,0.0,0.0
-2.2084463208403498,2.7683341204900156,0.7594764857039017,0.0,0.0
-2.2084463208403498,2.8305438760066455,0.7672114782606699,0.0,0.0
-2.2084463208403498,2.8927536315232745,0.773761919663251,0.0,0.0
-2.2084463208403498,2.9549633870399044,0.7790016985542261,0.0,0.0
-2.2084463208403498,3.0171731425565333,0.7828251625213714,0.0,0.0
-2.2084463208403498,3.0793828980731632,0.7851524723197776,0.0,0.0
-2.1462365653237203,-3.141592653589793,0.7660408583834631,0.0,0.0
-2.1462365653237203,-3.0793828980731637,0.76531724634369,0.0,0.0
-2.1462365653237203,-3.017173142556534,0.7631614241413887,0.0,0.0
-2.1462365653237203,-2.9549633870399044,0.7596176215945345,0.0,0.0
-2.1462365653237203,-2.892753631523275,0.7547569332693744,0.0,0.0
-2.1462365653237203,-2.8305438760066455,0.7486736677459335,0.0,0.0
-2.1462365653237203,-2.7683341204900156,0.7414807525540386,0.0,0.0
-2.1462365653237203,-2.706124364973386,0.7333046105966218,0.0,0.0
-2.1462365653237203,-2.6439146094567567,0.7242799259515884,0.0,0.0
-2.1462365653237203,-2.581704853940127,0.7145446685241329,0.0,0.0
-2.1462365653237203,-2.5194950984234974,0.7042356638870529,0.0,0.0
-2.1462365653237203,-2.457285342906868,0.6934848954659073,0.0,0.0
-2.1462365653237203,-2.395075587390238,0.6824166280922204,0.0,0.0
-2.1462365653237203,-2.3328658318736086,0.6711453574491482,0.0,0.0
-2.1462365653237203,-2.270656076356979,0.6597745260746526,0.0,0.0
-2.1462365653237203,-2.2084463208403498,0.6483959052416138,0.0,0.0
-2.1462365653237203,-2.1462365653237203,0.6370895212954094,0.0,0.0
-2.1462365653237203,-2.0840268098070904,0.6259240008169615,0.0,0.0
-2.1462365653237203,-2.021817054290461,0.6149572164552639,0.0,0.0
-2.1462365653237203,-1.9596072987738313,0.6042371298469384,0.0,0.0
-2.1462365653237203,-1.897397543257202,0.5938027459300107,0.0,0.0
-2.1462365653237203,-1.8351877877405722,0.5836851113946497,0.0,0.0
-2.1462365653237203,-1.7729780322239428,0.5739083071972595,0.0,0.0
-2.1462365653237203,-1.7107682767073131,0.5644904000041978,0.0,0.0
-2.1462365653237203,-1.6485585211906835,0.5554443297328975,0.0,0.0
-2.1462365653237203,-1.586348765674054,0.5467787200246451,0.0,0.0
-2.1462365653237203,-1.5241390101574244,0.5384986057524399,0.0,0.0
-2.1462365653237203,-1.461929254640795,0.5306060768902137,0.0,0.0
-2.1462365653237203,-1.3997194991241653,0.5231008416291332,0.0,0.0
-2.1462365653237203,-1.3375097436075358,0.5159807138883393,0.0,0.0
-2.1462365653237203,-1.2752999880909062,0.5092420316535843,0.0,0.0
-2.1462365653237203,-1.2130902325742767,0.5028800131568131,0.0,0.0
-2.1462365653237203,-1.150880477057647,0.49688905799789873,0.0,0.0
-2.1462365653237203,-1.0886707215410176,0.4912630000725893,0.0,0.0
-2.1462365653237203,-1.0264609660243877,0.48599531873247936,0.0,0.0
-2.1462365653237203,-0.9642512105077583,0.48107931405356164,0.0,0.0
-2.1462365653237203,-0.9020414549911289,0.47650825149284787,0.0,0.0
-2.1462365653237203,-0.8398316994744994,0.47227548061037783,0.0,0.0
-2.1462365653237203,-0.7776219439578695,0.46837453195408607,0.0,0.0
-2.1462365653237203,-0.7154121884412401,0.4647991956638604,0.0,0.0
-2.1462365653237203,-0.6532024329246107,0.46154358485728114,0.0,0.0
-2.1462365653237203,-0.5909926774079808,0.4586021864162216,0.0,0.0
-2.1462365653237203,-0.5287829218913513,0.45596990140042365,0.0,0.0
-2.1462365653237203,-0.4665731663747219,0.45364207696882825,0.0,0.0
-2.1462365653237203,-0.40436341085809246,0.45161453138802304,0.0,0.0
-2.1462365653237203,-0.3421536553414626,0.4498835734451844,0.0,0.0
-2.1462365653237203,-0.27994389982483314,0.44844601735560485,0.0,0.0
-2.1462365653237203,-0.2177341443082037,0.4472991940575802,0.0,0.0
-2.1462365653237203,-0.15552438879157382,0.44644095961553676,0.0,0.0
-2.1462365653237203,-0.09331463327494438,0.44586970130149467,0.0,0.0
-2.1462365653237203,-0.03110487775831494,0.4455843417912495,0.0,0.0
-2.1462365653237203,0.031104877758314498,0.4455843417912495,0.0,0.0
-2.1462365653237203,0.09331463327494438,0.44586970130149467,0.0,0.0
-2.1462365653237203,0.15552438879157382,0.44644095961553676,0.0,0.0
-2.1462365653237203,0.21773414430820326,0.4472991940575802,0.0,0.0
-2.1462365653237203,0.2799438998248327,0.44844601735560485,0.0,0.0
-2.1462365653237203,0.3421536553414626,0.4498835734451844,0.0,0.0
-2.1462365653237203,0.404363410858092,0.45161453138802304,0.0,0.0
-2.1462365653237203,0.46657316637472146,0.45364207696882825,0.0,0.0
-2.1462365653237203,0.5287829218913513,0.45596990140042365,0.0,0.0
-2.1462365653237203,0.5909926774079808,0.4586021864162216,0.0,0.0
-2.1462365653237203,0.6532024329246102,0.46154358485728114,0.0,0.0
-2.1462365653237203,0.7154121884412397,0.4647991956638603,0.0,0.0
-2.1462365653237203,0.7776219439578695,0.46837453195408607,0.0,0.0
-2.1462365653237203,0.839831699474499,0.47227548061037783,0.0,0.0
-2.1462365653237203,0.9020414549911289,0.47650825149284787,0.0,0.0
-2.1462365653237203,0.9642512105077579,0.4810793140535616,0.0,0.0
-2.1462365653237203,1.0264609660243877,0.48599531873247936,0.0,0.0
-2.1462365653237203,1.0886707215410176,0.4912630000725893,0.0,0.0
-2.1462365653237203,1.1508804770576466,0.49688905799789873,0.0,0.0
-2.1462365653237203,1.2130902325742765,0.5028800131568131,0.0,0.0
-2.1462365653237203,1.2752999880909055,0.5092420316535842,0.0,0.0
-2.1462365653237203,1.3375097436075354,0.5159807138883393,0.0,0.0
-2.1462365653237203,1.3997194991241653,0.5231008416291332,0.0,0.0
-2.1462365653237203,1.4619292546407943,0.5306060768902136,0.0,0.0
-2.1462365653237203,1.5241390101574241,0.5384986057524398,0.0,0.0
-2.1462365653237203,1.586348765674054,0.5467787200246451,0.0,0.0
-2.1462365653237203,1.648558521190683,0.5554443297328975,0.0,0.0
-2.1462365653237203,1.710768276707313,0.5644904000041976,0.0,0.0
-2.1462365653237203,1.7729780322239428,0.5739083071972595,0.0,0.0
-2.1462365653237203,1.8351877877405718,0.5836851113946496,0.0,0.0
-2.1462365653237203,1.8973975432572017,0.5938027459300107,0.0,0.0
-2.1462365653237203,1.9596072987738316,0.6042371298469384,0.0,0.0
-2.1462365653237203,2.0218170542904605,0.6149572164552638,0.0,0.0
-2.1462365653237203,2.0840268098070904,0.6259240008169615,0.0,0.0
-2.1462365653237203,2.1462365653237194,0.6370895212954093,0.0,0.0
-2.1462365653237203,2.2084463208403493,0.6483959052416137,0.0,0.0
-2.1462365653237203,2.270656076356979,0.6597745260746526,0.0,0.0
-2.1462365653237203,2.332865831873608,0.6711453574491482,0.0,0.0
-2.1462365653237203,2.395075587390238,0.6824166280922204,0.0,0.0
-2.1462365653237203,2.457285342906868,0.6934848954659073,0.0,0.0
-2.1462365653237203,2.519495098423497,0.7042356638870527,0.0,0.0
-2.1462365653237203,2.581704853940127,0.7145446685241329,0.0,0.0
-2.1462365653237203,2.6439146094567567,0.7242799259515884,0.0,0.0
-2.1462365653237203,2.7061243649733857,0.7333046105966217,0.0,0.0
-2.1462365653237203,2.7683341204900156,0.7414807525540386,0.0,0.0
-2.1462365653237203,2.8305438760066455,0.7486736677459335,0.0,0.0
-2.1462365653237203,2.8927536315232745,0.7547569332693744,0.0,0.0
-2.1462365653237203,2.9549633870399044,0.7596176215945345,0.0,0.0
-2.1462365653237203,3.0171731425565333,0.7631614241413885,0.0,0.0
-2.1462365653237203,3.0793828980731632,0.76531724634369,0.0,0.0
-2.0840268098070904,-3.141592653589793,0.7468537654928633,0.0,0.0
-2.0840268098070904,-3.0793828980731637,0.7461831290679122,0.0,0.0
-2.0840268098070904,-3.017173142556534,0.7441845779828091,0.0,0.0
-2.0840268098070904,-2.9549633870399044,0.740897495095917,0.0,0.0
-2.0840268098070904,-2.892753631523275,0.7363852818961548,0.0,0.0
-2.0840268098070904,-2.8305438760066455,0.7307322342283343,0.0,0.0
-2.0840268098070904,-2.7683341204900156,0.724039591938868,0.0,0.0
-2.0840268098070904,-2.706124364973386,0.7164211070956706,0.0,0.0
-2.0840268098070904,-2.6439146094567567,0.7079984810571871,0.0,0.0
-2.0840268098070904,-2.581704853940127,0.6988969850015259,0.0,0.0
-2.0840268098070904,-2.5194950984234974,0.6892415134586279,0.0,0.0
-2.0840268098070904,-2.457285342906868,0.6791532404481009,0.0,0.0
-2.0840268098070904,-2.395075587390238,0.6687469667466183,0.0,0.0
-2.0840268098070904,-2.3328658318736086,0.6581291751316186,0.0,0.0
-2.0840268098070904,-2.270656076356979,0.647396754484659,0.0,0.0
-2.0840268098070904,-2.2084463208403498,0.6366363156299962,0.0,0.0
-2.0840268098070904,-2.1462365653237203,0.6259240008169615,0.0,0.0
-2.0840268098070904,-2.0840268098070904,0.6153256819547248,0.0,0.0
-2.0840268098070904,-2.021817054290461,0.6048974463624635,0.0,0.0
-2.0840268098070904,-1.9596072987738313,0.5946862791995652,0.0,0.0
-2.0840268098070904,-1.897397543257202,0.5847308657029529,0.0,0.0
-2.0840268098070904,-1.8351877877405722,0.5750624514437495,0.0,0.0
-2.0840268098070904,-1.7729780322239428,0.5657057133546826,0.0,0.0
-2.0840268098070904,-1.7107682767073131,0.5566796072747638,0.0,0.0
-2.0840268098070904,-1.6485585211906835,0.5479981687311949,0.0,0.0
-2.0840268098070904,-1.586348765674054,0.5396712525174547,0.0,0.0
-2.0840268098070904,-1.5241390101574244,0.5317052034483345,0.0,0.0
-2.0840268098070904,-1.461929254640795,0.524103455719515,0.0,0.0
-2.0840268098070904,-1.3997194991241653,0.516867061864131,0.0,0.0
-2.0840268098070904,-1.3375097436075358,0.5099951546776508,0.0,0.0
-2.0840268098070904,-1.2752999880909062,0.5034853469467595,0.0,0.0
-2.0840268098070904,-1.2130902325742767,0.4973340746014984,0.0,0.0
-2.0840268098070904,-1.150880477057647,0.4915368892047531,0.0,0.0
-2.0840268098070904,-1.0886707215410176,0.4860887056514304,0.0,0.0
-2.0840268098070904,-1.0264609660243877,0.4809840106879555,0.0,0.0
-2.0840268098070904,-0.9642512105077583,0.4762170374678966,0.0,0.0
-2.0840268098070904,-0.9020414549911289,0.47178191089429977,0.0,0.0
-2.0840268098070904,-0.8398316994744994,0.4676727680075406,0.0,0.0
-2.0840268098070904,-0.7776219439578695,0.46388385718864533,0.0,0.0
-2.0840268098070904,-0.7154121884412401,0.4604096194808875,0.0,0.0
-2.0840268098070904,-0.6532024329246107,0.4572447548980795,0.0,0.0
-2.0840268098070904,-0.5909926774079808,0.4543842761919201,0.0,0.0
-2.0840268098070904,-0.5287829218913513,0.45182355219485865,0.0,0.0
-2.0840268098070904,-0.4665731663747219,0.4495583425385169,0.0,0.0
-2.0840268098070904,-0.40436341085809246,0.4475848252685517,0.0,0.0
-2.0840268098070904,-0.3421536553414626,0.44589961863177013,0.0,0.0
-2.0840268098070904,-0.27994389982483314,0.4444997980966981,0.0,0.0
-2.0840268098070904,-0.2177341443082037,0.4433829094808302,0.0,0.0
-2.0840268098070904,-0.15552438879157382,0.4425469788926309,0.0,0.0
-2.0840268098070904,-0.09331463327494438,0.4419905200503104,0.0,0.0
-2.0840268098070904,-0.03110487775831494,0.441712539408907,0.0,0.0
-2.0840268098070904,0.031104877758314498,0.441712539408907,0.0,0.0
-2.0840268098070904,0.09331463327494438,0.4419905200503104,0.0,0.0
-2.0840268098070904,0.15552438879157382,0.4425469788926309,0.0,0.0
-2.0840268098070904,0.21773414430820326,0.4433829094808302,0.0,0.0
-2.0840268098070904,0.2799438998248327,0.4444997980966981,0.0,0.0
-2.0840268098070904,0.3421536553414626,0.44589961863177013,0.0,0.0
-2.0840268098070904,0.404363410858092,0.4475848252685517,0.0,0.0
-2.0840268098070904,0.46657316637472146,0.44955834253851684,0.0,0.0
-2.0840268098070904,0.5287829218913513,0.45182355219485865,0.0,0.0
-2.0840268098070904,0.5909926774079808,0.4543842761919201,0.0,0.0
-2.0840268098070904,0.6532024329246102,0.4572447548980795,0.0,0.0
-2.0840268098070904,0.7154121884412397,0.4604096194808875,0.0,0.0
-2.0840268098070904,0.7776219439578695,0.46388385718864533,0.0,0.0
-2.0840268098070904,0.839831699474499,0.4676727680075406,0.0,0.0
-2.0840268098070904,0.9020414549911289,0.47178191089429977,0.0,0.0
-2.0840268098070904,0.9642512105077579,0.47621703746789656,0.0,0.0
-2.0840268098070904,1.0264609660243877,0.4809840106879555,0.0,0.0
-2.0840268098070904,1.0886707215410176,0.4860887056514304,0.0,0.0
-2.0840268098070904,1.1508804770576466,0.4915368892047531,0.0,0.0
-2.0840268098070904,1.2130902325742765,0.4973340746014984,0.0,0.0
-2.0840268098070904,1.2752999880909055,0.5034853469467594,0.0,0.0
-2.0840268098070904,1.3375097436075354,0.5099951546776507,0.0,0.0
-2.0840268098070904,1.3997194991241653,0.516867061864131,0.0,0.0
-2.0840268098070904,1.4619292546407943,0.5241034557195149,0.0,0.0
-2.0840268098070904,1.5241390101574241,0.5317052034483345,0.0,0.0
-2.0840268098070904,1.586348765674054,0.5396712525174547,0.0,0.0
-2.0840268098070904,1.648558521190683,0.5479981687311949,0.0,0.0
-2.0840268098070904,1.710768276707313,0.5566796072747638,0.0,0.0
-2.0840268098070904,1.7729780322239428,0.5657057133546826,0.0,0.0
-2.0840268098070904,1.8351877877405718,0.5750624514437495,0.0,0.0
-2.0840268098070904,1.8973975432572017,0.5847308657029529,0.0,0.0
-2.0840268098070904,1.9596072987738316,0.5946862791995653,0.0,0.0
-2.0840268098070904,2.0218170542904605,0.6048974463624633,0.0,0.0
-2.0840268098070904,2.0840268098070904,0.6153256819547248,0.0,0.0
-2.0840268098070904,2.1462365653237194,0.6259240008169614,0.0,0.0
-2.0840268098070904,2.2084463208403493,0.6366363156299961,0.0,0.0
-2.0840268098070904,2.270656076356979,0.647396754484659,0.0,0.0
-2.0840268098070904,2.332865831873608,0.6581291751316185,0.0,0.0
-2.0840268098070904,2.395075587390238,0.6687469667466183,0.0,0.0
-2.0840268098070904,2.457285342906868,0.6791532404481009,0.0,0.0
-2.0840268098070904,2.519495098423497,0.6892415134586278,0.0,0.0
-2.0840268098070904,2.581704853940127,0.6988969850015259,0.0,0.0
-2.0840268098070904,2.6439146094567567,0.7079984810571871,0.0,0.0
-2.0840268098070904,2.7061243649733857,0.7164211070956705,0.0,0.0
-2.0840268098070904,2.7683341204900156,0.724039591938868,0.0,0.0
-2.0840268098070904,2.8305438760066455,0.7307322342283343,0.0,0.0
-2.0840268098070904,2.8927536315232745,0.7363852818961548,0.0,0.0
-2.0840268098070904,2.9549633870399044,0.740897495095917,0.0,0.0
-2.0840268098070904,3.0171731425565333,0.7441845779828091,0.0,0.0
-2.0840268098070904,3.0793828980731632,0.7461831290679122,0.0,0.0
-2.021817054290461,-3.141592653589793,0.7284271662678298,0.0,0.0
-2.021817054290461,-3.0793828980731637,0.7278049128125266,0.0,0.0
-2.021817054290461,-3.017173142556534,0.725950063006585,0.0,0.0
-2.021817054290461,-2.9549633870399044,0.7228977574709672,0.0,0.0
-2.021817054290461,-2.892753631523275,0.718704650327101,0.0,0.0
-2.021817054290461,-2.8305438760066455,0.7134462281828046,0.0,0.0
-2.021817054290461,-2.7683341204900156,0.7072134057430236,0.0,0.0
-2.021817054290461,-2.706124364973386,0.7001086845353274,0.0,0.0
-2.021817054290461,-2.6439146094567567,0.6922421689683816,0.0,0.0
-2.021817054290461,-2.581704853940127,0.6837277078636355,0.0,0.0
-2.021817054290461,-2.5194950984234974,0.6746793786725008,0.0,0.0
-2.021817054290461,-2.457285342906868,0.6652084671363818,0.0,0.0
-2.021817054290461,-2.395075587390238,0.6554210281915948,0.0,0.0
-2.021817054290461,-2.3328658318736086,0.6454160532497426,0.0,0.0
-2.021817054290461,-2.270656076356979,0.6352842201911753,0.0,0.0
-2.021817054290461,-2.2084463208403498,0.6251071678744353,0.0,0.0
-2.021817054290461,-2.1462365653237203,0.6149572164552639,0.0,0.0
-2.021817054290461,-2.0840268098070904,0.6048974463624635,0.0,0.0
-2.021817054290461,-2.021817054290461,0.594982049580444,0.0,0.0
-2.021817054290461,-1.9596072987738313,0.5852568739733944,0.0,0.0
-2.021817054290461,-1.897397543257202,0.5757600920947515,0.0,0.0
-2.021817054290461,-1.8351877877405722,0.5665229381388316,0.0,0.0
-2.021817054290461,-1.7729780322239428,0.5575704688898002,0.0,0.0
-2.021817054290461,-1.7107682767073131,0.5489223157375721,0.0,0.0
-2.021817054290461,-1.6485585211906835,0.5405934045383679,0.0,0.0
-2.021817054290461,-1.586348765674054,0.5325946281051913,0.0,0.0
-2.021817054290461,-1.5241390101574244,0.5249334624446752,0.0,0.0
-2.021817054290461,-1.461929254640795,0.5176145226650434,0.0,0.0
-2.021817054290461,-1.3997194991241653,0.510640057981941,0.0,0.0
-2.021817054290461,-1.3375097436075358,0.5040103876792689,0.0,0.0
-2.021817054290461,-1.2752999880909062,0.4977242814659602,0.0,0.0
-2.021817054290461,-1.2130902325742767,0.4917792886071793,0.0,0.0
-2.021817054290461,-1.150880477057647,0.48617202066903886,0.0,0.0
-2.021817054290461,-1.0886707215410176,0.4808983928371114,0.0,0.0
-2.021817054290461,-1.0264609660243877,0.4759538286587654,0.0,0.0
-2.021817054290461,-0.9642512105077583,0.4713334328000475,0.0,0.0
-2.021817054290461,-0.9020414549911289,0.46703213606050614,0.0,0.0
-2.021817054290461,-0.8398316994744994,0.46304481649796037,0.0,0.0
-2.021817054290461,-0.7776219439578695,0.4593664001103503,0.0,0.0
-2.021817054290461,-0.7154121884412401,0.45599194412392524,0.0,0.0
-2.021817054290461,-0.6532024329246107,0.4529167055590475,0.0,0.0
-2.021817054290461,-0.5909926774079808,0.4501361973942628,0.0,0.0
-2.021817054290461,-0.5287829218913513,0.4476462343295952,0.0,0.0
-2.021817054290461,-0.4665731663747219,0.4454429698621793,0.0,0.0
-2.021817054290461,-0.40436341085809246,0.44352292613049654,0.0,0.0
-2.021817054290461,-0.3421536553414626,0.44188301775566563,0.0,0.0
-2.021817054290461,-0.27994389982483314,0.44052057070679934,0.0,0.0
-2.021817054290461,-0.2177341443082037,0.43943333703941273,0.0,0.0
-2.021817054290461,-0.15552438879157382,0.4386195061981016,0.0,0.0
-2.021817054290461,-0.09331463327494438,0.43807771343407953,0.0,0.0
-2.021817054290461,-0.03110487775831494,0.43780704576157475,0.0,0.0
-2.021817054290461,0.031104877758314498,0.43780704576157475,0.0,0.0
-2.021817054290461,0.09331463327494438,0.43807771343407953,0.0,0.0
-2.021817054290461,0.15552438879157382,0.4386195061981016,0.0,0.0
-2.021817054290461,0.21773414430820326,0.43943333703941273,0.0,0.0
-2.021817054290461,0.2799438998248327,0.44052057070679934,0.0,0.0
-2.021817054290461,0.3421536553414626,0.44188301775566563,0.0,0.0
-2.021817054290461,0.404363410858092,0.44352292613049654,0.0,0.0
-2.021817054290461,0.46657316637472146,0.4454429698621793,0.0,0.0
-2.021817054290461,0.5287829218913513,0.4476462343295952,0.0,0.0
-2.021817054290461,0.5909926774079808,0.4501361973942628,0.0,0.0
-2.021817054290461,0.6532024329246102,0.4529167055590475,0.0,0.0
-2.021817054290461,0.7154121884412397,0.45599194412392524,0.0,0.0
-2.021817054290461,0.7776219439578695,0.4593664001103503,0.0,0.0
-2.021817054290461,0.839831699474499,0.4630448164979603,0.0,0.0
-2.021817054290461,0.9020414549911289,0.46703213606050614,0.0,0.0
-2.021817054290461,0.9642512105077579,0.4713334328000474,0.0,0.0
-2.021817054290461,1.0264609660243877,0.4759538286587654,0.0,0.0
-2.021817054290461,1.0886707215410176,0.4808983928371114,0.0,0.0
-2.021817054290461,1.1508804770576466,0.48617202066903886,0.0,0.0
-2.021817054290461,1.2130902325742765,0.4917792886071793,0.0,0.0
-2.021817054290461,1.2752999880909055,0.4977242814659601,0.0,0.0
-2.021817054290461,1.3375097436075354,0.5040103876792688,0.0,0.0
-2.021817054290461,1.3997194991241653,0.510640057981941,0.0,0.0
-2.021817054290461,1.4619292546407943,0.5176145226650434,0.0,0.0
-2.021817054290461,1.5241390101574241,0.5249334624446751,0.0,0.0
-2.021817054290461,1.586348765674054,0.5325946281051913,0.0,0.0
-2.021817054290461,1.648558521190683,0.5405934045383678,0.0,0.0
-2.021817054290461,1.710768276707313,0.5489223157375721,0.0,0.0
-2.021817054290461,1.7729780322239428,0.5575704688898002,0.0,0.0
-2.021817054290461,1.8351877877405718,0.5665229381388316,0.0,0.0
-2.021817054290461,1.8973975432572017,0.5757600920947515,0.0,0.0
-2.021817054290461,1.9596072987738316,0.5852568739733944,0.0,0.0
-2.021817054290461,2.0218170542904605,0.5949820495804439,0.0,0.0
-2.021817054290461,2.0840268098070904,0.6048974463624635,0.0,0.0
-2.021817054290461,2.1462365653237194,0.6149572164552638,0.0,0.0
-2.021817054290461,2.2084463208403493,0.6251071678744352,0.0,0.0
-2.021817054290461,2.270656076356979,0.6352842201911753,0.0,0.0
-2.021817054290461,2.332865831873608,0.6454160532497426,0.0,0.0
-2.021817054290461,2.395075587390238,0.6554210281915948,0.0,0.0
-2.021817054290461,2.457285342906868,0.6652084671363818,0.0,0.0
-2.021817054290461,2.519495098423497,0.6746793786725007,0.0,0.0
-2.021817054290461,2.581704853940127,0.6837277078636355,0.0,0.0
-2.021817054290461,2.6439146094567567,0.6922421689683816,0.0,0.0
-2.021817054290461,2.7061243649733857,0.7001086845353274,0.0,0.0
-2.021817054290461,2.7683341204900156,0.7072134057430236,0.0,0.0
-2.021817054290461,2.8305438760066455,0.7134462281828046,0.0,0.0
-2.021817054290461,2.8927536315232745,0.7187046503271008,0.0,0.0
-2.021817054290461,2.9549633870399044,0.7228977574709672,0.0,0.0
-2.021817054290461,3.0171731425565333,0.725950063006585,0.0,0.0
-2.021817054290461,3.0793828980731632,0.7278049128125265,0.0,0.0
-1.9596072987738313,-3.141592653589793,0.7107952310257909,0.0,0.0
-1.9596072987738313,-3.0793828980731637,0.7102170430738037,0.0,0.0
-1.9596072987738313,-3.017173142556534,0.7084931263484,0.0,0.0
-1.9596072987738313,-2.9549633870399044,0.7056549153770565,0.0,0.0
-1.9596072987738313,-2.892753631523275,0.7017531580954841,0.0,0.0
-1.9596072987738313,-2.8305438760066455,0.6968556075881315,0.0,0.0
-1.9596072987738313,-2.7683341204900156,0.6910440793080005,0.0,0.0
-1.9596072987738313,-2.706124364973386,0.6844111127824789,0.0,0.0
-1.9596072987738313,-2.6439146094567567,0.6770564856531829,0.0,0.0
-1.9596072987738313,-2.581704853940127,0.6690838089867007,0.0,0.0
-1.9596072987738313,-2.5194950984234974,0.6605973928962756,0.0,0.0
-1.9596072987738313,-2.457285342906868,0.6516995194741938,0.0,0.0
-1.9596072987738313,-2.395075587390238,0.6424882047095538,0.0,0.0
-1.9596072987738313,-2.3328658318736086,0.6330554797570348,0.0,0.0
-1.9596072987738313,-2.270656076356979,0.6234861795298509,0.0,0.0
-1.9596072987738313,-2.2084463208403498,0.6138571954826161,0.0,0.0
-1.9596072987738313,-2.1462365653237203,0.6042371298469384,0.0,0.0
-1.9596072987738313,-2.0840268098070904,0.5946862791995652,0.0,0.0
-1.9596072987738313,-2.021817054290461,0.5852568739733944,0.0,0.0
-1.9596072987738313,-1.9596072987738313,0.5759935050115019,0.0,0.0
-1.9596072987738313,-1.897397543257202,0.5669336763123456,0.0,0.0
-1.9596072987738313,-1.8351877877405722,0.5581084328972763,0.0,0.0
-1.9596072987738313,-1.7729780322239428,0.5495430228866012,0.0,0.0
-1.9596072987738313,-1.7107682767073131,0.5412575624810968,0.0,0.0
-1.9596072987738313,-1.6485585211906835,0.5332676810738424,0.0,0.0
-1.9596072987738313,-1.586348765674054,0.5255851309144383,0.0,0.0
-1.9596072987738313,-1.5241390101574244,0.5182183515688147,0.0,0.0
-1.9596072987738313,-1.461929254640795,0.5111729839456766,0.0,0.0
-1.9596072987738313,-1.3997194991241653,0.5044523320480497,0.0,0.0
-1.9596072987738313,-1.3375097436075358,0.498057773037065,0.0,0.0
-1.9596072987738313,-1.2752999880909062,0.4919891178485734,0.0,0.0
-1.9596072987738313,-1.2130902325742767,0.4862449256508985,0.0,0.0
-1.9596072987738313,-1.150880477057647,0.4808227760214793,0.0,0.0
-1.9596072987738313,-1.0886707215410176,0.4757195029741649,0.0,0.0
-1.9596072987738313,-1.0264609660243877,0.4709313949862552,0.0,0.0
-1.9596072987738313,-0.9642512105077583,0.46645436503210136,0.0,0.0
-1.9596072987738313,-0.9020414549911289,0.4622840943866572,0.0,0.0
-1.9596072987738313,-0.8398316994744994,0.458416153660987,0.0,0.0
-1.9596072987738313,-0.7776219439578695,0.45484610420335575,0.0,0.0
-1.9596072987738313,-0.7154121884412401,0.4515695826656139,0.0,0.0
-1.9596072987738313,-0.6532024329246107,0.44858237120941113,0.0,0.0
-1.9596072987738313,-0.5909926774079808,0.4458804555192184,0.0,0.0
-1.9596072987738313,-0.5287829218913513,0.4434600725042127,0.0,0.0
-1.9596072987738313,-0.4665731663747219,0.4413177493110337,0.0,0.0
-1.9596072987738313,-0.40436341085809246,0.4394503350345826,0.0,0.0
-1.9596072987738313,-0.3421536553414626,0.4378550263034862,0.0,0.0
-1.9596072987738313,-0.27994389982483314,0.4365293877288262,0.0,0.0
-1.9596072987738313,-0.2177341443082037,0.43547136803702935,0.0,0.0
-1.9596072987738313,-0.15552438879157382,0.43467931255791115,0.0,0.0
-1.9596072987738313,-0.09331463327494438,0.43415197260417593,0.0,0.0
-1.9596072987738313,-0.03110487775831494,0.43388851215654806,0.0,0.0
-1.9596072987738313,0.031104877758314498,0.43388851215654806,0.0,0.0
-1.9596072987738313,0.09331463327494438,0.43415197260417593,0.0,0.0
-1.9596072987738313,0.15552438879157382,0.43467931255791115,0.0,0.0
-1.9596072987738313,0.21773414430820326,0.43547136803702935,0.0,0.0
-1.9596072987738313,0.2799438998248327,0.4365293877288262,0.0,0.0
-1.9596072987738313,0.3421536553414626,0.4378550263034862,0.0,0.0
-1.9596072987738313,0.404363410858092,0.4394503350345826,0.0,0.0
-1.9596072987738313,0.46657316637472146,0.4413177493110336,0.0,0.0
-1.9596072987738313,0.5287829218913513,0.4434600725042127,0.0,0.0
-1.9596072987738313,0.5909926774079808,0.4458804555192184,0.0,0.0
-1.9596072987738313,0.6532024329246102,0.44858237120941113,0.0,0.0
-1.9596072987738313,0.7154121884412397,0.4515695826656138,0.0,0.0
-1.9596072987738313,0.7776219439578695,0.45484610420335575,0.0,0.0
-1.9596072987738313,0.839831699474499,0.458416153660987,0.0,0.0
-1.9596072987738313,0.9020414549911289,0.4622840943866572,0.0,0.0
-1.9596072987738313,0.9642512105077579,0.4664543650321013,0.0,0.0
-1.9596072987738313,1.0264609660243877,0.4709313949862552,0.0,0.0
-1.9596072987738313,1.0886707215410176,0.4757195029741649,0.0,0.0
-1.9596072987738313,1.1508804770576466,0.4808227760214792,0.0,0.0
-1.9596072987738313,1.2130902325742765,0.4862449256508984,0.0,0.0
-1.9596072987738313,1.2752999880909055,0.4919891178485733,0.0,0.0
-1.9596072987738313,1.3375097436075354,0.4980577730370649,0.0,0.0
-1.9596072987738313,1.3997194991241653,0.5044523320480497,0.0,0.0
-1.9596072987738313,1.4619292546407943,0.5111729839456765,0.0,0.0
-1.9596072987738313,1.5241390101574241,0.5182183515688147,0.0,0.0
-1.9596072987738313,1.586348765674054,0.5255851309144383,0.0,0.0
-1.9596072987738313,1.648558521190683,0.5332676810738423,0.0,0.0
-1.9596072987738313,1.710768276707313,0.5412575624810968,0.0,0.0
-1.9596072987738313,1.7729780322239428,0.5495430228866012,0.0,0.0
-1.9596072987738313,1.8351877877405718,0.5581084328972762,0.0,0.0
-1.9596072987738313,1.8973975432572017,0.5669336763123455,0.0,0.0
-1.9596072987738313,1.9596072987738316,0.5759935050115019,0.0,0.0
-1.9596072987738313,2.0218170542904605,0.5852568739733944,0.0,0.0
-1.9596072987738313,2.0840268098070904,0.5946862791995652,0.0,0.0
-1.9596072987738313,2.1462365653237194,0.6042371298469383,0.0,0.0
-1.9596072987738313,2.2084463208403493,0.613857195482616,0.0,0.0
-1.9596072987738313,2.270656076356979,0.6234861795298509,0.0,0.0
-1.9596072987738313,2.332865831873608,0.6330554797570347,0.0,0.0
-1.9596072987738313,2.395075587390238,0.6424882047095538,0.0,0.0
-1.9596072987738313,2.457285342906868,0.6516995194741938,0.0,0.0
-1.9596072987738313,2.519495098423497,0.6605973928962756,0.0,0.0
-1.9596072987738313,2.581704853940127,0.6690838089867007,0.0,0.0
-1.9596072987738313,2.6439146094567567,0.6770564856531829,0.0,0.0
-1.9596072987738313,2.7061243649733857,0.6844111127824789,0.0,0.0
-1.9596072987738313,2.7683341204900156,0.6910440793080005,0.0,0.0
-1.9596072987738313,2.8305438760066455,0.6968556075881315,0.0,0.0
-1.9596072987738313,2.8927536315232745,0.7017531580954841,0.0,0.0
-1.9596072987738313,2.9549633870399044,0.7056549153770565,0.0,0.0
-1.9596072987738313,3.0171731425565333,0.7084931263484,0.0,0.0
-1.9596072987738313,3.0793828980731632,0.7102170430738037,0.0,0.0
-1.897397543257202,-3.141592653589793,0.6939758117813397,0.0,0.0
-1.897397543257202,-3.0793828980731637,0.6934376742300021,0.0,0.0
-1.897397543257202,-3.017173142556534,0.6918328070550481,0.0,0.0
-1.897397543257202,-2.9549633870399044,0.689189410268069,0.0,0.0
-1.897397543257202,-2.892753631523275,0.6855530676970837,0.0,0.0
-1.897397543257202,-2.8305438760066455,0.6809847521263938,0.0,0.0
-1.897397543257202,-2.7683341204900156,0.6755582725824629,0.0,0.0
-1.897397543257202,-2.706124364973386,0.6693573640083282,0.0,0.0
-1.897397543257202,-2.6439146094567567,0.6624726288546304,0.0,0.0
-1.897397543257202,-2.581704853940127,0.6549985265403784,0.0,0.0
-1.897397543257202,-2.5194950984234974,0.6470305754295861,0.0,0.0
-1.897397543257202,-2.457285342906868,0.6386628898585777,0.0,0.0
-1.897397543257202,-2.395075587390238,0.6299861289629054,0.0,0.0
-1.897397543257202,-2.3328658318736086,0.6210858906537742,0.0,0.0
-1.897397543257202,-2.270656076356979,0.6120415473392163,0.0,0.0
-1.897397543257202,-2.2084463208403498,0.6029254921409847,0.0,0.0
-1.897397543257202,-2.1462365653237203,0.5938027459300107,0.0,0.0
-1.897397543257202,-2.0840268098070904,0.5847308657029529,0.0,0.0
-1.897397543257202,-2.021817054290461,0.5757600920947515,0.0,0.0
-1.897397543257202,-1.9596072987738313,0.5669336763123456,0.0,0.0
-1.897397543257202,-1.897397543257202,0.5582883326725689,0.0,0.0
-1.897397543257202,-1.8351877877405722,0.5498547706767724,0.0,0.0
-1.897397543257202,-1.7729780322239428,0.5416582689478092,0.0,0.0
-1.897397543257202,-1.7107682767073131,0.5337192615413268,0.0,0.0
-1.897397543257202,-1.6485585211906835,0.5260539145895801,0.0,0.0
-1.897397543257202,-1.586348765674054,0.5186746776621283,0.0,0.0
-1.897397543257202,-1.5241390101574244,0.5115907995384402,0.0,0.0
-1.897397543257202,-1.461929254640795,0.5048088023103379,0.0,0.0
-1.897397543257202,-1.3997194991241653,0.49833291096806087,0.0,0.0
-1.897397543257202,-1.3375097436075358,0.49216543800925905,0.0,0.0
-1.897397543257202,-1.2752999880909062,0.48630712429248063,0.0,0.0
-1.897397543257202,-1.2130902325742767,0.4807574384772478,0.0,0.0
-1.897397543257202,-1.150880477057647,0.4755148380786159,0.0,0.0
-1.897397543257202,-1.0886707215410176,0.4705769955237449,0.0,0.0
-1.897397543257202,-1.0264609660243877,0.4659409927208143,0.0,0.0
-1.897397543257202,-0.9642512105077583,0.46160348760781705,0.0,0.0
-1.897397543257202,-0.9020414549911289,0.45756085599564156,0.0,0.0
-1.897397543257202,-0.8398316994744994,0.45380931179813006,0.0,0.0
-1.897397543257202,-0.7776219439578695,0.45034500848220427,0.0,0.0
-1.897397543257202,-0.7154121884412401,0.44716412429559493,0.0,0.0
-1.897397543257202,-0.6532024329246107,0.4442629335533451,0.0,0.0
-1.897397543257202,-0.5909926774079808,0.4416378659970268,0.0,0.0
-1.897397543257202,-0.5287829218913513,0.43928555598864677,0.0,0.0
-1.897397543257202,-0.4665731663747219,0.43720288306784266,0.0,0.0
-1.897397543257202,-0.40436341085809246,0.43538700518753204,0.0,0.0
-1.897397543257202,-0.3421536553414626,0.4338353857496348,0.0,0.0
-1.897397543257202,-0.27994389982483314,0.4325458153878888,0.0,0.0
-1.897397543257202,-0.2177341443082037,0.4315164292875694,0.0,0.0
-1.897397543257202,-0.15552438879157382,0.4307457206901841,0.0,0.0
-1.897397543257202,-0.09331463327494438,0.4302325511028335,0.0,0.0
-1.897397543257202,-0.03110487775831494,0.4299761576146899,0.0,0.0
-1.897397543257202,0.031104877758314498,0.4299761576146899,0.0,0.0
-1.897397543257202,0.09331463327494438,0.4302325511028335,0.0,0.0
-1.897397543257202,0.15552438879157382,0.4307457206901841,0.0,0.0
-1.897397543257202,0.21773414430820326,0.4315164292875694,0.0,0.0
-1.897397543257202,0.2799438998248327,0.4325458153878888,0.0,0.0
-1.897397543257202,0.3421536553414626,0.4338353857496348,0.0,0.0
-1.897397543257202,0.404363410858092,0.43538700518753204,0.0,0.0
-1.897397543257202,0.46657316637472146,0.43720288306784266,0.0,0.0
-1.897397543257202,0.5287829218913513,0.43928555598864677,0.0,0.0
-1.897397543257202,0.5909926774079808,0.4416378659970268,0.0,0.0
-1.897397543257202,0.6532024329246102,0.4442629335533451,0.0,0.0
-1.897397543257202,0.7154121884412397,0.4471641242955948,0.0,0.0
-1.897397543257202,0.7776219439578695,0.45034500848220427,0.0,0.0
-1.897397543257202,0.839831699474499,0.45380931179813006,0.0,0.0
-1.897397543257202,0.9020414549911289,0.45756085599564156,0.0,0.0
-1.897397543257202,0.9642512105077579,0.46160348760781705,0.0,0.0
-1.897397543257202,1.0264609660243877,0.4659409927208143,0.0,0.0
-1.897397543257202,1.0886707215410176,0.4705769955237449,0.0,0.0
-1.897397543257202,1.1508804770576466,0.47551483807861583,0.0,0.0
-1.897397543257202,1.2130902325742765,0.4807574384772478,0.0,0.0
-1.897397543257202,1.2752999880909055,0.4863071242924806,0.0,0.0
-1.897397543257202,1.3375097436075354,0.49216543800925905,0.0,0.0
-1.897397543257202,1.3997194991241653,0.49833291096806087,0.0,0.0
-1.897397543257202,1.4619292546407943,0.5048088023103378,0.0,0.0
-1.897397543257202,1.5241390101574241,0.5115907995384401,0.0,0.0
-1.897397543257202,1.586348765674054,0.5186746776621283,0.0,0.0
-1.897397543257202,1.648558521190683,0.5260539145895801,0.0,0.0
-1.897397543257202,1.710768276707313,0.5337192615413268,0.0,0.0
-1.897397543257202,1.7729780322239428,0.5416582689478092,0.0,0.0
-1.897397543257202,1.8351877877405718,0.5498547706767724,0.0,0.0
-1.897397543257202,1.8973975432572017,0.5582883326725689,0.0,0.0
-1.897397543257202,1.9596072987738316,0.5669336763123456,0.0,0.0
-1.897397543257202,2.0218170542904605,0.5757600920947515,0.0,0.0
-1.897397543257202,2.0840268098070904,0.5847308657029529,0.0,0.0
-1.897397543257202,2.1462365653237194,0.5938027459300106,0.0,0.0
-1.897397543257202,2.2084463208403493,0.6029254921409846,0.0,0.0
-1.897397543257202,2.270656076356979,0.6120415473392163,0.0,0.0
-1.897397543257202,2.332865831873608,0.6210858906537741,0.0,0.0
-1.897397543257202,2.395075587390238,0.6299861289629054,0.0,0.0
-1.897397543257202,2.457285342906868,0.6386628898585777,0.0,0.0
-1.897397543257202,2.519495098423497,0.647030575429586,0.0,0.0
-1.897397543257202,2.581704853940127,0.6549985265403784,0.0,0.0
-1.897397543257202,2.6439146094567567,0.6624726288546304,0.0,0.0
-1.897397543257202,2.7061243649733857,0.6693573640083282,0.0,0.0
-1.897397543257202,2.7683341204900156,0.6755582725824629,0.0,0.0
-1.897397543257202,2.8305438760066455,0.6809847521263938,0.0,0.0
-1.897397543257202,2.8927536315232745,0.6855530676970837,0.0,0.0
-1.897397543257202,2.9549633870399044,0.689189410268069,0.0,0.0
-1.897397543257202,3.0171731425565333,0.6918328070550481,0.0,0.0
-1.897397543257202,3.0793828980731632,0.6934376742300021,0.0,0.0
-1.8351877877405722,-3.141592653589793,0.677973958927233,0.0,0.0
-1.8351877877405722,-3.0793828980731637,0.6774721685157257,0.0,0.0
-1.8351877877405722,-3.017173142556534,0.6759753823872737,0.0,0.0
-1.8351877877405722,-2.9549633870399044,0.6735089784209174,0.0,0.0
-1.8351877877405722,-2.892753631523275,0.6701140270367976,0.0,0.0
-1.8351877877405722,-2.8305438760066455,0.6658455599947458,0.0,0.0
-1.8351877877405722,-2.7683341204900156,0.6607703473809106,0.0,0.0
-1.8351877877405722,-2.706124364973386,0.6549643513476836,0.0,0.0
-1.8351877877405722,-2.6439146094567567,0.6485100344662224,0.0,0.0
-1.8351877877405722,-2.581704853940127,0.6414936909355107,0.0,0.0
-1.8351877877405722,-2.5194950984234974,0.6340029442695037,0.0,0.0
-1.8351877877405722,-2.457285342906868,0.626124520904513,0.0,0.0
-1.8351877877405722,-2.395075587390238,0.6179423711875006,0.0,0.0
-1.8351877877405722,-2.3328658318736086,0.6095361724560335,0.0,0.0
-1.8351877877405722,-2.270656076356979,0.600980217081548,0.0,0.0
-1.8351877877405722,-2.2084463208403498,0.5923426635322291,0.0,0.0
-1.8351877877405722,-2.1462365653237203,0.5836851113946497,0.0,0.0
-1.8351877877405722,-2.0840268098070904,0.5750624514437495,0.0,0.0
-1.8351877877405722,-2.021817054290461,0.5665229381388316,0.0,0.0
-1.8351877877405722,-1.9596072987738313,0.5581084328972763,0.0,0.0
-1.8351877877405722,-1.897397543257202,0.5498547706767724,0.0,0.0
-1.8351877877405722,-1.8351877877405722,0.5417922084615728,0.0,0.0
-1.8351877877405722,-1.7729780322239428,0.5339459211373674,0.0,0.0
-1.8351877877405722,-1.7107682767073131,0.5263365171754789,0.0,0.0
-1.8351877877405722,-1.6485585211906835,0.5189805530161516,0.0,0.0
-1.8351877877405722,-1.586348765674054,0.5118910307471239,0.0,0.0
-1.8351877877405722,-1.5241390101574244,0.5050778684877661,0.0,0.0
-1.8351877877405722,-1.461929254640795,0.4985483367966414,0.0,0.0
-1.8351877877405722,-1.3997194991241653,0.4923074574803505,0.0,0.0
-1.8351877877405722,-1.3375097436075358,0.4863583634929956,0.0,0.0
-1.8351877877405722,-1.2752999880909062,0.4807026202941846,0.0,0.0
-1.8351877877405722,-1.2130902325742767,0.47534051019581347,0.0,0.0
-1.8351877877405722,-1.150880477057647,0.4702712819821527,0.0,0.0
-1.8351877877405722,-1.0886707215410176,0.4654933685290249,0.0,0.0
-1.8351877877405722,-1.0264609660243877,0.46100457535613387,0.0,0.0
-1.8351877877405722,-0.9642512105077583,0.45680224308707057,0.0,0.0
-1.8351877877405722,-0.9020414549911289,0.45288338671580974,0.0,0.0
-1.8351877877405722,-0.8398316994744994,0.44924481442644704,0.0,0.0
-1.8351877877405722,-0.7776219439578695,0.4458832285144667,0.0,0.0
-1.8351877877405722,-0.7154121884412401,0.44279531073492545,0.0,0.0
-1.8351877877405722,-0.6532024329246107,0.4399777941711915,0.0,0.0
-1.8351877877405722,-0.5909926774079808,0.4374275234879795,0.0,0.0
-1.8351877877405722,-0.5287829218913513,0.435141505211336,0.0,0.0
-1.8351877877405722,-0.4665731663747219,0.4331169494701477,0.0,0.0
-1.8351877877405722,-0.40436341085809246,0.4313513044408333,0.0,0.0
-1.8351877877405722,-0.3421536553414626,0.42984228455987095,0.0,0.0
-1.8351877877405722,-0.27994389982483314,0.4285878934074225,0.0,0.0
-1.8351877877405722,-0.2177341443082037,0.42758644201860607,0.0,0.0
-1.8351877877405722,-0.15552438879157382,0.42683656324552266,0.0,0.0
-1.8351877877405722,-0.09331463327494438,0.42633722267131685,0.0,0.0
-1.8351877877405722,-0.03110487775831494,0.42608772646548965,0.0,0.0
-1.8351877877405722,0.031104877758314498,0.42608772646548965,0.0,0.0
-1.8351877877405722,0.09331463327494438,0.42633722267131685,0.0,0.0
-1.8351877877405722,0.15552438879157382,0.42683656324552266,0.0,0.0
-1.8351877877405722,0.21773414430820326,0.42758644201860607,0.0,0.0
-1.8351877877405722,0.2799438998248327,0.4285878934074225,0.0,0.0
-1.8351877877405722,0.3421536553414626,0.42984228455987095,0.0,0.0
-1.8351877877405722,0.404363410858092,0.4313513044408333,0.0,0.0
-1.8351877877405722,0.46657316637472146,0.43311694947014767,0.0,0.0
-1.8351877877405722,0.5287829218913513,0.435141505211336,0.0,0.0
-1.8351877877405722,0.5909926774079808,0.4374275234879795,0.0,0.0
-1.8351877877405722,0.6532024329246102,0.4399777941711915,0.0,0.0
-1.8351877877405722,0.7154121884412397,0.44279531073492545,0.0,0.0
-1.8351877877405722,0.7776219439578695,0.4458832285144667,0.0,0.0
-1.8351877877405722,0.839831699474499,0.44924481442644704,0.0,0.0
-1.8351877877405722,0.9020414549911289,0.45288338671580974,0.0,0.0
-1.8351877877405722,0.9642512105077579,0.4568022430870705,0.0,0.0
-1.8351877877405722,1.0264609660243877,0.46100457535613387,0.0,0.0
-1.8351877877405722,1.0886707215410176,0.4654933685290249,0.0,0.0
-1.8351877877405722,1.1508804770576466,0.4702712819821527,0.0,0.0
-1.8351877877405722,1.2130902325742765,0.47534051019581347,0.0,0.0
-1.8351877877405722,1.2752999880909055,0.48070262029418453,0.0,0.0
-1.8351877877405722,1.3375097436075354,0.48635836349299555,0.0,0.0
-1.8351877877405722,1.3997194991241653,0.4923074574803505,0.0,0.0
-1.8351877877405722,1.4619292546407943,0.49854833679664134,0.0,0.0
-1.8351877877405722,1.5241390101574241,0.505077868487766,0.0,0.0
-1.8351877877405722,1.586348765674054,0.5118910307471239,0.0,0.0
-1.8351877877405722,1.648558521190683,0.5189805530161515,0.0,0.0
-1.8351877877405722,1.710768276707313,0.5263365171754789,0.0,0.0
-1.8351877877405722,1.7729780322239428,0.5339459211373674,0.0,0.0
-1.8351877877405722,1.8351877877405718,0.5417922084615728,0.0,0.0
-1.8351877877405722,1.8973975432572017,0.5498547706767724,0.0,0.0
-1.8351877877405722,1.9596072987738316,0.5581084328972763,0.0,0.0
-1.8351877877405722,2.0218170542904605,0.5665229381388316,0.0,0.0
-1.8351877877405722,2.0840268098070904,0.5750624514437495,0.0,0.0
-1.8351877877405722,2.1462365653237194,0.5836851113946496,0.0,0.0
-1.8351877877405722,2.2084463208403493,0.5923426635322291,0.0,0.0
-1.8351877877405722,2.270656076356979,0.600980217081548,0.0,0.0
-1.8351877877405722,2.332865831873608,0.6095361724560334,0.0,0.0
-1.8351877877405722,2.395075587390238,0.6179423711875006,0.0,0.0
-1.8351877877405722,2.457285342906868,0.626124520904513,0.0,0.0
-1.8351877877405722,2.519495098423497,0.6340029442695035,0.0,0.0
-1.8351877877405722,2.581704853940127,0.6414936909355107,0.0,0.0
-1.8351877877405722,2.6439146094567567,0.6485100344662224,0.0,0.0
-1.8351877877405722,2.7061243649733857,0.6549643513476835,0.0,0.0
-1.8351877877405722,2.7683341204900156,0.6607703473809106,0.0,0.0
-1.8351877877405722,2.8305438760066455,0.6658455599947458,0.0,0.0
-1.8351877877405722,2.8927536315232745,0.6701140270367976,0.0,0.0
-1.8351877877405722,2.9549633870399044,0.6735089784209174,0.0,0.0
-1.8351877877405722,3.0171731425565333,0.6759753823872736,0.0,0.0
-1.8351877877405722,3.0793828980731632,0.6774721685157257,0.0,0.0
-1.7729780322239428,-3.141592653589793,0.6627848862124682,0.0,0.0
-1.7729780322239428,-3.0793828980731637,0.6623160485776753,0.0,0.0
-1.7729780322239428,-3.017173142556534,0.6609172832904006,0.0,0.0
-1.7729780322239428,-2.9549633870399044,0.6586115052380614,0.0,0.0
-1.7729780322239428,-2.892753631523275,0.6554358395450025,0.0,0.0
-1.7729780322239428,-2.8305438760066455,0.6514401124673809,0.0,0.0
-1.7729780322239428,-2.7683341204900156,0.6466849073210409,0.0,0.0
-1.7729780322239428,-2.706124364973386,0.6412393280758711,0.0,0.0
-1.7729780322239428,-2.6439146094567567,0.6351786222802933,0.0,0.0
-1.7729780322239428,-2.581704853940127,0.6285818082938606,0.0,0.0
-1.7729780322239428,-2.5194950984234974,0.621529432387249,0.0,0.0
-1.7729780322239428,-2.457285342906868,0.6141015534258933,0.0,0.0
-1.7729780322239428,-2.395075587390238,0.6063760212485722,0.0,0.0
-1.7729780322239428,-2.3328658318736086,0.5984270836718862,0.0,0.0
-1.7729780322239428,-2.270656076356979,0.5903243294652903,0.0,0.0
-1.7729780322239428,-2.2084463208403498,0.5821319525856757,0.0,0.0
-1.7729780322239428,-2.1462365653237203,0.5739083071972595,0.0,0.0
-1.7729780322239428,-2.0840268098070904,0.5657057133546826,0.0,0.0
-1.7729780322239428,-2.021817054290461,0.5575704688898002,0.0,0.0
-1.7729780322239428,-1.9596072987738313,0.5495430228866012,0.0,0.0
-1.7729780322239428,-1.897397543257202,0.5416582689478092,0.0,0.0
-1.7729780322239428,-1.8351877877405722,0.5339459211373674,0.0,0.0
-1.7729780322239428,-1.7729780322239428,0.5264309410995045,0.0,0.0
-1.7729780322239428,-1.7107682767073131,0.5191339907046585,0.0,0.0
-1.7729780322239428,-1.6485585211906835,0.5120718901693005,0.0,0.0
-1.7729780322239428,-1.586348765674054,0.5052580666417152,0.0,0.0
-1.7729780322239428,-1.5241390101574244,0.49870298258725704,0.0,0.0
-1.7729780322239428,-1.461929254640795,0.4924145368995014,0.0,0.0
-1.7729780322239428,-1.3997194991241653,0.48639843453393217,0.0,0.0
-1.7729780322239428,-1.3375097436075358,0.48065852267646814,0.0,0.0
-1.7729780322239428,-1.2752999880909062,0.4751970931090818,0.0,0.0
-1.7729780322239428,-1.2130902325742767,0.4700151516137833,0.0,0.0
-1.7729780322239428,-1.150880477057647,0.46511265605562796,0.0,0.0
-1.7729780322239428,-1.0886707215410176,0.46048872528758006,0.0,0.0
-1.7729780322239428,-1.0264609660243877,0.4561418212960977,0.0,0.0
-1.7729780322239428,-0.9642512105077583,0.45206990711534295,0.0,0.0
-1.7729780322239428,-0.9020414549911289,0.4482705830277051,0.0,0.0
-1.7729780322239428,-0.8398316994744994,0.4447412034764655,0.0,0.0
-1.7729780322239428,-0.7776219439578695,0.4414789769717339,0.0,0.0
-1.7729780322239428,-0.7154121884412401,0.43848105109489316,0.0,0.0
-1.7729780322239428,-0.6532024329246107,0.4357445845154166,0.0,0.0
-1.7729780322239428,-0.5909926774079808,0.43326680773823817,0.0,0.0
-1.7729780322239428,-0.5287829218913513,0.4310450741073962,0.0,0.0
-1.7729780322239428,-0.4665731663747219,0.42907690240731405,0.0,0.0
-1.7729780322239428,-0.40436341085809246,0.42736001222964354,0.0,0.0
-1.7729780322239428,-0.3421536553414626,0.4258923531124588,0.0,0.0
-1.7729780322239428,-0.27994389982483314,0.424672128310039,0.0,0.0
-1.7729780322239428,-0.2177341443082037,0.42369781391510564,0.0,0.0
-1.7729780322239428,-0.15552438879157382,0.42296817393023584,0.0,0.0
-1.7729780322239428,-0.09331463327494438,0.42248227176999975,0.0,0.0
-1.7729780322239428,-0.03110487775831494,0.42223947856868677,0.0,0.0
-1.7729780322239428,0.031104877758314498,0.42223947856868677,0.0,0.0
-1.7729780322239428,0.09331463327494438,0.42248227176999975,0.0,0.0
-1.7729780322239428,0.15552438879157382,0.42296817393023584,0.0,0.0
-1.7729780322239428,0.21773414430820326,0.4236978139151056,0.0,0.0
-1.7729780322239428,0.2799438998248327,0.424672128310039,0.0,0.0
-1.7729780322239428,0.3421536553414626,0.4258923531124588,0.0,0.0
-1.7729780322239428,0.404363410858092,0.42736001222964354,0.0,0.0
-1.7729780322239428,0.46657316637472146,0.429076902407314,0.0,0.0
-1.7729780322239428,0.5287829218913513,0.4310450741073962,0.0,0.0
-1.7729780322239428,0.5909926774079808,0.43326680773823817,0.0,0.0
-1.7729780322239428,0.6532024329246102,0.4357445845154166,0.0,0.0
-1.7729780322239428,0.7154121884412397,0.4384810510948931,0.0,0.0
-1.7729780322239428,0.7776219439578695,0.4414789769717339,0.0,0.0
-1.7729780322239428,0.839831699474499,0.4447412034764654,0.0,0.0
-1.7729780322239428,0.9020414549911289,0.4482705830277051,0.0,0.0
-1.7729780322239428,0.9642512105077579,0.45206990711534284,0.0,0.0
-1.7729780322239428,1.0264609660243877,0.4561418212960977,0.0,0.0
-1.7729780322239428,1.0886707215410176,0.46048872528758006,0.0,0.0
-1.7729780322239428,1.1508804770576466,0.46511265605562796,0.0,0.0
-1.7729780322239428,1.2130902325742765,0.4700151516137833,0.0,0.0
-1.7729780322239428,1.2752999880909055,0.47519709310908176,0.0,0.0
-1.7729780322239428,1.3375097436075354,0.48065852267646814,0.0,0.0
-1.7729780322239428,1.3997194991241653,0.48639843453393217,0.0,0.0
-1.7729780322239428,1.4619292546407943,0.4924145368995014,0.0,0.0
-1.7729780322239428,1.5241390101574241,0.49870298258725704,0.0,0.0
-1.7729780322239428,1.586348765674054,0.5052580666417152,0.0,0.0
-1.7729780322239428,1.648558521190683,0.5120718901693005,0.0,0.0
-1.7729780322239428,1.710768276707313,0.5191339907046585,0.0,0.0
-1.7729780322239428,1.7729780322239428,0.5264309410995045,0.0,0.0
-1.7729780322239428,1.8351877877405718,0.5339459211373673,0.0,0.0
-1.7729780322239428,1.8973975432572017,0.5416582689478091,0.0,0.0
-1.7729780322239428,1.9596072987738316,0.5495430228866012,0.0,0.0
-1.7729780322239428,2.0218170542904605,0.5575704688898001,0.0,0.0
-1.7729780322239428,2.0840268098070904,0.5657057133546826,0.0,0.0
-1.7729780322239428,2.1462365653237194,0.5739083071972593,0.0,0.0
-1.7729780322239428,2.2084463208403493,0.5821319525856757,0.0,0.0
-1.7729780322239428,2.270656076356979,0.5903243294652903,0.0,0.0
-1.7729780322239428,2.332865831873608,0.598427083671886,0.0,0.0
-1.7729780322239428,2.395075587390238,0.6063760212485722,0.0,0.0
-1.7729780322239428,2.457285342906868,0.6141015534258933,0.0,0.0
-1.7729780322239428,2.519495098423497,0.621529432387249,0.0,0.0
-1.7729780322239428,2.581704853940127,0.6285818082938606,0.0,0.0
-1.7729780322239428,2.6439146094567567,0.6351786222802933,0.0,0.0
-1.7729780322239428,2.7061243649733857,0.6412393280758711,0.0,0.0
-1.7729780322239428,2.7683341204900156,0.6466849073210409,0.0,0.0
-1.7729780322239428,2.8305438760066455,0.6514401124673809,0.0,0.0
-1.7729780322239428,2.8927536315232745,0.6554358395450025,0.0,0.0
-1.7729780322239428,2.9549633870399044,0.6586115052380614,0.0,0.0
-1.7729780322239428,3.0171731425565333,0.6609172832904006,0.0,0.0
-1.7729780322239428,3.0793828980731632,0.6623160485776753,0.0,0.0
-1.7107682767073131,-3.141592653589793,0.6483964258820081,0.0,0.0
-1.7107682767073131,-3.0793828980731637,0.6479574442991229,0.0,0.0
-1.7107682767073131,-3.017173142556534,0.6466475162810114,0.0,0.0
-1.7107682767073131,-2.9549633870399044,0.6444874056404426,0.0,0.0
-1.7107682767073131,-2.892753631523275,0.6415107867596149,0.0,0.0
-1.7107682767073131,-2.8305438760066455,0.6377629229068937,0.0,0.0
-1.7107682767073131,-2.7683341204900156,0.6332989585110661,0.0,0.0
-1.7107682767073131,-2.706124364973386,0.6281819467472473,0.0,0.0
-1.7107682767073131,-2.6439146094567567,0.6224807423952894,0.0,0.0
-1.7107682767073131,-2.581704853940127,0.6162678854076439,0.0,0.0
-1.7107682767073131,-2.5194950984234974,0.6096175852606012,0.0,0.0
-1.7107682767073131,-2.457285342906868,0.6026038933859084,0.0,0.0
-1.7107682767073131,-2.395075587390238,0.5952991245832391,0.0,0.0
-1.7107682767073131,-2.3328658318736086,0.5877725617884187,0.0,0.0
-1.7107682767073131,-2.270656076356979,0.5800894546444759,0.0,0.0
-1.7107682767073131,-2.2084463208403498,0.5723103027467749,0.0,0.0
-1.7107682767073131,-2.1462365653237203,0.5644904000041978,0.0,0.0
-1.7107682767073131,-2.0840268098070904,0.5566796072747638,0.0,0.0
-1.7107682767073131,-2.021817054290461,0.5489223157375721,0.0,0.0
-1.7107682767073131,-1.9596072987738313,0.5412575624810968,0.0,0.0
-1.7107682767073131,-1.897397543257202,0.5337192615413268,0.0,0.0
-1.7107682767073131,-1.8351877877405722,0.5263365171754789,0.0,0.0
-1.7107682767073131,-1.7729780322239428,0.5191339907046585,0.0,0.0
-1.7107682767073131,-1.7107682767073131,0.5121322971718781,0.0,0.0
-1.7107682767073131,-1.6485585211906835,0.5053484128877002,0.0,0.0
-1.7107682767073131,-1.586348765674054,0.4987960793805693,0.0,0.0
-1.7107682767073131,-1.5241390101574244,0.49248619316833725,0.0,0.0
-1.7107682767073131,-1.461929254640795,0.48642717405439745,0.0,0.0
-1.7107682767073131,-1.3997194991241653,0.4806253073266573,0.0,0.0
-1.7107682767073131,-1.3375097436075358,0.47508505734325457,0.0,0.0
-1.7107682767073131,-1.2752999880909062,0.4698093515918051,0.0,0.0
-1.7107682767073131,-1.2130902325742767,0.46479983548495474,0.0,0.0
-1.7107682767073131,-1.150880477057647,0.4600570989803118,0.0,0.0
-1.7107682767073131,-1.0886707215410176,0.4555808766583681,0.0,0.0
-1.7107682767073131,-1.0264609660243877,0.451370223220446,0.0,0.0
-1.7107682767073131,-0.9642512105077583,0.4474236665332453,0.0,0.0
-1.7107682767073131,-0.9020414549911289,0.4437393403910607,0.0,0.0
-1.7107682767073131,-0.8398316994744994,0.4403150991263122,0.0,0.0
-1.7107682767073131,-0.7776219439578695,0.4371486161011528,0.0,0.0
-1.7107682767073131,-0.7154121884412401,0.4342374679785891,0.0,0.0
-1.7107682767073131,-0.6532024329246107,0.43157920651639176,0.0,0.0
-1.7107682767073131,-0.5909926774079808,0.42917141946244347,0.0,0.0
-1.7107682767073131,-0.5287829218913513,0.42701178196401635,0.0,0.0
-1.7107682767073131,-0.4665731663747219,0.4250980997411525,0.0,0.0
-1.7107682767073131,-0.40436341085809246,0.4234283451191738,0.0,0.0
-1.7107682767073131,-0.3421536553414626,0.4220006868692854,0.0,0.0
-1.7107682767073131,-0.27994389982483314,0.42081351467002187,0.0,0.0
-1.7107682767073131,-0.2177341443082037,0.41986545887597393,0.0,0.0
-1.7107682767073131,-0.15552438879157382,0.41915540616326113,0.0,0.0
-1.7107682767073131,-0.09331463327494438,0.41868251151270713,0.0,0.0
-1.7107682767073131,-0.03110487775831494,0.4184462068904467,0.0,0.0
-1.7107682767073131,0.031104877758314498,0.4184462068904467,0.0,0.0
-1.7107682767073131,0.09331463327494438,0.41868251151270713,0.0,0.0
-1.7107682767073131,0.15552438879157382,0.41915540616326113,0.0,0.0
-1.7107682767073131,0.21773414430820326,0.41986545887597393,0.0,0.0
-1.7107682767073131,0.2799438998248327,0.42081351467002187,0.0,0.0
-1.7107682767073131,0.3421536553414626,0.4220006868692854,0.0,0.0
-1.7107682767073131,0.404363410858092,0.4234283451191739,0.0,0.0
-1.7107682767073131,0.46657316637472146,0.4250980997411524,0.0,0.0
-1.7107682767073131,0.5287829218913513,0.42701178196401635,0.0,0.0
-1.7107682767073131,0.5909926774079808,0.42917141946244347,0.0,0.0
-1.7107682767073131,0.6532024329246102,0.43157920651639176,0.0,0.0
-1.7107682767073131,0.7154121884412397,0.434237467978589,0.0,0.0
-1.7107682767073131,0.7776219439578695,0.4371486161011528,0.0,0.0
-1.7107682767073131,0.839831699474499,0.4403150991263122,0.0,0.0
-1.7107682767073131,0.9020414549911289,0.4437393403910607,0.0,0.0
-1.7107682767073131,0.9642512105077579,0.4474236665332452,0.0,0.0
-1.7107682767073131,1.0264609660243877,0.451370223220446,0.0,0.0
-1.7107682767073131,1.0886707215410176,0.4555808766583681,0.0,0.0
-1.7107682767073131,1.1508804770576466,0.46005709898031166,0.0,0.0
-1.7107682767073131,1.2130902325742765,0.46479983548495474,0.0,0.0
-1.7107682767073131,1.2752999880909055,0.46980935159180504,0.0,0.0
-1.7107682767073131,1.3375097436075354,0.47508505734325457,0.0,0.0
-1.7107682767073131,1.3997194991241653,0.4806253073266573,0.0,0.0
-1.7107682767073131,1.4619292546407943,0.48642717405439745,0.0,0.0
-1.7107682767073131,1.5241390101574241,0.49248619316833725,0.0,0.0
-1.7107682767073131,1.586348765674054,0.4987960793805693,0.0,0.0
-1.7107682767073131,1.648558521190683,0.5053484128877002,0.0,0.0
-1.7107682767073131,1.710768276707313,0.5121322971718781,0.0,0.0
-1.7107682767073131,1.7729780322239428,0.5191339907046585,0.0,0.0
-1.7107682767073131,1.8351877877405718,0.5263365171754789,0.0,0.0
-1.7107682767073131,1.8973975432572017,0.5337192615413267,0.0,0.0
-1.7107682767073131,1.9596072987738316,0.5412575624810969,0.0,0.0
-1.7107682767073131,2.0218170542904605,0.5489223157375721,0.0,0.0
-1.7107682767073131,2.0840268098070904,0.5566796072747638,0.0,0.0
-1.7107682767073131,2.1462365653237194,0.5644904000041976,0.0,0.0
-1.7107682767073131,2.2084463208403493,0.5723103027467747,0.0,0.0
-1.7107682767073131,2.270656076356979,0.5800894546444759,0.0,0.0
-1.7107682767073131,2.332865831873608,0.5877725617884187,0.0,0.0
-1.7107682767073131,2.395075587390238,0.5952991245832391,0.0,0.0
-1.7107682767073131,2.457285342906868,0.6026038933859084,0.0,0.0
-1.7107682767073131,2.519495098423497,0.6096175852606011,0.0,0.0
-1.7107682767073131,2.581704853940127,0.6162678854076439,0.0,0.0
-1.7107682767073131,2.6439146094567567,0.6224807423952894,0.0,0.0
-1.7107682767073131,2.7061243649733857,0.6281819467472473,0.0,0.0
-1.7107682767073131,2.7683341204900156,0.6332989585110661,0.0,0.0
-1.7107682767073131,2.8305438760066455,0.6377629229068937,0.0,0.0
-1.7107682767073131,2.8927536315232745,0.6415107867596149,0.0,0.0
-1.7107682767073131,2.9549633870399044,0.6444874056404426,0.0,0.0
-1.7107682767073131,3.0171731425565333,0.6466475162810114,0.0,0.0
-1.7107682767073131,3.0793828980731632,0.6479574442991229,0.0,0.0
-1.6485585211906835,-3.141592653589793,0.6347910308539827,0.0,0.0
-1.6485585211906835,-3.0793828980731637,0.6343790897580368,0.0,0.0
-1.6485585211906835,-3.017173142556534,0.6331496446496494,0.0,0.0
-1.6485585211906835,-2.9549633870399044,0.6311215787282084,0.0,0.0
-1.6485585211906835,-2.892753631523275,0.6283255453765261,0.0,0.0
-1.6485585211906835,-2.8305438760066455,0.6248028049854638,0.0,0.0
-1.6485585211906835,-2.7683341204900156,0.6206037178640004,0.0,0.0
-1.6485585211906835,-2.706124364973386,0.6157859970767648,0.0,0.0
-1.6485585211906835,-2.6439146094567567,0.610412833150927,0.0,0.0
-1.6485585211906835,-2.581704853940127,0.6045509996611551,0.0,0.0
-1.6485585211906835,-2.5194950984234974,0.598269036505106,0.0,0.0
-1.6485585211906835,-2.457285342906868,0.5916355889620607,0.0,0.0
-1.6485585211906835,-2.395075587390238,0.5847179584874791,0.0,0.0
-1.6485585211906835,-2.3328658318736086,0.5775808985564541,0.0,0.0
-1.6485585211906835,-2.270656076356979,0.5702856680754785,0.0,0.0
-1.6485585211906835,-2.2084463208403498,0.5628893375116384,0.0,0.0
-1.6485585211906835,-2.1462365653237203,0.5554443297328975,0.0,0.0
-1.6485585211906835,-2.0840268098070904,0.5479981687311949,0.0,0.0
-1.6485585211906835,-2.021817054290461,0.5405934045383679,0.0,0.0
-1.6485585211906835,-1.9596072987738313,0.5332676810738424,0.0,0.0
-1.6485585211906835,-1.897397543257202,0.5260539145895801,0.0,0.0
-1.6485585211906835,-1.8351877877405722,0.5189805530161516,0.0,0.0
-1.6485585211906835,-1.7729780322239428,0.5120718901693005,0.0,0.0
-1.6485585211906835,-1.7107682767073131,0.5053484128877002,0.0,0.0
-1.6485585211906835,-1.6485585211906835,0.4988271633226549,0.0,0.0
-1.6485585211906835,-1.586348765674054,0.4925221025063213,0.0,0.0
-1.6485585211906835,-1.5241390101574244,0.48644446481668435,0.0,0.0
-1.6485585211906835,-1.461929254640795,0.4806030959528651,0.0,0.0
-1.6485585211906835,-1.3997194991241653,0.4750047695143968,0.0,0.0
-1.6485585211906835,-1.3375097436075358,0.4696544792657664,0.0,0.0
-1.6485585211906835,-1.2752999880909062,0.46455570571042487,0.0,0.0
-1.6485585211906835,-1.2130902325742767,0.45971065675635053,0.0,0.0
-1.6485585211906835,-1.150880477057647,0.45512048309108366,0.0,0.0
-1.6485585211906835,-1.0886707215410176,0.4507854694584723,0.0,0.0
-1.6485585211906835,-1.0264609660243877,0.446705203397059,0.0,0.0
-1.6485585211906835,-0.9642512105077583,0.4428787232086811,0.0,0.0
-1.6485585211906835,-0.9020414549911289,0.4393046470154164,0.0,0.0
-1.6485585211906835,-0.8398316994744994,0.43598128476606157,0.0,0.0
-1.6485585211906835,-0.7776219439578695,0.43290673499583016,0.0,0.0
-1.6485585211906835,-0.7154121884412401,0.43007896804506474,0.0,0.0
-1.6485585211906835,-0.6532024329246107,0.4274958973197988,0.0,0.0
-1.6485585211906835,-0.5909926774079808,0.425155440040343,0.0,0.0
-1.6485585211906835,-0.5287829218913513,0.4230555687818773,0.0,0.0
-1.6485585211906835,-0.4665731663747219,0.4211943549690081,0.0,0.0
-1.6485585211906835,-0.40436341085809246,0.4195700053481378,0.0,0.0
-1.6485585211906835,-0.3421536553414626,0.4181808923296094,0.0,0.0
-1.6485585211906835,-0.27994389982483314,0.41702557896711534,0.0,0.0
-1.6485585211906835,-0.2177341443082037,0.41610283922521596,0.0,0.0
-1.6485585211906835,-0.15552438879157382,0.4154116740768099,0.0,0.0
-1.6485585211906835,-0.09331463327494438,0.4149513238704516,0.0,0.0
-1.6485585211906835,-0.03110487775831494,0.41472127731165165,0.0,0.0
-1.6485585211906835,0.031104877758314498,0.41472127731165165,0.0,0.0
-1.6485585211906835,0.09331463327494438,0.4149513238704516,0.0,0.0
-1.6485585211906835,0.15552438879157382,0.4154116740768099,0.0,0.0
-1.6485585211906835,0.21773414430820326,0.416102839225216,0.0,0.0
-1.6485585211906835,0.2799438998248327,0.41702557896711534,0.0,0.0
-1.6485585211906835,0.3421536553414626,0.4181808923296094,0.0,0.0
-1.6485585211906835,0.404363410858092,0.4195700053481378,0.0,0.0
-1.6485585211906835,0.46657316637472146,0.42119435496900803,0.0,0.0
-1.6485585211906835,0.5287829218913513,0.4230555687818773,0.0,0.0
-1.6485585211906835,0.5909926774079808,0.425155440040343,0.0,0.0
-1.6485585211906835,0.6532024329246102,0.4274958973197988,0.0,0.0
-1.6485585211906835,0.7154121884412397,0.4300789680450646,0.0,0.0
-1.6485585211906835,0.7776219439578695,0.43290673499583016,0.0,0.0
-1.6485585211906835,0.839831699474499,0.43598128476606157,0.0,0.0
-1.6485585211906835,0.9020414549911289,0.4393046470154164,0.0,0.0
-1.6485585211906835,0.9642512105077579,0.4428787232086811,0.0,0.0
-1.6485585211906835,1.0264609660243877,0.446705203397059,0.0,0.0
-1.6485585211906835,1.0886707215410176,0.4507854694584723,0.0,0.0
-1.6485585211906835,1.1508804770576466,0.45512048309108366,0.0,0.0
-1.6485585211906835,1.2130902325742765,0.45971065675635053,0.0,0.0
-1.6485585211906835,1.2752999880909055,0.46455570571042476,0.0,0.0
-1.6485585211906835,1.3375097436075354,0.4696544792657664,0.0,0.0
-1.6485585211906835,1.3997194991241653,0.4750047695143968,0.0,0.0
-1.6485585211906835,1.4619292546407943,0.4806030959528651,0.0,0.0
-1.6485585211906835,1.5241390101574241,0.48644446481668435,0.0,0.0
-1.6485585211906835,1.586348765674054,0.4925221025063213,0.0,0.0
-1.6485585211906835,1.648558521190683,0.4988271633226548,0.0,0.0
-1.6485585211906835,1.710768276707313,0.5053484128877002,0.0,0.0
-1.6485585211906835,1.7729780322239428,0.5120718901693005,0.0,0.0
-1.6485585211906835,1.8351877877405718,0.5189805530161515,0.0,0.0
-1.6485585211906835,1.8973975432572017,0.5260539145895801,0.0,0.0
-1.6485585211906835,1.9596072987738316,0.5332676810738424,0.0,0.0
-1.6485585211906835,2.0218170542904605,0.5405934045383678,0.0,0.0
-1.6485585211906835,2.0840268098070904,0.5479981687311949,0.0,0.0
-1.6485585211906835,2.1462365653237194,0.5554443297328975,0.0,0.0
-1.6485585211906835,2.2084463208403493,0.5628893375116384,0.0,0.0
-1.6485585211906835,2.270656076356979,0.5702856680754785,0.0,0.0
-1.6485585211906835,2.332865831873608,0.5775808985564541,0.0,0.0
-1.6485585211906835,2.395075587390238,0.5847179584874791,0.0,0.0
-1.6485585211906835,2.457285342906868,0.5916355889620607,0.0,0.0
-1.6485585211906835,2.519495098423497,0.598269036505106,0.0,0.0
-1.6485585211906835,2.581704853940127,0.6045509996611551,0.0,0.0
-1.6485585211906835,2.6439146094567567,0.610412833150927,0.0,0.0
-1.6485585211906835,2.7061243649733857,0.6157859970767648,0.0,0.0
-1.6485585211906835,2.7683341204900156,0.6206037178640004,0.0,0.0
-1.6485585211906835,2.8305438760066455,0.6248028049854638,0.0,0.0
-1.6485585211906835,2.8927536315232745,0.6283255453765261,0.0,0.0
-1.6485585211906835,2.9549633870399044,0.6311215787282084,0.0,0.0
-1.6485585211906835,3.0171731425565333,0.6331496446496494,0.0,0.0
-1.6485585211906835,3.0793828980731632,0.6343790897580368,0.0,0.0
-1.586348765674054,-3.141592653589793,0.6219473857546142,0.0,0.0
-1.586348765674054,-3.0793828980731637,0.6215599313119703,0.0,0.0
-1.586348765674054,-3.017173142556534,0.6204033875386687,0.0,0.0
-1.586348765674054,-2.9549633870399044,0.6184949913659794,0.0,0.0
-1.586348765674054,-2.892753631523275,0.6158627482725552,0.0,0.0
-1.586348765674054,-2.8305438760066455,0.612544403496846,0.0,0.0
-1.586348765674054,-2.7683341204900156,0.6085861056441134,0.0,0.0
-1.586348765674054,-2.706124364973386,0.6040408520712393,0.0,0.0
-1.586348765674054,-2.6439146094567567,0.5989668129924607,0.0,0.0
-1.586348765674054,-2.581704853940127,0.5934256294828049,0.0,0.0
-1.586348765674054,-2.5194950984234974,0.5874807708384203,0.0,0.0
-1.586348765674054,-2.457285342906868,0.5811960212894425,0.0,0.0
-1.586348765674054,-2.395075587390238,0.574634147404503,0.0,0.0
-1.586348765674054,-2.3328658318736086,0.5678557781291607,0.0,0.0
-1.586348765674054,-2.270656076356979,0.5609185112847332,0.0,0.0
-1.586348765674054,-2.2084463208403498,0.5538762449302161,0.0,0.0
-1.586348765674054,-2.1462365653237203,0.5467787200246451,0.0,0.0
-1.586348765674054,-2.0840268098070904,0.5396712525174547,0.0,0.0
-1.586348765674054,-2.021817054290461,0.5325946281051913,0.0,0.0
-1.586348765674054,-1.9596072987738313,0.5255851309144383,0.0,0.0
-1.586348765674054,-1.897397543257202,0.5186746776621283,0.0,0.0
-1.586348765674054,-1.8351877877405722,0.5118910307471239,0.0,0.0
-1.586348765674054,-1.7729780322239428,0.5052580666417152,0.0,0.0
-1.586348765674054,-1.7107682767073131,0.4987960793805693,0.0,0.0
-1.586348765674054,-1.6485585211906835,0.4925221025063213,0.0,0.0
-1.586348765674054,-1.586348765674054,0.4864502362568691,0.0,0.0
-1.586348765674054,-1.5241390101574244,0.48059196989915587,0.0,0.0
-1.586348765674054,-1.461929254640795,0.47495649183603544,0.0,0.0
-1.586348765674054,-1.3997194991241653,0.4695509824034233,0.0,0.0
-1.586348765674054,-1.3375097436075358,0.4643808861413602,0.0,0.0
-1.586348765674054,-1.2752999880909062,0.4594501617971594,0.0,0.0
-1.586348765674054,-1.2130902325742767,0.45476150944750493,0.0,0.0
-1.586348765674054,-1.150880477057647,0.4503165749606746,0.0,0.0
-1.586348765674054,-1.0886707215410176,0.44611613261131106,0.0,0.0
-1.586348765674054,-1.0264609660243877,0.44216024705608,0.0,0.0
-1.586348765674054,-0.9642512105077583,0.43844841612149965,0.0,0.0
-1.586348765674054,-0.9020414549911289,0.4349796959813828,0.0,0.0
-1.586348765674054,-0.8398316994744994,0.43175281034075447,0.0,0.0
-1.586348765674054,-0.7776219439578695,0.42876624522010987,0.0,0.0
-1.586348765674054,-0.7154121884412401,0.42601833086767343,0.0,0.0
-1.586348765674054,-0.6532024329246107,0.42350731223277444,0.0,0.0
-1.586348765674054,-0.5909926774079808,0.42123140932178793,0.0,0.0
-1.586348765674054,-0.5287829218913513,0.4191888686375714,0.0,0.0
-1.586348765674054,-0.4665731663747219,0.4173780067798538,0.0,0.0
-1.586348765674054,-0.40436341085809246,0.4157972471616616,0.0,0.0
-1.586348765674054,-0.3421536553414626,0.41444515067820903,0.0,0.0
-1.586348765674054,-0.27994389982483314,0.4133204410512773,0.0,0.0
-1.586348765674054,-0.2177341443082037,0.41242202546468126,0.0,0.0
-1.586348765674054,-0.15552438879157382,0.4117490110050839,0.0,0.0
-1.586348765674054,-0.09331463327494438,0.4113007173268842,0.0,0.0
-1.586348765674054,-0.03110487775831494,0.41107668586952384,0.0,0.0
-1.586348765674054,0.031104877758314498,0.41107668586952384,0.0,0.0
-1.586348765674054,0.09331463327494438,0.4113007173268842,0.0,0.0
-1.586348765674054,0.15552438879157382,0.4117490110050839,0.0,0.0
-1.586348765674054,0.21773414430820326,0.41242202546468126,0.0,0.0
-1.586348765674054,0.2799438998248327,0.4133204410512773,0.0,0.0
-1.586348765674054,0.3421536553414626,0.41444515067820903,0.0,0.0
-1.586348765674054,0.404363410858092,0.4157972471616617,0.0,0.0
-1.586348765674054,0.46657316637472146,0.4173780067798538,0.0,0.0
-1.586348765674054,0.5287829218913513,0.4191888686375714,0.0,0.0
-1.586348765674054,0.5909926774079808,0.42123140932178793,0.0,0.0
-1.586348765674054,0.6532024329246102,0.42350731223277444,0.0,0.0
-1.586348765674054,0.7154121884412397,0.4260183308676733,0.0,0.0
-1.586348765674054,0.7776219439578695,0.42876624522010987,0.0,0.0
-1.586348765674054,0.839831699474499,0.4317528103407544,0.0,0.0
-1.586348765674054,0.9020414549911289,0.4349796959813828,0.0,0.0
-1.586348765674054,0.9642512105077579,0.4384484161214996,0.0,0.0
-1.586348765674054,1.0264609660243877,0.44216024705608,0.0,0.0
-1.586348765674054,1.0886707215410176,0.44611613261131106,0.0,0.0
-1.586348765674054,1.1508804770576466,0.4503165749606746,0.0,0.0
-1.586348765674054,1.2130902325742765,0.45476150944750493,0.0,0.0
-1.586348765674054,1.2752999880909055,0.4594501617971594,0.0,0.0
-1.586348765674054,1.3375097436075354,0.4643808861413601,0.0,0.0
-1.586348765674054,1.3997194991241653,0.4695509824034233,0.0,0.0
-1.586348765674054,1.4619292546407943,0.4749564918360354,0.0,0.0
-1.586348765674054,1.5241390101574241,0.48059196989915576,0.0,0.0
-1.586348765674054,1.586348765674054,0.4864502362568691,0.0,0.0
-1.586348765674054,1.648558521190683,0.4925221025063213,0.0,0.0
-1.586348765674054,1.710768276707313,0.4987960793805693,0.0,0.0
-1.586348765674054,1.7729780322239428,0.5052580666417152,0.0,0.0
-1.586348765674054,1.8351877877405718,0.5118910307471238,0.0,0.0
-1.586348765674054,1.8973975432572017,0.5186746776621283,0.0,0.0
-1.586348765674054,1.9596072987738316,0.5255851309144383,0.0,0.0
-1.586348765674054,2.0218170542904605,0.5325946281051912,0.0,0.0
-1.586348765674054,2.0840268098070904,0.5396712525174547,0.0,0.0
-1.586348765674054,2.1462365653237194,0.546778720024645,0.0,0.0
-1.586348765674054,2.2084463208403493,0.553876244930216,0.0,0.0
-1.586348765674054,2.270656076356979,0.5609185112847332,0.0,0.0
-1.586348765674054,2.332865831873608,0.5678557781291605,0.0,0.0
-1.586348765674054,2.395075587390238,0.574634147404503,0.0,0.0
-1.586348765674054,2.457285342906868,0.5811960212894425,0.0,0.0
-1.586348765674054,2.519495098423497,0.5874807708384202,0.0,0.0
-1.586348765674054,2.581704853940127,0.5934256294828049,0.0,0.0
-1.586348765674054,2.6439146094567567,0.5989668129924607,0.0,0.0
-1.586348765674054,2.7061243649733857,0.6040408520712393,0.0,0.0
-1.586348765674054,2.7683341204900156,0.6085861056441134,0.0,0.0
-1.586348765674054,2.8305438760066455,0.612544403496846,0.0,0.0
-1.586348765674054,2.8927536315232745,0.6158627482725552,0.0,0.0
-1.586348765674054,2.9549633870399044,0.6184949913659794,0.0,0.0
-1.586348765674054,3.0171731425565333,0.6204033875386687,0.0,0.0
-1.586348765674054,3.0793828980731632,0.6215599313119703,0.0,0.0
-1.5241390101574244,-3.141592653589793,0.6098416873870469,0.0,0.0
-1.5241390101574244,-3.0793828980731637,0.6094764067329687,0.0,0.0
-1.5241390101574244,-3.017173142556534,0.6083858948916113,0.0,0.0
-1.5241390101574244,-2.9549633870399044,0.6065859455819291,0.0,0.0
-1.5241390101574244,-2.892753631523275,0.6041022402525286,0.0,0.0
-1.5241390101574244,-2.8305438760066455,0.6009694335382942,0.0,0.0
-1.5241390101574244,-2.7683341204900156,0.5972299624454238,0.0,0.0
-1.5241390101574244,-2.706124364973386,0.5929326566680554,0.0,0.0
-1.5241390101574244,-2.6439146094567567,0.5881312344588444,0.0,0.0
-1.5241390101574244,-2.581704853940127,0.5828827675621009,0.0,0.0
-1.5241390101574244,-2.5194950984234974,0.5772461909460999,0.0,0.0
-1.5241390101574244,-2.457285342906868,0.5712809202283738,0.0,0.0
-1.5241390101574244,-2.395075587390238,0.5650456238869974,0.0,0.0
-1.5241390101574244,-2.3328658318736086,0.5585971806618261,0.0,0.0
-1.5241390101574244,-2.270656076356979,0.5519898367177607,0.0,0.0
-1.5241390101574244,-2.2084463208403498,0.5452745634264995,0.0,0.0
-1.5241390101574244,-2.1462365653237203,0.5384986057524399,0.0,0.0
-1.5241390101574244,-2.0840268098070904,0.5317052034483345,0.0,0.0
-1.5241390101574244,-2.021817054290461,0.5249334624446752,0.0,0.0
-1.5241390101574244,-1.9596072987738313,0.5182183515688147,0.0,0.0
-1.5241390101574244,-1.897397543257202,0.5115907995384402,0.0,0.0
-1.5241390101574244,-1.8351877877405722,0.5050778684877661,0.0,0.0
-1.5241390101574244,-1.7729780322239428,0.49870298258725704,0.0,0.0
-1.5241390101574244,-1.7107682767073131,0.49248619316833725,0.0,0.0
-1.5241390101574244,-1.6485585211906835,0.48644446481668435,0.0,0.0
-1.5241390101574244,-1.586348765674054,0.48059196989915587,0.0,0.0
-1.5241390101574244,-1.5241390101574244,0.47494038177294673,0.0,0.0
-1.5241390101574244,-1.461929254640795,0.469499159393974,0.0,0.0
-1.5241390101574244,-1.3997194991241653,0.4642758181511575,0.0,0.0
-1.5241390101574244,-1.3375097436075358,0.45927618349890065,0.0,0.0
-1.5241390101574244,-1.2752999880909062,0.45450462536148234,0.0,0.0
-1.5241390101574244,-1.2130902325742767,0.449964272374812,0.0,0.0
-1.5241390101574244,-1.150880477057647,0.4456572058546067,0.0,0.0
-1.5241390101574244,-1.0886707215410176,0.4415846339787221,0.0,0.0
-1.5241390101574244,-1.0264609660243877,0.4377470470864174,0.0,0.0
-1.5241390101574244,-0.9642512105077583,0.4341443552662554,0.0,0.0
-1.5241390101574244,-0.9020414549911289,0.43077600955976475,0.0,0.0
-1.5241390101574244,-0.8398316994744994,0.4276411081774971,0.0,0.0
-1.5241390101574244,-0.7776219439578695,0.42473848913033657,0.0,0.0
-1.5241390101574244,-0.7154121884412401,0.42206681064006707,0.0,0.0
-1.5241390101574244,-0.6532024329246107,0.41962462062355216,0.0,0.0
-1.5241390101574244,-0.5909926774079808,0.4174104164554092,0.0,0.0
-1.5241390101574244,-0.5287829218913513,0.4154226961130079,0.0,0.0
-1.5241390101574244,-0.4665731663747219,0.4136600017009955,0.0,0.0
-1.5241390101574244,-0.40436341085809246,0.4121209562446118,0.0,0.0
-1.5241390101574244,-0.3421536553414626,0.4108042945346637,0.0,0.0
-1.5241390101574244,-0.27994389982483314,0.40970888870397204,0.0,0.0
-1.5241390101574244,-0.2177341443082037,0.40883376911639363,0.0,0.0
-1.5241390101574244,-0.15552438879157382,0.40817814105550526,0.0,0.0
-1.5241390101574244,-0.09331463327494438,0.4077413976106764,0.0,0.0
-1.5241390101574244,-0.03110487775831494,0.40752312907313476,0.0,0.0
-1.5241390101574244,0.031104877758314498,0.40752312907313476,0.0,0.0
-1.5241390101574244,0.09331463327494438,0.4077413976106764,0.0,0.0
-1.5241390101574244,0.15552438879157382,0.40817814105550526,0.0,0.0
-1.5241390101574244,0.21773414430820326,0.40883376911639363,0.0,0.0
-1.5241390101574244,0.2799438998248327,0.40970888870397204,0.0,0.0
-1.5241390101574244,0.3421536553414626,0.4108042945346637,0.0,0.0
-1.5241390101574244,0.404363410858092,0.4121209562446118,0.0,0.0
-1.5241390101574244,0.46657316637472146,0.41366000170099543,0.0,0.0
-1.5241390101574244,0.5287829218913513,0.4154226961130079,0.0,0.0
-1.5241390101574244,0.5909926774079808,0.4174104164554092,0.0,0.0
-1.5241390101574244,0.6532024329246102,0.4196246206235521,0.0,0.0
-1.5241390101574244,0.7154121884412397,0.42206681064006707,0.0,0.0
-1.5241390101574244,0.7776219439578695,0.42473848913033657,0.0,0.0
-1.5241390101574244,0.839831699474499,0.42764110817749706,0.0,0.0
-1.5241390101574244,0.9020414549911289,0.43077600955976475,0.0,0.0
-1.5241390101574244,0.9642512105077579,0.4341443552662553,0.0,0.0
-1.5241390101574244,1.0264609660243877,0.4377470470864174,0.0,0.0
-1.5241390101574244,1.0886707215410176,0.4415846339787221,0.0,0.0
-1.5241390101574244,1.1508804770576466,0.4456572058546067,0.0,0.0
-1.5241390101574244,1.2130902325742765,0.449964272374812,0.0,0.0
-1.5241390101574244,1.2752999880909055,0.45450462536148234,0.0,0.0
-1.5241390101574244,1.3375097436075354,0.45927618349890065,0.0,0.0
-1.5241390101574244,1.3997194991241653,0.4642758181511575,0.0,0.0
-1.5241390101574244,1.4619292546407943,0.4694991593939739,0.0,0.0
-1.5241390101574244,1.5241390101574241,0.47494038177294673,0.0,0.0
-1.5241390101574244,1.586348765674054,0.48059196989915587,0.0,0.0
-1.5241390101574244,1.648558521190683,0.48644446481668435,0.0,0.0
-1.5241390101574244,1.710768276707313,0.49248619316833725,0.0,0.0
-1.5241390101574244,1.7729780322239428,0.49870298258725704,0.0,0.0
-1.5241390101574244,1.8351877877405718,0.505077868487766,0.0,0.0
-1.5241390101574244,1.8973975432572017,0.5115907995384401,0.0,0.0
-1.5241390101574244,1.9596072987738316,0.5182183515688147,0.0,0.0
-1.5241390101574244,2.0218170542904605,0.5249334624446751,0.0,0.0
-1.5241390101574244,2.0840268098070904,0.5317052034483345,0.0,0.0
-1.5241390101574244,2.1462365653237194,0.5384986057524398,0.0,0.0
-1.5241390101574244,2.2084463208403493,0.5452745634264995,0.0,0.0
-1.5241390101574244,2.270656076356979,0.5519898367177607,0.0,0.0
-1.5241390101574244,2.332865831873608,0.5585971806618258,0.0,0.0
-1.5241390101574244,2.395075587390238,0.5650456238869974,0.0,0.0
-1.5241390101574244,2.457285342906868,0.5712809202283738,0.0,0.0
-1.5241390101574244,2.519495098423497,0.5772461909460999,0.0,0.0
-1.5241390101574244,2.581704853940127,0.5828827675621009,0.0,0.0
-1.5241390101574244,2.6439146094567567,0.5881312344588444,0.0,0.0
-1.5241390101574244,2.7061243649733857,0.5929326566680554,0.0,0.0
-1.5241390101574244,2.7683341204900156,0.5972299624454238,0.0,0.0
-1.5241390101574244,2.8305438760066455,0.6009694335382942,0.0,0.0
-1.5241390101574244,2.8927536315232745,0.6041022402525285,0.0,0.0
-1.5241390101574244,2.9549633870399044,0.6065859455819291,0.0,0.0
-1.5241390101574244,3.0171731425565333,0.6083858948916113,0.0,0.0
-1.5241390101574244,3.0793828980731632,0.6094764067329687,0.0,0.0
-1.461929254640795,-3.141592653589793,0.5984486505072608,0.0,0.0
-1.461929254640795,-3.0793828980731637,0.5981034507647888,0.0,0.0
-1.461929254640795,-3.017173142556534,0.5970727521642327,0.0,0.0
-1.461929254640795,-2.9549633870399044,0.595371081268099,0.0,0.0
-1.461929254640795,-2.892753631523275,0.5930220767832425,0.0,0.0
-1.461929254640795,-2.8305438760066455,0.5900576724102908,0.0,0.0
-1.461929254640795,-2.7683341204900156,0.5865170305027497,0.0,0.0
-1.461929254640795,-2.706124364973386,0.5824452939760566,0.0,0.0
-1.461929254640795,-2.6439146094567567,0.5778922304042919,0.0,0.0
-1.461929254640795,-2.581704853940127,0.5729108419484468,0.0,0.0
-1.461929254640795,-2.5194950984234974,0.5675560085201617,0.0,0.0
-1.461929254640795,-2.457285342906868,0.561883220857905,0.0,0.0
-1.461929254640795,-2.395075587390238,0.5559474467384344,0.0,0.0
-1.461929254640795,-2.3328658318736086,0.5498021591206788,0.0,0.0
-1.461929254640795,-2.270656076356979,0.5434985411336654,0.0,0.0
-1.461929254640795,-2.2084463208403498,0.5370848705974572,0.0,0.0
-1.461929254640795,-2.1462365653237203,0.5306060768902137,0.0,0.0
-1.461929254640795,-2.0840268098070904,0.524103455719515,0.0,0.0
-1.461929254640795,-2.021817054290461,0.5176145226650434,0.0,0.0
-1.461929254640795,-1.9596072987738313,0.5111729839456766,0.0,0.0
-1.461929254640795,-1.897397543257202,0.5048088023103379,0.0,0.0
-1.461929254640795,-1.8351877877405722,0.4985483367966414,0.0,0.0
-1.461929254640795,-1.7729780322239428,0.4924145368995014,0.0,0.0
-1.461929254640795,-1.7107682767073131,0.48642717405439745,0.0,0.0
-1.461929254640795,-1.6485585211906835,0.4806030959528651,0.0,0.0
-1.461929254640795,-1.586348765674054,0.47495649183603544,0.0,0.0
-1.461929254640795,-1.5241390101574244,0.469499159393974,0.0,0.0
-1.461929254640795,-1.461929254640795,0.4642407661345638,0.0,0.0
-1.461929254640795,-1.3997194991241653,0.4591891000250229,0.0,0.0
-1.461929254640795,-1.3375097436075358,0.45435030583710606,0.0,0.0
-1.461929254640795,-1.2752999880909062,0.44972910495336915,0.0,0.0
-1.461929254640795,-1.2130902325742767,0.4453289974415812,0.0,0.0
-1.461929254640795,-1.150880477057647,0.44115244601051773,0.0,0.0
-1.461929254640795,-1.0886707215410176,0.43720104205903243,0.0,0.0
-1.461929254640795,-1.0264609660243877,0.4334756544570857,0.0,0.0
-1.461929254640795,-0.9642512105077583,0.429976561985347,0.0,0.0
-1.461929254640795,-0.9020414549911289,0.42670357053841673,0.0,0.0
-1.461929254640795,-0.8398316994744994,0.4236561162908172,0.0,0.0
-1.461929254640795,-0.7776219439578695,0.4208333560556726,0.0,0.0
-1.461929254640795,-0.7154121884412401,0.41823424605058546,0.0,0.0
-1.461929254640795,-0.6532024329246107,0.41585761023723367,0.0,0.0
-1.461929254640795,-0.5909926774079808,0.4137021993313339,0.0,0.0
-1.461929254640795,-0.5287829218913513,0.4117667414959383,0.0,0.0
-1.461929254640795,-0.4665731663747219,0.4100499856396159,0.0,0.0
-1.461929254640795,-0.40436341085809246,0.40855073814628884,0.0,0.0
-1.461929254640795,-0.3421536553414626,0.4072678937683787,0.0,0.0
-1.461929254640795,-0.27994389982483314,0.4062004613214923,0.0,0.0
-1.461929254640795,-0.2177341443082037,0.4053475847283259,0.0,0.0
-1.461929254640795,-0.15552438879157382,0.40470855987239235,0.0,0.0
-1.461929254640795,-0.09331463327494438,0.40428284763872147,0.0,0.0
-1.461929254640795,-0.03110487775831494,0.40407008343863543,0.0,0.0
-1.461929254640795,0.031104877758314498,0.40407008343863543,0.0,0.0
-1.461929254640795,0.09331463327494438,0.40428284763872147,0.0,0.0
-1.461929254640795,0.15552438879157382,0.40470855987239235,0.0,0.0
-1.461929254640795,0.21773414430820326,0.4053475847283259,0.0,0.0
-1.461929254640795,0.2799438998248327,0.4062004613214923,0.0,0.0
-1.461929254640795,0.3421536553414626,0.4072678937683787,0.0,0.0
-1.461929254640795,0.404363410858092,0.40855073814628884,0.0,0.0
-1.461929254640795,0.46657316637472146,0.41004998563961587,0.0,0.0
-1.461929254640795,0.5287829218913513,0.4117667414959383,0.0,0.0
-1.461929254640795,0.5909926774079808,0.4137021993313339,0.0,0.0
-1.461929254640795,0.6532024329246102,0.41585761023723367,0.0,0.0
-1.461929254640795,0.7154121884412397,0.4182342460505854,0.0,0.0
-1.461929254640795,0.7776219439578695,0.4208333560556726,0.0,0.0
-1.461929254640795,0.839831699474499,0.42365611629081706,0.0,0.0
-1.461929254640795,0.9020414549911289,0.42670357053841673,0.0,0.0
-1.461929254640795,0.9642512105077579,0.42997656198534695,0.0,0.0
-1.461929254640795,1.0264609660243877,0.4334756544570857,0.0,0.0
-1.461929254640795,1.0886707215410176,0.43720104205903243,0.0,0.0
-1.461929254640795,1.1508804770576466,0.4411524460105177,0.0,0.0
-1.461929254640795,1.2130902325742765,0.4453289974415813,0.0,0.0
-1.461929254640795,1.2752999880909055,0.44972910495336915,0.0,0.0
-1.461929254640795,1.3375097436075354,0.45435030583710606,0.0,0.0
-1.461929254640795,1.3997194991241653,0.4591891000250229,0.0,0.0
-1.461929254640795,1.4619292546407943,0.46424076613456366,0.0,0.0
-1.461929254640795,1.5241390101574241,0.4694991593939739,0.0,0.0
-1.461929254640795,1.586348765674054,0.47495649183603544,0.0,0.0
-1.461929254640795,1.648558521190683,0.4806030959528651,0.0,0.0
-1.461929254640795,1.710768276707313,0.48642717405439745,0.0,0.0
-1.461929254640795,1.7729780322239428,0.4924145368995014,0.0,0.0
-1.461929254640795,1.8351877877405718,0.49854833679664134,0.0,0.0
-1.461929254640795,1.8973975432572017,0.5048088023103379,0.0,0.0
-1.461929254640795,1.9596072987738316,0.5111729839456766,0.0,0.0
-1.461929254640795,2.0218170542904605,0.5176145226650434,0.0,0.0
-1.461929254640795,2.0840268098070904,0.524103455719515,0.0,0.0
-1.461929254640795,2.1462365653237194,0.5306060768902136,0.0,0.0
-1.461929254640795,2.2084463208403493,0.5370848705974571,0.0,0.0
-1.461929254640795,2.270656076356979,0.5434985411336654,0.0,0.0
-1.461929254640795,2.332865831873608,0.5498021591206788,0.0,0.0
-1.461929254640795,2.395075587390238,0.5559474467384344,0.0,0.0
-1.461929254640795,2.457285342906868,0.561883220857905,0.0,0.0
-1.461929254640795,2.519495098423497,0.5675560085201617,0.0,0.0
-1.461929254640795,2.581704853940127,0.5729108419484468,0.0,0.0
-1.461929254640795,2.6439146094567567,0.5778922304042919,0.0,0.0
-1.461929254640795,2.7061243649733857,0.5824452939760566,0.0,0.0
-1.461929254640795,2.7683341204900156,0.5865170305027497,0.0,0.0
-1.461929254640795,2.8305438760066455,0.5900576724102908,0.0,0.0
-1.461929254640795,2.8927536315232745,0.5930220767832425,0.0,0.0
-1.461929254640795,2.9549633870399044,0.595371081268099,0.0,0.0
-1.461929254640795,3.0171731425565333,0.5970727521642327,0.0,0.0
-1.461929254640795,3.0793828980731632,0.5981034507647888,0.0,0.0
-1.3997194991241653,-3.141592653589793,0.5877422884401714,0.0,0.0
-1.3997194991241653,-3.0793828980731637,0.5874152762604715,0.0,0.0
-1.3997194991241653,-3.017173142556534,0.586438762842502,0.0,0.0
-1.3997194991241653,-2.9549633870399044,0.5848261604142208,0.0,0.0
-1.3997194991241653,-2.892753631523275,0.5825993094950065,0.0,0.0
-1.3997194991241653,-2.8305438760066455,0.5797877450095983,0.0,0.0
-1.3997194991241653,-2.7683341204900156,0.5764277366570127,0.0,0.0
-1.3997194991241653,-2.706124364973386,0.5725611626578117,0.0,0.0
-1.3997194991241653,-2.6439146094567567,0.5682342820092928,0.0,0.0
-1.3997194991241653,-2.581704853940127,0.5634964705321875,0.0,0.0
-1.3997194991241653,-2.5194950984234974,0.5583989809629755,0.0,0.0
-1.3997194991241653,-2.457285342906868,0.5529937783330824,0.0,0.0
-1.3997194991241653,-2.395075587390238,0.5473324903556325,0.0,0.0
-1.3997194991241653,-2.3328658318736086,0.5414655000094722,0.0,0.0
-1.3997194991241653,-2.270656076356979,0.5354411952832446,0.0,0.0
-1.3997194991241653,-2.2084463208403498,0.5293053801206861,0.0,0.0
-1.3997194991241653,-2.1462365653237203,0.5231008416291332,0.0,0.0
-1.3997194991241653,-2.0840268098070904,0.516867061864131,0.0,0.0
-1.3997194991241653,-2.021817054290461,0.510640057981941,0.0,0.0
-1.3997194991241653,-1.9596072987738313,0.5044523320480497,0.0,0.0
-1.3997194991241653,-1.897397543257202,0.49833291096806087,0.0,0.0
-1.3997194991241653,-1.8351877877405722,0.4923074574803505,0.0,0.0
-1.3997194991241653,-1.7729780322239428,0.48639843453393217,0.0,0.0
-1.3997194991241653,-1.7107682767073131,0.4806253073266573,0.0,0.0
-1.3997194991241653,-1.6485585211906835,0.4750047695143968,0.0,0.0
-1.3997194991241653,-1.586348765674054,0.4695509824034233,0.0,0.0
-1.3997194991241653,-1.5241390101574244,0.4642758181511575,0.0,0.0
-1.3997194991241653,-1.461929254640795,0.4591891000250229,0.0,0.0
-1.3997194991241653,-1.3997194991241653,0.4542988345499959,0.0,0.0
-1.3997194991241653,-1.3375097436075358,0.4496114318907068,0.0,0.0
-1.3997194991241653,-1.2752999880909062,0.44513191206539987,0.0,0.0
-1.3997194991241653,-1.2130902325742767,0.4408640955938068,0.0,0.0
-1.3997194991241653,-1.150880477057647,0.4368107779649009,0.0,0.0
-1.3997194991241653,-1.0886707215410176,0.43297388790349534,0.0,0.0
-1.3997194991241653,-1.0264609660243877,0.429354629847231,0.0,0.0
-1.3997194991241653,-0.9642512105077583,0.4259536113467298,0.0,0.0
-1.3997194991241653,-0.9020414549911289,0.4227709562978163,0.0,0.0
-1.3997194991241653,-0.8398316994744994,0.4198064050286835,0.0,0.0
-1.3997194991241653,-0.7776219439578695,0.41705940231609817,0.0,0.0
-1.3997194991241653,-0.7154121884412401,0.4145291744092623,0.0,0.0
-1.3997194991241653,-0.6532024329246107,0.4122147961107334,0.0,0.0
-1.3997194991241653,-0.5909926774079808,0.4101152489111085,0.0,0.0
-1.3997194991241653,-0.5287829218913513,0.4082294711059406,0.0,0.0
-1.3997194991241653,-0.4665731663747219,0.40655640074559196,0.0,0.0
-1.3997194991241653,-0.40436341085809246,0.40509501218587723,0.0,0.0
-1.3997194991241653,-0.3421536553414626,0.40384434692256427,0.0,0.0
-1.3997194991241653,-0.27994389982483314,0.40280353930825863,0.0,0.0
-1.3997194991241653,-0.2177341443082037,0.4019718376672608,0.0,0.0
-1.3997194991241653,-0.15552438879157382,0.4013486212434367,0.0,0.0
-1.3997194991241653,-0.09331463327494438,0.4009334133382869,0.0,0.0
-1.3997194991241653,-0.03110487775831494,0.4007258909212173,0.0,0.0
-1.3997194991241653,0.031104877758314498,0.4007258909212173,0.0,0.0
-1.3997194991241653,0.09331463327494438,0.4009334133382869,0.0,0.0
-1.3997194991241653,0.15552438879157382,0.4013486212434367,0.0,0.0
-1.3997194991241653,0.21773414430820326,0.4019718376672608,0.0,0.0
-1.3997194991241653,0.2799438998248327,0.40280353930825863,0.0,0.0
-1.3997194991241653,0.3421536553414626,0.40384434692256427,0.0,0.0
-1.3997194991241653,0.404363410858092,0.40509501218587723,0.0,0.0
-1.3997194991241653,0.46657316637472146,0.4065564007455919,0.0,0.0
-1.3997194991241653,0.5287829218913513,0.4082294711059406,0.0,0.0
-1.3997194991241653,0.5909926774079808,0.4101152489111085,0.0,0.0
-1.3997194991241653,0.6532024329246102,0.4122147961107334,0.0,0.0
-1.3997194991241653,0.7154121884412397,0.4145291744092623,0.0,0.0
-1.3997194991241653,0.7776219439578695,0.41705940231609817,0.0,0.0
-1.3997194991241653,0.839831699474499,0.4198064050286835,0.0,0.0
-1.3997194991241653,0.9020414549911289,0.4227709562978163,0.0,0.0
-1.3997194991241653,0.9642512105077579,0.4259536113467298,0.0,0.0
-1.3997194991241653,1.0264609660243877,0.429354629847231,0.0,0.0
-1.3997194991241653,1.0886707215410176,0.43297388790349534,0.0,0.0
-1.3997194991241653,1.1508804770576466,0.43681077796490086,0.0,0.0
-1.3997194991241653,1.2130902325742765,0.4408640955938068,0.0,0.0
-1.3997194991241653,1.2752999880909055,0.44513191206539987,0.0,0.0
-1.3997194991241653,1.3375097436075354,0.4496114318907067,0.0,0.0
-1.3997194991241653,1.3997194991241653,0.4542988345499959,0.0,0.0
-1.3997194991241653,1.4619292546407943,0.45918910002502283,0.0,0.0
-1.3997194991241653,1.5241390101574241,0.4642758181511575,0.0,0.0
-1.3997194991241653,1.586348765674054,0.4695509824034233,0.0,0.0
-1.3997194991241653,1.648558521190683,0.4750047695143968,0.0,0.0
-1.3997194991241653,1.710768276707313,0.48062530732665726,0.0,0.0
-1.3997194991241653,1.7729780322239428,0.48639843453393217,0.0,0.0
-1.3997194991241653,1.8351877877405718,0.49230745748035043,0.0,0.0
-1.3997194991241653,1.8973975432572017,0.49833291096806087,0.0,0.0
-1.3997194991241653,1.9596072987738316,0.5044523320480497,0.0,0.0
-1.3997194991241653,2.0218170542904605,0.510640057981941,0.0,0.0
-1.3997194991241653,2.0840268098070904,0.516867061864131,0.0,0.0
-1.3997194991241653,2.1462365653237194,0.5231008416291332,0.0,0.0
-1.3997194991241653,2.2084463208403493,0.529305380120686,0.0,0.0
-1.3997194991241653,2.270656076356979,0.5354411952832446,0.0,0.0
-1.3997194991241653,2.332865831873608,0.5414655000094721,0.0,0.0
-1.3997194991241653,2.395075587390238,0.5473324903556325,0.0,0.0
-1.3997194991241653,2.457285342906868,0.5529937783330824,0.0,0.0
-1.3997194991241653,2.519495098423497,0.5583989809629754,0.0,0.0
-1.3997194991241653,2.581704853940127,0.5634964705321875,0.0,0.0
-1.3997194991241653,2.6439146094567567,0.5682342820092928,0.0,0.0
-1.3997194991241653,2.7061243649733857,0.5725611626578117,0.0,0.0
-1.3997194991241653,2.7683341204900156,0.5764277366570127,0.0,0.0
-1.3997194991241653,2.8305438760066455,0.5797877450095983,0.0,0.0
-1.3997194991241653,2.8927536315232745,0.5825993094950065,0.0,0.0
-1.3997194991241653,2.9549633870399044,0.5848261604142208,0.0,0.0
-1.3997194991241653,3.0171731425565333,0.586438762842502,0.0,0.0
-1.3997194991241653,3.0793828980731632,0.5874152762604715,0.0,0.0
-1.3375097436075358,-3.141592653589793,0.5776965112428191,0.0,0.0
-1.3375097436075358,-3.0793828980731637,0.5773859733324341,0.0,0.0
-1.3375097436075358,-3.017173142556534,0.5764585503824948,0.0,0.0
-1.3375097436075358,-2.9549633870399044,0.5749266731514694,0.0,0.0
-1.3375097436075358,-2.892753631523275,0.5728105969036963,0.0,0.0
-1.3375097436075358,-2.8305438760066455,0.5701377389118145,0.0,0.0
-1.3375097436075358,-2.7683341204900156,0.5669418105476974,0.0,0.0
-1.3375097436075358,-2.706124364973386,0.5632617961159209,0.0,0.0
-1.3375097436075358,-2.6439146094567567,0.5591408361351685,0.0,0.0
-1.3375097436075358,-2.581704853940127,0.5546250732476087,0.0,0.0
-1.3375097436075358,-2.5194950984234974,0.5497625148667636,0.0,0.0
-1.3375097436075358,-2.457285342906868,0.5446019590552399,0.0,0.0
-1.3375097436075358,-2.395075587390238,0.5391920202008965,0.0,0.0
-1.3375097436075358,-2.3328658318736086,0.533580280118315,0.0,0.0
-1.3375097436075358,-2.270656076356979,0.5278125793893687,0.0,0.0
-1.3375097436075358,-2.2084463208403498,0.5219324539667972,0.0,0.0
-1.3375097436075358,-2.1462365653237203,0.5159807138883393,0.0,0.0
-1.3375097436075358,-2.0840268098070904,0.5099951546776508,0.0,0.0
-1.3375097436075358,-2.021817054290461,0.5040103876792689,0.0,0.0
-1.3375097436075358,-1.9596072987738313,0.498057773037065,0.0,0.0
-1.3375097436075358,-1.897397543257202,0.49216543800925905,0.0,0.0
-1.3375097436075358,-1.8351877877405722,0.4863583634929956,0.0,0.0
-1.3375097436075358,-1.7729780322239428,0.48065852267646814,0.0,0.0
-1.3375097436075358,-1.7107682767073131,0.47508505734325457,0.0,0.0
-1.3375097436075358,-1.6485585211906835,0.4696544792657664,0.0,0.0
-1.3375097436075358,-1.586348765674054,0.4643808861413602,0.0,0.0
-1.3375097436075358,-1.5241390101574244,0.45927618349890065,0.0,0.0
-1.3375097436075358,-1.461929254640795,0.45435030583710606,0.0,0.0
-1.3375097436075358,-1.3997194991241653,0.4496114318907068,0.0,0.0
-1.3375097436075358,-1.3375097436075358,0.44506619032924766,0.0,0.0
-1.3375097436075358,-1.2752999880909062,0.44071985337172404,0.0,0.0
-1.3375097436075358,-1.2130902325742767,0.4365765167587645,0.0,0.0
-1.3375097436075358,-1.150880477057647,0.4326392652826175,0.0,0.0
-1.3375097436075358,-1.0886707215410176,0.42891032365830356,0.0,0.0
-1.3375097436075358,-1.0264609660243877,0.42539119295305694,0.0,0.0
-1.3375097436075358,-0.9642512105077583,0.422082773101015,0.0,0.0
-1.3375097436075358,-0.9020414549911289,0.41898547223952853,0.0,0.0
-1.3375097436075358,-0.8398316994744994,0.416099303733266,0.0,0.0
-1.3375097436075358,-0.7776219439578695,0.41342397182038587,0.0,0.0
-1.3375097436075358,-0.7154121884412401,0.41095894683643,0.0,0.0
-1.3375097436075358,-0.6532024329246107,0.4087035309585264,0.0,0.0
-1.3375097436075358,-0.5909926774079808,0.40665691537479853,0.0,0.0
-1.3375097436075358,-0.5287829218913513,0.40481822972929205,0.0,0.0
-1.3375097436075358,-0.4665731663747219,0.40318658462716267,0.0,0.0
-1.3375097436075358,-0.40436341085809246,0.4017611079127815,0.0,0.0
-1.3375097436075358,-0.3421536553414626,0.4005409753580362,0.0,0.0
-1.3375097436075358,-0.27994389982483314,0.399525436321726,0.0,0.0
-1.3375097436075358,-0.2177341443082037,0.3987138348650688,0.0,0.0
-1.3375097436075358,-0.15552438879157382,0.39810562673387895,0.0,0.0
-1.3375097436075358,-0.09331463327494438,0.3977003925454132,0.0,0.0
-1.3375097436075358,-0.03110487775831494,0.39749784744730327,0.0,0.0
-1.3375097436075358,0.031104877758314498,0.39749784744730327,0.0,0.0
-1.3375097436075358,0.09331463327494438,0.3977003925454132,0.0,0.0
-1.3375097436075358,0.15552438879157382,0.39810562673387895,0.0,0.0
-1.3375097436075358,0.21773414430820326,0.39871383486506873,0.0,0.0
-1.3375097436075358,0.2799438998248327,0.399525436321726,0.0,0.0
-1.3375097436075358,0.3421536553414626,0.4005409753580362,0.0,0.0
-1.3375097436075358,0.404363410858092,0.4017611079127816,0.0,0.0
-1.3375097436075358,0.46657316637472146,0.40318658462716267,0.0,0.0
-1.3375097436075358,0.5287829218913513,0.40481822972929205,0.0,0.0
-1.3375097436075358,0.5909926774079808,0.40665691537479853,0.0,0.0
-1.3375097436075358,0.6532024329246102,0.4087035309585264,0.0,0.0
-1.3375097436075358,0.7154121884412397,0.4109589468364299,0.0,0.0
-1.3375097436075358,0.7776219439578695,0.41342397182038587,0.0,0.0
-1.3375097436075358,0.839831699474499,0.416099303733266,0.0,0.0
-1.3375097436075358,0.9020414549911289,0.41898547223952853,0.0,0.0
-1.3375097436075358,0.9642512105077579,0.422082773101015,0.0,0.0
-1.3375097436075358,1.0264609660243877,0.42539119295305694,0.0,0.0
-1.3375097436075358,1.0886707215410176,0.42891032365830356,0.0,0.0
-1.3375097436075358,1.1508804770576466,0.4326392652826174,0.0,0.0
-1.3375097436075358,1.2130902325742765,0.4365765167587645,0.0,0.0
-1.3375097436075358,1.2752999880909055,0.440719853371724,0.0,0.0
-1.3375097436075358,1.3375097436075354,0.4450661903292476,0.0,0.0
-1.3375097436075358,1.3997194991241653,0.4496114318907068,0.0,0.0
-1.3375097436075358,1.4619292546407943,0.45435030583710606,0.0,0.0
-1.3375097436075358,1.5241390101574241,0.45927618349890054,0.0,0.0
-1.3375097436075358,1.586348765674054,0.4643808861413602,0.0,0.0
-1.3375097436075358,1.648558521190683,0.4696544792657664,0.0,0.0
-1.3375097436075358,1.710768276707313,0.47508505734325457,0.0,0.0
-1.3375097436075358,1.7729780322239428,0.48065852267646814,0.0,0.0
-1.3375097436075358,1.8351877877405718,0.48635836349299555,0.0,0.0
-1.3375097436075358,1.8973975432572017,0.49216543800925905,0.0,0.0
-1.3375097436075358,1.9596072987738316,0.498057773037065,0.0,0.0
-1.3375097436075358,2.0218170542904605,0.5040103876792688,0.0,0.0
-1.3375097436075358,2.0840268098070904,0.5099951546776508,0.0,0.0
-1.3375097436075358,2.1462365653237194,0.5159807138883392,0.0,0.0
-1.3375097436075358,2.2084463208403493,0.5219324539667971,0.0,0.0
-1.3375097436075358,2.270656076356979,0.5278125793893687,0.0,0.0
-1.3375097436075358,2.332865831873608,0.533580280118315,0.0,0.0
-1.3375097436075358,2.395075587390238,0.5391920202008965,0.0,0.0
-1.3375097436075358,2.457285342906868,0.5446019590552399,0.0,0.0
-1.3375097436075358,2.519495098423497,0.5497625148667636,0.0,0.0
-1.3375097436075358,2.581704853940127,0.5546250732476087,0.0,0.0
-1.3375097436075358,2.6439146094567567,0.5591408361351685,0.0,0.0
-1.3375097436075358,2.7061243649733857,0.5632617961159209,0.0,0.0
-1.3375097436075358,2.7683341204900156,0.5669418105476974,0.0,0.0
-1.3375097436075358,2.8305438760066455,0.5701377389118145,0.0,0.0
-1.3375097436075358,2.8927536315232745,0.5728105969036963,0.0,0.0
-1.3375097436075358,2.9549633870399044,0.5749266731514694,0.0,0.0
-1.3375097436075358,3.0171731425565333,0.5764585503824948,0.0,0.0
-1.3375097436075358,3.0793828980731632,0.5773859733324341,0.0,0.0
-1.2752999880909062,-3.141592653589793,0.5682855774892951,0.0,0.0
-1.2752999880909062,-3.0793828980731637,0.5679899623927499,0.0,0.0
-1.2752999880909062,-3.017173142556534,0.5671070148622706,0.0,0.0
-1.2752999880909062,-2.9549633870399044,0.565648299928617,0.0,0.0
-1.2752999880909062,-2.892753631523275,0.5636326733471791,0.0,0.0
-1.2752999880909062,-2.8305438760066455,0.5610856804767084,0.0,0.0
-1.2752999880909062,-2.7683341204900156,0.5580387674129806,0.0,0.0
-1.2752999880909062,-2.706124364973386,0.5545283506692805,0.0,0.0
-1.2752999880909062,-2.6439146094567567,0.5505947968307746,0.0,0.0
-1.2752999880909062,-2.581704853940127,0.546281364311279,0.0,0.0
-1.2752999880909062,-2.5194950984234974,0.5416331560355101,0.0,0.0
-1.2752999880909062,-2.457285342906868,0.536696125388225,0.0,0.0
-1.2752999880909062,-2.395075587390238,0.5315161691733719,0.0,0.0
-1.2752999880909062,-2.3328658318736086,0.5261383317204861,0.0,0.0
-1.2752999880909062,-2.270656076356979,0.5206061346688311,0.0,0.0
-1.2752999880909062,-2.2084463208403498,0.5149610381531122,0.0,0.0
-1.2752999880909062,-2.1462365653237203,0.5092420316535843,0.0,0.0
-1.2752999880909062,-2.0840268098070904,0.5034853469467595,0.0,0.0
-1.2752999880909062,-2.021817054290461,0.4977242814659602,0.0,0.0
-1.2752999880909062,-1.9596072987738313,0.4919891178485734,0.0,0.0
-1.2752999880909062,-1.897397543257202,0.48630712429248063,0.0,0.0
-1.2752999880909062,-1.8351877877405722,0.4807026202941846,0.0,0.0
-1.2752999880909062,-1.7729780322239428,0.4751970931090818,0.0,0.0
-1.2752999880909062,-1.7107682767073131,0.4698093515918051,0.0,0.0
-1.2752999880909062,-1.6485585211906835,0.46455570571042487,0.0,0.0
-1.2752999880909062,-1.586348765674054,0.4594501617971594,0.0,0.0
-1.2752999880909062,-1.5241390101574244,0.45450462536148234,0.0,0.0
-1.2752999880909062,-1.461929254640795,0.44972910495336915,0.0,0.0
-1.2752999880909062,-1.3997194991241653,0.44513191206539987,0.0,0.0
-1.2752999880909062,-1.3375097436075358,0.44071985337172404,0.0,0.0
-1.2752999880909062,-1.2752999880909062,0.4364984127100471,0.0,0.0
-1.2752999880909062,-1.2130902325742767,0.43247192112514227,0.0,0.0
-1.2752999880909062,-1.150880477057647,0.4286437140236879,0.0,0.0
-1.2752999880909062,-1.0886707215410176,0.42501627506046885,0.0,0.0
-1.2752999880909062,-1.0264609660243877,0.4215913668073405,0.0,0.0
-1.2752999880909062,-0.9642512105077583,0.4183701485710711,0.0,0.0
-1.2752999880909062,-0.9020414549911289,0.41535328194520543,0.0,0.0
-1.2752999880909062,-0.8398316994744994,0.412541024823326,0.0,0.0
-1.2752999880909062,-0.7776219439578695,0.40993331468299216,0.0,0.0
-1.2752999880909062,-0.7154121884412401,0.40752984198518016,0.0,0.0
-1.2752999880909062,-0.6532024329246107,0.4053301145348078,0.0,0.0
-1.2752999880909062,-0.5909926774079808,0.4033335136232851,0.0,0.0
-1.2752999880909062,-0.5287829218913513,0.40153934273145653,0.0,0.0
-1.2752999880909062,-0.4665731663747219,0.39994686951658487,0.0,0.0
-1.2752999880909062,-0.40436341085809246,0.3985553617446154,0.0,0.0
-1.2752999880909062,-0.3421536553414626,0.3973641177621025,0.0,0.0
-1.2752999880909062,-0.27994389982483314,0.3963724920332645,0.0,0.0
-1.2752999880909062,-0.2177341443082037,0.39557991619825994,0.0,0.0
-1.2752999880909062,-0.15552438879157382,0.394985916039979,0.0,0.0
-1.2752999880909062,-0.09331463327494438,0.39459012467903165,0.0,0.0
-1.2752999880909062,-0.03110487775831494,0.39439229225039746,0.0,0.0
-1.2752999880909062,0.031104877758314498,0.39439229225039746,0.0,0.0
-1.2752999880909062,0.09331463327494438,0.39459012467903165,0.0,0.0
-1.2752999880909062,0.15552438879157382,0.394985916039979,0.0,0.0
-1.2752999880909062,0.21773414430820326,0.39557991619825994,0.0,0.0
-1.2752999880909062,0.2799438998248327,0.3963724920332646,0.0,0.0
-1.2752999880909062,0.3421536553414626,0.3973641177621025,0.0,0.0
-1.2752999880909062,0.404363410858092,0.3985553617446154,0.0,0.0
-1.2752999880909062,0.46657316637472146,0.3999468695165848,0.0,0.0
-1.2752999880909062,0.5287829218913513,0.40153934273145653,0.0,0.0
-1.2752999880909062,0.5909926774079808,0.4033335136232851,0.0,0.0
-1.2752999880909062,0.6532024329246102,0.4053301145348078,0.0,0.0
-1.2752999880909062,0.7154121884412397,0.40752984198518005,0.0,0.0
-1.2752999880909062,0.7776219439578695,0.40993331468299216,0.0,0.0
-1.2752999880909062,0.839831699474499,0.412541024823326,0.0,0.0
-1.2752999880909062,0.9020414549911289,0.41535328194520543,0.0,0.0
-1.2752999880909062,0.9642512105077579,0.4183701485710711,0.0,0.0
-1.2752999880909062,1.0264609660243877,0.4215913668073405,0.0,0.0
-1.2752999880909062,1.0886707215410176,0.42501627506046885,0.0,0.0
-1.2752999880909062,1.1508804770576466,0.4286437140236879,0.0,0.0
-1.2752999880909062,1.2130902325742765,0.43247192112514227,0.0,0.0
-1.2752999880909062,1.2752999880909055,0.43649841271004697,0.0,0.0
-1.2752999880909062,1.3375097436075354,0.44071985337172404,0.0,0.0
-1.2752999880909062,1.3997194991241653,0.44513191206539987,0.0,0.0
-1.2752999880909062,1.4619292546407943,0.44972910495336915,0.0,0.0
-1.2752999880909062,1.5241390101574241,0.45450462536148234,0.0,0.0
-1.2752999880909062,1.586348765674054,0.4594501617971594,0.0,0.0
-1.2752999880909062,1.648558521190683,0.46455570571042487,0.0,0.0
-1.2752999880909062,1.710768276707313,0.4698093515918051,0.0,0.0
-1.2752999880909062,1.7729780322239428,0.4751970931090818,0.0,0.0
-1.2752999880909062,1.8351877877405718,0.48070262029418453,0.0,0.0
-1.2752999880909062,1.8973975432572017,0.4863071242924806,0.0,0.0
-1.2752999880909062,1.9596072987738316,0.4919891178485734,0.0,0.0
-1.2752999880909062,2.0218170542904605,0.4977242814659601,0.0,0.0
-1.2752999880909062,2.0840268098070904,0.5034853469467595,0.0,0.0
-1.2752999880909062,2.1462365653237194,0.5092420316535842,0.0,0.0
-1.2752999880909062,2.2084463208403493,0.5149610381531121,0.0,0.0
-1.2752999880909062,2.270656076356979,0.5206061346688311,0.0,0.0
-1.2752999880909062,2.332865831873608,0.5261383317204861,0.0,0.0
-1.2752999880909062,2.395075587390238,0.5315161691733719,0.0,0.0
-1.2752999880909062,2.457285342906868,0.536696125388225,0.0,0.0
-1.2752999880909062,2.519495098423497,0.5416331560355101,0.0,0.0
-1.2752999880909062,2.581704853940127,0.546281364311279,0.0,0.0
-1.2752999880909062,2.6439146094567567,0.5505947968307746,0.0,0.0
-1.2752999880909062,2.7061243649733857,0.5545283506692804,0.0,0.0
-1.2752999880909062,2.7683341204900156,0.5580387674129806,0.0,0.0
-1.2752999880909062,2.8305438760066455,0.5610856804767084,0.0,0.0
-1.2752999880909062,2.8927536315232745,0.5636326733471791,0.0,0.0
-1.2752999880909062,2.9549633870399044,0.565648299928617,0.0,0.0
-1.2752999880909062,3.0171731425565333,0.5671070148622706,0.0,0.0
-1.2752999880909062,3.0793828980731632,0.5679899623927499,0.0,0.0
-1.2130902325742767,-3.141592653589793,0.559484429678035,0.0,0.0
-1.2130902325742767,-3.0793828980731637,0.5592023309461891,0.0,0.0
-1.2130902325742767,-3.017173142556534,0.5583596737951938,0.0,0.0
-1.2130902325742767,-2.9549633870399044,0.5569672585856139,0.0,0.0
-1.2130902325742767,-2.892753631523275,0.555042703953256,0.0,0.0
-1.2130902325742767,-2.8305438760066455,0.552609898595997,0.0,0.0
-1.2130902325742767,-2.7683341204900156,0.5496982806915898,0.0,0.0
-1.2130902325742767,-2.706124364973386,0.5463419862894263,0.0,0.0
-1.2130902325742767,-2.6439146094567567,0.5425789127768516,0.0,0.0
-1.2130902325742767,-2.581704853940127,0.5384497443797688,0.0,0.0
-1.2130902325742767,-2.5194950984234974,0.5339969839623969,0.0,0.0
-1.2130902325742767,-2.457285342906868,0.5292640298412722,0.0,0.0
-1.2130902325742767,-2.395075587390238,0.524294328831769,0.0,0.0
-1.2130902325742767,-2.3328658318736086,0.5191306282649855,0.0,0.0
-1.2130902325742767,-2.270656076356979,0.5138143411364952,0.0,0.0
-1.2130902325742767,-2.2084463208403498,0.5083850305954798,0.0,0.0
-1.2130902325742767,-2.1462365653237203,0.5028800131568131,0.0,0.0
-1.2130902325742767,-2.0840268098070904,0.4973340746014984,0.0,0.0
-1.2130902325742767,-2.021817054290461,0.4917792886071793,0.0,0.0
-1.2130902325742767,-1.9596072987738313,0.4862449256508985,0.0,0.0
-1.2130902325742767,-1.897397543257202,0.4807574384772478,0.0,0.0
-1.2130902325742767,-1.8351877877405722,0.47534051019581347,0.0,0.0
-1.2130902325742767,-1.7729780322239428,0.4700151516137833,0.0,0.0
-1.2130902325742767,-1.7107682767073131,0.46479983548495474,0.0,0.0
-1.2130902325742767,-1.6485585211906835,0.45971065675635053,0.0,0.0
-1.2130902325742767,-1.586348765674054,0.45476150944750493,0.0,0.0
-1.2130902325742767,-1.5241390101574244,0.449964272374812,0.0,0.0
-1.2130902325742767,-1.461929254640795,0.4453289974415813,0.0,0.0
-1.2130902325742767,-1.3997194991241653,0.4408640955938068,0.0,0.0
-1.2130902325742767,-1.3375097436075358,0.4365765167587645,0.0,0.0
-1.2130902325742767,-1.2752999880909062,0.43247192112514227,0.0,0.0
-1.2130902325742767,-1.2130902325742767,0.4285548399905518,0.0,0.0
-1.2130902325742767,-1.150880477057647,0.4248288251054763,0.0,0.0
-1.2130902325742767,-1.0886707215410176,0.42129658599806497,0.0,0.0
-1.2130902325742767,-1.0264609660243877,0.4179601151904868,0.0,0.0
-1.2130902325742767,-0.9642512105077583,0.4148208015341965,0.0,0.0
-1.2130902325742767,-0.9020414549911289,0.4118795321171299,0.0,0.0
-1.2130902325742767,-0.8398316994744994,0.409136783347659,0.0,0.0
-1.2130902325742767,-0.7776219439578695,0.406592701913218,0.0,0.0
-1.2130902325742767,-0.7154121884412401,0.40424717635888385,0.0,0.0
-1.2130902325742767,-0.6532024329246107,0.4020999000437301,0.0,0.0
-1.2130902325742767,-0.5909926774079808,0.400150426219431,0.0,0.0
-1.2130902325742767,-0.5287829218913513,0.39839821594354036,0.0,0.0
-1.2130902325742767,-0.4665731663747219,0.3968426794947832,0.0,0.0
-1.2130902325742767,-0.40436341085809246,0.3954832119039299,0.0,0.0
-1.2130902325742767,-0.3421536553414626,0.39431922315467727,0.0,0.0
-1.2130902325742767,-0.27994389982483314,0.3933501635468284,0.0,0.0
-1.2130902325742767,-0.2177341443082037,0.39257554465066136,0.0,0.0
-1.2130902325742767,-0.15552438879157382,0.39199495621781916,0.0,0.0
-1.2130902325742767,-0.09331463327494438,0.3916080793510443,0.0,0.0
-1.2130902325742767,-0.03110487775831494,0.39141469617295865,0.0,0.0
-1.2130902325742767,0.031104877758314498,0.39141469617295865,0.0,0.0
-1.2130902325742767,0.09331463327494438,0.3916080793510443,0.0,0.0
-1.2130902325742767,0.15552438879157382,0.39199495621781916,0.0,0.0
-1.2130902325742767,0.21773414430820326,0.39257554465066136,0.0,0.0
-1.2130902325742767,0.2799438998248327,0.3933501635468284,0.0,0.0
-1.2130902325742767,0.3421536553414626,0.39431922315467727,0.0,0.0
-1.2130902325742767,0.404363410858092,0.3954832119039299,0.0,0.0
-1.2130902325742767,0.46657316637472146,0.3968426794947832,0.0,0.0
-1.2130902325742767,0.5287829218913513,0.39839821594354036,0.0,0.0
-1.2130902325742767,0.5909926774079808,0.400150426219431,0.0,0.0
-1.2130902325742767,0.6532024329246102,0.40209990004373014,0.0,0.0
-1.2130902325742767,0.7154121884412397,0.40424717635888385,0.0,0.0
-1.2130902325742767,0.7776219439578695,0.406592701913218,0.0,0.0
-1.2130902325742767,0.839831699474499,0.409136783347659,0.0,0.0
-1.2130902325742767,0.9020414549911289,0.4118795321171299,0.0,0.0
-1.2130902325742767,0.9642512105077579,0.4148208015341965,0.0,0.0
-1.2130902325742767,1.0264609660243877,0.4179601151904868,0.0,0.0
-1.2130902325742767,1.0886707215410176,0.42129658599806497,0.0,0.0
-1.2130902325742767,1.1508804770576466,0.4248288251054763,0.0,0.0
-1.2130902325742767,1.2130902325742765,0.4285548399905518,0.0,0.0
-1.2130902325742767,1.2752999880909055,0.43247192112514227,0.0,0.0
-1.2130902325742767,1.3375097436075354,0.4365765167587645,0.0,0.0
-1.2130902325742767,1.3997194991241653,0.4408640955938068,0.0,0.0
-1.2130902325742767,1.4619292546407943,0.4453289974415812,0.0,0.0
-1.2130902325742767,1.5241390101574241,0.449964272374812,0.0,0.0
-1.2130902325742767,1.586348765674054,0.45476150944750493,0.0,0.0
-1.2130902325742767,1.648558521190683,0.45971065675635053,0.0,0.0
-1.2130902325742767,1.710768276707313,0.46479983548495474,0.0,0.0
-1.2130902325742767,1.7729780322239428,0.4700151516137833,0.0,0.0
-1.2130902325742767,1.8351877877405718,0.47534051019581347,0.0,0.0
-1.2130902325742767,1.8973975432572017,0.4807574384772478,0.0,0.0
-1.2130902325742767,1.9596072987738316,0.4862449256508985,0.0,0.0
-1.2130902325742767,2.0218170542904605,0.4917792886071793,0.0,0.0
-1.2130902325742767,2.0840268098070904,0.4973340746014984,0.0,0.0
-1.2130902325742767,2.1462365653237194,0.502880013156813,0.0,0.0
-1.2130902325742767,2.2084463208403493,0.5083850305954797,0.0,0.0
-1.2130902325742767,2.270656076356979,0.5138143411364952,0.0,0.0
-1.2130902325742767,2.332865831873608,0.5191306282649855,0.0,0.0
-1.2130902325742767,2.395075587390238,0.524294328831769,0.0,0.0
-1.2130902325742767,2.457285342906868,0.5292640298412722,0.0,0.0
-1.2130902325742767,2.519495098423497,0.5339969839623969,0.0,0.0
-1.2130902325742767,2.581704853940127,0.5384497443797688,0.0,0.0
-1.2130902325742767,2.6439146094567567,0.5425789127768516,0.0,0.0
-1.2130902325742767,2.7061243649733857,0.5463419862894263,0.0,0.0
-1.2130902325742767,2.7683341204900156,0.5496982806915898,0.0,0.0
-1.2130902325742767,2.8305438760066455,0.552609898595997,0.0,0.0
-1.2130902325742767,2.8927536315232745,0.555042703953256,0.0,0.0
-1.2130902325742767,2.9549633870399044,0.5569672585856139,0.0,0.0
-1.2130902325742767,3.0171731425565333,0.5583596737951938,0.0,0.0
-1.2130902325742767,3.0793828980731632,0.559202330946189,0.0,0.0
-1.150880477057647,-3.141592653589793,0.5512689379081398,0.0,0.0
-1.150880477057647,-3.0793828980731637,0.5509990786884247,0.0,0.0
-1.150880477057647,-3.017173142556534,0.5501929113740012,0.0,0.0
-1.150880477057647,-2.9549633870399044,0.5488605601215052,0.0,0.0
-1.150880477057647,-2.892753631523275,0.547018548775235,0.0,0.0
-1.150880477057647,-2.8305438760066455,0.544689298374685,0.0,0.0
-1.150880477057647,-2.7683341204900156,0.5419004656976255,0.0,0.0
-1.150880477057647,-2.706124364973386,0.5386841599891674,0.0,0.0
-1.150880477057647,-2.6439146094567567,0.5350760794445096,0.0,0.0
-1.150880477057647,-2.581704853940127,0.5311146099792295,0.0,0.0
-1.150880477057647,-2.5194950984234974,0.5268399266157591,0.0,0.0
-1.150880477057647,-2.457285342906868,0.5222931330313977,0.0,0.0
-1.150880477057647,-2.395075587390238,0.5175154682353048,0.0,0.0
-1.150880477057647,-2.3328658318736086,0.5125476018119964,0.0,0.0
-1.150880477057647,-2.270656076356979,0.5074290314737658,0.0,0.0
-1.150880477057647,-2.2084463208403498,0.5021975894525382,0.0,0.0
-1.150880477057647,-2.1462365653237203,0.4968890579978988,0.0,0.0
-1.150880477057647,-2.0840268098070904,0.4915368892047531,0.0,0.0
-1.150880477057647,-2.021817054290461,0.48617202066903886,0.0,0.0
-1.150880477057647,-1.9596072987738313,0.4808227760214793,0.0,0.0
-1.150880477057647,-1.897397543257202,0.4755148380786159,0.0,0.0
-1.150880477057647,-1.8351877877405722,0.47027128198215273,0.0,0.0
-1.150880477057647,-1.7729780322239428,0.46511265605562807,0.0,0.0
-1.150880477057647,-1.7107682767073131,0.4600570989803118,0.0,0.0
-1.150880477057647,-1.6485585211906835,0.4551204830910837,0.0,0.0
-1.150880477057647,-1.586348765674054,0.4503165749606747,0.0,0.0
-1.150880477057647,-1.5241390101574244,0.4456572058546068,0.0,0.0
-1.150880477057647,-1.461929254640795,0.44115244601051773,0.0,0.0
-1.150880477057647,-1.3997194991241653,0.43681077796490103,0.0,0.0
-1.150880477057647,-1.3375097436075358,0.4326392652826175,0.0,0.0
-1.150880477057647,-1.2752999880909062,0.4286437140236879,0.0,0.0
-1.150880477057647,-1.2130902325742767,0.4248288251054763,0.0,0.0
-1.150880477057647,-1.150880477057647,0.4211983363934217,0.0,0.0
-1.150880477057647,-1.0886707215410176,0.4177551538927341,0.0,0.0
-1.150880477057647,-1.0264609660243877,0.41450147183278463,0.0,0.0
-1.150880477057647,-0.9642512105077583,0.4114388817522087,0.0,0.0
-1.150880477057647,-0.9020414549911289,0.4085684709226358,0.0,0.0
-1.150880477057647,-0.8398316994744994,0.40589091060798377,0.0,0.0
-1.150880477057647,-0.7776219439578695,0.4034065347583088,0.0,0.0
-1.150880477057647,-0.7154121884412401,0.4011154097943678,0.0,0.0
-1.150880477057647,-0.6532024329246107,0.3990173961615868,0.0,0.0
-1.150880477057647,-0.5909926774079808,0.3971122023285203,0.0,0.0
-1.150880477057647,-0.5287829218913513,0.3953994318820366,0.0,0.0
-1.150880477057647,-0.4665731663747219,0.3938786243348724,0.0,0.0
-1.150880477057647,-0.40436341085809246,0.392549290215153,0.0,0.0
-1.150880477057647,-0.3421536553414626,0.39141094095524864,0.0,0.0
-1.150880477057647,-0.27994389982483314,0.390463114041373,0.0,0.0
-1.150880477057647,-0.2177341443082037,0.3897053938273742,0.0,0.0
-1.150880477057647,-0.15552438879157382,0.3891374283574371,0.0,0.0
-1.150880477057647,-0.09331463327494438,0.388758942483676,0.0,0.0
-1.150880477057647,-0.03110487775831494,0.38856974750629303,0.0,0.0
-1.150880477057647,0.031104877758314498,0.38856974750629303,0.0,0.0
-1.150880477057647,0.09331463327494438,0.388758942483676,0.0,0.0
-1.150880477057647,0.15552438879157382,0.3891374283574371,0.0,0.0
-1.150880477057647,0.21773414430820326,0.3897053938273742,0.0,0.0
-1.150880477057647,0.2799438998248327,0.390463114041373,0.0,0.0
-1.150880477057647,0.3421536553414626,0.39141094095524864,0.0,0.0
-1.150880477057647,0.404363410858092,0.392549290215153,0.0,0.0
-1.150880477057647,0.46657316637472146,0.3938786243348724,0.0,0.0
-1.150880477057647,0.5287829218913513,0.3953994318820366,0.0,0.0
-1.150880477057647,0.5909926774079808,0.3971122023285203,0.0,0.0
-1.150880477057647,0.6532024329246102,0.3990173961615868,0.0,0.0
-1.150880477057647,0.7154121884412397,0.40111540979436777,0.0,0.0
-1.150880477057647,0.7776219439578695,0.4034065347583088,0.0,0.0
-1.150880477057647,0.839831699474499,0.4058909106079837,0.0,0.0
-1.150880477057647,0.9020414549911289,0.4085684709226358,0.0,0.0
-1.150880477057647,0.9642512105077579,0.41143888175220866,0.0,0.0
-1.150880477057647,1.0264609660243877,0.41450147183278463,0.0,0.0
-1.150880477057647,1.0886707215410176,0.4177551538927341,0.0,0.0
-1.150880477057647,1.1508804770576466,0.4211983363934217,0.0,0.0
-1.150880477057647,1.2130902325742765,0.4248288251054763,0.0,0.0
-1.150880477057647,1.2752999880909055,0.42864371402368784,0.0,0.0
-1.150880477057647,1.3375097436075354,0.4326392652826175,0.0,0.0
-1.150880477057647,1.3997194991241653,0.43681077796490103,0.0,0.0
-1.150880477057647,1.4619292546407943,0.44115244601051773,0.0,0.0
-1.150880477057647,1.5241390101574241,0.4456572058546067,0.0,0.0
-1.150880477057647,1.586348765674054,0.4503165749606747,0.0,0.0
-1.150880477057647,1.648558521190683,0.45512048309108366,0.0,0.0
-1.150880477057647,1.710768276707313,0.4600570989803118,0.0,0.0
-1.150880477057647,1.7729780322239428,0.46511265605562807,0.0,0.0
-1.150880477057647,1.8351877877405718,0.4702712819821527,0.0,0.0
-1.150880477057647,1.8973975432572017,0.4755148380786159,0.0,0.0
-1.150880477057647,1.9596072987738316,0.4808227760214793,0.0,0.0
-1.150880477057647,2.0218170542904605,0.48617202066903886,0.0,0.0
-1.150880477057647,2.0840268098070904,0.4915368892047531,0.0,0.0
-1.150880477057647,2.1462365653237194,0.49688905799789873,0.0,0.0
-1.150880477057647,2.2084463208403493,0.5021975894525382,0.0,0.0
-1.150880477057647,2.270656076356979,0.5074290314737658,0.0,0.0
-1.150880477057647,2.332865831873608,0.5125476018119963,0.0,0.0
-1.150880477057647,2.395075587390238,0.5175154682353048,0.0,0.0
-1.150880477057647,2.457285342906868,0.5222931330313977,0.0,0.0
-1.150880477057647,2.519495098423497,0.5268399266157591,0.0,0.0
-1.150880477057647,2.581704853940127,0.5311146099792295,0.0,0.0
-1.150880477057647,2.6439146094567567,0.5350760794445096,0.0,0.0
-1.150880477057647,2.7061243649733857,0.5386841599891673,0.0,0.0
-1.150880477057647,2.7683341204900156,0.5419004656976255,0.0,0.0
-1.150880477057647,2.8305438760066455,0.544689298374685,0.0,0.0
-1.150880477057647,2.8927536315232745,0.547018548775235,0.0,0.0
-1.150880477057647,2.9549633870399044,0.5488605601215052,0.0,0.0
-1.150880477057647,3.0171731425565333,0.5501929113740012,0.0,0.0
-1.150880477057647,3.0793828980731632,0.5509990786884247,0.0,0.0
-1.0886707215410176,-3.141592653589793,0.5436160718758839,0.0,0.0
-1.0886707215410176,-3.0793828980731637,0.5433572908982995,0.0,0.0
-1.0886707215410176,-3.017173142556534,0.5425841559466213,0.0,0.0
-1.0886707215410176,-2.9549633870399044,0.541306192641338,0.0,0.0
-1.0886707215410176,-2.892753631523275,0.539538955131772,0.0,0.0
-1.0886707215410176,-2.8305438760066455,0.5373035632011688,0.0,0.0
-1.0886707215410176,-2.7683341204900156,0.5346260921103371,0.0,0.0
-1.0886707215410176,-2.706124364973386,0.5315368487669188,0.0,0.0
-1.0886707215410176,-2.6439146094567567,0.5280695719193023,0.0,0.0
-1.0886707215410176,-2.581704853940127,0.5242605951103169,0.0,0.0
-1.0886707215410176,-2.5194950984234974,0.5201480093148478,0.0,0.0
-1.0886707215410176,-2.457285342906868,0.5157708580349578,0.0,0.0
-1.0886707215410176,-2.395075587390238,0.5111683918172766,0.0,0.0
-1.0886707215410176,-2.3328658318736086,0.5063794024321193,0.0,0.0
-1.0886707215410176,-2.270656076356979,0.5014416500134629,0.0,0.0
-1.0886707215410176,-2.2084463208403498,0.4963913898902805,0.0,0.0
-1.0886707215410176,-2.1462365653237203,0.4912630000725893,0.0,0.0
-1.0886707215410176,-2.0840268098070904,0.4860887056514304,0.0,0.0
-1.0886707215410176,-2.021817054290461,0.4808983928371114,0.0,0.0
-1.0886707215410176,-1.9596072987738313,0.4757195029741649,0.0,0.0
-1.0886707215410176,-1.897397543257202,0.4705769955237449,0.0,0.0
-1.0886707215410176,-1.8351877877405722,0.4654933685290249,0.0,0.0
-1.0886707215410176,-1.7729780322239428,0.46048872528758006,0.0,0.0
-1.0886707215410176,-1.7107682767073131,0.4555808766583681,0.0,0.0
-1.0886707215410176,-1.6485585211906835,0.4507854694584724,0.0,0.0
-1.0886707215410176,-1.586348765674054,0.44611613261131117,0.0,0.0
-1.0886707215410176,-1.5241390101574244,0.44158463397872216,0.0,0.0
-1.0886707215410176,-1.461929254640795,0.43720104205903243,0.0,0.0
-1.0886707215410176,-1.3997194991241653,0.43297388790349534,0.0,0.0
-1.0886707215410176,-1.3375097436075358,0.4289103236583036,0.0,0.0
-1.0886707215410176,-1.2752999880909062,0.42501627506046885,0.0,0.0
-1.0886707215410176,-1.2130902325742767,0.42129658599806497,0.0,0.0
-1.0886707215410176,-1.150880477057647,0.4177551538927341,0.0,0.0
-1.0886707215410176,-1.0886707215410176,0.4143950551849143,0.0,0.0
-1.0886707215410176,-1.0264609660243877,0.41121866061326745,0.0,0.0
-1.0886707215410176,-0.9642512105077583,0.4082277402939895,0.0,0.0
-1.0886707215410176,-0.9020414549911289,0.4054235588379086,0.0,0.0
-1.0886707215410176,-0.8398316994744994,0.40280696090757306,0.0,0.0
-1.0886707215410176,-0.7776219439578695,0.4003784477256856,0.0,0.0
-1.0886707215410176,-0.7154121884412401,0.3981382451114836,0.0,0.0
-1.0886707215410176,-0.6532024329246107,0.3960863636526394,0.0,0.0
-1.0886707215410176,-0.5909926774079808,0.394222651625011,0.0,0.0
-1.0886707215410176,-0.5287829218913513,0.3925468412577378,0.0,0.0
-1.0886707215410176,-0.4665731663747219,0.3910585889120614,0.0,0.0
-1.0886707215410176,-0.40436341085809246,0.3897575097030692,0.0,0.0
-1.0886707215410176,-0.3421536553414626,0.3886432070475401,0.0,0.0
-1.0886707215410176,-0.27994389982483314,0.3877152975706692,0.0,0.0
-1.0886707215410176,-0.2177341443082037,0.38697343175146565,0.0,0.0
-1.0886707215410176,-0.15552438879157382,0.38641731063229223,0.0,0.0
-1.0886707215410176,-0.09331463327494438,0.38604669886323095,0.0,0.0
-1.0886707215410176,-0.03110487775831494,0.3858614342971873,0.0,0.0
-1.0886707215410176,0.031104877758314498,0.3858614342971873,0.0,0.0
-1.0886707215410176,0.09331463327494438,0.38604669886323095,0.0,0.0
-1.0886707215410176,0.15552438879157382,0.38641731063229223,0.0,0.0
-1.0886707215410176,0.21773414430820326,0.38697343175146565,0.0,0.0
-1.0886707215410176,0.2799438998248327,0.3877152975706692,0.0,0.0
-1.0886707215410176,0.3421536553414626,0.3886432070475401,0.0,0.0
-1.0886707215410176,0.404363410858092,0.38975750970306927,0.0,0.0
-1.0886707215410176,0.46657316637472146,0.39105858891206136,0.0,0.0
-1.0886707215410176,0.5287829218913513,0.3925468412577378,0.0,0.0
-1.0886707215410176,0.5909926774079808,0.394222651625011,0.0,0.0
-1.0886707215410176,0.6532024329246102,0.3960863636526394,0.0,0.0
-1.0886707215410176,0.7154121884412397,0.3981382451114836,0.0,0.0
-1.0886707215410176,0.7776219439578695,0.4003784477256856,0.0,0.0
-1.0886707215410176,0.839831699474499,0.40280696090757306,0.0,0.0
-1.0886707215410176,0.9020414549911289,0.4054235588379086,0.0,0.0
-1.0886707215410176,0.9642512105077579,0.4082277402939895,0.0,0.0
-1.0886707215410176,1.0264609660243877,0.41121866061326745,0.0,0.0
-1.0886707215410176,1.0886707215410176,0.4143950551849143,0.0,0.0
-1.0886707215410176,1.1508804770576466,0.41775515389273404,0.0,0.0
-1.0886707215410176,1.2130902325742765,0.42129658599806497,0.0,0.0
-1.0886707215410176,1.2752999880909055,0.4250162750604688,0.0,0.0
-1.0886707215410176,1.3375097436075354,0.42891032365830356,0.0,0.0
-1.0886707215410176,1.3997194991241653,0.43297388790349534,0.0,0.0
-1.0886707215410176,1.4619292546407943,0.4372010420590324,0.0,0.0
-1.0886707215410176,1.5241390101574241,0.4415846339787221,0.0,0.0
-1.0886707215410176,1.586348765674054,0.44611613261131117,0.0,0.0
-1.0886707215410176,1.648558521190683,0.4507854694584723,0.0,0.0
-1.0886707215410176,1.710768276707313,0.4555808766583681,0.0,0.0
-1.0886707215410176,1.7729780322239428,0.46048872528758006,0.0,0.0
-1.0886707215410176,1.8351877877405718,0.4654933685290249,0.0,0.0
-1.0886707215410176,1.8973975432572017,0.4705769955237449,0.0,0.0
-1.0886707215410176,1.9596072987738316,0.4757195029741649,0.0,0.0
-1.0886707215410176,2.0218170542904605,0.4808983928371114,0.0,0.0
-1.0886707215410176,2.0840268098070904,0.4860887056514304,0.0,0.0
-1.0886707215410176,2.1462365653237194,0.4912630000725893,0.0,0.0
-1.0886707215410176,2.2084463208403493,0.4963913898902805,0.0,0.0
-1.0886707215410176,2.270656076356979,0.5014416500134629,0.0,0.0
-1.0886707215410176,2.332865831873608,0.5063794024321193,0.0,0.0
-1.0886707215410176,2.395075587390238,0.5111683918172766,0.0,0.0
-1.0886707215410176,2.457285342906868,0.5157708580349578,0.0,0.0
-1.0886707215410176,2.519495098423497,0.5201480093148478,0.0,0.0
-1.0886707215410176,2.581704853940127,0.5242605951103169,0.0,0.0
-1.0886707215410176,2.6439146094567567,0.5280695719193023,0.0,0.0
-1.0886707215410176,2.7061243649733857,0.5315368487669188,0.0,0.0
-1.0886707215410176,2.7683341204900156,0.5346260921103371,0.0,0.0
-1.0886707215410176,2.8305438760066455,0.5373035632011688,0.0,0.0
-1.0886707215410176,2.8927536315232745,0.5395389551317719,0.0,0.0
-1.0886707215410176,2.9549633870399044,0.541306192641338,0.0,0.0
-1.0886707215410176,3.0171731425565333,0.5425841559466213,0.0,0.0
-1.0886707215410176,3.0793828980731632,0.5433572908982995,0.0,0.0
-1.0264609660243877,-3.141592653589793,0.5365040173737513,0.0,0.0
-1.0264609660243877,-3.0793828980731637,0.5362552562672205,0.0,0.0
-1.0264609660243877,-3.017173142556534,0.5355120017474864,0.0,0.0
-1.0264609660243877,-2.9549633870399044,0.5342832493023861,0.0,0.0
-1.0264609660243877,-2.892753631523275,0.5325836936783989,0.0,0.0
-1.0264609660243877,-2.8305438760066455,0.5304333003460245,0.0,0.0
-1.0264609660243877,-2.7683341204900156,0.5278567399336249,0.0,0.0
-1.0264609660243877,-2.706124364973386,0.5248827161792359,0.0,0.0
-1.0264609660243877,-2.6439146094567567,0.5215432217889318,0.0,0.0
-1.0264609660243877,-2.581704853940127,0.5178727576694985,0.0,0.0
-1.0264609660243877,-2.5194950984234974,0.5139075495107184,0.0,0.0
-1.0264609660243877,-2.457285342906868,0.5096847920662493,0.0,0.0
-1.0264609660243877,-2.395075587390238,0.5052419463188568,0.0,0.0
-1.0264609660243877,-2.3328658318736086,0.5006161086731568,0.0,0.0
-1.0264609660243877,-2.270656076356979,0.49584346502600174,0.0,0.0
-1.0264609660243877,-2.2084463208403498,0.4909588365545048,0.0,0.0
-1.0264609660243877,-2.1462365653237203,0.48599531873247936,0.0,0.0
-1.0264609660243877,-2.0840268098070904,0.4809840106879555,0.0,0.0
-1.0264609660243877,-2.021817054290461,0.4759538286587654,0.0,0.0
-1.0264609660243877,-1.9596072987738313,0.4709313949862552,0.0,0.0
-1.0264609660243877,-1.897397543257202,0.4659409927208143,0.0,0.0
-1.0264609660243877,-1.8351877877405722,0.46100457535613387,0.0,0.0
-1.0264609660243877,-1.7729780322239428,0.4561418212960977,0.0,0.0
-1.0264609660243877,-1.7107682767073131,0.451370223220446,0.0,0.0
-1.0264609660243877,-1.6485585211906835,0.446705203397059,0.0,0.0
-1.0264609660243877,-1.586348765674054,0.44216024705608,0.0,0.0
-1.0264609660243877,-1.5241390101574244,0.4377470470864174,0.0,0.0
-1.0264609660243877,-1.461929254640795,0.4334756544570858,0.0,0.0
-1.0264609660243877,-1.3997194991241653,0.429354629847231,0.0,0.0
-1.0264609660243877,-1.3375097436075358,0.42539119295305694,0.0,0.0
-1.0264609660243877,-1.2752999880909062,0.4215913668073405,0.0,0.0
-1.0264609660243877,-1.2130902325742767,0.4179601151904868,0.0,0.0
-1.0264609660243877,-1.150880477057647,0.41450147183278463,0.0,0.0
-1.0264609660243877,-1.0886707215410176,0.41121866061326745,0.0,0.0
-1.0264609660243877,-1.0264609660243877,0.4081142063624869,0.0,0.0
-1.0264609660243877,-0.9642512105077583,0.40519003618736255,0.0,0.0
-1.0264609660243877,-0.9020414549911289,0.40244757146933047,0.0,0.0
-1.0264609660243877,-0.8398316994744994,0.39988781085501174,0.0,0.0
-1.0264609660243877,-0.7776219439578695,0.3975114046733224,0.0,0.0
-1.0264609660243877,-0.7154121884412401,0.39531872128480194,0.0,0.0
-1.0264609660243877,-0.6532024329246107,0.3933099059070014,0.0,0.0
-1.0264609660243877,-0.5909926774079808,0.3914849324716947,0.0,0.0
-1.0264609660243877,-0.5287829218913513,0.3898436490617916,0.0,0.0
-1.0264609660243877,-0.4665731663747219,0.3883858174532915,0.0,0.0
-1.0264609660243877,-0.40436341085809246,0.3871111472545062,0.0,0.0
-1.0264609660243877,-0.3421536553414626,0.3860193250943156,0.0,0.0
-1.0264609660243877,-0.27994389982483314,0.38511003926582965,0.0,0.0
-1.0264609660243877,-0.2177341443082037,0.3843830001833439,0.0,0.0
-1.0264609660243877,-0.15552438879157382,0.3838379569601914,0.0,0.0
-1.0264609660243877,-0.09331463327494438,0.38347471036392267,0.0,0.0
-1.0264609660243877,-0.03110487775831494,0.3832931223537544,0.0,0.0
-1.0264609660243877,0.031104877758314498,0.3832931223537544,0.0,0.0
-1.0264609660243877,0.09331463327494438,0.38347471036392267,0.0,0.0
-1.0264609660243877,0.15552438879157382,0.3838379569601914,0.0,0.0
-1.0264609660243877,0.21773414430820326,0.3843830001833439,0.0,0.0
-1.0264609660243877,0.2799438998248327,0.3851100392658297,0.0,0.0
-1.0264609660243877,0.3421536553414626,0.3860193250943156,0.0,0.0
-1.0264609660243877,0.404363410858092,0.3871111472545062,0.0,0.0
-1.0264609660243877,0.46657316637472146,0.3883858174532914,0.0,0.0
-1.0264609660243877,0.5287829218913513,0.3898436490617916,0.0,0.0
-1.0264609660243877,0.5909926774079808,0.3914849324716947,0.0,0.0
-1.0264609660243877,0.6532024329246102,0.3933099059070015,0.0,0.0
-1.0264609660243877,0.7154121884412397,0.39531872128480183,0.0,0.0
-1.0264609660243877,0.7776219439578695,0.3975114046733224,0.0,0.0
-1.0264609660243877,0.839831699474499,0.39988781085501174,0.0,0.0
-1.0264609660243877,0.9020414549911289,0.40244757146933047,0.0,0.0
-1.0264609660243877,0.9642512105077579,0.40519003618736255,0.0,0.0
-1.0264609660243877,1.0264609660243877,0.4081142063624869,0.0,0.0
-1.0264609660243877,1.0886707215410176,0.41121866061326745,0.0,0.0
-1.0264609660243877,1.1508804770576466,0.4145014718327846,0.0,0.0
-1.0264609660243877,1.2130902325742765,0.4179601151904868,0.0,0.0
-1.0264609660243877,1.2752999880909055,0.42159136680734044,0.0,0.0
-1.0264609660243877,1.3375097436075354,0.42539119295305694,0.0,0.0
-1.0264609660243877,1.3997194991241653,0.429354629847231,0.0,0.0
-1.0264609660243877,1.4619292546407943,0.4334756544570857,0.0,0.0
-1.0264609660243877,1.5241390101574241,0.4377470470864174,0.0,0.0
-1.0264609660243877,1.586348765674054,0.44216024705608,0.0,0.0
-1.0264609660243877,1.648558521190683,0.446705203397059,0.0,0.0
-1.0264609660243877,1.710768276707313,0.451370223220446,0.0,0.0
-1.0264609660243877,1.7729780322239428,0.4561418212960977,0.0,0.0
-1.0264609660243877,1.8351877877405718,0.4610045753561338,0.0,0.0
-1.0264609660243877,1.8973975432572017,0.46594099272081424,0.0,0.0
-1.0264609660243877,1.9596072987738316,0.4709313949862552,0.0,0.0
-1.0264609660243877,2.0218170542904605,0.4759538286587654,0.0,0.0
-1.0264609660243877,2.0840268098070904,0.4809840106879555,0.0,0.0
-1.0264609660243877,2.1462365653237194,0.48599531873247925,0.0,0.0
-1.0264609660243877,2.2084463208403493,0.4909588365545047,0.0,0.0
-1.0264609660243877,2.270656076356979,0.49584346502600174,0.0,0.0
-1.0264609660243877,2.332865831873608,0.5006161086731568,0.0,0.0
-1.0264609660243877,2.395075587390238,0.5052419463188568,0.0,0.0
-1.0264609660243877,2.457285342906868,0.5096847920662493,0.0,0.0
-1.0264609660243877,2.519495098423497,0.5139075495107183,0.0,0.0
-1.0264609660243877,2.581704853940127,0.5178727576694985,0.0,0.0
-1.0264609660243877,2.6439146094567567,0.5215432217889318,0.0,0.0
-1.0264609660243877,2.7061243649733857,0.5248827161792358,0.0,0.0
-1.0264609660243877,2.7683341204900156,0.5278567399336249,0.0,0.0
-1.0264609660243877,2.8305438760066455,0.5304333003460245,0.0,0.0
-1.0264609660243877,2.8927536315232745,0.5325836936783989,0.0,0.0
-1.0264609660243877,2.9549633870399044,0.5342832493023861,0.0,0.0
-1.0264609660243877,3.0171731425565333,0.5355120017474864,0.0,0.0
-1.0264609660243877,3.0793828980731632,0.5362552562672205,0.0,0.0
-0.9642512105077583,-3.141592653589793,0.5299122502644545,0.0,0.0
-0.9642512105077583,-3.0793828980731637,0.5296725421150797,0.0,0.0
-0.9642512105077583,-3.017173142556534,0.5289562877629572,0.0,0.0
-0.9642512105077583,-2.9549633870399044,0.5277720130152889,0.0,0.0
-0.9642512105077583,-2.892753631523275,0.526133650784689,0.0,0.0
-0.9642512105077583,-2.8305438760066455,0.5240601424163628,0.0,0.0
-0.9642512105077583,-2.7683341204900156,0.5215749109340345,0.0,0.0
-0.9642512105077583,-2.706124364973386,0.5187052341580652,0.0,0.0
-0.9642512105077583,-2.6439146094567567,0.5154815492451758,0.0,0.0
-0.9642512105077583,-2.581704853940127,0.5119367213020749,0.0,0.0
-0.9642512105077583,-2.5194950984234974,0.5081053074911195,0.0,0.0
-0.9642512105077583,-2.457285342906868,0.504022844855617,0.0,0.0
-0.9642512105077583,-2.395075587390238,0.49972518547262296,0.0,0.0
-0.9642512105077583,-2.3328658318736086,0.49524789707892847,0.0,0.0
-0.9642512105077583,-2.270656076356979,0.4906257415787442,0.0,0.0
-0.9642512105077583,-2.2084463208403498,0.48589223831637646,0.0,0.0
-0.9642512105077583,-2.1462365653237203,0.48107931405356164,0.0,0.0
-0.9642512105077583,-2.0840268098070904,0.4762170374678966,0.0,0.0
-0.9642512105077583,-2.021817054290461,0.4713334328000476,0.0,0.0
-0.9642512105077583,-1.9596072987738313,0.46645436503210136,0.0,0.0
-0.9642512105077583,-1.897397543257202,0.4616034876078171,0.0,0.0
-0.9642512105077583,-1.8351877877405722,0.45680224308707057,0.0,0.0
-0.9642512105077583,-1.7729780322239428,0.45206990711534295,0.0,0.0
-0.9642512105077583,-1.7107682767073131,0.4474236665332453,0.0,0.0
-0.9642512105077583,-1.6485585211906835,0.4428787232086811,0.0,0.0
-0.9642512105077583,-1.586348765674054,0.43844841612149965,0.0,0.0
-0.9642512105077583,-1.5241390101574244,0.4341443552662554,0.0,0.0
-0.9642512105077583,-1.461929254640795,0.429976561985347,0.0,0.0
-0.9642512105077583,-1.3997194991241653,0.4259536113467298,0.0,0.0
-0.9642512105077583,-1.3375097436075358,0.422082773101015,0.0,0.0
-0.9642512105077583,-1.2752999880909062,0.4183701485710711,0.0,0.0
-0.9642512105077583,-1.2130902325742767,0.4148208015341965,0.0,0.0
-0.9642512105077583,-1.150880477057647,0.4114388817522087,0.0,0.0
-0.9642512105077583,-1.0886707215410176,0.4082277402939895,0.0,0.0
-0.9642512105077583,-1.0264609660243877,0.40519003618736255,0.0,0.0
-0.9642512105077583,-0.9642512105077583,0.40232783424382157,0.0,0.0
-0.9642512105077583,-0.9020414549911289,0.3996426941323711,0.0,0.0
-0.9642512105077583,-0.8398316994744994,0.3971357509491858,0.0,0.0
-0.9642512105077583,-0.7776219439578695,0.394807787648759,0.0,0.0
-0.9642512105077583,-0.7154121884412401,0.39265929977943453,0.0,0.0
-0.9642512105077583,-0.6532024329246107,0.3906905530102184,0.0,0.0
-0.9642512105077583,-0.5909926774079808,0.38890163395380034,0.0,0.0
-0.9642512105077583,-0.5287829218913513,0.38729249478885447,0.0,0.0
-0.9642512105077583,-0.4665731663747219,0.38586299216789155,0.0,0.0
-0.9642512105077583,-0.40436341085809246,0.3846129208692068,0.0,0.0
-0.9642512105077583,-0.3421536553414626,0.383542042615938,0.0,0.0
-0.9642512105077583,-0.27994389982483314,0.3826501104443607,0.0,0.0
-0.9642512105077583,-0.2177341443082037,0.3819368889591278,0.0,0.0
-0.9642512105077583,-0.15552438879157382,0.3814021707665445,0.0,0.0
-0.9642512105077583,-0.09331463327494438,0.38104578932911015,0.0,0.0
-0.9642512105077583,-0.03110487775831494,0.3808676284360782,0.0,0.0
-0.9642512105077583,0.031104877758314498,0.3808676284360782,0.0,0.0
-0.9642512105077583,0.09331463327494438,0.38104578932911015,0.0,0.0
-0.9642512105077583,0.15552438879157382,0.3814021707665445,0.0,0.0
-0.9642512105077583,0.21773414430820326,0.3819368889591278,0.0,0.0
-0.9642512105077583,0.2799438998248327,0.3826501104443607,0.0,0.0
-0.9642512105077583,0.3421536553414626,0.383542042615938,0.0,0.0
-0.9642512105077583,0.404363410858092,0.3846129208692068,0.0,0.0
-0.9642512105077583,0.46657316637472146,0.3858629921678915,0.0,0.0
-0.9642512105077583,0.5287829218913513,0.38729249478885447,0.0,0.0
-0.9642512105077583,0.5909926774079808,0.38890163395380034,0.0,0.0
-0.9642512105077583,0.6532024329246102,0.3906905530102183,0.0,0.0
-0.9642512105077583,0.7154121884412397,0.39265929977943453,0.0,0.0
-0.9642512105077583,0.7776219439578695,0.394807787648759,0.0,0.0
-0.9642512105077583,0.839831699474499,0.3971357509491858,0.0,0.0
-0.9642512105077583,0.9020414549911289,0.3996426941323711,0.0,0.0
-0.9642512105077583,0.9642512105077579,0.4023278342438215,0.0,0.0
-0.9642512105077583,1.0264609660243877,0.40519003618736255,0.0,0.0
-0.9642512105077583,1.0886707215410176,0.4082277402939895,0.0,0.0
-0.9642512105077583,1.1508804770576466,0.41143888175220866,0.0,0.0
-0.9642512105077583,1.2130902325742765,0.4148208015341965,0.0,0.0
-0.9642512105077583,1.2752999880909055,0.4183701485710711,0.0,0.0
-0.9642512105077583,1.3375097436075354,0.422082773101015,0.0,0.0
-0.9642512105077583,1.3997194991241653,0.4259536113467298,0.0,0.0
-0.9642512105077583,1.4619292546407943,0.42997656198534695,0.0,0.0
-0.9642512105077583,1.5241390101574241,0.4341443552662554,0.0,0.0
-0.9642512105077583,1.586348765674054,0.43844841612149965,0.0,0.0
-0.9642512105077583,1.648558521190683,0.4428787232086811,0.0,0.0
-0.9642512105077583,1.710768276707313,0.4474236665332452,0.0,0.0
-0.9642512105077583,1.7729780322239428,0.45206990711534295,0.0,0.0
-0.9642512105077583,1.8351877877405718,0.4568022430870705,0.0,0.0
-0.9642512105077583,1.8973975432572017,0.46160348760781705,0.0,0.0
-0.9642512105077583,1.9596072987738316,0.46645436503210136,0.0,0.0
-0.9642512105077583,2.0218170542904605,0.4713334328000475,0.0,0.0
-0.9642512105077583,2.0840268098070904,0.4762170374678966,0.0,0.0
-0.9642512105077583,2.1462365653237194,0.4810793140535616,0.0,0.0
-0.9642512105077583,2.2084463208403493,0.48589223831637646,0.0,0.0
-0.9642512105077583,2.270656076356979,0.4906257415787442,0.0,0.0
-0.9642512105077583,2.332865831873608,0.49524789707892836,0.0,0.0
-0.9642512105077583,2.395075587390238,0.49972518547262296,0.0,0.0
-0.9642512105077583,2.457285342906868,0.504022844855617,0.0,0.0
-0.9642512105077583,2.519495098423497,0.5081053074911194,0.0,0.0
-0.9642512105077583,2.581704853940127,0.5119367213020749,0.0,0.0
-0.9642512105077583,2.6439146094567567,0.5154815492451758,0.0,0.0
-0.9642512105077583,2.7061243649733857,0.5187052341580652,0.0,0.0
-0.9642512105077583,2.7683341204900156,0.5215749109340345,0.0,0.0
-0.9642512105077583,2.8305438760066455,0.5240601424163628,0.0,0.0
-0.9642512105077583,2.8927536315232745,0.5261336507846889,0.0,0.0
-0.9642512105077583,2.9549633870399044,0.5277720130152889,0.0,0.0
-0.9642512105077583,3.0171731425565333,0.5289562877629572,0.0,0.0
-0.9642512105077583,3.0793828980731632,0.5296725421150797,0.0,0.0
-0.9020414549911289,-3.141592653589793,0.5238215782691396,0.0,0.0
-0.9020414549911289,-3.0793828980731637,0.5235900373200866,0.0,0.0
-0.9020414549911289,-3.017173142556534,0.5228981440211591,0.0,0.0
-0.9020414549911289,-2.9549633870399044,0.5217540081235265,0.0,0.0
-0.9020414549911289,-2.892753631523275,0.5201708873372294,0.0,0.0
-0.9020414549911289,-2.8305438760066455,0.5181668146388797,0.0,0.0
-0.9020414549911289,-2.7683341204900156,0.515764105332679,0.0,0.0
-0.9020414549911289,-2.706124364973386,0.5129887695947195,0.0,0.0
-0.9020414549911289,-2.6439146094567567,0.5098698596105413,0.0,0.0
-0.9020414549911289,-2.581704853940127,0.5064387815287678,0.0,0.0
-0.9020414549911289,-2.5194950984234974,0.5027286014295751,0.0,0.0
-0.9020414549911289,-2.457285342906868,0.49877337167964286,0.0,0.0
-0.9020414549911289,-2.395075587390238,0.4946074998840635,0.0,0.0
-0.9020414549911289,-2.3328658318736086,0.49026517767794225,0.0,0.0
-0.9020414549911289,-2.270656076356979,0.48577988134097255,0.0,0.0
-0.9020414549911289,-2.2084463208403498,0.48118395111411066,0.0,0.0
-0.9020414549911289,-2.1462365653237203,0.47650825149284787,0.0,0.0
-0.9020414549911289,-2.0840268098070904,0.47178191089429977,0.0,0.0
-0.9020414549911289,-2.021817054290461,0.46703213606050614,0.0,0.0
-0.9020414549911289,-1.9596072987738313,0.4622840943866572,0.0,0.0
-0.9020414549911289,-1.897397543257202,0.45756085599564156,0.0,0.0
-0.9020414549911289,-1.8351877877405722,0.45288338671580974,0.0,0.0
-0.9020414549911289,-1.7729780322239428,0.4482705830277051,0.0,0.0
-0.9020414549911289,-1.7107682767073131,0.4437393403910607,0.0,0.0
-0.9020414549911289,-1.6485585211906835,0.43930464701541644,0.0,0.0
-0.9020414549911289,-1.586348765674054,0.4349796959813828,0.0,0.0
-0.9020414549911289,-1.5241390101574244,0.43077600955976475,0.0,0.0
-0.9020414549911289,-1.461929254640795,0.4267035705384168,0.0,0.0
-0.9020414549911289,-1.3997194991241653,0.42277095629781636,0.0,0.0
-0.9020414549911289,-1.3375097436075358,0.41898547223952853,0.0,0.0
-0.9020414549911289,-1.2752999880909062,0.41535328194520543,0.0,0.0
-0.9020414549911289,-1.2130902325742767,0.4118795321171299,0.0,0.0
-0.9020414549911289,-1.150880477057647,0.4085684709226358,0.0,0.0
-0.9020414549911289,-1.0886707215410176,0.4054235588379086,0.0,0.0
-0.9020414549911289,-1.0264609660243877,0.40244757146933047,0.0,0.0
-0.9020414549911289,-0.9642512105077583,0.3996426941323711,0.0,0.0
-0.9020414549911289,-0.9020414549911289,0.39701060819961886,0.0,0.0
-0.9020414549911289,-0.8398316994744994,0.394552569401436,0.0,0.0
-0.9020414549911289,-0.7776219439578695,0.3922694783848963,0.0,0.0
-0.9020414549911289,-0.7154121884412401,0.3901619439182216,0.0,0.0
-0.9020414549911289,-0.6532024329246107,0.3882303391768789,0.0,0.0
-0.9020414549911289,-0.5909926774079808,0.3864748515707334,0.0,0.0
-0.9020414549911289,-0.5287829218913513,0.3848955265749921,0.0,0.0
-0.9020414549911289,-0.4665731663747219,0.383492306015893,0.0,0.0
-0.9020414549911289,-0.40436341085809246,0.38226506123910164,0.0,0.0
-0.9020414549911289,-0.3421536553414626,0.3812136215576378,0.0,0.0
-0.9020414549911289,-0.27994389982483314,0.38033779833929243,0.0,0.0
-0.9020414549911289,-0.2177341443082037,0.37963740505273685,0.0,0.0
-0.9020414549911289,-0.15552438879157382,0.3791122735482328,0.0,0.0
-0.9020414549911289,-0.09331463327494438,0.37876226680400893,0.0,0.0
-0.9020414549911289,-0.03110487775831494,0.378587288323646,0.0,0.0
-0.9020414549911289,0.031104877758314498,0.378587288323646,0.0,0.0
-0.9020414549911289,0.09331463327494438,0.37876226680400893,0.0,0.0
-0.9020414549911289,0.15552438879157382,0.3791122735482328,0.0,0.0
-0.9020414549911289,0.21773414430820326,0.3796374050527368,0.0,0.0
-0.9020414549911289,0.2799438998248327,0.38033779833929243,0.0,0.0
-0.9020414549911289,0.3421536553414626,0.3812136215576378,0.0,0.0
-0.9020414549911289,0.404363410858092,0.3822650612391017,0.0,0.0
-0.9020414549911289,0.46657316637472146,0.383492306015893,0.0,0.0
-0.9020414549911289,0.5287829218913513,0.3848955265749921,0.0,0.0
-0.9020414549911289,0.5909926774079808,0.3864748515707334,0.0,0.0
-0.9020414549911289,0.6532024329246102,0.3882303391768789,0.0,0.0
-0.9020414549911289,0.7154121884412397,0.39016194391822157,0.0,0.0
-0.9020414549911289,0.7776219439578695,0.3922694783848963,0.0,0.0
-0.9020414549911289,0.839831699474499,0.394552569401436,0.0,0.0
-0.9020414549911289,0.9020414549911289,0.39701060819961886,0.0,0.0
-0.9020414549911289,0.9642512105077579,0.399642694132371,0.0,0.0
-0.9020414549911289,1.0264609660243877,0.40244757146933047,0.0,0.0
-0.9020414549911289,1.0886707215410176,0.4054235588379086,0.0,0.0
-0.9020414549911289,1.1508804770576466,0.4085684709226357,0.0,0.0
-0.9020414549911289,1.2130902325742765,0.4118795321171299,0.0,0.0
-0.9020414549911289,1.2752999880909055,0.4153532819452054,0.0,0.0
-0.9020414549911289,1.3375097436075354,0.41898547223952853,0.0,0.0
-0.9020414549911289,1.3997194991241653,0.42277095629781636,0.0,0.0
-0.9020414549911289,1.4619292546407943,0.42670357053841673,0.0,0.0
-0.9020414549911289,1.5241390101574241,0.4307760095597647,0.0,0.0
-0.9020414549911289,1.586348765674054,0.4349796959813828,0.0,0.0
-0.9020414549911289,1.648558521190683,0.4393046470154164,0.0,0.0
-0.9020414549911289,1.710768276707313,0.4437393403910607,0.0,0.0
-0.9020414549911289,1.7729780322239428,0.4482705830277051,0.0,0.0
-0.9020414549911289,1.8351877877405718,0.45288338671580974,0.0,0.0
-0.9020414549911289,1.8973975432572017,0.4575608559956415,0.0,0.0
-0.9020414549911289,1.9596072987738316,0.4622840943866572,0.0,0.0
-0.9020414549911289,2.0218170542904605,0.46703213606050614,0.0,0.0
-0.9020414549911289,2.0840268098070904,0.47178191089429977,0.0,0.0
-0.9020414549911289,2.1462365653237194,0.4765082514928478,0.0,0.0
-0.9020414549911289,2.2084463208403493,0.48118395111411066,0.0,0.0
-0.9020414549911289,2.270656076356979,0.48577988134097255,0.0,0.0
-0.9020414549911289,2.332865831873608,0.49026517767794214,0.0,0.0
-0.9020414549911289,2.395075587390238,0.4946074998840635,0.0,0.0
-0.9020414549911289,2.457285342906868,0.49877337167964286,0.0,0.0
-0.9020414549911289,2.519495098423497,0.502728601429575,0.0,0.0
-0.9020414549911289,2.581704853940127,0.5064387815287678,0.0,0.0
-0.9020414549911289,2.6439146094567567,0.5098698596105413,0.0,0.0
-0.9020414549911289,2.7061243649733857,0.5129887695947195,0.0,0.0
-0.9020414549911289,2.7683341204900156,0.515764105332679,0.0,0.0
-0.9020414549911289,2.8305438760066455,0.5181668146388797,0.0,0.0
-0.9020414549911289,2.8927536315232745,0.5201708873372294,0.0,0.0
-0.9020414549911289,2.9549633870399044,0.5217540081235265,0.0,0.0
-0.9020414549911289,3.0171731425565333,0.5228981440211591,0.0,0.0
-0.9020414549911289,3.0793828980731632,0.5235900373200866,0.0,0.0
-0.8398316994744994,-3.141592653589793,0.5182141587680323,0.0,0.0
-0.8398316994744994,-3.0793828980731637,0.5179899711565247,0.0,0.0
-0.8398316994744994,-3.017173142556534,0.517320013486022,0.0,0.0
-0.8398316994744994,-2.9549633870399044,0.5162120272125322,0.0,0.0
-0.8398316994744994,-2.892753631523275,0.5146786720705789,0.0,0.0
-0.8398316994744994,-2.8305438760066455,0.512737175996651,0.0,0.0
-0.8398316994744994,-2.7683341204900156,0.5104088716637459,0.0,0.0
-0.8398316994744994,-2.706124364973386,0.5077186434496026,0.0,0.0
-0.8398316994744994,-2.6439146094567567,0.5046943118498947,0.0,0.0
-0.8398316994744994,-2.581704853940127,0.5013659834608996,0.0,0.0
-0.8398316994744994,-2.5194950984234974,0.4977653938035115,0.0,0.0
-0.8398316994744994,-2.457285342906868,0.4939252677371812,0.0,0.0
-0.8398316994744994,-2.395075587390238,0.48987871843896746,0.0,0.0
-0.8398316994744994,-2.3328658318736086,0.48565870137681627,0.0,0.0
-0.8398316994744994,-2.270656076356979,0.48129753485763077,0.0,0.0
-0.8398316994744994,-2.2084463208403498,0.4768264939919974,0.0,0.0
-0.8398316994744994,-2.1462365653237203,0.47227548061037783,0.0,0.0
-0.8398316994744994,-2.0840268098070904,0.4676727680075406,0.0,0.0
-0.8398316994744994,-2.021817054290461,0.46304481649796037,0.0,0.0
-0.8398316994744994,-1.9596072987738313,0.458416153660987,0.0,0.0
-0.8398316994744994,-1.897397543257202,0.45380931179813006,0.0,0.0
-0.8398316994744994,-1.8351877877405722,0.44924481442644715,0.0,0.0
-0.8398316994744994,-1.7729780322239428,0.4447412034764655,0.0,0.0
-0.8398316994744994,-1.7107682767073131,0.4403150991263122,0.0,0.0
-0.8398316994744994,-1.6485585211906835,0.43598128476606157,0.0,0.0
-0.8398316994744994,-1.586348765674054,0.43175281034075447,0.0,0.0
-0.8398316994744994,-1.5241390101574244,0.4276411081774971,0.0,0.0
-0.8398316994744994,-1.461929254640795,0.42365611629081723,0.0,0.0
-0.8398316994744994,-1.3997194991241653,0.4198064050286835,0.0,0.0
-0.8398316994744994,-1.3375097436075358,0.416099303733266,0.0,0.0
-0.8398316994744994,-1.2752999880909062,0.412541024823326,0.0,0.0
-0.8398316994744994,-1.2130902325742767,0.409136783347659,0.0,0.0
-0.8398316994744994,-1.150880477057647,0.40589091060798377,0.0,0.0
-0.8398316994744994,-1.0886707215410176,0.40280696090757306,0.0,0.0
-0.8398316994744994,-1.0264609660243877,0.39988781085501174,0.0,0.0
-0.8398316994744994,-0.9642512105077583,0.3971357509491858,0.0,0.0
-0.8398316994744994,-0.9020414549911289,0.394552569401436,0.0,0.0
-0.8398316994744994,-0.8398316994744994,0.39213962832337,0.0,0.0
-0.8398316994744994,-0.7776219439578695,0.3898979325333672,0.0,0.0
-0.8398316994744994,-0.7154121884412401,0.3878281913198268,0.0,0.0
-0.8398316994744994,-0.6532024329246107,0.38593087355225836,0.0,0.0
-0.8398316994744994,-0.5909926774079808,0.38420625655896024,0.0,0.0
-0.8398316994744994,-0.5287829218913513,0.38265446919784124,0.0,0.0
-0.8398316994744994,-0.4665731663747219,0.38127552953953375,0.0,0.0
-0.8398316994744994,-0.40436341085809246,0.38006937756310943,0.0,0.0
-0.8398316994744994,-0.3421536553414626,0.37903590323746217,0.0,0.0
-0.8398316994744994,-0.27994389982483314,0.3781749703281432,0.0,0.0
-0.8398316994744994,-0.2177341443082037,0.37748643623196443,0.0,0.0
-0.8398316994744994,-0.15552438879157382,0.3769701681013863,0.0,0.0
-0.8398316994744994,-0.09331463327494438,0.3766260554786042,0.0,0.0
-0.8398316994744994,-0.03110487775831494,0.37645401961603053,0.0,0.0
-0.8398316994744994,0.031104877758314498,0.37645401961603053,0.0,0.0
-0.8398316994744994,0.09331463327494438,0.3766260554786042,0.0,0.0
-0.8398316994744994,0.15552438879157382,0.3769701681013863,0.0,0.0
-0.8398316994744994,0.21773414430820326,0.37748643623196443,0.0,0.0
-0.8398316994744994,0.2799438998248327,0.3781749703281432,0.0,0.0
-0.8398316994744994,0.3421536553414626,0.37903590323746217,0.0,0.0
-0.8398316994744994,0.404363410858092,0.3800693775631095,0.0,0.0
-0.8398316994744994,0.46657316637472146,0.3812755295395337,0.0,0.0
-0.8398316994744994,0.5287829218913513,0.38265446919784124,0.0,0.0
-0.8398316994744994,0.5909926774079808,0.38420625655896024,0.0,0.0
-0.8398316994744994,0.6532024329246102,0.38593087355225836,0.0,0.0
-0.8398316994744994,0.7154121884412397,0.3878281913198268,0.0,0.0
-0.8398316994744994,0.7776219439578695,0.3898979325333672,0.0,0.0
-0.8398316994744994,0.839831699474499,0.39213962832337,0.0,0.0
-0.8398316994744994,0.9020414549911289,0.394552569401436,0.0,0.0
-0.8398316994744994,0.9642512105077579,0.3971357509491858,0.0,0.0
-0.8398316994744994,1.0264609660243877,0.39988781085501174,0.0,0.0
-0.8398316994744994,1.0886707215410176,0.40280696090757306,0.0,0.0
-0.8398316994744994,1.1508804770576466,0.40589091060798377,0.0,0.0
-0.8398316994744994,1.2130902325742765,0.409136783347659,0.0,0.0
-0.8398316994744994,1.2752999880909055,0.412541024823326,0.0,0.0
-0.8398316994744994,1.3375097436075354,0.416099303733266,0.0,0.0
-0.8398316994744994,1.3997194991241653,0.4198064050286835,0.0,0.0
-0.8398316994744994,1.4619292546407943,0.4236561162908172,0.0,0.0
-0.8398316994744994,1.5241390101574241,0.42764110817749706,0.0,0.0
-0.8398316994744994,1.586348765674054,0.43175281034075447,0.0,0.0
-0.8398316994744994,1.648558521190683,0.43598128476606157,0.0,0.0
-0.8398316994744994,1.710768276707313,0.4403150991263122,0.0,0.0
-0.8398316994744994,1.7729780322239428,0.4447412034764655,0.0,0.0
-0.8398316994744994,1.8351877877405718,0.44924481442644704,0.0,0.0
-0.8398316994744994,1.8973975432572017,0.45380931179813006,0.0,0.0
-0.8398316994744994,1.9596072987738316,0.458416153660987,0.0,0.0
-0.8398316994744994,2.0218170542904605,0.4630448164979603,0.0,0.0
-0.8398316994744994,2.0840268098070904,0.4676727680075406,0.0,0.0
-0.8398316994744994,2.1462365653237194,0.47227548061037783,0.0,0.0
-0.8398316994744994,2.2084463208403493,0.47682649399199734,0.0,0.0
-0.8398316994744994,2.270656076356979,0.48129753485763077,0.0,0.0
-0.8398316994744994,2.332865831873608,0.48565870137681627,0.0,0.0
-0.8398316994744994,2.395075587390238,0.48987871843896746,0.0,0.0
-0.8398316994744994,2.457285342906868,0.4939252677371812,0.0,0.0
-0.8398316994744994,2.519495098423497,0.4977653938035115,0.0,0.0
-0.8398316994744994,2.581704853940127,0.5013659834608996,0.0,0.0
-0.8398316994744994,2.6439146094567567,0.5046943118498947,0.0,0.0
-0.8398316994744994,2.7061243649733857,0.5077186434496025,0.0,0.0
-0.8398316994744994,2.7683341204900156,0.5104088716637459,0.0,0.0
-0.8398316994744994,2.8305438760066455,0.512737175996651,0.0,0.0
-0.8398316994744994,2.8927536315232745,0.5146786720705789,0.0,0.0
-0.8398316994744994,2.9549633870399044,0.5162120272125322,0.0,0.0
-0.8398316994744994,3.0171731425565333,0.517320013486022,0.0,0.0
-0.8398316994744994,3.0793828980731632,0.5179899711565247,0.0,0.0
-0.7776219439578695,-3.141592653589793,0.5130734990836775,0.0,0.0
-0.7776219439578695,-3.0793828980731637,0.5128559145113192,0.0,0.0
-0.7776219439578695,-3.017173142556534,0.5122056560272215,0.0,0.0
-0.7776219439578695,-2.9549633870399044,0.5111301395171165,0.0,0.0
-0.7776219439578695,-2.892753631523275,0.5096414958821671,0.0,0.0
-0.7776219439578695,-2.8305438760066455,0.5077562406462426,0.0,0.0
-0.7776219439578695,-2.7683341204900156,0.5054948361730379,0.0,0.0
-0.7776219439578695,-2.706124364973386,0.5028811686779843,0.0,0.0
-0.7776219439578695,-2.6439146094567567,0.4999419652395283,0.0,0.0
-0.7776219439578695,-2.581704853940127,0.4967061771215437,0.0,0.0
-0.7776219439578695,-2.5194950984234974,0.49320435500619775,0.0,0.0
-0.7776219439578695,-2.457285342906868,0.48946803946783685,0.0,0.0
-0.7776219439578695,-2.395075587390238,0.4855291865734258,0.0,0.0
-0.7776219439578695,-2.3328658318736086,0.4814196443089319,0.0,0.0
-0.7776219439578695,-2.270656076356979,0.47717069103593407,0.0,0.0
-0.7776219439578695,-2.2084463208403498,0.4728126427610086,0.0,0.0
-0.7776219439578695,-2.1462365653237203,0.46837453195408607,0.0,0.0
-0.7776219439578695,-2.0840268098070904,0.46388385718864533,0.0,0.0
-0.7776219439578695,-2.021817054290461,0.4593664001103503,0.0,0.0
-0.7776219439578695,-1.9596072987738313,0.45484610420335575,0.0,0.0
-0.7776219439578695,-1.897397543257202,0.45034500848220427,0.0,0.0
-0.7776219439578695,-1.8351877877405722,0.4458832285144667,0.0,0.0
-0.7776219439578695,-1.7729780322239428,0.4414789769717339,0.0,0.0
-0.7776219439578695,-1.7107682767073131,0.4371486161011528,0.0,0.0
-0.7776219439578695,-1.6485585211906835,0.43290673499583016,0.0,0.0
-0.7776219439578695,-1.586348765674054,0.4287662452201098,0.0,0.0
-0.7776219439578695,-1.5241390101574244,0.4247384891303365,0.0,0.0
-0.7776219439578695,-1.461929254640795,0.4208333560556726,0.0,0.0
-0.7776219439578695,-1.3997194991241653,0.41705940231609817,0.0,0.0
-0.7776219439578695,-1.3375097436075358,0.41342397182038587,0.0,0.0
-0.7776219439578695,-1.2752999880909062,0.40993331468299216,0.0,0.0
-0.7776219439578695,-1.2130902325742767,0.406592701913218,0.0,0.0
-0.7776219439578695,-1.150880477057647,0.4034065347583088,0.0,0.0
-0.7776219439578695,-1.0886707215410176,0.4003784477256856,0.0,0.0
-0.7776219439578695,-1.0264609660243877,0.3975114046733224,0.0,0.0
-0.7776219439578695,-0.9642512105077583,0.394807787648759,0.0,0.0
-0.7776219439578695,-0.9020414549911289,0.3922694783848963,0.0,0.0
-0.7776219439578695,-0.8398316994744994,0.3898979325333672,0.0,0.0
-0.7776219439578695,-0.7776219439578695,0.3876942468425003,0.0,0.0
-0.7776219439578695,-0.7154121884412401,0.38565921957464583,0.0,0.0
-0.7776219439578695,-0.6532024329246107,0.3837934045140749,0.0,0.0
-0.7776219439578695,-0.5909926774079808,0.38209715894803714,0.0,0.0
-0.7776219439578695,-0.5287829218913513,0.38057068601520677,0.0,0.0
-0.7776219439578695,-0.4665731663747219,0.37921407181213773,0.0,0.0
-0.7776219439578695,-0.40436341085809246,0.3780273176331515,0.0,0.0
-0.7776219439578695,-0.3421536553414626,0.3770103676952664,0.0,0.0
-0.7776219439578695,-0.27994389982483314,0.37616313266968465,0.0,0.0
-0.7776219439578695,-0.2177341443082037,0.3754855093068188,0.0,0.0
-0.7776219439578695,-0.15552438879157382,0.3749773964042335,0.0,0.0
-0.7776219439578695,-0.09331463327494438,0.3746387073272452,0.0,0.0
-0.7776219439578695,-0.03110487775831494,0.3744693792509814,0.0,0.0
-0.7776219439578695,0.031104877758314498,0.3744693792509814,0.0,0.0
-0.7776219439578695,0.09331463327494438,0.3746387073272452,0.0,0.0
-0.7776219439578695,0.15552438879157382,0.3749773964042335,0.0,0.0
-0.7776219439578695,0.21773414430820326,0.3754855093068188,0.0,0.0
-0.7776219439578695,0.2799438998248327,0.37616313266968465,0.0,0.0
-0.7776219439578695,0.3421536553414626,0.3770103676952664,0.0,0.0
-0.7776219439578695,0.404363410858092,0.3780273176331515,0.0,0.0
-0.7776219439578695,0.46657316637472146,0.3792140718121377,0.0,0.0
-0.7776219439578695,0.5287829218913513,0.38057068601520677,0.0,0.0
-0.7776219439578695,0.5909926774079808,0.38209715894803714,0.0,0.0
-0.7776219439578695,0.6532024329246102,0.38379340451407484,0.0,0.0
-0.7776219439578695,0.7154121884412397,0.3856592195746458,0.0,0.0
-0.7776219439578695,0.7776219439578695,0.3876942468425003,0.0,0.0
-0.7776219439578695,0.839831699474499,0.3898979325333672,0.0,0.0
-0.7776219439578695,0.9020414549911289,0.3922694783848963,0.0,0.0
-0.7776219439578695,0.9642512105077579,0.39480778764875896,0.0,0.0
-0.7776219439578695,1.0264609660243877,0.3975114046733224,0.0,0.0
-0.7776219439578695,1.0886707215410176,0.4003784477256856,0.0,0.0
-0.7776219439578695,1.1508804770576466,0.4034065347583088,0.0,0.0
-0.7776219439578695,1.2130902325742765,0.406592701913218,0.0,0.0
-0.7776219439578695,1.2752999880909055,0.409933314682992,0.0,0.0
-0.7776219439578695,1.3375097436075354,0.41342397182038576,0.0,0.0
-0.7776219439578695,1.3997194991241653,0.41705940231609817,0.0,0.0
-0.7776219439578695,1.4619292546407943,0.42083335605567257,0.0,0.0
-0.7776219439578695,1.5241390101574241,0.4247384891303365,0.0,0.0
-0.7776219439578695,1.586348765674054,0.4287662452201098,0.0,0.0
-0.7776219439578695,1.648558521190683,0.4329067349958301,0.0,0.0
-0.7776219439578695,1.710768276707313,0.4371486161011528,0.0,0.0
-0.7776219439578695,1.7729780322239428,0.4414789769717339,0.0,0.0
-0.7776219439578695,1.8351877877405718,0.4458832285144667,0.0,0.0
-0.7776219439578695,1.8973975432572017,0.45034500848220427,0.0,0.0
-0.7776219439578695,1.9596072987738316,0.4548461042033558,0.0,0.0
-0.7776219439578695,2.0218170542904605,0.4593664001103502,0.0,0.0
-0.7776219439578695,2.0840268098070904,0.46388385718864533,0.0,0.0
-0.7776219439578695,2.1462365653237194,0.468374531954086,0.0,0.0
-0.7776219439578695,2.2084463208403493,0.4728126427610086,0.0,0.0
-0.7776219439578695,2.270656076356979,0.47717069103593407,0.0,0.0
-0.7776219439578695,2.332865831873608,0.4814196443089319,0.0,0.0
-0.7776219439578695,2.395075587390238,0.4855291865734258,0.0,0.0
-0.7776219439578695,2.457285342906868,0.48946803946783685,0.0,0.0
-0.7776219439578695,2.519495098423497,0.49320435500619764,0.0,0.0
-0.7776219439578695,2.581704853940127,0.4967061771215437,0.0,0.0
-0.7776219439578695,2.6439146094567567,0.4999419652395283,0.0,0.0
-0.7776219439578695,2.7061243649733857,0.5028811686779843,0.0,0.0
-0.7776219439578695,2.7683341204900156,0.5054948361730379,0.0,0.0
-0.7776219439578695,2.8305438760066455,0.5077562406462426,0.0,0.0
-0.7776219439578695,2.8927536315232745,0.5096414958821671,0.0,0.0
-0.7776219439578695,2.9549633870399044,0.5111301395171165,0.0,0.0
-0.7776219439578695,3.0171731425565333,0.5122056560272213,0.0,0.0
-0.7776219439578695,3.0793828980731632,0.5128559145113191,0.0,0.0
-0.7154121884412401,-3.141592653589793,0.508384444330462,0.0,0.0
-0.7154121884412401,-3.0793828980731637,0.5081727685669327,0.0,0.0
-0.7154121884412401,-3.017173142556534,0.5075401395638197,0.0,0.0
-0.7154121884412401,-2.9549633870399044,0.5064936860382431,0.0,0.0
-0.7154121884412401,-2.892753631523275,0.5050450722531039,0.0,0.0
-0.7154121884412401,-2.8305438760066455,0.5032101847393594,0.0,0.0
-0.7154121884412401,-2.7683341204900156,0.5010087168677112,0.0,0.0
-0.7154121884412401,-2.706124364973386,0.49846367204852887,0.0,0.0
-0.7154121884412401,-2.6439146094567567,0.4956008092095937,0.0,0.0
-0.7154121884412401,-2.581704853940127,0.4924480552982302,0.0,0.0
-0.7154121884412401,-2.5194950984234974,0.4890349089568372,0.0,0.0
-0.7154121884412401,-2.457285342906868,0.4853918574656069,0.0,0.0
-0.7154121884412401,-2.395075587390238,0.4815498258794157,0.0,0.0
-0.7154121884412401,-2.3328658318736086,0.4775396734070042,0.0,0.0
-0.7154121884412401,-2.270656076356979,0.473391747889255,0.0,0.0
-0.7154121884412401,-2.2084463208403498,0.46913550508620067,0.0,0.0
-0.7154121884412401,-2.1462365653237203,0.4647991956638604,0.0,0.0
-0.7154121884412401,-2.0840268098070904,0.4604096194808875,0.0,0.0
-0.7154121884412401,-2.021817054290461,0.45599194412392524,0.0,0.0
-0.7154121884412401,-1.9596072987738313,0.4515695826656139,0.0,0.0
-0.7154121884412401,-1.897397543257202,0.44716412429559493,0.0,0.0
-0.7154121884412401,-1.8351877877405722,0.44279531073492545,0.0,0.0
-0.7154121884412401,-1.7729780322239428,0.43848105109489316,0.0,0.0
-0.7154121884412401,-1.7107682767073131,0.4342374679785891,0.0,0.0
-0.7154121884412401,-1.6485585211906835,0.43007896804506474,0.0,0.0
-0.7154121884412401,-1.586348765674054,0.42601833086767343,0.0,0.0
-0.7154121884412401,-1.5241390101574244,0.42206681064006707,0.0,0.0
-0.7154121884412401,-1.461929254640795,0.41823424605058546,0.0,0.0
-0.7154121884412401,-1.3997194991241653,0.4145291744092623,0.0,0.0
-0.7154121884412401,-1.3375097436075358,0.41095894683643,0.0,0.0
-0.7154121884412401,-1.2752999880909062,0.40752984198518016,0.0,0.0
-0.7154121884412401,-1.2130902325742767,0.40424717635888385,0.0,0.0
-0.7154121884412401,-1.150880477057647,0.4011154097943678,0.0,0.0
-0.7154121884412401,-1.0886707215410176,0.3981382451114836,0.0,0.0
-0.7154121884412401,-1.0264609660243877,0.39531872128480194,0.0,0.0
-0.7154121884412401,-0.9642512105077583,0.39265929977943453,0.0,0.0
-0.7154121884412401,-0.9020414549911289,0.3901619439182216,0.0,0.0
-0.7154121884412401,-0.8398316994744994,0.3878281913198268,0.0,0.0
-0.7154121884412401,-0.7776219439578695,0.38565921957464583,0.0,0.0
-0.7154121884412401,-0.7154121884412401,0.38365590541533745,0.0,0.0
-0.7154121884412401,-0.6532024329246107,0.3818188776980127,0.0,0.0
-0.7154121884412401,-0.5909926774079808,0.3801485645446307,0.0,0.0
-0.7154121884412401,-0.5287829218913513,0.3786452350120791,0.0,0.0
-0.7154121884412401,-0.4665731663747219,0.3773090356530898,0.0,0.0
-0.7154121884412401,-0.40436341085809246,0.37614002232212096,0.0,0.0
-0.7154121884412401,-0.3421536553414626,0.3751381875585386,0.0,0.0
-0.7154121884412401,-0.27994389982483314,0.37430348385215856,0.0,0.0
-0.7154121884412401,-0.2177341443082037,0.37363584306428227,0.0,0.0
-0.7154121884412401,-0.15552438879157382,0.37313519224216735,0.0,0.0
-0.7154121884412401,-0.09331463327494438,0.37280146602745085,0.0,0.0
-0.7154121884412401,-0.03110487775831494,0.37263461582016394,0.0,0.0
-0.7154121884412401,0.031104877758314498,0.37263461582016394,0.0,0.0
-0.7154121884412401,0.09331463327494438,0.37280146602745085,0.0,0.0
-0.7154121884412401,0.15552438879157382,0.37313519224216735,0.0,0.0
-0.7154121884412401,0.21773414430820326,0.37363584306428227,0.0,0.0
-0.7154121884412401,0.2799438998248327,0.37430348385215856,0.0,0.0
-0.7154121884412401,0.3421536553414626,0.3751381875585386,0.0,0.0
-0.7154121884412401,0.404363410858092,0.37614002232212096,0.0,0.0
-0.7154121884412401,0.46657316637472146,0.3773090356530898,0.0,0.0
-0.7154121884412401,0.5287829218913513,0.3786452350120791,0.0,0.0
-0.7154121884412401,0.5909926774079808,0.3801485645446307,0.0,0.0
-0.7154121884412401,0.6532024329246102,0.3818188776980127,0.0,0.0
-0.7154121884412401,0.7154121884412397,0.3836559054153374,0.0,0.0
-0.7154121884412401,0.7776219439578695,0.38565921957464583,0.0,0.0
-0.7154121884412401,0.839831699474499,0.3878281913198268,0.0,0.0
-0.7154121884412401,0.9020414549911289,0.3901619439182216,0.0,0.0
-0.7154121884412401,0.9642512105077579,0.39265929977943453,0.0,0.0
-0.7154121884412401,1.0264609660243877,0.39531872128480194,0.0,0.0
-0.7154121884412401,1.0886707215410176,0.3981382451114836,0.0,0.0
-0.7154121884412401,1.1508804770576466,0.40111540979436777,0.0,0.0
-0.7154121884412401,1.2130902325742765,0.40424717635888385,0.0,0.0
-0.7154121884412401,1.2752999880909055,0.40752984198518005,0.0,0.0
-0.7154121884412401,1.3375097436075354,0.41095894683643,0.0,0.0
-0.7154121884412401,1.3997194991241653,0.4145291744092623,0.0,0.0
-0.7154121884412401,1.4619292546407943,0.41823424605058546,0.0,0.0
-0.7154121884412401,1.5241390101574241,0.42206681064006707,0.0,0.0
-0.7154121884412401,1.586348765674054,0.42601833086767343,0.0,0.0
-0.7154121884412401,1.648558521190683,0.4300789680450646,0.0,0.0
-0.7154121884412401,1.710768276707313,0.434237467978589,0.0,0.0
-0.7154121884412401,1.7729780322239428,0.43848105109489316,0.0,0.0
-0.7154121884412401,1.8351877877405718,0.4427953107349254,0.0,0.0
-0.7154121884412401,1.8973975432572017,0.4471641242955948,0.0,0.0
-0.7154121884412401,1.9596072987738316,0.4515695826656139,0.0,0.0
-0.7154121884412401,2.0218170542904605,0.45599194412392524,0.0,0.0
-0.7154121884412401,2.0840268098070904,0.4604096194808875,0.0,0.0
-0.7154121884412401,2.1462365653237194,0.4647991956638604,0.0,0.0
-0.7154121884412401,2.2084463208403493,0.46913550508620067,0.0,0.0
-0.7154121884412401,2.270656076356979,0.473391747889255,0.0,0.0
-0.7154121884412401,2.332865831873608,0.47753967340700415,0.0,0.0
-0.7154121884412401,2.395075587390238,0.4815498258794157,0.0,0.0
-0.7154121884412401,2.457285342906868,0.4853918574656069,0.0,0.0
-0.7154121884412401,2.519495098423497,0.4890349089568372,0.0,0.0
-0.7154121884412401,2.581704853940127,0.4924480552982302,0.0,0.0
-0.7154121884412401,2.6439146094567567,0.4956008092095937,0.0,0.0
-0.7154121884412401,2.7061243649733857,0.49846367204852887,0.0,0.0
-0.7154121884412401,2.7683341204900156,0.5010087168677112,0.0,0.0
-0.7154121884412401,2.8305438760066455,0.5032101847393594,0.0,0.0
-0.7154121884412401,2.8927536315232745,0.5050450722531039,0.0,0.0
-0.7154121884412401,2.9549633870399044,0.5064936860382431,0.0,0.0
-0.7154121884412401,3.0171731425565333,0.5075401395638197,0.0,0.0
-0.7154121884412401,3.0793828980731632,0.5081727685669327,0.0,0.0
-0.6532024329246107,-3.141592653589793,0.5041331568074509,0.0,0.0
-0.6532024329246107,-3.0793828980731637,0.5039267449332536,0.0,0.0
-0.6532024329246107,-3.017173142556534,0.5033098223800928,0.0,0.0
-0.6532024329246107,-2.9549633870399044,0.5022892653906184,0.0,0.0
-0.6532024329246107,-2.892753631523275,0.500876327821839,0.0,0.0
-0.6532024329246107,-2.8305438760066455,0.499086342718286,0.0,0.0
-0.6532024329246107,-2.7683341204900156,0.4969383262995877,0.0,0.0
-0.6532024329246107,-2.706124364973386,0.494454503935168,0.0,0.0
-0.6532024329246107,-2.6439146094567567,0.4916597804189854,0.0,0.0
-0.6532024329246107,-2.581704853940127,0.48858117794156114,0.0,0.0
-0.6532024329246107,-2.5194950984234974,0.4852472646532429,0.0,0.0
-0.6532024329246107,-2.457285342906868,0.4816875948366244,0.0,0.0
-0.6532024329246107,-2.395075587390238,0.4779321787749353,0.0,0.0
-0.6532024329246107,-2.3328658318736086,0.47401099678640474,0.0,0.0
-0.6532024329246107,-2.270656076356979,0.46995356796406884,0.0,0.0
-0.6532024329246107,-2.2084463208403498,0.46578858025055203,0.0,0.0
-0.6532024329246107,-2.1462365653237203,0.46154358485728114,0.0,0.0
-0.6532024329246107,-2.0840268098070904,0.4572447548980795,0.0,0.0
-0.6532024329246107,-2.021817054290461,0.4529167055590475,0.0,0.0
-0.6532024329246107,-1.9596072987738313,0.44858237120941113,0.0,0.0
-0.6532024329246107,-1.897397543257202,0.4442629335533451,0.0,0.0
-0.6532024329246107,-1.8351877877405722,0.4399777941711915,0.0,0.0
-0.6532024329246107,-1.7729780322239428,0.4357445845154166,0.0,0.0
-0.6532024329246107,-1.7107682767073131,0.43157920651639176,0.0,0.0
-0.6532024329246107,-1.6485585211906835,0.4274958973197988,0.0,0.0
-0.6532024329246107,-1.586348765674054,0.42350731223277444,0.0,0.0
-0.6532024329246107,-1.5241390101574244,0.41962462062355216,0.0,0.0
-0.6532024329246107,-1.461929254640795,0.41585761023723367,0.0,0.0
-0.6532024329246107,-1.3997194991241653,0.4122147961107334,0.0,0.0
-0.6532024329246107,-1.3375097436075358,0.4087035309585264,0.0,0.0
-0.6532024329246107,-1.2752999880909062,0.4053301145348078,0.0,0.0
-0.6532024329246107,-1.2130902325742767,0.4020999000437301,0.0,0.0
-0.6532024329246107,-1.150880477057647,0.3990173961615868,0.0,0.0
-0.6532024329246107,-1.0886707215410176,0.3960863636526394,0.0,0.0
-0.6532024329246107,-1.0264609660243877,0.3933099059070014,0.0,0.0
-0.6532024329246107,-0.9642512105077583,0.3906905530102184,0.0,0.0
-0.6532024329246107,-0.9020414549911289,0.3882303391768789,0.0,0.0
-0.6532024329246107,-0.8398316994744994,0.38593087355225836,0.0,0.0
-0.6532024329246107,-0.7776219439578695,0.38379340451407484,0.0,0.0
-0.6532024329246107,-0.7154121884412401,0.3818188776980127,0.0,0.0
-0.6532024329246107,-0.6532024329246107,0.3800079880321693,0.0,0.0
-0.6532024329246107,-0.5909926774079808,0.37836122610273093,0.0,0.0
-0.6532024329246107,-0.5287829218913513,0.3768789191909104,0.0,0.0
-0.6532024329246107,-0.4665731663747219,0.37556126732367573,0.0,0.0
-0.6532024329246107,-0.40436341085809246,0.3744083746715507,0.0,0.0
-0.6532024329246107,-0.3421536553414626,0.3734202766085999,0.0,0.0
-0.6532024329246107,-0.27994389982483314,0.3725969627249268,0.0,0.0
-0.6532024329246107,-0.2177341443082037,0.37193839605239576,0.0,0.0
-0.6532024329246107,-0.15552438879157382,0.3714445287312305,0.0,0.0
-0.6532024329246107,-0.09331463327494438,0.3711153143097104,0.0,0.0
-0.6532024329246107,-0.03110487775831494,0.3709507168321332,0.0,0.0
-0.6532024329246107,0.031104877758314498,0.3709507168321332,0.0,0.0
-0.6532024329246107,0.09331463327494438,0.3711153143097104,0.0,0.0
-0.6532024329246107,0.15552438879157382,0.3714445287312305,0.0,0.0
-0.6532024329246107,0.21773414430820326,0.37193839605239576,0.0,0.0
-0.6532024329246107,0.2799438998248327,0.3725969627249268,0.0,0.0
-0.6532024329246107,0.3421536553414626,0.3734202766085999,0.0,0.0
-0.6532024329246107,0.404363410858092,0.3744083746715507,0.0,0.0
-0.6532024329246107,0.46657316637472146,0.3755612673236757,0.0,0.0
-0.6532024329246107,0.5287829218913513,0.3768789191909104,0.0,0.0
-0.6532024329246107,0.5909926774079808,0.37836122610273093,0.0,0.0
-0.6532024329246107,0.6532024329246102,0.3800079880321693,0.0,0.0
-0.6532024329246107,0.7154121884412397,0.3818188776980127,0.0,0.0
-0.6532024329246107,0.7776219439578695,0.38379340451407484,0.0,0.0
-0.6532024329246107,0.839831699474499,0.3859308735522583,0.0,0.0
-0.6532024329246107,0.9020414549911289,0.3882303391768789,0.0,0.0
-0.6532024329246107,0.9642512105077579,0.3906905530102183,0.0,0.0
-0.6532024329246107,1.0264609660243877,0.3933099059070014,0.0,0.0
-0.6532024329246107,1.0886707215410176,0.3960863636526394,0.0,0.0
-0.6532024329246107,1.1508804770576466,0.39901739616158677,0.0,0.0
-0.6532024329246107,1.2130902325742765,0.40209990004373014,0.0,0.0
-0.6532024329246107,1.2752999880909055,0.4053301145348078,0.0,0.0
-0.6532024329246107,1.3375097436075354,0.4087035309585264,0.0,0.0
-0.6532024329246107,1.3997194991241653,0.4122147961107334,0.0,0.0
-0.6532024329246107,1.4619292546407943,0.4158576102372336,0.0,0.0
-0.6532024329246107,1.5241390101574241,0.4196246206235521,0.0,0.0
-0.6532024329246107,1.586348765674054,0.42350731223277444,0.0,0.0
-0.6532024329246107,1.648558521190683,0.4274958973197988,0.0,0.0
-0.6532024329246107,1.710768276707313,0.43157920651639176,0.0,0.0
-0.6532024329246107,1.7729780322239428,0.4357445845154166,0.0,0.0
-0.6532024329246107,1.8351877877405718,0.4399777941711915,0.0,0.0
-0.6532024329246107,1.8973975432572017,0.44426293355334506,0.0,0.0
-0.6532024329246107,1.9596072987738316,0.44858237120941113,0.0,0.0
-0.6532024329246107,2.0218170542904605,0.4529167055590474,0.0,0.0
-0.6532024329246107,2.0840268098070904,0.4572447548980795,0.0,0.0
-0.6532024329246107,2.1462365653237194,0.46154358485728103,0.0,0.0
-0.6532024329246107,2.2084463208403493,0.465788580250552,0.0,0.0
-0.6532024329246107,2.270656076356979,0.46995356796406884,0.0,0.0
-0.6532024329246107,2.332865831873608,0.4740109967864047,0.0,0.0
-0.6532024329246107,2.395075587390238,0.4779321787749353,0.0,0.0
-0.6532024329246107,2.457285342906868,0.4816875948366244,0.0,0.0
-0.6532024329246107,2.519495098423497,0.4852472646532429,0.0,0.0
-0.6532024329246107,2.581704853940127,0.48858117794156114,0.0,0.0
-0.6532024329246107,2.6439146094567567,0.4916597804189854,0.0,0.0
-0.6532024329246107,2.7061243649733857,0.49445450393516793,0.0,0.0
-0.6532024329246107,2.7683341204900156,0.4969383262995877,0.0,0.0
-0.6532024329246107,2.8305438760066455,0.499086342718286,0.0,0.0
-0.6532024329246107,2.8927536315232745,0.500876327821839,0.0,0.0
-0.6532024329246107,2.9549633870399044,0.5022892653906184,0.0,0.0
-0.6532024329246107,3.0171731425565333,0.5033098223800928,0.0,0.0
-0.6532024329246107,3.0793828980731632,0.5039267449332536,0.0,0.0
-0.5909926774079808,-3.141592653589793,0.5003070900322514,0.0,0.0
-0.5909926774079808,-3.0793828980731637,0.5001053403327135,0.0,0.0
-0.5909926774079808,-3.017173142556534,0.4995023297364523,0.0,0.0
-0.5909926774079808,-2.9549633870399044,0.4985047135321824,0.0,0.0
-0.5909926774079808,-2.892753631523275,0.49712338629541075,0.0,0.0
-0.5909926774079808,-2.8305438760066455,0.49537319630401144,0.0,0.0
-0.5909926774079808,-2.7683341204900156,0.493272566330233,0.0,0.0
-0.5909926774079808,-2.706124364973386,0.49084303934976864,0.0,0.0
-0.5909926774079808,-2.6439146094567567,0.48810877033480415,0.0,0.0
-0.5909926774079808,-2.581704853940127,0.4850959863684571,0.0,0.0
-0.5909926774079808,-2.5194950984234974,0.48183243689205524,0.0,0.0
-0.5909926774079808,-2.457285342906868,0.4783468541709222,0.0,0.0
-0.5909926774079808,-2.395075587390238,0.4746684413325848,0.0,0.0
-0.5909926774079808,-2.3328658318736086,0.4708264019375334,0.0,0.0
-0.5909926774079808,-2.270656076356979,0.46684952133532404,0.0,0.0
-0.5909926774079808,-2.2084463208403498,0.46276580635317033,0.0,0.0
-0.5909926774079808,-2.1462365653237203,0.4586021864162216,0.0,0.0
-0.5909926774079808,-2.0840268098070904,0.4543842761919201,0.0,0.0
-0.5909926774079808,-2.021817054290461,0.4501361973942628,0.0,0.0
-0.5909926774079808,-1.9596072987738313,0.4458804555192183,0.0,0.0
-0.5909926774079808,-1.897397543257202,0.4416378659970268,0.0,0.0
-0.5909926774079808,-1.8351877877405722,0.4374275234879795,0.0,0.0
-0.5909926774079808,-1.7729780322239428,0.43326680773823817,0.0,0.0
-0.5909926774079808,-1.7107682767073131,0.42917141946244347,0.0,0.0
-0.5909926774079808,-1.6485585211906835,0.425155440040343,0.0,0.0
-0.5909926774079808,-1.586348765674054,0.42123140932178793,0.0,0.0
-0.5909926774079808,-1.5241390101574244,0.4174104164554092,0.0,0.0
-0.5909926774079808,-1.461929254640795,0.4137021993313339,0.0,0.0
-0.5909926774079808,-1.3997194991241653,0.4101152489111085,0.0,0.0
-0.5909926774079808,-1.3375097436075358,0.40665691537479853,0.0,0.0
-0.5909926774079808,-1.2752999880909062,0.4033335136232851,0.0,0.0
-0.5909926774079808,-1.2130902325742767,0.400150426219431,0.0,0.0
-0.5909926774079808,-1.150880477057647,0.3971122023285203,0.0,0.0
-0.5909926774079808,-1.0886707215410176,0.394222651625011,0.0,0.0
-0.5909926774079808,-1.0264609660243877,0.3914849324716947,0.0,0.0
-0.5909926774079808,-0.9642512105077583,0.38890163395380034,0.0,0.0
-0.5909926774079808,-0.9020414549911289,0.3864748515707334,0.0,0.0
-0.5909926774079808,-0.8398316994744994,0.38420625655896024,0.0,0.0
-0.5909926774079808,-0.7776219439578695,0.38209715894803714,0.0,0.0
-0.5909926774079808,-0.7154121884412401,0.3801485645446307,0.0,0.0
-0.5909926774079808,-0.6532024329246107,0.37836122610273093,0.0,0.0
-0.5909926774079808,-0.5909926774079808,0.3767356889776075,0.0,0.0
-0.5909926774079808,-0.5287829218913513,0.3752723315811597,0.0,0.0
-0.5909926774079808,-0.4665731663747219,0.3739714009612362,0.0,0.0
-0.5909926774079808,-0.40436341085809246,0.3728330438206343,0.0,0.0
-0.5909926774079808,-0.3421536553414626,0.3718573332756226,0.0,0.0
-0.5909926774079808,-0.27994389982483314,0.3710442916312173,0.0,0.0
-0.5909926774079808,-0.2177341443082037,0.37039390942285455,0.0,0.0
-0.5909926774079808,-0.15552438879157382,0.3699061609429374,0.0,0.0
-0.5909926774079808,-0.09331463327494438,0.36958101643705493,0.0,0.0
-0.5909926774079808,-0.03110487775831494,0.36941845111926247,0.0,0.0
-0.5909926774079808,0.031104877758314498,0.36941845111926247,0.0,0.0
-0.5909926774079808,0.09331463327494438,0.36958101643705493,0.0,0.0
-0.5909926774079808,0.15552438879157382,0.3699061609429374,0.0,0.0
-0.5909926774079808,0.21773414430820326,0.37039390942285455,0.0,0.0
-0.5909926774079808,0.2799438998248327,0.3710442916312173,0.0,0.0
-0.5909926774079808,0.3421536553414626,0.3718573332756226,0.0,0.0
-0.5909926774079808,0.404363410858092,0.3728330438206343,0.0,0.0
-0.5909926774079808,0.46657316637472146,0.3739714009612362,0.0,0.0
-0.5909926774079808,0.5287829218913513,0.3752723315811597,0.0,0.0
-0.5909926774079808,0.5909926774079808,0.3767356889776075,0.0,0.0
-0.5909926774079808,0.6532024329246102,0.37836122610273093,0.0,0.0
-0.5909926774079808,0.7154121884412397,0.38014856454463064,0.0,0.0
-0.5909926774079808,0.7776219439578695,0.38209715894803714,0.0,0.0
-0.5909926774079808,0.839831699474499,0.3842062565589601,0.0,0.0
-0.5909926774079808,0.9020414549911289,0.3864748515707334,0.0,0.0
-0.5909926774079808,0.9642512105077579,0.38890163395380034,0.0,0.0
-0.5909926774079808,1.0264609660243877,0.3914849324716947,0.0,0.0
-0.5909926774079808,1.0886707215410176,0.394222651625011,0.0,0.0
-0.5909926774079808,1.1508804770576466,0.3971122023285203,0.0,0.0
-0.5909926774079808,1.2130902325742765,0.400150426219431,0.0,0.0
-0.5909926774079808,1.2752999880909055,0.4033335136232851,0.0,0.0
-0.5909926774079808,1.3375097436075354,0.40665691537479853,0.0,0.0
-0.5909926774079808,1.3997194991241653,0.4101152489111085,0.0,0.0
-0.5909926774079808,1.4619292546407943,0.4137021993313339,0.0,0.0
-0.5909926774079808,1.5241390101574241,0.4174104164554092,0.0,0.0
-0.5909926774079808,1.586348765674054,0.42123140932178793,0.0,0.0
-0.5909926774079808,1.648558521190683,0.42515544004034295,0.0,0.0
-0.5909926774079808,1.710768276707313,0.4291714194624434,0.0,0.0
-0.5909926774079808,1.7729780322239428,0.43326680773823817,0.0,0.0
-0.5909926774079808,1.8351877877405718,0.43742752348797936,0.0,0.0
-0.5909926774079808,1.8973975432572017,0.44163786599702676,0.0,0.0
-0.5909926774079808,1.9596072987738316,0.4458804555192184,0.0,0.0
-0.5909926774079808,2.0218170542904605,0.4501361973942628,0.0,0.0
-0.5909926774079808,2.0840268098070904,0.4543842761919201,0.0,0.0
-0.5909926774079808,2.1462365653237194,0.45860218641622147,0.0,0.0
-0.5909926774079808,2.2084463208403493,0.46276580635317033,0.0,0.0
-0.5909926774079808,2.270656076356979,0.46684952133532404,0.0,0.0
-0.5909926774079808,2.332865831873608,0.4708264019375333,0.0,0.0
-0.5909926774079808,2.395075587390238,0.4746684413325848,0.0,0.0
-0.5909926774079808,2.457285342906868,0.4783468541709222,0.0,0.0
-0.5909926774079808,2.519495098423497,0.48183243689205524,0.0,0.0
-0.5909926774079808,2.581704853940127,0.4850959863684571,0.0,0.0
-0.5909926774079808,2.6439146094567567,0.48810877033480415,0.0,0.0
-0.5909926774079808,2.7061243649733857,0.49084303934976864,0.0,0.0
-0.5909926774079808,2.7683341204900156,0.493272566330233,0.0,0.0
-0.5909926774079808,2.8305438760066455,0.49537319630401144,0.0,0.0
-0.5909926774079808,2.8927536315232745,0.49712338629541075,0.0,0.0
-0.5909926774079808,2.9549633870399044,0.4985047135321824,0.0,0.0
-0.5909926774079808,3.0171731425565333,0.4995023297364523,0.0,0.0
-0.5909926774079808,3.0793828980731632,0.5001053403327135,0.0,0.0
-0.5287829218913513,-3.141592653589793,0.496894959817816,0.0,0.0
-0.5287829218913513,-3.0793828980731637,0.49669730824736347,0.0,0.0
-0.5287829218913513,-3.017173142556534,0.4961065272038572,0.0,0.0
-0.5287829218913513,-2.9549633870399044,0.4951290798341679,0.0,0.0
-0.5287829218913513,-2.892753631523275,0.4937755481943672,0.0,0.0
-0.5287829218913513,-2.8305438760066455,0.4920603587133778,0.0,0.0
-0.5287829218913513,-2.7683341204900156,0.4900014174525449,0.0,0.0
-0.5287829218913513,-2.706124364973386,0.4876196728222706,0.0,0.0
-0.5287829218913513,-2.6439146094567567,0.4849386259443868,0.0,0.0
-0.5287829218913513,-2.581704853940127,0.48198380990537193,0.0,0.0
-0.5287829218913513,-2.5194950984234974,0.4787822587829005,0.0,0.0
-0.5287829218913513,-2.457285342906868,0.47536198572810406,0.0,0.0
-0.5287829218913513,-2.395075587390238,0.4717514868222191,0.0,0.0
-0.5287829218913513,-2.3328658318736086,0.46797928422158463,0.0,0.0
-0.5287829218913513,-2.270656076356979,0.4640735185877974,0.0,0.0
-0.5287829218913513,-2.2084463208403498,0.46006159726921386,0.0,0.0
-0.5287829218913513,-2.1462365653237203,0.45596990140042365,0.0,0.0
-0.5287829218913513,-2.0840268098070904,0.45182355219485865,0.0,0.0
-0.5287829218913513,-2.021817054290461,0.4476462343295952,0.0,0.0
-0.5287829218913513,-1.9596072987738313,0.4434600725042127,0.0,0.0
-0.5287829218913513,-1.897397543257202,0.43928555598864677,0.0,0.0
-0.5287829218913513,-1.8351877877405722,0.435141505211336,0.0,0.0
-0.5287829218913513,-1.7729780322239428,0.4310450741073962,0.0,0.0
-0.5287829218913513,-1.7107682767073131,0.42701178196401635,0.0,0.0
-0.5287829218913513,-1.6485585211906835,0.4230555687818773,0.0,0.0
-0.5287829218913513,-1.586348765674054,0.4191888686375714,0.0,0.0
-0.5287829218913513,-1.5241390101574244,0.4154226961130079,0.0,0.0
-0.5287829218913513,-1.461929254640795,0.4117667414959383,0.0,0.0
-0.5287829218913513,-1.3997194991241653,0.4082294711059406,0.0,0.0
-0.5287829218913513,-1.3375097436075358,0.40481822972929205,0.0,0.0
-0.5287829218913513,-1.2752999880909062,0.40153934273145653,0.0,0.0
-0.5287829218913513,-1.2130902325742767,0.39839821594354036,0.0,0.0
-0.5287829218913513,-1.150880477057647,0.3953994318820366,0.0,0.0
-0.5287829218913513,-1.0886707215410176,0.3925468412577378,0.0,0.0
-0.5287829218913513,-1.0264609660243877,0.3898436490617916,0.0,0.0
-0.5287829218913513,-0.9642512105077583,0.38729249478885447,0.0,0.0
-0.5287829218913513,-0.9020414549911289,0.3848955265749921,0.0,0.0
-0.5287829218913513,-0.8398316994744994,0.38265446919784124,0.0,0.0
-0.5287829218913513,-0.7776219439578695,0.38057068601520677,0.0,0.0
-0.5287829218913513,-0.7154121884412401,0.3786452350120791,0.0,0.0
-0.5287829218913513,-0.6532024329246107,0.3768789191909104,0.0,0.0
-0.5287829218913513,-0.5909926774079808,0.3752723315811597,0.0,0.0
-0.5287829218913513,-0.5287829218913513,0.3738258951662252,0.0,0.0
-0.5287829218913513,-0.4665731663747219,0.3725398980328688,0.0,0.0
-0.5287829218913513,-0.40436341085809246,0.37141452404342584,0.0,0.0
-0.5287829218913513,-0.3421536553414626,0.3704498793172162,0.0,0.0
-0.5287829218913513,-0.27994389982483314,0.3696460147868377,0.0,0.0
-0.5287829218913513,-0.2177341443082037,0.3690029450692152,0.0,0.0
-0.5287829218913513,-0.15552438879157382,0.36852066386176985,0.0,0.0
-0.5287829218913513,-0.09331463327494438,0.3681991560419327,0.0,0.0
-0.5287829218913513,-0.03110487775831494,0.3680384066142668,0.0,0.0
-0.5287829218913513,0.031104877758314498,0.3680384066142668,0.0,0.0
-0.5287829218913513,0.09331463327494438,0.3681991560419327,0.0,0.0
-0.5287829218913513,0.15552438879157382,0.36852066386176985,0.0,0.0
-0.5287829218913513,0.21773414430820326,0.3690029450692152,0.0,0.0
-0.5287829218913513,0.2799438998248327,0.3696460147868377,0.0,0.0
-0.5287829218913513,0.3421536553414626,0.3704498793172162,0.0,0.0
-0.5287829218913513,0.404363410858092,0.37141452404342584,0.0,0.0
-0.5287829218913513,0.46657316637472146,0.37253989803286874,0.0,0.0
-0.5287829218913513,0.5287829218913513,0.3738258951662252,0.0,0.0
-0.5287829218913513,0.5909926774079808,0.3752723315811597,0.0,0.0
-0.5287829218913513,0.6532024329246102,0.3768789191909103,0.0,0.0
-0.5287829218913513,0.7154121884412397,0.3786452350120791,0.0,0.0
-0.5287829218913513,0.7776219439578695,0.38057068601520677,0.0,0.0
-0.5287829218913513,0.839831699474499,0.3826544691978412,0.0,0.0
-0.5287829218913513,0.9020414549911289,0.3848955265749921,0.0,0.0
-0.5287829218913513,0.9642512105077579,0.3872924947888544,0.0,0.0
-0.5287829218913513,1.0264609660243877,0.3898436490617916,0.0,0.0
-0.5287829218913513,1.0886707215410176,0.3925468412577378,0.0,0.0
-0.5287829218913513,1.1508804770576466,0.3953994318820366,0.0,0.0
-0.5287829218913513,1.2130902325742765,0.39839821594354036,0.0,0.0
-0.5287829218913513,1.2752999880909055,0.4015393427314565,0.0,0.0
-0.5287829218913513,1.3375097436075354,0.404818229729292,0.0,0.0
-0.5287829218913513,1.3997194991241653,0.4082294711059406,0.0,0.0
-0.5287829218913513,1.4619292546407943,0.41176674149593817,0.0,0.0
-0.5287829218913513,1.5241390101574241,0.4154226961130079,0.0,0.0
-0.5287829218913513,1.586348765674054,0.4191888686375714,0.0,0.0
-0.5287829218913513,1.648558521190683,0.4230555687818773,0.0,0.0
-0.5287829218913513,1.710768276707313,0.42701178196401635,0.0,0.0
-0.5287829218913513,1.7729780322239428,0.4310450741073962,0.0,0.0
-0.5287829218913513,1.8351877877405718,0.43514150521133593,0.0,0.0
-0.5287829218913513,1.8973975432572017,0.43928555598864677,0.0,0.0
-0.5287829218913513,1.9596072987738316,0.4434600725042127,0.0,0.0
-0.5287829218913513,2.0218170542904605,0.4476462343295952,0.0,0.0
-0.5287829218913513,2.0840268098070904,0.45182355219485865,0.0,0.0
-0.5287829218913513,2.1462365653237194,0.4559699014004236,0.0,0.0
-0.5287829218913513,2.2084463208403493,0.46006159726921386,0.0,0.0
-0.5287829218913513,2.270656076356979,0.4640735185877974,0.0,0.0
-0.5287829218913513,2.332865831873608,0.4679792842215845,0.0,0.0
-0.5287829218913513,2.395075587390238,0.4717514868222191,0.0,0.0
-0.5287829218913513,2.457285342906868,0.47536198572810406,0.0,0.0
-0.5287829218913513,2.519495098423497,0.4787822587829004,0.0,0.0
-0.5287829218913513,2.581704853940127,0.48198380990537193,0.0,0.0
-0.5287829218913513,2.6439146094567567,0.4849386259443868,0.0,0.0
-0.5287829218913513,2.7061243649733857,0.4876196728222705,0.0,0.0
-0.5287829218913513,2.7683341204900156,0.4900014174525449,0.0,0.0
-0.5287829218913513,2.8305438760066455,0.4920603587133778,0.0,0.0
-0.5287829218913513,2.8927536315232745,0.4937755481943672,0.0,0.0
-0.5287829218913513,2.9549633870399044,0.4951290798341679,0.0,0.0
-0.5287829218913513,3.0171731425565333,0.49610652720385706,0.0,0.0
-0.5287829218913513,3.0793828980731632,0.49669730824736347,0.0,0.0
-0.4665731663747219,-3.141592653589793,0.49388671424563485,0.0,0.0
-0.4665731663747219,-3.0793828980731637,0.4936926293880626,0.0,0.0
-0.4665731663747219,-3.017173142556534,0.4931124926013184,0.0,0.0
-0.4665731663747219,-2.9549633870399044,0.49215260140162204,0.0,0.0
-0.4665731663747219,-2.892753631523275,0.49082326837944373,0.0,0.0
-0.4665731663747219,-2.8305438760066455,0.4891385560957398,0.0,0.0
-0.4665731663747219,-2.7683341204900156,0.48711592470190096,0.0,0.0
-0.4665731663747219,-2.706124364973386,0.48477580920001023,0.0,0.0
-0.4665731663747219,-2.6439146094567567,0.48214114570269645,0.0,0.0
-0.4665731663747219,-2.581704853940127,0.47923686709466234,0.0,0.0
-0.4665731663747219,-2.5194950984234974,0.47608938818708985,0.0,0.0
-0.4665731663747219,-2.457285342906868,0.4727260989605851,0.0,0.0
-0.4665731663747219,-2.395075587390238,0.46917488206951213,0.0,0.0
-0.4665731663747219,-2.3328658318736086,0.46546366773514014,0.0,0.0
-0.4665731663747219,-2.270656076356979,0.4616200357988385,0.0,0.0
-0.4665731663747219,-2.2084463208403498,0.4576708713247668,0.0,0.0
-0.4665731663747219,-2.1462365653237203,0.45364207696882825,0.0,0.0
-0.4665731663747219,-2.0840268098070904,0.4495583425385169,0.0,0.0
-0.4665731663747219,-2.021817054290461,0.4454429698621793,0.0,0.0
-0.4665731663747219,-1.9596072987738313,0.4413177493110336,0.0,0.0
-0.4665731663747219,-1.897397543257202,0.43720288306784266,0.0,0.0
-0.4665731663747219,-1.8351877877405722,0.4331169494701477,0.0,0.0
-0.4665731663747219,-1.7729780322239428,0.42907690240731405,0.0,0.0
-0.4665731663747219,-1.7107682767073131,0.4250980997411525,0.0,0.0
-0.4665731663747219,-1.6485585211906835,0.4211943549690081,0.0,0.0
-0.4665731663747219,-1.586348765674054,0.4173780067798538,0.0,0.0
-0.4665731663747219,-1.5241390101574244,0.4136600017009955,0.0,0.0
-0.4665731663747219,-1.461929254640795,0.4100499856396159,0.0,0.0
-0.4665731663747219,-1.3997194991241653,0.40655640074559196,0.0,0.0
-0.4665731663747219,-1.3375097436075358,0.40318658462716267,0.0,0.0
-0.4665731663747219,-1.2752999880909062,0.39994686951658487,0.0,0.0
-0.4665731663747219,-1.2130902325742767,0.3968426794947832,0.0,0.0
-0.4665731663747219,-1.150880477057647,0.3938786243348724,0.0,0.0
-0.4665731663747219,-1.0886707215410176,0.3910585889120614,0.0,0.0
-0.4665731663747219,-1.0264609660243877,0.3883858174532915,0.0,0.0
-0.4665731663747219,-0.9642512105077583,0.38586299216789155,0.0,0.0
-0.4665731663747219,-0.9020414549911289,0.383492306015893,0.0,0.0
-0.4665731663747219,-0.8398316994744994,0.38127552953953375,0.0,0.0
-0.4665731663747219,-0.7776219439578695,0.37921407181213773,0.0,0.0
-0.4665731663747219,-0.7154121884412401,0.3773090356530898,0.0,0.0
-0.4665731663747219,-0.6532024329246107,0.37556126732367573,0.0,0.0
-0.4665731663747219,-0.5909926774079808,0.3739714009612362,0.0,0.0
-0.4665731663747219,-0.5287829218913513,0.3725398980328688,0.0,0.0
-0.4665731663747219,-0.4665731663747219,0.3712670820986438,0.0,0.0
-0.4665731663747219,-0.40436341085809246,0.3701531691712411,0.0,0.0
-0.4665731663747219,-0.3421536553414626,0.36919829394672876,0.0,0.0
-0.4665731663747219,-0.27994389982483314,0.36840253216210395,0.0,0.0
-0.4665731663747219,-0.2177341443082037,0.36776591931093333,0.0,0.0
-0.4665731663747219,-0.15552438879157382,0.3672884659203614,0.0,0.0
-0.4665731663747219,-0.09331463327494438,0.3669701695619584,0.0,0.0
-0.4665731663747219,-0.03110487775831494,0.3668110237361756,0.0,0.0
-0.4665731663747219,0.031104877758314498,0.3668110237361756,0.0,0.0
-0.4665731663747219,0.09331463327494438,0.3669701695619584,0.0,0.0
-0.4665731663747219,0.15552438879157382,0.3672884659203614,0.0,0.0
-0.4665731663747219,0.21773414430820326,0.36776591931093333,0.0,0.0
-0.4665731663747219,0.2799438998248327,0.36840253216210395,0.0,0.0
-0.4665731663747219,0.3421536553414626,0.36919829394672876,0.0,0.0
-0.4665731663747219,0.404363410858092,0.3701531691712411,0.0,0.0
-0.4665731663747219,0.46657316637472146,0.3712670820986438,0.0,0.0
-0.4665731663747219,0.5287829218913513,0.3725398980328688,0.0,0.0
-0.4665731663747219,0.5909926774079808,0.3739714009612362,0.0,0.0
-0.4665731663747219,0.6532024329246102,0.37556126732367573,0.0,0.0
-0.4665731663747219,0.7154121884412397,0.3773090356530898,0.0,0.0
-0.4665731663747219,0.7776219439578695,0.37921407181213773,0.0,0.0
-0.4665731663747219,0.839831699474499,0.3812755295395337,0.0,0.0
-0.4665731663747219,0.9020414549911289,0.383492306015893,0.0,0.0
-0.4665731663747219,0.9642512105077579,0.3858629921678915,0.0,0.0
-0.4665731663747219,1.0264609660243877,0.3883858174532915,0.0,0.0
-0.4665731663747219,1.0886707215410176,0.3910585889120614,0.0,0.0
-0.4665731663747219,1.1508804770576466,0.3938786243348724,0.0,0.0
-0.4665731663747219,1.2130902325742765,0.3968426794947832,0.0,0.0
-0.4665731663747219,1.2752999880909055,0.3999468695165848,0.0,0.0
-0.4665731663747219,1.3375097436075354,0.40318658462716267,0.0,0.0
-0.4665731663747219,1.3997194991241653,0.40655640074559196,0.0,0.0
-0.4665731663747219,1.4619292546407943,0.41004998563961587,0.0,0.0
-0.4665731663747219,1.5241390101574241,0.4136600017009955,0.0,0.0
-0.4665731663747219,1.586348765674054,0.4173780067798538,0.0,0.0
-0.4665731663747219,1.648558521190683,0.42119435496900803,0.0,0.0
-0.4665731663747219,1.710768276707313,0.4250980997411524,0.0,0.0
-0.4665731663747219,1.7729780322239428,0.42907690240731405,0.0,0.0
-0.4665731663747219,1.8351877877405718,0.43311694947014767,0.0,0.0
-0.4665731663747219,1.8973975432572017,0.43720288306784255,0.0,0.0
-0.4665731663747219,1.9596072987738316,0.4413177493110337,0.0,0.0
-0.4665731663747219,2.0218170542904605,0.4454429698621793,0.0,0.0
-0.4665731663747219,2.0840268098070904,0.4495583425385169,0.0,0.0
-0.4665731663747219,2.1462365653237194,0.45364207696882825,0.0,0.0
-0.4665731663747219,2.2084463208403493,0.4576708713247668,0.0,0.0
-0.4665731663747219,2.270656076356979,0.4616200357988385,0.0,0.0
-0.4665731663747219,2.332865831873608,0.46546366773514014,0.0,0.0
-0.4665731663747219,2.395075587390238,0.46917488206951213,0.0,0.0
-0.4665731663747219,2.457285342906868,0.4727260989605851,0.0,0.0
-0.4665731663747219,2.519495098423497,0.47608938818708973,0.0,0.0
-0.4665731663747219,2.581704853940127,0.47923686709466234,0.0,0.0
-0.4665731663747219,2.6439146094567567,0.48214114570269645,0.0,0.0
-0.4665731663747219,2.7061243649733857,0.48477580920001023,0.0,0.0
-0.4665731663747219,2.7683341204900156,0.48711592470190096,0.0,0.0
-0.4665731663747219,2.8305438760066455,0.4891385560957398,0.0,0.0
-0.4665731663747219,2.8927536315232745,0.49082326837944373,0.0,0.0
-0.4665731663747219,2.9549633870399044,0.49215260140162204,0.0,0.0
-0.4665731663747219,3.0171731425565333,0.4931124926013184,0.0,0.0
-0.4665731663747219,3.0793828980731632,0.4936926293880626,0.0,0.0
-0.40436341085809246,-3.141592653589793,0.49127350395806996,0.0,0.0
-0.40436341085809246,-3.0793828980731637,0.49108248241486124,0.0,0.0
-0.40436341085809246,-3.017173142556534,0.4905114879840261,0.0,0.0
-0.40436341085809246,-2.9549633870399044,0.48956667712087926,0.0,0.0
-0.40436341085809246,-2.892753631523275,0.4882581328734673,0.0,0.0
-0.40436341085809246,-2.8305438760066455,0.4865996077444918,0.0,0.0
-0.40436341085809246,-2.7683341204900156,0.4846081817555439,0.0,0.0
-0.40436341085809246,-2.706124364973386,0.48230385200616943,0.0,0.0
-0.40436341085809246,-2.6439146094567567,0.47970907239093624,0.0,0.0
-0.40436341085809246,-2.581704853940127,0.47684826316780043,0.0,0.0
-0.40436341085809246,-2.5194950984234974,0.4737473098021349,0.0,0.0
-0.40436341085809246,-2.457285342906868,0.47043306910158966,0.0,0.0
-0.40436341085809246,-2.395075587390238,0.4669328983511829,0.0,0.0
-0.40436341085809246,-2.3328658318736086,0.4632742202455415,0.0,0.0
-0.40436341085809246,-2.270656076356979,0.4594841331938773,0.0,0.0
-0.40436341085809246,-2.2084463208403498,0.4555890733167215,0.0,0.0
-0.40436341085809246,-2.1462365653237203,0.451614531388023,0.0,0.0
-0.40436341085809246,-2.0840268098070904,0.4475848252685517,0.0,0.0
-0.40436341085809246,-2.021817054290461,0.44352292613049654,0.0,0.0
-0.40436341085809246,-1.9596072987738313,0.4394503350345826,0.0,0.0
-0.40436341085809246,-1.897397543257202,0.43538700518753204,0.0,0.0
-0.40436341085809246,-1.8351877877405722,0.4313513044408333,0.0,0.0
-0.40436341085809246,-1.7729780322239428,0.42736001222964354,0.0,0.0
-0.40436341085809246,-1.7107682767073131,0.4234283451191738,0.0,0.0
-0.40436341085809246,-1.6485585211906835,0.4195700053481378,0.0,0.0
-0.40436341085809246,-1.586348765674054,0.4157972471616616,0.0,0.0
-0.40436341085809246,-1.5241390101574244,0.4121209562446118,0.0,0.0
-0.40436341085809246,-1.461929254640795,0.40855073814628884,0.0,0.0
-0.40436341085809246,-1.3997194991241653,0.40509501218587723,0.0,0.0
-0.40436341085809246,-1.3375097436075358,0.4017611079127815,0.0,0.0
-0.40436341085809246,-1.2752999880909062,0.3985553617446154,0.0,0.0
-0.40436341085809246,-1.2130902325742767,0.3954832119039299,0.0,0.0
-0.40436341085809246,-1.150880477057647,0.39254929021515295,0.0,0.0
-0.40436341085809246,-1.0886707215410176,0.3897575097030692,0.0,0.0
-0.40436341085809246,-1.0264609660243877,0.3871111472545062,0.0,0.0
-0.40436341085809246,-0.9642512105077583,0.38461292086920673,0.0,0.0
-0.40436341085809246,-0.9020414549911289,0.38226506123910164,0.0,0.0
-0.40436341085809246,-0.8398316994744994,0.38006937756310943,0.0,0.0
-0.40436341085809246,-0.7776219439578695,0.37802731763315145,0.0,0.0
-0.40436341085809246,-0.7154121884412401,0.37614002232212096,0.0,0.0
-0.40436341085809246,-0.6532024329246107,0.3744083746715507,0.0,0.0
-0.40436341085809246,-0.5909926774079808,0.3728330438206343,0.0,0.0
-0.40436341085809246,-0.5287829218913513,0.37141452404342584,0.0,0.0
-0.40436341085809246,-0.4665731663747219,0.3701531691712411,0.0,0.0
-0.40436341085809246,-0.40436341085809246,0.36904922267569185,0.0,0.0
-0.40436341085809246,-0.3421536553414626,0.36810284367704016,0.0,0.0
-0.40436341085809246,-0.27994389982483314,0.36731412912483674,0.0,0.0
-0.40436341085809246,-0.2177341443082037,0.36668313237483524,0.0,0.0
-0.40436341085809246,-0.15552438879157382,0.36620987835932955,0.0,0.0
-0.40436341085809246,-0.09331463327494438,0.3658943755184235,0.0,0.0
-0.40436341085809246,-0.03110487775831494,0.36573662462811646,0.0,0.0
-0.40436341085809246,0.031104877758314498,0.36573662462811646,0.0,0.0
-0.40436341085809246,0.09331463327494438,0.3658943755184235,0.0,0.0
-0.40436341085809246,0.15552438879157382,0.36620987835932955,0.0,0.0
-0.40436341085809246,0.21773414430820326,0.36668313237483524,0.0,0.0
-0.40436341085809246,0.2799438998248327,0.3673141291248368,0.0,0.0
-0.40436341085809246,0.3421536553414626,0.36810284367704016,0.0,0.0
-0.40436341085809246,0.404363410858092,0.36904922267569185,0.0,0.0
-0.40436341085809246,0.46657316637472146,0.370153169171241,0.0,0.0
-0.40436341085809246,0.5287829218913513,0.37141452404342584,0.0,0.0
-0.40436341085809246,0.5909926774079808,0.3728330438206343,0.0,0.0
-0.40436341085809246,0.6532024329246102,0.3744083746715507,0.0,0.0
-0.40436341085809246,0.7154121884412397,0.3761400223221209,0.0,0.0
-0.40436341085809246,0.7776219439578695,0.37802731763315145,0.0,0.0
-0.40436341085809246,0.839831699474499,0.38006937756310943,0.0,0.0
-0.40436341085809246,0.9020414549911289,0.38226506123910164,0.0,0.0
-0.40436341085809246,0.9642512105077579,0.3846129208692068,0.0,0.0
-0.40436341085809246,1.0264609660243877,0.3871111472545062,0.0,0.0
-0.40436341085809246,1.0886707215410176,0.3897575097030692,0.0,0.0
-0.40436341085809246,1.1508804770576466,0.39254929021515295,0.0,0.0
-0.40436341085809246,1.2130902325742765,0.3954832119039299,0.0,0.0
-0.40436341085809246,1.2752999880909055,0.3985553617446154,0.0,0.0
-0.40436341085809246,1.3375097436075354,0.4017611079127815,0.0,0.0
-0.40436341085809246,1.3997194991241653,0.40509501218587723,0.0,0.0
-0.40436341085809246,1.4619292546407943,0.40855073814628884,0.0,0.0
-0.40436341085809246,1.5241390101574241,0.41212095624461176,0.0,0.0
-0.40436341085809246,1.586348765674054,0.4157972471616616,0.0,0.0
-0.40436341085809246,1.648558521190683,0.4195700053481378,0.0,0.0
-0.40436341085809246,1.710768276707313,0.4234283451191738,0.0,0.0
-0.40436341085809246,1.7729780322239428,0.42736001222964354,0.0,0.0
-0.40436341085809246,1.8351877877405718,0.4313513044408333,0.0,0.0
-0.40436341085809246,1.8973975432572017,0.43538700518753204,0.0,0.0
-0.40436341085809246,1.9596072987738316,0.4394503350345826,0.0,0.0
-0.40436341085809246,2.0218170542904605,0.4435229261304965,0.0,0.0
-0.40436341085809246,2.0840268098070904,0.4475848252685517,0.0,0.0
-0.40436341085809246,2.1462365653237194,0.451614531388023,0.0,0.0
-0.40436341085809246,2.2084463208403493,0.45558907331672144,0.0,0.0
-0.40436341085809246,2.270656076356979,0.4594841331938773,0.0,0.0
-0.40436341085809246,2.332865831873608,0.4632742202455415,0.0,0.0
-0.40436341085809246,2.395075587390238,0.4669328983511829,0.0,0.0
-0.40436341085809246,2.457285342906868,0.47043306910158966,0.0,0.0
-0.40436341085809246,2.519495098423497,0.4737473098021349,0.0,0.0
-0.40436341085809246,2.581704853940127,0.47684826316780043,0.0,0.0
-0.40436341085809246,2.6439146094567567,0.47970907239093624,0.0,0.0
-0.40436341085809246,2.7061243649733857,0.48230385200616943,0.0,0.0
-0.40436341085809246,2.7683341204900156,0.4846081817555439,0.0,0.0
-0.40436341085809246,2.8305438760066455,0.4865996077444918,0.0,0.0
-0.40436341085809246,2.8927536315232745,0.4882581328734673,0.0,0.0
-0.40436341085809246,2.9549633870399044,0.48956667712087926,0.0,0.0
-0.40436341085809246,3.0171731425565333,0.4905114879840261,0.0,0.0
-0.40436341085809246,3.0793828980731632,0.49108248241486124,0.0,0.0
-0.3421536553414626,-3.141592653589793,0.48904765385556814,0.0,0.0
-0.3421536553414626,-3.0793828980731637,0.48885921600012316,0.0,0.0
-0.3421536553414626,-3.017173142556534,0.4882959327905969,0.0,0.0
-0.3421536553414626,-2.9549633870399044,0.4873638425692567,0.0,0.0
-0.3421536553414626,-2.892753631523275,0.4860728361482728,0.0,0.0
-0.3421536553414626,-2.8305438760066455,0.4844364062928715,0.0,0.0
-0.3421536553414626,-2.7683341204900156,0.48247131447141667,0.0,0.0
-0.3421536553414626,-2.706124364973386,0.48019719064953587,0.0,0.0
-0.3421536553414626,-2.6439146094567567,0.47763608421592313,0.0,0.0
-0.3421536553414626,-2.581704853940127,0.47481198514621864,0.0,0.0
-0.3421536553414626,-2.5194950984234974,0.47175033427607926,0.0,0.0
-0.3421536553414626,-2.457285342906868,0.46847754021571736,0.0,0.0
-0.3421536553414626,-2.395075587390238,0.4650205182283359,0.0,0.0
-0.3421536553414626,-2.3328658318736086,0.4614062635917706,0.0,0.0
-0.3421536553414626,-2.270656076356979,0.457661468852643,0.0,0.0
-0.3421536553414626,-2.2084463208403498,0.4538121912294953,0.0,0.0
-0.3421536553414626,-2.1462365653237203,0.4498835734451844,0.0,0.0
-0.3421536553414626,-2.0840268098070904,0.44589961863177013,0.0,0.0
-0.3421536553414626,-2.021817054290461,0.44188301775566563,0.0,0.0
-0.3421536553414626,-1.9596072987738313,0.4378550263034862,0.0,0.0
-0.3421536553414626,-1.897397543257202,0.4338353857496348,0.0,0.0
-0.3421536553414626,-1.8351877877405722,0.42984228455987095,0.0,0.0
-0.3421536553414626,-1.7729780322239428,0.42589235311245877,0.0,0.0
-0.3421536553414626,-1.7107682767073131,0.4220006868692854,0.0,0.0
-0.3421536553414626,-1.6485585211906835,0.4181808923296094,0.0,0.0
-0.3421536553414626,-1.586348765674054,0.41444515067820903,0.0,0.0
-0.3421536553414626,-1.5241390101574244,0.4108042945346637,0.0,0.0
-0.3421536553414626,-1.461929254640795,0.4072678937683787,0.0,0.0
-0.3421536553414626,-1.3997194991241653,0.40384434692256427,0.0,0.0
-0.3421536553414626,-1.3375097436075358,0.4005409753580362,0.0,0.0
-0.3421536553414626,-1.2752999880909062,0.3973641177621025,0.0,0.0
-0.3421536553414626,-1.2130902325742767,0.39431922315467727,0.0,0.0
-0.3421536553414626,-1.150880477057647,0.39141094095524864,0.0,0.0
-0.3421536553414626,-1.0886707215410176,0.3886432070475401,0.0,0.0
-0.3421536553414626,-1.0264609660243877,0.3860193250943156,0.0,0.0
-0.3421536553414626,-0.9642512105077583,0.383542042615938,0.0,0.0
-0.3421536553414626,-0.9020414549911289,0.3812136215576378,0.0,0.0
-0.3421536553414626,-0.8398316994744994,0.37903590323746217,0.0,0.0
-0.3421536553414626,-0.7776219439578695,0.3770103676952664,0.0,0.0
-0.3421536553414626,-0.7154121884412401,0.3751381875585386,0.0,0.0
-0.3421536553414626,-0.6532024329246107,0.3734202766085999,0.0,0.0
-0.3421536553414626,-0.5909926774079808,0.3718573332756226,0.0,0.0
-0.3421536553414626,-0.5287829218913513,0.3704498793172162,0.0,0.0
-0.3421536553414626,-0.4665731663747219,0.36919829394672876,0.0,0.0
-0.3421536553414626,-0.40436341085809246,0.36810284367704016,0.0,0.0
-0.3421536553414626,-0.3421536553414626,0.3671637081360776,0.0,0.0
-0.3421536553414626,-0.27994389982483314,0.36638100209371194,0.0,0.0
-0.3421536553414626,-0.2177341443082037,0.3657547939178182,0.0,0.0
-0.3421536553414626,-0.15552438879157382,0.3652851206514718,0.0,0.0
-0.3421536553414626,-0.09331463327494438,0.3649719998745851,0.0,0.0
-0.3421536553414626,-0.03110487775831494,0.364815438482579,0.0,0.0
-0.3421536553414626,0.031104877758314498,0.364815438482579,0.0,0.0
-0.3421536553414626,0.09331463327494438,0.3649719998745851,0.0,0.0
-0.3421536553414626,0.15552438879157382,0.3652851206514718,0.0,0.0
-0.3421536553414626,0.21773414430820326,0.3657547939178182,0.0,0.0
-0.3421536553414626,0.2799438998248327,0.36638100209371194,0.0,0.0
-0.3421536553414626,0.3421536553414626,0.3671637081360776,0.0,0.0
-0.3421536553414626,0.404363410858092,0.3681028436770402,0.0,0.0
-0.3421536553414626,0.46657316637472146,0.36919829394672876,0.0,0.0
-0.3421536553414626,0.5287829218913513,0.3704498793172162,0.0,0.0
-0.3421536553414626,0.5909926774079808,0.3718573332756226,0.0,0.0
-0.3421536553414626,0.6532024329246102,0.3734202766085999,0.0,0.0
-0.3421536553414626,0.7154121884412397,0.3751381875585386,0.0,0.0
-0.3421536553414626,0.7776219439578695,0.3770103676952664,0.0,0.0
-0.3421536553414626,0.839831699474499,0.3790359032374621,0.0,0.0
-0.3421536553414626,0.9020414549911289,0.3812136215576378,0.0,0.0
-0.3421536553414626,0.9642512105077579,0.38354204261593794,0.0,0.0
-0.3421536553414626,1.0264609660243877,0.3860193250943156,0.0,0.0
-0.3421536553414626,1.0886707215410176,0.3886432070475401,0.0,0.0
-0.3421536553414626,1.1508804770576466,0.39141094095524864,0.0,0.0
-0.3421536553414626,1.2130902325742765,0.3943192231546773,0.0,0.0
-0.3421536553414626,1.2752999880909055,0.3973641177621025,0.0,0.0
-0.3421536553414626,1.3375097436075354,0.4005409753580361,0.0,0.0
-0.3421536553414626,1.3997194991241653,0.40384434692256427,0.0,0.0
-0.3421536553414626,1.4619292546407943,0.40726789376837863,0.0,0.0
-0.3421536553414626,1.5241390101574241,0.41080429453466366,0.0,0.0
-0.3421536553414626,1.586348765674054,0.41444515067820903,0.0,0.0
-0.3421536553414626,1.648558521190683,0.4181808923296094,0.0,0.0
-0.3421536553414626,1.710768276707313,0.4220006868692854,0.0,0.0
-0.3421536553414626,1.7729780322239428,0.42589235311245877,0.0,0.0
-0.3421536553414626,1.8351877877405718,0.42984228455987095,0.0,0.0
-0.3421536553414626,1.8973975432572017,0.4338353857496348,0.0,0.0
-0.3421536553414626,1.9596072987738316,0.4378550263034862,0.0,0.0
-0.3421536553414626,2.0218170542904605,0.4418830177556656,0.0,0.0
-0.3421536553414626,2.0840268098070904,0.44589961863177013,0.0,0.0
-0.3421536553414626,2.1462365653237194,0.4498835734451844,0.0,0.0
-0.3421536553414626,2.2084463208403493,0.45381219122949523,0.0,0.0
-0.3421536553414626,2.270656076356979,0.457661468852643,0.0,0.0
-0.3421536553414626,2.332865831873608,0.4614062635917706,0.0,0.0
-0.3421536553414626,2.395075587390238,0.4650205182283359,0.0,0.0
-0.3421536553414626,2.457285342906868,0.46847754021571736,0.0,0.0
-0.3421536553414626,2.519495098423497,0.47175033427607926,0.0,0.0
-0.3421536553414626,2.581704853940127,0.47481198514621864,0.0,0.0
-0.3421536553414626,2.6439146094567567,0.47763608421592313,0.0,0.0
-0.3421536553414626,2.7061243649733857,0.48019719064953587,0.0,0.0
-0.3421536553414626,2.7683341204900156,0.48247131447141667,0.0,0.0
-0.3421536553414626,2.8305438760066455,0.4844364062928715,0.0,0.0
-0.3421536553414626,2.8927536315232745,0.4860728361482728,0.0,0.0
-0.3421536553414626,2.9549633870399044,0.4873638425692567,0.0,0.0
-0.3421536553414626,3.0171731425565333,0.4882959327905969,0.0,0.0
-0.3421536553414626,3.0793828980731632,0.48885921600012316,0.0,0.0
-0.27994389982483314,-3.141592653589793,0.48720263702167593,0.0,0.0
-0.27994389982483314,-3.0793828980731637,0.4870163230625015,0.0,0.0
-0.27994389982483314,-3.017173142556534,0.48645937899275277,0.0,0.0
-0.27994389982483314,-2.9549633870399044,0.4855377466543729,0.0,0.0
-0.27994389982483314,-2.892753631523275,0.48426115977529627,0.0,0.0
-0.27994389982483314,-2.8305438760066455,0.48264289882895756,0.0,0.0
-0.27994389982483314,-2.7683341204900156,0.4806994648401391,0.0,0.0
-0.27994389982483314,-2.706124364973386,0.47845018749805324,0.0,0.0
-0.27994389982483314,-2.6439146094567567,0.475916785199067,0.0,0.0
-0.27994389982483314,-2.581704853940127,0.4731228956504717,0.0,0.0
-0.27994389982483314,-2.5194950984234974,0.47009359545790913,0.0,0.0
-0.27994389982483314,-2.457285342906868,0.46685492583639543,0.0,0.0
-0.27994389982483314,-2.395075587390238,0.46343343945199444,0.0,0.0
-0.27994389982483314,-2.3328658318736086,0.45985578068608784,0.0,0.0
-0.27994389982483314,-2.270656076356979,0.4561483085940428,0.0,0.0
-0.27994389982483314,-2.2084463208403498,0.452336768761228,0.0,0.0
-0.27994389982483314,-2.1462365653237203,0.44844601735560485,0.0,0.0
-0.27994389982483314,-2.0840268098070904,0.4444997980966981,0.0,0.0
-0.27994389982483314,-2.021817054290461,0.44052057070679934,0.0,0.0
-0.27994389982483314,-1.9596072987738313,0.4365293877288262,0.0,0.0
-0.27994389982483314,-1.897397543257202,0.4325458153878888,0.0,0.0
-0.27994389982483314,-1.8351877877405722,0.4285878934074225,0.0,0.0
-0.27994389982483314,-1.7729780322239428,0.424672128310039,0.0,0.0
-0.27994389982483314,-1.7107682767073131,0.42081351467002187,0.0,0.0
-0.27994389982483314,-1.6485585211906835,0.41702557896711534,0.0,0.0
-0.27994389982483314,-1.586348765674054,0.4133204410512773,0.0,0.0
-0.27994389982483314,-1.5241390101574244,0.40970888870397204,0.0,0.0
-0.27994389982483314,-1.461929254640795,0.4062004613214923,0.0,0.0
-0.27994389982483314,-1.3997194991241653,0.40280353930825863,0.0,0.0
-0.27994389982483314,-1.3375097436075358,0.399525436321726,0.0,0.0
-0.27994389982483314,-1.2752999880909062,0.3963724920332645,0.0,0.0
-0.27994389982483314,-1.2130902325742767,0.3933501635468284,0.0,0.0
-0.27994389982483314,-1.150880477057647,0.390463114041373,0.0,0.0
-0.27994389982483314,-1.0886707215410176,0.3877152975706692,0.0,0.0
-0.27994389982483314,-1.0264609660243877,0.38511003926582965,0.0,0.0
-0.27994389982483314,-0.9642512105077583,0.3826501104443607,0.0,0.0
-0.27994389982483314,-0.9020414549911289,0.38033779833929243,0.0,0.0
-0.27994389982483314,-0.8398316994744994,0.3781749703281432,0.0,0.0
-0.27994389982483314,-0.7776219439578695,0.37616313266968465,0.0,0.0
-0.27994389982483314,-0.7154121884412401,0.37430348385215856,0.0,0.0
-0.27994389982483314,-0.6532024329246107,0.3725969627249268,0.0,0.0
-0.27994389982483314,-0.5909926774079808,0.3710442916312173,0.0,0.0
-0.27994389982483314,-0.5287829218913513,0.3696460147868377,0.0,0.0
-0.27994389982483314,-0.4665731663747219,0.36840253216210395,0.0,0.0
-0.27994389982483314,-0.40436341085809246,0.36731412912483674,0.0,0.0
-0.27994389982483314,-0.3421536553414626,0.36638100209371194,0.0,0.0
-0.27994389982483314,-0.27994389982483314,0.3656032804356157,0.0,0.0
-0.27994389982483314,-0.2177341443082037,0.36498104481967814,0.0,0.0
-0.27994389982483314,-0.15552438879157382,0.3645143422156924,0.0,0.0
-0.27994389982483314,-0.09331463327494438,0.3642031976967561,0.0,0.0
-0.27994389982483314,-0.03110487775831494,0.3640476231760178,0.0,0.0
-0.27994389982483314,0.031104877758314498,0.3640476231760178,0.0,0.0
-0.27994389982483314,0.09331463327494438,0.3642031976967561,0.0,0.0
-0.27994389982483314,0.15552438879157382,0.3645143422156924,0.0,0.0
-0.27994389982483314,0.21773414430820326,0.36498104481967814,0.0,0.0
-0.27994389982483314,0.2799438998248327,0.3656032804356157,0.0,0.0
-0.27994389982483314,0.3421536553414626,0.36638100209371194,0.0,0.0
-0.27994389982483314,0.404363410858092,0.3673141291248368,0.0,0.0
-0.27994389982483314,0.46657316637472146,0.36840253216210395,0.0,0.0
-0.27994389982483314,0.5287829218913513,0.3696460147868377,0.0,0.0
-0.27994389982483314,0.5909926774079808,0.3710442916312173,0.0,0.0
-0.27994389982483314,0.6532024329246102,0.3725969627249268,0.0,0.0
-0.27994389982483314,0.7154121884412397,0.37430348385215856,0.0,0.0
-0.27994389982483314,0.7776219439578695,0.37616313266968465,0.0,0.0
-0.27994389982483314,0.839831699474499,0.3781749703281432,0.0,0.0
-0.27994389982483314,0.9020414549911289,0.38033779833929243,0.0,0.0
-0.27994389982483314,0.9642512105077579,0.3826501104443607,0.0,0.0
-0.27994389982483314,1.0264609660243877,0.38511003926582965,0.0,0.0
-0.27994389982483314,1.0886707215410176,0.3877152975706692,0.0,0.0
-0.27994389982483314,1.1508804770576466,0.39046311404137296,0.0,0.0
-0.27994389982483314,1.2130902325742765,0.3933501635468284,0.0,0.0
-0.27994389982483314,1.2752999880909055,0.39637249203326447,0.0,0.0
-0.27994389982483314,1.3375097436075354,0.399525436321726,0.0,0.0
-0.27994389982483314,1.3997194991241653,0.40280353930825863,0.0,0.0
-0.27994389982483314,1.4619292546407943,0.4062004613214923,0.0,0.0
-0.27994389982483314,1.5241390101574241,0.40970888870397204,0.0,0.0
-0.27994389982483314,1.586348765674054,0.4133204410512773,0.0,0.0
-0.27994389982483314,1.648558521190683,0.4170255789671153,0.0,0.0
-0.27994389982483314,1.710768276707313,0.4208135146700218,0.0,0.0
-0.27994389982483314,1.7729780322239428,0.424672128310039,0.0,0.0
-0.27994389982483314,1.8351877877405718,0.4285878934074225,0.0,0.0
-0.27994389982483314,1.8973975432572017,0.4325458153878888,0.0,0.0
-0.27994389982483314,1.9596072987738316,0.4365293877288262,0.0,0.0
-0.27994389982483314,2.0218170542904605,0.44052057070679923,0.0,0.0
-0.27994389982483314,2.0840268098070904,0.4444997980966981,0.0,0.0
-0.27994389982483314,2.1462365653237194,0.4484460173556048,0.0,0.0
-0.27994389982483314,2.2084463208403493,0.452336768761228,0.0,0.0
-0.27994389982483314,2.270656076356979,0.4561483085940428,0.0,0.0
-0.27994389982483314,2.332865831873608,0.4598557806860878,0.0,0.0
-0.27994389982483314,2.395075587390238,0.46343343945199444,0.0,0.0
-0.27994389982483314,2.457285342906868,0.46685492583639543,0.0,0.0
-0.27994389982483314,2.519495098423497,0.4700935954579091,0.0,0.0
-0.27994389982483314,2.581704853940127,0.4731228956504717,0.0,0.0
-0.27994389982483314,2.6439146094567567,0.475916785199067,0.0,0.0
-0.27994389982483314,2.7061243649733857,0.4784501874980532,0.0,0.0
-0.27994389982483314,2.7683341204900156,0.4806994648401391,0.0,0.0
-0.27994389982483314,2.8305438760066455,0.48264289882895756,0.0,0.0
-0.27994389982483314,2.8927536315232745,0.4842611597752963,0.0,0.0
-0.27994389982483314,2.9549633870399044,0.4855377466543729,0.0,0.0
-0.27994389982483314,3.0171731425565333,0.48645937899275277,0.0,0.0
-0.27994389982483314,3.0793828980731632,0.4870163230625015,0.0,0.0
-0.2177341443082037,-3.141592653589793,0.48573305149443163,0.0,0.0
-0.2177341443082037,-3.0793828980731637,0.48554841779487545,0.0,0.0
-0.2177341443082037,-3.017173142556534,0.48499648888382524,0.0,0.0
-0.2177341443082037,-2.9549633870399044,0.4840831306406258,0.0,0.0
-0.2177341443082037,-2.892753631523275,0.48281795312495596,0.0,0.0
-0.2177341443082037,-2.8305438760066455,0.4812140696471792,0.0,0.0
-0.2177341443082037,-2.7683341204900156,0.47928777610225937,0.0,0.0
-0.2177341443082037,-2.706124364973386,0.477058165603598,0.0,0.0
-0.2177341443082037,-2.6439146094567567,0.4745466956761771,0.0,0.0
-0.2177341443082037,-2.581704853940127,0.471776726269383,0.0,0.0
-0.2177341443082037,-2.5194950984234974,0.46877304666131975,0.0,0.0
-0.2177341443082037,-2.457285342906868,0.46556140808714014,0.0,0.0
-0.2177341443082037,-2.395075587390238,0.4621680768507053,0.0,0.0
-0.2177341443082037,-2.3328658318736086,0.4586194200322203,0.0,0.0
-0.2177341443082037,-2.270656076356979,0.4549415329543752,0.0,0.0
-0.2177341443082037,-2.2084463208403498,0.45115991456628673,0.0,0.0
-0.2177341443082037,-2.1462365653237203,0.4472991940575802,0.0,0.0
-0.2177341443082037,-2.0840268098070904,0.4433829094808302,0.0,0.0
-0.2177341443082037,-2.021817054290461,0.43943333703941273,0.0,0.0
-0.2177341443082037,-1.9596072987738313,0.43547136803702935,0.0,0.0
-0.2177341443082037,-1.897397543257202,0.4315164292875694,0.0,0.0
-0.2177341443082037,-1.8351877877405722,0.42758644201860607,0.0,0.0
-0.2177341443082037,-1.7729780322239428,0.4236978139151056,0.0,0.0
-0.2177341443082037,-1.7107682767073131,0.41986545887597393,0.0,0.0
-0.2177341443082037,-1.6485585211906835,0.41610283922521596,0.0,0.0
-0.2177341443082037,-1.586348765674054,0.41242202546468126,0.0,0.0
-0.2177341443082037,-1.5241390101574244,0.40883376911639363,0.0,0.0
-0.2177341443082037,-1.461929254640795,0.4053475847283259,0.0,0.0
-0.2177341443082037,-1.3997194991241653,0.4019718376672608,0.0,0.0
-0.2177341443082037,-1.3375097436075358,0.3987138348650688,0.0,0.0
-0.2177341443082037,-1.2752999880909062,0.39557991619825994,0.0,0.0
-0.2177341443082037,-1.2130902325742767,0.39257554465066136,0.0,0.0
-0.2177341443082037,-1.150880477057647,0.3897053938273742,0.0,0.0
-0.2177341443082037,-1.0886707215410176,0.38697343175146565,0.0,0.0
-0.2177341443082037,-1.0264609660243877,0.3843830001833439,0.0,0.0
-0.2177341443082037,-0.9642512105077583,0.3819368889591278,0.0,0.0
-0.2177341443082037,-0.9020414549911289,0.37963740505273685,0.0,0.0
-0.2177341443082037,-0.8398316994744994,0.37748643623196443,0.0,0.0
-0.2177341443082037,-0.7776219439578695,0.3754855093068188,0.0,0.0
-0.2177341443082037,-0.7154121884412401,0.37363584306428227,0.0,0.0
-0.2177341443082037,-0.6532024329246107,0.37193839605239576,0.0,0.0
-0.2177341443082037,-0.5909926774079808,0.37039390942285455,0.0,0.0
-0.2177341443082037,-0.5287829218913513,0.3690029450692152,0.0,0.0
-0.2177341443082037,-0.4665731663747219,0.36776591931093333,0.0,0.0
-0.2177341443082037,-0.40436341085809246,0.36668313237483524,0.0,0.0
-0.2177341443082037,-0.3421536553414626,0.3657547939178182,0.0,0.0
-0.2177341443082037,-0.27994389982483314,0.36498104481967814,0.0,0.0
-0.2177341443082037,-0.2177341443082037,0.36436197545469046,0.0,0.0
-0.2177341443082037,-0.15552438879157382,0.36389764062627256,0.0,0.0
-0.2177341443082037,-0.09331463327494438,0.3635880713218161,0.0,0.0
-0.2177341443082037,-0.03110487775831494,0.3634332834154193,0.0,0.0
-0.2177341443082037,0.031104877758314498,0.3634332834154193,0.0,0.0
-0.2177341443082037,0.09331463327494438,0.3635880713218161,0.0,0.0
-0.2177341443082037,0.15552438879157382,0.36389764062627256,0.0,0.0
-0.2177341443082037,0.21773414430820326,0.36436197545469046,0.0,0.0
-0.2177341443082037,0.2799438998248327,0.36498104481967814,0.0,0.0
-0.2177341443082037,0.3421536553414626,0.3657547939178182,0.0,0.0
-0.2177341443082037,0.404363410858092,0.36668313237483524,0.0,0.0
-0.2177341443082037,0.46657316637472146,0.36776591931093333,0.0,0.0
-0.2177341443082037,0.5287829218913513,0.3690029450692152,0.0,0.0
-0.2177341443082037,0.5909926774079808,0.37039390942285455,0.0,0.0
-0.2177341443082037,0.6532024329246102,0.37193839605239576,0.0,0.0
-0.2177341443082037,0.7154121884412397,0.3736358430642822,0.0,0.0
-0.2177341443082037,0.7776219439578695,0.3754855093068188,0.0,0.0
-0.2177341443082037,0.839831699474499,0.3774864362319644,0.0,0.0
-0.2177341443082037,0.9020414549911289,0.37963740505273685,0.0,0.0
-0.2177341443082037,0.9642512105077579,0.38193688895912775,0.0,0.0
-0.2177341443082037,1.0264609660243877,0.3843830001833439,0.0,0.0
-0.2177341443082037,1.0886707215410176,0.38697343175146565,0.0,0.0
-0.2177341443082037,1.1508804770576466,0.3897053938273742,0.0,0.0
-0.2177341443082037,1.2130902325742765,0.39257554465066136,0.0,0.0
-0.2177341443082037,1.2752999880909055,0.3955799161982599,0.0,0.0
-0.2177341443082037,1.3375097436075354,0.39871383486506873,0.0,0.0
-0.2177341443082037,1.3997194991241653,0.4019718376672608,0.0,0.0
-0.2177341443082037,1.4619292546407943,0.4053475847283259,0.0,0.0
-0.2177341443082037,1.5241390101574241,0.40883376911639363,0.0,0.0
-0.2177341443082037,1.586348765674054,0.41242202546468126,0.0,0.0
-0.2177341443082037,1.648558521190683,0.41610283922521596,0.0,0.0
-0.2177341443082037,1.710768276707313,0.41986545887597393,0.0,0.0
-0.2177341443082037,1.7729780322239428,0.4236978139151056,0.0,0.0
-0.2177341443082037,1.8351877877405718,0.42758644201860607,0.0,0.0
-0.2177341443082037,1.8973975432572017,0.4315164292875694,0.0,0.0
-0.2177341443082037,1.9596072987738316,0.43547136803702935,0.0,0.0
-0.2177341443082037,2.0218170542904605,0.43943333703941273,0.0,0.0
-0.2177341443082037,2.0840268098070904,0.4433829094808302,0.0,0.0
-0.2177341443082037,2.1462365653237194,0.4472991940575801,0.0,0.0
-0.2177341443082037,2.2084463208403493,0.45115991456628673,0.0,0.0
-0.2177341443082037,2.270656076356979,0.4549415329543752,0.0,0.0
-0.2177341443082037,2.332865831873608,0.45861942003222017,0.0,0.0
-0.2177341443082037,2.395075587390238,0.4621680768507053,0.0,0.0
-0.2177341443082037,2.457285342906868,0.46556140808714014,0.0,0.0
-0.2177341443082037,2.519495098423497,0.46877304666131975,0.0,0.0
-0.2177341443082037,2.581704853940127,0.471776726269383,0.0,0.0
-0.2177341443082037,2.6439146094567567,0.4745466956761771,0.0,0.0
-0.2177341443082037,2.7061243649733857,0.4770581656035979,0.0,0.0
-0.2177341443082037,2.7683341204900156,0.47928777610225937,0.0,0.0
-0.2177341443082037,2.8305438760066455,0.4812140696471792,0.0,0.0
-0.2177341443082037,2.8927536315232745,0.4828179531249559,0.0,0.0
-0.2177341443082037,2.9549633870399044,0.4840831306406258,0.0,0.0
-0.2177341443082037,3.0171731425565333,0.48499648888382524,0.0,0.0
-0.2177341443082037,3.0793828980731632,0.48554841779487545,0.0,0.0
-0.15552438879157382,-3.141592653589793,0.48463460034407607,0.0,0.0
-0.15552438879157382,-3.0793828980731637,0.4844512159500491,0.0,0.0
-0.15552438879157382,-3.017173142556534,0.483903015981214,0.0,0.0
-0.15552438879157382,-2.9549633870399044,0.4829958100560227,0.0,0.0
-0.15552438879157382,-2.892753631523275,0.4817391166316743,0.0,0.0
-0.15552438879157382,-2.8305438760066455,0.4801459251809901,0.0,0.0
-0.15552438879157382,-2.7683341204900156,0.47823237960570525,0.0,0.0
-0.15552438879157382,-2.706124364973386,0.4760173976839366,0.0,0.0
-0.15552438879157382,-2.6439146094567567,0.4735222435441609,0.0,0.0
-0.15552438879157382,-2.581704853940127,0.4707700711529268,0.0,0.0
-0.15552438879157382,-2.5194950984234974,0.4677854566295868,0.0,0.0
-0.15552438879157382,-2.457285342906868,0.4645939359937078,0.0,0.0
-0.15552438879157382,-2.395075587390238,0.4612215629212971,0.0,0.0
-0.15552438879157382,-2.3328658318736086,0.45769449848951194,0.0,0.0
-0.15552438879157382,-2.270656076356979,0.45403864199087834,0.0,0.0
-0.15552438879157382,-2.2084463208403498,0.45027930894310625,0.0,0.0
-0.15552438879157382,-2.1462365653237203,0.44644095961553676,0.0,0.0
-0.15552438879157382,-2.0840268098070904,0.4425469788926309,0.0,0.0
-0.15552438879157382,-2.021817054290461,0.4386195061981016,0.0,0.0
-0.15552438879157382,-1.9596072987738313,0.43467931255791104,0.0,0.0
-0.15552438879157382,-1.897397543257202,0.4307457206901841,0.0,0.0
-0.15552438879157382,-1.8351877877405722,0.42683656324552266,0.0,0.0
-0.15552438879157382,-1.7729780322239428,0.42296817393023584,0.0,0.0
-0.15552438879157382,-1.7107682767073131,0.41915540616326113,0.0,0.0
-0.15552438879157382,-1.6485585211906835,0.4154116740768099,0.0,0.0
-0.15552438879157382,-1.586348765674054,0.4117490110050839,0.0,0.0
-0.15552438879157382,-1.5241390101574244,0.40817814105550526,0.0,0.0
-0.15552438879157382,-1.461929254640795,0.40470855987239235,0.0,0.0
-0.15552438879157382,-1.3997194991241653,0.4013486212434367,0.0,0.0
-0.15552438879157382,-1.3375097436075358,0.39810562673387895,0.0,0.0
-0.15552438879157382,-1.2752999880909062,0.394985916039979,0.0,0.0
-0.15552438879157382,-1.2130902325742767,0.3919949562178191,0.0,0.0
-0.15552438879157382,-1.150880477057647,0.3891374283574371,0.0,0.0
-0.15552438879157382,-1.0886707215410176,0.38641731063229223,0.0,0.0
-0.15552438879157382,-1.0264609660243877,0.3838379569601914,0.0,0.0
-0.15552438879157382,-0.9642512105077583,0.3814021707665445,0.0,0.0
-0.15552438879157382,-0.9020414549911289,0.3791122735482328,0.0,0.0
-0.15552438879157382,-0.8398316994744994,0.3769701681013863,0.0,0.0
-0.15552438879157382,-0.7776219439578695,0.3749773964042335,0.0,0.0
-0.15552438879157382,-0.7154121884412401,0.37313519224216735,0.0,0.0
-0.15552438879157382,-0.6532024329246107,0.3714445287312305,0.0,0.0
-0.15552438879157382,-0.5909926774079808,0.3699061609429374,0.0,0.0
-0.15552438879157382,-0.5287829218913513,0.36852066386176985,0.0,0.0
-0.15552438879157382,-0.4665731663747219,0.3672884659203614,0.0,0.0
-0.15552438879157382,-0.40436341085809246,0.36620987835932955,0.0,0.0
-0.15552438879157382,-0.3421536553414626,0.3652851206514718,0.0,0.0
-0.15552438879157382,-0.27994389982483314,0.3645143422156924,0.0,0.0
-0.15552438879157382,-0.2177341443082037,0.36389764062627256,0.0,0.0
-0.15552438879157382,-0.15552438879157382,0.3634350764992988,0.0,0.0
-0.15552438879157382,-0.09331463327494438,0.3631266852112897,0.0,0.0
-0.15552438879157382,-0.03110487775831494,0.3629724855761466,0.0,0.0
-0.15552438879157382,0.031104877758314498,0.3629724855761466,0.0,0.0
-0.15552438879157382,0.09331463327494438,0.3631266852112897,0.0,0.0
-0.15552438879157382,0.15552438879157382,0.3634350764992988,0.0,0.0
-0.15552438879157382,0.21773414430820326,0.36389764062627256,0.0,0.0
-0.15552438879157382,0.2799438998248327,0.36451434221569246,0.0,0.0
-0.15552438879157382,0.3421536553414626,0.3652851206514718,0.0,0.0
-0.15552438879157382,0.404363410858092,0.36620987835932955,0.0,0.0
-0.15552438879157382,0.46657316637472146,0.3672884659203614,0.0,0.0
-0.15552438879157382,0.5287829218913513,0.36852066386176985,0.0,0.0
-0.15552438879157382,0.5909926774079808,0.3699061609429374,0.0,0.0
-0.15552438879157382,0.6532024329246102,0.3714445287312305,0.0,0.0
-0.15552438879157382,0.7154121884412397,0.37313519224216724,0.0,0.0
-0.15552438879157382,0.7776219439578695,0.3749773964042335,0.0,0.0
-0.15552438879157382,0.839831699474499,0.3769701681013862,0.0,0.0
-0.15552438879157382,0.9020414549911289,0.3791122735482328,0.0,0.0
-0.15552438879157382,0.9642512105077579,0.3814021707665444,0.0,0.0
-0.15552438879157382,1.0264609660243877,0.3838379569601914,0.0,0.0
-0.15552438879157382,1.0886707215410176,0.38641731063229223,0.0,0.0
-0.15552438879157382,1.1508804770576466,0.3891374283574371,0.0,0.0
-0.15552438879157382,1.2130902325742765,0.3919949562178191,0.0,0.0
-0.15552438879157382,1.2752999880909055,0.39498591603997896,0.0,0.0
-0.15552438879157382,1.3375097436075354,0.39810562673387895,0.0,0.0
-0.15552438879157382,1.3997194991241653,0.4013486212434367,0.0,0.0
-0.15552438879157382,1.4619292546407943,0.40470855987239235,0.0,0.0
-0.15552438879157382,1.5241390101574241,0.40817814105550526,0.0,0.0
-0.15552438879157382,1.586348765674054,0.4117490110050839,0.0,0.0
-0.15552438879157382,1.648558521190683,0.4154116740768099,0.0,0.0
-0.15552438879157382,1.710768276707313,0.41915540616326113,0.0,0.0
-0.15552438879157382,1.7729780322239428,0.42296817393023584,0.0,0.0
-0.15552438879157382,1.8351877877405718,0.4268365632455226,0.0,0.0
-0.15552438879157382,1.8973975432572017,0.43074572069018396,0.0,0.0
-0.15552438879157382,1.9596072987738316,0.43467931255791115,0.0,0.0
-0.15552438879157382,2.0218170542904605,0.4386195061981016,0.0,0.0
-0.15552438879157382,2.0840268098070904,0.4425469788926309,0.0,0.0
-0.15552438879157382,2.1462365653237194,0.44644095961553676,0.0,0.0
-0.15552438879157382,2.2084463208403493,0.45027930894310625,0.0,0.0
-0.15552438879157382,2.270656076356979,0.45403864199087834,0.0,0.0
-0.15552438879157382,2.332865831873608,0.45769449848951194,0.0,0.0
-0.15552438879157382,2.395075587390238,0.4612215629212971,0.0,0.0
-0.15552438879157382,2.457285342906868,0.4645939359937078,0.0,0.0
-0.15552438879157382,2.519495098423497,0.4677854566295868,0.0,0.0
-0.15552438879157382,2.581704853940127,0.4707700711529268,0.0,0.0
-0.15552438879157382,2.6439146094567567,0.4735222435441609,0.0,0.0
-0.15552438879157382,2.7061243649733857,0.4760173976839366,0.0,0.0
-0.15552438879157382,2.7683341204900156,0.47823237960570525,0.0,0.0
-0.15552438879157382,2.8305438760066455,0.4801459251809901,0.0,0.0
-0.15552438879157382,2.8927536315232745,0.4817391166316743,0.0,0.0
-0.15552438879157382,2.9549633870399044,0.4829958100560227,0.0,0.0
-0.15552438879157382,3.0171731425565333,0.483903015981214,0.0,0.0
-0.15552438879157382,3.0793828980731632,0.4844512159500491,0.0,0.0
-0.09331463327494438,-3.141592653589793,0.4839040753937959,0.0,0.0
-0.09331463327494438,-3.0793828980731637,0.48372151872411534,0.0,0.0
-0.09331463327494438,-3.017173142556534,0.4831757893920695,0.0,0.0
-0.09331463327494438,-2.9549633870399044,0.48227265984360046,0.0,0.0
-0.09331463327494438,-2.892753631523275,0.4810215880084428,0.0,0.0
-0.09331463327494438,-2.8305438760066455,0.4794354815238032,0.0,0.0
-0.09331463327494438,-2.7683341204900156,0.4775303838359457,0.0,0.0
-0.09331463327494438,-2.706124364973386,0.47532509682062646,0.0,0.0
-0.09331463327494438,-2.6439146094567567,0.47284075673912135,0.0,0.0
-0.09331463327494438,-2.581704853940127,0.470100381337368,0.0,0.0
-0.09331463327494438,-2.5194950984234974,0.4671284057313035,0.0,0.0
-0.09331463327494438,-2.457285342906868,0.4639502235345508,0.0,0.0
-0.09331463327494438,-2.395075587390238,0.46059174768370736,0.0,0.0
-0.09331463327494438,-2.3328658318736086,0.45707900285296915,0.0,0.0
-0.09331463327494438,-2.270656076356979,0.45343775848498724,0.0,0.0
-0.09331463327494438,-2.2084463208403498,0.44969320854170847,0.0,0.0
-0.09331463327494438,-2.1462365653237203,0.44586970130149467,0.0,0.0
-0.09331463327494438,-2.0840268098070904,0.4419905200503104,0.0,0.0
-0.09331463327494438,-2.021817054290461,0.43807771343407953,0.0,0.0
-0.09331463327494438,-1.9596072987738313,0.43415197260417593,0.0,0.0
-0.09331463327494438,-1.897397543257202,0.4302325511028335,0.0,0.0
-0.09331463327494438,-1.8351877877405722,0.42633722267131685,0.0,0.0
-0.09331463327494438,-1.7729780322239428,0.42248227176999975,0.0,0.0
-0.09331463327494438,-1.7107682767073131,0.41868251151270713,0.0,0.0
-0.09331463327494438,-1.6485585211906835,0.4149513238704516,0.0,0.0
-0.09331463327494438,-1.586348765674054,0.4113007173268842,0.0,0.0
-0.09331463327494438,-1.5241390101574244,0.4077413976106764,0.0,0.0
-0.09331463327494438,-1.461929254640795,0.40428284763872147,0.0,0.0
-0.09331463327494438,-1.3997194991241653,0.4009334133382869,0.0,0.0
-0.09331463327494438,-1.3375097436075358,0.3977003925454132,0.0,0.0
-0.09331463327494438,-1.2752999880909062,0.39459012467903165,0.0,0.0
-0.09331463327494438,-1.2130902325742767,0.3916080793510442,0.0,0.0
-0.09331463327494438,-1.150880477057647,0.388758942483676,0.0,0.0
-0.09331463327494438,-1.0886707215410176,0.38604669886323095,0.0,0.0
-0.09331463327494438,-1.0264609660243877,0.38347471036392267,0.0,0.0
-0.09331463327494438,-0.9642512105077583,0.38104578932911015,0.0,0.0
-0.09331463327494438,-0.9020414549911289,0.37876226680400893,0.0,0.0
-0.09331463327494438,-0.8398316994744994,0.3766260554786042,0.0,0.0
-0.09331463327494438,-0.7776219439578695,0.3746387073272452,0.0,0.0
-0.09331463327494438,-0.7154121884412401,0.37280146602745085,0.0,0.0
-0.09331463327494438,-0.6532024329246107,0.3711153143097104,0.0,0.0
-0.09331463327494438,-0.5909926774079808,0.36958101643705493,0.0,0.0
-0.09331463327494438,-0.5287829218913513,0.3681991560419327,0.0,0.0
-0.09331463327494438,-0.4665731663747219,0.3669701695619584,0.0,0.0
-0.09331463327494438,-0.40436341085809246,0.3658943755184235,0.0,0.0
-0.09331463327494438,-0.3421536553414626,0.3649719998745851,0.0,0.0
-0.09331463327494438,-0.27994389982483314,0.3642031976967561,0.0,0.0
-0.09331463327494438,-0.2177341443082037,0.3635880713218161,0.0,0.0
-0.09331463327494438,-0.15552438879157382,0.3631266852112897,0.0,0.0
-0.09331463327494438,-0.09331463327494438,0.3628190776456722,0.0,0.0
-0.09331463327494438,-0.03110487775831494,0.3626652693840674,0.0,0.0
-0.09331463327494438,0.031104877758314498,0.3626652693840674,0.0,0.0
-0.09331463327494438,0.09331463327494438,0.3628190776456722,0.0,0.0
-0.09331463327494438,0.15552438879157382,0.3631266852112897,0.0,0.0
-0.09331463327494438,0.21773414430820326,0.36358807132181614,0.0,0.0
-0.09331463327494438,0.2799438998248327,0.3642031976967561,0.0,0.0
-0.09331463327494438,0.3421536553414626,0.3649719998745851,0.0,0.0
-0.09331463327494438,0.404363410858092,0.3658943755184235,0.0,0.0
-0.09331463327494438,0.46657316637472146,0.3669701695619584,0.0,0.0
-0.09331463327494438,0.5287829218913513,0.3681991560419327,0.0,0.0
-0.09331463327494438,0.5909926774079808,0.36958101643705493,0.0,0.0
-0.09331463327494438,0.6532024329246102,0.3711153143097104,0.0,0.0
-0.09331463327494438,0.7154121884412397,0.37280146602745073,0.0,0.0
-0.09331463327494438,0.7776219439578695,0.3746387073272452,0.0,0.0
-0.09331463327494438,0.839831699474499,0.3766260554786042,0.0,0.0
-0.09331463327494438,0.9020414549911289,0.37876226680400893,0.0,0.0
-0.09331463327494438,0.9642512105077579,0.38104578932911004,0.0,0.0
-0.09331463327494438,1.0264609660243877,0.38347471036392267,0.0,0.0
-0.09331463327494438,1.0886707215410176,0.38604669886323095,0.0,0.0
-0.09331463327494438,1.1508804770576466,0.388758942483676,0.0,0.0
-0.09331463327494438,1.2130902325742765,0.3916080793510442,0.0,0.0
-0.09331463327494438,1.2752999880909055,0.3945901246790316,0.0,0.0
-0.09331463327494438,1.3375097436075354,0.3977003925454132,0.0,0.0
-0.09331463327494438,1.3997194991241653,0.4009334133382869,0.0,0.0
-0.09331463327494438,1.4619292546407943,0.40428284763872147,0.0,0.0
-0.09331463327494438,1.5241390101574241,0.4077413976106764,0.0,0.0
-0.09331463327494438,1.586348765674054,0.4113007173268842,0.0,0.0
-0.09331463327494438,1.648558521190683,0.4149513238704516,0.0,0.0
-0.09331463327494438,1.710768276707313,0.4186825115127071,0.0,0.0
-0.09331463327494438,1.7729780322239428,0.42248227176999975,0.0,0.0
-0.09331463327494438,1.8351877877405718,0.4263372226713168,0.0,0.0
-0.09331463327494438,1.8973975432572017,0.4302325511028334,0.0,0.0
-0.09331463327494438,1.9596072987738316,0.434151972604176,0.0,0.0
-0.09331463327494438,2.0218170542904605,0.4380777134340795,0.0,0.0
-0.09331463327494438,2.0840268098070904,0.4419905200503104,0.0,0.0
-0.09331463327494438,2.1462365653237194,0.44586970130149456,0.0,0.0
-0.09331463327494438,2.2084463208403493,0.44969320854170847,0.0,0.0
-0.09331463327494438,2.270656076356979,0.45343775848498724,0.0,0.0
-0.09331463327494438,2.332865831873608,0.45707900285296915,0.0,0.0
-0.09331463327494438,2.395075587390238,0.46059174768370736,0.0,0.0
-0.09331463327494438,2.457285342906868,0.4639502235345508,0.0,0.0
-0.09331463327494438,2.519495098423497,0.4671284057313035,0.0,0.0
-0.09331463327494438,2.581704853940127,0.470100381337368,0.0,0.0
-0.09331463327494438,2.6439146094567567,0.47284075673912135,0.0,0.0
-0.09331463327494438,2.7061243649733857,0.47532509682062646,0.0,0.0
-0.09331463327494438,2.7683341204900156,0.4775303838359457,0.0,0.0
-0.09331463327494438,2.8305438760066455,0.4794354815238032,0.0,0.0
-0.09331463327494438,2.8927536315232745,0.4810215880084428,0.0,0.0
-0.09331463327494438,2.9549633870399044,0.48227265984360046,0.0,0.0
-0.09331463327494438,3.0171731425565333,0.4831757893920694,0.0,0.0
-0.09331463327494438,3.0793828980731632,0.48372151872411534,0.0,0.0
-0.03110487775831494,-3.141592653589793,0.48353934482394967,0.0,0.0
-0.03110487775831494,-3.0793828980731637,0.4833572004804602,0.0,0.0
-0.03110487775831494,-3.017173142556534,0.4828127018926024,0.0,0.0
-0.03110487775831494,-2.9549633870399044,0.48191160301972735,0.0,0.0
-0.03110487775831494,-2.892753631523275,0.48066333168887565,0.0,0.0
-0.03110487775831494,-2.8305438760066455,0.47908075483466683,0.0,0.0
-0.03110487775831494,-2.7683341204900156,0.4771798659357363,0.0,0.0
-0.03110487775831494,-2.706124364973386,0.4749794092109183,0.0,0.0
-0.03110487775831494,-2.6439146094567567,0.4725004573048519,0.0,0.0
-0.03110487775831494,-2.581704853940127,0.46976596018138894,0.0,0.0
-0.03110487775831494,-2.5194950984234974,0.4668002827834204,0.0,0.0
-0.03110487775831494,-2.457285342906868,0.46362874784104,0.0,0.0
-0.03110487775831494,-2.395075587390238,0.460277198223225,0.0,0.0
-0.03110487775831494,-2.3328658318736086,0.45677159068100787,0.0,0.0
-0.03110487775831494,-2.270656076356979,0.45313762998204715,0.0,0.0
-0.03110487775831494,-2.2084463208403498,0.4494004495291112,0.0,0.0
-0.03110487775831494,-2.1462365653237203,0.4455843417912494,0.0,0.0
-0.03110487775831494,-2.0840268098070904,0.441712539408907,0.0,0.0
-0.03110487775831494,-2.021817054290461,0.43780704576157475,0.0,0.0
-0.03110487775831494,-1.9596072987738313,0.43388851215654806,0.0,0.0
-0.03110487775831494,-1.897397543257202,0.4299761576146899,0.0,0.0
-0.03110487775831494,-1.8351877877405722,0.42608772646548965,0.0,0.0
-0.03110487775831494,-1.7729780322239428,0.42223947856868665,0.0,0.0
-0.03110487775831494,-1.7107682767073131,0.4184462068904467,0.0,0.0
-0.03110487775831494,-1.6485585211906835,0.41472127731165165,0.0,0.0
-0.03110487775831494,-1.586348765674054,0.41107668586952384,0.0,0.0
-0.03110487775831494,-1.5241390101574244,0.40752312907313476,0.0,0.0
-0.03110487775831494,-1.461929254640795,0.40407008343863543,0.0,0.0
-0.03110487775831494,-1.3997194991241653,0.4007258909212173,0.0,0.0
-0.03110487775831494,-1.3375097436075358,0.39749784744730327,0.0,0.0
-0.03110487775831494,-1.2752999880909062,0.39439229225039746,0.0,0.0
-0.03110487775831494,-1.2130902325742767,0.39141469617295865,0.0,0.0
-0.03110487775831494,-1.150880477057647,0.388569747506293,0.0,0.0
-0.03110487775831494,-1.0886707215410176,0.3858614342971873,0.0,0.0
-0.03110487775831494,-1.0264609660243877,0.3832931223537544,0.0,0.0
-0.03110487775831494,-0.9642512105077583,0.3808676284360782,0.0,0.0
-0.03110487775831494,-0.9020414549911289,0.378587288323646,0.0,0.0
-0.03110487775831494,-0.8398316994744994,0.37645401961603053,0.0,0.0
-0.03110487775831494,-0.7776219439578695,0.3744693792509814,0.0,0.0
-0.03110487775831494,-0.7154121884412401,0.37263461582016394,0.0,0.0
-0.03110487775831494,-0.6532024329246107,0.3709507168321332,0.0,0.0
-0.03110487775831494,-0.5909926774079808,0.36941845111926247,0.0,0.0
-0.03110487775831494,-0.5287829218913513,0.3680384066142668,0.0,0.0
-0.03110487775831494,-0.4665731663747219,0.3668110237361756,0.0,0.0
-0.03110487775831494,-0.40436341085809246,0.36573662462811646,0.0,0.0
-0.03110487775831494,-0.3421536553414626,0.364815438482579,0.0,0.0
-0.03110487775831494,-0.27994389982483314,0.3640476231760178,0.0,0.0
-0.03110487775831494,-0.2177341443082037,0.3634332834154193,0.0,0.0
-0.03110487775831494,-0.15552438879157382,0.3629724855761466,0.0,0.0
-0.03110487775831494,-0.09331463327494438,0.3626652693840674,0.0,0.0
-0.03110487775831494,-0.03110487775831494,0.36251165656649703,0.0,0.0
-0.03110487775831494,0.031104877758314498,0.36251165656649703,0.0,0.0
-0.03110487775831494,0.09331463327494438,0.3626652693840674,0.0,0.0
-0.03110487775831494,0.15552438879157382,0.3629724855761466,0.0,0.0
-0.03110487775831494,0.21773414430820326,0.36343328341541925,0.0,0.0
-0.03110487775831494,0.2799438998248327,0.3640476231760178,0.0,0.0
-0.03110487775831494,0.3421536553414626,0.364815438482579,0.0,0.0
-0.03110487775831494,0.404363410858092,0.36573662462811646,0.0,0.0
-0.03110487775831494,0.46657316637472146,0.3668110237361756,0.0,0.0
-0.03110487775831494,0.5287829218913513,0.3680384066142668,0.0,0.0
-0.03110487775831494,0.5909926774079808,0.36941845111926247,0.0,0.0
-0.03110487775831494,0.6532024329246102,0.3709507168321332,0.0,0.0
-0.03110487775831494,0.7154121884412397,0.3726346158201639,0.0,0.0
-0.03110487775831494,0.7776219439578695,0.3744693792509814,0.0,0.0
-0.03110487775831494,0.839831699474499,0.3764540196160305,0.0,0.0
-0.03110487775831494,0.9020414549911289,0.378587288323646,0.0,0.0
-0.03110487775831494,0.9642512105077579,0.3808676284360781,0.0,0.0
-0.03110487775831494,1.0264609660243877,0.3832931223537544,0.0,0.0
-0.03110487775831494,1.0886707215410176,0.3858614342971873,0.0,0.0
-0.03110487775831494,1.1508804770576466,0.388569747506293,0.0,0.0
-0.03110487775831494,1.2130902325742765,0.39141469617295865,0.0,0.0
-0.03110487775831494,1.2752999880909055,0.3943922922503974,0.0,0.0
-0.03110487775831494,1.3375097436075354,0.3974978474473032,0.0,0.0
-0.03110487775831494,1.3997194991241653,0.4007258909212173,0.0,0.0
-0.03110487775831494,1.4619292546407943,0.40407008343863543,0.0,0.0
-0.03110487775831494,1.5241390101574241,0.4075231290731347,0.0,0.0
-0.03110487775831494,1.586348765674054,0.41107668586952384,0.0,0.0
-0.03110487775831494,1.648558521190683,0.41472127731165165,0.0,0.0
-0.03110487775831494,1.710768276707313,0.4184462068904467,0.0,0.0
-0.03110487775831494,1.7729780322239428,0.42223947856868665,0.0,0.0
-0.03110487775831494,1.8351877877405718,0.42608772646548965,0.0,0.0
-0.03110487775831494,1.8973975432572017,0.4299761576146899,0.0,0.0
-0.03110487775831494,1.9596072987738316,0.43388851215654806,0.0,0.0
-0.03110487775831494,2.0218170542904605,0.4378070457615747,0.0,0.0
-0.03110487775831494,2.0840268098070904,0.441712539408907,0.0,0.0
-0.03110487775831494,2.1462365653237194,0.4455843417912494,0.0,0.0
-0.03110487775831494,2.2084463208403493,0.4494004495291112,0.0,0.0
-0.03110487775831494,2.270656076356979,0.45313762998204715,0.0,0.0
-0.03110487775831494,2.332865831873608,0.45677159068100787,0.0,0.0
-0.03110487775831494,2.395075587390238,0.460277198223225,0.0,0.0
-0.03110487775831494,2.457285342906868,0.46362874784104,0.0,0.0
-0.03110487775831494,2.519495098423497,0.4668002827834204,0.0,0.0
-0.03110487775831494,2.581704853940127,0.46976596018138894,0.0,0.0
-0.03110487775831494,2.6439146094567567,0.4725004573048519,0.0,0.0
-0.03110487775831494,2.7061243649733857,0.4749794092109183,0.0,0.0
-0.03110487775831494,2.7683341204900156,0.4771798659357363,0.0,0.0
-0.03110487775831494,2.8305438760066455,0.47908075483466683,0.0,0.0
-0.03110487775831494,2.8927536315232745,0.4806633316888756,0.0,0.0
-0.03110487775831494,2.9549633870399044,0.48191160301972735,0.0,0.0
-0.03110487775831494,3.0171731425565333,0.4828127018926024,0.0,0.0
-0.03110487775831494,3.0793828980731632,0.4833572004804602,0.0,0.0
0.031104877758314498,-3.141592653589793,0.48353934482394967,0.0,0.0
0.031104877758314498,-3.0793828980731637,0.4833572004804602,0.0,0.0
0.031104877758314498,-3.017173142556534,0.4828127018926024,0.0,0.0
0.031104877758314498,-2.9549633870399044,0.48191160301972735,0.0,0.0
0.031104877758314498,-2.892753631523275,0.48066333168887565,0.0,0.0
0.031104877758314498,-2.8305438760066455,0.47908075483466683,0.0,0.0
0.031104877758314498,-2.7683341204900156,0.4771798659357363,0.0,0.0
0.031104877758314498,-2.706124364973386,0.4749794092109183,0.0,0.0
0.031104877758314498,-2.6439146094567567,0.4725004573048519,0.0,0.0
0.031104877758314498,-2.581704853940127,0.46976596018138894,0.0,0.0
0.031104877758314498,-2.5194950984234974,0.4668002827834204,0.0,0.0
0.031104877758314498,-2.457285342906868,0.46362874784104,0.0,0.0
0.031104877758314498,-2.395075587390238,0.460277198223225,0.0,0.0
0.031104877758314498,-2.3328658318736086,0.45677159068100787,0.0,0.0
0.031104877758314498,-2.270656076356979,0.45313762998204715,0.0,0.0
0.031104877758314498,-2.2084463208403498,0.4494004495291112,0.0,0.0
0.031104877758314498,-2.1462365653237203,0.4455843417912494,0.0,0.0
0.031104877758314498,-2.0840268098070904,0.441712539408907,0.0,0.0
0.031104877758314498,-2.021817054290461,0.43780704576157475,0.0,0.0
0.031104877758314498,-1.9596072987738313,0.43388851215654806,0.0,0.0
0.031104877758314498,-1.897397543257202,0.4299761576146899,0.0,0.0
0.031104877758314498,-1.8351877877405722,0.42608772646548965,0.0,0.0
0.031104877758314498,-1.7729780322239428,0.42223947856868665,0.0,0.0
0.031104877758314498,-1.7107682767073131,0.4184462068904467,0.0,0.0
0.031104877758314498,-1.6485585211906835,0.41472127731165165,0.0,0.0
0.031104877758314498,-1.586348765674054,0.41107668586952384,0.0,0.0
0.031104877758314498,-1.5241390101574244,0.40752312907313476,0.0,0.0
0.031104877758314498,-1.461929254640795,0.40407008343863543,0.0,0.0
0.031104877758314498,-1.3997194991241653,0.4007258909212173,0.0,0.0
0.031104877758314498,-1.3375097436075358,0.39749784744730327,0.0,0.0
0.031104877758314498,-1.2752999880909062,0.39439229225039746,0.0,0.0
0.031104877758314498,-1.2130902325742767,0.39141469617295865,0.0,0.0
0.031104877758314498,-1.150880477057647,0.388569747506293,0.0,0.0
0.031104877758314498,-1.0886707215410176,0.3858614342971873,0.0,0.0
0.031104877758314498,-1.0264609660243877,0.3832931223537544,0.0,0.0
0.031104877758314498,-0.9642512105077583,0.3808676284360782,0.0,0.0
0.031104877758314498,-0.9020414549911289,0.378587288323646,0.0,0.0
0.031104877758314498,-0.8398316994744994,0.37645401961603053,0.0,0.0
0.031104877758314498,-0.7776219439578695,0.3744693792509814,0.0,0.0
0.031104877758314498,-0.7154121884412401,0.37263461582016394,0.0,0.0
0.031104877758314498,-0.6532024329246107,0.3709507168321332,0.0,0.0
0.031104877758314498,-0.5909926774079808,0.36941845111926247,0.0,0.0
0.031104877758314498,-0.5287829218913513,0.3680384066142668,0.0,0.0
0.031104877758314498,-0.4665731663747219,0.3668110237361756,0.0,0.0
0.031104877758314498,-0.40436341085809246,0.36573662462811646,0.0,0.0
0.031104877758314498,-0.3421536553414626,0.364815438482579,0.0,0.0
0.031104877758314498,-0.27994389982483314,0.3640476231760178,0.0,0.0
0.031104877758314498,-0.2177341443082037,0.3634332834154193,0.0,0.0
0.031104877758314498,-0.15552438879157382,0.3629724855761466,0.0,0.0
0.031104877758314498,-0.09331463327494438,0.3626652693840674,0.0,0.0
0.031104877758314498,-0.03110487775831494,0.36251165656649703,0.0,0.0
0.031104877758314498,0.031104877758314498,0.36251165656649703,0.0,0.0
0.031104877758314498,0.09331463327494438,0.3626652693840674,0.0,0.0
0.031104877758314498,0.15552438879157382,0.3629724855761466,0.0,0.0
0.031104877758314498,0.21773414430820326,0.36343328341541925,0.0,0.0
0.031104877758314498,0.2799438998248327,0.3640476231760178,0.0,0.0
0.031104877758314498,0.3421536553414626,0.364815438482579,0.0,0.0
0.031104877758314498,0.404363410858092,0.36573662462811646,0.0,0.0
0.031104877758314498,0.46657316637472146,0.3668110237361756,0.0,0.0
0.031104877758314498,0.5287829218913513,0.3680384066142668,0.0,0.0
0.031104877758314498,0.5909926774079808,0.36941845111926247,0.0,0.0
0.031104877758314498,0.6532024329246102,0.3709507168321332,0.0,0.0
0.031104877758314498,0.7154121884412397,0.3726346158201639,0.0,0.0
0.031104877758314498,0.7776219439578695,0.3744693792509814,0.0,0.0
0.031104877758314498,0.839831699474499,0.3764540196160305,0.0,0.0
0.031104877758314498,0.9020414549911289,0.378587288323646,0.0,0.0
0.031104877758314498,0.9642512105077579,0.3808676284360781,0.0,0.0
0.031104877758314498,1.0264609660243877,0.3832931223537544,0.0,0.0
0.031104877758314498,1.0886707215410176,0.3858614342971873,0.0,0.0
0.031104877758314498,1.1508804770576466,0.388569747506293,0.0,0.0
0.031104877758314498,1.2130902325742765,0.39141469617295865,0.0,0.0
0.031104877758314498,1.2752999880909055,0.3943922922503974,0.0,0.0
0.031104877758314498,1.3375097436075354,0.3974978474473032,0.0,0.0
0.031104877758314498,1.3997194991241653,0.4007258909212173,0.0,0.0
0.031104877758314498,1.4619292546407943,0.40407008343863543,0.0,0.0
0.031104877758314498,1.5241390101574241,0.4075231290731347,0.0,0.0
0.031104877758314498,1.586348765674054,0.41107668586952384,0.0,0.0
0.031104877758314498,1.648558521190683,0.41472127731165165,0.0,0.0
0.031104877758314498,1.710768276707313,0.4184462068904467,0.0,0.0
0.031104877758314498,1.7729780322239428,0.42223947856868665,0.0,0.0
0.031104877758314498,1.8351877877405718,0.42608772646548965,0.0,0.0
0.031104877758314498,1.8973975432572017,0.4299761576146899,0.0,0.0
0.031104877758314498,1.9596072987738316,0.43388851215654806,0.0,0.0
0.031104877758314498,2.0218170542904605,0.4378070457615747,0.0,0.0
0.031104877758314498,2.0840268098070904,0.441712539408907,0.0,0.0
0.031104877758314498,2.1462365653237194,0.4455843417912494,0.0,0.0
0.031104877758314498,2.2084463208403493,0.4494004495291112,0.0,0.0
0.031104877758314498,2.270656076356979,0.45313762998204715,0.0,0.0
0.031104877758314498,2.332865831873608,0.45677159068100787,0.0,0.0
0.031104877758314498,2.395075587390238,0.460277198223225,0.0,0.0
0.031104877758314498,2.457285342906868,0.46362874784104,0.0,0.0
0.031104877758314498,2.519495098423497,0.4668002827834204,0.0,0.0
0.031104877758314498,2.581704853940127,0.46976596018138894,0.0,0.0
0.031104877758314498,2.6439146094567567,0.4725004573048519,0.0,0.0
0.031104877758314498,2.7061243649733857,0.4749794092109183,0.0,0.0
0.031104877758314498,2.7683341204900156,0.4771798659357363,0.0,0.0
0.031104877758314498,2.8305438760066455,0.47908075483466683,0.0,0.0
0.031104877758314498,2.8927536315232745,0.48066333168887565,0.0,0.0
0.031104877758314498,2.9549633870399044,0.48191160301972735,0.0,0.0
0.031104877758314498,3.0171731425565333,0.4828127018926024,0.0,0.0
0.031104877758314498,3.0793828980731632,0.4833572004804602,0.0,0.0
0.09331463327494438,-3.141592653589793,0.4839040753937959,0.0,0.0
0.09331463327494438,-3.0793828980731637,0.48372151872411534,0.0,0.0
0.09331463327494438,-3.017173142556534,0.4831757893920695,0.0,0.0
0.09331463327494438,-2.9549633870399044,0.48227265984360046,0.0,0.0
0.09331463327494438,-2.892753631523275,0.4810215880084428,0.0,0.0
0.09331463327494438,-2.8305438760066455,0.4794354815238032,0.0,0.0
0.09331463327494438,-2.7683341204900156,0.4775303838359457,0.0,0.0
0.09331463327494438,-2.706124364973386,0.47532509682062646,0.0,0.0
0.09331463327494438,-2.6439146094567567,0.47284075673912135,0.0,0.0
0.09331463327494438,-2.581704853940127,0.470100381337368,0.0,0.0
0.09331463327494438,-2.5194950984234974,0.4671284057313035,0.0,0.0
0.09331463327494438,-2.457285342906868,0.4639502235345508,0.0,0.0
0.09331463327494438,-2.395075587390238,0.46059174768370736,0.0,0.0
0.09331463327494438,-2.3328658318736086,0.45707900285296915,0.0,0.0
0.09331463327494438,-2.270656076356979,0.45343775848498724,0.0,0.0
0.09331463327494438,-2.2084463208403498,0.44969320854170847,0.0,0.0
0.09331463327494438,-2.1462365653237203,0.44586970130149467,0.0,0.0
0.09331463327494438,-2.0840268098070904,0.4419905200503104,0.0,0.0
0.09331463327494438,-2.021817054290461,0.43807771343407953,0.0,0.0
0.09331463327494438,-1.9596072987738313,0.43415197260417593,0.0,0.0
0.09331463327494438,-1.897397543257202,0.4302325511028335,0.0,0.0
0.09331463327494438,-1.8351877877405722,0.42633722267131685,0.0,0.0
0.09331463327494438,-1.7729780322239428,0.42248227176999975,0.0,0.0
0.09331463327494438,-1.7107682767073131,0.41868251151270713,0.0,0.0
0.09331463327494438,-1.6485585211906835,0.4149513238704516,0.0,0.0
0.09331463327494438,-1.586348765674054,0.4113007173268842,0.0,0.0
0.09331463327494438,-1.5241390101574244,0.4077413976106764,0.0,0.0
0.09331463327494438,-1.461929254640795,0.40428284763872147,0.0,0.0
0.09331463327494438,-1.3997194991241653,0.4009334133382869,0.0,0.0
0.09331463327494438,-1.3375097436075358,0.3977003925454132,0.0,0.0
0.09331463327494438,-1.2752999880909062,0.39459012467903165,0.0,0.0
0.09331463327494438,-1.2130902325742767,0.3916080793510442,0.0,0.0
0.09331463327494438,-1.150880477057647,0.388758942483676,0.0,0.0
0.09331463327494438,-1.0886707215410176,0.38604669886323095,0.0,0.0
0.09331463327494438,-1.0264609660243877,0.38347471036392267,0.0,0.0
0.09331463327494438,-0.9642512105077583,0.38104578932911015,0.0,0.0
0.09331463327494438,-0.9020414549911289,0.37876226680400893,0.0,0.0
0.09331463327494438,-0.8398316994744994,0.3766260554786042,0.0,0.0
0.09331463327494438,-0.7776219439578695,0.3746387073272452,0.0,0.0
0.09331463327494438,-0.7154121884412401,0.37280146602745085,0.0,0.0
0.09331463327494438,-0.6532024329246107,0.3711153143097104,0.0,0.0
0.09331463327494438,-0.5909926774079808,0.36958101643705493,0.0,0.0
0.09331463327494438,-0.5287829218913513,0.3681991560419327,0.0,0.0
0.09331463327494438,-0.4665731663747219,0.3669701695619584,0.0,0.0
0.09331463327494438,-0.40436341085809246,0.3658943755184235,0.0,0.0
0.09331463327494438,-0.3421536553414626,0.3649719998745851,0.0,0.0
0.09331463327494438,-0.27994389982483314,0.3642031976967561,0.0,0.0
0.09331463327494438,-0.2177341443082037,0.3635880713218161,0.0,0.0
0.09331463327494438,-0.15552438879157382,0.3631266852112897,0.0,0.0
0.09331463327494438,-0.09331463327494438,0.3628190776456722,0.0,0.0
0.09331463327494438,-0.03110487775831494,0.3626652693840674,0.0,0.0
0.09331463327494438,0.031104877758314498,0.3626652693840674,0.0,0.0
0.09331463327494438,0.09331463327494438,0.3628190776456722,0.0,0.0
0.09331463327494438,0.15552438879157382,0.3631266852112897,0.0,0.0
0.09331463327494438,0.21773414430820326,0.36358807132181614,0.0,0.0
0.09331463327494438,0.2799438998248327,0.3642031976967561,0.0,0.0
0.09331463327494438,0.3421536553414626,0.3649719998745851,0.0,0.0
0.09331463327494438,0.404363410858092,0.3658943755184235,0.0,0.0
0.09331463327494438,0.46657316637472146,0.3669701695619584,0.0,0.0
0.09331463327494438,0.5287829218913513,0.3681991560419327,0.0,0.0
0.09331463327494438,0.5909926774079808,0.36958101643705493,0.0,0.0
0.09331463327494438,0.6532024329246102,0.3711153143097104,0.0,0.0
0.09331463327494438,0.7154121884412397,0.37280146602745073,0.0,0.0
0.09331463327494438,0.7776219439578695,0.3746387073272452,0.0,0.0
0.09331463327494438,0.839831699474499,0.3766260554786042,0.0,0.0
0.09331463327494438,0.9020414549911289,0.37876226680400893,0.0,0.0
0.09331463327494438,0.9642512105077579,0.38104578932911004,0.0,0.0
0.09331463327494438,1.0264609660243877,0.38347471036392267,0.0,0.0
0.09331463327494438,1.0886707215410176,0.38604669886323095,0.0,0.0
0.09331463327494438,1.1508804770576466,0.388758942483676,0.0,0.0
0.09331463327494438,1.2130902325742765,0.3916080793510442,0.0,0.0
0.09331463327494438,1.2752999880909055,0.3945901246790316,0.0,0.0
0.09331463327494438,1.3375097436075354,0.3977003925454132,0.0,0.0
0.09331463327494438,1.3997194991241653,0.4009334133382869,0.0,0.0
0.09331463327494438,1.4619292546407943,0.40428284763872147,0.0,0.0
0.09331463327494438,1.5241390101574241,0.4077413976106764,0.0,0.0
0.09331463327494438,1.586348765674054,0.4113007173268842,0.0,0.0
0.09331463327494438,1.648558521190683,0.4149513238704516,0.0,0.0
0.09331463327494438,1.710768276707313,0.4186825115127071,0.0,0.0
0.09331463327494438,1.7729780322239428,0.42248227176999975,0.0,0.0
0.09331463327494438,1.8351877877405718,0.4263372226713168,0.0,0.0
0.09331463327494438,1.8973975432572017,0.4302325511028334,0.0,0.0
0.09331463327494438,1.9596072987738316,0.434151972604176,0.0,0.0
0.09331463327494438,2.0218170542904605,0.4380777134340795,0.0,0.0
0.09331463327494438,2.0840268098070904,0.4419905200503104,0.0,0.0
0.09331463327494438,2.1462365653237194,0.44586970130149456,0.0,0.0
0.09331463327494438,2.2084463208403493,0.44969320854170847,0.0,0.0
0.09331463327494438,2.270656076356979,0.45343775848498724,0.0,0.0
0.09331463327494438,2.332865831873608,0.45707900285296915,0.0,0.0
0.09331463327494438,2.395075587390238,0.46059174768370736,0.0,0.0
0.09331463327494438,2.457285342906868,0.4639502235345508,0.0,0.0
0.09331463327494438,2.519495098423497,0.4671284057313035,0.0,0.0
0.09331463327494438,2.581704853940127,0.470100381337368,0.0,0.0
0.09331463327494438,2.6439146094567567,0.47284075673912135,0.0,0.0
0.09331463327494438,2.7061243649733857,0.47532509682062646,0.0,0.0
0.09331463327494438,2.7683341204900156,0.4775303838359457,0.0,0.0
0.09331463327494438,2.8305438760066455,0.4794354815238032,0.0,0.0
0.09331463327494438,2.8927536315232745,0.4810215880084428,0.0,0.0
0.09331463327494438,2.9549633870399044,0.48227265984360046,0.0,0.0
0.09331463327494438,3.0171731425565333,0.4831757893920694,0.0,0.0
0.09331463327494438,3.0793828980731632,0.48372151872411534,0.0,0.0
0.15552438879157382,-3.141592653589793,0.48463460034407607,0.0,0.0
0.15552438879157382,-3.0793828980731637,0.4844512159500491,0.0,0.0
0.15552438879157382,-3.017173142556534,0.483903015981214,0.0,0.0
0.15552438879157382,-2.9549633870399044,0.4829958100560227,0.0,0.0
0.15552438879157382,-2.892753631523275,0.4817391166316743,0.0,0.0
0.15552438879157382,-2.8305438760066455,0.4801459251809901,0.0,0.0
0.15552438879157382,-2.7683341204900156,0.47823237960570525,0.0,0.0
0.15552438879157382,-2.706124364973386,0.4760173976839366,0.0,0.0
0.15552438879157382,-2.6439146094567567,0.4735222435441609,0.0,0.0
0.15552438879157382,-2.581704853940127,0.4707700711529268,0.0,0.0
0.15552438879157382,-2.5194950984234974,0.4677854566295868,0.0,0.0
0.15552438879157382,-2.457285342906868,0.4645939359937078,0.0,0.0
0.15552438879157382,-2.395075587390238,0.4612215629212971,0.0,0.0
0.15552438879157382,-2.3328658318736086,0.45769449848951194,0.0,0.0
0.15552438879157382,-2.270656076356979,0.45403864199087834,0.0,0.0
0.15552438879157382,-2.2084463208403498,0.45027930894310625,0.0,0.0
0.15552438879157382,-2.1462365653237203,0.44644095961553676,0.0,0.0
0.15552438879157382,-2.0840268098070904,0.4425469788926309,0.0,0.0
0.15552438879157382,-2.021817054290461,0.4386195061981016,0.0,0.0
0.15552438879157382,-1.9596072987738313,0.43467931255791104,0.0,0.0
0.15552438879157382,-1.897397543257202,0.4307457206901841,0.0,0.0
0.15552438879157382,-1.8351877877405722,0.42683656324552266,0.0,0.0
0.15552438879157382,-1.7729780322239428,0.42296817393023584,0.0,0.0
0.15552438879157382,-1.7107682767073131,0.41915540616326113,0.0,0.0
0.15552438879157382,-1.6485585211906835,0.4154116740768099,0.0,0.0
0.15552438879157382,-1.586348765674054,0.4117490110050839,0.0,0.0
0.15552438879157382,-1.5241390101574244,0.40817814105550526,0.0,0.0
0.15552438879157382,-1.461929254640795,0.40470855987239235,0.0,0.0
0.15552438879157382,-1.3997194991241653,0.4013486212434367,0.0,0.0
0.15552438879157382,-1.3375097436075358,0.39810562673387895,0.0,0.0
0.15552438879157382,-1.2752999880909062,0.394985916039979,0.0,0.0
0.15552438879157382,-1.2130902325742767,0.3919949562178191,0.0,0.0
0.15552438879157382,-1.150880477057647,0.3891374283574371,0.0,0.0
0.15552438879157382,-1.0886707215410176,0.38641731063229223,0.0,0.0
0.15552438879157382,-1.0264609660243877,0.3838379569601914,0.0,0.0
0.15552438879157382,-0.9642512105077583,0.3814021707665445,0.0,0.0
0.15552438879157382,-0.9020414549911289,0.3791122735482328,0.0,0.0
0.15552438879157382,-0.8398316994744994,0.3769701681013863,0.0,0.0
0.15552438879157382,-0.7776219439578695,0.3749773964042335,0.0,0.0
0.15552438879157382,-0.7154121884412401,0.37313519224216735,0.0,0.0
0.15552438879157382,-0.6532024329246107,0.3714445287312305,0.0,0.0
0.15552438879157382,-0.5909926774079808,0.3699061609429374,0.0,0.0
0.15552438879157382,-0.5287829218913513,0.36852066386176985,0.0,0.0
0.15552438879157382,-0.4665731663747219,0.3672884659203614,0.0,0.0
0.15552438879157382,-0.40436341085809246,0.36620987835932955,0.0,0.0
0.15552438879157382,-0.3421536553414626,0.3652851206514718,0.0,0.0
0.15552438879157382,-0.27994389982483314,0.3645143422156924,0.0,0.0
0.15552438879157382,-0.2177341443082037,0.36389764062627256,0.0,0.0
0.15552438879157382,-0.15552438879157382,0.3634350764992988,0.0,0.0
0.15552438879157382,-0.09331463327494438,0.3631266852112897,0.0,0.0
0.15552438879157382,-0.03110487775831494,0.3629724855761466,0.0,0.0
0.15552438879157382,0.031104877758314498,0.3629724855761466,0.0,0.0
0.15552438879157382,0.09331463327494438,0.3631266852112897,0.0,0.0
0.15552438879157382,0.15552438879157382,0.3634350764992988,0.0,0.0
0.15552438879157382,0.21773414430820326,0.36389764062627256,0.0,0.0
0.15552438879157382,0.2799438998248327,0.36451434221569246,0.0,0.0
0.15552438879157382,0.3421536553414626,0.3652851206514718,0.0,0.0
0.15552438879157382,0.404363410858092,0.36620987835932955,0.0,0.0
0.15552438879157382,0.46657316637472146,0.3672884659203614,0.0,0.0
0.15552438879157382,0.5287829218913513,0.36852066386176985,0.0,0.0
0.15552438879157382,0.5909926774079808,0.3699061609429374,0.0,0.0
0.15552438879157382,0.6532024329246102,0.3714445287312305,0.0,0.0
0.15552438879157382,0.7154121884412397,0.37313519224216724,0.0,0.0
0.15552438879157382,0.7776219439578695,0.3749773964042335,0.0,0.0
0.15552438879157382,0.839831699474499,0.3769701681013862,0.0,0.0
0.15552438879157382,0.9020414549911289,0.3791122735482328,0.0,0.0
0.15552438879157382,0.9642512105077579,0.3814021707665444,0.0,0.0
0.15552438879157382,1.0264609660243877,0.3838379569601914,0.0,0.0
0.15552438879157382,1.0886707215410176,0.38641731063229223,0.0,0.0
0.15552438879157382,1.1508804770576466,0.3891374283574371,0.0,0.0
0.15552438879157382,1.2130902325742765,0.3919949562178191,0.0,0.0
0.15552438879157382,1.2752999880909055,0.39498591603997896,0.0,0.0
0.15552438879157382,1.3375097436075354,0.39810562673387895,0.0,0.0
0.15552438879157382,1.3997194991241653,0.4013486212434367,0.0,0.0
0.15552438879157382,1.4619292546407943,0.40470855987239235,0.0,0.0
0.15552438879157382,1.5241390101574241,0.40817814105550526,0.0,0.0
0.15552438879157382,1.586348765674054,0.4117490110050839,0.0,0.0
0.15552438879157382,1.648558521190683,0.4154116740768099,0.0,0.0
0.15552438879157382,1.710768276707313,0.41915540616326113,0.0,0.0
0.15552438879157382,1.7729780322239428,0.42296817393023584,0.0,0.0
0.15552438879157382,1.8351877877405718,0.4268365632455226,0.0,0.0
0.15552438879157382,1.8973975432572017,0.43074572069018396,0.0,0.0
0.15552438879157382,1.9596072987738316,0.43467931255791115,0.0,0.0
0.15552438879157382,2.0218170542904605,0.4386195061981016,0.0,0.0
0.15552438879157382,2.0840268098070904,0.4425469788926309,0.0,0.0
0.15552438879157382,2.1462365653237194,0.44644095961553676,0.0,0.0
0.15552438879157382,2.2084463208403493,0.45027930894310625,0.0,0.0
0.15552438879157382,2.270656076356979,0.45403864199087834,0.0,0.0
0.15552438879157382,2.332865831873608,0.45769449848951194,0.0,0.0
0.15552438879157382,2.395075587390238,0.4612215629212971,0.0,0.0
0.15552438879157382,2.457285342906868,0.4645939359937078,0.0,0.0
0.15552438879157382,2.519495098423497,0.4677854566295868,0.0,0.0
0.15552438879157382,2.581704853940127,0.4707700711529268,0.0,0.0
0.15552438879157382,2.6439146094567567,0.4735222435441609,0.0,0.0
0.15552438879157382,2.7061243649733857,0.4760173976839366,0.0,0.0
0.15552438879157382,2.7683341204900156,0.47823237960570525,0.0,0.0
0.15552438879157382,2.8305438760066455,0.4801459251809901,0.0,0.0
0.15552438879157382,2.8927536315232745,0.4817391166316743,0.0,0.0
0.15552438879157382,2.9549633870399044,0.4829958100560227,0.0,0.0
0.15552438879157382,3.0171731425565333,0.483903015981214,0.0,0.0
0.15552438879157382,3.0793828980731632,0.4844512159500491,0.0,0.0
0.21773414430820326,-3.141592653589793,0.4857330514944317,0.0,0.0
0.21773414430820326,-3.0793828980731637,0.4855484177948754,0.0,0.0
0.21773414430820326,-3.017173142556534,0.4849964888838251,0.0,0.0
0.21773414430820326,-2.9549633870399044,0.4840831306406258,0.0,0.0
0.21773414430820326,-2.892753631523275,0.4828179531249559,0.0,0.0
0.21773414430820326,-2.8305438760066455,0.48121406964717917,0.0,0.0
0.21773414430820326,-2.7683341204900156,0.4792877761022593,0.0,0.0
0.21773414430820326,-2.706124364973386,0.4770581656035979,0.0,0.0
0.21773414430820326,-2.6439146094567567,0.4745466956761771,0.0,0.0
0.21773414430820326,-2.581704853940127,0.471776726269383,0.0,0.0
0.21773414430820326,-2.5194950984234974,0.46877304666131975,0.0,0.0
0.21773414430820326,-2.457285342906868,0.46556140808714014,0.0,0.0
0.21773414430820326,-2.395075587390238,0.4621680768507053,0.0,0.0
0.21773414430820326,-2.3328658318736086,0.45861942003222017,0.0,0.0
0.21773414430820326,-2.270656076356979,0.4549415329543752,0.0,0.0
0.21773414430820326,-2.2084463208403498,0.4511599145662867,0.0,0.0
0.21773414430820326,-2.1462365653237203,0.4472991940575802,0.0,0.0
0.21773414430820326,-2.0840268098070904,0.4433829094808302,0.0,0.0
0.21773414430820326,-2.021817054290461,0.43943333703941273,0.0,0.0
0.21773414430820326,-1.9596072987738313,0.4354713680370293,0.0,0.0
0.21773414430820326,-1.897397543257202,0.4315164292875694,0.0,0.0
0.21773414430820326,-1.8351877877405722,0.42758644201860607,0.0,0.0
0.21773414430820326,-1.7729780322239428,0.4236978139151056,0.0,0.0
0.21773414430820326,-1.7107682767073131,0.41986545887597393,0.0,0.0
0.21773414430820326,-1.6485585211906835,0.416102839225216,0.0,0.0
0.21773414430820326,-1.586348765674054,0.41242202546468126,0.0,0.0
0.21773414430820326,-1.5241390101574244,0.40883376911639363,0.0,0.0
0.21773414430820326,-1.461929254640795,0.4053475847283259,0.0,0.0
0.21773414430820326,-1.3997194991241653,0.4019718376672608,0.0,0.0
0.21773414430820326,-1.3375097436075358,0.39871383486506873,0.0,0.0
0.21773414430820326,-1.2752999880909062,0.39557991619825994,0.0,0.0
0.21773414430820326,-1.2130902325742767,0.3925755446506613,0.0,0.0
0.21773414430820326,-1.150880477057647,0.3897053938273742,0.0,0.0
0.21773414430820326,-1.0886707215410176,0.38697343175146565,0.0,0.0
0.21773414430820326,-1.0264609660243877,0.3843830001833439,0.0,0.0
0.21773414430820326,-0.9642512105077583,0.3819368889591278,0.0,0.0
0.21773414430820326,-0.9020414549911289,0.3796374050527368,0.0,0.0
0.21773414430820326,-0.8398316994744994,0.37748643623196443,0.0,0.0
0.21773414430820326,-0.7776219439578695,0.3754855093068188,0.0,0.0
0.21773414430820326,-0.7154121884412401,0.37363584306428227,0.0,0.0
0.21773414430820326,-0.6532024329246107,0.37193839605239576,0.0,0.0
0.21773414430820326,-0.5909926774079808,0.37039390942285455,0.0,0.0
0.21773414430820326,-0.5287829218913513,0.3690029450692152,0.0,0.0
0.21773414430820326,-0.4665731663747219,0.36776591931093333,0.0,0.0
0.21773414430820326,-0.40436341085809246,0.36668313237483524,0.0,0.0
0.21773414430820326,-0.3421536553414626,0.3657547939178182,0.0,0.0
0.21773414430820326,-0.27994389982483314,0.36498104481967814,0.0,0.0
0.21773414430820326,-0.2177341443082037,0.36436197545469046,0.0,0.0
0.21773414430820326,-0.15552438879157382,0.36389764062627256,0.0,0.0
0.21773414430820326,-0.09331463327494438,0.36358807132181614,0.0,0.0
0.21773414430820326,-0.03110487775831494,0.36343328341541925,0.0,0.0
0.21773414430820326,0.031104877758314498,0.36343328341541925,0.0,0.0
0.21773414430820326,0.09331463327494438,0.36358807132181614,0.0,0.0
0.21773414430820326,0.15552438879157382,0.36389764062627256,0.0,0.0
0.21773414430820326,0.21773414430820326,0.36436197545469046,0.0,0.0
0.21773414430820326,0.2799438998248327,0.36498104481967814,0.0,0.0
0.21773414430820326,0.3421536553414626,0.3657547939178182,0.0,0.0
0.21773414430820326,0.404363410858092,0.36668313237483524,0.0,0.0
0.21773414430820326,0.46657316637472146,0.3677659193109333,0.0,0.0
0.21773414430820326,0.5287829218913513,0.3690029450692152,0.0,0.0
0.21773414430820326,0.5909926774079808,0.37039390942285455,0.0,0.0
0.21773414430820326,0.6532024329246102,0.37193839605239576,0.0,0.0
0.21773414430820326,0.7154121884412397,0.3736358430642822,0.0,0.0
0.21773414430820326,0.7776219439578695,0.3754855093068188,0.0,0.0
0.21773414430820326,0.839831699474499,0.3774864362319644,0.0,0.0
0.21773414430820326,0.9020414549911289,0.3796374050527368,0.0,0.0
0.21773414430820326,0.9642512105077579,0.38193688895912775,0.0,0.0
0.21773414430820326,1.0264609660243877,0.3843830001833439,0.0,0.0
0.21773414430820326,1.0886707215410176,0.38697343175146565,0.0,0.0
0.21773414430820326,1.1508804770576466,0.3897053938273741,0.0,0.0
0.21773414430820326,1.2130902325742765,0.3925755446506613,0.0,0.0
0.21773414430820326,1.2752999880909055,0.3955799161982599,0.0,0.0
0.21773414430820326,1.3375097436075354,0.39871383486506873,0.0,0.0
0.21773414430820326,1.3997194991241653,0.4019718376672608,0.0,0.0
0.21773414430820326,1.4619292546407943,0.4053475847283259,0.0,0.0
0.21773414430820326,1.5241390101574241,0.40883376911639363,0.0,0.0
0.21773414430820326,1.586348765674054,0.41242202546468126,0.0,0.0
0.21773414430820326,1.648558521190683,0.41610283922521596,0.0,0.0
0.21773414430820326,1.710768276707313,0.41986545887597393,0.0,0.0
0.21773414430820326,1.7729780322239428,0.4236978139151056,0.0,0.0
0.21773414430820326,1.8351877877405718,0.427586442018606,0.0,0.0
0.21773414430820326,1.8973975432572017,0.4315164292875694,0.0,0.0
0.21773414430820326,1.9596072987738316,0.43547136803702935,0.0,0.0
0.21773414430820326,2.0218170542904605,0.4394333370394126,0.0,0.0
0.21773414430820326,2.0840268098070904,0.4433829094808302,0.0,0.0
0.21773414430820326,2.1462365653237194,0.4472991940575802,0.0,0.0
0.21773414430820326,2.2084463208403493,0.4511599145662867,0.0,0.0
0.21773414430820326,2.270656076356979,0.4549415329543752,0.0,0.0
0.21773414430820326,2.332865831873608,0.45861942003222017,0.0,0.0
0.21773414430820326,2.395075587390238,0.4621680768507053,0.0,0.0
0.21773414430820326,2.457285342906868,0.46556140808714014,0.0,0.0
0.21773414430820326,2.519495098423497,0.4687730466613197,0.0,0.0
0.21773414430820326,2.581704853940127,0.471776726269383,0.0,0.0
0.21773414430820326,2.6439146094567567,0.4745466956761771,0.0,0.0
0.21773414430820326,2.7061243649733857,0.4770581656035979,0.0,0.0
0.21773414430820326,2.7683341204900156,0.4792877761022593,0.0,0.0
0.21773414430820326,2.8305438760066455,0.48121406964717917,0.0,0.0
0.21773414430820326,2.8927536315232745,0.48281795312495596,0.0,0.0
0.21773414430820326,2.9549633870399044,0.4840831306406258,0.0,0.0
0.21773414430820326,3.0171731425565333,0.4849964888838251,0.0,0.0
0.21773414430820326,3.0793828980731632,0.4855484177948754,0.0,0.0
0.2799438998248327,-3.141592653589793,0.48720263702167593,0.0,0.0
0.2799438998248327,-3.0793828980731637,0.4870163230625015,0.0,0.0
0.2799438998248327,-3.017173142556534,0.48645937899275277,0.0,0.0
0.2799438998248327,-2.9549633870399044,0.485537746654373,0.0,0.0
0.2799438998248327,-2.892753631523275,0.4842611597752963,0.0,0.0
0.2799438998248327,-2.8305438760066455,0.48264289882895756,0.0,0.0
0.2799438998248327,-2.7683341204900156,0.4806994648401391,0.0,0.0
0.2799438998248327,-2.706124364973386,0.47845018749805324,0.0,0.0
0.2799438998248327,-2.6439146094567567,0.475916785199067,0.0,0.0
0.2799438998248327,-2.581704853940127,0.4731228956504717,0.0,0.0
0.2799438998248327,-2.5194950984234974,0.47009359545790913,0.0,0.0
0.2799438998248327,-2.457285342906868,0.46685492583639543,0.0,0.0
0.2799438998248327,-2.395075587390238,0.46343343945199444,0.0,0.0
0.2799438998248327,-2.3328658318736086,0.45985578068608784,0.0,0.0
0.2799438998248327,-2.270656076356979,0.4561483085940428,0.0,0.0
0.2799438998248327,-2.2084463208403498,0.452336768761228,0.0,0.0
0.2799438998248327,-2.1462365653237203,0.44844601735560485,0.0,0.0
0.2799438998248327,-2.0840268098070904,0.4444997980966981,0.0,0.0
0.2799438998248327,-2.021817054290461,0.44052057070679934,0.0,0.0
0.2799438998248327,-1.9596072987738313,0.4365293877288262,0.0,0.0
0.2799438998248327,-1.897397543257202,0.4325458153878888,0.0,0.0
0.2799438998248327,-1.8351877877405722,0.4285878934074225,0.0,0.0
0.2799438998248327,-1.7729780322239428,0.424672128310039,0.0,0.0
0.2799438998248327,-1.7107682767073131,0.42081351467002187,0.0,0.0
0.2799438998248327,-1.6485585211906835,0.41702557896711534,0.0,0.0
0.2799438998248327,-1.586348765674054,0.4133204410512773,0.0,0.0
0.2799438998248327,-1.5241390101574244,0.40970888870397204,0.0,0.0
0.2799438998248327,-1.461929254640795,0.4062004613214923,0.0,0.0
0.2799438998248327,-1.3997194991241653,0.40280353930825863,0.0,0.0
0.2799438998248327,-1.3375097436075358,0.399525436321726,0.0,0.0
0.2799438998248327,-1.2752999880909062,0.3963724920332646,0.0,0.0
0.2799438998248327,-1.2130902325742767,0.3933501635468284,0.0,0.0
0.2799438998248327,-1.150880477057647,0.390463114041373,0.0,0.0
0.2799438998248327,-1.0886707215410176,0.3877152975706692,0.0,0.0
0.2799438998248327,-1.0264609660243877,0.3851100392658297,0.0,0.0
0.2799438998248327,-0.9642512105077583,0.3826501104443607,0.0,0.0
0.2799438998248327,-0.9020414549911289,0.38033779833929243,0.0,0.0
0.2799438998248327,-0.8398316994744994,0.3781749703281432,0.0,0.0
0.2799438998248327,-0.7776219439578695,0.37616313266968465,0.0,0.0
0.2799438998248327,-0.7154121884412401,0.37430348385215856,0.0,0.0
0.2799438998248327,-0.6532024329246107,0.3725969627249268,0.0,0.0
0.2799438998248327,-0.5909926774079808,0.3710442916312173,0.0,0.0
0.2799438998248327,-0.5287829218913513,0.3696460147868377,0.0,0.0
0.2799438998248327,-0.4665731663747219,0.36840253216210395,0.0,0.0
0.2799438998248327,-0.40436341085809246,0.3673141291248368,0.0,0.0
0.2799438998248327,-0.3421536553414626,0.36638100209371194,0.0,0.0
0.2799438998248327,-0.27994389982483314,0.3656032804356157,0.0,0.0
0.2799438998248327,-0.2177341443082037,0.36498104481967814,0.0,0.0
0.2799438998248327,-0.15552438879157382,0.36451434221569246,0.0,0.0
0.2799438998248327,-0.09331463327494438,0.3642031976967561,0.0,0.0
0.2799438998248327,-0.03110487775831494,0.3640476231760178,0.0,0.0
0.2799438998248327,0.031104877758314498,0.3640476231760178,0.0,0.0
0.2799438998248327,0.09331463327494438,0.3642031976967561,0.0,0.0
0.2799438998248327,0.15552438879157382,0.36451434221569246,0.0,0.0
0.2799438998248327,0.21773414430820326,0.36498104481967814,0.0,0.0
0.2799438998248327,0.2799438998248327,0.3656032804356157,0.0,0.0
0.2799438998248327,0.3421536553414626,0.36638100209371194,0.0,0.0
0.2799438998248327,0.404363410858092,0.3673141291248368,0.0,0.0
0.2799438998248327,0.46657316637472146,0.36840253216210395,0.0,0.0
0.2799438998248327,0.5287829218913513,0.3696460147868377,0.0,0.0
0.2799438998248327,0.5909926774079808,0.3710442916312173,0.0,0.0
0.2799438998248327,0.6532024329246102,0.3725969627249269,0.0,0.0
0.2799438998248327,0.7154121884412397,0.37430348385215856,0.0,0.0
0.2799438998248327,0.7776219439578695,0.37616313266968465,0.0,0.0
0.2799438998248327,0.839831699474499,0.37817497032814323,0.0,0.0
0.2799438998248327,0.9020414549911289,0.38033779833929243,0.0,0.0
0.2799438998248327,0.9642512105077579,0.3826501104443607,0.0,0.0
0.2799438998248327,1.0264609660243877,0.3851100392658297,0.0,0.0
0.2799438998248327,1.0886707215410176,0.3877152975706692,0.0,0.0
0.2799438998248327,1.1508804770576466,0.39046311404137296,0.0,0.0
0.2799438998248327,1.2130902325742765,0.3933501635468284,0.0,0.0
0.2799438998248327,1.2752999880909055,0.39637249203326447,0.0,0.0
0.2799438998248327,1.3375097436075354,0.399525436321726,0.0,0.0
0.2799438998248327,1.3997194991241653,0.40280353930825863,0.0,0.0
0.2799438998248327,1.4619292546407943,0.4062004613214923,0.0,0.0
0.2799438998248327,1.5241390101574241,0.40970888870397204,0.0,0.0
0.2799438998248327,1.586348765674054,0.4133204410512773,0.0,0.0
0.2799438998248327,1.648558521190683,0.41702557896711534,0.0,0.0
0.2799438998248327,1.710768276707313,0.4208135146700218,0.0,0.0
0.2799438998248327,1.7729780322239428,0.424672128310039,0.0,0.0
0.2799438998248327,1.8351877877405718,0.4285878934074225,0.0,0.0
0.2799438998248327,1.8973975432572017,0.4325458153878888,0.0,0.0
0.2799438998248327,1.9596072987738316,0.4365293877288262,0.0,0.0
0.2799438998248327,2.0218170542904605,0.44052057070679923,0.0,0.0
0.2799438998248327,2.0840268098070904,0.4444997980966981,0.0,0.0
0.2799438998248327,2.1462365653237194,0.4484460173556048,0.0,0.0
0.2799438998248327,2.2084463208403493,0.452336768761228,0.0,0.0
0.2799438998248327,2.270656076356979,0.4561483085940428,0.0,0.0
0.2799438998248327,2.332865831873608,0.45985578068608784,0.0,0.0
0.2799438998248327,2.395075587390238,0.46343343945199444,0.0,0.0
0.2799438998248327,2.457285342906868,0.46685492583639543,0.0,0.0
0.2799438998248327,2.519495098423497,0.47009359545790913,0.0,0.0
0.2799438998248327,2.581704853940127,0.4731228956504717,0.0,0.0
0.2799438998248327,2.6439146094567567,0.475916785199067,0.0,0.0
0.2799438998248327,2.7061243649733857,0.47845018749805324,0.0,0.0
0.2799438998248327,2.7683341204900156,0.4806994648401391,0.0,0.0
0.2799438998248327,2.8305438760066455,0.48264289882895756,0.0,0.0
0.2799438998248327,2.8927536315232745,0.4842611597752963,0.0,0.0
0.2799438998248327,2.9549633870399044,0.485537746654373,0.0,0.0
0.2799438998248327,3.0171731425565333,0.48645937899275277,0.0,0.0
0.2799438998248327,3.0793828980731632,0.4870163230625015,0.0,0.0
0.3421536553414626,-3.141592653589793,0.48904765385556814,0.0,0.0
0.3421536553414626,-3.0793828980731637,0.48885921600012316,0.0,0.0
0.3421536553414626,-3.017173142556534,0.4882959327905969,0.0,0.0
0.3421536553414626,-2.9549633870399044,0.4873638425692567,0.0,0.0
0.3421536553414626,-2.892753631523275,0.4860728361482728,0.0,0.0
0.3421536553414626,-2.8305438760066455,0.4844364062928715,0.0,0.0
0.3421536553414626,-2.7683341204900156,0.48247131447141667,0.0,0.0
0.3421536553414626,-2.706124364973386,0.48019719064953587,0.0,0.0
0.3421536553414626,-2.6439146094567567,0.47763608421592313,0.0,0.0
0.3421536553414626,-2.581704853940127,0.47481198514621864,0.0,0.0
0.3421536553414626,-2.5194950984234974,0.47175033427607926,0.0,0.0
0.3421536553414626,-2.457285342906868,0.46847754021571736,0.0,0.0
0.3421536553414626,-2.395075587390238,0.4650205182283359,0.0,0.0
0.3421536553414626,-2.3328658318736086,0.4614062635917706,0.0,0.0
0.3421536553414626,-2.270656076356979,0.457661468852643,0.0,0.0
0.3421536553414626,-2.2084463208403498,0.4538121912294953,0.0,0.0
0.3421536553414626,-2.1462365653237203,0.4498835734451844,0.0,0.0
0.3421536553414626,-2.0840268098070904,0.44589961863177013,0.0,0.0
0.3421536553414626,-2.021817054290461,0.44188301775566563,0.0,0.0
0.3421536553414626,-1.9596072987738313,0.4378550263034862,0.0,0.0
0.3421536553414626,-1.897397543257202,0.4338353857496348,0.0,0.0
0.3421536553414626,-1.8351877877405722,0.42984228455987095,0.0,0.0
0.3421536553414626,-1.7729780322239428,0.42589235311245877,0.0,0.0
0.3421536553414626,-1.7107682767073131,0.4220006868692854,0.0,0.0
0.3421536553414626,-1.6485585211906835,0.4181808923296094,0.0,0.0
0.3421536553414626,-1.586348765674054,0.41444515067820903,0.0,0.0
0.3421536553414626,-1.5241390101574244,0.4108042945346637,0.0,0.0
0.3421536553414626,-1.461929254640795,0.4072678937683787,0.0,0.0
0.3421536553414626,-1.3997194991241653,0.40384434692256427,0.0,0.0
0.3421536553414626,-1.3375097436075358,0.4005409753580362,0.0,0.0
0.3421536553414626,-1.2752999880909062,0.3973641177621025,0.0,0.0
0.3421536553414626,-1.2130902325742767,0.39431922315467727,0.0,0.0
0.3421536553414626,-1.150880477057647,0.39141094095524864,0.0,0.0
0.3421536553414626,-1.0886707215410176,0.3886432070475401,0.0,0.0
0.3421536553414626,-1.0264609660243877,0.3860193250943156,0.0,0.0
0.3421536553414626,-0.9642512105077583,0.383542042615938,0.0,0.0
0.3421536553414626,-0.9020414549911289,0.3812136215576378,0.0,0.0
0.3421536553414626,-0.8398316994744994,0.37903590323746217,0.0,0.0
0.3421536553414626,-0.7776219439578695,0.3770103676952664,0.0,0.0
0.3421536553414626,-0.7154121884412401,0.3751381875585386,0.0,0.0
0.3421536553414626,-0.6532024329246107,0.3734202766085999,0.0,0.0
0.3421536553414626,-0.5909926774079808,0.3718573332756226,0.0,0.0
0.3421536553414626,-0.5287829218913513,0.3704498793172162,0.0,0.0
0.3421536553414626,-0.4665731663747219,0.36919829394672876,0.0,0.0
0.3421536553414626,-0.40436341085809246,0.36810284367704016,0.0,0.0
0.3421536553414626,-0.3421536553414626,0.3671637081360776,0.0,0.0
0.3421536553414626,-0.27994389982483314,0.36638100209371194,0.0,0.0
0.3421536553414626,-0.2177341443082037,0.3657547939178182,0.0,0.0
0.3421536553414626,-0.15552438879157382,0.3652851206514718,0.0,0.0
0.3421536553414626,-0.09331463327494438,0.3649719998745851,0.0,0.0
0.3421536553414626,-0.03110487775831494,0.364815438482579,0.0,0.0
0.3421536553414626,0.031104877758314498,0.364815438482579,0.0,0.0
0.3421536553414626,0.09331463327494438,0.3649719998745851,0.0,0.0
0.3421536553414626,0.15552438879157382,0.3652851206514718,0.0,0.0
0.3421536553414626,0.21773414430820326,0.3657547939178182,0.0,0.0
0.3421536553414626,0.2799438998248327,0.36638100209371194,0.0,0.0
0.3421536553414626,0.3421536553414626,0.3671637081360776,0.0,0.0
0.3421536553414626,0.404363410858092,0.3681028436770402,0.0,0.0
0.3421536553414626,0.46657316637472146,0.36919829394672876,0.0,0.0
0.3421536553414626,0.5287829218913513,0.3704498793172162,0.0,0.0
0.3421536553414626,0.5909926774079808,0.3718573332756226,0.0,0.0
0.3421536553414626,0.6532024329246102,0.3734202766085999,0.0,0.0
0.3421536553414626,0.7154121884412397,0.3751381875585386,0.0,0.0
0.3421536553414626,0.7776219439578695,0.3770103676952664,0.0,0.0
0.3421536553414626,0.839831699474499,0.3790359032374621,0.0,0.0
0.3421536553414626,0.9020414549911289,0.3812136215576378,0.0,0.0
0.3421536553414626,0.9642512105077579,0.38354204261593794,0.0,0.0
0.3421536553414626,1.0264609660243877,0.3860193250943156,0.0,0.0
0.3421536553414626,1.0886707215410176,0.3886432070475401,0.0,0.0
0.3421536553414626,1.1508804770576466,0.39141094095524864,0.0,0.0
0.3421536553414626,1.2130902325742765,0.3943192231546773,0.0,0.0
0.3421536553414626,1.2752999880909055,0.3973641177621025,0.0,0.0
0.3421536553414626,1.3375097436075354,0.4005409753580361,0.0,0.0
0.3421536553414626,1.3997194991241653,0.40384434692256427,0.0,0.0
0.3421536553414626,1.4619292546407943,0.40726789376837863,0.0,0.0
0.3421536553414626,1.5241390101574241,0.41080429453466366,0.0,0.0
0.3421536553414626,1.586348765674054,0.41444515067820903,0.0,0.0
0.3421536553414626,1.648558521190683,0.4181808923296094,0.0,0.0
0.3421536553414626,1.710768276707313,0.4220006868692854,0.0,0.0
0.3421536553414626,1.7729780322239428,0.42589235311245877,0.0,0.0
0.3421536553414626,1.8351877877405718,0.42984228455987095,0.0,0.0
0.3421536553414626,1.8973975432572017,0.4338353857496348,0.0,0.0
0.3421536553414626,1.9596072987738316,0.4378550263034862,0.0,0.0
0.3421536553414626,2.0218170542904605,0.4418830177556656,0.0,0.0
0.3421536553414626,2.0840268098070904,0.44589961863177013,0.0,0.0
0.3421536553414626,2.1462365653237194,0.4498835734451844,0.0,0.0
0.3421536553414626,2.2084463208403493,0.45381219122949523,0.0,0.0
0.3421536553414626,2.270656076356979,0.457661468852643,0.0,0.0
0.3421536553414626,2.332865831873608,0.4614062635917706,0.0,0.0
0.3421536553414626,2.395075587390238,0.4650205182283359,0.0,0.0
0.3421536553414626,2.457285342906868,0.46847754021571736,0.0,0.0
0.3421536553414626,2.519495098423497,0.47175033427607926,0.0,0.0
0.3421536553414626,2.581704853940127,0.47481198514621864,0.0,0.0
0.3421536553414626,2.6439146094567567,0.47763608421592313,0.0,0.0
0.3421536553414626,2.7061243649733857,0.48019719064953587,0.0,0.0
0.3421536553414626,2.7683341204900156,0.48247131447141667,0.0,0.0
0.3421536553414626,2.8305438760066455,0.4844364062928715,0.0,0.0
0.3421536553414626,2.8927536315232745,0.4860728361482728,0.0,0.0
0.3421536553414626,2.9549633870399044,0.4873638425692567,0.0,0.0
0.3421536553414626,3.0171731425565333,0.4882959327905969,0.0,0.0
0.3421536553414626,3.0793828980731632,0.48885921600012316,0.0,0.0
0.404363410858092,-3.141592653589793,0.49127350395806996,0.0,0.0
0.404363410858092,-3.0793828980731637,0.49108248241486124,0.0,0.0
0.404363410858092,-3.017173142556534,0.49051148798402616,0.0,0.0
0.404363410858092,-2.9549633870399044,0.48956667712087937,0.0,0.0
0.404363410858092,-2.892753631523275,0.4882581328734674,0.0,0.0
0.404363410858092,-2.8305438760066455,0.4865996077444919,0.0,0.0
0.404363410858092,-2.7683341204900156,0.484608181755544,0.0,0.0
0.404363410858092,-2.706124364973386,0.48230385200616954,0.0,0.0
0.404363410858092,-2.6439146094567567,0.4797090723909363,0.0,0.0
0.404363410858092,-2.581704853940127,0.4768482631678005,0.0,0.0
0.404363410858092,-2.5194950984234974,0.47374730980213503,0.0,0.0
0.404363410858092,-2.457285342906868,0.4704330691015897,0.0,0.0
0.404363410858092,-2.395075587390238,0.4669328983511829,0.0,0.0
0.404363410858092,-2.3328658318736086,0.4632742202455415,0.0,0.0
0.404363410858092,-2.270656076356979,0.4594841331938774,0.0,0.0
0.404363410858092,-2.2084463208403498,0.4555890733167215,0.0,0.0
0.404363410858092,-2.1462365653237203,0.451614531388023,0.0,0.0
0.404363410858092,-2.0840268098070904,0.4475848252685517,0.0,0.0
0.404363410858092,-2.021817054290461,0.44352292613049654,0.0,0.0
0.404363410858092,-1.9596072987738313,0.4394503350345826,0.0,0.0
0.404363410858092,-1.897397543257202,0.43538700518753204,0.0,0.0
0.404363410858092,-1.8351877877405722,0.4313513044408333,0.0,0.0
0.404363410858092,-1.7729780322239428,0.42736001222964354,0.0,0.0
0.404363410858092,-1.7107682767073131,0.4234283451191739,0.0,0.0
0.404363410858092,-1.6485585211906835,0.4195700053481378,0.0,0.0
0.404363410858092,-1.586348765674054,0.4157972471616617,0.0,0.0
0.404363410858092,-1.5241390101574244,0.4121209562446118,0.0,0.0
0.404363410858092,-1.461929254640795,0.40855073814628884,0.0,0.0
0.404363410858092,-1.3997194991241653,0.40509501218587723,0.0,0.0
0.404363410858092,-1.3375097436075358,0.4017611079127816,0.0,0.0
0.404363410858092,-1.2752999880909062,0.3985553617446154,0.0,0.0
0.404363410858092,-1.2130902325742767,0.3954832119039299,0.0,0.0
0.404363410858092,-1.150880477057647,0.392549290215153,0.0,0.0
0.404363410858092,-1.0886707215410176,0.3897575097030692,0.0,0.0
0.404363410858092,-1.0264609660243877,0.3871111472545062,0.0,0.0
0.404363410858092,-0.9642512105077583,0.3846129208692068,0.0,0.0
0.404363410858092,-0.9020414549911289,0.3822650612391017,0.0,0.0
0.404363410858092,-0.8398316994744994,0.3800693775631095,0.0,0.0
0.404363410858092,-0.7776219439578695,0.37802731763315145,0.0,0.0
0.404363410858092,-0.7154121884412401,0.37614002232212096,0.0,0.0
0.404363410858092,-0.6532024329246107,0.3744083746715507,0.0,0.0
0.404363410858092,-0.5909926774079808,0.3728330438206343,0.0,0.0
0.404363410858092,-0.5287829218913513,0.37141452404342584,0.0,0.0
0.404363410858092,-0.4665731663747219,0.3701531691712411,0.0,0.0
0.404363410858092,-0.40436341085809246,0.36904922267569185,0.0,0.0
0.404363410858092,-0.3421536553414626,0.3681028436770402,0.0,0.0
0.404363410858092,-0.27994389982483314,0.3673141291248368,0.0,0.0
0.404363410858092,-0.2177341443082037,0.36668313237483524,0.0,0.0
0.404363410858092,-0.15552438879157382,0.36620987835932955,0.0,0.0
0.404363410858092,-0.09331463327494438,0.3658943755184235,0.0,0.0
0.404363410858092,-0.03110487775831494,0.36573662462811646,0.0,0.0
0.404363410858092,0.031104877758314498,0.36573662462811646,0.0,0.0
0.404363410858092,0.09331463327494438,0.3658943755184235,0.0,0.0
0.404363410858092,0.15552438879157382,0.36620987835932955,0.0,0.0
0.404363410858092,0.21773414430820326,0.36668313237483524,0.0,0.0
0.404363410858092,0.2799438998248327,0.3673141291248368,0.0,0.0
0.404363410858092,0.3421536553414626,0.3681028436770402,0.0,0.0
0.404363410858092,0.404363410858092,0.36904922267569185,0.0,0.0
0.404363410858092,0.46657316637472146,0.370153169171241,0.0,0.0
0.404363410858092,0.5287829218913513,0.37141452404342584,0.0,0.0
0.404363410858092,0.5909926774079808,0.3728330438206343,0.0,0.0
0.404363410858092,0.6532024329246102,0.3744083746715507,0.0,0.0
0.404363410858092,0.7154121884412397,0.37614002232212096,0.0,0.0
0.404363410858092,0.7776219439578695,0.37802731763315145,0.0,0.0
0.404363410858092,0.839831699474499,0.38006937756310943,0.0,0.0
0.404363410858092,0.9020414549911289,0.3822650612391017,0.0,0.0
0.404363410858092,0.9642512105077579,0.3846129208692068,0.0,0.0
0.404363410858092,1.0264609660243877,0.3871111472545062,0.0,0.0
0.404363410858092,1.0886707215410176,0.3897575097030692,0.0,0.0
0.404363410858092,1.1508804770576466,0.39254929021515295,0.0,0.0
0.404363410858092,1.2130902325742765,0.3954832119039299,0.0,0.0
0.404363410858092,1.2752999880909055,0.3985553617446154,0.0,0.0
0.404363410858092,1.3375097436075354,0.4017611079127815,0.0,0.0
0.404363410858092,1.3997194991241653,0.40509501218587723,0.0,0.0
0.404363410858092,1.4619292546407943,0.40855073814628884,0.0,0.0
0.404363410858092,1.5241390101574241,0.4121209562446118,0.0,0.0
0.404363410858092,1.586348765674054,0.4157972471616617,0.0,0.0
0.404363410858092,1.648558521190683,0.4195700053481378,0.0,0.0
0.404363410858092,1.710768276707313,0.4234283451191739,0.0,0.0
0.404363410858092,1.7729780322239428,0.42736001222964354,0.0,0.0
0.404363410858092,1.8351877877405718,0.4313513044408333,0.0,0.0
0.404363410858092,1.8973975432572017,0.43538700518753204,0.0,0.0
0.404363410858092,1.9596072987738316,0.4394503350345826,0.0,0.0
0.404363410858092,2.0218170542904605,0.4435229261304965,0.0,0.0
0.404363410858092,2.0840268098070904,0.4475848252685517,0.0,0.0
0.404363410858092,2.1462365653237194,0.451614531388023,0.0,0.0
0.404363410858092,2.2084463208403493,0.4555890733167215,0.0,0.0
0.404363410858092,2.270656076356979,0.4594841331938774,0.0,0.0
0.404363410858092,2.332865831873608,0.4632742202455415,0.0,0.0
0.404363410858092,2.395075587390238,0.4669328983511829,0.0,0.0
0.404363410858092,2.457285342906868,0.4704330691015897,0.0,0.0
0.404363410858092,2.519495098423497,0.47374730980213503,0.0,0.0
0.404363410858092,2.581704853940127,0.4768482631678005,0.0,0.0
0.404363410858092,2.6439146094567567,0.4797090723909363,0.0,0.0
0.404363410858092,2.7061243649733857,0.48230385200616943,0.0,0.0
0.404363410858092,2.7683341204900156,0.484608181755544,0.0,0.0
0.404363410858092,2.8305438760066455,0.4865996077444919,0.0,0.0
0.404363410858092,2.8927536315232745,0.4882581328734673,0.0,0.0
0.404363410858092,2.9549633870399044,0.48956667712087937,0.0,0.0
0.404363410858092,3.0171731425565333,0.49051148798402616,0.0,0.0
0.404363410858092,3.0793828980731632,0.49108248241486124,0.0,0.0
0.46657316637472146,-3.141592653589793,0.4938867142456348,0.0,0.0
0.46657316637472146,-3.0793828980731637,0.4936926293880626,0.0,0.0
0.46657316637472146,-3.017173142556534,0.4931124926013183,0.0,0.0
0.46657316637472146,-2.9549633870399044,0.4921526014016219,0.0,0.0
0.46657316637472146,-2.892753631523275,0.4908232683794436,0.0,0.0
0.46657316637472146,-2.8305438760066455,0.4891385560957398,0.0,0.0
0.46657316637472146,-2.7683341204900156,0.48711592470190085,0.0,0.0
0.46657316637472146,-2.706124364973386,0.48477580920001023,0.0,0.0
0.46657316637472146,-2.6439146094567567,0.4821411457026964,0.0,0.0
0.46657316637472146,-2.581704853940127,0.47923686709466234,0.0,0.0
0.46657316637472146,-2.5194950984234974,0.47608938818708973,0.0,0.0
0.46657316637472146,-2.457285342906868,0.47272609896058504,0.0,0.0
0.46657316637472146,-2.395075587390238,0.46917488206951213,0.0,0.0
0.46657316637472146,-2.3328658318736086,0.46546366773514014,0.0,0.0
0.46657316637472146,-2.270656076356979,0.4616200357988385,0.0,0.0
0.46657316637472146,-2.2084463208403498,0.4576708713247667,0.0,0.0
0.46657316637472146,-2.1462365653237203,0.45364207696882825,0.0,0.0
0.46657316637472146,-2.0840268098070904,0.44955834253851684,0.0,0.0
0.46657316637472146,-2.021817054290461,0.4454429698621793,0.0,0.0
0.46657316637472146,-1.9596072987738313,0.4413177493110336,0.0,0.0
0.46657316637472146,-1.897397543257202,0.43720288306784266,0.0,0.0
0.46657316637472146,-1.8351877877405722,0.43311694947014767,0.0,0.0
0.46657316637472146,-1.7729780322239428,0.429076902407314,0.0,0.0
0.46657316637472146,-1.7107682767073131,0.4250980997411524,0.0,0.0
0.46657316637472146,-1.6485585211906835,0.42119435496900803,0.0,0.0
0.46657316637472146,-1.586348765674054,0.4173780067798538,0.0,0.0
0.46657316637472146,-1.5241390101574244,0.41366000170099543,0.0,0.0
0.46657316637472146,-1.461929254640795,0.41004998563961587,0.0,0.0
0.46657316637472146,-1.3997194991241653,0.4065564007455919,0.0,0.0
0.46657316637472146,-1.3375097436075358,0.40318658462716267,0.0,0.0
0.46657316637472146,-1.2752999880909062,0.3999468695165848,0.0,0.0
0.46657316637472146,-1.2130902325742767,0.3968426794947832,0.0,0.0
0.46657316637472146,-1.150880477057647,0.3938786243348724,0.0,0.0
0.46657316637472146,-1.0886707215410176,0.39105858891206136,0.0,0.0
0.46657316637472146,-1.0264609660243877,0.3883858174532914,0.0,0.0
0.46657316637472146,-0.9642512105077583,0.3858629921678915,0.0,0.0
0.46657316637472146,-0.9020414549911289,0.383492306015893,0.0,0.0
0.46657316637472146,-0.8398316994744994,0.3812755295395337,0.0,0.0
0.46657316637472146,-0.7776219439578695,0.3792140718121377,0.0,0.0
0.46657316637472146,-0.7154121884412401,0.3773090356530898,0.0,0.0
0.46657316637472146,-0.6532024329246107,0.3755612673236757,0.0,0.0
0.46657316637472146,-0.5909926774079808,0.3739714009612362,0.0,0.0
0.46657316637472146,-0.5287829218913513,0.37253989803286874,0.0,0.0
0.46657316637472146,-0.4665731663747219,0.3712670820986438,0.0,0.0
0.46657316637472146,-0.40436341085809246,0.370153169171241,0.0,0.0
0.46657316637472146,-0.3421536553414626,0.36919829394672876,0.0,0.0
0.46657316637472146,-0.27994389982483314,0.36840253216210395,0.0,0.0
0.46657316637472146,-0.2177341443082037,0.36776591931093333,0.0,0.0
0.46657316637472146,-0.15552438879157382,0.3672884659203614,0.0,0.0
0.46657316637472146,-0.09331463327494438,0.3669701695619584,0.0,0.0
0.46657316637472146,-0.03110487775831494,0.3668110237361756,0.0,0.0
0.46657316637472146,0.031104877758314498,0.3668110237361756,0.0,0.0
0.46657316637472146,0.09331463327494438,0.3669701695619584,0.0,0.0
0.46657316637472146,0.15552438879157382,0.3672884659203614,0.0,0.0
0.46657316637472146,0.21773414430820326,0.3677659193109333,0.0,0.0
0.46657316637472146,0.2799438998248327,0.36840253216210395,0.0,0.0
0.46657316637472146,0.3421536553414626,0.36919829394672876,0.0,0.0
0.46657316637472146,0.404363410858092,0.370153169171241,0.0,0.0
0.46657316637472146,0.46657316637472146,0.37126708209864373,0.0,0.0
0.46657316637472146,0.5287829218913513,0.37253989803286874,0.0,0.0
0.46657316637472146,0.5909926774079808,0.3739714009612362,0.0,0.0
0.46657316637472146,0.6532024329246102,0.3755612673236757,0.0,0.0
0.46657316637472146,0.7154121884412397,0.3773090356530898,0.0,0.0
0.46657316637472146,0.7776219439578695,0.3792140718121377,0.0,0.0
0.46657316637472146,0.839831699474499,0.3812755295395337,0.0,0.0
0.46657316637472146,0.9020414549911289,0.383492306015893,0.0,0.0
0.46657316637472146,0.9642512105077579,0.3858629921678915,0.0,0.0
0.46657316637472146,1.0264609660243877,0.3883858174532914,0.0,0.0
0.46657316637472146,1.0886707215410176,0.39105858891206136,0.0,0.0
0.46657316637472146,1.1508804770576466,0.39387862433487236,0.0,0.0
0.46657316637472146,1.2130902325742765,0.3968426794947832,0.0,0.0
0.46657316637472146,1.2752999880909055,0.3999468695165848,0.0,0.0
0.46657316637472146,1.3375097436075354,0.40318658462716267,0.0,0.0
0.46657316637472146,1.3997194991241653,0.4065564007455919,0.0,0.0
0.46657316637472146,1.4619292546407943,0.41004998563961587,0.0,0.0
0.46657316637472146,1.5241390101574241,0.41366000170099543,0.0,0.0
0.46657316637472146,1.586348765674054,0.4173780067798538,0.0,0.0
0.46657316637472146,1.648558521190683,0.421194354969008,0.0,0.0
0.46657316637472146,1.710768276707313,0.42509809974115237,0.0,0.0
0.46657316637472146,1.7729780322239428,0.429076902407314,0.0,0.0
0.46657316637472146,1.8351877877405718,0.43311694947014767,0.0,0.0
0.46657316637472146,1.8973975432572017,0.43720288306784255,0.0,0.0
0.46657316637472146,1.9596072987738316,0.4413177493110336,0.0,0.0
0.46657316637472146,2.0218170542904605,0.4454429698621792,0.0,0.0
0.46657316637472146,2.0840268098070904,0.44955834253851684,0.0,0.0
0.46657316637472146,2.1462365653237194,0.4536420769688282,0.0,0.0
0.46657316637472146,2.2084463208403493,0.4576708713247667,0.0,0.0
0.46657316637472146,2.270656076356979,0.4616200357988385,0.0,0.0
0.46657316637472146,2.332865831873608,0.46546366773514003,0.0,0.0
0.46657316637472146,2.395075587390238,0.46917488206951213,0.0,0.0
0.46657316637472146,2.457285342906868,0.47272609896058504,0.0,0.0
0.46657316637472146,2.519495098423497,0.47608938818708973,0.0,0.0
0.46657316637472146,2.581704853940127,0.47923686709466234,0.0,0.0
0.46657316637472146,2.6439146094567567,0.4821411457026964,0.0,0.0
0.46657316637472146,2.7061243649733857,0.4847758092000101,0.0,0.0
0.46657316637472146,2.7683341204900156,0.48711592470190085,0.0,0.0
0.46657316637472146,2.8305438760066455,0.4891385560957398,0.0,0.0
0.46657316637472146,2.8927536315232745,0.49082326837944373,0.0,0.0
0.46657316637472146,2.9549633870399044,0.4921526014016219,0.0,0.0
0.46657316637472146,3.0171731425565333,0.4931124926013183,0.0,0.0
0.46657316637472146,3.0793828980731632,0.49369262938806246,0.0,0.0
0.5287829218913513,-3.141592653589793,0.496894959817816,0.0,0.0
0.5287829218913513,-3.0793828980731637,0.49669730824736347,0.0,0.0
0.5287829218913513,-3.017173142556534,0.4961065272038572,0.0,0.0
0.5287829218913513,-2.9549633870399044,0.4951290798341679,0.0,0.0
0.5287829218913513,-2.892753631523275,0.4937755481943672,0.0,0.0
0.5287829218913513,-2.8305438760066455,0.4920603587133778,0.0,0.0
0.5287829218913513,-2.7683341204900156,0.4900014174525449,0.0,0.0
0.5287829218913513,-2.706124364973386,0.4876196728222706,0.0,0.0
0.5287829218913513,-2.6439146094567567,0.4849386259443868,0.0,0.0
0.5287829218913513,-2.581704853940127,0.48198380990537193,0.0,0.0
0.5287829218913513,-2.5194950984234974,0.4787822587829005,0.0,0.0
0.5287829218913513,-2.457285342906868,0.47536198572810406,0.0,0.0
0.5287829218913513,-2.395075587390238,0.4717514868222191,0.0,0.0
0.5287829218913513,-2.3328658318736086,0.46797928422158463,0.0,0.0
0.5287829218913513,-2.270656076356979,0.4640735185877974,0.0,0.0
0.5287829218913513,-2.2084463208403498,0.46006159726921386,0.0,0.0
0.5287829218913513,-2.1462365653237203,0.45596990140042365,0.0,0.0
0.5287829218913513,-2.0840268098070904,0.45182355219485865,0.0,0.0
0.5287829218913513,-2.021817054290461,0.4476462343295952,0.0,0.0
0.5287829218913513,-1.9596072987738313,0.4434600725042127,0.0,0.0
0.5287829218913513,-1.897397543257202,0.43928555598864677,0.0,0.0
0.5287829218913513,-1.8351877877405722,0.435141505211336,0.0,0.0
0.5287829218913513,-1.7729780322239428,0.4310450741073962,0.0,0.0
0.5287829218913513,-1.7107682767073131,0.42701178196401635,0.0,0.0
0.5287829218913513,-1.6485585211906835,0.4230555687818773,0.0,0.0
0.5287829218913513,-1.586348765674054,0.4191888686375714,0.0,0.0
0.5287829218913513,-1.5241390101574244,0.4154226961130079,0.0,0.0
0.5287829218913513,-1.461929254640795,0.4117667414959383,0.0,0.0
0.5287829218913513,-1.3997194991241653,0.4082294711059406,0.0,0.0
0.5287829218913513,-1.3375097436075358,0.40481822972929205,0.0,0.0
0.5287829218913513,-1.2752999880909062,0.40153934273145653,0.0,0.0
0.5287829218913513,-1.2130902325742767,0.39839821594354036,0.0,0.0
0.5287829218913513,-1.150880477057647,0.3953994318820366,0.0,0.0
0.5287829218913513,-1.0886707215410176,0.3925468412577378,0.0,0.0
0.5287829218913513,-1.0264609660243877,0.3898436490617916,0.0,0.0
0.5287829218913513,-0.9642512105077583,0.38729249478885447,0.0,0.0
0.5287829218913513,-0.9020414549911289,0.3848955265749921,0.0,0.0
0.5287829218913513,-0.8398316994744994,0.38265446919784124,0.0,0.0
0.5287829218913513,-0.7776219439578695,0.38057068601520677,0.0,0.0
0.5287829218913513,-0.7154121884412401,0.3786452350120791,0.0,0.0
0.5287829218913513,-0.6532024329246107,0.3768789191909104,0.0,0.0
0.5287829218913513,-0.5909926774079808,0.3752723315811597,0.0,0.0
0.5287829218913513,-0.5287829218913513,0.3738258951662252,0.0,0.0
0.5287829218913513,-0.4665731663747219,0.3725398980328688,0.0,0.0
0.5287829218913513,-0.40436341085809246,0.37141452404342584,0.0,0.0
0.5287829218913513,-0.3421536553414626,0.3704498793172162,0.0,0.0
0.5287829218913513,-0.27994389982483314,0.3696460147868377,0.0,0.0
0.5287829218913513,-0.2177341443082037,0.3690029450692152,0.0,0.0
0.5287829218913513,-0.15552438879157382,0.36852066386176985,0.0,0.0
0.5287829218913513,-0.09331463327494438,0.3681991560419327,0.0,0.0
0.5287829218913513,-0.03110487775831494,0.3680384066142668,0.0,0.0
0.5287829218913513,0.031104877758314498,0.3680384066142668,0.0,0.0
0.5287829218913513,0.09331463327494438,0.3681991560419327,0.0,0.0
0.5287829218913513,0.15552438879157382,0.36852066386176985,0.0,0.0
0.5287829218913513,0.21773414430820326,0.3690029450692152,0.0,0.0
0.5287829218913513,0.2799438998248327,0.3696460147868377,0.0,0.0
0.5287829218913513,0.3421536553414626,0.3704498793172162,0.0,0.0
0.5287829218913513,0.404363410858092,0.37141452404342584,0.0,0.0
0.5287829218913513,0.46657316637472146,0.37253989803286874,0.0,0.0
0.5287829218913513,0.5287829218913513,0.3738258951662252,0.0,0.0
0.5287829218913513,0.5909926774079808,0.3752723315811597,0.0,0.0
0.5287829218913513,0.6532024329246102,0.3768789191909103,0.0,0.0
0.5287829218913513,0.7154121884412397,0.3786452350120791,0.0,0.0
0.5287829218913513,0.7776219439578695,0.38057068601520677,0.0,0.0
0.5287829218913513,0.839831699474499,0.3826544691978412,0.0,0.0
0.5287829218913513,0.9020414549911289,0.3848955265749921,0.0,0.0
0.5287829218913513,0.9642512105077579,0.3872924947888544,0.0,0.0
0.5287829218913513,1.0264609660243877,0.3898436490617916,0.0,0.0
0.5287829218913513,1.0886707215410176,0.3925468412577378,0.0,0.0
0.5287829218913513,1.1508804770576466,0.3953994318820366,0.0,0.0
0.5287829218913513,1.2130902325742765,0.39839821594354036,0.0,0.0
0.5287829218913513,1.2752999880909055,0.4015393427314565,0.0,0.0
0.5287829218913513,1.3375097436075354,0.404818229729292,0.0,0.0
0.5287829218913513,1.3997194991241653,0.4082294711059406,0.0,0.0
0.5287829218913513,1.4619292546407943,0.41176674149593817,0.0,0.0
0.5287829218913513,1.5241390101574241,0.4154226961130079,0.0,0.0
0.5287829218913513,1.586348765674054,0.4191888686375714,0.0,0.0
0.5287829218913513,1.648558521190683,0.4230555687818773,0.0,0.0
0.5287829218913513,1.710768276707313,0.42701178196401635,0.0,0.0
0.5287829218913513,1.7729780322239428,0.4310450741073962,0.0,0.0
0.5287829218913513,1.8351877877405718,0.43514150521133593,0.0,0.0
0.5287829218913513,1.8973975432572017,0.43928555598864677,0.0,0.0
0.5287829218913513,1.9596072987738316,0.4434600725042127,0.0,0.0
0.5287829218913513,2.0218170542904605,0.4476462343295952,0.0,0.0
0.5287829218913513,2.0840268098070904,0.45182355219485865,0.0,0.0
0.5287829218913513,2.1462365653237194,0.4559699014004236,0.0,0.0
0.5287829218913513,2.2084463208403493,0.46006159726921386,0.0,0.0
0.5287829218913513,2.270656076356979,0.4640735185877974,0.0,0.0
0.5287829218913513,2.332865831873608,0.4679792842215845,0.0,0.0
0.5287829218913513,2.395075587390238,0.4717514868222191,0.0,0.0
0.5287829218913513,2.457285342906868,0.47536198572810406,0.0,0.0
0.5287829218913513,2.519495098423497,0.4787822587829004,0.0,0.0
0.5287829218913513,2.581704853940127,0.48198380990537193,0.0,0.0
0.5287829218913513,2.6439146094567567,0.4849386259443868,0.0,0.0
0.5287829218913513,2.7061243649733857,0.4876196728222705,0.0,0.0
0.5287829218913513,2.7683341204900156,0.4900014174525449,0.0,0.0
0.5287829218913513,2.8305438760066455,0.4920603587133778,0.0,0.0
0.5287829218913513,2.8927536315232745,0.4937755481943672,0.0,0.0
0.5287829218913513,2.9549633870399044,0.4951290798341679,0.0,0.0
0.5287829218913513,3.0171731425565333,0.49610652720385706,0.0,0.0
0.5287829218913513,3.0793828980731632,0.49669730824736347,0.0,0.0
0.5909926774079808,-3.141592653589793,0.5003070900322514,0.0,0.0
0.5909926774079808,-3.0793828980731637,0.5001053403327135,0.0,0.0
0.5909926774079808,-3.017173142556534,0.4995023297364523,0.0,0.0
0.5909926774079808,-2.9549633870399044,0.4985047135321824,0.0,0.0
0.5909926774079808,-2.892753631523275,0.49712338629541075,0.0,0.0
0.5909926774079808,-2.8305438760066455,0.49537319630401144,0.0,0.0
0.5909926774079808,-2.7683341204900156,0.493272566330233,0.0,0.0
0.5909926774079808,-2.706124364973386,0.49084303934976864,0.0,0.0
0.5909926774079808,-2.6439146094567567,0.48810877033480415,0.0,0.0
0.5909926774079808,-2.581704853940127,0.4850959863684571,0.0,0.0
0.5909926774079808,-2.5194950984234974,0.48183243689205524,0.0,0.0
0.5909926774079808,-2.457285342906868,0.4783468541709222,0.0,0.0
0.5909926774079808,-2.395075587390238,0.4746684413325848,0.0,0.0
0.5909926774079808,-2.3328658318736086,0.4708264019375334,0.0,0.0
0.5909926774079808,-2.270656076356979,0.46684952133532404,0.0,0.0
0.5909926774079808,-2.2084463208403498,0.46276580635317033,0.0,0.0
0.5909926774079808,-2.1462365653237203,0.4586021864162216,0.0,0.0
0.5909926774079808,-2.0840268098070904,0.4543842761919201,0.0,0.0
0.5909926774079808,-2.021817054290461,0.4501361973942628,0.0,0.0
0.5909926774079808,-1.9596072987738313,0.4458804555192183,0.0,0.0
0.5909926774079808,-1.897397543257202,0.4416378659970268,0.0,0.0
0.5909926774079808,-1.8351877877405722,0.4374275234879795,0.0,0.0
0.5909926774079808,-1.7729780322239428,0.43326680773823817,0.0,0.0
0.5909926774079808,-1.7107682767073131,0.42917141946244347,0.0,0.0
0.5909926774079808,-1.6485585211906835,0.425155440040343,0.0,0.0
0.5909926774079808,-1.586348765674054,0.42123140932178793,0.0,0.0
0.5909926774079808,-1.5241390101574244,0.4174104164554092,0.0,0.0
0.5909926774079808,-1.461929254640795,0.4137021993313339,0.0,0.0
0.5909926774079808,-1.3997194991241653,0.4101152489111085,0.0,0.0
0.5909926774079808,-1.3375097436075358,0.40665691537479853,0.0,0.0
0.5909926774079808,-1.2752999880909062,0.4033335136232851,0.0,0.0
0.5909926774079808,-1.2130902325742767,0.400150426219431,0.0,0.0
0.5909926774079808,-1.150880477057647,0.3971122023285203,0.0,0.0
0.5909926774079808,-1.0886707215410176,0.394222651625011,0.0,0.0
0.5909926774079808,-1.0264609660243877,0.3914849324716947,0.0,0.0
0.5909926774079808,-0.9642512105077583,0.38890163395380034,0.0,0.0
0.5909926774079808,-0.9020414549911289,0.3864748515707334,0.0,0.0
0.5909926774079808,-0.8398316994744994,0.38420625655896024,0.0,0.0
0.5909926774079808,-0.7776219439578695,0.38209715894803714,0.0,0.0
0.5909926774079808,-0.7154121884412401,0.3801485645446307,0.0,0.0
0.5909926774079808,-0.6532024329246107,0.37836122610273093,0.0,0.0
0.5909926774079808,-0.5909926774079808,0.3767356889776075,0.0,0.0
0.5909926774079808,-0.5287829218913513,0.3752723315811597,0.0,0.0
0.5909926774079808,-0.4665731663747219,0.3739714009612362,0.0,0.0
0.5909926774079808,-0.40436341085809246,0.3728330438206343,0.0,0.0
0.5909926774079808,-0.3421536553414626,0.3718573332756226,0.0,0.0
0.5909926774079808,-0.27994389982483314,0.3710442916312173,0.0,0.0
0.5909926774079808,-0.2177341443082037,0.37039390942285455,0.0,0.0
0.5909926774079808,-0.15552438879157382,0.3699061609429374,0.0,0.0
0.5909926774079808,-0.09331463327494438,0.36958101643705493,0.0,0.0
0.5909926774079808,-0.03110487775831494,0.36941845111926247,0.0,0.0
0.5909926774079808,0.031104877758314498,0.36941845111926247,0.0,0.0
0.5909926774079808,0.09331463327494438,0.36958101643705493,0.0,0.0
0.5909926774079808,0.15552438879157382,0.3699061609429374,0.0,0.0
0.5909926774079808,0.21773414430820326,0.37039390942285455,0.0,0.0
0.5909926774079808,0.2799438998248327,0.3710442916312173,0.0,0.0
0.5909926774079808,0.3421536553414626,0.3718573332756226,0.0,0.0
0.5909926774079808,0.404363410858092,0.3728330438206343,0.0,0.0
0.5909926774079808,0.46657316637472146,0.3739714009612362,0.0,0.0
0.5909926774079808,0.5287829218913513,0.3752723315811597,0.0,0.0
0.5909926774079808,0.5909926774079808,0.3767356889776075,0.0,0.0
0.5909926774079808,0.6532024329246102,0.37836122610273093,0.0,0.0
0.5909926774079808,0.7154121884412397,0.38014856454463064,0.0,0.0
0.5909926774079808,0.7776219439578695,0.38209715894803714,0.0,0.0
0.5909926774079808,0.839831699474499,0.3842062565589601,0.0,0.0
0.5909926774079808,0.9020414549911289,0.3864748515707334,0.0,0.0
0.5909926774079808,0.9642512105077579,0.38890163395380034,0.0,0.0
0.5909926774079808,1.0264609660243877,0.3914849324716947,0.0,0.0
0.5909926774079808,1.0886707215410176,0.394222651625011,0.0,0.0
0.5909926774079808,1.1508804770576466,0.3971122023285203,0.0,0.0
0.5909926774079808,1.2130902325742765,0.400150426219431,0.0,0.0
0.5909926774079808,1.2752999880909055,0.4033335136232851,0.0,0.0
0.5909926774079808,1.3375097436075354,0.40665691537479853,0.0,0.0
0.5909926774079808,1.3997194991241653,0.4101152489111085,0.0,0.0
0.5909926774079808,1.4619292546407943,0.4137021993313339,0.0,0.0
0.5909926774079808,1.5241390101574241,0.4174104164554092,0.0,0.0
0.5909926774079808,1.586348765674054,0.42123140932178793,0.0,0.0
0.5909926774079808,1.648558521190683,0.42515544004034295,0.0,0.0
0.5909926774079808,1.710768276707313,0.4291714194624434,0.0,0.0
0.5909926774079808,1.7729780322239428,0.43326680773823817,0.0,0.0
0.5909926774079808,1.8351877877405718,0.43742752348797936,0.0,0.0
0.5909926774079808,1.8973975432572017,0.44163786599702676,0.0,0.0
0.5909926774079808,1.9596072987738316,0.4458804555192184,0.0,0.0
0.5909926774079808,2.0218170542904605,0.4501361973942628,0.0,0.0
0.5909926774079808,2.0840268098070904,0.4543842761919201,0.0,0.0
0.5909926774079808,2.1462365653237194,0.45860218641622147,0.0,0.0
0.5909926774079808,2.2084463208403493,0.46276580635317033,0.0,0.0
0.5909926774079808,2.270656076356979,0.46684952133532404,0.0,0.0
0.5909926774079808,2.332865831873608,0.4708264019375333,0.0,0.0
0.5909926774079808,2.395075587390238,0.4746684413325848,0.0,0.0
0.5909926774079808,2.457285342906868,0.4783468541709222,0.0,0.0
0.5909926774079808,2.519495098423497,0.48183243689205524,0.0,0.0
0.5909926774079808,2.581704853940127,0.4850959863684571,0.0,0.0
0.5909926774079808,2.6439146094567567,0.48810877033480415,0.0,0.0
0.5909926774079808,2.7061243649733857,0.49084303934976864,0.0,0.0
0.5909926774079808,2.7683341204900156,0.493272566330233,0.0,0.0
0.5909926774079808,2.8305438760066455,0.49537319630401144,0.0,0.0
0.5909926774079808,2.8927536315232745,0.49712338629541075,0.0,0.0
0.5909926774079808,2.9549633870399044,0.4985047135321824,0.0,0.0
0.5909926774079808,3.0171731425565333,0.4995023297364523,0.0,0.0
0.5909926774079808,3.0793828980731632,0.5001053403327135,0.0,0.0
0.6532024329246102,-3.141592653589793,0.5041331568074509,0.0,0.0
0.6532024329246102,-3.0793828980731637,0.5039267449332536,0.0,0.0
0.6532024329246102,-3.017173142556534,0.5033098223800928,0.0,0.0
0.6532024329246102,-2.9549633870399044,0.5022892653906184,0.0,0.0
0.6532024329246102,-2.892753631523275,0.500876327821839,0.0,0.0
0.6532024329246102,-2.8305438760066455,0.499086342718286,0.0,0.0
0.6532024329246102,-2.7683341204900156,0.4969383262995877,0.0,0.0
0.6532024329246102,-2.706124364973386,0.49445450393516793,0.0,0.0
0.6532024329246102,-2.6439146094567567,0.4916597804189854,0.0,0.0
0.6532024329246102,-2.581704853940127,0.48858117794156114,0.0,0.0
0.6532024329246102,-2.5194950984234974,0.4852472646532429,0.0,0.0
0.6532024329246102,-2.457285342906868,0.48168759483662443,0.0,0.0
0.6532024329246102,-2.395075587390238,0.4779321787749353,0.0,0.0
0.6532024329246102,-2.3328658318736086,0.4740109967864047,0.0,0.0
0.6532024329246102,-2.270656076356979,0.4699535679640688,0.0,0.0
0.6532024329246102,-2.2084463208403498,0.465788580250552,0.0,0.0
0.6532024329246102,-2.1462365653237203,0.46154358485728114,0.0,0.0
0.6532024329246102,-2.0840268098070904,0.4572447548980795,0.0,0.0
0.6532024329246102,-2.021817054290461,0.4529167055590475,0.0,0.0
0.6532024329246102,-1.9596072987738313,0.44858237120941113,0.0,0.0
0.6532024329246102,-1.897397543257202,0.4442629335533451,0.0,0.0
0.6532024329246102,-1.8351877877405722,0.4399777941711915,0.0,0.0
0.6532024329246102,-1.7729780322239428,0.4357445845154166,0.0,0.0
0.6532024329246102,-1.7107682767073131,0.43157920651639176,0.0,0.0
0.6532024329246102,-1.6485585211906835,0.4274958973197988,0.0,0.0
0.6532024329246102,-1.586348765674054,0.42350731223277444,0.0,0.0
0.6532024329246102,-1.5241390101574244,0.4196246206235521,0.0,0.0
0.6532024329246102,-1.461929254640795,0.41585761023723367,0.0,0.0
0.6532024329246102,-1.3997194991241653,0.4122147961107334,0.0,0.0
0.6532024329246102,-1.3375097436075358,0.4087035309585264,0.0,0.0
0.6532024329246102,-1.2752999880909062,0.4053301145348078,0.0,0.0
0.6532024329246102,-1.2130902325742767,0.4020999000437301,0.0,0.0
0.6532024329246102,-1.150880477057647,0.3990173961615868,0.0,0.0
0.6532024329246102,-1.0886707215410176,0.3960863636526394,0.0,0.0
0.6532024329246102,-1.0264609660243877,0.3933099059070014,0.0,0.0
0.6532024329246102,-0.9642512105077583,0.3906905530102183,0.0,0.0
0.6532024329246102,-0.9020414549911289,0.3882303391768789,0.0,0.0
0.6532024329246102,-0.8398316994744994,0.38593087355225836,0.0,0.0
0.6532024329246102,-0.7776219439578695,0.38379340451407484,0.0,0.0
0.6532024329246102,-0.7154121884412401,0.3818188776980127,0.0,0.0
0.6532024329246102,-0.6532024329246107,0.3800079880321693,0.0,0.0
0.6532024329246102,-0.5909926774079808,0.37836122610273093,0.0,0.0
0.6532024329246102,-0.5287829218913513,0.3768789191909103,0.0,0.0
0.6532024329246102,-0.4665731663747219,0.37556126732367573,0.0,0.0
0.6532024329246102,-0.40436341085809246,0.3744083746715507,0.0,0.0
0.6532024329246102,-0.3421536553414626,0.3734202766085999,0.0,0.0
0.6532024329246102,-0.27994389982483314,0.3725969627249268,0.0,0.0
0.6532024329246102,-0.2177341443082037,0.37193839605239576,0.0,0.0
0.6532024329246102,-0.15552438879157382,0.3714445287312305,0.0,0.0
0.6532024329246102,-0.09331463327494438,0.3711153143097104,0.0,0.0
0.6532024329246102,-0.03110487775831494,0.3709507168321332,0.0,0.0
0.6532024329246102,0.031104877758314498,0.3709507168321332,0.0,0.0
0.6532024329246102,0.09331463327494438,0.3711153143097104,0.0,0.0
0.6532024329246102,0.15552438879157382,0.3714445287312305,0.0,0.0
0.6532024329246102,0.21773414430820326,0.37193839605239576,0.0,0.0
0.6532024329246102,0.2799438998248327,0.3725969627249269,0.0,0.0
0.6532024329246102,0.3421536553414626,0.3734202766085999,0.0,0.0
0.6532024329246102,0.404363410858092,0.3744083746715507,0.0,0.0
0.6532024329246102,0.46657316637472146,0.3755612673236757,0.0,0.0
0.6532024329246102,0.5287829218913513,0.3768789191909103,0.0,0.0
0.6532024329246102,0.5909926774079808,0.37836122610273093,0.0,0.0
0.6532024329246102,0.6532024329246102,0.3800079880321693,0.0,0.0
0.6532024329246102,0.7154121884412397,0.3818188776980127,0.0,0.0
0.6532024329246102,0.7776219439578695,0.38379340451407484,0.0,0.0
0.6532024329246102,0.839831699474499,0.3859308735522583,0.0,0.0
0.6532024329246102,0.9020414549911289,0.3882303391768789,0.0,0.0
0.6532024329246102,0.9642512105077579,0.3906905530102183,0.0,0.0
0.6532024329246102,1.0264609660243877,0.3933099059070014,0.0,0.0
0.6532024329246102,1.0886707215410176,0.3960863636526394,0.0,0.0
0.6532024329246102,1.1508804770576466,0.39901739616158677,0.0,0.0
0.6532024329246102,1.2130902325742765,0.4020999000437301,0.0,0.0
0.6532024329246102,1.2752999880909055,0.40533011453480766,0.0,0.0
0.6532024329246102,1.3375097436075354,0.4087035309585264,0.0,0.0
0.6532024329246102,1.3997194991241653,0.4122147961107334,0.0,0.0
0.6532024329246102,1.4619292546407943,0.41585761023723367,0.0,0.0
0.6532024329246102,1.5241390101574241,0.4196246206235521,0.0,0.0
0.6532024329246102,1.586348765674054,0.42350731223277444,0.0,0.0
0.6532024329246102,1.648558521190683,0.4274958973197988,0.0,0.0
0.6532024329246102,1.710768276707313,0.4315792065163917,0.0,0.0
0.6532024329246102,1.7729780322239428,0.4357445845154166,0.0,0.0
0.6532024329246102,1.8351877877405718,0.43997779417119137,0.0,0.0
0.6532024329246102,1.8973975432572017,0.44426293355334506,0.0,0.0
0.6532024329246102,1.9596072987738316,0.44858237120941113,0.0,0.0
0.6532024329246102,2.0218170542904605,0.4529167055590474,0.0,0.0
0.6532024329246102,2.0840268098070904,0.4572447548980795,0.0,0.0
0.6532024329246102,2.1462365653237194,0.46154358485728103,0.0,0.0
0.6532024329246102,2.2084463208403493,0.465788580250552,0.0,0.0
0.6532024329246102,2.270656076356979,0.4699535679640688,0.0,0.0
0.6532024329246102,2.332865831873608,0.4740109967864047,0.0,0.0
0.6532024329246102,2.395075587390238,0.4779321787749353,0.0,0.0
0.6532024329246102,2.457285342906868,0.48168759483662443,0.0,0.0
0.6532024329246102,2.519495098423497,0.4852472646532428,0.0,0.0
0.6532024329246102,2.581704853940127,0.48858117794156114,0.0,0.0
0.6532024329246102,2.6439146094567567,0.4916597804189854,0.0,0.0
0.6532024329246102,2.7061243649733857,0.49445450393516793,0.0,0.0
0.6532024329246102,2.7683341204900156,0.4969383262995877,0.0,0.0
0.6532024329246102,2.8305438760066455,0.499086342718286,0.0,0.0
0.6532024329246102,2.8927536315232745,0.500876327821839,0.0,0.0
0.6532024329246102,2.9549633870399044,0.5022892653906184,0.0,0.0
0.6532024329246102,3.0171731425565333,0.5033098223800928,0.0,0.0
0.6532024329246102,3.0793828980731632,0.5039267449332536,0.0,0.0
0.7154121884412397,-3.141592653589793,0.5083844443304619,0.0,0.0
0.7154121884412397,-3.0793828980731637,0.5081727685669327,0.0,0.0
0.7154121884412397,-3.017173142556534,0.5075401395638196,0.0,0.0
0.7154121884412397,-2.9549633870399044,0.5064936860382431,0.0,0.0
0.7154121884412397,-2.892753631523275,0.5050450722531039,0.0,0.0
0.7154121884412397,-2.8305438760066455,0.5032101847393593,0.0,0.0
0.7154121884412397,-2.7683341204900156,0.5010087168677112,0.0,0.0
0.7154121884412397,-2.706124364973386,0.49846367204852887,0.0,0.0
0.7154121884412397,-2.6439146094567567,0.4956008092095936,0.0,0.0
0.7154121884412397,-2.581704853940127,0.4924480552982301,0.0,0.0
0.7154121884412397,-2.5194950984234974,0.4890349089568372,0.0,0.0
0.7154121884412397,-2.457285342906868,0.4853918574656068,0.0,0.0
0.7154121884412397,-2.395075587390238,0.48154982587941564,0.0,0.0
0.7154121884412397,-2.3328658318736086,0.47753967340700415,0.0,0.0
0.7154121884412397,-2.270656076356979,0.473391747889255,0.0,0.0
0.7154121884412397,-2.2084463208403498,0.46913550508620067,0.0,0.0
0.7154121884412397,-2.1462365653237203,0.4647991956638603,0.0,0.0
0.7154121884412397,-2.0840268098070904,0.4604096194808875,0.0,0.0
0.7154121884412397,-2.021817054290461,0.45599194412392524,0.0,0.0
0.7154121884412397,-1.9596072987738313,0.4515695826656138,0.0,0.0
0.7154121884412397,-1.897397543257202,0.4471641242955948,0.0,0.0
0.7154121884412397,-1.8351877877405722,0.44279531073492545,0.0,0.0
0.7154121884412397,-1.7729780322239428,0.4384810510948931,0.0,0.0
0.7154121884412397,-1.7107682767073131,0.434237467978589,0.0,0.0
0.7154121884412397,-1.6485585211906835,0.4300789680450646,0.0,0.0
0.7154121884412397,-1.586348765674054,0.4260183308676733,0.0,0.0
0.7154121884412397,-1.5241390101574244,0.42206681064006707,0.0,0.0
0.7154121884412397,-1.461929254640795,0.4182342460505854,0.0,0.0
0.7154121884412397,-1.3997194991241653,0.4145291744092623,0.0,0.0
0.7154121884412397,-1.3375097436075358,0.4109589468364299,0.0,0.0
0.7154121884412397,-1.2752999880909062,0.40752984198518005,0.0,0.0
0.7154121884412397,-1.2130902325742767,0.40424717635888385,0.0,0.0
0.7154121884412397,-1.150880477057647,0.40111540979436777,0.0,0.0
0.7154121884412397,-1.0886707215410176,0.3981382451114836,0.0,0.0
0.7154121884412397,-1.0264609660243877,0.39531872128480183,0.0,0.0
0.7154121884412397,-0.9642512105077583,0.39265929977943453,0.0,0.0
0.7154121884412397,-0.9020414549911289,0.39016194391822157,0.0,0.0
0.7154121884412397,-0.8398316994744994,0.3878281913198268,0.0,0.0
0.7154121884412397,-0.7776219439578695,0.3856592195746458,0.0,0.0
0.7154121884412397,-0.7154121884412401,0.3836559054153374,0.0,0.0
0.7154121884412397,-0.6532024329246107,0.3818188776980127,0.0,0.0
0.7154121884412397,-0.5909926774079808,0.38014856454463064,0.0,0.0
0.7154121884412397,-0.5287829218913513,0.3786452350120791,0.0,0.0
0.7154121884412397,-0.4665731663747219,0.3773090356530898,0.0,0.0
0.7154121884412397,-0.40436341085809246,0.3761400223221209,0.0,0.0
0.7154121884412397,-0.3421536553414626,0.3751381875585386,0.0,0.0
0.7154121884412397,-0.27994389982483314,0.37430348385215856,0.0,0.0
0.7154121884412397,-0.2177341443082037,0.3736358430642822,0.0,0.0
0.7154121884412397,-0.15552438879157382,0.37313519224216724,0.0,0.0
0.7154121884412397,-0.09331463327494438,0.37280146602745073,0.0,0.0
0.7154121884412397,-0.03110487775831494,0.3726346158201639,0.0,0.0
0.7154121884412397,0.031104877758314498,0.3726346158201639,0.0,0.0
0.7154121884412397,0.09331463327494438,0.37280146602745073,0.0,0.0
0.7154121884412397,0.15552438879157382,0.37313519224216724,0.0,0.0
0.7154121884412397,0.21773414430820326,0.3736358430642822,0.0,0.0
0.7154121884412397,0.2799438998248327,0.37430348385215856,0.0,0.0
0.7154121884412397,0.3421536553414626,0.3751381875585386,0.0,0.0
0.7154121884412397,0.404363410858092,0.37614002232212096,0.0,0.0
0.7154121884412397,0.46657316637472146,0.3773090356530898,0.0,0.0
0.7154121884412397,0.5287829218913513,0.3786452350120791,0.0,0.0
0.7154121884412397,0.5909926774079808,0.38014856454463064,0.0,0.0
0.7154121884412397,0.6532024329246102,0.3818188776980127,0.0,0.0
0.7154121884412397,0.7154121884412397,0.3836559054153374,0.0,0.0
0.7154121884412397,0.7776219439578695,0.3856592195746458,0.0,0.0
0.7154121884412397,0.839831699474499,0.38782819131982676,0.0,0.0
0.7154121884412397,0.9020414549911289,0.39016194391822157,0.0,0.0
0.7154121884412397,0.9642512105077579,0.3926592997794345,0.0,0.0
0.7154121884412397,1.0264609660243877,0.39531872128480183,0.0,0.0
0.7154121884412397,1.0886707215410176,0.3981382451114836,0.0,0.0
0.7154121884412397,1.1508804770576466,0.40111540979436777,0.0,0.0
0.7154121884412397,1.2130902325742765,0.40424717635888385,0.0,0.0
0.7154121884412397,1.2752999880909055,0.40752984198518005,0.0,0.0
0.7154121884412397,1.3375097436075354,0.4109589468364299,0.0,0.0
0.7154121884412397,1.3997194991241653,0.4145291744092623,0.0,0.0
0.7154121884412397,1.4619292546407943,0.4182342460505854,0.0,0.0
0.7154121884412397,1.5241390101574241,0.422066810640067,0.0,0.0
0.7154121884412397,1.586348765674054,0.4260183308676733,0.0,0.0
0.7154121884412397,1.648558521190683,0.4300789680450646,0.0,0.0
0.7154121884412397,1.710768276707313,0.434237467978589,0.0,0.0
0.7154121884412397,1.7729780322239428,0.4384810510948931,0.0,0.0
0.7154121884412397,1.8351877877405718,0.4427953107349254,0.0,0.0
0.7154121884412397,1.8973975432572017,0.4471641242955948,0.0,0.0
0.7154121884412397,1.9596072987738316,0.4515695826656138,0.0,0.0
0.7154121884412397,2.0218170542904605,0.45599194412392513,0.0,0.0
0.7154121884412397,2.0840268098070904,0.4604096194808875,0.0,0.0
0.7154121884412397,2.1462365653237194,0.4647991956638603,0.0,0.0
0.7154121884412397,2.2084463208403493,0.46913550508620055,0.0,0.0
0.7154121884412397,2.270656076356979,0.473391747889255,0.0,0.0
0.7154121884412397,2.332865831873608,0.47753967340700415,0.0,0.0
0.7154121884412397,2.395075587390238,0.48154982587941564,0.0,0.0
0.7154121884412397,2.457285342906868,0.4853918574656068,0.0,0.0
0.7154121884412397,2.519495098423497,0.4890349089568372,0.0,0.0
0.7154121884412397,2.581704853940127,0.4924480552982301,0.0,0.0
0.7154121884412397,2.6439146094567567,0.4956008092095936,0.0,0.0
0.7154121884412397,2.7061243649733857,0.49846367204852887,0.0,0.0
0.7154121884412397,2.7683341204900156,0.5010087168677112,0.0,0.0
0.7154121884412397,2.8305438760066455,0.5032101847393593,0.0,0.0
0.7154121884412397,2.8927536315232745,0.5050450722531039,0.0,0.0
0.7154121884412397,2.9549633870399044,0.5064936860382431,0.0,0.0
0.7154121884412397,3.0171731425565333,0.5075401395638196,0.0,0.0
0.7154121884412397,3.0793828980731632,0.5081727685669327,0.0,0.0
0.7776219439578695,-3.141592653589793,0.5130734990836775,0.0,0.0
0.7776219439578695,-3.0793828980731637,0.5128559145113192,0.0,0.0
0.7776219439578695,-3.017173142556534,0.5122056560272215,0.0,0.0
0.7776219439578695,-2.9549633870399044,0.5111301395171165,0.0,0.0
0.7776219439578695,-2.892753631523275,0.5096414958821671,0.0,0.0
0.7776219439578695,-2.8305438760066455,0.5077562406462426,0.0,0.0
0.7776219439578695,-2.7683341204900156,0.5054948361730379,0.0,0.0
0.7776219439578695,-2.706124364973386,0.5028811686779843,0.0,0.0
0.7776219439578695,-2.6439146094567567,0.4999419652395283,0.0,0.0
0.7776219439578695,-2.581704853940127,0.4967061771215437,0.0,0.0
0.7776219439578695,-2.5194950984234974,0.49320435500619775,0.0,0.0
0.7776219439578695,-2.457285342906868,0.48946803946783685,0.0,0.0
0.7776219439578695,-2.395075587390238,0.4855291865734258,0.0,0.0
0.7776219439578695,-2.3328658318736086,0.4814196443089319,0.0,0.0
0.7776219439578695,-2.270656076356979,0.47717069103593407,0.0,0.0
0.7776219439578695,-2.2084463208403498,0.4728126427610086,0.0,0.0
0.7776219439578695,-2.1462365653237203,0.46837453195408607,0.0,0.0
0.7776219439578695,-2.0840268098070904,0.46388385718864533,0.0,0.0
0.7776219439578695,-2.021817054290461,0.4593664001103503,0.0,0.0
0.7776219439578695,-1.9596072987738313,0.45484610420335575,0.0,0.0
0.7776219439578695,-1.897397543257202,0.45034500848220427,0.0,0.0
0.7776219439578695,-1.8351877877405722,0.4458832285144667,0.0,0.0
0.7776219439578695,-1.7729780322239428,0.4414789769717339,0.0,0.0
0.7776219439578695,-1.7107682767073131,0.4371486161011528,0.0,0.0
0.7776219439578695,-1.6485585211906835,0.43290673499583016,0.0,0.0
0.7776219439578695,-1.586348765674054,0.4287662452201098,0.0,0.0
0.7776219439578695,-1.5241390101574244,0.4247384891303365,0.0,0.0
0.7776219439578695,-1.461929254640795,0.4208333560556726,0.0,0.0
0.7776219439578695,-1.3997194991241653,0.41705940231609817,0.0,0.0
0.7776219439578695,-1.3375097436075358,0.41342397182038587,0.0,0.0
0.7776219439578695,-1.2752999880909062,0.40993331468299216,0.0,0.0
0.7776219439578695,-1.2130902325742767,0.406592701913218,0.0,0.0
0.7776219439578695,-1.150880477057647,0.4034065347583088,0.0,0.0
0.7776219439578695,-1.0886707215410176,0.4003784477256856,0.0,0.0
0.7776219439578695,-1.0264609660243877,0.3975114046733224,0.0,0.0
0.7776219439578695,-0.9642512105077583,0.394807787648759,0.0,0.0
0.7776219439578695,-0.9020414549911289,0.3922694783848963,0.0,0.0
0.7776219439578695,-0.8398316994744994,0.3898979325333672,0.0,0.0
0.7776219439578695,-0.7776219439578695,0.3876942468425003,0.0,0.0
0.7776219439578695,-0.7154121884412401,0.38565921957464583,0.0,0.0
0.7776219439578695,-0.6532024329246107,0.3837934045140749,0.0,0.0
0.7776219439578695,-0.5909926774079808,0.38209715894803714,0.0,0.0
0.7776219439578695,-0.5287829218913513,0.38057068601520677,0.0,0.0
0.7776219439578695,-0.4665731663747219,0.37921407181213773,0.0,0.0
0.7776219439578695,-0.40436341085809246,0.3780273176331515,0.0,0.0
0.7776219439578695,-0.3421536553414626,0.3770103676952664,0.0,0.0
0.7776219439578695,-0.27994389982483314,0.37616313266968465,0.0,0.0
0.7776219439578695,-0.2177341443082037,0.3754855093068188,0.0,0.0
0.7776219439578695,-0.15552438879157382,0.3749773964042335,0.0,0.0
0.7776219439578695,-0.09331463327494438,0.3746387073272452,0.0,0.0
0.7776219439578695,-0.03110487775831494,0.3744693792509814,0.0,0.0
0.7776219439578695,0.031104877758314498,0.3744693792509814,0.0,0.0
0.7776219439578695,0.09331463327494438,0.3746387073272452,0.0,0.0
0.7776219439578695,0.15552438879157382,0.3749773964042335,0.0,0.0
0.7776219439578695,0.21773414430820326,0.3754855093068188,0.0,0.0
0.7776219439578695,0.2799438998248327,0.37616313266968465,0.0,0.0
0.7776219439578695,0.3421536553414626,0.3770103676952664,0.0,0.0
0.7776219439578695,0.404363410858092,0.3780273176331515,0.0,0.0
0.7776219439578695,0.46657316637472146,0.3792140718121377,0.0,0.0
0.7776219439578695,0.5287829218913513,0.38057068601520677,0.0,0.0
0.7776219439578695,0.5909926774079808,0.38209715894803714,0.0,0.0
0.7776219439578695,0.6532024329246102,0.38379340451407484,0.0,0.0
0.7776219439578695,0.7154121884412397,0.3856592195746458,0.0,0.0
0.7776219439578695,0.7776219439578695,0.3876942468425003,0.0,0.0
0.7776219439578695,0.839831699474499,0.3898979325333672,0.0,0.0
0.7776219439578695,0.9020414549911289,0.3922694783848963,0.0,0.0
0.7776219439578695,0.9642512105077579,0.39480778764875896,0.0,0.0
0.7776219439578695,1.0264609660243877,0.3975114046733224,0.0,0.0
0.7776219439578695,1.0886707215410176,0.4003784477256856,0.0,0.0
0.7776219439578695,1.1508804770576466,0.4034065347583088,0.0,0.0
0.7776219439578695,1.2130902325742765,0.406592701913218,0.0,0.0
0.7776219439578695,1.2752999880909055,0.409933314682992,0.0,0.0
0.7776219439578695,1.3375097436075354,0.41342397182038576,0.0,0.0
0.7776219439578695,1.3997194991241653,0.41705940231609817,0.0,0.0
0.7776219439578695,1.4619292546407943,0.42083335605567257,0.0,0.0
0.7776219439578695,1.5241390101574241,0.4247384891303365,0.0,0.0
0.7776219439578695,1.586348765674054,0.4287662452201098,0.0,0.0
0.7776219439578695,1.648558521190683,0.4329067349958301,0.0,0.0
0.7776219439578695,1.710768276707313,0.4371486161011528,0.0,0.0
0.7776219439578695,1.7729780322239428,0.4414789769717339,0.0,0.0
0.7776219439578695,1.8351877877405718,0.4458832285144667,0.0,0.0
0.7776219439578695,1.8973975432572017,0.45034500848220427,0.0,0.0
0.7776219439578695,1.9596072987738316,0.4548461042033558,0.0,0.0
0.7776219439578695,2.0218170542904605,0.4593664001103502,0.0,0.0
0.7776219439578695,2.0840268098070904,0.46388385718864533,0.0,0.0
0.7776219439578695,2.1462365653237194,0.468374531954086,0.0,0.0
0.7776219439578695,2.2084463208403493,0.4728126427610086,0.0,0.0
0.7776219439578695,2.270656076356979,0.47717069103593407,0.0,0.0
0.7776219439578695,2.332865831873608,0.4814196443089319,0.0,0.0
0.7776219439578695,2.395075587390238,0.4855291865734258,0.0,0.0
0.7776219439578695,2.457285342906868,0.48946803946783685,0.0,0.0
0.7776219439578695,2.519495098423497,0.49320435500619764,0.0,0.0
0.7776219439578695,2.581704853940127,0.4967061771215437,0.0,0.0
0.7776219439578695,2.6439146094567567,0.4999419652395283,0.0,0.0
0.7776219439578695,2.7061243649733857,0.5028811686779843,0.0,0.0
0.7776219439578695,2.7683341204900156,0.5054948361730379,0.0,0.0
0.7776219439578695,2.8305438760066455,0.5077562406462426,0.0,0.0
0.7776219439578695,2.8927536315232745,0.5096414958821671,0.0,0.0
0.7776219439578695,2.9549633870399044,0.5111301395171165,0.0,0.0
0.7776219439578695,3.0171731425565333,0.5122056560272213,0.0,0.0
0.7776219439578695,3.0793828980731632,0.5128559145113191,0.0,0.0
0.839831699474499,-3.141592653589793,0.5182141587680322,0.0,0.0
0.839831699474499,-3.0793828980731637,0.5179899711565247,0.0,0.0
0.839831699474499,-3.017173142556534,0.5173200134860219,0.0,0.0
0.839831699474499,-2.9549633870399044,0.5162120272125321,0.0,0.0
0.839831699474499,-2.892753631523275,0.5146786720705788,0.0,0.0
0.839831699474499,-2.8305438760066455,0.512737175996651,0.0,0.0
0.839831699474499,-2.7683341204900156,0.5104088716637459,0.0,0.0
0.839831699474499,-2.706124364973386,0.5077186434496025,0.0,0.0
0.839831699474499,-2.6439146094567567,0.5046943118498947,0.0,0.0
0.839831699474499,-2.581704853940127,0.5013659834608994,0.0,0.0
0.839831699474499,-2.5194950984234974,0.4977653938035115,0.0,0.0
0.839831699474499,-2.457285342906868,0.49392526773718115,0.0,0.0
0.839831699474499,-2.395075587390238,0.48987871843896746,0.0,0.0
0.839831699474499,-2.3328658318736086,0.48565870137681627,0.0,0.0
0.839831699474499,-2.270656076356979,0.48129753485763066,0.0,0.0
0.839831699474499,-2.2084463208403498,0.47682649399199734,0.0,0.0
0.839831699474499,-2.1462365653237203,0.47227548061037783,0.0,0.0
0.839831699474499,-2.0840268098070904,0.4676727680075406,0.0,0.0
0.839831699474499,-2.021817054290461,0.4630448164979603,0.0,0.0
0.839831699474499,-1.9596072987738313,0.458416153660987,0.0,0.0
0.839831699474499,-1.897397543257202,0.45380931179813006,0.0,0.0
0.839831699474499,-1.8351877877405722,0.44924481442644704,0.0,0.0
0.839831699474499,-1.7729780322239428,0.4447412034764654,0.0,0.0
0.839831699474499,-1.7107682767073131,0.4403150991263122,0.0,0.0
0.839831699474499,-1.6485585211906835,0.43598128476606157,0.0,0.0
0.839831699474499,-1.586348765674054,0.4317528103407544,0.0,0.0
0.839831699474499,-1.5241390101574244,0.42764110817749706,0.0,0.0
0.839831699474499,-1.461929254640795,0.42365611629081706,0.0,0.0
0.839831699474499,-1.3997194991241653,0.4198064050286835,0.0,0.0
0.839831699474499,-1.3375097436075358,0.416099303733266,0.0,0.0
0.839831699474499,-1.2752999880909062,0.412541024823326,0.0,0.0
0.839831699474499,-1.2130902325742767,0.409136783347659,0.0,0.0
0.839831699474499,-1.150880477057647,0.4058909106079837,0.0,0.0
0.839831699474499,-1.0886707215410176,0.40280696090757306,0.0,0.0
0.839831699474499,-1.0264609660243877,0.39988781085501174,0.0,0.0
0.839831699474499,-0.9642512105077583,0.3971357509491858,0.0,0.0
0.839831699474499,-0.9020414549911289,0.394552569401436,0.0,0.0
0.839831699474499,-0.8398316994744994,0.39213962832337,0.0,0.0
0.839831699474499,-0.7776219439578695,0.3898979325333672,0.0,0.0
0.839831699474499,-0.7154121884412401,0.3878281913198268,0.0,0.0
0.839831699474499,-0.6532024329246107,0.3859308735522583,0.0,0.0
0.839831699474499,-0.5909926774079808,0.3842062565589601,0.0,0.0
0.839831699474499,-0.5287829218913513,0.3826544691978412,0.0,0.0
0.839831699474499,-0.4665731663747219,0.3812755295395337,0.0,0.0
0.839831699474499,-0.40436341085809246,0.38006937756310943,0.0,0.0
0.839831699474499,-0.3421536553414626,0.3790359032374621,0.0,0.0
0.839831699474499,-0.27994389982483314,0.3781749703281432,0.0,0.0
0.839831699474499,-0.2177341443082037,0.37748643623196443,0.0,0.0
0.839831699474499,-0.15552438879157382,0.3769701681013862,0.0,0.0
0.839831699474499,-0.09331463327494438,0.3766260554786042,0.0,0.0
0.839831699474499,-0.03110487775831494,0.37645401961603053,0.0,0.0
0.839831699474499,0.031104877758314498,0.37645401961603053,0.0,0.0
0.839831699474499,0.09331463327494438,0.3766260554786042,0.0,0.0
0.839831699474499,0.15552438879157382,0.3769701681013862,0.0,0.0
0.839831699474499,0.21773414430820326,0.3774864362319644,0.0,0.0
0.839831699474499,0.2799438998248327,0.37817497032814323,0.0,0.0
0.839831699474499,0.3421536553414626,0.3790359032374621,0.0,0.0
0.839831699474499,0.404363410858092,0.38006937756310943,0.0,0.0
0.839831699474499,0.46657316637472146,0.3812755295395337,0.0,0.0
0.839831699474499,0.5287829218913513,0.3826544691978412,0.0,0.0
0.839831699474499,0.5909926774079808,0.3842062565589601,0.0,0.0
0.839831699474499,0.6532024329246102,0.3859308735522583,0.0,0.0
0.839831699474499,0.7154121884412397,0.38782819131982676,0.0,0.0
0.839831699474499,0.7776219439578695,0.3898979325333672,0.0,0.0
0.839831699474499,0.839831699474499,0.39213962832337,0.0,0.0
0.839831699474499,0.9020414549911289,0.394552569401436,0.0,0.0
0.839831699474499,0.9642512105077579,0.39713575094918574,0.0,0.0
0.839831699474499,1.0264609660243877,0.39988781085501174,0.0,0.0
0.839831699474499,1.0886707215410176,0.40280696090757306,0.0,0.0
0.839831699474499,1.1508804770576466,0.4058909106079837,0.0,0.0
0.839831699474499,1.2130902325742765,0.409136783347659,0.0,0.0
0.839831699474499,1.2752999880909055,0.41254102482332594,0.0,0.0
0.839831699474499,1.3375097436075354,0.4160993037332659,0.0,0.0
0.839831699474499,1.3997194991241653,0.4198064050286835,0.0,0.0
0.839831699474499,1.4619292546407943,0.42365611629081706,0.0,0.0
0.839831699474499,1.5241390101574241,0.42764110817749706,0.0,0.0
0.839831699474499,1.586348765674054,0.4317528103407544,0.0,0.0
0.839831699474499,1.648558521190683,0.4359812847660615,0.0,0.0
0.839831699474499,1.710768276707313,0.4403150991263122,0.0,0.0
0.839831699474499,1.7729780322239428,0.4447412034764654,0.0,0.0
0.839831699474499,1.8351877877405718,0.44924481442644704,0.0,0.0
0.839831699474499,1.8973975432572017,0.45380931179813006,0.0,0.0
0.839831699474499,1.9596072987738316,0.458416153660987,0.0,0.0
0.839831699474499,2.0218170542904605,0.4630448164979603,0.0,0.0
0.839831699474499,2.0840268098070904,0.4676727680075406,0.0,0.0
0.839831699474499,2.1462365653237194,0.4722754806103778,0.0,0.0
0.839831699474499,2.2084463208403493,0.47682649399199734,0.0,0.0
0.839831699474499,2.270656076356979,0.48129753485763066,0.0,0.0
0.839831699474499,2.332865831873608,0.4856587013768162,0.0,0.0
0.839831699474499,2.395075587390238,0.48987871843896746,0.0,0.0
0.839831699474499,2.457285342906868,0.49392526773718115,0.0,0.0
0.839831699474499,2.519495098423497,0.49776539380351137,0.0,0.0
0.839831699474499,2.581704853940127,0.5013659834608994,0.0,0.0
0.839831699474499,2.6439146094567567,0.5046943118498947,0.0,0.0
0.839831699474499,2.7061243649733857,0.5077186434496025,0.0,0.0
0.839831699474499,2.7683341204900156,0.5104088716637459,0.0,0.0
0.839831699474499,2.8305438760066455,0.512737175996651,0.0,0.0
0.839831699474499,2.8927536315232745,0.5146786720705788,0.0,0.0
0.839831699474499,2.9549633870399044,0.5162120272125321,0.0,0.0
0.839831699474499,3.0171731425565333,0.5173200134860219,0.0,0.0
0.839831699474499,3.0793828980731632,0.5179899711565247,0.0,0.0
0.9020414549911289,-3.141592653589793,0.5238215782691396,0.0,0.0
0.9020414549911289,-3.0793828980731637,0.5235900373200866,0.0,0.0
0.9020414549911289,-3.017173142556534,0.5228981440211591,0.0,0.0
0.9020414549911289,-2.9549633870399044,0.5217540081235265,0.0,0.0
0.9020414549911289,-2.892753631523275,0.5201708873372294,0.0,0.0
0.9020414549911289,-2.8305438760066455,0.5181668146388797,0.0,0.0
0.9020414549911289,-2.7683341204900156,0.515764105332679,0.0,0.0
0.9020414549911289,-2.706124364973386,0.5129887695947195,0.0,0.0
0.9020414549911289,-2.6439146094567567,0.5098698596105413,0.0,0.0
0.9020414549911289,-2.581704853940127,0.5064387815287678,0.0,0.0
0.9020414549911289,-2.5194950984234974,0.5027286014295751,0.0,0.0
0.9020414549911289,-2.457285342906868,0.49877337167964286,0.0,0.0
0.9020414549911289,-2.395075587390238,0.4946074998840635,0.0,0.0
0.9020414549911289,-2.3328658318736086,0.49026517767794225,0.0,0.0
0.9020414549911289,-2.270656076356979,0.48577988134097255,0.0,0.0
0.9020414549911289,-2.2084463208403498,0.48118395111411066,0.0,0.0
0.9020414549911289,-2.1462365653237203,0.47650825149284787,0.0,0.0
0.9020414549911289,-2.0840268098070904,0.47178191089429977,0.0,0.0
0.9020414549911289,-2.021817054290461,0.46703213606050614,0.0,0.0
0.9020414549911289,-1.9596072987738313,0.4622840943866572,0.0,0.0
0.9020414549911289,-1.897397543257202,0.45756085599564156,0.0,0.0
0.9020414549911289,-1.8351877877405722,0.45288338671580974,0.0,0.0
0.9020414549911289,-1.7729780322239428,0.4482705830277051,0.0,0.0
0.9020414549911289,-1.7107682767073131,0.4437393403910607,0.0,0.0
0.9020414549911289,-1.6485585211906835,0.43930464701541644,0.0,0.0
0.9020414549911289,-1.586348765674054,0.4349796959813828,0.0,0.0
0.9020414549911289,-1.5241390101574244,0.43077600955976475,0.0,0.0
0.9020414549911289,-1.461929254640795,0.4267035705384168,0.0,0.0
0.9020414549911289,-1.3997194991241653,0.42277095629781636,0.0,0.0
0.9020414549911289,-1.3375097436075358,0.41898547223952853,0.0,0.0
0.9020414549911289,-1.2752999880909062,0.41535328194520543,0.0,0.0
0.9020414549911289,-1.2130902325742767,0.4118795321171299,0.0,0.0
0.9020414549911289,-1.150880477057647,0.4085684709226358,0.0,0.0
0.9020414549911289,-1.0886707215410176,0.4054235588379086,0.0,0.0
0.9020414549911289,-1.0264609660243877,0.40244757146933047,0.0,0.0
0.9020414549911289,-0.9642512105077583,0.3996426941323711,0.0,0.0
0.9020414549911289,-0.9020414549911289,0.39701060819961886,0.0,0.0
0.9020414549911289,-0.8398316994744994,0.394552569401436,0.0,0.0
0.9020414549911289,-0.7776219439578695,0.3922694783848963,0.0,0.0
0.9020414549911289,-0.7154121884412401,0.3901619439182216,0.0,0.0
0.9020414549911289,-0.6532024329246107,0.3882303391768789,0.0,0.0
0.9020414549911289,-0.5909926774079808,0.3864748515707334,0.0,0.0
0.9020414549911289,-0.5287829218913513,0.3848955265749921,0.0,0.0
0.9020414549911289,-0.4665731663747219,0.383492306015893,0.0,0.0
0.9020414549911289,-0.40436341085809246,0.38226506123910164,0.0,0.0
0.9020414549911289,-0.3421536553414626,0.3812136215576378,0.0,0.0
0.9020414549911289,-0.27994389982483314,0.38033779833929243,0.0,0.0
0.9020414549911289,-0.2177341443082037,0.37963740505273685,0.0,0.0
0.9020414549911289,-0.15552438879157382,0.3791122735482328,0.0,0.0
0.9020414549911289,-0.09331463327494438,0.37876226680400893,0.0,0.0
0.9020414549911289,-0.03110487775831494,0.378587288323646,0.0,0.0
0.9020414549911289,0.031104877758314498,0.378587288323646,0.0,0.0
0.9020414549911289,0.09331463327494438,0.37876226680400893,0.0,0.0
0.9020414549911289,0.15552438879157382,0.3791122735482328,0.0,0.0
0.9020414549911289,0.21773414430820326,0.3796374050527368,0.0,0.0
0.9020414549911289,0.2799438998248327,0.38033779833929243,0.0,0.0
0.9020414549911289,0.3421536553414626,0.3812136215576378,0.0,0.0
0.9020414549911289,0.404363410858092,0.3822650612391017,0.0,0.0
0.9020414549911289,0.46657316637472146,0.383492306015893,0.0,0.0
0.9020414549911289,0.5287829218913513,0.3848955265749921,0.0,0.0
0.9020414549911289,0.5909926774079808,0.3864748515707334,0.0,0.0
0.9020414549911289,0.6532024329246102,0.3882303391768789,0.0,0.0
0.9020414549911289,0.7154121884412397,0.39016194391822157,0.0,0.0
0.9020414549911289,0.7776219439578695,0.3922694783848963,0.0,0.0
0.9020414549911289,0.839831699474499,0.394552569401436,0.0,0.0
0.9020414549911289,0.9020414549911289,0.39701060819961886,0.0,0.0
0.9020414549911289,0.9642512105077579,0.399642694132371,0.0,0.0
0.9020414549911289,1.0264609660243877,0.40244757146933047,0.0,0.0
0.9020414549911289,1.0886707215410176,0.4054235588379086,0.0,0.0
0.9020414549911289,1.1508804770576466,0.4085684709226357,0.0,0.0
0.9020414549911289,1.2130902325742765,0.4118795321171299,0.0,0.0
0.9020414549911289,1.2752999880909055,0.4153532819452054,0.0,0.0
0.9020414549911289,1.3375097436075354,0.41898547223952853,0.0,0.0
0.9020414549911289,1.3997194991241653,0.42277095629781636,0.0,0.0
0.9020414549911289,1.4619292546407943,0.42670357053841673,0.0,0.0
0.9020414549911289,1.5241390101574241,0.4307760095597647,0.0,0.0
0.9020414549911289,1.586348765674054,0.4349796959813828,0.0,0.0
0.9020414549911289,1.648558521190683,0.4393046470154164,0.0,0.0
0.9020414549911289,1.710768276707313,0.4437393403910607,0.0,0.0
0.9020414549911289,1.7729780322239428,0.4482705830277051,0.0,0.0
0.9020414549911289,1.8351877877405718,0.45288338671580974,0.0,0.0
0.9020414549911289,1.8973975432572017,0.4575608559956415,0.0,0.0
0.9020414549911289,1.9596072987738316,0.4622840943866572,0.0,0.0
0.9020414549911289,2.0218170542904605,0.46703213606050614,0.0,0.0
0.9020414549911289,2.0840268098070904,0.47178191089429977,0.0,0.0
0.9020414549911289,2.1462365653237194,0.4765082514928478,0.0,0.0
0.9020414549911289,2.2084463208403493,0.48118395111411066,0.0,0.0
0.9020414549911289,2.270656076356979,0.48577988134097255,0.0,0.0
0.9020414549911289,2.332865831873608,0.49026517767794214,0.0,0.0
0.9020414549911289,2.395075587390238,0.4946074998840635,0.0,0.0
0.9020414549911289,2.457285342906868,0.49877337167964286,0.0,0.0
0.9020414549911289,2.519495098423497,0.502728601429575,0.0,0.0
0.9020414549911289,2.581704853940127,0.5064387815287678,0.0,0.0
0.9020414549911289,2.6439146094567567,0.5098698596105413,0.0,0.0
0.9020414549911289,2.7061243649733857,0.5129887695947195,0.0,0.0
0.9020414549911289,2.7683341204900156,0.515764105332679,0.0,0.0
0.9020414549911289,2.8305438760066455,0.5181668146388797,0.0,0.0
0.9020414549911289,2.8927536315232745,0.5201708873372294,0.0,0.0
0.9020414549911289,2.9549633870399044,0.5217540081235265,0.0,0.0
0.9020414549911289,3.0171731425565333,0.5228981440211591,0.0,0.0
0.9020414549911289,3.0793828980731632,0.5235900373200866,0.0,0.0
0.9642512105077579,-3.141592653589793,0.5299122502644544,0.0,0.0
0.9642512105077579,-3.0793828980731637,0.5296725421150796,0.0,0.0
0.9642512105077579,-3.017173142556534,0.5289562877629571,0.0,0.0
0.9642512105077579,-2.9549633870399044,0.5277720130152889,0.0,0.0
0.9642512105077579,-2.892753631523275,0.5261336507846889,0.0,0.0
0.9642512105077579,-2.8305438760066455,0.5240601424163627,0.0,0.0
0.9642512105077579,-2.7683341204900156,0.5215749109340345,0.0,0.0
0.9642512105077579,-2.706124364973386,0.5187052341580651,0.0,0.0
0.9642512105077579,-2.6439146094567567,0.5154815492451756,0.0,0.0
0.9642512105077579,-2.581704853940127,0.5119367213020748,0.0,0.0
0.9642512105077579,-2.5194950984234974,0.5081053074911194,0.0,0.0
0.9642512105077579,-2.457285342906868,0.5040228448556169,0.0,0.0
0.9642512105077579,-2.395075587390238,0.49972518547262296,0.0,0.0
0.9642512105077579,-2.3328658318736086,0.49524789707892836,0.0,0.0
0.9642512105077579,-2.270656076356979,0.49062574157874417,0.0,0.0
0.9642512105077579,-2.2084463208403498,0.48589223831637646,0.0,0.0
0.9642512105077579,-2.1462365653237203,0.4810793140535616,0.0,0.0
0.9642512105077579,-2.0840268098070904,0.47621703746789656,0.0,0.0
0.9642512105077579,-2.021817054290461,0.4713334328000474,0.0,0.0
0.9642512105077579,-1.9596072987738313,0.4664543650321013,0.0,0.0
0.9642512105077579,-1.897397543257202,0.46160348760781705,0.0,0.0
0.9642512105077579,-1.8351877877405722,0.4568022430870705,0.0,0.0
0.9642512105077579,-1.7729780322239428,0.45206990711534284,0.0,0.0
0.9642512105077579,-1.7107682767073131,0.4474236665332452,0.0,0.0
0.9642512105077579,-1.6485585211906835,0.4428787232086811,0.0,0.0
0.9642512105077579,-1.586348765674054,0.43844841612149965,0.0,0.0
0.9642512105077579,-1.5241390101574244,0.4341443552662554,0.0,0.0
0.9642512105077579,-1.461929254640795,0.42997656198534695,0.0,0.0
0.9642512105077579,-1.3997194991241653,0.4259536113467298,0.0,0.0
0.9642512105077579,-1.3375097436075358,0.422082773101015,0.0,0.0
0.9642512105077579,-1.2752999880909062,0.4183701485710711,0.0,0.0
0.9642512105077579,-1.2130902325742767,0.4148208015341965,0.0,0.0
0.9642512105077579,-1.150880477057647,0.41143888175220866,0.0,0.0
0.9642512105077579,-1.0886707215410176,0.4082277402939895,0.0,0.0
0.9642512105077579,-1.0264609660243877,0.40519003618736255,0.0,0.0
0.9642512105077579,-0.9642512105077583,0.4023278342438215,0.0,0.0
0.9642512105077579,-0.9020414549911289,0.399642694132371,0.0,0.0
0.9642512105077579,-0.8398316994744994,0.3971357509491858,0.0,0.0
0.9642512105077579,-0.7776219439578695,0.39480778764875896,0.0,0.0
0.9642512105077579,-0.7154121884412401,0.39265929977943453,0.0,0.0
0.9642512105077579,-0.6532024329246107,0.3906905530102183,0.0,0.0
0.9642512105077579,-0.5909926774079808,0.38890163395380034,0.0,0.0
0.9642512105077579,-0.5287829218913513,0.3872924947888544,0.0,0.0
0.9642512105077579,-0.4665731663747219,0.3858629921678915,0.0,0.0
0.9642512105077579,-0.40436341085809246,0.3846129208692068,0.0,0.0
0.9642512105077579,-0.3421536553414626,0.38354204261593794,0.0,0.0
0.9642512105077579,-0.27994389982483314,0.3826501104443607,0.0,0.0
0.9642512105077579,-0.2177341443082037,0.38193688895912775,0.0,0.0
0.9642512105077579,-0.15552438879157382,0.3814021707665444,0.0,0.0
0.9642512105077579,-0.09331463327494438,0.38104578932911004,0.0,0.0
0.9642512105077579,-0.03110487775831494,0.3808676284360781,0.0,0.0
0.9642512105077579,0.031104877758314498,0.3808676284360781,0.0,0.0
0.9642512105077579,0.09331463327494438,0.38104578932911004,0.0,0.0
0.9642512105077579,0.15552438879157382,0.3814021707665444,0.0,0.0
0.9642512105077579,0.21773414430820326,0.38193688895912775,0.0,0.0
0.9642512105077579,0.2799438998248327,0.3826501104443607,0.0,0.0
0.9642512105077579,0.3421536553414626,0.38354204261593794,0.0,0.0
0.9642512105077579,0.404363410858092,0.3846129208692068,0.0,0.0
0.9642512105077579,0.46657316637472146,0.3858629921678915,0.0,0.0
0.9642512105077579,0.5287829218913513,0.3872924947888544,0.0,0.0
0.9642512105077579,0.5909926774079808,0.38890163395380034,0.0,0.0
0.9642512105077579,0.6532024329246102,0.3906905530102183,0.0,0.0
0.9642512105077579,0.7154121884412397,0.3926592997794345,0.0,0.0
0.9642512105077579,0.7776219439578695,0.39480778764875896,0.0,0.0
0.9642512105077579,0.839831699474499,0.39713575094918574,0.0,0.0
0.9642512105077579,0.9020414549911289,0.399642694132371,0.0,0.0
0.9642512105077579,0.9642512105077579,0.40232783424382146,0.0,0.0
0.9642512105077579,1.0264609660243877,0.40519003618736255,0.0,0.0
0.9642512105077579,1.0886707215410176,0.4082277402939895,0.0,0.0
0.9642512105077579,1.1508804770576466,0.41143888175220866,0.0,0.0
0.9642512105077579,1.2130902325742765,0.4148208015341965,0.0,0.0
0.9642512105077579,1.2752999880909055,0.418370148571071,0.0,0.0
0.9642512105077579,1.3375097436075354,0.42208277310101494,0.0,0.0
0.9642512105077579,1.3997194991241653,0.4259536113467298,0.0,0.0
0.9642512105077579,1.4619292546407943,0.42997656198534695,0.0,0.0
0.9642512105077579,1.5241390101574241,0.4341443552662553,0.0,0.0
0.9642512105077579,1.586348765674054,0.43844841612149965,0.0,0.0
0.9642512105077579,1.648558521190683,0.44287872320868105,0.0,0.0
0.9642512105077579,1.710768276707313,0.4474236665332452,0.0,0.0
0.9642512105077579,1.7729780322239428,0.45206990711534284,0.0,0.0
0.9642512105077579,1.8351877877405718,0.4568022430870705,0.0,0.0
0.9642512105077579,1.8973975432572017,0.46160348760781705,0.0,0.0
0.9642512105077579,1.9596072987738316,0.4664543650321013,0.0,0.0
0.9642512105077579,2.0218170542904605,0.4713334328000474,0.0,0.0
0.9642512105077579,2.0840268098070904,0.47621703746789656,0.0,0.0
0.9642512105077579,2.1462365653237194,0.48107931405356147,0.0,0.0
0.9642512105077579,2.2084463208403493,0.48589223831637635,0.0,0.0
0.9642512105077579,2.270656076356979,0.49062574157874417,0.0,0.0
0.9642512105077579,2.332865831873608,0.49524789707892836,0.0,0.0
0.9642512105077579,2.395075587390238,0.49972518547262296,0.0,0.0
0.9642512105077579,2.457285342906868,0.5040228448556169,0.0,0.0
0.9642512105077579,2.519495098423497,0.5081053074911194,0.0,0.0
0.9642512105077579,2.581704853940127,0.5119367213020748,0.0,0.0
0.9642512105077579,2.6439146094567567,0.5154815492451756,0.0,0.0
0.9642512105077579,2.7061243649733857,0.5187052341580651,0.0,0.0
0.9642512105077579,2.7683341204900156,0.5215749109340345,0.0,0.0
0.9642512105077579,2.8305438760066455,0.5240601424163627,0.0,0.0
0.9642512105077579,2.8927536315232745,0.5261336507846889,0.0,0.0
0.9642512105077579,2.9549633870399044,0.5277720130152889,0.0,0.0
0.9642512105077579,3.0171731425565333,0.5289562877629571,0.0,0.0
0.9642512105077579,3.0793828980731632,0.5296725421150796,0.0,0.0
1.0264609660243877,-3.141592653589793,0.5365040173737513,0.0,0.0
1.0264609660243877,-3.0793828980731637,0.5362552562672205,0.0,0.0
1.0264609660243877,-3.017173142556534,0.5355120017474864,0.0,0.0
1.0264609660243877,-2.9549633870399044,0.5342832493023861,0.0,0.0
1.0264609660243877,-2.892753631523275,0.5325836936783989,0.0,0.0
1.0264609660243877,-2.8305438760066455,0.5304333003460245,0.0,0.0
1.0264609660243877,-2.7683341204900156,0.5278567399336249,0.0,0.0
1.0264609660243877,-2.706124364973386,0.5248827161792359,0.0,0.0
1.0264609660243877,-2.6439146094567567,0.5215432217889318,0.0,0.0
1.0264609660243877,-2.581704853940127,0.5178727576694985,0.0,0.0
1.0264609660243877,-2.5194950984234974,0.5139075495107184,0.0,0.0
1.0264609660243877,-2.457285342906868,0.5096847920662493,0.0,0.0
1.0264609660243877,-2.395075587390238,0.5052419463188568,0.0,0.0
1.0264609660243877,-2.3328658318736086,0.5006161086731568,0.0,0.0
1.0264609660243877,-2.270656076356979,0.49584346502600174,0.0,0.0
1.0264609660243877,-2.2084463208403498,0.4909588365545048,0.0,0.0
1.0264609660243877,-2.1462365653237203,0.48599531873247936,0.0,0.0
1.0264609660243877,-2.0840268098070904,0.4809840106879555,0.0,0.0
1.0264609660243877,-2.021817054290461,0.4759538286587654,0.0,0.0
1.0264609660243877,-1.9596072987738313,0.4709313949862552,0.0,0.0
1.0264609660243877,-1.897397543257202,0.4659409927208143,0.0,0.0
1.0264609660243877,-1.8351877877405722,0.46100457535613387,0.0,0.0
1.0264609660243877,-1.7729780322239428,0.4561418212960977,0.0,0.0
1.0264609660243877,-1.7107682767073131,0.451370223220446,0.0,0.0
1.0264609660243877,-1.6485585211906835,0.446705203397059,0.0,0.0
1.0264609660243877,-1.586348765674054,0.44216024705608,0.0,0.0
1.0264609660243877,-1.5241390101574244,0.4377470470864174,0.0,0.0
1.0264609660243877,-1.461929254640795,0.4334756544570858,0.0,0.0
1.0264609660243877,-1.3997194991241653,0.429354629847231,0.0,0.0
1.0264609660243877,-1.3375097436075358,0.42539119295305694,0.0,0.0
1.0264609660243877,-1.2752999880909062,0.4215913668073405,0.0,0.0
1.0264609660243877,-1.2130902325742767,0.4179601151904868,0.0,0.0
1.0264609660243877,-1.150880477057647,0.41450147183278463,0.0,0.0
1.0264609660243877,-1.0886707215410176,0.41121866061326745,0.0,0.0
1.0264609660243877,-1.0264609660243877,0.4081142063624869,0.0,0.0
1.0264609660243877,-0.9642512105077583,0.40519003618736255,0.0,0.0
1.0264609660243877,-0.9020414549911289,0.40244757146933047,0.0,0.0
1.0264609660243877,-0.8398316994744994,0.39988781085501174,0.0,0.0
1.0264609660243877,-0.7776219439578695,0.3975114046733224,0.0,0.0
1.0264609660243877,-0.7154121884412401,0.39531872128480194,0.0,0.0
1.0264609660243877,-0.6532024329246107,0.3933099059070014,0.0,0.0
1.0264609660243877,-0.5909926774079808,0.3914849324716947,0.0,0.0
1.0264609660243877,-0.5287829218913513,0.3898436490617916,0.0,0.0
1.0264609660243877,-0.4665731663747219,0.3883858174532915,0.0,0.0
1.0264609660243877,-0.40436341085809246,0.3871111472545062,0.0,0.0
1.0264609660243877,-0.3421536553414626,0.3860193250943156,0.0,0.0
1.0264609660243877,-0.27994389982483314,0.38511003926582965,0.0,0.0
1.0264609660243877,-0.2177341443082037,0.3843830001833439,0.0,0.0
1.0264609660243877,-0.15552438879157382,0.3838379569601914,0.0,0.0
1.0264609660243877,-0.09331463327494438,0.38347471036392267,0.0,0.0
1.0264609660243877,-0.03110487775831494,0.3832931223537544,0.0,0.0
1.0264609660243877,0.031104877758314498,0.3832931223537544,0.0,0.0
1.0264609660243877,0.09331463327494438,0.38347471036392267,0.0,0.0
1.0264609660243877,0.15552438879157382,0.3838379569601914,0.0,0.0
1.0264609660243877,0.21773414430820326,0.3843830001833439,0.0,0.0
1.0264609660243877,0.2799438998248327,0.3851100392658297,0.0,0.0
1.0264609660243877,0.3421536553414626,0.3860193250943156,0.0,0.0
1.0264609660243877,0.404363410858092,0.3871111472545062,0.0,0.0
1.0264609660243877,0.46657316637472146,0.3883858174532914,0.0,0.0
1.0264609660243877,0.5287829218913513,0.3898436490617916,0.0,0.0
1.0264609660243877,0.5909926774079808,0.3914849324716947,0.0,0.0
1.0264609660243877,0.6532024329246102,0.3933099059070015,0.0,0.0
1.0264609660243877,0.7154121884412397,0.39531872128480183,0.0,0.0
1.0264609660243877,0.7776219439578695,0.3975114046733224,0.0,0.0
1.0264609660243877,0.839831699474499,0.39988781085501174,0.0,0.0
1.0264609660243877,0.9020414549911289,0.40244757146933047,0.0,0.0
1.0264609660243877,0.9642512105077579,0.40519003618736255,0.0,0.0
1.0264609660243877,1.0264609660243877,0.4081142063624869,0.0,0.0
1.0264609660243877,1.0886707215410176,0.41121866061326745,0.0,0.0
1.0264609660243877,1.1508804770576466,0.4145014718327846,0.0,0.0
1.0264609660243877,1.2130902325742765,0.4179601151904868,0.0,0.0
1.0264609660243877,1.2752999880909055,0.42159136680734044,0.0,0.0
1.0264609660243877,1.3375097436075354,0.42539119295305694,0.0,0.0
1.0264609660243877,1.3997194991241653,0.429354629847231,0.0,0.0
1.0264609660243877,1.4619292546407943,0.4334756544570857,0.0,0.0
1.0264609660243877,1.5241390101574241,0.4377470470864174,0.0,0.0
1.0264609660243877,1.586348765674054,0.44216024705608,0.0,0.0
1.0264609660243877,1.648558521190683,0.446705203397059,0.0,0.0
1.0264609660243877,1.710768276707313,0.451370223220446,0.0,0.0
1.0264609660243877,1.7729780322239428,0.4561418212960977,0.0,0.0
1.0264609660243877,1.8351877877405718,0.4610045753561338,0.0,0.0
1.0264609660243877,1.8973975432572017,0.46594099272081424,0.0,0.0
1.0264609660243877,1.9596072987738316,0.4709313949862552,0.0,0.0
1.0264609660243877,2.0218170542904605,0.4759538286587654,0.0,0.0
1.0264609660243877,2.0840268098070904,0.4809840106879555,0.0,0.0
1.0264609660243877,2.1462365653237194,0.48599531873247925,0.0,0.0
1.0264609660243877,2.2084463208403493,0.4909588365545047,0.0,0.0
1.0264609660243877,2.270656076356979,0.49584346502600174,0.0,0.0
1.0264609660243877,2.332865831873608,0.5006161086731568,0.0,0.0
1.0264609660243877,2.395075587390238,0.5052419463188568,0.0,0.0
1.0264609660243877,2.457285342906868,0.5096847920662493,0.0,0.0
1.0264609660243877,2.519495098423497,0.5139075495107183,0.0,0.0
1.0264609660243877,2.581704853940127,0.5178727576694985,0.0,0.0
1.0264609660243877,2.6439146094567567,0.5215432217889318,0.0,0.0
1.0264609660243877,2.7061243649733857,0.5248827161792358,0.0,0.0
1.0264609660243877,2.7683341204900156,0.5278567399336249,0.0,0.0
1.0264609660243877,2.8305438760066455,0.5304333003460245,0.0,0.0
1.0264609660243877,2.8927536315232745,0.5325836936783989,0.0,0.0
1.0264609660243877,2.9549633870399044,0.5342832493023861,0.0,0.0
1.0264609660243877,3.0171731425565333,0.5355120017474864,0.0,0.0
1.0264609660243877,3.0793828980731632,0.5362552562672205,0.0,0.0
1.0886707215410176,-3.141592653589793,0.5436160718758839,0.0,0.0
1.0886707215410176,-3.0793828980731637,0.5433572908982995,0.0,0.0
1.0886707215410176,-3.017173142556534,0.5425841559466213,0.0,0.0
1.0886707215410176,-2.9549633870399044,0.541306192641338,0.0,0.0
1.0886707215410176,-2.892753631523275,0.539538955131772,0.0,0.0
1.0886707215410176,-2.8305438760066455,0.5373035632011688,0.0,0.0
1.0886707215410176,-2.7683341204900156,0.5346260921103371,0.0,0.0
1.0886707215410176,-2.706124364973386,0.5315368487669188,0.0,0.0
1.0886707215410176,-2.6439146094567567,0.5280695719193023,0.0,0.0
1.0886707215410176,-2.581704853940127,0.5242605951103169,0.0,0.0
1.0886707215410176,-2.5194950984234974,0.5201480093148478,0.0,0.0
1.0886707215410176,-2.457285342906868,0.5157708580349578,0.0,0.0
1.0886707215410176,-2.395075587390238,0.5111683918172766,0.0,0.0
1.0886707215410176,-2.3328658318736086,0.5063794024321193,0.0,0.0
1.0886707215410176,-2.270656076356979,0.5014416500134629,0.0,0.0
1.0886707215410176,-2.2084463208403498,0.4963913898902805,0.0,0.0
1.0886707215410176,-2.1462365653237203,0.4912630000725893,0.0,0.0
1.0886707215410176,-2.0840268098070904,0.4860887056514304,0.0,0.0
1.0886707215410176,-2.021817054290461,0.4808983928371114,0.0,0.0
1.0886707215410176,-1.9596072987738313,0.4757195029741649,0.0,0.0
1.0886707215410176,-1.897397543257202,0.4705769955237449,0.0,0.0
1.0886707215410176,-1.8351877877405722,0.4654933685290249,0.0,0.0
1.0886707215410176,-1.7729780322239428,0.46048872528758006,0.0,0.0
1.0886707215410176,-1.7107682767073131,0.4555808766583681,0.0,0.0
1.0886707215410176,-1.6485585211906835,0.4507854694584724,0.0,0.0
1.0886707215410176,-1.586348765674054,0.44611613261131117,0.0,0.0
1.0886707215410176,-1.5241390101574244,0.44158463397872216,0.0,0.0
1.0886707215410176,-1.461929254640795,0.43720104205903243,0.0,0.0
1.0886707215410176,-1.3997194991241653,0.43297388790349534,0.0,0.0
1.0886707215410176,-1.3375097436075358,0.4289103236583036,0.0,0.0
1.0886707215410176,-1.2752999880909062,0.42501627506046885,0.0,0.0
1.0886707215410176,-1.2130902325742767,0.42129658599806497,0.0,0.0
1.0886707215410176,-1.150880477057647,0.4177551538927341,0.0,0.0
1.0886707215410176,-1.0886707215410176,0.4143950551849143,0.0,0.0
1.0886707215410176,-1.0264609660243877,0.41121866061326745,0.0,0.0
1.0886707215410176,-0.9642512105077583,0.4082277402939895,0.0,0.0
1.0886707215410176,-0.9020414549911289,0.4054235588379086,0.0,0.0
1.0886707215410176,-0.8398316994744994,0.40280696090757306,0.0,0.0
1.0886707215410176,-0.7776219439578695,0.4003784477256856,0.0,0.0
1.0886707215410176,-0.7154121884412401,0.3981382451114836,0.0,0.0
1.0886707215410176,-0.6532024329246107,0.3960863636526394,0.0,0.0
1.0886707215410176,-0.5909926774079808,0.394222651625011,0.0,0.0
1.0886707215410176,-0.5287829218913513,0.3925468412577378,0.0,0.0
1.0886707215410176,-0.4665731663747219,0.3910585889120614,0.0,0.0
1.0886707215410176,-0.40436341085809246,0.3897575097030692,0.0,0.0
1.0886707215410176,-0.3421536553414626,0.3886432070475401,0.0,0.0
1.0886707215410176,-0.27994389982483314,0.3877152975706692,0.0,0.0
1.0886707215410176,-0.2177341443082037,0.38697343175146565,0.0,0.0
1.0886707215410176,-0.15552438879157382,0.38641731063229223,0.0,0.0
1.0886707215410176,-0.09331463327494438,0.38604669886323095,0.0,0.0
1.0886707215410176,-0.03110487775831494,0.3858614342971873,0.0,0.0
1.0886707215410176,0.031104877758314498,0.3858614342971873,0.0,0.0
1.0886707215410176,0.09331463327494438,0.38604669886323095,0.0,0.0
1.0886707215410176,0.15552438879157382,0.38641731063229223,0.0,0.0
1.0886707215410176,0.21773414430820326,0.38697343175146565,0.0,0.0
1.0886707215410176,0.2799438998248327,0.3877152975706692,0.0,0.0
1.0886707215410176,0.3421536553414626,0.3886432070475401,0.0,0.0
1.0886707215410176,0.404363410858092,0.38975750970306927,0.0,0.0
1.0886707215410176,0.46657316637472146,0.39105858891206136,0.0,0.0
1.0886707215410176,0.5287829218913513,0.3925468412577378,0.0,0.0
1.0886707215410176,0.5909926774079808,0.394222651625011,0.0,0.0
1.0886707215410176,0.6532024329246102,0.3960863636526394,0.0,0.0
1.0886707215410176,0.7154121884412397,0.3981382451114836,0.0,0.0
1.0886707215410176,0.7776219439578695,0.4003784477256856,0.0,0.0
1.0886707215410176,0.839831699474499,0.40280696090757306,0.0,0.0
1.0886707215410176,0.9020414549911289,0.4054235588379086,0.0,0.0
1.0886707215410176,0.9642512105077579,0.4082277402939895,0.0,0.0
1.0886707215410176,1.0264609660243877,0.41121866061326745,0.0,0.0
1.0886707215410176,1.0886707215410176,0.4143950551849143,0.0,0.0
1.0886707215410176,1.1508804770576466,0.41775515389273404,0.0,0.0
1.0886707215410176,1.2130902325742765,0.42129658599806497,0.0,0.0
1.0886707215410176,1.2752999880909055,0.4250162750604688,0.0,0.0
1.0886707215410176,1.3375097436075354,0.42891032365830356,0.0,0.0
1.0886707215410176,1.3997194991241653,0.43297388790349534,0.0,0.0
1.0886707215410176,1.4619292546407943,0.4372010420590324,0.0,0.0
1.0886707215410176,1.5241390101574241,0.4415846339787221,0.0,0.0
1.0886707215410176,1.586348765674054,0.44611613261131117,0.0,0.0
1.0886707215410176,1.648558521190683,0.4507854694584723,0.0,0.0
1.0886707215410176,1.710768276707313,0.4555808766583681,0.0,0.0
1.0886707215410176,1.7729780322239428,0.46048872528758006,0.0,0.0
1.0886707215410176,1.8351877877405718,0.4654933685290249,0.0,0.0
1.0886707215410176,1.8973975432572017,0.4705769955237449,0.0,0.0
1.0886707215410176,1.9596072987738316,0.4757195029741649,0.0,0.0
1.0886707215410176,2.0218170542904605,0.4808983928371114,0.0,0.0
1.0886707215410176,2.0840268098070904,0.4860887056514304,0.0,0.0
1.0886707215410176,2.1462365653237194,0.4912630000725893,0.0,0.0
1.0886707215410176,2.2084463208403493,0.4963913898902805,0.0,0.0
1.0886707215410176,2.270656076356979,0.5014416500134629,0.0,0.0
1.0886707215410176,2.332865831873608,0.5063794024321193,0.0,0.0
1.0886707215410176,2.395075587390238,0.5111683918172766,0.0,0.0
1.0886707215410176,2.457285342906868,0.5157708580349578,0.0,0.0
1.0886707215410176,2.519495098423497,0.5201480093148478,0.0,0.0
1.0886707215410176,2.581704853940127,0.5242605951103169,0.0,0.0
1.0886707215410176,2.6439146094567567,0.5280695719193023,0.0,0.0
1.0886707215410176,2.7061243649733857,0.5315368487669188,0.0,0.0
1.0886707215410176,2.7683341204900156,0.5346260921103371,0.0,0.0
1.0886707215410176,2.8305438760066455,0.5373035632011688,0.0,0.0
1.0886707215410176,2.8927536315232745,0.5395389551317719,0.0,0.0
1.0886707215410176,2.9549633870399044,0.541306192641338,0.0,0.0
1.0886707215410176,3.0171731425565333,0.5425841559466213,0.0,0.0
1.0886707215410176,3.0793828980731632,0.5433572908982995,0.0,0.0
1.1508804770576466,-3.141592653589793,0.5512689379081397,0.0,0.0
1.1508804770576466,-3.0793828980731637,0.5509990786884246,0.0,0.0
1.1508804770576466,-3.017173142556534,0.5501929113740012,0.0,0.0
1.1508804770576466,-2.9549633870399044,0.5488605601215052,0.0,0.0
1.1508804770576466,-2.892753631523275,0.547018548775235,0.0,0.0
1.1508804770576466,-2.8305438760066455,0.544689298374685,0.0,0.0
1.1508804770576466,-2.7683341204900156,0.5419004656976254,0.0,0.0
1.1508804770576466,-2.706124364973386,0.5386841599891673,0.0,0.0
1.1508804770576466,-2.6439146094567567,0.5350760794445096,0.0,0.0
1.1508804770576466,-2.581704853940127,0.5311146099792294,0.0,0.0
1.1508804770576466,-2.5194950984234974,0.5268399266157591,0.0,0.0
1.1508804770576466,-2.457285342906868,0.5222931330313976,0.0,0.0
1.1508804770576466,-2.395075587390238,0.5175154682353048,0.0,0.0
1.1508804770576466,-2.3328658318736086,0.5125476018119963,0.0,0.0
1.1508804770576466,-2.270656076356979,0.5074290314737657,0.0,0.0
1.1508804770576466,-2.2084463208403498,0.5021975894525382,0.0,0.0
1.1508804770576466,-2.1462365653237203,0.49688905799789873,0.0,0.0
1.1508804770576466,-2.0840268098070904,0.4915368892047531,0.0,0.0
1.1508804770576466,-2.021817054290461,0.48617202066903886,0.0,0.0
1.1508804770576466,-1.9596072987738313,0.4808227760214792,0.0,0.0
1.1508804770576466,-1.897397543257202,0.47551483807861583,0.0,0.0
1.1508804770576466,-1.8351877877405722,0.4702712819821527,0.0,0.0
1.1508804770576466,-1.7729780322239428,0.46511265605562796,0.0,0.0
1.1508804770576466,-1.7107682767073131,0.46005709898031166,0.0,0.0
1.1508804770576466,-1.6485585211906835,0.45512048309108366,0.0,0.0
1.1508804770576466,-1.586348765674054,0.4503165749606746,0.0,0.0
1.1508804770576466,-1.5241390101574244,0.4456572058546067,0.0,0.0
1.1508804770576466,-1.461929254640795,0.44115244601051773,0.0,0.0
1.1508804770576466,-1.3997194991241653,0.4368107779649009,0.0,0.0
1.1508804770576466,-1.3375097436075358,0.4326392652826175,0.0,0.0
1.1508804770576466,-1.2752999880909062,0.4286437140236879,0.0,0.0
1.1508804770576466,-1.2130902325742767,0.4248288251054763,0.0,0.0
1.1508804770576466,-1.150880477057647,0.4211983363934217,0.0,0.0
1.1508804770576466,-1.0886707215410176,0.41775515389273404,0.0,0.0
1.1508804770576466,-1.0264609660243877,0.4145014718327846,0.0,0.0
1.1508804770576466,-0.9642512105077583,0.41143888175220866,0.0,0.0
1.1508804770576466,-0.9020414549911289,0.4085684709226357,0.0,0.0
1.1508804770576466,-0.8398316994744994,0.40589091060798377,0.0,0.0
1.1508804770576466,-0.7776219439578695,0.4034065347583088,0.0,0.0
1.1508804770576466,-0.7154121884412401,0.40111540979436777,0.0,0.0
1.1508804770576466,-0.6532024329246107,0.3990173961615868,0.0,0.0
1.1508804770576466,-0.5909926774079808,0.3971122023285203,0.0,0.0
1.1508804770576466,-0.5287829218913513,0.3953994318820366,0.0,0.0
1.1508804770576466,-0.4665731663747219,0.3938786243348724,0.0,0.0
1.1508804770576466,-0.40436341085809246,0.39254929021515295,0.0,0.0
1.1508804770576466,-0.3421536553414626,0.39141094095524864,0.0,0.0
1.1508804770576466,-0.27994389982483314,0.39046311404137296,0.0,0.0
1.1508804770576466,-0.2177341443082037,0.3897053938273742,0.0,0.0
1.1508804770576466,-0.15552438879157382,0.3891374283574371,0.0,0.0
1.1508804770576466,-0.09331463327494438,0.388758942483676,0.0,0.0
1.1508804770576466,-0.03110487775831494,0.388569747506293,0.0,0.0
1.1508804770576466,0.031104877758314498,0.388569747506293,0.0,0.0
1.1508804770576466,0.09331463327494438,0.388758942483676,0.0,0.0
1.1508804770576466,0.15552438879157382,0.3891374283574371,0.0,0.0
1.1508804770576466,0.21773414430820326,0.3897053938273741,0.0,0.0
1.1508804770576466,0.2799438998248327,0.39046311404137296,0.0,0.0
1.1508804770576466,0.3421536553414626,0.39141094095524864,0.0,0.0
1.1508804770576466,0.404363410858092,0.392549290215153,0.0,0.0
1.1508804770576466,0.46657316637472146,0.39387862433487236,0.0,0.0
1.1508804770576466,0.5287829218913513,0.3953994318820366,0.0,0.0
1.1508804770576466,0.5909926774079808,0.3971122023285203,0.0,0.0
1.1508804770576466,0.6532024329246102,0.39901739616158677,0.0,0.0
1.1508804770576466,0.7154121884412397,0.40111540979436777,0.0,0.0
1.1508804770576466,0.7776219439578695,0.4034065347583088,0.0,0.0
1.1508804770576466,0.839831699474499,0.4058909106079837,0.0,0.0
1.1508804770576466,0.9020414549911289,0.4085684709226357,0.0,0.0
1.1508804770576466,0.9642512105077579,0.41143888175220866,0.0,0.0
1.1508804770576466,1.0264609660243877,0.4145014718327846,0.0,0.0
1.1508804770576466,1.0886707215410176,0.41775515389273404,0.0,0.0
1.1508804770576466,1.1508804770576466,0.42119833639342164,0.0,0.0
1.1508804770576466,1.2130902325742765,0.4248288251054762,0.0,0.0
1.1508804770576466,1.2752999880909055,0.42864371402368784,0.0,0.0
1.1508804770576466,1.3375097436075354,0.4326392652826174,0.0,0.0
1.1508804770576466,1.3997194991241653,0.4368107779649009,0.0,0.0
1.1508804770576466,1.4619292546407943,0.4411524460105177,0.0,0.0
1.1508804770576466,1.5241390101574241,0.4456572058546067,0.0,0.0
1.1508804770576466,1.586348765674054,0.4503165749606746,0.0,0.0
1.1508804770576466,1.648558521190683,0.45512048309108366,0.0,0.0
1.1508804770576466,1.710768276707313,0.46005709898031166,0.0,0.0
1.1508804770576466,1.7729780322239428,0.46511265605562796,0.0,0.0
1.1508804770576466,1.8351877877405718,0.4702712819821527,0.0,0.0
1.1508804770576466,1.8973975432572017,0.47551483807861583,0.0,0.0
1.1508804770576466,1.9596072987738316,0.4808227760214792,0.0,0.0
1.1508804770576466,2.0218170542904605,0.48617202066903886,0.0,0.0
1.1508804770576466,2.0840268098070904,0.4915368892047531,0.0,0.0
1.1508804770576466,2.1462365653237194,0.4968890579978986,0.0,0.0
1.1508804770576466,2.2084463208403493,0.5021975894525381,0.0,0.0
1.1508804770576466,2.270656076356979,0.5074290314737657,0.0,0.0
1.1508804770576466,2.332865831873608,0.5125476018119963,0.0,0.0
1.1508804770576466,2.395075587390238,0.5175154682353048,0.0,0.0
1.1508804770576466,2.457285342906868,0.5222931330313976,0.0,0.0
1.1508804770576466,2.519495098423497,0.526839926615759,0.0,0.0
1.1508804770576466,2.581704853940127,0.5311146099792294,0.0,0.0
1.1508804770576466,2.6439146094567567,0.5350760794445096,0.0,0.0
1.1508804770576466,2.7061243649733857,0.5386841599891673,0.0,0.0
1.1508804770576466,2.7683341204900156,0.5419004656976254,0.0,0.0
1.1508804770576466,2.8305438760066455,0.544689298374685,0.0,0.0
1.1508804770576466,2.8927536315232745,0.5470185487752349,0.0,0.0
1.1508804770576466,2.9549633870399044,0.5488605601215052,0.0,0.0
1.1508804770576466,3.0171731425565333,0.5501929113740012,0.0,0.0
1.1508804770576466,3.0793828980731632,0.5509990786884246,0.0,0.0
1.2130902325742765,-3.141592653589793,0.5594844296780349,0.0,0.0
1.2130902325742765,-3.0793828980731637,0.559202330946189,0.0,0.0
1.2130902325742765,-3.017173142556534,0.5583596737951938,0.0,0.0
1.2130902325742765,-2.9549633870399044,0.5569672585856139,0.0,0.0
1.2130902325742765,-2.892753631523275,0.555042703953256,0.0,0.0
1.2130902325742765,-2.8305438760066455,0.552609898595997,0.0,0.0
1.2130902325742765,-2.7683341204900156,0.5496982806915898,0.0,0.0
1.2130902325742765,-2.706124364973386,0.5463419862894263,0.0,0.0
1.2130902325742765,-2.6439146094567567,0.5425789127768516,0.0,0.0
1.2130902325742765,-2.581704853940127,0.5384497443797688,0.0,0.0
1.2130902325742765,-2.5194950984234974,0.5339969839623969,0.0,0.0
1.2130902325742765,-2.457285342906868,0.5292640298412722,0.0,0.0
1.2130902325742765,-2.395075587390238,0.5242943288317689,0.0,0.0
1.2130902325742765,-2.3328658318736086,0.5191306282649855,0.0,0.0
1.2130902325742765,-2.270656076356979,0.5138143411364952,0.0,0.0
1.2130902325742765,-2.2084463208403498,0.5083850305954797,0.0,0.0
1.2130902325742765,-2.1462365653237203,0.5028800131568131,0.0,0.0
1.2130902325742765,-2.0840268098070904,0.4973340746014984,0.0,0.0
1.2130902325742765,-2.021817054290461,0.4917792886071793,0.0,0.0
1.2130902325742765,-1.9596072987738313,0.4862449256508984,0.0,0.0
1.2130902325742765,-1.897397543257202,0.4807574384772478,0.0,0.0
1.2130902325742765,-1.8351877877405722,0.47534051019581347,0.0,0.0
1.2130902325742765,-1.7729780322239428,0.4700151516137833,0.0,0.0
1.2130902325742765,-1.7107682767073131,0.46479983548495474,0.0,0.0
1.2130902325742765,-1.6485585211906835,0.45971065675635053,0.0,0.0
1.2130902325742765,-1.586348765674054,0.45476150944750493,0.0,0.0
1.2130902325742765,-1.5241390101574244,0.449964272374812,0.0,0.0
1.2130902325742765,-1.461929254640795,0.4453289974415813,0.0,0.0
1.2130902325742765,-1.3997194991241653,0.4408640955938068,0.0,0.0
1.2130902325742765,-1.3375097436075358,0.4365765167587645,0.0,0.0
1.2130902325742765,-1.2752999880909062,0.43247192112514227,0.0,0.0
1.2130902325742765,-1.2130902325742767,0.4285548399905518,0.0,0.0
1.2130902325742765,-1.150880477057647,0.4248288251054763,0.0,0.0
1.2130902325742765,-1.0886707215410176,0.42129658599806497,0.0,0.0
1.2130902325742765,-1.0264609660243877,0.4179601151904868,0.0,0.0
1.2130902325742765,-0.9642512105077583,0.41482080153419654,0.0,0.0
1.2130902325742765,-0.9020414549911289,0.4118795321171299,0.0,0.0
1.2130902325742765,-0.8398316994744994,0.409136783347659,0.0,0.0
1.2130902325742765,-0.7776219439578695,0.40659270191321806,0.0,0.0
1.2130902325742765,-0.7154121884412401,0.40424717635888385,0.0,0.0
1.2130902325742765,-0.6532024329246107,0.40209990004373014,0.0,0.0
1.2130902325742765,-0.5909926774079808,0.400150426219431,0.0,0.0
1.2130902325742765,-0.5287829218913513,0.39839821594354036,0.0,0.0
1.2130902325742765,-0.4665731663747219,0.3968426794947832,0.0,0.0
1.2130902325742765,-0.40436341085809246,0.3954832119039299,0.0,0.0
1.2130902325742765,-0.3421536553414626,0.3943192231546773,0.0,0.0
1.2130902325742765,-0.27994389982483314,0.3933501635468284,0.0,0.0
1.2130902325742765,-0.2177341443082037,0.39257554465066136,0.0,0.0
1.2130902325742765,-0.15552438879157382,0.3919949562178191,0.0,0.0
1.2130902325742765,-0.09331463327494438,0.3916080793510442,0.0,0.0
1.2130902325742765,-0.03110487775831494,0.39141469617295865,0.0,0.0
1.2130902325742765,0.031104877758314498,0.39141469617295865,0.0,0.0
1.2130902325742765,0.09331463327494438,0.3916080793510442,0.0,0.0
1.2130902325742765,0.15552438879157382,0.3919949562178191,0.0,0.0
1.2130902325742765,0.21773414430820326,0.3925755446506613,0.0,0.0
1.2130902325742765,0.2799438998248327,0.3933501635468284,0.0,0.0
1.2130902325742765,0.3421536553414626,0.3943192231546773,0.0,0.0
1.2130902325742765,0.404363410858092,0.3954832119039299,0.0,0.0
1.2130902325742765,0.46657316637472146,0.3968426794947832,0.0,0.0
1.2130902325742765,0.5287829218913513,0.39839821594354036,0.0,0.0
1.2130902325742765,0.5909926774079808,0.400150426219431,0.0,0.0
1.2130902325742765,0.6532024329246102,0.4020999000437301,0.0,0.0
1.2130902325742765,0.7154121884412397,0.40424717635888385,0.0,0.0
1.2130902325742765,0.7776219439578695,0.40659270191321806,0.0,0.0
1.2130902325742765,0.839831699474499,0.409136783347659,0.0,0.0
1.2130902325742765,0.9020414549911289,0.4118795321171299,0.0,0.0
1.2130902325742765,0.9642512105077579,0.4148208015341965,0.0,0.0
1.2130902325742765,1.0264609660243877,0.4179601151904868,0.0,0.0
1.2130902325742765,1.0886707215410176,0.42129658599806497,0.0,0.0
1.2130902325742765,1.1508804770576466,0.4248288251054762,0.0,0.0
1.2130902325742765,1.2130902325742765,0.4285548399905518,0.0,0.0
1.2130902325742765,1.2752999880909055,0.4324719211251422,0.0,0.0
1.2130902325742765,1.3375097436075354,0.4365765167587645,0.0,0.0
1.2130902325742765,1.3997194991241653,0.4408640955938068,0.0,0.0
1.2130902325742765,1.4619292546407943,0.4453289974415812,0.0,0.0
1.2130902325742765,1.5241390101574241,0.449964272374812,0.0,0.0
1.2130902325742765,1.586348765674054,0.45476150944750493,0.0,0.0
1.2130902325742765,1.648558521190683,0.45971065675635053,0.0,0.0
1.2130902325742765,1.710768276707313,0.46479983548495474,0.0,0.0
1.2130902325742765,1.7729780322239428,0.4700151516137833,0.0,0.0
1.2130902325742765,1.8351877877405718,0.47534051019581347,0.0,0.0
1.2130902325742765,1.8973975432572017,0.4807574384772478,0.0,0.0
1.2130902325742765,1.9596072987738316,0.4862449256508985,0.0,0.0
1.2130902325742765,2.0218170542904605,0.4917792886071793,0.0,0.0
1.2130902325742765,2.0840268098070904,0.4973340746014984,0.0,0.0
1.2130902325742765,2.1462365653237194,0.502880013156813,0.0,0.0
1.2130902325742765,2.2084463208403493,0.5083850305954797,0.0,0.0
1.2130902325742765,2.270656076356979,0.5138143411364952,0.0,0.0
1.2130902325742765,2.332865831873608,0.5191306282649855,0.0,0.0
1.2130902325742765,2.395075587390238,0.5242943288317689,0.0,0.0
1.2130902325742765,2.457285342906868,0.5292640298412722,0.0,0.0
1.2130902325742765,2.519495098423497,0.5339969839623969,0.0,0.0
1.2130902325742765,2.581704853940127,0.5384497443797688,0.0,0.0
1.2130902325742765,2.6439146094567567,0.5425789127768516,0.0,0.0
1.2130902325742765,2.7061243649733857,0.5463419862894263,0.0,0.0
1.2130902325742765,2.7683341204900156,0.5496982806915898,0.0,0.0
1.2130902325742765,2.8305438760066455,0.552609898595997,0.0,0.0
1.2130902325742765,2.8927536315232745,0.555042703953256,0.0,0.0
1.2130902325742765,2.9549633870399044,0.5569672585856139,0.0,0.0
1.2130902325742765,3.0171731425565333,0.5583596737951937,0.0,0.0
1.2130902325742765,3.0793828980731632,0.559202330946189,0.0,0.0
1.2752999880909055,-3.141592653589793,0.568285577489295,0.0,0.0
1.2752999880909055,-3.0793828980731637,0.5679899623927498,0.0,0.0
1.2752999880909055,-3.017173142556534,0.5671070148622704,0.0,0.0
1.2752999880909055,-2.9549633870399044,0.5656482999286169,0.0,0.0
1.2752999880909055,-2.892753631523275,0.5636326733471789,0.0,0.0
1.2752999880909055,-2.8305438760066455,0.5610856804767083,0.0,0.0
1.2752999880909055,-2.7683341204900156,0.5580387674129806,0.0,0.0
1.2752999880909055,-2.706124364973386,0.5545283506692804,0.0,0.0
1.2752999880909055,-2.6439146094567567,0.5505947968307745,0.0,0.0
1.2752999880909055,-2.581704853940127,0.5462813643112789,0.0,0.0
1.2752999880909055,-2.5194950984234974,0.5416331560355101,0.0,0.0
1.2752999880909055,-2.457285342906868,0.5366961253882249,0.0,0.0
1.2752999880909055,-2.395075587390238,0.5315161691733717,0.0,0.0
1.2752999880909055,-2.3328658318736086,0.526138331720486,0.0,0.0
1.2752999880909055,-2.270656076356979,0.520606134668831,0.0,0.0
1.2752999880909055,-2.2084463208403498,0.5149610381531121,0.0,0.0
1.2752999880909055,-2.1462365653237203,0.5092420316535842,0.0,0.0
1.2752999880909055,-2.0840268098070904,0.5034853469467594,0.0,0.0
1.2752999880909055,-2.021817054290461,0.4977242814659601,0.0,0.0
1.2752999880909055,-1.9596072987738313,0.4919891178485733,0.0,0.0
1.2752999880909055,-1.897397543257202,0.4863071242924806,0.0,0.0
1.2752999880909055,-1.8351877877405722,0.48070262029418453,0.0,0.0
1.2752999880909055,-1.7729780322239428,0.47519709310908176,0.0,0.0
1.2752999880909055,-1.7107682767073131,0.46980935159180504,0.0,0.0
1.2752999880909055,-1.6485585211906835,0.46455570571042476,0.0,0.0
1.2752999880909055,-1.586348765674054,0.4594501617971594,0.0,0.0
1.2752999880909055,-1.5241390101574244,0.45450462536148234,0.0,0.0
1.2752999880909055,-1.461929254640795,0.44972910495336915,0.0,0.0
1.2752999880909055,-1.3997194991241653,0.44513191206539987,0.0,0.0
1.2752999880909055,-1.3375097436075358,0.440719853371724,0.0,0.0
1.2752999880909055,-1.2752999880909062,0.4364984127100471,0.0,0.0
1.2752999880909055,-1.2130902325742767,0.43247192112514227,0.0,0.0
1.2752999880909055,-1.150880477057647,0.42864371402368784,0.0,0.0
1.2752999880909055,-1.0886707215410176,0.4250162750604688,0.0,0.0
1.2752999880909055,-1.0264609660243877,0.42159136680734044,0.0,0.0
1.2752999880909055,-0.9642512105077583,0.4183701485710711,0.0,0.0
1.2752999880909055,-0.9020414549911289,0.4153532819452054,0.0,0.0
1.2752999880909055,-0.8398316994744994,0.412541024823326,0.0,0.0
1.2752999880909055,-0.7776219439578695,0.40993331468299204,0.0,0.0
1.2752999880909055,-0.7154121884412401,0.40752984198518005,0.0,0.0
1.2752999880909055,-0.6532024329246107,0.4053301145348078,0.0,0.0
1.2752999880909055,-0.5909926774079808,0.4033335136232851,0.0,0.0
1.2752999880909055,-0.5287829218913513,0.4015393427314565,0.0,0.0
1.2752999880909055,-0.4665731663747219,0.3999468695165848,0.0,0.0
1.2752999880909055,-0.40436341085809246,0.3985553617446154,0.0,0.0
1.2752999880909055,-0.3421536553414626,0.3973641177621025,0.0,0.0
1.2752999880909055,-0.27994389982483314,0.39637249203326447,0.0,0.0
1.2752999880909055,-0.2177341443082037,0.3955799161982599,0.0,0.0
1.2752999880909055,-0.15552438879157382,0.39498591603997896,0.0,0.0
1.2752999880909055,-0.09331463327494438,0.3945901246790316,0.0,0.0
1.2752999880909055,-0.03110487775831494,0.3943922922503974,0.0,0.0
1.2752999880909055,0.031104877758314498,0.3943922922503974,0.0,0.0
1.2752999880909055,0.09331463327494438,0.3945901246790316,0.0,0.0
1.2752999880909055,0.15552438879157382,0.39498591603997896,0.0,0.0
1.2752999880909055,0.21773414430820326,0.3955799161982599,0.0,0.0
1.2752999880909055,0.2799438998248327,0.39637249203326447,0.0,0.0
1.2752999880909055,0.3421536553414626,0.3973641177621025,0.0,0.0
1.2752999880909055,0.404363410858092,0.3985553617446154,0.0,0.0
1.2752999880909055,0.46657316637472146,0.3999468695165848,0.0,0.0
1.2752999880909055,0.5287829218913513,0.4015393427314565,0.0,0.0
1.2752999880909055,0.5909926774079808,0.4033335136232851,0.0,0.0
1.2752999880909055,0.6532024329246102,0.40533011453480766,0.0,0.0
1.2752999880909055,0.7154121884412397,0.40752984198518005,0.0,0.0
1.2752999880909055,0.7776219439578695,0.40993331468299204,0.0,0.0
1.2752999880909055,0.839831699474499,0.41254102482332594,0.0,0.0
1.2752999880909055,0.9020414549911289,0.4153532819452054,0.0,0.0
1.2752999880909055,0.9642512105077579,0.418370148571071,0.0,0.0
1.2752999880909055,1.0264609660243877,0.42159136680734044,0.0,0.0
1.2752999880909055,1.0886707215410176,0.4250162750604688,0.0,0.0
1.2752999880909055,1.1508804770576466,0.42864371402368784,0.0,0.0
1.2752999880909055,1.2130902325742765,0.4324719211251422,0.0,0.0
1.2752999880909055,1.2752999880909055,0.43649841271004697,0.0,0.0
1.2752999880909055,1.3375097436075354,0.440719853371724,0.0,0.0
1.2752999880909055,1.3997194991241653,0.44513191206539987,0.0,0.0
1.2752999880909055,1.4619292546407943,0.4497291049533691,0.0,0.0
1.2752999880909055,1.5241390101574241,0.4545046253614823,0.0,0.0
1.2752999880909055,1.586348765674054,0.4594501617971594,0.0,0.0
1.2752999880909055,1.648558521190683,0.46455570571042476,0.0,0.0
1.2752999880909055,1.710768276707313,0.46980935159180504,0.0,0.0
1.2752999880909055,1.7729780322239428,0.47519709310908176,0.0,0.0
1.2752999880909055,1.8351877877405718,0.4807026202941844,0.0,0.0
1.2752999880909055,1.8973975432572017,0.48630712429248046,0.0,0.0
1.2752999880909055,1.9596072987738316,0.4919891178485733,0.0,0.0
1.2752999880909055,2.0218170542904605,0.49772428146596004,0.0,0.0
1.2752999880909055,2.0840268098070904,0.5034853469467594,0.0,0.0
1.2752999880909055,2.1462365653237194,0.5092420316535842,0.0,0.0
1.2752999880909055,2.2084463208403493,0.514961038153112,0.0,0.0
1.2752999880909055,2.270656076356979,0.520606134668831,0.0,0.0
1.2752999880909055,2.332865831873608,0.526138331720486,0.0,0.0
1.2752999880909055,2.395075587390238,0.5315161691733717,0.0,0.0
1.2752999880909055,2.457285342906868,0.5366961253882249,0.0,0.0
1.2752999880909055,2.519495098423497,0.5416331560355101,0.0,0.0
1.2752999880909055,2.581704853940127,0.5462813643112789,0.0,0.0
1.2752999880909055,2.6439146094567567,0.5505947968307745,0.0,0.0
1.2752999880909055,2.7061243649733857,0.5545283506692803,0.0,0.0
1.2752999880909055,2.7683341204900156,0.5580387674129806,0.0,0.0
1.2752999880909055,2.8305438760066455,0.5610856804767083,0.0,0.0
1.2752999880909055,2.8927536315232745,0.5636326733471789,0.0,0.0
1.2752999880909055,2.9549633870399044,0.5656482999286169,0.0,0.0
1.2752999880909055,3.0171731425565333,0.5671070148622704,0.0,0.0
1.2752999880909055,3.0793828980731632,0.5679899623927498,0.0,0.0
1.3375097436075354,-3.141592653589793,0.5776965112428191,0.0,0.0
1.3375097436075354,-3.0793828980731637,0.577385973332434,0.0,0.0
1.3375097436075354,-3.017173142556534,0.5764585503824948,0.0,0.0
1.3375097436075354,-2.9549633870399044,0.5749266731514694,0.0,0.0
1.3375097436075354,-2.892753631523275,0.5728105969036962,0.0,0.0
1.3375097436075354,-2.8305438760066455,0.5701377389118144,0.0,0.0
1.3375097436075354,-2.7683341204900156,0.5669418105476973,0.0,0.0
1.3375097436075354,-2.706124364973386,0.5632617961159209,0.0,0.0
1.3375097436075354,-2.6439146094567567,0.5591408361351684,0.0,0.0
1.3375097436075354,-2.581704853940127,0.5546250732476086,0.0,0.0
1.3375097436075354,-2.5194950984234974,0.5497625148667636,0.0,0.0
1.3375097436075354,-2.457285342906868,0.5446019590552399,0.0,0.0
1.3375097436075354,-2.395075587390238,0.5391920202008965,0.0,0.0
1.3375097436075354,-2.3328658318736086,0.533580280118315,0.0,0.0
1.3375097436075354,-2.270656076356979,0.5278125793893687,0.0,0.0
1.3375097436075354,-2.2084463208403498,0.5219324539667971,0.0,0.0
1.3375097436075354,-2.1462365653237203,0.5159807138883393,0.0,0.0
1.3375097436075354,-2.0840268098070904,0.5099951546776507,0.0,0.0
1.3375097436075354,-2.021817054290461,0.5040103876792688,0.0,0.0
1.3375097436075354,-1.9596072987738313,0.4980577730370649,0.0,0.0
1.3375097436075354,-1.897397543257202,0.49216543800925905,0.0,0.0
1.3375097436075354,-1.8351877877405722,0.48635836349299555,0.0,0.0
1.3375097436075354,-1.7729780322239428,0.48065852267646814,0.0,0.0
1.3375097436075354,-1.7107682767073131,0.47508505734325457,0.0,0.0
1.3375097436075354,-1.6485585211906835,0.4696544792657664,0.0,0.0
1.3375097436075354,-1.586348765674054,0.4643808861413601,0.0,0.0
1.3375097436075354,-1.5241390101574244,0.45927618349890065,0.0,0.0
1.3375097436075354,-1.461929254640795,0.45435030583710606,0.0,0.0
1.3375097436075354,-1.3997194991241653,0.4496114318907067,0.0,0.0
1.3375097436075354,-1.3375097436075358,0.4450661903292476,0.0,0.0
1.3375097436075354,-1.2752999880909062,0.44071985337172404,0.0,0.0
1.3375097436075354,-1.2130902325742767,0.4365765167587645,0.0,0.0
1.3375097436075354,-1.150880477057647,0.4326392652826175,0.0,0.0
1.3375097436075354,-1.0886707215410176,0.42891032365830356,0.0,0.0
1.3375097436075354,-1.0264609660243877,0.42539119295305694,0.0,0.0
1.3375097436075354,-0.9642512105077583,0.422082773101015,0.0,0.0
1.3375097436075354,-0.9020414549911289,0.41898547223952853,0.0,0.0
1.3375097436075354,-0.8398316994744994,0.416099303733266,0.0,0.0
1.3375097436075354,-0.7776219439578695,0.41342397182038576,0.0,0.0
1.3375097436075354,-0.7154121884412401,0.41095894683643,0.0,0.0
1.3375097436075354,-0.6532024329246107,0.4087035309585264,0.0,0.0
1.3375097436075354,-0.5909926774079808,0.40665691537479853,0.0,0.0
1.3375097436075354,-0.5287829218913513,0.404818229729292,0.0,0.0
1.3375097436075354,-0.4665731663747219,0.40318658462716267,0.0,0.0
1.3375097436075354,-0.40436341085809246,0.4017611079127815,0.0,0.0
1.3375097436075354,-0.3421536553414626,0.4005409753580361,0.0,0.0
1.3375097436075354,-0.27994389982483314,0.399525436321726,0.0,0.0
1.3375097436075354,-0.2177341443082037,0.39871383486506873,0.0,0.0
1.3375097436075354,-0.15552438879157382,0.39810562673387895,0.0,0.0
1.3375097436075354,-0.09331463327494438,0.3977003925454132,0.0,0.0
1.3375097436075354,-0.03110487775831494,0.3974978474473032,0.0,0.0
1.3375097436075354,0.031104877758314498,0.3974978474473032,0.0,0.0
1.3375097436075354,0.09331463327494438,0.3977003925454132,0.0,0.0
1.3375097436075354,0.15552438879157382,0.39810562673387895,0.0,0.0
1.3375097436075354,0.21773414430820326,0.39871383486506873,0.0,0.0
1.3375097436075354,0.2799438998248327,0.399525436321726,0.0,0.0
1.3375097436075354,0.3421536553414626,0.4005409753580361,0.0,0.0
1.3375097436075354,0.404363410858092,0.4017611079127815,0.0,0.0
1.3375097436075354,0.46657316637472146,0.40318658462716267,0.0,0.0
1.3375097436075354,0.5287829218913513,0.404818229729292,0.0,0.0
1.3375097436075354,0.5909926774079808,0.40665691537479853,0.0,0.0
1.3375097436075354,0.6532024329246102,0.4087035309585264,0.0,0.0
1.3375097436075354,0.7154121884412397,0.4109589468364299,0.0,0.0
1.3375097436075354,0.7776219439578695,0.41342397182038576,0.0,0.0
1.3375097436075354,0.839831699474499,0.4160993037332659,0.0,0.0
1.3375097436075354,0.9020414549911289,0.41898547223952853,0.0,0.0
1.3375097436075354,0.9642512105077579,0.422082773101015,0.0,0.0
1.3375097436075354,1.0264609660243877,0.42539119295305694,0.0,0.0
1.3375097436075354,1.0886707215410176,0.42891032365830356,0.0,0.0
1.3375097436075354,1.1508804770576466,0.4326392652826174,0.0,0.0
1.3375097436075354,1.2130902325742765,0.4365765167587645,0.0,0.0
1.3375097436075354,1.2752999880909055,0.440719853371724,0.0,0.0
1.3375097436075354,1.3375097436075354,0.4450661903292476,0.0,0.0
1.3375097436075354,1.3997194991241653,0.4496114318907067,0.0,0.0
1.3375097436075354,1.4619292546407943,0.45435030583710606,0.0,0.0
1.3375097436075354,1.5241390101574241,0.45927618349890054,0.0,0.0
1.3375097436075354,1.586348765674054,0.4643808861413601,0.0,0.0
1.3375097436075354,1.648558521190683,0.46965447926576637,0.0,0.0
1.3375097436075354,1.710768276707313,0.47508505734325457,0.0,0.0
1.3375097436075354,1.7729780322239428,0.48065852267646814,0.0,0.0
1.3375097436075354,1.8351877877405718,0.48635836349299555,0.0,0.0
1.3375097436075354,1.8973975432572017,0.49216543800925905,0.0,0.0
1.3375097436075354,1.9596072987738316,0.4980577730370649,0.0,0.0
1.3375097436075354,2.0218170542904605,0.5040103876792688,0.0,0.0
1.3375097436075354,2.0840268098070904,0.5099951546776507,0.0,0.0
1.3375097436075354,2.1462365653237194,0.5159807138883392,0.0,0.0
1.3375097436075354,2.2084463208403493,0.5219324539667971,0.0,0.0
1.3375097436075354,2.270656076356979,0.5278125793893687,0.0,0.0
1.3375097436075354,2.332865831873608,0.5335802801183149,0.0,0.0
1.3375097436075354,2.395075587390238,0.5391920202008965,0.0,0.0
1.3375097436075354,2.457285342906868,0.5446019590552399,0.0,0.0
1.3375097436075354,2.519495098423497,0.5497625148667635,0.0,0.0
1.3375097436075354,2.581704853940127,0.5546250732476086,0.0,0.0
1.3375097436075354,2.6439146094567567,0.5591408361351684,0.0,0.0
1.3375097436075354,2.7061243649733857,0.5632617961159209,0.0,0.0
1.3375097436075354,2.7683341204900156,0.5669418105476973,0.0,0.0
1.3375097436075354,2.8305438760066455,0.5701377389118144,0.0,0.0
1.3375097436075354,2.8927536315232745,0.5728105969036962,0.0,0.0
1.3375097436075354,2.9549633870399044,0.5749266731514694,0.0,0.0
1.3375097436075354,3.0171731425565333,0.5764585503824948,0.0,0.0
1.3375097436075354,3.0793828980731632,0.577385973332434,0.0,0.0
1.3997194991241653,-3.141592653589793,0.5877422884401714,0.0,0.0
1.3997194991241653,-3.0793828980731637,0.5874152762604715,0.0,0.0
1.3997194991241653,-3.017173142556534,0.586438762842502,0.0,0.0
1.3997194991241653,-2.9549633870399044,0.5848261604142208,0.0,0.0
1.3997194991241653,-2.892753631523275,0.5825993094950065,0.0,0.0
1.3997194991241653,-2.8305438760066455,0.5797877450095983,0.0,0.0
1.3997194991241653,-2.7683341204900156,0.5764277366570127,0.0,0.0
1.3997194991241653,-2.706124364973386,0.5725611626578117,0.0,0.0
1.3997194991241653,-2.6439146094567567,0.5682342820092928,0.0,0.0
1.3997194991241653,-2.581704853940127,0.5634964705321875,0.0,0.0
1.3997194991241653,-2.5194950984234974,0.5583989809629755,0.0,0.0
1.3997194991241653,-2.457285342906868,0.5529937783330824,0.0,0.0
1.3997194991241653,-2.395075587390238,0.5473324903556325,0.0,0.0
1.3997194991241653,-2.3328658318736086,0.5414655000094722,0.0,0.0
1.3997194991241653,-2.270656076356979,0.5354411952832446,0.0,0.0
1.3997194991241653,-2.2084463208403498,0.5293053801206861,0.0,0.0
1.3997194991241653,-2.1462365653237203,0.5231008416291332,0.0,0.0
1.3997194991241653,-2.0840268098070904,0.516867061864131,0.0,0.0
1.3997194991241653,-2.021817054290461,0.510640057981941,0.0,0.0
1.3997194991241653,-1.9596072987738313,0.5044523320480497,0.0,0.0
1.3997194991241653,-1.897397543257202,0.49833291096806087,0.0,0.0
1.3997194991241653,-1.8351877877405722,0.4923074574803505,0.0,0.0
1.3997194991241653,-1.7729780322239428,0.48639843453393217,0.0,0.0
1.3997194991241653,-1.7107682767073131,0.4806253073266573,0.0,0.0
1.3997194991241653,-1.6485585211906835,0.4750047695143968,0.0,0.0
1.3997194991241653,-1.586348765674054,0.4695509824034233,0.0,0.0
1.3997194991241653,-1.5241390101574244,0.4642758181511575,0.0,0.0
1.3997194991241653,-1.461929254640795,0.4591891000250229,0.0,0.0
1.3997194991241653,-1.3997194991241653,0.4542988345499959,0.0,0.0
1.3997194991241653,-1.3375097436075358,0.4496114318907068,0.0,0.0
1.3997194991241653,-1.2752999880909062,0.44513191206539987,0.0,0.0
1.3997194991241653,-1.2130902325742767,0.4408640955938068,0.0,0.0
1.3997194991241653,-1.150880477057647,0.4368107779649009,0.0,0.0
1.3997194991241653,-1.0886707215410176,0.43297388790349534,0.0,0.0
1.3997194991241653,-1.0264609660243877,0.429354629847231,0.0,0.0
1.3997194991241653,-0.9642512105077583,0.4259536113467298,0.0,0.0
1.3997194991241653,-0.9020414549911289,0.4227709562978163,0.0,0.0
1.3997194991241653,-0.8398316994744994,0.4198064050286835,0.0,0.0
1.3997194991241653,-0.7776219439578695,0.41705940231609817,0.0,0.0
1.3997194991241653,-0.7154121884412401,0.4145291744092623,0.0,0.0
1.3997194991241653,-0.6532024329246107,0.4122147961107334,0.0,0.0
1.3997194991241653,-0.5909926774079808,0.4101152489111085,0.0,0.0
1.3997194991241653,-0.5287829218913513,0.4082294711059406,0.0,0.0
1.3997194991241653,-0.4665731663747219,0.40655640074559196,0.0,0.0
1.3997194991241653,-0.40436341085809246,0.40509501218587723,0.0,0.0
1.3997194991241653,-0.3421536553414626,0.40384434692256427,0.0,0.0
1.3997194991241653,-0.27994389982483314,0.40280353930825863,0.0,0.0
1.3997194991241653,-0.2177341443082037,0.4019718376672608,0.0,0.0
1.3997194991241653,-0.15552438879157382,0.4013486212434367,0.0,0.0
1.3997194991241653,-0.09331463327494438,0.4009334133382869,0.0,0.0
1.3997194991241653,-0.03110487775831494,0.4007258909212173,0.0,0.0
1.3997194991241653,0.031104877758314498,0.4007258909212173,0.0,0.0
1.3997194991241653,0.09331463327494438,0.4009334133382869,0.0,0.0
1.3997194991241653,0.15552438879157382,0.4013486212434367,0.0,0.0
1.3997194991241653,0.21773414430820326,0.4019718376672608,0.0,0.0
1.3997194991241653,0.2799438998248327,0.40280353930825863,0.0,0.0
1.3997194991241653,0.3421536553414626,0.40384434692256427,0.0,0.0
1.3997194991241653,0.404363410858092,0.40509501218587723,0.0,0.0
1.3997194991241653,0.46657316637472146,0.4065564007455919,0.0,0.0
1.3997194991241653,0.5287829218913513,0.4082294711059406,0.0,0.0
1.3997194991241653,0.5909926774079808,0.4101152489111085,0.0,0.0
1.3997194991241653,0.6532024329246102,0.4122147961107334,0.0,0.0
1.3997194991241653,0.7154121884412397,0.4145291744092623,0.0,0.0
1.3997194991241653,0.7776219439578695,0.41705940231609817,0.0,0.0
1.3997194991241653,0.839831699474499,0.4198064050286835,0.0,0.0
1.3997194991241653,0.9020414549911289,0.4227709562978163,0.0,0.0
1.3997194991241653,0.9642512105077579,0.4259536113467298,0.0,0.0
1.3997194991241653,1.0264609660243877,0.429354629847231,0.0,0.0
1.3997194991241653,1.0886707215410176,0.43297388790349534,0.0,0.0
1.3997194991241653,1.1508804770576466,0.43681077796490086,0.0,0.0
1.3997194991241653,1.2130902325742765,0.4408640955938068,0.0,0.0
1.3997194991241653,1.2752999880909055,0.44513191206539987,0.0,0.0
1.3997194991241653,1.3375097436075354,0.4496114318907067,0.0,0.0
1.3997194991241653,1.3997194991241653,0.4542988345499959,0.0,0.0
1.3997194991241653,1.4619292546407943,0.45918910002502283,0.0,0.0
1.3997194991241653,1.5241390101574241,0.4642758181511575,0.0,0.0
1.3997194991241653,1.586348765674054,0.4695509824034233,0.0,0.0
1.3997194991241653,1.648558521190683,0.4750047695143968,0.0,0.0
1.3997194991241653,1.710768276707313,0.48062530732665726,0.0,0.0
1.3997194991241653,1.7729780322239428,0.48639843453393217,0.0,0.0
1.3997194991241653,1.8351877877405718,0.49230745748035043,0.0,0.0
1.3997194991241653,1.8973975432572017,0.49833291096806087,0.0,0.0
1.3997194991241653,1.9596072987738316,0.5044523320480497,0.0,0.0
1.3997194991241653,2.0218170542904605,0.510640057981941,0.0,0.0
1.3997194991241653,2.0840268098070904,0.516867061864131,0.0,0.0
1.3997194991241653,2.1462365653237194,0.5231008416291332,0.0,0.0
1.3997194991241653,2.2084463208403493,0.529305380120686,0.0,0.0
1.3997194991241653,2.270656076356979,0.5354411952832446,0.0,0.0
1.3997194991241653,2.332865831873608,0.5414655000094721,0.0,0.0
1.3997194991241653,2.395075587390238,0.5473324903556325,0.0,0.0
1.3997194991241653,2.457285342906868,0.5529937783330824,0.0,0.0
1.3997194991241653,2.519495098423497,0.5583989809629754,0.0,0.0
1.3997194991241653,2.581704853940127,0.5634964705321875,0.0,0.0
1.3997194991241653,2.6439146094567567,0.5682342820092928,0.0,0.0
1.3997194991241653,2.7061243649733857,0.5725611626578117,0.0,0.0
1.3997194991241653,2.7683341204900156,0.5764277366570127,0.0,0.0
1.3997194991241653,2.8305438760066455,0.5797877450095983,0.0,0.0
1.3997194991241653,2.8927536315232745,0.5825993094950065,0.0,0.0
1.3997194991241653,2.9549633870399044,0.5848261604142208,0.0,0.0
1.3997194991241653,3.0171731425565333,0.586438762842502,0.0,0.0
1.3997194991241653,3.0793828980731632,0.5874152762604715,0.0,0.0
1.4619292546407943,-3.141592653589793,0.5984486505072607,0.0,0.0
1.4619292546407943,-3.0793828980731637,0.5981034507647885,0.0,0.0
1.4619292546407943,-3.017173142556534,0.5970727521642326,0.0,0.0
1.4619292546407943,-2.9549633870399044,0.5953710812680989,0.0,0.0
1.4619292546407943,-2.892753631523275,0.5930220767832423,0.0,0.0
1.4619292546407943,-2.8305438760066455,0.5900576724102907,0.0,0.0
1.4619292546407943,-2.7683341204900156,0.5865170305027496,0.0,0.0
1.4619292546407943,-2.706124364973386,0.5824452939760565,0.0,0.0
1.4619292546407943,-2.6439146094567567,0.5778922304042918,0.0,0.0
1.4619292546407943,-2.581704853940127,0.5729108419484465,0.0,0.0
1.4619292546407943,-2.5194950984234974,0.5675560085201616,0.0,0.0
1.4619292546407943,-2.457285342906868,0.5618832208579049,0.0,0.0
1.4619292546407943,-2.395075587390238,0.5559474467384343,0.0,0.0
1.4619292546407943,-2.3328658318736086,0.5498021591206786,0.0,0.0
1.4619292546407943,-2.270656076356979,0.5434985411336654,0.0,0.0
1.4619292546407943,-2.2084463208403498,0.5370848705974571,0.0,0.0
1.4619292546407943,-2.1462365653237203,0.5306060768902136,0.0,0.0
1.4619292546407943,-2.0840268098070904,0.5241034557195149,0.0,0.0
1.4619292546407943,-2.021817054290461,0.5176145226650434,0.0,0.0
1.4619292546407943,-1.9596072987738313,0.5111729839456765,0.0,0.0
1.4619292546407943,-1.897397543257202,0.5048088023103378,0.0,0.0
1.4619292546407943,-1.8351877877405722,0.49854833679664134,0.0,0.0
1.4619292546407943,-1.7729780322239428,0.4924145368995014,0.0,0.0
1.4619292546407943,-1.7107682767073131,0.48642717405439745,0.0,0.0
1.4619292546407943,-1.6485585211906835,0.4806030959528651,0.0,0.0
1.4619292546407943,-1.586348765674054,0.4749564918360354,0.0,0.0
1.4619292546407943,-1.5241390101574244,0.4694991593939739,0.0,0.0
1.4619292546407943,-1.461929254640795,0.46424076613456366,0.0,0.0
1.4619292546407943,-1.3997194991241653,0.45918910002502283,0.0,0.0
1.4619292546407943,-1.3375097436075358,0.45435030583710606,0.0,0.0
1.4619292546407943,-1.2752999880909062,0.44972910495336915,0.0,0.0
1.4619292546407943,-1.2130902325742767,0.4453289974415812,0.0,0.0
1.4619292546407943,-1.150880477057647,0.4411524460105177,0.0,0.0
1.4619292546407943,-1.0886707215410176,0.4372010420590324,0.0,0.0
1.4619292546407943,-1.0264609660243877,0.4334756544570857,0.0,0.0
1.4619292546407943,-0.9642512105077583,0.42997656198534695,0.0,0.0
1.4619292546407943,-0.9020414549911289,0.42670357053841673,0.0,0.0
1.4619292546407943,-0.8398316994744994,0.42365611629081706,0.0,0.0
1.4619292546407943,-0.7776219439578695,0.42083335605567257,0.0,0.0
1.4619292546407943,-0.7154121884412401,0.41823424605058546,0.0,0.0
1.4619292546407943,-0.6532024329246107,0.4158576102372336,0.0,0.0
1.4619292546407943,-0.5909926774079808,0.4137021993313339,0.0,0.0
1.4619292546407943,-0.5287829218913513,0.41176674149593817,0.0,0.0
1.4619292546407943,-0.4665731663747219,0.41004998563961587,0.0,0.0
1.4619292546407943,-0.40436341085809246,0.40855073814628884,0.0,0.0
1.4619292546407943,-0.3421536553414626,0.40726789376837863,0.0,0.0
1.4619292546407943,-0.27994389982483314,0.4062004613214923,0.0,0.0
1.4619292546407943,-0.2177341443082037,0.4053475847283259,0.0,0.0
1.4619292546407943,-0.15552438879157382,0.40470855987239235,0.0,0.0
1.4619292546407943,-0.09331463327494438,0.40428284763872147,0.0,0.0
1.4619292546407943,-0.03110487775831494,0.40407008343863543,0.0,0.0
1.4619292546407943,0.031104877758314498,0.40407008343863543,0.0,0.0
1.4619292546407943,0.09331463327494438,0.40428284763872147,0.0,0.0
1.4619292546407943,0.15552438879157382,0.40470855987239235,0.0,0.0
1.4619292546407943,0.21773414430820326,0.4053475847283259,0.0,0.0
1.4619292546407943,0.2799438998248327,0.4062004613214923,0.0,0.0
1.4619292546407943,0.3421536553414626,0.40726789376837863,0.0,0.0
1.4619292546407943,0.404363410858092,0.40855073814628884,0.0,0.0
1.4619292546407943,0.46657316637472146,0.41004998563961587,0.0,0.0
1.4619292546407943,0.5287829218913513,0.41176674149593817,0.0,0.0
1.4619292546407943,0.5909926774079808,0.4137021993313339,0.0,0.0
1.4619292546407943,0.6532024329246102,0.41585761023723367,0.0,0.0
1.4619292546407943,0.7154121884412397,0.4182342460505854,0.0,0.0
1.4619292546407943,0.7776219439578695,0.42083335605567257,0.0,0.0
1.4619292546407943,0.839831699474499,0.42365611629081706,0.0,0.0
1.4619292546407943,0.9020414549911289,0.42670357053841673,0.0,0.0
1.4619292546407943,0.9642512105077579,0.42997656198534695,0.0,0.0
1.4619292546407943,1.0264609660243877,0.4334756544570857,0.0,0.0
1.4619292546407943,1.0886707215410176,0.4372010420590324,0.0,0.0
1.4619292546407943,1.1508804770576466,0.4411524460105177,0.0,0.0
1.4619292546407943,1.2130902325742765,0.4453289974415812,0.0,0.0
1.4619292546407943,1.2752999880909055,0.4497291049533691,0.0,0.0
1.4619292546407943,1.3375097436075354,0.45435030583710606,0.0,0.0
1.4619292546407943,1.3997194991241653,0.45918910002502283,0.0,0.0
1.4619292546407943,1.4619292546407943,0.4642407661345636,0.0,0.0
1.4619292546407943,1.5241390101574241,0.4694991593939739,0.0,0.0
1.4619292546407943,1.586348765674054,0.4749564918360354,0.0,0.0
1.4619292546407943,1.648558521190683,0.48060309595286504,0.0,0.0
1.4619292546407943,1.710768276707313,0.48642717405439734,0.0,0.0
1.4619292546407943,1.7729780322239428,0.4924145368995014,0.0,0.0
1.4619292546407943,1.8351877877405718,0.49854833679664123,0.0,0.0
1.4619292546407943,1.8973975432572017,0.5048088023103378,0.0,0.0
1.4619292546407943,1.9596072987738316,0.5111729839456765,0.0,0.0
1.4619292546407943,2.0218170542904605,0.5176145226650433,0.0,0.0
1.4619292546407943,2.0840268098070904,0.5241034557195149,0.0,0.0
1.4619292546407943,2.1462365653237194,0.5306060768902136,0.0,0.0
1.4619292546407943,2.2084463208403493,0.537084870597457,0.0,0.0
1.4619292546407943,2.270656076356979,0.5434985411336654,0.0,0.0
1.4619292546407943,2.332865831873608,0.5498021591206786,0.0,0.0
1.4619292546407943,2.395075587390238,0.5559474467384343,0.0,0.0
1.4619292546407943,2.457285342906868,0.5618832208579049,0.0,0.0
1.4619292546407943,2.519495098423497,0.5675560085201616,0.0,0.0
1.4619292546407943,2.581704853940127,0.5729108419484465,0.0,0.0
1.4619292546407943,2.6439146094567567,0.5778922304042918,0.0,0.0
1.4619292546407943,2.7061243649733857,0.5824452939760565,0.0,0.0
1.4619292546407943,2.7683341204900156,0.5865170305027496,0.0,0.0
1.4619292546407943,2.8305438760066455,0.5900576724102907,0.0,0.0
1.4619292546407943,2.8927536315232745,0.5930220767832423,0.0,0.0
1.4619292546407943,2.9549633870399044,0.5953710812680989,0.0,0.0
1.4619292546407943,3.0171731425565333,0.5970727521642326,0.0,0.0
1.4619292546407943,3.0793828980731632,0.5981034507647885,0.0,0.0
1.5241390101574241,-3.141592653589793,0.6098416873870468,0.0,0.0
1.5241390101574241,-3.0793828980731637,0.6094764067329685,0.0,0.0
1.5241390101574241,-3.017173142556534,0.6083858948916112,0.0,0.0
1.5241390101574241,-2.9549633870399044,0.606585945581929,0.0,0.0
1.5241390101574241,-2.892753631523275,0.6041022402525285,0.0,0.0
1.5241390101574241,-2.8305438760066455,0.6009694335382941,0.0,0.0
1.5241390101574241,-2.7683341204900156,0.5972299624454236,0.0,0.0
1.5241390101574241,-2.706124364973386,0.5929326566680554,0.0,0.0
1.5241390101574241,-2.6439146094567567,0.5881312344588444,0.0,0.0
1.5241390101574241,-2.581704853940127,0.5828827675621009,0.0,0.0
1.5241390101574241,-2.5194950984234974,0.5772461909460999,0.0,0.0
1.5241390101574241,-2.457285342906868,0.5712809202283738,0.0,0.0
1.5241390101574241,-2.395075587390238,0.5650456238869974,0.0,0.0
1.5241390101574241,-2.3328658318736086,0.5585971806618258,0.0,0.0
1.5241390101574241,-2.270656076356979,0.5519898367177607,0.0,0.0
1.5241390101574241,-2.2084463208403498,0.5452745634264995,0.0,0.0
1.5241390101574241,-2.1462365653237203,0.5384986057524398,0.0,0.0
1.5241390101574241,-2.0840268098070904,0.5317052034483345,0.0,0.0
1.5241390101574241,-2.021817054290461,0.5249334624446751,0.0,0.0
1.5241390101574241,-1.9596072987738313,0.5182183515688147,0.0,0.0
1.5241390101574241,-1.897397543257202,0.5115907995384401,0.0,0.0
1.5241390101574241,-1.8351877877405722,0.505077868487766,0.0,0.0
1.5241390101574241,-1.7729780322239428,0.49870298258725704,0.0,0.0
1.5241390101574241,-1.7107682767073131,0.49248619316833725,0.0,0.0
1.5241390101574241,-1.6485585211906835,0.48644446481668435,0.0,0.0
1.5241390101574241,-1.586348765674054,0.48059196989915576,0.0,0.0
1.5241390101574241,-1.5241390101574244,0.47494038177294673,0.0,0.0
1.5241390101574241,-1.461929254640795,0.4694991593939739,0.0,0.0
1.5241390101574241,-1.3997194991241653,0.4642758181511575,0.0,0.0
1.5241390101574241,-1.3375097436075358,0.45927618349890054,0.0,0.0
1.5241390101574241,-1.2752999880909062,0.45450462536148234,0.0,0.0
1.5241390101574241,-1.2130902325742767,0.449964272374812,0.0,0.0
1.5241390101574241,-1.150880477057647,0.4456572058546067,0.0,0.0
1.5241390101574241,-1.0886707215410176,0.4415846339787221,0.0,0.0
1.5241390101574241,-1.0264609660243877,0.4377470470864174,0.0,0.0
1.5241390101574241,-0.9642512105077583,0.4341443552662554,0.0,0.0
1.5241390101574241,-0.9020414549911289,0.4307760095597647,0.0,0.0
1.5241390101574241,-0.8398316994744994,0.42764110817749706,0.0,0.0
1.5241390101574241,-0.7776219439578695,0.4247384891303365,0.0,0.0
1.5241390101574241,-0.7154121884412401,0.42206681064006707,0.0,0.0
1.5241390101574241,-0.6532024329246107,0.4196246206235521,0.0,0.0
1.5241390101574241,-0.5909926774079808,0.4174104164554092,0.0,0.0
1.5241390101574241,-0.5287829218913513,0.4154226961130079,0.0,0.0
1.5241390101574241,-0.4665731663747219,0.4136600017009955,0.0,0.0
1.5241390101574241,-0.40436341085809246,0.4121209562446118,0.0,0.0
1.5241390101574241,-0.3421536553414626,0.41080429453466366,0.0,0.0
1.5241390101574241,-0.27994389982483314,0.40970888870397204,0.0,0.0
1.5241390101574241,-0.2177341443082037,0.40883376911639363,0.0,0.0
1.5241390101574241,-0.15552438879157382,0.40817814105550526,0.0,0.0
1.5241390101574241,-0.09331463327494438,0.4077413976106764,0.0,0.0
1.5241390101574241,-0.03110487775831494,0.40752312907313476,0.0,0.0
1.5241390101574241,0.031104877758314498,0.40752312907313476,0.0,0.0
1.5241390101574241,0.09331463327494438,0.4077413976106764,0.0,0.0
1.5241390101574241,0.15552438879157382,0.40817814105550526,0.0,0.0
1.5241390101574241,0.21773414430820326,0.40883376911639363,0.0,0.0
1.5241390101574241,0.2799438998248327,0.40970888870397204,0.0,0.0
1.5241390101574241,0.3421536553414626,0.41080429453466366,0.0,0.0
1.5241390101574241,0.404363410858092,0.4121209562446118,0.0,0.0
1.5241390101574241,0.46657316637472146,0.41366000170099543,0.0,0.0
1.5241390101574241,0.5287829218913513,0.4154226961130079,0.0,0.0
1.5241390101574241,0.5909926774079808,0.4174104164554092,0.0,0.0
1.5241390101574241,0.6532024329246102,0.4196246206235521,0.0,0.0
1.5241390101574241,0.7154121884412397,0.422066810640067,0.0,0.0
1.5241390101574241,0.7776219439578695,0.4247384891303365,0.0,0.0
1.5241390101574241,0.839831699474499,0.42764110817749706,0.0,0.0
1.5241390101574241,0.9020414549911289,0.4307760095597647,0.0,0.0
1.5241390101574241,0.9642512105077579,0.4341443552662553,0.0,0.0
1.5241390101574241,1.0264609660243877,0.4377470470864174,0.0,0.0
1.5241390101574241,1.0886707215410176,0.4415846339787221,0.0,0.0
1.5241390101574241,1.1508804770576466,0.44565720585460666,0.0,0.0
1.5241390101574241,1.2130902325742765,0.449964272374812,0.0,0.0
1.5241390101574241,1.2752999880909055,0.4545046253614823,0.0,0.0
1.5241390101574241,1.3375097436075354,0.45927618349890054,0.0,0.0
1.5241390101574241,1.3997194991241653,0.4642758181511575,0.0,0.0
1.5241390101574241,1.4619292546407943,0.4694991593939739,0.0,0.0
1.5241390101574241,1.5241390101574241,0.4749403817729466,0.0,0.0
1.5241390101574241,1.586348765674054,0.48059196989915576,0.0,0.0
1.5241390101574241,1.648558521190683,0.48644446481668435,0.0,0.0
1.5241390101574241,1.710768276707313,0.49248619316833725,0.0,0.0
1.5241390101574241,1.7729780322239428,0.49870298258725704,0.0,0.0
1.5241390101574241,1.8351877877405718,0.505077868487766,0.0,0.0
1.5241390101574241,1.8973975432572017,0.5115907995384401,0.0,0.0
1.5241390101574241,1.9596072987738316,0.5182183515688147,0.0,0.0
1.5241390101574241,2.0218170542904605,0.5249334624446751,0.0,0.0
1.5241390101574241,2.0840268098070904,0.5317052034483345,0.0,0.0
1.5241390101574241,2.1462365653237194,0.5384986057524398,0.0,0.0
1.5241390101574241,2.2084463208403493,0.5452745634264995,0.0,0.0
1.5241390101574241,2.270656076356979,0.5519898367177607,0.0,0.0
1.5241390101574241,2.332865831873608,0.5585971806618258,0.0,0.0
1.5241390101574241,2.395075587390238,0.5650456238869974,0.0,0.0
1.5241390101574241,2.457285342906868,0.5712809202283738,0.0,0.0
1.5241390101574241,2.519495098423497,0.5772461909460999,0.0,0.0
1.5241390101574241,2.581704853940127,0.5828827675621009,0.0,0.0
1.5241390101574241,2.6439146094567567,0.5881312344588444,0.0,0.0
1.5241390101574241,2.7061243649733857,0.5929326566680554,0.0,0.0
1.5241390101574241,2.7683341204900156,0.5972299624454236,0.0,0.0
1.5241390101574241,2.8305438760066455,0.6009694335382941,0.0,0.0
1.5241390101574241,2.8927536315232745,0.6041022402525285,0.0,0.0
1.5241390101574241,2.9549633870399044,0.606585945581929,0.0,0.0
1.5241390101574241,3.0171731425565333,0.6083858948916112,0.0,0.0
1.5241390101574241,3.0793828980731632,0.6094764067329685,0.0,0.0
1.586348765674054,-3.141592653589793,0.6219473857546142,0.0,0.0
1.586348765674054,-3.0793828980731637,0.6215599313119703,0.0,0.0
1.586348765674054,-3.017173142556534,0.6204033875386687,0.0,0.0
1.586348765674054,-2.9549633870399044,0.6184949913659794,0.0,0.0
1.586348765674054,-2.892753631523275,0.6158627482725552,0.0,0.0
1.586348765674054,-2.8305438760066455,0.612544403496846,0.0,0.0
1.586348765674054,-2.7683341204900156,0.6085861056441134,0.0,0.0
1.586348765674054,-2.706124364973386,0.6040408520712393,0.0,0.0
1.586348765674054,-2.6439146094567567,0.5989668129924607,0.0,0.0
1.586348765674054,-2.581704853940127,0.5934256294828049,0.0,0.0
1.586348765674054,-2.5194950984234974,0.5874807708384203,0.0,0.0
1.586348765674054,-2.457285342906868,0.5811960212894425,0.0,0.0
1.586348765674054,-2.395075587390238,0.574634147404503,0.0,0.0
1.586348765674054,-2.3328658318736086,0.5678557781291607,0.0,0.0
1.586348765674054,-2.270656076356979,0.5609185112847332,0.0,0.0
1.586348765674054,-2.2084463208403498,0.5538762449302161,0.0,0.0
1.586348765674054,-2.1462365653237203,0.5467787200246451,0.0,0.0
1.586348765674054,-2.0840268098070904,0.5396712525174547,0.0,0.0
1.586348765674054,-2.021817054290461,0.5325946281051913,0.0,0.0
1.586348765674054,-1.9596072987738313,0.5255851309144383,0.0,0.0
1.586348765674054,-1.897397543257202,0.5186746776621283,0.0,0.0
1.586348765674054,-1.8351877877405722,0.5118910307471239,0.0,0.0
1.586348765674054,-1.7729780322239428,0.5052580666417152,0.0,0.0
1.586348765674054,-1.7107682767073131,0.4987960793805693,0.0,0.0
1.586348765674054,-1.6485585211906835,0.4925221025063213,0.0,0.0
1.586348765674054,-1.586348765674054,0.4864502362568691,0.0,0.0
1.586348765674054,-1.5241390101574244,0.48059196989915587,0.0,0.0
1.586348765674054,-1.461929254640795,0.47495649183603544,0.0,0.0
1.586348765674054,-1.3997194991241653,0.4695509824034233,0.0,0.0
1.586348765674054,-1.3375097436075358,0.4643808861413602,0.0,0.0
1.586348765674054,-1.2752999880909062,0.4594501617971594,0.0,0.0
1.586348765674054,-1.2130902325742767,0.45476150944750493,0.0,0.0
1.586348765674054,-1.150880477057647,0.4503165749606746,0.0,0.0
1.586348765674054,-1.0886707215410176,0.44611613261131106,0.0,0.0
1.586348765674054,-1.0264609660243877,0.44216024705608,0.0,0.0
1.586348765674054,-0.9642512105077583,0.43844841612149965,0.0,0.0
1.586348765674054,-0.9020414549911289,0.4349796959813828,0.0,0.0
1.586348765674054,-0.8398316994744994,0.43175281034075447,0.0,0.0
1.586348765674054,-0.7776219439578695,0.42876624522010987,0.0,0.0
1.586348765674054,-0.7154121884412401,0.42601833086767343,0.0,0.0
1.586348765674054,-0.6532024329246107,0.42350731223277444,0.0,0.0
1.586348765674054,-0.5909926774079808,0.42123140932178793,0.0,0.0
1.586348765674054,-0.5287829218913513,0.4191888686375714,0.0,0.0
1.586348765674054,-0.4665731663747219,0.4173780067798538,0.0,0.0
1.586348765674054,-0.40436341085809246,0.4157972471616616,0.0,0.0
1.586348765674054,-0.3421536553414626,0.41444515067820903,0.0,0.0
1.586348765674054,-0.27994389982483314,0.4133204410512773,0.0,0.0
1.586348765674054,-0.2177341443082037,0.41242202546468126,0.0,0.0
1.586348765674054,-0.15552438879157382,0.4117490110050839,0.0,0.0
1.586348765674054,-0.09331463327494438,0.4113007173268842,0.0,0.0
1.586348765674054,-0.03110487775831494,0.41107668586952384,0.0,0.0
1.586348765674054,0.031104877758314498,0.41107668586952384,0.0,0.0
1.586348765674054,0.09331463327494438,0.4113007173268842,0.0,0.0
1.586348765674054,0.15552438879157382,0.4117490110050839,0.0,0.0
1.586348765674054,0.21773414430820326,0.41242202546468126,0.0,0.0
1.586348765674054,0.2799438998248327,0.4133204410512773,0.0,0.0
1.586348765674054,0.3421536553414626,0.41444515067820903,0.0,0.0
1.586348765674054,0.404363410858092,0.4157972471616617,0.0,0.0
1.586348765674054,0.46657316637472146,0.4173780067798538,0.0,0.0
1.586348765674054,0.5287829218913513,0.4191888686375714,0.0,0.0
1.586348765674054,0.5909926774079808,0.42123140932178793,0.0,0.0
1.586348765674054,0.6532024329246102,0.42350731223277444,0.0,0.0
1.586348765674054,0.7154121884412397,0.4260183308676733,0.0,0.0
1.586348765674054,0.7776219439578695,0.42876624522010987,0.0,0.0
1.586348765674054,0.839831699474499,0.4317528103407544,0.0,0.0
1.586348765674054,0.9020414549911289,0.4349796959813828,0.0,0.0
1.586348765674054,0.9642512105077579,0.4384484161214996,0.0,0.0
1.586348765674054,1.0264609660243877,0.44216024705608,0.0,0.0
1.586348765674054,1.0886707215410176,0.44611613261131106,0.0,0.0
1.586348765674054,1.1508804770576466,0.4503165749606746,0.0,0.0
1.586348765674054,1.2130902325742765,0.45476150944750493,0.0,0.0
1.586348765674054,1.2752999880909055,0.4594501617971594,0.0,0.0
1.586348765674054,1.3375097436075354,0.4643808861413601,0.0,0.0
1.586348765674054,1.3997194991241653,0.4695509824034233,0.0,0.0
1.586348765674054,1.4619292546407943,0.4749564918360354,0.0,0.0
1.586348765674054,1.5241390101574241,0.48059196989915576,0.0,0.0
1.586348765674054,1.586348765674054,0.4864502362568691,0.0,0.0
1.586348765674054,1.648558521190683,0.4925221025063213,0.0,0.0
1.586348765674054,1.710768276707313,0.4987960793805693,0.0,0.0
1.586348765674054,1.7729780322239428,0.5052580666417152,0.0,0.0
1.586348765674054,1.8351877877405718,0.5118910307471238,0.0,0.0
1.586348765674054,1.8973975432572017,0.5186746776621283,0.0,0.0
1.586348765674054,1.9596072987738316,0.5255851309144383,0.0,0.0
1.586348765674054,2.0218170542904605,0.5325946281051912,0.0,0.0
1.586348765674054,2.0840268098070904,0.5396712525174547,0.0,0.0
1.586348765674054,2.1462365653237194,0.546778720024645,0.0,0.0
1.586348765674054,2.2084463208403493,0.553876244930216,0.0,0.0
1.586348765674054,2.270656076356979,0.5609185112847332,0.0,0.0
1.586348765674054,2.332865831873608,0.5678557781291605,0.0,0.0
1.586348765674054,2.395075587390238,0.574634147404503,0.0,0.0
1.586348765674054,2.457285342906868,0.5811960212894425,0.0,0.0
1.586348765674054,2.519495098423497,0.5874807708384202,0.0,0.0
1.586348765674054,2.581704853940127,0.5934256294828049,0.0,0.0
1.586348765674054,2.6439146094567567,0.5989668129924607,0.0,0.0
1.586348765674054,2.7061243649733857,0.6040408520712393,0.0,0.0
1.586348765674054,2.7683341204900156,0.6085861056441134,0.0,0.0
1.586348765674054,2.8305438760066455,0.612544403496846,0.0,0.0
1.586348765674054,2.8927536315232745,0.6158627482725552,0.0,0.0
1.586348765674054,2.9549633870399044,0.6184949913659794,0.0,0.0
1.586348765674054,3.0171731425565333,0.6204033875386687,0.0,0.0
1.586348765674054,3.0793828980731632,0.6215599313119703,0.0,0.0
1.648558521190683,-3.141592653589793,0.6347910308539826,0.0,0.0
1.648558521190683,-3.0793828980731637,0.6343790897580368,0.0,0.0
1.648558521190683,-3.017173142556534,0.6331496446496493,0.0,0.0
1.648558521190683,-2.9549633870399044,0.6311215787282083,0.0,0.0
1.648558521190683,-2.892753631523275,0.628325545376526,0.0,0.0
1.648558521190683,-2.8305438760066455,0.6248028049854637,0.0,0.0
1.648558521190683,-2.7683341204900156,0.6206037178640004,0.0,0.0
1.648558521190683,-2.706124364973386,0.6157859970767648,0.0,0.0
1.648558521190683,-2.6439146094567567,0.610412833150927,0.0,0.0
1.648558521190683,-2.581704853940127,0.6045509996611551,0.0,0.0
1.648558521190683,-2.5194950984234974,0.598269036505106,0.0,0.0
1.648558521190683,-2.457285342906868,0.5916355889620607,0.0,0.0
1.648558521190683,-2.395075587390238,0.584717958487479,0.0,0.0
1.648558521190683,-2.3328658318736086,0.5775808985564541,0.0,0.0
1.648558521190683,-2.270656076356979,0.5702856680754784,0.0,0.0
1.648558521190683,-2.2084463208403498,0.5628893375116384,0.0,0.0
1.648558521190683,-2.1462365653237203,0.5554443297328975,0.0,0.0
1.648558521190683,-2.0840268098070904,0.5479981687311949,0.0,0.0
1.648558521190683,-2.021817054290461,0.5405934045383678,0.0,0.0
1.648558521190683,-1.9596072987738313,0.5332676810738423,0.0,0.0
1.648558521190683,-1.897397543257202,0.5260539145895801,0.0,0.0
1.648558521190683,-1.8351877877405722,0.5189805530161515,0.0,0.0
1.648558521190683,-1.7729780322239428,0.5120718901693005,0.0,0.0
1.648558521190683,-1.7107682767073131,0.5053484128877002,0.0,0.0
1.648558521190683,-1.6485585211906835,0.4988271633226548,0.0,0.0
1.648558521190683,-1.586348765674054,0.4925221025063213,0.0,0.0
1.648558521190683,-1.5241390101574244,0.48644446481668435,0.0,0.0
1.648558521190683,-1.461929254640795,0.4806030959528651,0.0,0.0
1.648558521190683,-1.3997194991241653,0.4750047695143968,0.0,0.0
1.648558521190683,-1.3375097436075358,0.4696544792657664,0.0,0.0
1.648558521190683,-1.2752999880909062,0.46455570571042487,0.0,0.0
1.648558521190683,-1.2130902325742767,0.4597106567563505,0.0,0.0
1.648558521190683,-1.150880477057647,0.45512048309108366,0.0,0.0
1.648558521190683,-1.0886707215410176,0.4507854694584723,0.0,0.0
1.648558521190683,-1.0264609660243877,0.44670520339705894,0.0,0.0
1.648558521190683,-0.9642512105077583,0.4428787232086811,0.0,0.0
1.648558521190683,-0.9020414549911289,0.4393046470154164,0.0,0.0
1.648558521190683,-0.8398316994744994,0.43598128476606157,0.0,0.0
1.648558521190683,-0.7776219439578695,0.43290673499583016,0.0,0.0
1.648558521190683,-0.7154121884412401,0.4300789680450646,0.0,0.0
1.648558521190683,-0.6532024329246107,0.4274958973197988,0.0,0.0
1.648558521190683,-0.5909926774079808,0.42515544004034295,0.0,0.0
1.648558521190683,-0.5287829218913513,0.4230555687818773,0.0,0.0
1.648558521190683,-0.4665731663747219,0.42119435496900803,0.0,0.0
1.648558521190683,-0.40436341085809246,0.4195700053481378,0.0,0.0
1.648558521190683,-0.3421536553414626,0.4181808923296094,0.0,0.0
1.648558521190683,-0.27994389982483314,0.4170255789671153,0.0,0.0
1.648558521190683,-0.2177341443082037,0.41610283922521596,0.0,0.0
1.648558521190683,-0.15552438879157382,0.4154116740768099,0.0,0.0
1.648558521190683,-0.09331463327494438,0.4149513238704516,0.0,0.0
1.648558521190683,-0.03110487775831494,0.41472127731165165,0.0,0.0
1.648558521190683,0.031104877758314498,0.41472127731165165,0.0,0.0
1.648558521190683,0.09331463327494438,0.4149513238704516,0.0,0.0
1.648558521190683,0.15552438879157382,0.4154116740768099,0.0,0.0
1.648558521190683,0.21773414430820326,0.41610283922521596,0.0,0.0
1.648558521190683,0.2799438998248327,0.41702557896711534,0.0,0.0
1.648558521190683,0.3421536553414626,0.4181808923296094,0.0,0.0
1.648558521190683,0.404363410858092,0.4195700053481378,0.0,0.0
1.648558521190683,0.46657316637472146,0.421194354969008,0.0,0.0
1.648558521190683,0.5287829218913513,0.4230555687818773,0.0,0.0
1.648558521190683,0.5909926774079808,0.42515544004034295,0.0,0.0
1.648558521190683,0.6532024329246102,0.4274958973197988,0.0,0.0
1.648558521190683,0.7154121884412397,0.4300789680450646,0.0,0.0
1.648558521190683,0.7776219439578695,0.43290673499583016,0.0,0.0
1.648558521190683,0.839831699474499,0.43598128476606157,0.0,0.0
1.648558521190683,0.9020414549911289,0.4393046470154164,0.0,0.0
1.648558521190683,0.9642512105077579,0.44287872320868105,0.0,0.0
1.648558521190683,1.0264609660243877,0.44670520339705894,0.0,0.0
1.648558521190683,1.0886707215410176,0.4507854694584723,0.0,0.0
1.648558521190683,1.1508804770576466,0.45512048309108355,0.0,0.0
1.648558521190683,1.2130902325742765,0.45971065675635053,0.0,0.0
1.648558521190683,1.2752999880909055,0.46455570571042476,0.0,0.0
1.648558521190683,1.3375097436075354,0.46965447926576637,0.0,0.0
1.648558521190683,1.3997194991241653,0.4750047695143968,0.0,0.0
1.648558521190683,1.4619292546407943,0.48060309595286504,0.0,0.0
1.648558521190683,1.5241390101574241,0.48644446481668435,0.0,0.0
1.648558521190683,1.586348765674054,0.4925221025063213,0.0,0.0
1.648558521190683,1.648558521190683,0.4988271633226548,0.0,0.0
1.648558521190683,1.710768276707313,0.5053484128877002,0.0,0.0
1.648558521190683,1.7729780322239428,0.5120718901693005,0.0,0.0
1.648558521190683,1.8351877877405718,0.5189805530161515,0.0,0.0
1.648558521190683,1.8973975432572017,0.5260539145895801,0.0,0.0
1.648558521190683,1.9596072987738316,0.5332676810738424,0.0,0.0
1.648558521190683,2.0218170542904605,0.5405934045383678,0.0,0.0
1.648558521190683,2.0840268098070904,0.5479981687311949,0.0,0.0
1.648558521190683,2.1462365653237194,0.5554443297328974,0.0,0.0
1.648558521190683,2.2084463208403493,0.5628893375116383,0.0,0.0
1.648558521190683,2.270656076356979,0.5702856680754784,0.0,0.0
1.648558521190683,2.332865831873608,0.577580898556454,0.0,0.0
1.648558521190683,2.395075587390238,0.584717958487479,0.0,0.0
1.648558521190683,2.457285342906868,0.5916355889620607,0.0,0.0
1.648558521190683,2.519495098423497,0.5982690365051059,0.0,0.0
1.648558521190683,2.581704853940127,0.6045509996611551,0.0,0.0
1.648558521190683,2.6439146094567567,0.610412833150927,0.0,0.0
1.648558521190683,2.7061243649733857,0.6157859970767647,0.0,0.0
1.648558521190683,2.7683341204900156,0.6206037178640004,0.0,0.0
1.648558521190683,2.8305438760066455,0.6248028049854637,0.0,0.0
1.648558521190683,2.8927536315232745,0.628325545376526,0.0,0.0
1.648558521190683,2.9549633870399044,0.6311215787282083,0.0,0.0
1.648558521190683,3.0171731425565333,0.6331496446496493,0.0,0.0
1.648558521190683,3.0793828980731632,0.6343790897580368,0.0,0.0
1.710768276707313,-3.141592653589793,0.6483964258820081,0.0,0.0
1.710768276707313,-3.0793828980731637,0.6479574442991228,0.0,0.0
1.710768276707313,-3.017173142556534,0.6466475162810114,0.0,0.0
1.710768276707313,-2.9549633870399044,0.6444874056404426,0.0,0.0
1.710768276707313,-2.892753631523275,0.6415107867596148,0.0,0.0
1.710768276707313,-2.8305438760066455,0.6377629229068937,0.0,0.0
1.710768276707313,-2.7683341204900156,0.6332989585110661,0.0,0.0
1.710768276707313,-2.706124364973386,0.6281819467472473,0.0,0.0
1.710768276707313,-2.6439146094567567,0.6224807423952894,0.0,0.0
1.710768276707313,-2.581704853940127,0.6162678854076439,0.0,0.0
1.710768276707313,-2.5194950984234974,0.6096175852606011,0.0,0.0
1.710768276707313,-2.457285342906868,0.6026038933859084,0.0,0.0
1.710768276707313,-2.395075587390238,0.5952991245832389,0.0,0.0
1.710768276707313,-2.3328658318736086,0.5877725617884187,0.0,0.0
1.710768276707313,-2.270656076356979,0.5800894546444759,0.0,0.0
1.710768276707313,-2.2084463208403498,0.5723103027467749,0.0,0.0
1.710768276707313,-2.1462365653237203,0.5644904000041976,0.0,0.0
1.710768276707313,-2.0840268098070904,0.5566796072747638,0.0,0.0
1.710768276707313,-2.021817054290461,0.5489223157375721,0.0,0.0
1.710768276707313,-1.9596072987738313,0.5412575624810968,0.0,0.0
1.710768276707313,-1.897397543257202,0.5337192615413268,0.0,0.0
1.710768276707313,-1.8351877877405722,0.5263365171754789,0.0,0.0
1.710768276707313,-1.7729780322239428,0.5191339907046585,0.0,0.0
1.710768276707313,-1.7107682767073131,0.5121322971718781,0.0,0.0
1.710768276707313,-1.6485585211906835,0.5053484128877002,0.0,0.0
1.710768276707313,-1.586348765674054,0.4987960793805693,0.0,0.0
1.710768276707313,-1.5241390101574244,0.49248619316833725,0.0,0.0
1.710768276707313,-1.461929254640795,0.48642717405439745,0.0,0.0
1.710768276707313,-1.3997194991241653,0.48062530732665726,0.0,0.0
1.710768276707313,-1.3375097436075358,0.47508505734325457,0.0,0.0
1.710768276707313,-1.2752999880909062,0.4698093515918051,0.0,0.0
1.710768276707313,-1.2130902325742767,0.46479983548495474,0.0,0.0
1.710768276707313,-1.150880477057647,0.4600570989803118,0.0,0.0
1.710768276707313,-1.0886707215410176,0.455580876658368,0.0,0.0
1.710768276707313,-1.0264609660243877,0.45137022322044595,0.0,0.0
1.710768276707313,-0.9642512105077583,0.4474236665332452,0.0,0.0
1.710768276707313,-0.9020414549911289,0.4437393403910607,0.0,0.0
1.710768276707313,-0.8398316994744994,0.4403150991263122,0.0,0.0
1.710768276707313,-0.7776219439578695,0.4371486161011528,0.0,0.0
1.710768276707313,-0.7154121884412401,0.434237467978589,0.0,0.0
1.710768276707313,-0.6532024329246107,0.43157920651639176,0.0,0.0
1.710768276707313,-0.5909926774079808,0.4291714194624434,0.0,0.0
1.710768276707313,-0.5287829218913513,0.42701178196401635,0.0,0.0
1.710768276707313,-0.4665731663747219,0.4250980997411524,0.0,0.0
1.710768276707313,-0.40436341085809246,0.4234283451191738,0.0,0.0
1.710768276707313,-0.3421536553414626,0.4220006868692854,0.0,0.0
1.710768276707313,-0.27994389982483314,0.42081351467002187,0.0,0.0
1.710768276707313,-0.2177341443082037,0.41986545887597393,0.0,0.0
1.710768276707313,-0.15552438879157382,0.41915540616326113,0.0,0.0
1.710768276707313,-0.09331463327494438,0.41868251151270713,0.0,0.0
1.710768276707313,-0.03110487775831494,0.4184462068904467,0.0,0.0
1.710768276707313,0.031104877758314498,0.4184462068904467,0.0,0.0
1.710768276707313,0.09331463327494438,0.41868251151270713,0.0,0.0
1.710768276707313,0.15552438879157382,0.41915540616326113,0.0,0.0
1.710768276707313,0.21773414430820326,0.41986545887597393,0.0,0.0
1.710768276707313,0.2799438998248327,0.42081351467002187,0.0,0.0
1.710768276707313,0.3421536553414626,0.4220006868692854,0.0,0.0
1.710768276707313,0.404363410858092,0.4234283451191739,0.0,0.0
1.710768276707313,0.46657316637472146,0.4250980997411524,0.0,0.0
1.710768276707313,0.5287829218913513,0.42701178196401635,0.0,0.0
1.710768276707313,0.5909926774079808,0.4291714194624434,0.0,0.0
1.710768276707313,0.6532024329246102,0.43157920651639176,0.0,0.0
1.710768276707313,0.7154121884412397,0.434237467978589,0.0,0.0
1.710768276707313,0.7776219439578695,0.4371486161011528,0.0,0.0
1.710768276707313,0.839831699474499,0.4403150991263122,0.0,0.0
1.710768276707313,0.9020414549911289,0.4437393403910607,0.0,0.0
1.710768276707313,0.9642512105077579,0.4474236665332452,0.0,0.0
1.710768276707313,1.0264609660243877,0.45137022322044595,0.0,0.0
1.710768276707313,1.0886707215410176,0.455580876658368,0.0,0.0
1.710768276707313,1.1508804770576466,0.46005709898031166,0.0,0.0
1.710768276707313,1.2130902325742765,0.46479983548495474,0.0,0.0
1.710768276707313,1.2752999880909055,0.46980935159180504,0.0,0.0
1.710768276707313,1.3375097436075354,0.47508505734325457,0.0,0.0
1.710768276707313,1.3997194991241653,0.48062530732665726,0.0,0.0
1.710768276707313,1.4619292546407943,0.48642717405439734,0.0,0.0
1.710768276707313,1.5241390101574241,0.49248619316833725,0.0,0.0
1.710768276707313,1.586348765674054,0.4987960793805693,0.0,0.0
1.710768276707313,1.648558521190683,0.5053484128877002,0.0,0.0
1.710768276707313,1.710768276707313,0.5121322971718781,0.0,0.0
1.710768276707313,1.7729780322239428,0.5191339907046585,0.0,0.0
1.710768276707313,1.8351877877405718,0.5263365171754789,0.0,0.0
1.710768276707313,1.8973975432572017,0.5337192615413267,0.0,0.0
1.710768276707313,1.9596072987738316,0.5412575624810968,0.0,0.0
1.710768276707313,2.0218170542904605,0.5489223157375721,0.0,0.0
1.710768276707313,2.0840268098070904,0.5566796072747638,0.0,0.0
1.710768276707313,2.1462365653237194,0.5644904000041975,0.0,0.0
1.710768276707313,2.2084463208403493,0.5723103027467747,0.0,0.0
1.710768276707313,2.270656076356979,0.5800894546444759,0.0,0.0
1.710768276707313,2.332865831873608,0.5877725617884187,0.0,0.0
1.710768276707313,2.395075587390238,0.5952991245832389,0.0,0.0
1.710768276707313,2.457285342906868,0.6026038933859084,0.0,0.0
1.710768276707313,2.519495098423497,0.609617585260601,0.0,0.0
1.710768276707313,2.581704853940127,0.6162678854076439,0.0,0.0
1.710768276707313,2.6439146094567567,0.6224807423952894,0.0,0.0
1.710768276707313,2.7061243649733857,0.6281819467472471,0.0,0.0
1.710768276707313,2.7683341204900156,0.6332989585110661,0.0,0.0
1.710768276707313,2.8305438760066455,0.6377629229068937,0.0,0.0
1.710768276707313,2.8927536315232745,0.6415107867596148,0.0,0.0
1.710768276707313,2.9549633870399044,0.6444874056404426,0.0,0.0
1.710768276707313,3.0171731425565333,0.6466475162810112,0.0,0.0
1.710768276707313,3.0793828980731632,0.6479574442991228,0.0,0.0
1.7729780322239428,-3.141592653589793,0.6627848862124682,0.0,0.0
1.7729780322239428,-3.0793828980731637,0.6623160485776753,0.0,0.0
1.7729780322239428,-3.017173142556534,0.6609172832904006,0.0,0.0
1.7729780322239428,-2.9549633870399044,0.6586115052380614,0.0,0.0
1.7729780322239428,-2.892753631523275,0.6554358395450025,0.0,0.0
1.7729780322239428,-2.8305438760066455,0.6514401124673809,0.0,0.0
1.7729780322239428,-2.7683341204900156,0.6466849073210409,0.0,0.0
1.7729780322239428,-2.706124364973386,0.6412393280758711,0.0,0.0
1.7729780322239428,-2.6439146094567567,0.6351786222802933,0.0,0.0
1.7729780322239428,-2.581704853940127,0.6285818082938606,0.0,0.0
1.7729780322239428,-2.5194950984234974,0.621529432387249,0.0,0.0
1.7729780322239428,-2.457285342906868,0.6141015534258933,0.0,0.0
1.7729780322239428,-2.395075587390238,0.6063760212485722,0.0,0.0
1.7729780322239428,-2.3328658318736086,0.5984270836718862,0.0,0.0
1.7729780322239428,-2.270656076356979,0.5903243294652903,0.0,0.0
1.7729780322239428,-2.2084463208403498,0.5821319525856757,0.0,0.0
1.7729780322239428,-2.1462365653237203,0.5739083071972595,0.0,0.0
1.7729780322239428,-2.0840268098070904,0.5657057133546826,0.0,0.0
1.7729780322239428,-2.021817054290461,0.5575704688898002,0.0,0.0
1.7729780322239428,-1.9596072987738313,0.5495430228866012,0.0,0.0
1.7729780322239428,-1.897397543257202,0.5416582689478092,0.0,0.0
1.7729780322239428,-1.8351877877405722,0.5339459211373674,0.0,0.0
1.7729780322239428,-1.7729780322239428,0.5264309410995045,0.0,0.0
1.7729780322239428,-1.7107682767073131,0.5191339907046585,0.0,0.0
1.7729780322239428,-1.6485585211906835,0.5120718901693005,0.0,0.0
1.7729780322239428,-1.586348765674054,0.5052580666417152,0.0,0.0
1.7729780322239428,-1.5241390101574244,0.49870298258725704,0.0,0.0
1.7729780322239428,-1.461929254640795,0.4924145368995014,0.0,0.0
1.7729780322239428,-1.3997194991241653,0.48639843453393217,0.0,0.0
1.7729780322239428,-1.3375097436075358,0.48065852267646814,0.0,0.0
1.7729780322239428,-1.2752999880909062,0.4751970931090818,0.0,0.0
1.7729780322239428,-1.2130902325742767,0.4700151516137833,0.0,0.0
1.7729780322239428,-1.150880477057647,0.46511265605562796,0.0,0.0
1.7729780322239428,-1.0886707215410176,0.46048872528758006,0.0,0.0
1.7729780322239428,-1.0264609660243877,0.4561418212960977,0.0,0.0
1.7729780322239428,-0.9642512105077583,0.45206990711534295,0.0,0.0
1.7729780322239428,-0.9020414549911289,0.4482705830277051,0.0,0.0
1.7729780322239428,-0.8398316994744994,0.4447412034764655,0.0,0.0
1.7729780322239428,-0.7776219439578695,0.4414789769717339,0.0,0.0
1.7729780322239428,-0.7154121884412401,0.43848105109489316,0.0,0.0
1.7729780322239428,-0.6532024329246107,0.4357445845154166,0.0,0.0
1.7729780322239428,-0.5909926774079808,0.43326680773823817,0.0,0.0
1.7729780322239428,-0.5287829218913513,0.4310450741073962,0.0,0.0
1.7729780322239428,-0.4665731663747219,0.42907690240731405,0.0,0.0
1.7729780322239428,-0.40436341085809246,0.42736001222964354,0.0,0.0
1.7729780322239428,-0.3421536553414626,0.4258923531124588,0.0,0.0
1.7729780322239428,-0.27994389982483314,0.424672128310039,0.0,0.0
1.7729780322239428,-0.2177341443082037,0.42369781391510564,0.0,0.0
1.7729780322239428,-0.15552438879157382,0.42296817393023584,0.0,0.0
1.7729780322239428,-0.09331463327494438,0.42248227176999975,0.0,0.0
1.7729780322239428,-0.03110487775831494,0.42223947856868677,0.0,0.0
1.7729780322239428,0.031104877758314498,0.42223947856868677,0.0,0.0
1.7729780322239428,0.09331463327494438,0.42248227176999975,0.0,0.0
1.7729780322239428,0.15552438879157382,0.42296817393023584,0.0,0.0
1.7729780322239428,0.21773414430820326,0.4236978139151056,0.0,0.0
1.7729780322239428,0.2799438998248327,0.424672128310039,0.0,0.0
1.7729780322239428,0.3421536553414626,0.4258923531124588,0.0,0.0
1.7729780322239428,0.404363410858092,0.42736001222964354,0.0,0.0
1.7729780322239428,0.46657316637472146,0.429076902407314,0.0,0.0
1.7729780322239428,0.5287829218913513,0.4310450741073962,0.0,0.0
1.7729780322239428,0.5909926774079808,0.43326680773823817,0.0,0.0
1.7729780322239428,0.6532024329246102,0.4357445845154166,0.0,0.0
1.7729780322239428,0.7154121884412397,0.4384810510948931,0.0,0.0
1.7729780322239428,0.7776219439578695,0.4414789769717339,0.0,0.0
1.7729780322239428,0.839831699474499,0.4447412034764654,0.0,0.0
1.7729780322239428,0.9020414549911289,0.4482705830277051,0.0,0.0
1.7729780322239428,0.9642512105077579,0.45206990711534284,0.0,0.0
1.7729780322239428,1.0264609660243877,0.4561418212960977,0.0,0.0
1.7729780322239428,1.0886707215410176,0.46048872528758006,0.0,0.0
1.7729780322239428,1.1508804770576466,0.46511265605562796,0.0,0.0
1.7729780322239428,1.2130902325742765,0.4700151516137833,0.0,0.0
1.7729780322239428,1.2752999880909055,0.47519709310908176,0.0,0.0
1.7729780322239428,1.3375097436075354,0.48065852267646814,0.0,0.0
1.7729780322239428,1.3997194991241653,0.48639843453393217,0.0,0.0
1.7729780322239428,1.4619292546407943,0.4924145368995014,0.0,0.0
1.7729780322239428,1.5241390101574241,0.49870298258725704,0.0,0.0
1.7729780322239428,1.586348765674054,0.5052580666417152,0.0,0.0
1.7729780322239428,1.648558521190683,0.5120718901693005,0.0,0.0
1.7729780322239428,1.710768276707313,0.5191339907046585,0.0,0.0
1.7729780322239428,1.7729780322239428,0.5264309410995045,0.0,0.0
1.7729780322239428,1.8351877877405718,0.5339459211373673,0.0,0.0
1.7729780322239428,1.8973975432572017,0.5416582689478091,0.0,0.0
1.7729780322239428,1.9596072987738316,0.5495430228866012,0.0,0.0
1.7729780322239428,2.0218170542904605,0.5575704688898001,0.0,0.0
1.7729780322239428,2.0840268098070904,0.5657057133546826,0.0,0.0
1.7729780322239428,2.1462365653237194,0.5739083071972593,0.0,0.0
1.7729780322239428,2.2084463208403493,0.5821319525856757,0.0,0.0
1.7729780322239428,2.270656076356979,0.5903243294652903,0.0,0.0
1.7729780322239428,2.332865831873608,0.598427083671886,0.0,0.0
1.7729780322239428,2.395075587390238,0.6063760212485722,0.0,0.0
1.7729780322239428,2.457285342906868,0.6141015534258933,0.0,0.0
1.7729780322239428,2.519495098423497,0.621529432387249,0.0,0.0
1.7729780322239428,2.581704853940127,0.6285818082938606,0.0,0.0
1.7729780322239428,2.6439146094567567,0.6351786222802933,0.0,0.0
1.7729780322239428,2.7061243649733857,0.6412393280758711,0.0,0.0
1.7729780322239428,2.7683341204900156,0.6466849073210409,0.0,0.0
1.7729780322239428,2.8305438760066455,0.6514401124673809,0.0,0.0
1.7729780322239428,2.8927536315232745,0.6554358395450025,0.0,0.0
1.7729780322239428,2.9549633870399044,0.6586115052380614,0.0,0.0
1.7729780322239428,3.0171731425565333,0.6609172832904006,0.0,0.0
1.7729780322239428,3.0793828980731632,0.6623160485776753,0.0,0.0
1.8351877877405718,-3.141592653589793,0.6779739589272329,0.0,0.0
1.8351877877405718,-3.0793828980731637,0.6774721685157256,0.0,0.0
1.8351877877405718,-3.017173142556534,0.6759753823872735,0.0,0.0
1.8351877877405718,-2.9549633870399044,0.6735089784209173,0.0,0.0
1.8351877877405718,-2.892753631523275,0.6701140270367976,0.0,0.0
1.8351877877405718,-2.8305438760066455,0.6658455599947458,0.0,0.0
1.8351877877405718,-2.7683341204900156,0.6607703473809104,0.0,0.0
1.8351877877405718,-2.706124364973386,0.6549643513476835,0.0,0.0
1.8351877877405718,-2.6439146094567567,0.6485100344662222,0.0,0.0
1.8351877877405718,-2.581704853940127,0.6414936909355106,0.0,0.0
1.8351877877405718,-2.5194950984234974,0.6340029442695035,0.0,0.0
1.8351877877405718,-2.457285342906868,0.6261245209045129,0.0,0.0
1.8351877877405718,-2.395075587390238,0.6179423711875005,0.0,0.0
1.8351877877405718,-2.3328658318736086,0.6095361724560334,0.0,0.0
1.8351877877405718,-2.270656076356979,0.600980217081548,0.0,0.0
1.8351877877405718,-2.2084463208403498,0.592342663532229,0.0,0.0
1.8351877877405718,-2.1462365653237203,0.5836851113946496,0.0,0.0
1.8351877877405718,-2.0840268098070904,0.5750624514437495,0.0,0.0
1.8351877877405718,-2.021817054290461,0.5665229381388316,0.0,0.0
1.8351877877405718,-1.9596072987738313,0.5581084328972762,0.0,0.0
1.8351877877405718,-1.897397543257202,0.5498547706767724,0.0,0.0
1.8351877877405718,-1.8351877877405722,0.5417922084615728,0.0,0.0
1.8351877877405718,-1.7729780322239428,0.5339459211373673,0.0,0.0
1.8351877877405718,-1.7107682767073131,0.5263365171754789,0.0,0.0
1.8351877877405718,-1.6485585211906835,0.5189805530161515,0.0,0.0
1.8351877877405718,-1.586348765674054,0.5118910307471238,0.0,0.0
1.8351877877405718,-1.5241390101574244,0.505077868487766,0.0,0.0
1.8351877877405718,-1.461929254640795,0.49854833679664134,0.0,0.0
1.8351877877405718,-1.3997194991241653,0.49230745748035043,0.0,0.0
1.8351877877405718,-1.3375097436075358,0.48635836349299555,0.0,0.0
1.8351877877405718,-1.2752999880909062,0.48070262029418453,0.0,0.0
1.8351877877405718,-1.2130902325742767,0.47534051019581347,0.0,0.0
1.8351877877405718,-1.150880477057647,0.4702712819821527,0.0,0.0
1.8351877877405718,-1.0886707215410176,0.46549336852902484,0.0,0.0
1.8351877877405718,-1.0264609660243877,0.4610045753561338,0.0,0.0
1.8351877877405718,-0.9642512105077583,0.4568022430870705,0.0,0.0
1.8351877877405718,-0.9020414549911289,0.45288338671580963,0.0,0.0
1.8351877877405718,-0.8398316994744994,0.44924481442644704,0.0,0.0
1.8351877877405718,-0.7776219439578695,0.4458832285144667,0.0,0.0
1.8351877877405718,-0.7154121884412401,0.44279531073492545,0.0,0.0
1.8351877877405718,-0.6532024329246107,0.4399777941711915,0.0,0.0
1.8351877877405718,-0.5909926774079808,0.43742752348797936,0.0,0.0
1.8351877877405718,-0.5287829218913513,0.43514150521133593,0.0,0.0
1.8351877877405718,-0.4665731663747219,0.43311694947014767,0.0,0.0
1.8351877877405718,-0.40436341085809246,0.4313513044408333,0.0,0.0
1.8351877877405718,-0.3421536553414626,0.42984228455987095,0.0,0.0
1.8351877877405718,-0.27994389982483314,0.4285878934074225,0.0,0.0
1.8351877877405718,-0.2177341443082037,0.42758644201860607,0.0,0.0
1.8351877877405718,-0.15552438879157382,0.4268365632455226,0.0,0.0
1.8351877877405718,-0.09331463327494438,0.4263372226713168,0.0,0.0
1.8351877877405718,-0.03110487775831494,0.42608772646548965,0.0,0.0
1.8351877877405718,0.031104877758314498,0.42608772646548965,0.0,0.0
1.8351877877405718,0.09331463327494438,0.4263372226713168,0.0,0.0
1.8351877877405718,0.15552438879157382,0.4268365632455226,0.0,0.0
1.8351877877405718,0.21773414430820326,0.427586442018606,0.0,0.0
1.8351877877405718,0.2799438998248327,0.4285878934074225,0.0,0.0
1.8351877877405718,0.3421536553414626,0.42984228455987095,0.0,0.0
1.8351877877405718,0.404363410858092,0.4313513044408333,0.0,0.0
1.8351877877405718,0.46657316637472146,0.43311694947014767,0.0,0.0
1.8351877877405718,0.5287829218913513,0.43514150521133593,0.0,0.0
1.8351877877405718,0.5909926774079808,0.43742752348797936,0.0,0.0
1.8351877877405718,0.6532024329246102,0.4399777941711915,0.0,0.0
1.8351877877405718,0.7154121884412397,0.4427953107349254,0.0,0.0
1.8351877877405718,0.7776219439578695,0.4458832285144667,0.0,0.0
1.8351877877405718,0.839831699474499,0.44924481442644704,0.0,0.0
1.8351877877405718,0.9020414549911289,0.45288338671580963,0.0,0.0
1.8351877877405718,0.9642512105077579,0.4568022430870704,0.0,0.0
1.8351877877405718,1.0264609660243877,0.4610045753561338,0.0,0.0
1.8351877877405718,1.0886707215410176,0.46549336852902484,0.0,0.0
1.8351877877405718,1.1508804770576466,0.4702712819821527,0.0,0.0
1.8351877877405718,1.2130902325742765,0.47534051019581347,0.0,0.0
1.8351877877405718,1.2752999880909055,0.4807026202941844,0.0,0.0
1.8351877877405718,1.3375097436075354,0.48635836349299555,0.0,0.0
1.8351877877405718,1.3997194991241653,0.49230745748035043,0.0,0.0
1.8351877877405718,1.4619292546407943,0.49854833679664123,0.0,0.0
1.8351877877405718,1.5241390101574241,0.505077868487766,0.0,0.0
1.8351877877405718,1.586348765674054,0.5118910307471238,0.0,0.0
1.8351877877405718,1.648558521190683,0.5189805530161515,0.0,0.0
1.8351877877405718,1.710768276707313,0.5263365171754789,0.0,0.0
1.8351877877405718,1.7729780322239428,0.5339459211373673,0.0,0.0
1.8351877877405718,1.8351877877405718,0.5417922084615727,0.0,0.0
1.8351877877405718,1.8973975432572017,0.5498547706767722,0.0,0.0
1.8351877877405718,1.9596072987738316,0.5581084328972762,0.0,0.0
1.8351877877405718,2.0218170542904605,0.5665229381388315,0.0,0.0
1.8351877877405718,2.0840268098070904,0.5750624514437495,0.0,0.0
1.8351877877405718,2.1462365653237194,0.5836851113946495,0.0,0.0
1.8351877877405718,2.2084463208403493,0.592342663532229,0.0,0.0
1.8351877877405718,2.270656076356979,0.600980217081548,0.0,0.0
1.8351877877405718,2.332865831873608,0.6095361724560334,0.0,0.0
1.8351877877405718,2.395075587390238,0.6179423711875005,0.0,0.0
1.8351877877405718,2.457285342906868,0.6261245209045129,0.0,0.0
1.8351877877405718,2.519495098423497,0.6340029442695035,0.0,0.0
1.8351877877405718,2.581704853940127,0.6414936909355106,0.0,0.0
1.8351877877405718,2.6439146094567567,0.6485100344662222,0.0,0.0
1.8351877877405718,2.7061243649733857,0.6549643513476834,0.0,0.0
1.8351877877405718,2.7683341204900156,0.6607703473809104,0.0,0.0
1.8351877877405718,2.8305438760066455,0.6658455599947458,0.0,0.0
1.8351877877405718,2.8927536315232745,0.6701140270367975,0.0,0.0
1.8351877877405718,2.9549633870399044,0.6735089784209173,0.0,0.0
1.8351877877405718,3.0171731425565333,0.6759753823872735,0.0,0.0
1.8351877877405718,3.0793828980731632,0.6774721685157256,0.0,0.0
1.8973975432572017,-3.141592653589793,0.6939758117813396,0.0,0.0
1.8973975432572017,-3.0793828980731637,0.6934376742300021,0.0,0.0
1.8973975432572017,-3.017173142556534,0.691832807055048,0.0,0.0
1.8973975432572017,-2.9549633870399044,0.6891894102680689,0.0,0.0
1.8973975432572017,-2.892753631523275,0.6855530676970837,0.0,0.0
1.8973975432572017,-2.8305438760066455,0.6809847521263938,0.0,0.0
1.8973975432572017,-2.7683341204900156,0.6755582725824629,0.0,0.0
1.8973975432572017,-2.706124364973386,0.6693573640083282,0.0,0.0
1.8973975432572017,-2.6439146094567567,0.6624726288546303,0.0,0.0
1.8973975432572017,-2.581704853940127,0.6549985265403782,0.0,0.0
1.8973975432572017,-2.5194950984234974,0.647030575429586,0.0,0.0
1.8973975432572017,-2.457285342906868,0.6386628898585776,0.0,0.0
1.8973975432572017,-2.395075587390238,0.6299861289629054,0.0,0.0
1.8973975432572017,-2.3328658318736086,0.6210858906537741,0.0,0.0
1.8973975432572017,-2.270656076356979,0.6120415473392162,0.0,0.0
1.8973975432572017,-2.2084463208403498,0.6029254921409846,0.0,0.0
1.8973975432572017,-2.1462365653237203,0.5938027459300107,0.0,0.0
1.8973975432572017,-2.0840268098070904,0.5847308657029529,0.0,0.0
1.8973975432572017,-2.021817054290461,0.5757600920947515,0.0,0.0
1.8973975432572017,-1.9596072987738313,0.5669336763123455,0.0,0.0
1.8973975432572017,-1.897397543257202,0.5582883326725689,0.0,0.0
1.8973975432572017,-1.8351877877405722,0.5498547706767724,0.0,0.0
1.8973975432572017,-1.7729780322239428,0.5416582689478091,0.0,0.0
1.8973975432572017,-1.7107682767073131,0.5337192615413267,0.0,0.0
1.8973975432572017,-1.6485585211906835,0.5260539145895801,0.0,0.0
1.8973975432572017,-1.586348765674054,0.5186746776621283,0.0,0.0
1.8973975432572017,-1.5241390101574244,0.5115907995384401,0.0,0.0
1.8973975432572017,-1.461929254640795,0.5048088023103379,0.0,0.0
1.8973975432572017,-1.3997194991241653,0.49833291096806087,0.0,0.0
1.8973975432572017,-1.3375097436075358,0.49216543800925905,0.0,0.0
1.8973975432572017,-1.2752999880909062,0.4863071242924806,0.0,0.0
1.8973975432572017,-1.2130902325742767,0.4807574384772478,0.0,0.0
1.8973975432572017,-1.150880477057647,0.47551483807861583,0.0,0.0
1.8973975432572017,-1.0886707215410176,0.4705769955237449,0.0,0.0
1.8973975432572017,-1.0264609660243877,0.46594099272081424,0.0,0.0
1.8973975432572017,-0.9642512105077583,0.46160348760781705,0.0,0.0
1.8973975432572017,-0.9020414549911289,0.4575608559956415,0.0,0.0
1.8973975432572017,-0.8398316994744994,0.45380931179813006,0.0,0.0
1.8973975432572017,-0.7776219439578695,0.45034500848220427,0.0,0.0
1.8973975432572017,-0.7154121884412401,0.44716412429559493,0.0,0.0
1.8973975432572017,-0.6532024329246107,0.44426293355334506,0.0,0.0
1.8973975432572017,-0.5909926774079808,0.4416378659970268,0.0,0.0
1.8973975432572017,-0.5287829218913513,0.43928555598864677,0.0,0.0
1.8973975432572017,-0.4665731663747219,0.43720288306784266,0.0,0.0
1.8973975432572017,-0.40436341085809246,0.43538700518753204,0.0,0.0
1.8973975432572017,-0.3421536553414626,0.4338353857496348,0.0,0.0
1.8973975432572017,-0.27994389982483314,0.4325458153878888,0.0,0.0
1.8973975432572017,-0.2177341443082037,0.4315164292875694,0.0,0.0
1.8973975432572017,-0.15552438879157382,0.43074572069018396,0.0,0.0
1.8973975432572017,-0.09331463327494438,0.4302325511028335,0.0,0.0
1.8973975432572017,-0.03110487775831494,0.4299761576146899,0.0,0.0
1.8973975432572017,0.031104877758314498,0.4299761576146899,0.0,0.0
1.8973975432572017,0.09331463327494438,0.4302325511028335,0.0,0.0
1.8973975432572017,0.15552438879157382,0.43074572069018396,0.0,0.0
1.8973975432572017,0.21773414430820326,0.4315164292875694,0.0,0.0
1.8973975432572017,0.2799438998248327,0.4325458153878888,0.0,0.0
1.8973975432572017,0.3421536553414626,0.4338353857496348,0.0,0.0
1.8973975432572017,0.404363410858092,0.43538700518753204,0.0,0.0
1.8973975432572017,0.46657316637472146,0.43720288306784255,0.0,0.0
1.8973975432572017,0.5287829218913513,0.43928555598864677,0.0,0.0
1.8973975432572017,0.5909926774079808,0.4416378659970268,0.0,0.0
1.8973975432572017,0.6532024329246102,0.44426293355334506,0.0,0.0
1.8973975432572017,0.7154121884412397,0.4471641242955948,0.0,0.0
1.8973975432572017,0.7776219439578695,0.45034500848220427,0.0,0.0
1.8973975432572017,0.839831699474499,0.45380931179813006,0.0,0.0
1.8973975432572017,0.9020414549911289,0.4575608559956415,0.0,0.0
1.8973975432572017,0.9642512105077579,0.46160348760781705,0.0,0.0
1.8973975432572017,1.0264609660243877,0.46594099272081424,0.0,0.0
1.8973975432572017,1.0886707215410176,0.4705769955237449,0.0,0.0
1.8973975432572017,1.1508804770576466,0.47551483807861583,0.0,0.0
1.8973975432572017,1.2130902325742765,0.4807574384772478,0.0,0.0
1.8973975432572017,1.2752999880909055,0.48630712429248046,0.0,0.0
1.8973975432572017,1.3375097436075354,0.49216543800925905,0.0,0.0
1.8973975432572017,1.3997194991241653,0.49833291096806087,0.0,0.0
1.8973975432572017,1.4619292546407943,0.5048088023103378,0.0,0.0
1.8973975432572017,1.5241390101574241,0.5115907995384401,0.0,0.0
1.8973975432572017,1.586348765674054,0.5186746776621283,0.0,0.0
1.8973975432572017,1.648558521190683,0.5260539145895801,0.0,0.0
1.8973975432572017,1.710768276707313,0.5337192615413267,0.0,0.0
1.8973975432572017,1.7729780322239428,0.5416582689478091,0.0,0.0
1.8973975432572017,1.8351877877405718,0.5498547706767722,0.0,0.0
1.8973975432572017,1.8973975432572017,0.5582883326725688,0.0,0.0
1.8973975432572017,1.9596072987738316,0.5669336763123455,0.0,0.0
1.8973975432572017,2.0218170542904605,0.5757600920947514,0.0,0.0
1.8973975432572017,2.0840268098070904,0.5847308657029529,0.0,0.0
1.8973975432572017,2.1462365653237194,0.5938027459300105,0.0,0.0
1.8973975432572017,2.2084463208403493,0.6029254921409845,0.0,0.0
1.8973975432572017,2.270656076356979,0.6120415473392162,0.0,0.0
1.8973975432572017,2.332865831873608,0.6210858906537741,0.0,0.0
1.8973975432572017,2.395075587390238,0.6299861289629054,0.0,0.0
1.8973975432572017,2.457285342906868,0.6386628898585776,0.0,0.0
1.8973975432572017,2.519495098423497,0.647030575429586,0.0,0.0
1.8973975432572017,2.581704853940127,0.6549985265403782,0.0,0.0
1.8973975432572017,2.6439146094567567,0.6624726288546303,0.0,0.0
1.8973975432572017,2.7061243649733857,0.6693573640083281,0.0,0.0
1.8973975432572017,2.7683341204900156,0.6755582725824629,0.0,0.0
1.8973975432572017,2.8305438760066455,0.6809847521263938,0.0,0.0
1.8973975432572017,2.8927536315232745,0.6855530676970836,0.0,0.0
1.8973975432572017,2.9549633870399044,0.6891894102680689,0.0,0.0
1.8973975432572017,3.0171731425565333,0.691832807055048,0.0,0.0
1.8973975432572017,3.0793828980731632,0.6934376742300021,0.0,0.0
1.9596072987738316,-3.141592653589793,0.710795231025791,0.0,0.0
1.9596072987738316,-3.0793828980731637,0.7102170430738038,0.0,0.0
1.9596072987738316,-3.017173142556534,0.7084931263484001,0.0,0.0
1.9596072987738316,-2.9549633870399044,0.7056549153770565,0.0,0.0
1.9596072987738316,-2.892753631523275,0.7017531580954843,0.0,0.0
1.9596072987738316,-2.8305438760066455,0.6968556075881316,0.0,0.0
1.9596072987738316,-2.7683341204900156,0.6910440793080005,0.0,0.0
1.9596072987738316,-2.706124364973386,0.684411112782479,0.0,0.0
1.9596072987738316,-2.6439146094567567,0.6770564856531829,0.0,0.0
1.9596072987738316,-2.581704853940127,0.6690838089867008,0.0,0.0
1.9596072987738316,-2.5194950984234974,0.6605973928962757,0.0,0.0
1.9596072987738316,-2.457285342906868,0.6516995194741938,0.0,0.0
1.9596072987738316,-2.395075587390238,0.6424882047095538,0.0,0.0
1.9596072987738316,-2.3328658318736086,0.6330554797570349,0.0,0.0
1.9596072987738316,-2.270656076356979,0.623486179529851,0.0,0.0
1.9596072987738316,-2.2084463208403498,0.6138571954826162,0.0,0.0
1.9596072987738316,-2.1462365653237203,0.6042371298469384,0.0,0.0
1.9596072987738316,-2.0840268098070904,0.5946862791995653,0.0,0.0
1.9596072987738316,-2.021817054290461,0.5852568739733945,0.0,0.0
1.9596072987738316,-1.9596072987738313,0.5759935050115019,0.0,0.0
1.9596072987738316,-1.897397543257202,0.5669336763123456,0.0,0.0
1.9596072987738316,-1.8351877877405722,0.5581084328972763,0.0,0.0
1.9596072987738316,-1.7729780322239428,0.5495430228866012,0.0,0.0
1.9596072987738316,-1.7107682767073131,0.5412575624810969,0.0,0.0
1.9596072987738316,-1.6485585211906835,0.5332676810738424,0.0,0.0
1.9596072987738316,-1.586348765674054,0.5255851309144383,0.0,0.0
1.9596072987738316,-1.5241390101574244,0.5182183515688147,0.0,0.0
1.9596072987738316,-1.461929254640795,0.5111729839456766,0.0,0.0
1.9596072987738316,-1.3997194991241653,0.5044523320480497,0.0,0.0
1.9596072987738316,-1.3375097436075358,0.498057773037065,0.0,0.0
1.9596072987738316,-1.2752999880909062,0.4919891178485734,0.0,0.0
1.9596072987738316,-1.2130902325742767,0.4862449256508985,0.0,0.0
1.9596072987738316,-1.150880477057647,0.4808227760214793,0.0,0.0
1.9596072987738316,-1.0886707215410176,0.4757195029741649,0.0,0.0
1.9596072987738316,-1.0264609660243877,0.4709313949862552,0.0,0.0
1.9596072987738316,-0.9642512105077583,0.46645436503210136,0.0,0.0
1.9596072987738316,-0.9020414549911289,0.4622840943866572,0.0,0.0
1.9596072987738316,-0.8398316994744994,0.458416153660987,0.0,0.0
1.9596072987738316,-0.7776219439578695,0.4548461042033558,0.0,0.0
1.9596072987738316,-0.7154121884412401,0.4515695826656139,0.0,0.0
1.9596072987738316,-0.6532024329246107,0.44858237120941113,0.0,0.0
1.9596072987738316,-0.5909926774079808,0.4458804555192184,0.0,0.0
1.9596072987738316,-0.5287829218913513,0.4434600725042127,0.0,0.0
1.9596072987738316,-0.4665731663747219,0.4413177493110337,0.0,0.0
1.9596072987738316,-0.40436341085809246,0.4394503350345826,0.0,0.0
1.9596072987738316,-0.3421536553414626,0.4378550263034862,0.0,0.0
1.9596072987738316,-0.27994389982483314,0.4365293877288262,0.0,0.0
1.9596072987738316,-0.2177341443082037,0.43547136803702935,0.0,0.0
1.9596072987738316,-0.15552438879157382,0.43467931255791115,0.0,0.0
1.9596072987738316,-0.09331463327494438,0.434151972604176,0.0,0.0
1.9596072987738316,-0.03110487775831494,0.43388851215654806,0.0,0.0
1.9596072987738316,0.031104877758314498,0.43388851215654806,0.0,0.0
1.9596072987738316,0.09331463327494438,0.434151972604176,0.0,0.0
1.9596072987738316,0.15552438879157382,0.43467931255791115,0.0,0.0
1.9596072987738316,0.21773414430820326,0.43547136803702935,0.0,0.0
1.9596072987738316,0.2799438998248327,0.4365293877288262,0.0,0.0
1.9596072987738316,0.3421536553414626,0.4378550263034862,0.0,0.0
1.9596072987738316,0.404363410858092,0.4394503350345826,0.0,0.0
1.9596072987738316,0.46657316637472146,0.4413177493110336,0.0,0.0
1.9596072987738316,0.5287829218913513,0.4434600725042127,0.0,0.0
1.9596072987738316,0.5909926774079808,0.4458804555192184,0.0,0.0
1.9596072987738316,0.6532024329246102,0.44858237120941113,0.0,0.0
1.9596072987738316,0.7154121884412397,0.4515695826656138,0.0,0.0
1.9596072987738316,0.7776219439578695,0.4548461042033558,0.0,0.0
1.9596072987738316,0.839831699474499,0.458416153660987,0.0,0.0
1.9596072987738316,0.9020414549911289,0.4622840943866572,0.0,0.0
1.9596072987738316,0.9642512105077579,0.4664543650321013,0.0,0.0
1.9596072987738316,1.0264609660243877,0.4709313949862552,0.0,0.0
1.9596072987738316,1.0886707215410176,0.4757195029741649,0.0,0.0
1.9596072987738316,1.1508804770576466,0.4808227760214792,0.0,0.0
1.9596072987738316,1.2130902325742765,0.4862449256508985,0.0,0.0
1.9596072987738316,1.2752999880909055,0.4919891178485733,0.0,0.0
1.9596072987738316,1.3375097436075354,0.4980577730370649,0.0,0.0
1.9596072987738316,1.3997194991241653,0.5044523320480497,0.0,0.0
1.9596072987738316,1.4619292546407943,0.5111729839456766,0.0,0.0
1.9596072987738316,1.5241390101574241,0.5182183515688147,0.0,0.0
1.9596072987738316,1.586348765674054,0.5255851309144383,0.0,0.0
1.9596072987738316,1.648558521190683,0.5332676810738424,0.0,0.0
1.9596072987738316,1.710768276707313,0.5412575624810968,0.0,0.0
1.9596072987738316,1.7729780322239428,0.5495430228866012,0.0,0.0
1.9596072987738316,1.8351877877405718,0.5581084328972762,0.0,0.0
1.9596072987738316,1.8973975432572017,0.5669336763123455,0.0,0.0
1.9596072987738316,1.9596072987738316,0.5759935050115019,0.0,0.0
1.9596072987738316,2.0218170542904605,0.5852568739733944,0.0,0.0
1.9596072987738316,2.0840268098070904,0.5946862791995653,0.0,0.0
1.9596072987738316,2.1462365653237194,0.6042371298469383,0.0,0.0
1.9596072987738316,2.2084463208403493,0.6138571954826161,0.0,0.0
1.9596072987738316,2.270656076356979,0.623486179529851,0.0,0.0
1.9596072987738316,2.332865831873608,0.6330554797570348,0.0,0.0
1.9596072987738316,2.395075587390238,0.6424882047095538,0.0,0.0
1.9596072987738316,2.457285342906868,0.6516995194741938,0.0,0.0
1.9596072987738316,2.519495098423497,0.6605973928962756,0.0,0.0
1.9596072987738316,2.581704853940127,0.6690838089867008,0.0,0.0
1.9596072987738316,2.6439146094567567,0.6770564856531829,0.0,0.0
1.9596072987738316,2.7061243649733857,0.6844111127824789,0.0,0.0
1.9596072987738316,2.7683341204900156,0.6910440793080005,0.0,0.0
1.9596072987738316,2.8305438760066455,0.6968556075881316,0.0,0.0
1.9596072987738316,2.8927536315232745,0.7017531580954842,0.0,0.0
1.9596072987738316,2.9549633870399044,0.7056549153770565,0.0,0.0
1.9596072987738316,3.0171731425565333,0.7084931263484,0.0,0.0
1.9596072987738316,3.0793828980731632,0.7102170430738037,0.0,0.0
2.0218170542904605,-3.141592653589793,0.7284271662678297,0.0,0.0
2.0218170542904605,-3.0793828980731637,0.7278049128125264,0.0,0.0
2.0218170542904605,-3.017173142556534,0.7259500630065849,0.0,0.0
2.0218170542904605,-2.9549633870399044,0.7228977574709671,0.0,0.0
2.0218170542904605,-2.892753631523275,0.7187046503271007,0.0,0.0
2.0218170542904605,-2.8305438760066455,0.7134462281828045,0.0,0.0
2.0218170542904605,-2.7683341204900156,0.7072134057430235,0.0,0.0
2.0218170542904605,-2.706124364973386,0.7001086845353274,0.0,0.0
2.0218170542904605,-2.6439146094567567,0.6922421689683816,0.0,0.0
2.0218170542904605,-2.581704853940127,0.6837277078636353,0.0,0.0
2.0218170542904605,-2.5194950984234974,0.6746793786725006,0.0,0.0
2.0218170542904605,-2.457285342906868,0.6652084671363817,0.0,0.0
2.0218170542904605,-2.395075587390238,0.6554210281915946,0.0,0.0
2.0218170542904605,-2.3328658318736086,0.6454160532497426,0.0,0.0
2.0218170542904605,-2.270656076356979,0.6352842201911751,0.0,0.0
2.0218170542904605,-2.2084463208403498,0.6251071678744352,0.0,0.0
2.0218170542904605,-2.1462365653237203,0.6149572164552638,0.0,0.0
2.0218170542904605,-2.0840268098070904,0.6048974463624633,0.0,0.0
2.0218170542904605,-2.021817054290461,0.5949820495804439,0.0,0.0
2.0218170542904605,-1.9596072987738313,0.5852568739733944,0.0,0.0
2.0218170542904605,-1.897397543257202,0.5757600920947515,0.0,0.0
2.0218170542904605,-1.8351877877405722,0.5665229381388316,0.0,0.0
2.0218170542904605,-1.7729780322239428,0.5575704688898001,0.0,0.0
2.0218170542904605,-1.7107682767073131,0.5489223157375721,0.0,0.0
2.0218170542904605,-1.6485585211906835,0.5405934045383678,0.0,0.0
2.0218170542904605,-1.586348765674054,0.5325946281051912,0.0,0.0
2.0218170542904605,-1.5241390101574244,0.5249334624446751,0.0,0.0
2.0218170542904605,-1.461929254640795,0.5176145226650434,0.0,0.0
2.0218170542904605,-1.3997194991241653,0.510640057981941,0.0,0.0
2.0218170542904605,-1.3375097436075358,0.5040103876792688,0.0,0.0
2.0218170542904605,-1.2752999880909062,0.4977242814659601,0.0,0.0
2.0218170542904605,-1.2130902325742767,0.4917792886071793,0.0,0.0
2.0218170542904605,-1.150880477057647,0.48617202066903886,0.0,0.0
2.0218170542904605,-1.0886707215410176,0.4808983928371114,0.0,0.0
2.0218170542904605,-1.0264609660243877,0.4759538286587654,0.0,0.0
2.0218170542904605,-0.9642512105077583,0.4713334328000475,0.0,0.0
2.0218170542904605,-0.9020414549911289,0.46703213606050614,0.0,0.0
2.0218170542904605,-0.8398316994744994,0.4630448164979603,0.0,0.0
2.0218170542904605,-0.7776219439578695,0.4593664001103502,0.0,0.0
2.0218170542904605,-0.7154121884412401,0.45599194412392524,0.0,0.0
2.0218170542904605,-0.6532024329246107,0.4529167055590474,0.0,0.0
2.0218170542904605,-0.5909926774079808,0.4501361973942628,0.0,0.0
2.0218170542904605,-0.5287829218913513,0.4476462343295952,0.0,0.0
2.0218170542904605,-0.4665731663747219,0.4454429698621793,0.0,0.0
2.0218170542904605,-0.40436341085809246,0.4435229261304965,0.0,0.0
2.0218170542904605,-0.3421536553414626,0.4418830177556656,0.0,0.0
2.0218170542904605,-0.27994389982483314,0.44052057070679923,0.0,0.0
2.0218170542904605,-0.2177341443082037,0.43943333703941273,0.0,0.0
2.0218170542904605,-0.15552438879157382,0.4386195061981016,0.0,0.0
2.0218170542904605,-0.09331463327494438,0.4380777134340795,0.0,0.0
2.0218170542904605,-0.03110487775831494,0.4378070457615747,0.0,0.0
2.0218170542904605,0.031104877758314498,0.4378070457615747,0.0,0.0
2.0218170542904605,0.09331463327494438,0.4380777134340795,0.0,0.0
2.0218170542904605,0.15552438879157382,0.4386195061981016,0.0,0.0
2.0218170542904605,0.21773414430820326,0.4394333370394126,0.0,0.0
2.0218170542904605,0.2799438998248327,0.44052057070679923,0.0,0.0
2.0218170542904605,0.3421536553414626,0.4418830177556656,0.0,0.0
2.0218170542904605,0.404363410858092,0.4435229261304965,0.0,0.0
2.0218170542904605,0.46657316637472146,0.4454429698621792,0.0,0.0
2.0218170542904605,0.5287829218913513,0.4476462343295952,0.0,0.0
2.0218170542904605,0.5909926774079808,0.4501361973942628,0.0,0.0
2.0218170542904605,0.6532024329246102,0.4529167055590474,0.0,0.0
2.0218170542904605,0.7154121884412397,0.45599194412392513,0.0,0.0
2.0218170542904605,0.7776219439578695,0.4593664001103502,0.0,0.0
2.0218170542904605,0.839831699474499,0.4630448164979603,0.0,0.0
2.0218170542904605,0.9020414549911289,0.46703213606050614,0.0,0.0
2.0218170542904605,0.9642512105077579,0.4713334328000474,0.0,0.0
2.0218170542904605,1.0264609660243877,0.4759538286587654,0.0,0.0
2.0218170542904605,1.0886707215410176,0.4808983928371114,0.0,0.0
2.0218170542904605,1.1508804770576466,0.48617202066903886,0.0,0.0
2.0218170542904605,1.2130902325742765,0.4917792886071793,0.0,0.0
2.0218170542904605,1.2752999880909055,0.49772428146596004,0.0,0.0
2.0218170542904605,1.3375097436075354,0.5040103876792688,0.0,0.0
2.0218170542904605,1.3997194991241653,0.510640057981941,0.0,0.0
2.0218170542904605,1.4619292546407943,0.5176145226650433,0.0,0.0
2.0218170542904605,1.5241390101574241,0.5249334624446751,0.0,0.0
2.0218170542904605,1.586348765674054,0.5325946281051912,0.0,0.0
2.0218170542904605,1.648558521190683,0.5405934045383678,0.0,0.0
2.0218170542904605,1.710768276707313,0.5489223157375721,0.0,0.0
2.0218170542904605,1.7729780322239428,0.5575704688898001,0.0,0.0
2.0218170542904605,1.8351877877405718,0.5665229381388315,0.0,0.0
2.0218170542904605,1.8973975432572017,0.5757600920947514,0.0,0.0
2.0218170542904605,1.9596072987738316,0.5852568739733944,0.0,0.0
2.0218170542904605,2.0218170542904605,0.5949820495804439,0.0,0.0
2.0218170542904605,2.0840268098070904,0.6048974463624633,0.0,0.0
2.0218170542904605,2.1462365653237194,0.6149572164552637,0.0,0.0
2.0218170542904605,2.2084463208403493,0.6251071678744352,0.0,0.0
2.0218170542904605,2.270656076356979,0.6352842201911751,0.0,0.0
2.0218170542904605,2.332865831873608,0.6454160532497424,0.0,0.0
2.0218170542904605,2.395075587390238,0.6554210281915946,0.0,0.0
2.0218170542904605,2.457285342906868,0.6652084671363817,0.0,0.0
2.0218170542904605,2.519495098423497,0.6746793786725005,0.0,0.0
2.0218170542904605,2.581704853940127,0.6837277078636353,0.0,0.0
2.0218170542904605,2.6439146094567567,0.6922421689683816,0.0,0.0
2.0218170542904605,2.7061243649733857,0.7001086845353273,0.0,0.0
2.0218170542904605,2.7683341204900156,0.7072134057430235,0.0,0.0
2.0218170542904605,2.8305438760066455,0.7134462281828045,0.0,0.0
2.0218170542904605,2.8927536315232745,0.7187046503271007,0.0,0.0
2.0218170542904605,2.9549633870399044,0.7228977574709671,0.0,0.0
2.0218170542904605,3.0171731425565333,0.7259500630065849,0.0,0.0
2.0218170542904605,3.0793828980731632,0.7278049128125262,0.0,0.0
2.0840268098070904,-3.141592653589793,0.7468537654928633,0.0,0.0
2.0840268098070904,-3.0793828980731637,0.7461831290679122,0.0,0.0
2.0840268098070904,-3.017173142556534,0.7441845779828091,0.0,0.0
2.0840268098070904,-2.9549633870399044,0.740897495095917,0.0,0.0
2.0840268098070904,-2.892753631523275,0.7363852818961548,0.0,0.0
2.0840268098070904,-2.8305438760066455,0.7307322342283343,0.0,0.0
2.0840268098070904,-2.7683341204900156,0.724039591938868,0.0,0.0
2.0840268098070904,-2.706124364973386,0.7164211070956706,0.0,0.0
2.0840268098070904,-2.6439146094567567,0.7079984810571871,0.0,0.0
2.0840268098070904,-2.581704853940127,0.6988969850015259,0.0,0.0
2.0840268098070904,-2.5194950984234974,0.6892415134586279,0.0,0.0
2.0840268098070904,-2.457285342906868,0.6791532404481009,0.0,0.0
2.0840268098070904,-2.395075587390238,0.6687469667466183,0.0,0.0
2.0840268098070904,-2.3328658318736086,0.6581291751316186,0.0,0.0
2.0840268098070904,-2.270656076356979,0.647396754484659,0.0,0.0
2.0840268098070904,-2.2084463208403498,0.6366363156299962,0.0,0.0
2.0840268098070904,-2.1462365653237203,0.6259240008169615,0.0,0.0
2.0840268098070904,-2.0840268098070904,0.6153256819547248,0.0,0.0
2.0840268098070904,-2.021817054290461,0.6048974463624635,0.0,0.0
2.0840268098070904,-1.9596072987738313,0.5946862791995652,0.0,0.0
2.0840268098070904,-1.897397543257202,0.5847308657029529,0.0,0.0
2.0840268098070904,-1.8351877877405722,0.5750624514437495,0.0,0.0
2.0840268098070904,-1.7729780322239428,0.5657057133546826,0.0,0.0
2.0840268098070904,-1.7107682767073131,0.5566796072747638,0.0,0.0
2.0840268098070904,-1.6485585211906835,0.5479981687311949,0.0,0.0
2.0840268098070904,-1.586348765674054,0.5396712525174547,0.0,0.0
2.0840268098070904,-1.5241390101574244,0.5317052034483345,0.0,0.0
2.0840268098070904,-1.461929254640795,0.524103455719515,0.0,0.0
2.0840268098070904,-1.3997194991241653,0.516867061864131,0.0,0.0
2.0840268098070904,-1.3375097436075358,0.5099951546776508,0.0,0.0
2.0840268098070904,-1.2752999880909062,0.5034853469467595,0.0,0.0
2.0840268098070904,-1.2130902325742767,0.4973340746014984,0.0,0.0
2.0840268098070904,-1.150880477057647,0.4915368892047531,0.0,0.0
2.0840268098070904,-1.0886707215410176,0.4860887056514304,0.0,0.0
2.0840268098070904,-1.0264609660243877,0.4809840106879555,0.0,0.0
2.0840268098070904,-0.9642512105077583,0.4762170374678966,0.0,0.0
2.0840268098070904,-0.9020414549911289,0.47178191089429977,0.0,0.0
2.0840268098070904,-0.8398316994744994,0.4676727680075406,0.0,0.0
2.0840268098070904,-0.7776219439578695,0.46388385718864533,0.0,0.0
2.0840268098070904,-0.7154121884412401,0.4604096194808875,0.0,0.0
2.0840268098070904,-0.6532024329246107,0.4572447548980795,0.0,0.0
2.0840268098070904,-0.5909926774079808,0.4543842761919201,0.0,0.0
2.0840268098070904,-0.5287829218913513,0.45182355219485865,0.0,0.0
2.0840268098070904,-0.4665731663747219,0.4495583425385169,0.0,0.0
2.0840268098070904,-0.40436341085809246,0.4475848252685517,0.0,0.0
2.0840268098070904,-0.3421536553414626,0.44589961863177013,0.0,0.0
2.0840268098070904,-0.27994389982483314,0.4444997980966981,0.0,0.0
2.0840268098070904,-0.2177341443082037,0.4433829094808302,0.0,0.0
2.0840268098070904,-0.15552438879157382,0.4425469788926309,0.0,0.0
2.0840268098070904,-0.09331463327494438,0.4419905200503104,0.0,0.0
2.0840268098070904,-0.03110487775831494,0.441712539408907,0.0,0.0
2.0840268098070904,0.031104877758314498,0.441712539408907,0.0,0.0
2.0840268098070904,0.09331463327494438,0.4419905200503104,0.0,0.0
2.0840268098070904,0.15552438879157382,0.4425469788926309,0.0,0.0
2.0840268098070904,0.21773414430820326,0.4433829094808302,0.0,0.0
2.0840268098070904,0.2799438998248327,0.4444997980966981,0.0,0.0
2.0840268098070904,0.3421536553414626,0.44589961863177013,0.0,0.0
2.0840268098070904,0.404363410858092,0.4475848252685517,0.0,0.0
2.0840268098070904,0.46657316637472146,0.44955834253851684,0.0,0.0
2.0840268098070904,0.5287829218913513,0.45182355219485865,0.0,0.0
2.0840268098070904,0.5909926774079808,0.4543842761919201,0.0,0.0
2.0840268098070904,0.6532024329246102,0.4572447548980795,0.0,0.0
2.0840268098070904,0.7154121884412397,0.4604096194808875,0.0,0.0
2.0840268098070904,0.7776219439578695,0.46388385718864533,0.0,0.0
2.0840268098070904,0.839831699474499,0.4676727680075406,0.0,0.0
2.0840268098070904,0.9020414549911289,0.47178191089429977,0.0,0.0
2.0840268098070904,0.9642512105077579,0.47621703746789656,0.0,0.0
2.0840268098070904,1.0264609660243877,0.4809840106879555,0.0,0.0
2.0840268098070904,1.0886707215410176,0.4860887056514304,0.0,0.0
2.0840268098070904,1.1508804770576466,0.4915368892047531,0.0,0.0
2.0840268098070904,1.2130902325742765,0.4973340746014984,0.0,0.0
2.0840268098070904,1.2752999880909055,0.5034853469467594,0.0,0.0
2.0840268098070904,1.3375097436075354,0.5099951546776507,0.0,0.0
2.0840268098070904,1.3997194991241653,0.516867061864131,0.0,0.0
2.0840268098070904,1.4619292546407943,0.5241034557195149,0.0,0.0
2.0840268098070904,1.5241390101574241,0.5317052034483345,0.0,0.0
2.0840268098070904,1.586348765674054,0.5396712525174547,0.0,0.0
2.0840268098070904,1.648558521190683,0.5479981687311949,0.0,0.0
2.0840268098070904,1.710768276707313,0.5566796072747638,0.0,0.0
2.0840268098070904,1.7729780322239428,0.5657057133546826,0.0,0.0
2.0840268098070904,1.8351877877405718,0.5750624514437495,0.0,0.0
2.0840268098070904,1.8973975432572017,0.5847308657029529,0.0,0.0
2.0840268098070904,1.9596072987738316,0.5946862791995653,0.0,0.0
2.0840268098070904,2.0218170542904605,0.6048974463624633,0.0,0.0
2.0840268098070904,2.0840268098070904,0.6153256819547248,0.0,0.0
2.0840268098070904,2.1462365653237194,0.6259240008169614,0.0,0.0
2.0840268098070904,2.2084463208403493,0.6366363156299961,0.0,0.0
2.0840268098070904,2.270656076356979,0.647396754484659,0.0,0.0
2.0840268098070904,2.332865831873608,0.6581291751316185,0.0,0.0
2.0840268098070904,2.395075587390238,0.6687469667466183,0.0,0.0
2.0840268098070904,2.457285342906868,0.6791532404481009,0.0,0.0
2.0840268098070904,2.519495098423497,0.6892415134586278,0.0,0.0
2.0840268098070904,2.581704853940127,0.6988969850015259,0.0,0.0
2.0840268098070904,2.6439146094567567,0.7079984810571871,0.0,0.0
2.0840268098070904,2.7061243649733857,0.7164211070956705,0.0,0.0
2.0840268098070904,2.7683341204900156,0.724039591938868,0.0,0.0
2.0840268098070904,2.8305438760066455,0.7307322342283343,0.0,0.0
2.0840268098070904,2.8927536315232745,0.7363852818961548,0.0,0.0
2.0840268098070904,2.9549633870399044,0.740897495095917,0.0,0.0
2.0840268098070904,3.0171731425565333,0.7441845779828091,0.0,0.0
2.0840268098070904,3.0793828980731632,0.7461831290679122,0.0,0.0
2.1462365653237194,-3.141592653589793,0.7660408583834629,0.0,0.0
2.1462365653237194,-3.0793828980731637,0.7653172463436898,0.0,0.0
2.1462365653237194,-3.017173142556534,0.7631614241413884,0.0,0.0
2.1462365653237194,-2.9549633870399044,0.7596176215945343,0.0,0.0
2.1462365653237194,-2.892753631523275,0.7547569332693742,0.0,0.0
2.1462365653237194,-2.8305438760066455,0.7486736677459331,0.0,0.0
2.1462365653237194,-2.7683341204900156,0.7414807525540382,0.0,0.0
2.1462365653237194,-2.706124364973386,0.7333046105966216,0.0,0.0
2.1462365653237194,-2.6439146094567567,0.7242799259515883,0.0,0.0
2.1462365653237194,-2.581704853940127,0.7145446685241328,0.0,0.0
2.1462365653237194,-2.5194950984234974,0.7042356638870527,0.0,0.0
2.1462365653237194,-2.457285342906868,0.6934848954659071,0.0,0.0
2.1462365653237194,-2.395075587390238,0.6824166280922201,0.0,0.0
2.1462365653237194,-2.3328658318736086,0.671145357449148,0.0,0.0
2.1462365653237194,-2.270656076356979,0.6597745260746524,0.0,0.0
2.1462365653237194,-2.2084463208403498,0.6483959052416137,0.0,0.0
2.1462365653237194,-2.1462365653237203,0.6370895212954094,0.0,0.0
2.1462365653237194,-2.0840268098070904,0.6259240008169614,0.0,0.0
2.1462365653237194,-2.021817054290461,0.6149572164552638,0.0,0.0
2.1462365653237194,-1.9596072987738313,0.6042371298469383,0.0,0.0
2.1462365653237194,-1.897397543257202,0.5938027459300106,0.0,0.0
2.1462365653237194,-1.8351877877405722,0.5836851113946496,0.0,0.0
2.1462365653237194,-1.7729780322239428,0.5739083071972594,0.0,0.0
2.1462365653237194,-1.7107682767073131,0.5644904000041976,0.0,0.0
2.1462365653237194,-1.6485585211906835,0.5554443297328975,0.0,0.0
2.1462365653237194,-1.586348765674054,0.546778720024645,0.0,0.0
2.1462365653237194,-1.5241390101574244,0.5384986057524398,0.0,0.0
2.1462365653237194,-1.461929254640795,0.5306060768902136,0.0,0.0
2.1462365653237194,-1.3997194991241653,0.5231008416291332,0.0,0.0
2.1462365653237194,-1.3375097436075358,0.5159807138883392,0.0,0.0
2.1462365653237194,-1.2752999880909062,0.5092420316535842,0.0,0.0
2.1462365653237194,-1.2130902325742767,0.502880013156813,0.0,0.0
2.1462365653237194,-1.150880477057647,0.4968890579978986,0.0,0.0
2.1462365653237194,-1.0886707215410176,0.4912630000725893,0.0,0.0
2.1462365653237194,-1.0264609660243877,0.48599531873247925,0.0,0.0
2.1462365653237194,-0.9642512105077583,0.4810793140535616,0.0,0.0
2.1462365653237194,-0.9020414549911289,0.4765082514928478,0.0,0.0
2.1462365653237194,-0.8398316994744994,0.4722754806103778,0.0,0.0
2.1462365653237194,-0.7776219439578695,0.468374531954086,0.0,0.0
2.1462365653237194,-0.7154121884412401,0.4647991956638604,0.0,0.0
2.1462365653237194,-0.6532024329246107,0.46154358485728103,0.0,0.0
2.1462365653237194,-0.5909926774079808,0.45860218641622147,0.0,0.0
2.1462365653237194,-0.5287829218913513,0.4559699014004236,0.0,0.0
2.1462365653237194,-0.4665731663747219,0.45364207696882825,0.0,0.0
2.1462365653237194,-0.40436341085809246,0.451614531388023,0.0,0.0
2.1462365653237194,-0.3421536553414626,0.4498835734451844,0.0,0.0
2.1462365653237194,-0.27994389982483314,0.4484460173556048,0.0,0.0
2.1462365653237194,-0.2177341443082037,0.4472991940575802,0.0,0.0
2.1462365653237194,-0.15552438879157382,0.44644095961553676,0.0,0.0
2.1462365653237194,-0.09331463327494438,0.44586970130149456,0.0,0.0
2.1462365653237194,-0.03110487775831494,0.4455843417912494,0.0,0.0
2.1462365653237194,0.031104877758314498,0.4455843417912494,0.0,0.0
2.1462365653237194,0.09331463327494438,0.44586970130149456,0.0,0.0
2.1462365653237194,0.15552438879157382,0.44644095961553676,0.0,0.0
2.1462365653237194,0.21773414430820326,0.4472991940575802,0.0,0.0
2.1462365653237194,0.2799438998248327,0.4484460173556048,0.0,0.0
2.1462365653237194,0.3421536553414626,0.4498835734451844,0.0,0.0
2.1462365653237194,0.404363410858092,0.451614531388023,0.0,0.0
2.1462365653237194,0.46657316637472146,0.4536420769688282,0.0,0.0
2.1462365653237194,0.5287829218913513,0.4559699014004236,0.0,0.0
2.1462365653237194,0.5909926774079808,0.45860218641622147,0.0,0.0
2.1462365653237194,0.6532024329246102,0.46154358485728103,0.0,0.0
2.1462365653237194,0.7154121884412397,0.4647991956638603,0.0,0.0
2.1462365653237194,0.7776219439578695,0.468374531954086,0.0,0.0
2.1462365653237194,0.839831699474499,0.4722754806103778,0.0,0.0
2.1462365653237194,0.9020414549911289,0.4765082514928478,0.0,0.0
2.1462365653237194,0.9642512105077579,0.48107931405356147,0.0,0.0
2.1462365653237194,1.0264609660243877,0.48599531873247925,0.0,0.0
2.1462365653237194,1.0886707215410176,0.4912630000725893,0.0,0.0
2.1462365653237194,1.1508804770576466,0.4968890579978986,0.0,0.0
2.1462365653237194,1.2130902325742765,0.502880013156813,0.0,0.0
2.1462365653237194,1.2752999880909055,0.5092420316535842,0.0,0.0
2.1462365653237194,1.3375097436075354,0.5159807138883392,0.0,0.0
2.1462365653237194,1.3997194991241653,0.5231008416291332,0.0,0.0
2.1462365653237194,1.4619292546407943,0.5306060768902136,0.0,0.0
2.1462365653237194,1.5241390101574241,0.5384986057524398,0.0,0.0
2.1462365653237194,1.586348765674054,0.546778720024645,0.0,0.0
2.1462365653237194,1.648558521190683,0.5554443297328975,0.0,0.0
2.1462365653237194,1.710768276707313,0.5644904000041975,0.0,0.0
2.1462365653237194,1.7729780322239428,0.5739083071972594,0.0,0.0
2.1462365653237194,1.8351877877405718,0.5836851113946495,0.0,0.0
2.1462365653237194,1.8973975432572017,0.5938027459300106,0.0,0.0
2.1462365653237194,1.9596072987738316,0.6042371298469383,0.0,0.0
2.1462365653237194,2.0218170542904605,0.6149572164552637,0.0,0.0
2.1462365653237194,2.0840268098070904,0.6259240008169614,0.0,0.0
2.1462365653237194,2.1462365653237194,0.6370895212954092,0.0,0.0
2.1462365653237194,2.2084463208403493,0.6483959052416136,0.0,0.0
2.1462365653237194,2.270656076356979,0.6597745260746524,0.0,0.0
2.1462365653237194,2.332865831873608,0.6711453574491479,0.0,0.0
2.1462365653237194,2.395075587390238,0.6824166280922201,0.0,0.0
2.1462365653237194,2.457285342906868,0.6934848954659071,0.0,0.0
2.1462365653237194,2.519495098423497,0.7042356638870526,0.0,0.0
2.1462365653237194,2.581704853940127,0.7145446685241328,0.0,0.0
2.1462365653237194,2.6439146094567567,0.7242799259515883,0.0,0.0
2.1462365653237194,2.7061243649733857,0.7333046105966214,0.0,0.0
2.1462365653237194,2.7683341204900156,0.7414807525540382,0.0,0.0
2.1462365653237194,2.8305438760066455,0.7486736677459331,0.0,0.0
2.1462365653237194,2.8927536315232745,0.7547569332693742,0.0,0.0
2.1462365653237194,2.9549633870399044,0.7596176215945343,0.0,0.0
2.1462365653237194,3.0171731425565333,0.7631614241413883,0.0,0.0
2.1462365653237194,3.0793828980731632,0.7653172463436898,0.0,0.0
2.2084463208403493,-3.141592653589793,0.7859338763451988,0.0,0.0
2.2084463208403493,-3.0793828980731637,0.7851524723197776,0.0,0.0
2.2084463208403493,-3.017173142556534,0.7828251625213712,0.0,0.0
2.2084463208403493,-2.9549633870399044,0.7790016985542259,0.0,0.0
2.2084463208403493,-2.892753631523275,0.773761919663251,0.0,0.0
2.2084463208403493,-2.8305438760066455,0.7672114782606697,0.0,0.0
2.2084463208403493,-2.7683341204900156,0.7594764857039015,0.0,0.0
2.2084463208403493,-2.706124364973386,0.7506975809814772,0.0,0.0
2.2084463208403493,-2.6439146094567567,0.7410239214570059,0.0,0.0
2.2084463208403493,-2.581704853940127,0.7306075295396625,0.0,0.0
2.2084463208403493,-2.5194950984234974,0.7195983230460749,0.0,0.0
2.2084463208403493,-2.457285342906868,0.7081400340664663,0.0,0.0
2.2084463208403493,-2.395075587390238,0.6963671025738731,0.0,0.0
2.2084463208403493,-2.3328658318736086,0.6844025317495982,0.0,0.0
2.2084463208403493,-2.270656076356979,0.6723566196353195,0.0,0.0
2.2084463208403493,-2.2084463208403498,0.6603264374321858,0.0,0.0
2.2084463208403493,-2.1462365653237203,0.6483959052416137,0.0,0.0
2.2084463208403493,-2.0840268098070904,0.6366363156299961,0.0,0.0
2.2084463208403493,-2.021817054290461,0.6251071678744352,0.0,0.0
2.2084463208403493,-1.9596072987738313,0.613857195482616,0.0,0.0
2.2084463208403493,-1.897397543257202,0.6029254921409846,0.0,0.0
2.2084463208403493,-1.8351877877405722,0.5923426635322291,0.0,0.0
2.2084463208403493,-1.7729780322239428,0.5821319525856757,0.0,0.0
2.2084463208403493,-1.7107682767073131,0.5723103027467747,0.0,0.0
2.2084463208403493,-1.6485585211906835,0.5628893375116384,0.0,0.0
2.2084463208403493,-1.586348765674054,0.553876244930216,0.0,0.0
2.2084463208403493,-1.5241390101574244,0.5452745634264995,0.0,0.0
2.2084463208403493,-1.461929254640795,0.5370848705974571,0.0,0.0
2.2084463208403493,-1.3997194991241653,0.529305380120686,0.0,0.0
2.2084463208403493,-1.3375097436075358,0.5219324539667971,0.0,0.0
2.2084463208403493,-1.2752999880909062,0.5149610381531121,0.0,0.0
2.2084463208403493,-1.2130902325742767,0.5083850305954797,0.0,0.0
2.2084463208403493,-1.150880477057647,0.5021975894525382,0.0,0.0
2.2084463208403493,-1.0886707215410176,0.4963913898902804,0.0,0.0
2.2084463208403493,-1.0264609660243877,0.4909588365545047,0.0,0.0
2.2084463208403493,-0.9642512105077583,0.48589223831637646,0.0,0.0
2.2084463208403493,-0.9020414549911289,0.48118395111411066,0.0,0.0
2.2084463208403493,-0.8398316994744994,0.47682649399199734,0.0,0.0
2.2084463208403493,-0.7776219439578695,0.4728126427610086,0.0,0.0
2.2084463208403493,-0.7154121884412401,0.46913550508620067,0.0,0.0
2.2084463208403493,-0.6532024329246107,0.465788580250552,0.0,0.0
2.2084463208403493,-0.5909926774079808,0.46276580635317033,0.0,0.0
2.2084463208403493,-0.5287829218913513,0.46006159726921386,0.0,0.0
2.2084463208403493,-0.4665731663747219,0.4576708713247668,0.0,0.0
2.2084463208403493,-0.40436341085809246,0.45558907331672144,0.0,0.0
2.2084463208403493,-0.3421536553414626,0.45381219122949523,0.0,0.0
2.2084463208403493,-0.27994389982483314,0.452336768761228,0.0,0.0
2.2084463208403493,-0.2177341443082037,0.45115991456628673,0.0,0.0
2.2084463208403493,-0.15552438879157382,0.45027930894310625,0.0,0.0
2.2084463208403493,-0.09331463327494438,0.44969320854170847,0.0,0.0
2.2084463208403493,-0.03110487775831494,0.4494004495291112,0.0,0.0
2.2084463208403493,0.031104877758314498,0.4494004495291112,0.0,0.0
2.2084463208403493,0.09331463327494438,0.44969320854170847,0.0,0.0
2.2084463208403493,0.15552438879157382,0.45027930894310625,0.0,0.0
2.2084463208403493,0.21773414430820326,0.4511599145662867,0.0,0.0
2.2084463208403493,0.2799438998248327,0.452336768761228,0.0,0.0
2.2084463208403493,0.3421536553414626,0.45381219122949523,0.0,0.0
2.2084463208403493,0.404363410858092,0.4555890733167215,0.0,0.0
2.2084463208403493,0.46657316637472146,0.4576708713247667,0.0,0.0
2.2084463208403493,0.5287829218913513,0.46006159726921386,0.0,0.0
2.2084463208403493,0.5909926774079808,0.46276580635317033,0.0,0.0
2.2084463208403493,0.6532024329246102,0.465788580250552,0.0,0.0
2.2084463208403493,0.7154121884412397,0.46913550508620055,0.0,0.0
2.2084463208403493,0.7776219439578695,0.4728126427610086,0.0,0.0
2.2084463208403493,0.839831699474499,0.47682649399199734,0.0,0.0
2.2084463208403493,0.9020414549911289,0.48118395111411066,0.0,0.0
2.2084463208403493,0.9642512105077579,0.48589223831637635,0.0,0.0
2.2084463208403493,1.0264609660243877,0.4909588365545047,0.0,0.0
2.2084463208403493,1.0886707215410176,0.4963913898902804,0.0,0.0
2.2084463208403493,1.1508804770576466,0.5021975894525381,0.0,0.0
2.2084463208403493,1.2130902325742765,0.5083850305954797,0.0,0.0
2.2084463208403493,1.2752999880909055,0.514961038153112,0.0,0.0
2.2084463208403493,1.3375097436075354,0.5219324539667971,0.0,0.0
2.2084463208403493,1.3997194991241653,0.529305380120686,0.0,0.0
2.2084463208403493,1.4619292546407943,0.537084870597457,0.0,0.0
2.2084463208403493,1.5241390101574241,0.5452745634264995,0.0,0.0
2.2084463208403493,1.586348765674054,0.553876244930216,0.0,0.0
2.2084463208403493,1.648558521190683,0.5628893375116383,0.0,0.0
2.2084463208403493,1.710768276707313,0.5723103027467747,0.0,0.0
2.2084463208403493,1.7729780322239428,0.5821319525856757,0.0,0.0
2.2084463208403493,1.8351877877405718,0.592342663532229,0.0,0.0
2.2084463208403493,1.8973975432572017,0.6029254921409845,0.0,0.0
2.2084463208403493,1.9596072987738316,0.613857195482616,0.0,0.0
2.2084463208403493,2.0218170542904605,0.6251071678744352,0.0,0.0
2.2084463208403493,2.0840268098070904,0.6366363156299961,0.0,0.0
2.2084463208403493,2.1462365653237194,0.6483959052416136,0.0,0.0
2.2084463208403493,2.2084463208403493,0.6603264374321857,0.0,0.0
2.2084463208403493,2.270656076356979,0.6723566196353195,0.0,0.0
2.2084463208403493,2.332865831873608,0.6844025317495981,0.0,0.0
2.2084463208403493,2.395075587390238,0.6963671025738731,0.0,0.0
2.2084463208403493,2.457285342906868,0.7081400340664663,0.0,0.0
2.2084463208403493,2.519495098423497,0.7195983230460746,0.0,0.0
2.2084463208403493,2.581704853940127,0.7306075295396625,0.0,0.0
2.2084463208403493,2.6439146094567567,0.7410239214570059,0.0,0.0
2.2084463208403493,2.7061243649733857,0.7506975809814771,0.0,0.0
2.2084463208403493,2.7683341204900156,0.7594764857039015,0.0,0.0
2.2084463208403493,2.8305438760066455,0.7672114782606697,0.0,0.0
2.2084463208403493,2.8927536315232745,0.7737619196632509,0.0,0.0
2.2084463208403493,2.9549633870399044,0.7790016985542259,0.0,0.0
2.2084463208403493,3.0171731425565333,0.7828251625213712,0.0,0.0
2.2084463208403493,3.0793828980731632,0.7851524723197775,0.0,0.0
2.270656076356979,-3.141592653589793,0.8064532496510112,0.0,0.0
2.270656076356979,-3.0793828980731637,0.8056090970588577,0.0,0.0
2.270656076356979,-3.017173142556534,0.8030956863591138,0.0,0.0
2.270656076356979,-2.9549633870399044,0.7989690333686763,0.0,0.0
2.270656076356979,-2.892753631523275,0.7933188744220364,0.0,0.0
2.270656076356979,-2.8305438760066455,0.7862636558263241,0.0,0.0
2.270656076356979,-2.7683341204900156,0.7779442895795641,0.0,0.0
2.270656076356979,-2.706124364973386,0.7685172835222059,0.0,0.0
2.270656076356979,-2.6439146094567567,0.7581478421957805,0.0,0.0
2.270656076356979,-2.581704853940127,0.7470034472930392,0.0,0.0
2.270656076356979,-2.5194950984234974,0.7352482914776833,0.0,0.0
2.270656076356979,-2.457285342906868,0.723038787254564,0.0,0.0
2.270656076356979,-2.395075587390238,0.7105202297361676,0.0,0.0
2.270656076356979,-2.3328658318736086,0.6978245761206637,0.0,0.0
2.270656076356979,-2.270656076356979,0.68506922343917,0.0,0.0
2.270656076356979,-2.2084463208403498,0.6723566196353196,0.0,0.0
2.270656076356979,-2.1462365653237203,0.6597745260746526,0.0,0.0
2.270656076356979,-2.0840268098070904,0.647396754484659,0.0,0.0
2.270656076356979,-2.021817054290461,0.6352842201911753,0.0,0.0
2.270656076356979,-1.9596072987738313,0.6234861795298509,0.0,0.0
2.270656076356979,-1.897397543257202,0.6120415473392163,0.0,0.0
2.270656076356979,-1.8351877877405722,0.600980217081548,0.0,0.0
2.270656076356979,-1.7729780322239428,0.5903243294652903,0.0,0.0
2.270656076356979,-1.7107682767073131,0.5800894546444759,0.0,0.0
2.270656076356979,-1.6485585211906835,0.5702856680754785,0.0,0.0
2.270656076356979,-1.586348765674054,0.5609185112847332,0.0,0.0
2.270656076356979,-1.5241390101574244,0.5519898367177607,0.0,0.0
2.270656076356979,-1.461929254640795,0.5434985411336654,0.0,0.0
2.270656076356979,-1.3997194991241653,0.5354411952832446,0.0,0.0
2.270656076356979,-1.3375097436075358,0.5278125793893687,0.0,0.0
2.270656076356979,-1.2752999880909062,0.5206061346688311,0.0,0.0
2.270656076356979,-1.2130902325742767,0.5138143411364952,0.0,0.0
2.270656076356979,-1.150880477057647,0.5074290314737657,0.0,0.0
2.270656076356979,-1.0886707215410176,0.5014416500134629,0.0,0.0
2.270656076356979,-1.0264609660243877,0.49584346502600174,0.0,0.0
2.270656076356979,-0.9642512105077583,0.4906257415787442,0.0,0.0
2.270656076356979,-0.9020414549911289,0.4857798813409725,0.0,0.0
2.270656076356979,-0.8398316994744994,0.48129753485763077,0.0,0.0
2.270656076356979,-0.7776219439578695,0.47717069103593407,0.0,0.0
2.270656076356979,-0.7154121884412401,0.47339174788925503,0.0,0.0
2.270656076356979,-0.6532024329246107,0.46995356796406884,0.0,0.0
2.270656076356979,-0.5909926774079808,0.4668495213353241,0.0,0.0
2.270656076356979,-0.5287829218913513,0.4640735185877974,0.0,0.0
2.270656076356979,-0.4665731663747219,0.46162003579883853,0.0,0.0
2.270656076356979,-0.40436341085809246,0.4594841331938773,0.0,0.0
2.270656076356979,-0.3421536553414626,0.457661468852643,0.0,0.0
2.270656076356979,-0.27994389982483314,0.4561483085940428,0.0,0.0
2.270656076356979,-0.2177341443082037,0.4549415329543752,0.0,0.0
2.270656076356979,-0.15552438879157382,0.4540386419908784,0.0,0.0
2.270656076356979,-0.09331463327494438,0.45343775848498724,0.0,0.0
2.270656076356979,-0.03110487775831494,0.45313762998204715,0.0,0.0
2.270656076356979,0.031104877758314498,0.45313762998204715,0.0,0.0
2.270656076356979,0.09331463327494438,0.45343775848498724,0.0,0.0
2.270656076356979,0.15552438879157382,0.4540386419908784,0.0,0.0
2.270656076356979,0.21773414430820326,0.4549415329543752,0.0,0.0
2.270656076356979,0.2799438998248327,0.45614830859404293,0.0,0.0
2.270656076356979,0.3421536553414626,0.457661468852643,0.0,0.0
2.270656076356979,0.404363410858092,0.4594841331938774,0.0,0.0
2.270656076356979,0.46657316637472146,0.4616200357988385,0.0,0.0
2.270656076356979,0.5287829218913513,0.4640735185877974,0.0,0.0
2.270656076356979,0.5909926774079808,0.4668495213353241,0.0,0.0
2.270656076356979,0.6532024329246102,0.46995356796406884,0.0,0.0
2.270656076356979,0.7154121884412397,0.473391747889255,0.0,0.0
2.270656076356979,0.7776219439578695,0.47717069103593407,0.0,0.0
2.270656076356979,0.839831699474499,0.48129753485763066,0.0,0.0
2.270656076356979,0.9020414549911289,0.4857798813409725,0.0,0.0
2.270656076356979,0.9642512105077579,0.49062574157874417,0.0,0.0
2.270656076356979,1.0264609660243877,0.49584346502600174,0.0,0.0
2.270656076356979,1.0886707215410176,0.5014416500134629,0.0,0.0
2.270656076356979,1.1508804770576466,0.5074290314737657,0.0,0.0
2.270656076356979,1.2130902325742765,0.5138143411364952,0.0,0.0
2.270656076356979,1.2752999880909055,0.520606134668831,0.0,0.0
2.270656076356979,1.3375097436075354,0.5278125793893687,0.0,0.0
2.270656076356979,1.3997194991241653,0.5354411952832446,0.0,0.0
2.270656076356979,1.4619292546407943,0.5434985411336654,0.0,0.0
2.270656076356979,1.5241390101574241,0.5519898367177607,0.0,0.0
2.270656076356979,1.586348765674054,0.5609185112847332,0.0,0.0
2.270656076356979,1.648558521190683,0.5702856680754784,0.0,0.0
2.270656076356979,1.710768276707313,0.5800894546444759,0.0,0.0
2.270656076356979,1.7729780322239428,0.5903243294652903,0.0,0.0
2.270656076356979,1.8351877877405718,0.600980217081548,0.0,0.0
2.270656076356979,1.8973975432572017,0.6120415473392162,0.0,0.0
2.270656076356979,1.9596072987738316,0.623486179529851,0.0,0.0
2.270656076356979,2.0218170542904605,0.6352842201911751,0.0,0.0
2.270656076356979,2.0840268098070904,0.647396754484659,0.0,0.0
2.270656076356979,2.1462365653237194,0.6597745260746524,0.0,0.0
2.270656076356979,2.2084463208403493,0.6723566196353195,0.0,0.0
2.270656076356979,2.270656076356979,0.68506922343917,0.0,0.0
2.270656076356979,2.332865831873608,0.6978245761206636,0.0,0.0
2.270656076356979,2.395075587390238,0.7105202297361676,0.0,0.0
2.270656076356979,2.457285342906868,0.723038787254564,0.0,0.0
2.270656076356979,2.519495098423497,0.7352482914776832,0.0,0.0
2.270656076356979,2.581704853940127,0.7470034472930392,0.0,0.0
2.270656076356979,2.6439146094567567,0.7581478421957805,0.0,0.0
2.270656076356979,2.7061243649733857,0.7685172835222058,0.0,0.0
2.270656076356979,2.7683341204900156,0.7779442895795641,0.0,0.0
2.270656076356979,2.8305438760066455,0.7862636558263241,0.0,0.0
2.270656076356979,2.8927536315232745,0.7933188744220364,0.0,0.0
2.270656076356979,2.9549633870399044,0.7989690333686763,0.0,0.0
2.270656076356979,3.0171731425565333,0.8030956863591138,0.0,0.0
2.270656076356979,3.0793828980731632,0.8056090970588576,0.0,0.0
2.332865831873608,-3.141592653589793,0.8274894030626917,0.0,0.0
2.332865831873608,-3.0793828980731637,0.8265775294081503,0.0,0.0
2.332865831873608,-3.017173142556534,0.8238633777603181,0.0,0.0
2.332865831873608,-2.9549633870399044,0.8194100296304678,0.0,0.0
2.332865831873608,-2.892753631523275,0.8133183570755198,0.0,0.0
2.332865831873608,-2.8305438760066455,0.8057211485111073,0.0,0.0
2.332865831873608,-2.7683341204900156,0.796775827264629,0.0,0.0
2.332865831873608,-2.706124364973386,0.786656498426914,0.0,0.0
2.332865831873608,-2.6439146094567567,0.7755460354975133,0.0,0.0
2.332865831873608,-2.581704853940127,0.7636288022411912,0.0,0.0
2.332865831873608,-2.5194950984234974,0.7510844337795582,0.0,0.0
2.332865831873608,-2.457285342906868,0.7380829134647711,0.0,0.0
2.332865831873608,-2.395075587390238,0.7247810108002785,0.0,0.0
2.332865831873608,-2.3328658318736086,0.7113200109439994,0.0,0.0
2.332865831873608,-2.270656076356979,0.6978245761206636,0.0,0.0
2.332865831873608,-2.2084463208403498,0.6844025317495982,0.0,0.0
2.332865831873608,-2.1462365653237203,0.6711453574491482,0.0,0.0
2.332865831873608,-2.0840268098070904,0.6581291751316185,0.0,0.0
2.332865831873608,-2.021817054290461,0.6454160532497426,0.0,0.0
2.332865831873608,-1.9596072987738313,0.6330554797570347,0.0,0.0
2.332865831873608,-1.897397543257202,0.6210858906537741,0.0,0.0
2.332865831873608,-1.8351877877405722,0.6095361724560334,0.0,0.0
2.332865831873608,-1.7729780322239428,0.598427083671886,0.0,0.0
2.332865831873608,-1.7107682767073131,0.5877725617884187,0.0,0.0
2.332865831873608,-1.6485585211906835,0.5775808985564541,0.0,0.0
2.332865831873608,-1.586348765674054,0.5678557781291605,0.0,0.0
2.332865831873608,-1.5241390101574244,0.5585971806618258,0.0,0.0
2.332865831873608,-1.461929254640795,0.5498021591206788,0.0,0.0
2.332865831873608,-1.3997194991241653,0.5414655000094721,0.0,0.0
2.332865831873608,-1.3375097436075358,0.533580280118315,0.0,0.0
2.332865831873608,-1.2752999880909062,0.5261383317204861,0.0,0.0
2.332865831873608,-1.2130902325742767,0.5191306282649855,0.0,0.0
2.332865831873608,-1.150880477057647,0.5125476018119963,0.0,0.0
2.332865831873608,-1.0886707215410176,0.5063794024321193,0.0,0.0
2.332865831873608,-1.0264609660243877,0.5006161086731568,0.0,0.0
2.332865831873608,-0.9642512105077583,0.49524789707892836,0.0,0.0
2.332865831873608,-0.9020414549911289,0.49026517767794214,0.0,0.0
2.332865831873608,-0.8398316994744994,0.48565870137681627,0.0,0.0
2.332865831873608,-0.7776219439578695,0.4814196443089319,0.0,0.0
2.332865831873608,-0.7154121884412401,0.4775396734070042,0.0,0.0
2.332865831873608,-0.6532024329246107,0.4740109967864047,0.0,0.0
2.332865831873608,-0.5909926774079808,0.4708264019375334,0.0,0.0
2.332865831873608,-0.5287829218913513,0.46797928422158463,0.0,0.0
2.332865831873608,-0.4665731663747219,0.46546366773514014,0.0,0.0
2.332865831873608,-0.40436341085809246,0.4632742202455415,0.0,0.0
2.332865831873608,-0.3421536553414626,0.4614062635917706,0.0,0.0
2.332865831873608,-0.27994389982483314,0.45985578068608784,0.0,0.0
2.332865831873608,-0.2177341443082037,0.45861942003222017,0.0,0.0
2.332865831873608,-0.15552438879157382,0.45769449848951194,0.0,0.0
2.332865831873608,-0.09331463327494438,0.45707900285296915,0.0,0.0
2.332865831873608,-0.03110487775831494,0.45677159068100787,0.0,0.0
2.332865831873608,0.031104877758314498,0.45677159068100787,0.0,0.0
2.332865831873608,0.09331463327494438,0.45707900285296915,0.0,0.0
2.332865831873608,0.15552438879157382,0.45769449848951194,0.0,0.0
2.332865831873608,0.21773414430820326,0.45861942003222017,0.0,0.0
2.332865831873608,0.2799438998248327,0.45985578068608784,0.0,0.0
2.332865831873608,0.3421536553414626,0.4614062635917706,0.0,0.0
2.332865831873608,0.404363410858092,0.4632742202455415,0.0,0.0
2.332865831873608,0.46657316637472146,0.46546366773514014,0.0,0.0
2.332865831873608,0.5287829218913513,0.46797928422158463,0.0,0.0
2.332865831873608,0.5909926774079808,0.4708264019375334,0.0,0.0
2.332865831873608,0.6532024329246102,0.4740109967864047,0.0,0.0
2.332865831873608,0.7154121884412397,0.47753967340700415,0.0,0.0
2.332865831873608,0.7776219439578695,0.4814196443089319,0.0,0.0
2.332865831873608,0.839831699474499,0.4856587013768162,0.0,0.0
2.332865831873608,0.9020414549911289,0.49026517767794214,0.0,0.0
2.332865831873608,0.9642512105077579,0.49524789707892836,0.0,0.0
2.332865831873608,1.0264609660243877,0.5006161086731568,0.0,0.0
2.332865831873608,1.0886707215410176,0.5063794024321193,0.0,0.0
2.332865831873608,1.1508804770576466,0.5125476018119963,0.0,0.0
2.332865831873608,1.2130902325742765,0.5191306282649855,0.0,0.0
2.332865831873608,1.2752999880909055,0.526138331720486,0.0,0.0
2.332865831873608,1.3375097436075354,0.5335802801183149,0.0,0.0
2.332865831873608,1.3997194991241653,0.5414655000094721,0.0,0.0
2.332865831873608,1.4619292546407943,0.5498021591206786,0.0,0.0
2.332865831873608,1.5241390101574241,0.5585971806618258,0.0,0.0
2.332865831873608,1.586348765674054,0.5678557781291605,0.0,0.0
2.332865831873608,1.648558521190683,0.577580898556454,0.0,0.0
2.332865831873608,1.710768276707313,0.5877725617884187,0.0,0.0
2.332865831873608,1.7729780322239428,0.598427083671886,0.0,0.0
2.332865831873608,1.8351877877405718,0.6095361724560334,0.0,0.0
2.332865831873608,1.8973975432572017,0.6210858906537741,0.0,0.0
2.332865831873608,1.9596072987738316,0.6330554797570348,0.0,0.0
2.332865831873608,2.0218170542904605,0.6454160532497424,0.0,0.0
2.332865831873608,2.0840268098070904,0.6581291751316185,0.0,0.0
2.332865831873608,2.1462365653237194,0.6711453574491479,0.0,0.0
2.332865831873608,2.2084463208403493,0.6844025317495981,0.0,0.0
2.332865831873608,2.270656076356979,0.6978245761206636,0.0,0.0
2.332865831873608,2.332865831873608,0.7113200109439992,0.0,0.0
2.332865831873608,2.395075587390238,0.7247810108002785,0.0,0.0
2.332865831873608,2.457285342906868,0.7380829134647711,0.0,0.0
2.332865831873608,2.519495098423497,0.7510844337795581,0.0,0.0
2.332865831873608,2.581704853940127,0.7636288022411912,0.0,0.0
2.332865831873608,2.6439146094567567,0.7755460354975133,0.0,0.0
2.332865831873608,2.7061243649733857,0.7866564984269138,0.0,0.0
2.332865831873608,2.7683341204900156,0.796775827264629,0.0,0.0
2.332865831873608,2.8305438760066455,0.8057211485111073,0.0,0.0
2.332865831873608,2.8927536315232745,0.8133183570755198,0.0,0.0
2.332865831873608,2.9549633870399044,0.8194100296304678,0.0,0.0
2.332865831873608,3.0171731425565333,0.8238633777603181,0.0,0.0
2.332865831873608,3.0793828980731632,0.8265775294081502,0.0,0.0
2.395075587390238,-3.141592653589793,0.8488975878072265,0.0,0.0
2.395075587390238,-3.0793828980731637,0.847913178672182,0.0,0.0
2.395075587390238,-3.017173142556534,0.8449841355330502,0.0,0.0
2.395075587390238,-2.9549633870399044,0.8401814491023428,0.0,0.0
2.395075587390238,-2.892753631523275,0.8336184242468552,0.0,0.0
2.395075587390238,-2.8305438760066455,0.8254438004731554,0.0,0.0
2.395075587390238,-2.7683341204900156,0.8158332718233885,0.0,0.0
2.395075587390238,-2.706124364973386,0.8049802941964455,0.0,0.0
2.395075587390238,-2.6439146094567567,0.7930870269389747,0.0,0.0
2.395075587390238,-2.581704853940127,0.7803561027212041,0.0,0.0
2.395075587390238,-2.5194950984234974,0.7669837034483696,0.0,0.0
2.395075587390238,-2.457285342906868,0.7531541900703983,0.0,0.0
2.395075587390238,-2.395075587390238,0.7390363300113885,0.0,0.0
2.395075587390238,-2.3328658318736086,0.7247810108002786,0.0,0.0
2.395075587390238,-2.270656076356979,0.7105202297361676,0.0,0.0
2.395075587390238,-2.2084463208403498,0.6963671025738732,0.0,0.0
2.395075587390238,-2.1462365653237203,0.6824166280922204,0.0,0.0
2.395075587390238,-2.0840268098070904,0.6687469667466183,0.0,0.0
2.395075587390238,-2.021817054290461,0.6554210281915948,0.0,0.0
2.395075587390238,-1.9596072987738313,0.6424882047095538,0.0,0.0
2.395075587390238,-1.897397543257202,0.6299861289629054,0.0,0.0
2.395075587390238,-1.8351877877405722,0.6179423711875006,0.0,0.0
2.395075587390238,-1.7729780322239428,0.6063760212485722,0.0,0.0
2.395075587390238,-1.7107682767073131,0.5952991245832391,0.0,0.0
2.395075587390238,-1.6485585211906835,0.5847179584874791,0.0,0.0
2.395075587390238,-1.586348765674054,0.574634147404503,0.0,0.0
2.395075587390238,-1.5241390101574244,0.5650456238869974,0.0,0.0
2.395075587390238,-1.461929254640795,0.5559474467384344,0.0,0.0
2.395075587390238,-1.3997194991241653,0.5473324903556325,0.0,0.0
2.395075587390238,-1.3375097436075358,0.5391920202008965,0.0,0.0
2.395075587390238,-1.2752999880909062,0.5315161691733719,0.0,0.0
2.395075587390238,-1.2130902325742767,0.524294328831769,0.0,0.0
2.395075587390238,-1.150880477057647,0.5175154682353048,0.0,0.0
2.395075587390238,-1.0886707215410176,0.5111683918172766,0.0,0.0
2.395075587390238,-1.0264609660243877,0.5052419463188568,0.0,0.0
2.395075587390238,-0.9642512105077583,0.49972518547262296,0.0,0.0
2.395075587390238,-0.9020414549911289,0.4946074998840635,0.0,0.0
2.395075587390238,-0.8398316994744994,0.48987871843896746,0.0,0.0
2.395075587390238,-0.7776219439578695,0.4855291865734258,0.0,0.0
2.395075587390238,-0.7154121884412401,0.4815498258794157,0.0,0.0
2.395075587390238,-0.6532024329246107,0.4779321787749353,0.0,0.0
2.395075587390238,-0.5909926774079808,0.4746684413325848,0.0,0.0
2.395075587390238,-0.5287829218913513,0.4717514868222191,0.0,0.0
2.395075587390238,-0.4665731663747219,0.46917488206951213,0.0,0.0
2.395075587390238,-0.40436341085809246,0.4669328983511829,0.0,0.0
2.395075587390238,-0.3421536553414626,0.4650205182283359,0.0,0.0
2.395075587390238,-0.27994389982483314,0.46343343945199444,0.0,0.0
2.395075587390238,-0.2177341443082037,0.4621680768507053,0.0,0.0
2.395075587390238,-0.15552438879157382,0.4612215629212971,0.0,0.0
2.395075587390238,-0.09331463327494438,0.4605917476837074,0.0,0.0
2.395075587390238,-0.03110487775831494,0.460277198223225,0.0,0.0
2.395075587390238,0.031104877758314498,0.460277198223225,0.0,0.0
2.395075587390238,0.09331463327494438,0.4605917476837074,0.0,0.0
2.395075587390238,0.15552438879157382,0.4612215629212971,0.0,0.0
2.395075587390238,0.21773414430820326,0.4621680768507053,0.0,0.0
2.395075587390238,0.2799438998248327,0.46343343945199444,0.0,0.0
2.395075587390238,0.3421536553414626,0.4650205182283359,0.0,0.0
2.395075587390238,0.404363410858092,0.4669328983511829,0.0,0.0
2.395075587390238,0.46657316637472146,0.46917488206951213,0.0,0.0
2.395075587390238,0.5287829218913513,0.4717514868222191,0.0,0.0
2.395075587390238,0.5909926774079808,0.4746684413325848,0.0,0.0
2.395075587390238,0.6532024329246102,0.4779321787749353,0.0,0.0
2.395075587390238,0.7154121884412397,0.48154982587941564,0.0,0.0
2.395075587390238,0.7776219439578695,0.4855291865734258,0.0,0.0
2.395075587390238,0.839831699474499,0.48987871843896746,0.0,0.0
2.395075587390238,0.9020414549911289,0.4946074998840635,0.0,0.0
2.395075587390238,0.9642512105077579,0.49972518547262296,0.0,0.0
2.395075587390238,1.0264609660243877,0.5052419463188568,0.0,0.0
2.395075587390238,1.0886707215410176,0.5111683918172766,0.0,0.0
2.395075587390238,1.1508804770576466,0.5175154682353048,0.0,0.0
2.395075587390238,1.2130902325742765,0.5242943288317689,0.0,0.0
2.395075587390238,1.2752999880909055,0.5315161691733717,0.0,0.0
2.395075587390238,1.3375097436075354,0.5391920202008965,0.0,0.0
2.395075587390238,1.3997194991241653,0.5473324903556325,0.0,0.0
2.395075587390238,1.4619292546407943,0.5559474467384343,0.0,0.0
2.395075587390238,1.5241390101574241,0.5650456238869974,0.0,0.0
2.395075587390238,1.586348765674054,0.574634147404503,0.0,0.0
2.395075587390238,1.648558521190683,0.584717958487479,0.0,0.0
2.395075587390238,1.710768276707313,0.5952991245832391,0.0,0.0
2.395075587390238,1.7729780322239428,0.6063760212485722,0.0,0.0
2.395075587390238,1.8351877877405718,0.6179423711875005,0.0,0.0
2.395075587390238,1.8973975432572017,0.6299861289629054,0.0,0.0
2.395075587390238,1.9596072987738316,0.6424882047095538,0.0,0.0
2.395075587390238,2.0218170542904605,0.6554210281915946,0.0,0.0
2.395075587390238,2.0840268098070904,0.6687469667466183,0.0,0.0
2.395075587390238,2.1462365653237194,0.6824166280922201,0.0,0.0
2.395075587390238,2.2084463208403493,0.6963671025738731,0.0,0.0
2.395075587390238,2.270656076356979,0.7105202297361676,0.0,0.0
2.395075587390238,2.332865831873608,0.7247810108002785,0.0,0.0
2.395075587390238,2.395075587390238,0.7390363300113885,0.0,0.0
2.395075587390238,2.457285342906868,0.7531541900703983,0.0,0.0
2.395075587390238,2.519495098423497,0.7669837034483694,0.0,0.0
2.395075587390238,2.581704853940127,0.7803561027212041,0.0,0.0
2.395075587390238,2.6439146094567567,0.7930870269389747,0.0,0.0
2.395075587390238,2.7061243649733857,0.8049802941964453,0.0,0.0
2.395075587390238,2.7683341204900156,0.8158332718233885,0.0,0.0
2.395075587390238,2.8305438760066455,0.8254438004731554,0.0,0.0
2.395075587390238,2.8927536315232745,0.8336184242468552,0.0,0.0
2.395075587390238,2.9549633870399044,0.8401814491023428,0.0,0.0
2.395075587390238,3.0171731425565333,0.8449841355330501,0.0,0.0
2.395075587390238,3.0793828980731632,0.847913178672182,0.0,0.0
2.457285342906868,-3.141592653589793,0.8704929433028166,0.0,0.0
2.457285342906868,-3.0793828980731637,0.8694315738255348,0.0,0.0
2.457285342906868,-3.017173142556534,0.8662746629669991,0.0,0.0
2.457285342906868,-2.9549633870399044,0.8611019679315639,0.0,0.0
2.457285342906868,-2.892753631523275,0.854040536969493,0.0,0.0
2.457285342906868,-2.8305438760066455,0.8452566718135273,0.0,0.0
2.457285342906868,-2.7683341204900156,0.8349460771170477,0.0,0.0
2.457285342906868,-2.706124364973386,0.8233232652627345,0.0,0.0
2.457285342906868,-2.6439146094567567,0.8106112203869397,0.0,0.0
2.457285342906868,-2.581704853940127,0.7970321262896648,0.0,0.0
2.457285342906868,-2.5194950984234974,0.7827996919664445,0.0,0.0
2.457285342906868,-2.457285342906868,0.7681133285547698,0.0,0.0
2.457285342906868,-2.395075587390238,0.7531541900703983,0.0,0.0
2.457285342906868,-2.3328658318736086,0.7380829134647712,0.0,0.0
2.457285342906868,-2.270656076356979,0.723038787254564,0.0,0.0
2.457285342906868,-2.2084463208403498,0.7081400340664664,0.0,0.0
2.457285342906868,-2.1462365653237203,0.6934848954659073,0.0,0.0
2.457285342906868,-2.0840268098070904,0.6791532404481009,0.0,0.0
2.457285342906868,-2.021817054290461,0.6652084671363818,0.0,0.0
2.457285342906868,-1.9596072987738313,0.6516995194741938,0.0,0.0
2.457285342906868,-1.897397543257202,0.6386628898585777,0.0,0.0
2.457285342906868,-1.8351877877405722,0.626124520904513,0.0,0.0
2.457285342906868,-1.7729780322239428,0.6141015534258933,0.0,0.0
2.457285342906868,-1.7107682767073131,0.6026038933859084,0.0,0.0
2.457285342906868,-1.6485585211906835,0.5916355889620607,0.0,0.0
2.457285342906868,-1.586348765674054,0.5811960212894425,0.0,0.0
2.457285342906868,-1.5241390101574244,0.5712809202283738,0.0,0.0
2.457285342906868,-1.461929254640795,0.561883220857905,0.0,0.0
2.457285342906868,-1.3997194991241653,0.5529937783330824,0.0,0.0
2.457285342906868,-1.3375097436075358,0.5446019590552399,0.0,0.0
2.457285342906868,-1.2752999880909062,0.536696125388225,0.0,0.0
2.457285342906868,-1.2130902325742767,0.5292640298412722,0.0,0.0
2.457285342906868,-1.150880477057647,0.5222931330313976,0.0,0.0
2.457285342906868,-1.0886707215410176,0.5157708580349578,0.0,0.0
2.457285342906868,-1.0264609660243877,0.5096847920662493,0.0,0.0
2.457285342906868,-0.9642512105077583,0.504022844855617,0.0,0.0
2.457285342906868,-0.9020414549911289,0.49877337167964275,0.0,0.0
2.457285342906868,-0.8398316994744994,0.49392526773718115,0.0,0.0
2.457285342906868,-0.7776219439578695,0.48946803946783685,0.0,0.0
2.457285342906868,-0.7154121884412401,0.4853918574656069,0.0,0.0
2.457285342906868,-0.6532024329246107,0.48168759483662443,0.0,0.0
2.457285342906868,-0.5909926774079808,0.4783468541709222,0.0,0.0
2.457285342906868,-0.5287829218913513,0.47536198572810406,0.0,0.0
2.457285342906868,-0.4665731663747219,0.4727260989605851,0.0,0.0
2.457285342906868,-0.40436341085809246,0.4704330691015897,0.0,0.0
2.457285342906868,-0.3421536553414626,0.46847754021571736,0.0,0.0
2.457285342906868,-0.27994389982483314,0.46685492583639543,0.0,0.0
2.457285342906868,-0.2177341443082037,0.46556140808714014,0.0,0.0
2.457285342906868,-0.15552438879157382,0.4645939359937078,0.0,0.0
2.457285342906868,-0.09331463327494438,0.4639502235345508,0.0,0.0
2.457285342906868,-0.03110487775831494,0.46362874784104,0.0,0.0
2.457285342906868,0.031104877758314498,0.46362874784104,0.0,0.0
2.457285342906868,0.09331463327494438,0.4639502235345508,0.0,0.0
2.457285342906868,0.15552438879157382,0.4645939359937078,0.0,0.0
2.457285342906868,0.21773414430820326,0.46556140808714014,0.0,0.0
2.457285342906868,0.2799438998248327,0.46685492583639543,0.0,0.0
2.457285342906868,0.3421536553414626,0.46847754021571736,0.0,0.0
2.457285342906868,0.404363410858092,0.4704330691015897,0.0,0.0
2.457285342906868,0.46657316637472146,0.47272609896058504,0.0,0.0
2.457285342906868,0.5287829218913513,0.47536198572810406,0.0,0.0
2.457285342906868,0.5909926774079808,0.4783468541709222,0.0,0.0
2.457285342906868,0.6532024329246102,0.48168759483662443,0.0,0.0
2.457285342906868,0.7154121884412397,0.4853918574656068,0.0,0.0
2.457285342906868,0.7776219439578695,0.48946803946783685,0.0,0.0
2.457285342906868,0.839831699474499,0.49392526773718115,0.0,0.0
2.457285342906868,0.9020414549911289,0.49877337167964275,0.0,0.0
2.457285342906868,0.9642512105077579,0.5040228448556169,0.0,0.0
2.457285342906868,1.0264609660243877,0.5096847920662493,0.0,0.0
2.457285342906868,1.0886707215410176,0.5157708580349578,0.0,0.0
2.457285342906868,1.1508804770576466,0.5222931330313976,0.0,0.0
2.457285342906868,1.2130902325742765,0.5292640298412722,0.0,0.0
2.457285342906868,1.2752999880909055,0.5366961253882249,0.0,0.0
2.457285342906868,1.3375097436075354,0.5446019590552399,0.0,0.0
2.457285342906868,1.3997194991241653,0.5529937783330824,0.0,0.0
2.457285342906868,1.4619292546407943,0.5618832208579049,0.0,0.0
2.457285342906868,1.5241390101574241,0.5712809202283738,0.0,0.0
2.457285342906868,1.586348765674054,0.5811960212894425,0.0,0.0
2.457285342906868,1.648558521190683,0.5916355889620607,0.0,0.0
2.457285342906868,1.710768276707313,0.6026038933859084,0.0,0.0
2.457285342906868,1.7729780322239428,0.6141015534258933,0.0,0.0
2.457285342906868,1.8351877877405718,0.6261245209045129,0.0,0.0
2.457285342906868,1.8973975432572017,0.6386628898585776,0.0,0.0
2.457285342906868,1.9596072987738316,0.6516995194741938,0.0,0.0
2.457285342906868,2.0218170542904605,0.6652084671363817,0.0,0.0
2.457285342906868,2.0840268098070904,0.6791532404481009,0.0,0.0
2.457285342906868,2.1462365653237194,0.6934848954659071,0.0,0.0
2.457285342906868,2.2084463208403493,0.7081400340664663,0.0,0.0
2.457285342906868,2.270656076356979,0.723038787254564,0.0,0.0
2.457285342906868,2.332865831873608,0.7380829134647711,0.0,0.0
2.457285342906868,2.395075587390238,0.7531541900703983,0.0,0.0
2.457285342906868,2.457285342906868,0.7681133285547698,0.0,0.0
2.457285342906868,2.519495098423497,0.7827996919664444,0.0,0.0
2.457285342906868,2.581704853940127,0.7970321262896648,0.0,0.0
2.457285342906868,2.6439146094567567,0.8106112203869397,0.0,0.0
2.457285342906868,2.7061243649733857,0.8233232652627344,0.0,0.0
2.457285342906868,2.7683341204900156,0.8349460771170477,0.0,0.0
2.457285342906868,2.8305438760066455,0.8452566718135273,0.0,0.0
2.457285342906868,2.8927536315232745,0.854040536969493,0.0,0.0
2.457285342906868,2.9549633870399044,0.8611019679315639,0.0,0.0
2.457285342906868,3.0171731425565333,0.8662746629669991,0.0,0.0
2.457285342906868,3.0793828980731632,0.8694315738255347,0.0,0.0
2.519495098423497,-3.141592653589793,0.8920463725125461,0.0,0.0
2.519495098423497,-3.0793828980731637,0.8909043009376201,0.0,0.0
2.519495098423497,-3.017173142556534,0.8875085866322008,0.0,0.0
2.519495098423497,-2.9549633870399044,0.8819485822758909,0.0,0.0
2.519495098423497,-2.892753631523275,0.8743663376023836,0.0,0.0
2.519495098423497,-2.8305438760066455,0.8649472458029523,0.0,0.0
2.519495098423497,-2.7683341204900156,0.853908647482904,0.0,0.0
2.519495098423497,-2.706124364973386,0.8414876707386525,0.0,0.0
2.519495098423497,-2.6439146094567567,0.8279294904608374,0.0,0.0
2.519495098423497,-2.581704853940127,0.8134769334645497,0.0,0.0
2.519495098423497,-2.5194950984234974,0.7983620197106608,0.0,0.0
2.519495098423497,-2.457285342906868,0.7827996919664444,0.0,0.0
2.519495098423497,-2.395075587390238,0.7669837034483694,0.0,0.0
2.519495098423497,-2.3328658318736086,0.7510844337795582,0.0,0.0
2.519495098423497,-2.270656076356979,0.7352482914776832,0.0,0.0
2.519495098423497,-2.2084463208403498,0.7195983230460749,0.0,0.0
2.519495098423497,-2.1462365653237203,0.7042356638870527,0.0,0.0
2.519495098423497,-2.0840268098070904,0.6892415134586278,0.0,0.0
2.519495098423497,-2.021817054290461,0.6746793786725007,0.0,0.0
2.519495098423497,-1.9596072987738313,0.6605973928962756,0.0,0.0
2.519495098423497,-1.897397543257202,0.647030575429586,0.0,0.0
2.519495098423497,-1.8351877877405722,0.6340029442695035,0.0,0.0
2.519495098423497,-1.7729780322239428,0.621529432387249,0.0,0.0
2.519495098423497,-1.7107682767073131,0.6096175852606011,0.0,0.0
2.519495098423497,-1.6485585211906835,0.598269036505106,0.0,0.0
2.519495098423497,-1.586348765674054,0.5874807708384203,0.0,0.0
2.519495098423497,-1.5241390101574244,0.5772461909460999,0.0,0.0
2.519495098423497,-1.461929254640795,0.5675560085201617,0.0,0.0
2.519495098423497,-1.3997194991241653,0.5583989809629755,0.0,0.0
2.519495098423497,-1.3375097436075358,0.5497625148667636,0.0,0.0
2.519495098423497,-1.2752999880909062,0.5416331560355101,0.0,0.0
2.519495098423497,-1.2130902325742767,0.5339969839623969,0.0,0.0
2.519495098423497,-1.150880477057647,0.5268399266157591,0.0,0.0
2.519495098423497,-1.0886707215410176,0.5201480093148478,0.0,0.0
2.519495098423497,-1.0264609660243877,0.5139075495107183,0.0,0.0
2.519495098423497,-0.9642512105077583,0.5081053074911194,0.0,0.0
2.519495098423497,-0.9020414549911289,0.502728601429575,0.0,0.0
2.519495098423497,-0.8398316994744994,0.4977653938035115,0.0,0.0
2.519495098423497,-0.7776219439578695,0.49320435500619764,0.0,0.0
2.519495098423497,-0.7154121884412401,0.4890349089568372,0.0,0.0
2.519495098423497,-0.6532024329246107,0.4852472646532429,0.0,0.0
2.519495098423497,-0.5909926774079808,0.48183243689205524,0.0,0.0
2.519495098423497,-0.5287829218913513,0.4787822587829004,0.0,0.0
2.519495098423497,-0.4665731663747219,0.47608938818708973,0.0,0.0
2.519495098423497,-0.40436341085809246,0.4737473098021349,0.0,0.0
2.519495098423497,-0.3421536553414626,0.47175033427607926,0.0,0.0
2.519495098423497,-0.27994389982483314,0.4700935954579091,0.0,0.0
2.519495098423497,-0.2177341443082037,0.46877304666131975,0.0,0.0
2.519495098423497,-0.15552438879157382,0.4677854566295868,0.0,0.0
2.519495098423497,-0.09331463327494438,0.4671284057313035,0.0,0.0
2.519495098423497,-0.03110487775831494,0.4668002827834204,0.0,0.0
2.519495098423497,0.031104877758314498,0.4668002827834204,0.0,0.0
2.519495098423497,0.09331463327494438,0.4671284057313035,0.0,0.0
2.519495098423497,0.15552438879157382,0.4677854566295868,0.0,0.0
2.519495098423497,0.21773414430820326,0.4687730466613197,0.0,0.0
2.519495098423497,0.2799438998248327,0.47009359545790913,0.0,0.0
2.519495098423497,0.3421536553414626,0.47175033427607926,0.0,0.0
2.519495098423497,0.404363410858092,0.47374730980213503,0.0,0.0
2.519495098423497,0.46657316637472146,0.47608938818708973,0.0,0.0
2.519495098423497,0.5287829218913513,0.4787822587829004,0.0,0.0
2.519495098423497,0.5909926774079808,0.48183243689205524,0.0,0.0
2.519495098423497,0.6532024329246102,0.4852472646532428,0.0,0.0
2.519495098423497,0.7154121884412397,0.4890349089568372,0.0,0.0
2.519495098423497,0.7776219439578695,0.49320435500619764,0.0,0.0
2.519495098423497,0.839831699474499,0.49776539380351137,0.0,0.0
2.519495098423497,0.9020414549911289,0.502728601429575,0.0,0.0
2.519495098423497,0.9642512105077579,0.5081053074911194,0.0,0.0
2.519495098423497,1.0264609660243877,0.5139075495107183,0.0,0.0
2.519495098423497,1.0886707215410176,0.5201480093148478,0.0,0.0
2.519495098423497,1.1508804770576466,0.526839926615759,0.0,0.0
2.519495098423497,1.2130902325742765,0.5339969839623969,0.0,0.0
2.519495098423497,1.2752999880909055,0.5416331560355101,0.0,0.0
2.519495098423497,1.3375097436075354,0.5497625148667635,0.0,0.0
2.519495098423497,1.3997194991241653,0.5583989809629755,0.0,0.0
2.519495098423497,1.4619292546407943,0.5675560085201616,0.0,0.0
2.519495098423497,1.5241390101574241,0.5772461909460999,0.0,0.0
2.519495098423497,1.586348765674054,0.5874807708384203,0.0,0.0
2.519495098423497,1.648558521190683,0.5982690365051059,0.0,0.0
2.519495098423497,1.710768276707313,0.609617585260601,0.0,0.0
2.519495098423497,1.7729780322239428,0.621529432387249,0.0,0.0
2.519495098423497,1.8351877877405718,0.6340029442695035,0.0,0.0
2.519495098423497,1.8973975432572017,0.647030575429586,0.0,0.0
2.519495098423497,1.9596072987738316,0.6605973928962756,0.0,0.0
2.519495098423497,2.0218170542904605,0.6746793786725005,0.0,0.0
2.519495098423497,2.0840268098070904,0.6892415134586278,0.0,0.0
2.519495098423497,2.1462365653237194,0.7042356638870526,0.0,0.0
2.519495098423497,2.2084463208403493,0.7195983230460746,0.0,0.0
2.519495098423497,2.270656076356979,0.7352482914776832,0.0,0.0
2.519495098423497,2.332865831873608,0.7510844337795581,0.0,0.0
2.519495098423497,2.395075587390238,0.7669837034483694,0.0,0.0
2.519495098423497,2.457285342906868,0.7827996919664444,0.0,0.0
2.519495098423497,2.519495098423497,0.7983620197106607,0.0,0.0
2.519495098423497,2.581704853940127,0.8134769334645497,0.0,0.0
2.519495098423497,2.6439146094567567,0.8279294904608374,0.0,0.0
2.519495098423497,2.7061243649733857,0.8414876707386523,0.0,0.0
2.519495098423497,2.7683341204900156,0.853908647482904,0.0,0.0
2.519495098423497,2.8305438760066455,0.8649472458029523,0.0,0.0
2.519495098423497,2.8927536315232745,0.8743663376023835,0.0,0.0
2.519495098423497,2.9549633870399044,0.8819485822758909,0.0,0.0
2.519495098423497,3.0171731425565333,0.8875085866322008,0.0,0.0
2.519495098423497,3.0793828980731632,0.8909043009376201,0.0,0.0
2.581704853940127,-3.141592653589793,0.9132820228930815,0.0,0.0
2.581704853940127,-3.0793828980731637,0.9120565446851259,0.0,0.0
2.581704853940127,-3.017173142556534,0.9084141740416171,0.0,0.0
2.581704853940127,-2.9549633870399044,0.9024546019490861,0.0,0.0
2.581704853940127,-2.892753631523275,0.8943359957308341,0.0,0.0
2.581704853940127,-2.8305438760066455,0.8842641753389935,0.0,0.0
2.581704853940127,-2.7683341204900156,0.8724795043314414,0.0,0.0
2.581704853940127,-2.706124364973386,0.8592430145213219,0.0,0.0
2.581704853940127,-2.6439146094567567,0.8448231481293557,0.0,0.0
2.581704853940127,-2.581704853940127,0.8294841754854486,0.0,0.0
2.581704853940127,-2.5194950984234974,0.8134769334645499,0.0,0.0
2.581704853940127,-2.457285342906868,0.7970321262896648,0.0,0.0
2.581704853940127,-2.395075587390238,0.7803561027212041,0.0,0.0
2.581704853940127,-2.3328658318736086,0.7636288022411913,0.0,0.0
2.581704853940127,-2.270656076356979,0.7470034472930392,0.0,0.0
2.581704853940127,-2.2084463208403498,0.7306075295396627,0.0,0.0
2.581704853940127,-2.1462365653237203,0.7145446685241329,0.0,0.0
2.581704853940127,-2.0840268098070904,0.6988969850015259,0.0,0.0
2.581704853940127,-2.021817054290461,0.6837277078636355,0.0,0.0
2.581704853940127,-1.9596072987738313,0.6690838089867007,0.0,0.0
2.581704853940127,-1.897397543257202,0.6549985265403784,0.0,0.0
2.581704853940127,-1.8351877877405722,0.6414936909355107,0.0,0.0
2.581704853940127,-1.7729780322239428,0.6285818082938606,0.0,0.0
2.581704853940127,-1.7107682767073131,0.6162678854076439,0.0,0.0
2.581704853940127,-1.6485585211906835,0.6045509996611551,0.0,0.0
2.581704853940127,-1.586348765674054,0.5934256294828049,0.0,0.0
2.581704853940127,-1.5241390101574244,0.5828827675621009,0.0,0.0
2.581704853940127,-1.461929254640795,0.5729108419484468,0.0,0.0
2.581704853940127,-1.3997194991241653,0.5634964705321875,0.0,0.0
2.581704853940127,-1.3375097436075358,0.5546250732476087,0.0,0.0
2.581704853940127,-1.2752999880909062,0.546281364311279,0.0,0.0
2.581704853940127,-1.2130902325742767,0.5384497443797688,0.0,0.0
2.581704853940127,-1.150880477057647,0.5311146099792294,0.0,0.0
2.581704853940127,-1.0886707215410176,0.5242605951103169,0.0,0.0
2.581704853940127,-1.0264609660243877,0.5178727576694985,0.0,0.0
2.581704853940127,-0.9642512105077583,0.5119367213020749,0.0,0.0
2.581704853940127,-0.9020414549911289,0.5064387815287676,0.0,0.0
2.581704853940127,-0.8398316994744994,0.5013659834608994,0.0,0.0
2.581704853940127,-0.7776219439578695,0.4967061771215437,0.0,0.0
2.581704853940127,-0.7154121884412401,0.4924480552982302,0.0,0.0
2.581704853940127,-0.6532024329246107,0.48858117794156114,0.0,0.0
2.581704853940127,-0.5909926774079808,0.4850959863684571,0.0,0.0
2.581704853940127,-0.5287829218913513,0.48198380990537193,0.0,0.0
2.581704853940127,-0.4665731663747219,0.47923686709466234,0.0,0.0
2.581704853940127,-0.40436341085809246,0.4768482631678005,0.0,0.0
2.581704853940127,-0.3421536553414626,0.47481198514621864,0.0,0.0
2.581704853940127,-0.27994389982483314,0.4731228956504717,0.0,0.0
2.581704853940127,-0.2177341443082037,0.471776726269383,0.0,0.0
2.581704853940127,-0.15552438879157382,0.4707700711529268,0.0,0.0
2.581704853940127,-0.09331463327494438,0.470100381337368,0.0,0.0
2.581704853940127,-0.03110487775831494,0.469765960181389,0.0,0.0
2.581704853940127,0.031104877758314498,0.469765960181389,0.0,0.0
2.581704853940127,0.09331463327494438,0.470100381337368,0.0,0.0
2.581704853940127,0.15552438879157382,0.4707700711529268,0.0,0.0
2.581704853940127,0.21773414430820326,0.471776726269383,0.0,0.0
2.581704853940127,0.2799438998248327,0.4731228956504717,0.0,0.0
2.581704853940127,0.3421536553414626,0.47481198514621864,0.0,0.0
2.581704853940127,0.404363410858092,0.4768482631678005,0.0,0.0
2.581704853940127,0.46657316637472146,0.47923686709466234,0.0,0.0
2.581704853940127,0.5287829218913513,0.48198380990537193,0.0,0.0
2.581704853940127,0.5909926774079808,0.4850959863684571,0.0,0.0
2.581704853940127,0.6532024329246102,0.48858117794156114,0.0,0.0
2.581704853940127,0.7154121884412397,0.4924480552982301,0.0,0.0
2.581704853940127,0.7776219439578695,0.4967061771215437,0.0,0.0
2.581704853940127,0.839831699474499,0.5013659834608994,0.0,0.0
2.581704853940127,0.9020414549911289,0.5064387815287676,0.0,0.0
2.581704853940127,0.9642512105077579,0.5119367213020748,0.0,0.0
2.581704853940127,1.0264609660243877,0.5178727576694985,0.0,0.0
2.581704853940127,1.0886707215410176,0.5242605951103169,0.0,0.0
2.581704853940127,1.1508804770576466,0.5311146099792294,0.0,0.0
2.581704853940127,1.2130902325742765,0.5384497443797688,0.0,0.0
2.581704853940127,1.2752999880909055,0.5462813643112789,0.0,0.0
2.581704853940127,1.3375097436075354,0.5546250732476086,0.0,0.0
2.581704853940127,1.3997194991241653,0.5634964705321875,0.0,0.0
2.581704853940127,1.4619292546407943,0.5729108419484465,0.0,0.0
2.581704853940127,1.5241390101574241,0.5828827675621009,0.0,0.0
2.581704853940127,1.586348765674054,0.5934256294828049,0.0,0.0
2.581704853940127,1.648558521190683,0.6045509996611551,0.0,0.0
2.581704853940127,1.710768276707313,0.6162678854076439,0.0,0.0
2.581704853940127,1.7729780322239428,0.6285818082938606,0.0,0.0
2.581704853940127,1.8351877877405718,0.6414936909355106,0.0,0.0
2.581704853940127,1.8973975432572017,0.6549985265403782,0.0,0.0
2.581704853940127,1.9596072987738316,0.6690838089867008,0.0,0.0
2.581704853940127,2.0218170542904605,0.6837277078636353,0.0,0.0
2.581704853940127,2.0840268098070904,0.6988969850015259,0.0,0.0
2.581704853940127,2.1462365653237194,0.7145446685241328,0.0,0.0
2.581704853940127,2.2084463208403493,0.7306075295396625,0.0,0.0
2.581704853940127,2.270656076356979,0.7470034472930392,0.0,0.0
2.581704853940127,2.332865831873608,0.7636288022411912,0.0,0.0
2.581704853940127,2.395075587390238,0.7803561027212041,0.0,0.0
2.581704853940127,2.457285342906868,0.7970321262896648,0.0,0.0
2.581704853940127,2.519495098423497,0.8134769334645497,0.0,0.0
2.581704853940127,2.581704853940127,0.8294841754854486,0.0,0.0
2.581704853940127,2.6439146094567567,0.8448231481293557,0.0,0.0
2.581704853940127,2.7061243649733857,0.8592430145213216,0.0,0.0
2.581704853940127,2.7683341204900156,0.8724795043314414,0.0,0.0
2.581704853940127,2.8305438760066455,0.8842641753389935,0.0,0.0
2.581704853940127,2.8927536315232745,0.894335995730834,0.0,0.0
2.581704853940127,2.9549633870399044,0.9024546019490861,0.0,0.0
2.581704853940127,3.0171731425565333,0.9084141740416171,0.0,0.0
2.581704853940127,3.0793828980731632,0.9120565446851259,0.0,0.0
2.6439146094567567,-3.141592653589793,0.9338773534349812,0.0,0.0
2.6439146094567567,-3.0793828980731637,0.9325672048625567,0.0,0.0
2.6439146094567567,-3.017173142556534,0.9286745929106286,0.0,0.0
2.6439146094567567,-2.9549633870399044,0.9223101297423777,0.0,0.0
2.6439146094567567,-2.892753631523275,0.9136489613830898,0.0,0.0
2.6439146094567567,-2.8305438760066455,0.9029183367472006,0.0,0.0
2.6439146094567567,-2.7683341204900156,0.8903826404184094,0.0,0.0
2.6439146094567567,-2.706124364973386,0.8763276767993213,0.0,0.0
2.6439146094567567,-2.6439146094567567,0.8610458089345023,0.0,0.0
2.6439146094567567,-2.581704853940127,0.8448231481293557,0.0,0.0
2.6439146094567567,-2.5194950984234974,0.8279294904608376,0.0,0.0
2.6439146094567567,-2.457285342906868,0.8106112203869397,0.0,0.0
2.6439146094567567,-2.395075587390238,0.7930870269389745,0.0,0.0
2.6439146094567567,-2.3328658318736086,0.7755460354975136,0.0,0.0
2.6439146094567567,-2.270656076356979,0.7581478421957805,0.0,0.0
2.6439146094567567,-2.2084463208403498,0.741023921457006,0.0,0.0
2.6439146094567567,-2.1462365653237203,0.7242799259515884,0.0,0.0
2.6439146094567567,-2.0840268098070904,0.7079984810571871,0.0,0.0
2.6439146094567567,-2.021817054290461,0.6922421689683816,0.0,0.0
2.6439146094567567,-1.9596072987738313,0.6770564856531829,0.0,0.0
2.6439146094567567,-1.897397543257202,0.6624726288546304,0.0,0.0
2.6439146094567567,-1.8351877877405722,0.6485100344662224,0.0,0.0
2.6439146094567567,-1.7729780322239428,0.6351786222802933,0.0,0.0
2.6439146094567567,-1.7107682767073131,0.6224807423952894,0.0,0.0
2.6439146094567567,-1.6485585211906835,0.610412833150927,0.0,0.0
2.6439146094567567,-1.586348765674054,0.5989668129924607,0.0,0.0
2.6439146094567567,-1.5241390101574244,0.5881312344588444,0.0,0.0
2.6439146094567567,-1.461929254640795,0.5778922304042919,0.0,0.0
2.6439146094567567,-1.3997194991241653,0.5682342820092928,0.0,0.0
2.6439146094567567,-1.3375097436075358,0.5591408361351685,0.0,0.0
2.6439146094567567,-1.2752999880909062,0.5505947968307746,0.0,0.0
2.6439146094567567,-1.2130902325742767,0.5425789127768516,0.0,0.0
2.6439146094567567,-1.150880477057647,0.5350760794445096,0.0,0.0
2.6439146094567567,-1.0886707215410176,0.5280695719193023,0.0,0.0
2.6439146094567567,-1.0264609660243877,0.5215432217889318,0.0,0.0
2.6439146094567567,-0.9642512105077583,0.5154815492451758,0.0,0.0
2.6439146094567567,-0.9020414549911289,0.5098698596105413,0.0,0.0
2.6439146094567567,-0.8398316994744994,0.5046943118498947,0.0,0.0
2.6439146094567567,-0.7776219439578695,0.4999419652395283,0.0,0.0
2.6439146094567567,-0.7154121884412401,0.4956008092095937,0.0,0.0
2.6439146094567567,-0.6532024329246107,0.4916597804189854,0.0,0.0
2.6439146094567567,-0.5909926774079808,0.48810877033480415,0.0,0.0
2.6439146094567567,-0.5287829218913513,0.4849386259443868,0.0,0.0
2.6439146094567567,-0.4665731663747219,0.48214114570269645,0.0,0.0
2.6439146094567567,-0.40436341085809246,0.47970907239093624,0.0,0.0
2.6439146094567567,-0.3421536553414626,0.47763608421592313,0.0,0.0
2.6439146094567567,-0.27994389982483314,0.475916785199067,0.0,0.0
2.6439146094567567,-0.2177341443082037,0.4745466956761771,0.0,0.0
2.6439146094567567,-0.15552438879157382,0.4735222435441609,0.0,0.0
2.6439146094567567,-0.09331463327494438,0.47284075673912135,0.0,0.0
2.6439146094567567,-0.03110487775831494,0.4725004573048519,0.0,0.0
2.6439146094567567,0.031104877758314498,0.4725004573048519,0.0,0.0
2.6439146094567567,0.09331463327494438,0.47284075673912135,0.0,0.0
2.6439146094567567,0.15552438879157382,0.4735222435441609,0.0,0.0
2.6439146094567567,0.21773414430820326,0.4745466956761771,0.0,0.0
2.6439146094567567,0.2799438998248327,0.475916785199067,0.0,0.0
2.6439146094567567,0.3421536553414626,0.47763608421592313,0.0,0.0
2.6439146094567567,0.404363410858092,0.4797090723909363,0.0,0.0
2.6439146094567567,0.46657316637472146,0.4821411457026964,0.0,0.0
2.6439146094567567,0.5287829218913513,0.4849386259443868,0.0,0.0
2.6439146094567567,0.5909926774079808,0.48810877033480415,0.0,0.0
2.6439146094567567,0.6532024329246102,0.4916597804189854,0.0,0.0
2.6439146094567567,0.7154121884412397,0.4956008092095936,0.0,0.0
2.6439146094567567,0.7776219439578695,0.4999419652395283,0.0,0.0
2.6439146094567567,0.839831699474499,0.5046943118498947,0.0,0.0
2.6439146094567567,0.9020414549911289,0.5098698596105413,0.0,0.0
2.6439146094567567,0.9642512105077579,0.5154815492451756,0.0,0.0
2.6439146094567567,1.0264609660243877,0.5215432217889318,0.0,0.0
2.6439146094567567,1.0886707215410176,0.5280695719193023,0.0,0.0
2.6439146094567567,1.1508804770576466,0.5350760794445096,0.0,0.0
2.6439146094567567,1.2130902325742765,0.5425789127768516,0.0,0.0
2.6439146094567567,1.2752999880909055,0.5505947968307745,0.0,0.0
2.6439146094567567,1.3375097436075354,0.5591408361351684,0.0,0.0
2.6439146094567567,1.3997194991241653,0.5682342820092928,0.0,0.0
2.6439146094567567,1.4619292546407943,0.5778922304042918,0.0,0.0
2.6439146094567567,1.5241390101574241,0.5881312344588444,0.0,0.0
2.6439146094567567,1.586348765674054,0.5989668129924607,0.0,0.0
2.6439146094567567,1.648558521190683,0.610412833150927,0.0,0.0
2.6439146094567567,1.710768276707313,0.6224807423952894,0.0,0.0
2.6439146094567567,1.7729780322239428,0.6351786222802933,0.0,0.0
2.6439146094567567,1.8351877877405718,0.6485100344662222,0.0,0.0
2.6439146094567567,1.8973975432572017,0.6624726288546303,0.0,0.0
2.6439146094567567,1.9596072987738316,0.6770564856531829,0.0,0.0
2.6439146094567567,2.0218170542904605,0.6922421689683816,0.0,0.0
2.6439146094567567,2.0840268098070904,0.7079984810571871,0.0,0.0
2.6439146094567567,2.1462365653237194,0.7242799259515882,0.0,0.0
2.6439146094567567,2.2084463208403493,0.7410239214570059,0.0,0.0
2.6439146094567567,2.270656076356979,0.7581478421957805,0.0,0.0
2.6439146094567567,2.332865831873608,0.7755460354975133,0.0,0.0
2.6439146094567567,2.395075587390238,0.7930870269389745,0.0,0.0
2.6439146094567567,2.457285342906868,0.8106112203869397,0.0,0.0
2.6439146094567567,2.519495098423497,0.8279294904608374,0.0,0.0
2.6439146094567567,2.581704853940127,0.8448231481293557,0.0,0.0
2.6439146094567567,2.6439146094567567,0.8610458089345023,0.0,0.0
2.6439146094567567,2.7061243649733857,0.8763276767993212,0.0,0.0
2.6439146094567567,2.7683341204900156,0.8903826404184094,0.0,0.0
2.6439146094567567,2.8305438760066455,0.9029183367472006,0.0,0.0
2.6439146094567567,2.8927536315232745,0.9136489613830897,0.0,0.0
2.6439146094567567,2.9549633870399044,0.9223101297423777,0.0,0.0
2.6439146094567567,3.0171731425565333,0.9286745929106285,0.0,0.0
2.6439146094567567,3.0793828980731632,0.9325672048625567,0.0,0.0
2.7061243649733857,-3.141592653589793,0.9534668758909075,0.0,0.0
2.7061243649733857,-3.0793828980731637,0.9520726629076205,0.0,0.0
2.7061243649733857,-3.017173142556534,0.9479317487963981,0.0,0.0
2.7061243649733857,-2.9549633870399044,0.9411660026973716,0.0,0.0
2.7061243649733857,-2.892753631523275,0.9319680234356699,0.0,0.0
2.7061243649733857,-2.8305438760066455,0.9205869978243071,0.0,0.0
2.7061243649733857,-2.7683341204900156,0.9073117707765819,0.0,0.0
2.7061243649733857,-2.706124364973386,0.8924532064414593,0.0,0.0
2.7061243649733857,-2.6439146094567567,0.8763276767993212,0.0,0.0
2.7061243649733857,-2.581704853940127,0.8592430145213216,0.0,0.0
2.7061243649733857,-2.5194950984234974,0.8414876707386525,0.0,0.0
2.7061243649733857,-2.457285342906868,0.8233232652627344,0.0,0.0
2.7061243649733857,-2.395075587390238,0.8049802941964453,0.0,0.0
2.7061243649733857,-2.3328658318736086,0.786656498426914,0.0,0.0
2.7061243649733857,-2.270656076356979,0.7685172835222058,0.0,0.0
2.7061243649733857,-2.2084463208403498,0.7506975809814772,0.0,0.0
2.7061243649733857,-2.1462365653237203,0.7333046105966217,0.0,0.0
2.7061243649733857,-2.0840268098070904,0.7164211070956705,0.0,0.0
2.7061243649733857,-2.021817054290461,0.7001086845353274,0.0,0.0
2.7061243649733857,-1.9596072987738313,0.6844111127824789,0.0,0.0
2.7061243649733857,-1.897397543257202,0.6693573640083282,0.0,0.0
2.7061243649733857,-1.8351877877405722,0.6549643513476835,0.0,0.0
2.7061243649733857,-1.7729780322239428,0.6412393280758711,0.0,0.0
2.7061243649733857,-1.7107682767073131,0.6281819467472473,0.0,0.0
2.7061243649733857,-1.6485585211906835,0.6157859970767648,0.0,0.0
2.7061243649733857,-1.586348765674054,0.6040408520712393,0.0,0.0
2.7061243649733857,-1.5241390101574244,0.5929326566680554,0.0,0.0
2.7061243649733857,-1.461929254640795,0.5824452939760566,0.0,0.0
2.7061243649733857,-1.3997194991241653,0.5725611626578117,0.0,0.0
2.7061243649733857,-1.3375097436075358,0.5632617961159209,0.0,0.0
2.7061243649733857,-1.2752999880909062,0.5545283506692804,0.0,0.0
2.7061243649733857,-1.2130902325742767,0.5463419862894263,0.0,0.0
2.7061243649733857,-1.150880477057647,0.5386841599891673,0.0,0.0
2.7061243649733857,-1.0886707215410176,0.5315368487669188,0.0,0.0
2.7061243649733857,-1.0264609660243877,0.5248827161792358,0.0,0.0
2.7061243649733857,-0.9642512105077583,0.5187052341580652,0.0,0.0
2.7061243649733857,-0.9020414549911289,0.5129887695947195,0.0,0.0
2.7061243649733857,-0.8398316994744994,0.5077186434496025,0.0,0.0
2.7061243649733857,-0.7776219439578695,0.5028811686779843,0.0,0.0
2.7061243649733857,-0.7154121884412401,0.49846367204852887,0.0,0.0
2.7061243649733857,-0.6532024329246107,0.49445450393516793,0.0,0.0
2.7061243649733857,-0.5909926774079808,0.49084303934976875,0.0,0.0
2.7061243649733857,-0.5287829218913513,0.4876196728222706,0.0,0.0
2.7061243649733857,-0.4665731663747219,0.4847758092000103,0.0,0.0
2.7061243649733857,-0.40436341085809246,0.48230385200616943,0.0,0.0
2.7061243649733857,-0.3421536553414626,0.48019719064953587,0.0,0.0
2.7061243649733857,-0.27994389982483314,0.47845018749805324,0.0,0.0
2.7061243649733857,-0.2177341443082037,0.4770581656035979,0.0,0.0
2.7061243649733857,-0.15552438879157382,0.4760173976839366,0.0,0.0
2.7061243649733857,-0.09331463327494438,0.47532509682062646,0.0,0.0
2.7061243649733857,-0.03110487775831494,0.4749794092109183,0.0,0.0
2.7061243649733857,0.031104877758314498,0.4749794092109183,0.0,0.0
2.7061243649733857,0.09331463327494438,0.47532509682062646,0.0,0.0
2.7061243649733857,0.15552438879157382,0.4760173976839366,0.0,0.0
2.7061243649733857,0.21773414430820326,0.4770581656035979,0.0,0.0
2.7061243649733857,0.2799438998248327,0.47845018749805324,0.0,0.0
2.7061243649733857,0.3421536553414626,0.48019719064953587,0.0,0.0
2.7061243649733857,0.404363410858092,0.48230385200616943,0.0,0.0
2.7061243649733857,0.46657316637472146,0.48477580920001023,0.0,0.0
2.7061243649733857,0.5287829218913513,0.4876196728222706,0.0,0.0
2.7061243649733857,0.5909926774079808,0.49084303934976875,0.0,0.0
2.7061243649733857,0.6532024329246102,0.49445450393516793,0.0,0.0
2.7061243649733857,0.7154121884412397,0.49846367204852887,0.0,0.0
2.7061243649733857,0.7776219439578695,0.5028811686779843,0.0,0.0
2.7061243649733857,0.839831699474499,0.5077186434496025,0.0,0.0
2.7061243649733857,0.9020414549911289,0.5129887695947195,0.0,0.0
2.7061243649733857,0.9642512105077579,0.5187052341580651,0.0,0.0
2.7061243649733857,1.0264609660243877,0.5248827161792358,0.0,0.0
2.7061243649733857,1.0886707215410176,0.5315368487669188,0.0,0.0
2.7061243649733857,1.1508804770576466,0.5386841599891673,0.0,0.0
2.7061243649733857,1.2130902325742765,0.5463419862894263,0.0,0.0
2.7061243649733857,1.2752999880909055,0.5545283506692803,0.0,0.0
2.7061243649733857,1.3375097436075354,0.5632617961159209,0.0,0.0
2.7061243649733857,1.3997194991241653,0.5725611626578117,0.0,0.0
2.7061243649733857,1.4619292546407943,0.5824452939760565,0.0,0.0
2.7061243649733857,1.5241390101574241,0.5929326566680554,0.0,0.0
2.7061243649733857,1.586348765674054,0.6040408520712393,0.0,0.0
2.7061243649733857,1.648558521190683,0.6157859970767647,0.0,0.0
2.7061243649733857,1.710768276707313,0.6281819467472471,0.0,0.0
2.7061243649733857,1.7729780322239428,0.6412393280758711,0.0,0.0
2.7061243649733857,1.8351877877405718,0.6549643513476834,0.0,0.0
2.7061243649733857,1.8973975432572017,0.6693573640083281,0.0,0.0
2.7061243649733857,1.9596072987738316,0.6844111127824789,0.0,0.0
2.7061243649733857,2.0218170542904605,0.7001086845353273,0.0,0.0
2.7061243649733857,2.0840268098070904,0.7164211070956705,0.0,0.0
2.7061243649733857,2.1462365653237194,0.7333046105966214,0.0,0.0
2.7061243649733857,2.2084463208403493,0.7506975809814771,0.0,0.0
2.7061243649733857,2.270656076356979,0.7685172835222058,0.0,0.0
2.7061243649733857,2.332865831873608,0.7866564984269138,0.0,0.0
2.7061243649733857,2.395075587390238,0.8049802941964453,0.0,0.0
2.7061243649733857,2.457285342906868,0.8233232652627344,0.0,0.0
2.7061243649733857,2.519495098423497,0.8414876707386523,0.0,0.0
2.7061243649733857,2.581704853940127,0.8592430145213216,0.0,0.0
2.7061243649733857,2.6439146094567567,0.8763276767993212,0.0,0.0
2.7061243649733857,2.7061243649733857,0.8924532064414592,0.0,0.0
2.7061243649733857,2.7683341204900156,0.9073117707765819,0.0,0.0
2.7061243649733857,2.8305438760066455,0.9205869978243071,0.0,0.0
2.7061243649733857,2.8927536315232745,0.9319680234356699,0.0,0.0
2.7061243649733857,2.9549633870399044,0.9411660026973716,0.0,0.0
2.7061243649733857,3.0171731425565333,0.9479317487963979,0.0,0.0
2.7061243649733857,3.0793828980731632,0.9520726629076205,0.0,0.0
2.7683341204900156,-3.141592653589793,0.9716506018515042,0.0,0.0
2.7683341204900156,-3.0793828980731637,0.9701752146738263,0.0,0.0
2.7683341204900156,-3.017173142556534,0.9657946724912354,0.0,0.0
2.7683341204900156,-2.9549633870399044,0.958642096452922,0.0,0.0
2.7683341204900156,-2.892753631523275,0.9489274846891496,0.0,0.0
2.7683341204900156,-2.8305438760066455,0.9369218096395922,0.0,0.0
2.7683341204900156,-2.7683341204900156,0.9229380826923633,0.0,0.0
2.7683341204900156,-2.706124364973386,0.907311770776582,0.0,0.0
2.7683341204900156,-2.6439146094567567,0.8903826404184094,0.0,0.0
2.7683341204900156,-2.581704853940127,0.8724795043314414,0.0,0.0
2.7683341204900156,-2.5194950984234974,0.8539086474829042,0.0,0.0
2.7683341204900156,-2.457285342906868,0.8349460771170477,0.0,0.0
2.7683341204900156,-2.395075587390238,0.8158332718233885,0.0,0.0
2.7683341204900156,-2.3328658318736086,0.7967758272646291,0.0,0.0
2.7683341204900156,-2.270656076356979,0.7779442895795641,0.0,0.0
2.7683341204900156,-2.2084463208403498,0.7594764857039017,0.0,0.0
2.7683341204900156,-2.1462365653237203,0.7414807525540386,0.0,0.0
2.7683341204900156,-2.0840268098070904,0.724039591938868,0.0,0.0
2.7683341204900156,-2.021817054290461,0.7072134057430236,0.0,0.0
2.7683341204900156,-1.9596072987738313,0.6910440793080005,0.0,0.0
2.7683341204900156,-1.897397543257202,0.6755582725824629,0.0,0.0
2.7683341204900156,-1.8351877877405722,0.6607703473809106,0.0,0.0
2.7683341204900156,-1.7729780322239428,0.6466849073210409,0.0,0.0
2.7683341204900156,-1.7107682767073131,0.6332989585110661,0.0,0.0
2.7683341204900156,-1.6485585211906835,0.6206037178640004,0.0,0.0
2.7683341204900156,-1.586348765674054,0.6085861056441134,0.0,0.0
2.7683341204900156,-1.5241390101574244,0.5972299624454238,0.0,0.0
2.7683341204900156,-1.461929254640795,0.5865170305027497,0.0,0.0
2.7683341204900156,-1.3997194991241653,0.5764277366570127,0.0,0.0
2.7683341204900156,-1.3375097436075358,0.5669418105476974,0.0,0.0
2.7683341204900156,-1.2752999880909062,0.5580387674129806,0.0,0.0
2.7683341204900156,-1.2130902325742767,0.5496982806915898,0.0,0.0
2.7683341204900156,-1.150880477057647,0.5419004656976255,0.0,0.0
2.7683341204900156,-1.0886707215410176,0.5346260921103371,0.0,0.0
2.7683341204900156,-1.0264609660243877,0.5278567399336249,0.0,0.0
2.7683341204900156,-0.9642512105077583,0.5215749109340345,0.0,0.0
2.7683341204900156,-0.9020414549911289,0.515764105332679,0.0,0.0
2.7683341204900156,-0.8398316994744994,0.5104088716637459,0.0,0.0
2.7683341204900156,-0.7776219439578695,0.5054948361730378,0.0,0.0
2.7683341204900156,-0.7154121884412401,0.5010087168677112,0.0,0.0
2.7683341204900156,-0.6532024329246107,0.4969383262995877,0.0,0.0
2.7683341204900156,-0.5909926774079808,0.493272566330233,0.0,0.0
2.7683341204900156,-0.5287829218913513,0.4900014174525449,0.0,0.0
2.7683341204900156,-0.4665731663747219,0.48711592470190096,0.0,0.0
2.7683341204900156,-0.40436341085809246,0.4846081817555439,0.0,0.0
2.7683341204900156,-0.3421536553414626,0.48247131447141667,0.0,0.0
2.7683341204900156,-0.27994389982483314,0.4806994648401391,0.0,0.0
2.7683341204900156,-0.2177341443082037,0.47928777610225937,0.0,0.0
2.7683341204900156,-0.15552438879157382,0.47823237960570525,0.0,0.0
2.7683341204900156,-0.09331463327494438,0.4775303838359457,0.0,0.0
2.7683341204900156,-0.03110487775831494,0.4771798659357363,0.0,0.0
2.7683341204900156,0.031104877758314498,0.4771798659357363,0.0,0.0
2.7683341204900156,0.09331463327494438,0.4775303838359457,0.0,0.0
2.7683341204900156,0.15552438879157382,0.47823237960570525,0.0,0.0
2.7683341204900156,0.21773414430820326,0.4792877761022593,0.0,0.0
2.7683341204900156,0.2799438998248327,0.4806994648401391,0.0,0.0
2.7683341204900156,0.3421536553414626,0.48247131447141667,0.0,0.0
2.7683341204900156,0.404363410858092,0.484608181755544,0.0,0.0
2.7683341204900156,0.46657316637472146,0.48711592470190085,0.0,0.0
2.7683341204900156,0.5287829218913513,0.4900014174525449,0.0,0.0
2.7683341204900156,0.5909926774079808,0.493272566330233,0.0,0.0
2.7683341204900156,0.6532024329246102,0.4969383262995877,0.0,0.0
2.7683341204900156,0.7154121884412397,0.5010087168677112,0.0,0.0
2.7683341204900156,0.7776219439578695,0.5054948361730378,0.0,0.0
2.7683341204900156,0.839831699474499,0.5104088716637459,0.0,0.0
2.7683341204900156,0.9020414549911289,0.515764105332679,0.0,0.0
2.7683341204900156,0.9642512105077579,0.5215749109340345,0.0,0.0
2.7683341204900156,1.0264609660243877,0.5278567399336249,0.0,0.0
2.7683341204900156,1.0886707215410176,0.5346260921103371,0.0,0.0
2.7683341204900156,1.1508804770576466,0.5419004656976254,0.0,0.0
2.7683341204900156,1.2130902325742765,0.5496982806915898,0.0,0.0
2.7683341204900156,1.2752999880909055,0.5580387674129805,0.0,0.0
2.7683341204900156,1.3375097436075354,0.5669418105476973,0.0,0.0
2.7683341204900156,1.3997194991241653,0.5764277366570127,0.0,0.0
2.7683341204900156,1.4619292546407943,0.5865170305027496,0.0,0.0
2.7683341204900156,1.5241390101574241,0.5972299624454236,0.0,0.0
2.7683341204900156,1.586348765674054,0.6085861056441134,0.0,0.0
2.7683341204900156,1.648558521190683,0.6206037178640004,0.0,0.0
2.7683341204900156,1.710768276707313,0.6332989585110661,0.0,0.0
2.7683341204900156,1.7729780322239428,0.6466849073210409,0.0,0.0
2.7683341204900156,1.8351877877405718,0.6607703473809104,0.0,0.0
2.7683341204900156,1.8973975432572017,0.6755582725824629,0.0,0.0
2.7683341204900156,1.9596072987738316,0.6910440793080005,0.0,0.0
2.7683341204900156,2.0218170542904605,0.7072134057430235,0.0,0.0
2.7683341204900156,2.0840268098070904,0.724039591938868,0.0,0.0
2.7683341204900156,2.1462365653237194,0.7414807525540382,0.0,0.0
2.7683341204900156,2.2084463208403493,0.7594764857039015,0.0,0.0
2.7683341204900156,2.270656076356979,0.7779442895795641,0.0,0.0
2.7683341204900156,2.332865831873608,0.796775827264629,0.0,0.0
2.7683341204900156,2.395075587390238,0.8158332718233885,0.0,0.0
2.7683341204900156,2.457285342906868,0.8349460771170477,0.0,0.0
2.7683341204900156,2.519495098423497,0.853908647482904,0.0,0.0
2.7683341204900156,2.581704853940127,0.8724795043314414,0.0,0.0
2.7683341204900156,2.6439146094567567,0.8903826404184094,0.0,0.0
2.7683341204900156,2.7061243649733857,0.9073117707765819,0.0,0.0
2.7683341204900156,2.7683341204900156,0.9229380826923633,0.0,0.0
2.7683341204900156,2.8305438760066455,0.9369218096395922,0.0,0.0
2.7683341204900156,2.8927536315232745,0.9489274846891493,0.0,0.0
2.7683341204900156,2.9549633870399044,0.958642096452922,0.0,0.0
2.7683341204900156,3.0171731425565333,0.9657946724912353,0.0,0.0
2.7683341204900156,3.0793828980731632,0.9701752146738263,0.0,0.0
2.8305438760066455,-3.141592653589793,0.9880079174107435,0.0,0.0
2.8305438760066455,-3.0793828980731637,0.9864568761862124,0.0,0.0
2.8305438760066455,-3.017173142556534,0.9818531205543235,0.0,0.0
2.8305438760066455,-2.9549633870399044,0.9743405890284907,0.0,0.0
2.8305438760066455,-2.892753631523275,0.9641459660939161,0.0,0.0
2.8305438760066455,-2.8305438760066455,0.9515610415868683,0.0,0.0
2.8305438760066455,-2.7683341204900156,0.9369218096395922,0.0,0.0
2.8305438760066455,-2.706124364973386,0.9205869978243072,0.0,0.0
2.8305438760066455,-2.6439146094567567,0.9029183367472008,0.0,0.0
2.8305438760066455,-2.581704853940127,0.8842641753389935,0.0,0.0
2.8305438760066455,-2.5194950984234974,0.8649472458029523,0.0,0.0
2.8305438760066455,-2.457285342906868,0.8452566718135271,0.0,0.0
2.8305438760066455,-2.395075587390238,0.8254438004731554,0.0,0.0
2.8305438760066455,-2.3328658318736086,0.8057211485111074,0.0,0.0
2.8305438760066455,-2.270656076356979,0.7862636558263241,0.0,0.0
2.8305438760066455,-2.2084463208403498,0.7672114782606699,0.0,0.0
2.8305438760066455,-2.1462365653237203,0.7486736677459335,0.0,0.0
2.8305438760066455,-2.0840268098070904,0.7307322342283343,0.0,0.0
2.8305438760066455,-2.021817054290461,0.7134462281828047,0.0,0.0
2.8305438760066455,-1.9596072987738313,0.6968556075881315,0.0,0.0
2.8305438760066455,-1.897397543257202,0.6809847521263938,0.0,0.0
2.8305438760066455,-1.8351877877405722,0.6658455599947458,0.0,0.0
2.8305438760066455,-1.7729780322239428,0.6514401124673809,0.0,0.0
2.8305438760066455,-1.7107682767073131,0.6377629229068937,0.0,0.0
2.8305438760066455,-1.6485585211906835,0.6248028049854638,0.0,0.0
2.8305438760066455,-1.586348765674054,0.612544403496846,0.0,0.0
2.8305438760066455,-1.5241390101574244,0.6009694335382942,0.0,0.0
2.8305438760066455,-1.461929254640795,0.5900576724102908,0.0,0.0
2.8305438760066455,-1.3997194991241653,0.5797877450095983,0.0,0.0
2.8305438760066455,-1.3375097436075358,0.5701377389118145,0.0,0.0
2.8305438760066455,-1.2752999880909062,0.5610856804767084,0.0,0.0
2.8305438760066455,-1.2130902325742767,0.552609898595997,0.0,0.0
2.8305438760066455,-1.150880477057647,0.544689298374685,0.0,0.0
2.8305438760066455,-1.0886707215410176,0.5373035632011688,0.0,0.0
2.8305438760066455,-1.0264609660243877,0.5304333003460245,0.0,0.0
2.8305438760066455,-0.9642512105077583,0.5240601424163628,0.0,0.0
2.8305438760066455,-0.9020414549911289,0.5181668146388797,0.0,0.0
2.8305438760066455,-0.8398316994744994,0.5127371759966511,0.0,0.0
2.8305438760066455,-0.7776219439578695,0.5077562406462426,0.0,0.0
2.8305438760066455,-0.7154121884412401,0.5032101847393594,0.0,0.0
2.8305438760066455,-0.6532024329246107,0.499086342718286,0.0,0.0
2.8305438760066455,-0.5909926774079808,0.49537319630401144,0.0,0.0
2.8305438760066455,-0.5287829218913513,0.4920603587133778,0.0,0.0
2.8305438760066455,-0.4665731663747219,0.4891385560957398,0.0,0.0
2.8305438760066455,-0.40436341085809246,0.4865996077444918,0.0,0.0
2.8305438760066455,-0.3421536553414626,0.4844364062928715,0.0,0.0
2.8305438760066455,-0.27994389982483314,0.48264289882895756,0.0,0.0
2.8305438760066455,-0.2177341443082037,0.4812140696471792,0.0,0.0
2.8305438760066455,-0.15552438879157382,0.4801459251809901,0.0,0.0
2.8305438760066455,-0.09331463327494438,0.4794354815238032,0.0,0.0
2.8305438760066455,-0.03110487775831494,0.47908075483466683,0.0,0.0
2.8305438760066455,0.031104877758314498,0.47908075483466683,0.0,0.0
2.8305438760066455,0.09331463327494438,0.4794354815238032,0.0,0.0
2.8305438760066455,0.15552438879157382,0.4801459251809901,0.0,0.0
2.8305438760066455,0.21773414430820326,0.48121406964717917,0.0,0.0
2.8305438760066455,0.2799438998248327,0.48264289882895756,0.0,0.0
2.8305438760066455,0.3421536553414626,0.4844364062928715,0.0,0.0
2.8305438760066455,0.404363410858092,0.4865996077444919,0.0,0.0
2.8305438760066455,0.46657316637472146,0.4891385560957398,0.0,0.0
2.8305438760066455,0.5287829218913513,0.4920603587133778,0.0,0.0
2.8305438760066455,0.5909926774079808,0.49537319630401144,0.0,0.0
2.8305438760066455,0.6532024329246102,0.499086342718286,0.0,0.0
2.8305438760066455,0.7154121884412397,0.5032101847393594,0.0,0.0
2.8305438760066455,0.7776219439578695,0.5077562406462426,0.0,0.0
2.8305438760066455,0.839831699474499,0.5127371759966509,0.0,0.0
2.8305438760066455,0.9020414549911289,0.5181668146388797,0.0,0.0
2.8305438760066455,0.9642512105077579,0.5240601424163627,0.0,0.0
2.8305438760066455,1.0264609660243877,0.5304333003460245,0.0,0.0
2.8305438760066455,1.0886707215410176,0.5373035632011688,0.0,0.0
2.8305438760066455,1.1508804770576466,0.544689298374685,0.0,0.0
2.8305438760066455,1.2130902325742765,0.552609898595997,0.0,0.0
2.8305438760066455,1.2752999880909055,0.5610856804767083,0.0,0.0
2.8305438760066455,1.3375097436075354,0.5701377389118144,0.0,0.0
2.8305438760066455,1.3997194991241653,0.5797877450095983,0.0,0.0
2.8305438760066455,1.4619292546407943,0.5900576724102907,0.0,0.0
2.8305438760066455,1.5241390101574241,0.6009694335382941,0.0,0.0
2.8305438760066455,1.586348765674054,0.612544403496846,0.0,0.0
2.8305438760066455,1.648558521190683,0.6248028049854637,0.0,0.0
2.8305438760066455,1.710768276707313,0.6377629229068937,0.0,0.0
2.8305438760066455,1.7729780322239428,0.6514401124673809,0.0,0.0
2.8305438760066455,1.8351877877405718,0.6658455599947458,0.0,0.0
2.8305438760066455,1.8973975432572017,0.6809847521263938,0.0,0.0
2.8305438760066455,1.9596072987738316,0.6968556075881316,0.0,0.0
2.8305438760066455,2.0218170542904605,0.7134462281828045,0.0,0.0
2.8305438760066455,2.0840268098070904,0.7307322342283343,0.0,0.0
2.8305438760066455,2.1462365653237194,0.7486736677459331,0.0,0.0
2.8305438760066455,2.2084463208403493,0.7672114782606697,0.0,0.0
2.8305438760066455,2.270656076356979,0.7862636558263241,0.0,0.0
2.8305438760066455,2.332865831873608,0.8057211485111073,0.0,0.0
2.8305438760066455,2.395075587390238,0.8254438004731554,0.0,0.0
2.8305438760066455,2.457285342906868,0.8452566718135271,0.0,0.0
2.8305438760066455,2.519495098423497,0.8649472458029523,0.0,0.0
2.8305438760066455,2.581704853940127,0.8842641753389935,0.0,0.0
2.8305438760066455,2.6439146094567567,0.9029183367472008,0.0,0.0
2.8305438760066455,2.7061243649733857,0.9205869978243071,0.0,0.0
2.8305438760066455,2.7683341204900156,0.9369218096395922,0.0,0.0
2.8305438760066455,2.8305438760066455,0.9515610415868683,0.0,0.0
2.8305438760066455,2.8927536315232745,0.9641459660939161,0.0,0.0
2.8305438760066455,2.9549633870399044,0.9743405890284907,0.0,0.0
2.8305438760066455,3.0171731425565333,0.9818531205543235,0.0,0.0
2.8305438760066455,3.0793828980731632,0.9864568761862121,0.0,0.0
2.8927536315232745,-3.141592653589793,1.0021169805962353,0.0,0.0
2.8927536315232745,-3.0793828980731637,1.0004986474482558,0.0,0.0
2.8927536315232745,-3.017173142556534,0.9956964452264369,0.0,0.0
2.8927536315232745,-2.9549633870399044,0.9878641968993358,0.0,0.0
2.8927536315232745,-2.892753631523275,0.9772438009030983,0.0,0.0
2.8927536315232745,-2.8305438760066455,0.9641459660939161,0.0,0.0
2.8927536315232745,-2.7683341204900156,0.9489274846891493,0.0,0.0
2.8927536315232745,-2.706124364973386,0.93196802343567,0.0,0.0
2.8927536315232745,-2.6439146094567567,0.9136489613830897,0.0,0.0
2.8927536315232745,-2.581704853940127,0.894335995730834,0.0,0.0
2.8927536315232745,-2.5194950984234974,0.8743663376023837,0.0,0.0
2.8927536315232745,-2.457285342906868,0.854040536969493,0.0,0.0
2.8927536315232745,-2.395075587390238,0.833618424246855,0.0,0.0
2.8927536315232745,-2.3328658318736086,0.8133183570755199,0.0,0.0
2.8927536315232745,-2.270656076356979,0.7933188744220364,0.0,0.0
2.8927536315232745,-2.2084463208403498,0.773761919663251,0.0,0.0
2.8927536315232745,-2.1462365653237203,0.7547569332693744,0.0,0.0
2.8927536315232745,-2.0840268098070904,0.7363852818961548,0.0,0.0
2.8927536315232745,-2.021817054290461,0.7187046503271008,0.0,0.0
2.8927536315232745,-1.9596072987738313,0.7017531580954841,0.0,0.0
2.8927536315232745,-1.897397543257202,0.6855530676970837,0.0,0.0
2.8927536315232745,-1.8351877877405722,0.6701140270367976,0.0,0.0
2.8927536315232745,-1.7729780322239428,0.6554358395450025,0.0,0.0
2.8927536315232745,-1.7107682767073131,0.6415107867596149,0.0,0.0
2.8927536315232745,-1.6485585211906835,0.6283255453765261,0.0,0.0
2.8927536315232745,-1.586348765674054,0.6158627482725552,0.0,0.0
2.8927536315232745,-1.5241390101574244,0.6041022402525286,0.0,0.0
2.8927536315232745,-1.461929254640795,0.5930220767832425,0.0,0.0
2.8927536315232745,-1.3997194991241653,0.5825993094950065,0.0,0.0
2.8927536315232745,-1.3375097436075358,0.5728105969036963,0.0,0.0
2.8927536315232745,-1.2752999880909062,0.5636326733471791,0.0,0.0
2.8927536315232745,-1.2130902325742767,0.555042703953256,0.0,0.0
2.8927536315232745,-1.150880477057647,0.547018548775235,0.0,0.0
2.8927536315232745,-1.0886707215410176,0.5395389551317719,0.0,0.0
2.8927536315232745,-1.0264609660243877,0.5325836936783989,0.0,0.0
2.8927536315232745,-0.9642512105077583,0.5261336507846889,0.0,0.0
2.8927536315232745,-0.9020414549911289,0.5201708873372294,0.0,0.0
2.8927536315232745,-0.8398316994744994,0.5146786720705789,0.0,0.0
2.8927536315232745,-0.7776219439578695,0.5096414958821671,0.0,0.0
2.8927536315232745,-0.7154121884412401,0.5050450722531039,0.0,0.0
2.8927536315232745,-0.6532024329246107,0.500876327821839,0.0,0.0
2.8927536315232745,-0.5909926774079808,0.49712338629541075,0.0,0.0
2.8927536315232745,-0.5287829218913513,0.4937755481943672,0.0,0.0
2.8927536315232745,-0.4665731663747219,0.49082326837944373,0.0,0.0
2.8927536315232745,-0.40436341085809246,0.4882581328734673,0.0,0.0
2.8927536315232745,-0.3421536553414626,0.4860728361482728,0.0,0.0
2.8927536315232745,-0.27994389982483314,0.4842611597752963,0.0,0.0
2.8927536315232745,-0.2177341443082037,0.4828179531249559,0.0,0.0
2.8927536315232745,-0.15552438879157382,0.4817391166316743,0.0,0.0
2.8927536315232745,-0.09331463327494438,0.4810215880084428,0.0,0.0
2.8927536315232745,-0.03110487775831494,0.4806633316888756,0.0,0.0
2.8927536315232745,0.031104877758314498,0.48066333168887565,0.0,0.0
2.8927536315232745,0.09331463327494438,0.4810215880084428,0.0,0.0
2.8927536315232745,0.15552438879157382,0.4817391166316743,0.0,0.0
2.8927536315232745,0.21773414430820326,0.48281795312495596,0.0,0.0
2.8927536315232745,0.2799438998248327,0.4842611597752963,0.0,0.0
2.8927536315232745,0.3421536553414626,0.4860728361482728,0.0,0.0
2.8927536315232745,0.404363410858092,0.4882581328734673,0.0,0.0
2.8927536315232745,0.46657316637472146,0.49082326837944373,0.0,0.0
2.8927536315232745,0.5287829218913513,0.4937755481943672,0.0,0.0
2.8927536315232745,0.5909926774079808,0.49712338629541075,0.0,0.0
2.8927536315232745,0.6532024329246102,0.500876327821839,0.0,0.0
2.8927536315232745,0.7154121884412397,0.5050450722531039,0.0,0.0
2.8927536315232745,0.7776219439578695,0.5096414958821671,0.0,0.0
2.8927536315232745,0.839831699474499,0.5146786720705788,0.0,0.0
2.8927536315232745,0.9020414549911289,0.5201708873372294,0.0,0.0
2.8927536315232745,0.9642512105077579,0.5261336507846889,0.0,0.0
2.8927536315232745,1.0264609660243877,0.5325836936783989,0.0,0.0
2.8927536315232745,1.0886707215410176,0.5395389551317719,0.0,0.0
2.8927536315232745,1.1508804770576466,0.5470185487752349,0.0,0.0
2.8927536315232745,1.2130902325742765,0.555042703953256,0.0,0.0
2.8927536315232745,1.2752999880909055,0.5636326733471789,0.0,0.0
2.8927536315232745,1.3375097436075354,0.5728105969036962,0.0,0.0
2.8927536315232745,1.3997194991241653,0.5825993094950065,0.0,0.0
2.8927536315232745,1.4619292546407943,0.5930220767832423,0.0,0.0
2.8927536315232745,1.5241390101574241,0.6041022402525285,0.0,0.0
2.8927536315232745,1.586348765674054,0.6158627482725552,0.0,0.0
2.8927536315232745,1.648558521190683,0.628325545376526,0.0,0.0
2.8927536315232745,1.710768276707313,0.6415107867596148,0.0,0.0
2.8927536315232745,1.7729780322239428,0.6554358395450025,0.0,0.0
2.8927536315232745,1.8351877877405718,0.6701140270367975,0.0,0.0
2.8927536315232745,1.8973975432572017,0.6855530676970836,0.0,0.0
2.8927536315232745,1.9596072987738316,0.7017531580954842,0.0,0.0
2.8927536315232745,2.0218170542904605,0.7187046503271007,0.0,0.0
2.8927536315232745,2.0840268098070904,0.7363852818961548,0.0,0.0
2.8927536315232745,2.1462365653237194,0.7547569332693741,0.0,0.0
2.8927536315232745,2.2084463208403493,0.7737619196632509,0.0,0.0
2.8927536315232745,2.270656076356979,0.7933188744220364,0.0,0.0
2.8927536315232745,2.332865831873608,0.8133183570755198,0.0,0.0
2.8927536315232745,2.395075587390238,0.833618424246855,0.0,0.0
2.8927536315232745,2.457285342906868,0.854040536969493,0.0,0.0
2.8927536315232745,2.519495098423497,0.8743663376023835,0.0,0.0
2.8927536315232745,2.581704853940127,0.894335995730834,0.0,0.0
2.8927536315232745,2.6439146094567567,0.9136489613830897,0.0,0.0
2.8927536315232745,2.7061243649733857,0.9319680234356699,0.0,0.0
2.8927536315232745,2.7683341204900156,0.9489274846891493,0.0,0.0
2.8927536315232745,2.8305438760066455,0.9641459660939161,0.0,0.0
2.8927536315232745,2.8927536315232745,0.9772438009030981,0.0,0.0
2.8927536315232745,2.9549633870399044,0.9878641968993358,0.0,0.0
2.8927536315232745,3.0171731425565333,0.9956964452264369,0.0,0.0
2.8927536315232745,3.0793828980731632,1.0004986474482558,0.0,0.0
2.9549633870399044,-3.141592653589793,1.0135788033518087,0.0,0.0
2.9549633870399044,-3.0793828980731637,1.0119043963311094,0.0,0.0
2.9549633870399044,-3.017173142556534,1.0069368972066575,0.0,0.0
2.9549633870399044,-2.9549633870399044,0.9988385513972269,0.0,0.0
2.9549633870399044,-2.892753631523275,0.9878641968993359,0.0,0.0
2.9549633870399044,-2.8305438760066455,0.9743405890284907,0.0,0.0
2.9549633870399044,-2.7683341204900156,0.958642096452922,0.0,0.0
2.9549633870399044,-2.706124364973386,0.9411660026973718,0.0,0.0
2.9549633870399044,-2.6439146094567567,0.9223101297423777,0.0,0.0
2.9549633870399044,-2.581704853940127,0.9024546019490861,0.0,0.0
2.9549633870399044,-2.5194950984234974,0.8819485822758912,0.0,0.0
2.9549633870399044,-2.457285342906868,0.8611019679315639,0.0,0.0
2.9549633870399044,-2.395075587390238,0.8401814491023428,0.0,0.0
2.9549633870399044,-2.3328658318736086,0.8194100296304679,0.0,0.0
2.9549633870399044,-2.270656076356979,0.7989690333686763,0.0,0.0
2.9549633870399044,-2.2084463208403498,0.7790016985542261,0.0,0.0
2.9549633870399044,-2.1462365653237203,0.7596176215945345,0.0,0.0
2.9549633870399044,-2.0840268098070904,0.740897495095917,0.0,0.0
2.9549633870399044,-2.021817054290461,0.7228977574709672,0.0,0.0
2.9549633870399044,-1.9596072987738313,0.7056549153770565,0.0,0.0
2.9549633870399044,-1.897397543257202,0.689189410268069,0.0,0.0
2.9549633870399044,-1.8351877877405722,0.6735089784209174,0.0,0.0
2.9549633870399044,-1.7729780322239428,0.6586115052380614,0.0,0.0
2.9549633870399044,-1.7107682767073131,0.6444874056404426,0.0,0.0
2.9549633870399044,-1.6485585211906835,0.6311215787282084,0.0,0.0
2.9549633870399044,-1.586348765674054,0.6184949913659794,0.0,0.0
2.9549633870399044,-1.5241390101574244,0.6065859455819291,0.0,0.0
2.9549633870399044,-1.461929254640795,0.595371081268099,0.0,0.0
2.9549633870399044,-1.3997194991241653,0.5848261604142208,0.0,0.0
2.9549633870399044,-1.3375097436075358,0.5749266731514694,0.0,0.0
2.9549633870399044,-1.2752999880909062,0.565648299928617,0.0,0.0
2.9549633870399044,-1.2130902325742767,0.5569672585856139,0.0,0.0
2.9549633870399044,-1.150880477057647,0.5488605601215052,0.0,0.0
2.9549633870399044,-1.0886707215410176,0.541306192641338,0.0,0.0
2.9549633870399044,-1.0264609660243877,0.5342832493023861,0.0,0.0
2.9549633870399044,-0.9642512105077583,0.5277720130152889,0.0,0.0
2.9549633870399044,-0.9020414549911289,0.5217540081235265,0.0,0.0
2.9549633870399044,-0.8398316994744994,0.5162120272125322,0.0,0.0
2.9549633870399044,-0.7776219439578695,0.5111301395171165,0.0,0.0
2.9549633870399044,-0.7154121884412401,0.5064936860382431,0.0,0.0
2.9549633870399044,-0.6532024329246107,0.5022892653906184,0.0,0.0
2.9549633870399044,-0.5909926774079808,0.4985047135321824,0.0,0.0
2.9549633870399044,-0.5287829218913513,0.4951290798341679,0.0,0.0
2.9549633870399044,-0.4665731663747219,0.49215260140162204,0.0,0.0
2.9549633870399044,-0.40436341085809246,0.48956667712087937,0.0,0.0
2.9549633870399044,-0.3421536553414626,0.48736384256925674,0.0,0.0
2.9549633870399044,-0.27994389982483314,0.4855377466543729,0.0,0.0
2.9549633870399044,-0.2177341443082037,0.4840831306406258,0.0,0.0
2.9549633870399044,-0.15552438879157382,0.4829958100560227,0.0,0.0
2.9549633870399044,-0.09331463327494438,0.48227265984360046,0.0,0.0
2.9549633870399044,-0.03110487775831494,0.48191160301972746,0.0,0.0
2.9549633870399044,0.031104877758314498,0.48191160301972746,0.0,0.0
2.9549633870399044,0.09331463327494438,0.48227265984360046,0.0,0.0
2.9549633870399044,0.15552438879157382,0.4829958100560227,0.0,0.0
2.9549633870399044,0.21773414430820326,0.4840831306406258,0.0,0.0
2.9549633870399044,0.2799438998248327,0.485537746654373,0.0,0.0
2.9549633870399044,0.3421536553414626,0.48736384256925674,0.0,0.0
2.9549633870399044,0.404363410858092,0.48956667712087937,0.0,0.0
2.9549633870399044,0.46657316637472146,0.4921526014016219,0.0,0.0
2.9549633870399044,0.5287829218913513,0.4951290798341679,0.0,0.0
2.9549633870399044,0.5909926774079808,0.4985047135321824,0.0,0.0
2.9549633870399044,0.6532024329246102,0.5022892653906184,0.0,0.0
2.9549633870399044,0.7154121884412397,0.5064936860382431,0.0,0.0
2.9549633870399044,0.7776219439578695,0.5111301395171165,0.0,0.0
2.9549633870399044,0.839831699474499,0.5162120272125321,0.0,0.0
2.9549633870399044,0.9020414549911289,0.5217540081235265,0.0,0.0
2.9549633870399044,0.9642512105077579,0.5277720130152889,0.0,0.0
2.9549633870399044,1.0264609660243877,0.5342832493023861,0.0,0.0
2.9549633870399044,1.0886707215410176,0.541306192641338,0.0,0.0
2.9549633870399044,1.1508804770576466,0.5488605601215052,0.0,0.0
2.9549633870399044,1.2130902325742765,0.5569672585856139,0.0,0.0
2.9549633870399044,1.2752999880909055,0.5656482999286169,0.0,0.0
2.9549633870399044,1.3375097436075354,0.5749266731514694,0.0,0.0
2.9549633870399044,1.3997194991241653,0.5848261604142208,0.0,0.0
2.9549633870399044,1.4619292546407943,0.5953710812680989,0.0,0.0
2.9549633870399044,1.5241390101574241,0.606585945581929,0.0,0.0
2.9549633870399044,1.586348765674054,0.6184949913659794,0.0,0.0
2.9549633870399044,1.648558521190683,0.6311215787282083,0.0,0.0
2.9549633870399044,1.710768276707313,0.6444874056404426,0.0,0.0
2.9549633870399044,1.7729780322239428,0.6586115052380614,0.0,0.0
2.9549633870399044,1.8351877877405718,0.6735089784209173,0.0,0.0
2.9549633870399044,1.8973975432572017,0.6891894102680689,0.0,0.0
2.9549633870399044,1.9596072987738316,0.7056549153770565,0.0,0.0
2.9549633870399044,2.0218170542904605,0.7228977574709671,0.0,0.0
2.9549633870399044,2.0840268098070904,0.740897495095917,0.0,0.0
2.9549633870399044,2.1462365653237194,0.7596176215945342,0.0,0.0
2.9549633870399044,2.2084463208403493,0.7790016985542259,0.0,0.0
2.9549633870399044,2.270656076356979,0.7989690333686763,0.0,0.0
2.9549633870399044,2.332865831873608,0.8194100296304678,0.0,0.0
2.9549633870399044,2.395075587390238,0.8401814491023428,0.0,0.0
2.9549633870399044,2.457285342906868,0.8611019679315639,0.0,0.0
2.9549633870399044,2.519495098423497,0.8819485822758909,0.0,0.0
2.9549633870399044,2.581704853940127,0.9024546019490861,0.0,0.0
2.9549633870399044,2.6439146094567567,0.9223101297423777,0.0,0.0
2.9549633870399044,2.7061243649733857,0.9411660026973716,0.0,0.0
2.9549633870399044,2.7683341204900156,0.958642096452922,0.0,0.0
2.9549633870399044,2.8305438760066455,0.9743405890284907,0.0,0.0
2.9549633870399044,2.8927536315232745,0.9878641968993358,0.0,0.0
2.9549633870399044,2.9549633870399044,0.9988385513972269,0.0,0.0
2.9549633870399044,3.0171731425565333,1.0069368972066572,0.0,0.0
2.9549633870399044,3.0793828980731632,1.0119043963311092,0.0,0.0
3.0171731425565333,-3.141592653589793,1.0220440669751403,0.0,0.0
3.0171731425565333,-3.0793828980731637,1.0203274266865794,0.0,0.0
3.0171731425565333,-3.017173142556534,1.0152354704333015,0.0,0.0
3.0171731425565333,-2.9549633870399044,1.0069368972066572,0.0,0.0
3.0171731425565333,-2.892753631523275,0.9956964452264371,0.0,0.0
3.0171731425565333,-2.8305438760066455,0.9818531205543233,0.0,0.0
3.0171731425565333,-2.7683341204900156,0.9657946724912353,0.0,0.0
3.0171731425565333,-2.706124364973386,0.9479317487963981,0.0,0.0
3.0171731425565333,-2.6439146094567567,0.9286745929106285,0.0,0.0
3.0171731425565333,-2.581704853940127,0.9084141740416171,0.0,0.0
3.0171731425565333,-2.5194950984234974,0.8875085866322011,0.0,0.0
3.0171731425565333,-2.457285342906868,0.8662746629669991,0.0,0.0
3.0171731425565333,-2.395075587390238,0.8449841355330501,0.0,0.0
3.0171731425565333,-2.3328658318736086,0.8238633777603183,0.0,0.0
3.0171731425565333,-2.270656076356979,0.8030956863591138,0.0,0.0
3.0171731425565333,-2.2084463208403498,0.7828251625213714,0.0,0.0
3.0171731425565333,-2.1462365653237203,0.7631614241413885,0.0,0.0
3.0171731425565333,-2.0840268098070904,0.7441845779828091,0.0,0.0
3.0171731425565333,-2.021817054290461,0.725950063006585,0.0,0.0
3.0171731425565333,-1.9596072987738313,0.7084931263484,0.0,0.0
3.0171731425565333,-1.897397543257202,0.6918328070550481,0.0,0.0
3.0171731425565333,-1.8351877877405722,0.6759753823872736,0.0,0.0
3.0171731425565333,-1.7729780322239428,0.6609172832904006,0.0,0.0
3.0171731425565333,-1.7107682767073131,0.6466475162810114,0.0,0.0
3.0171731425565333,-1.6485585211906835,0.6331496446496494,0.0,0.0
3.0171731425565333,-1.586348765674054,0.6204033875386687,0.0,0.0
3.0171731425565333,-1.5241390101574244,0.6083858948916113,0.0,0.0
3.0171731425565333,-1.461929254640795,0.5970727521642327,0.0,0.0
3.0171731425565333,-1.3997194991241653,0.586438762842502,0.0,0.0
3.0171731425565333,-1.3375097436075358,0.5764585503824948,0.0,0.0
3.0171731425565333,-1.2752999880909062,0.5671070148622706,0.0,0.0
3.0171731425565333,-1.2130902325742767,0.5583596737951938,0.0,0.0
3.0171731425565333,-1.150880477057647,0.5501929113740012,0.0,0.0
3.0171731425565333,-1.0886707215410176,0.5425841559466213,0.0,0.0
3.0171731425565333,-1.0264609660243877,0.5355120017474864,0.0,0.0
3.0171731425565333,-0.9642512105077583,0.5289562877629572,0.0,0.0
3.0171731425565333,-0.9020414549911289,0.5228981440211591,0.0,0.0
3.0171731425565333,-0.8398316994744994,0.517320013486022,0.0,0.0
3.0171731425565333,-0.7776219439578695,0.5122056560272213,0.0,0.0
3.0171731425565333,-0.7154121884412401,0.5075401395638197,0.0,0.0
3.0171731425565333,-0.6532024329246107,0.5033098223800928,0.0,0.0
3.0171731425565333,-0.5909926774079808,0.4995023297364524,0.0,0.0
3.0171731425565333,-0.5287829218913513,0.4961065272038572,0.0,0.0
3.0171731425565333,-0.4665731663747219,0.4931124926013184,0.0,0.0
3.0171731425565333,-0.40436341085809246,0.4905114879840261,0.0,0.0
3.0171731425565333,-0.3421536553414626,0.4882959327905969,0.0,0.0
3.0171731425565333,-0.27994389982483314,0.48645937899275277,0.0,0.0
3.0171731425565333,-0.2177341443082037,0.48499648888382524,0.0,0.0
3.0171731425565333,-0.15552438879157382,0.48390301598121405,0.0,0.0
3.0171731425565333,-0.09331463327494438,0.4831757893920695,0.0,0.0
3.0171731425565333,-0.03110487775831494,0.4828127018926024,0.0,0.0
3.0171731425565333,0.031104877758314498,0.4828127018926024,0.0,0.0
3.0171731425565333,0.09331463327494438,0.4831757893920695,0.0,0.0
3.0171731425565333,0.15552438879157382,0.48390301598121405,0.0,0.0
3.0171731425565333,0.21773414430820326,0.48499648888382524,0.0,0.0
3.0171731425565333,0.2799438998248327,0.48645937899275277,0.0,0.0
3.0171731425565333,0.3421536553414626,0.4882959327905969,0.0,0.0
3.0171731425565333,0.404363410858092,0.49051148798402616,0.0,0.0
3.0171731425565333,0.46657316637472146,0.4931124926013184,0.0,0.0
3.0171731425565333,0.5287829218913513,0.4961065272038572,0.0,0.0
3.0171731425565333,0.5909926774079808,0.4995023297364524,0.0,0.0
3.0171731425565333,0.6532024329246102,0.5033098223800928,0.0,0.0
3.0171731425565333,0.7154121884412397,0.5075401395638196,0.0,0.0
3.0171731425565333,0.7776219439578695,0.5122056560272213,0.0,0.0
3.0171731425565333,0.839831699474499,0.5173200134860219,0.0,0.0
3.0171731425565333,0.9020414549911289,0.5228981440211591,0.0,0.0
3.0171731425565333,0.9642512105077579,0.5289562877629571,0.0,0.0
3.0171731425565333,1.0264609660243877,0.5355120017474864,0.0,0.0
3.0171731425565333,1.0886707215410176,0.5425841559466213,0.0,0.0
3.0171731425565333,1.1508804770576466,0.5501929113740011,0.0,0.0
3.0171731425565333,1.2130902325742765,0.5583596737951937,0.0,0.0
3.0171731425565333,1.2752999880909055,0.5671070148622704,0.0,0.0
3.0171731425565333,1.3375097436075354,0.5764585503824948,0.0,0.0
3.0171731425565333,1.3997194991241653,0.586438762842502,0.0,0.0
3.0171731425565333,1.4619292546407943,0.5970727521642326,0.0,0.0
3.0171731425565333,1.5241390101574241,0.6083858948916112,0.0,0.0
3.0171731425565333,1.586348765674054,0.6204033875386687,0.0,0.0
3.0171731425565333,1.648558521190683,0.6331496446496493,0.0,0.0
3.0171731425565333,1.710768276707313,0.6466475162810112,0.0,0.0
3.0171731425565333,1.7729780322239428,0.6609172832904006,0.0,0.0
3.0171731425565333,1.8351877877405718,0.6759753823872735,0.0,0.0
3.0171731425565333,1.8973975432572017,0.691832807055048,0.0,0.0
3.0171731425565333,1.9596072987738316,0.7084931263484,0.0,0.0
3.0171731425565333,2.0218170542904605,0.7259500630065849,0.0,0.0
3.0171731425565333,2.0840268098070904,0.7441845779828091,0.0,0.0
3.0171731425565333,2.1462365653237194,0.7631614241413883,0.0,0.0
3.0171731425565333,2.2084463208403493,0.7828251625213712,0.0,0.0
3.0171731425565333,2.270656076356979,0.8030956863591138,0.0,0.0
3.0171731425565333,2.332865831873608,0.8238633777603181,0.0,0.0
3.0171731425565333,2.395075587390238,0.8449841355330501,0.0,0.0
3.0171731425565333,2.457285342906868,0.8662746629669991,0.0,0.0
3.0171731425565333,2.519495098423497,0.8875085866322008,0.0,0.0
3.0171731425565333,2.581704853940127,0.9084141740416171,0.0,0.0
3.0171731425565333,2.6439146094567567,0.9286745929106285,0.0,0.0
3.0171731425565333,2.7061243649733857,0.9479317487963979,0.0,0.0
3.0171731425565333,2.7683341204900156,0.9657946724912353,0.0,0.0
3.0171731425565333,2.8305438760066455,0.9818531205543233,0.0,0.0
3.0171731425565333,2.8927536315232745,0.9956964452264369,0.0,0.0
3.0171731425565333,2.9549633870399044,1.0069368972066572,0.0,0.0
3.0171731425565333,3.0171731425565333,1.0152354704333015,0.0,0.0
3.0171731425565333,3.0793828980731632,1.0203274266865794,0.0,0.0
3.0793828980731632,-3.141592653589793,1.0272396851491958,0.0,0.0
3.0793828980731632,-3.0793828980731637,1.0254967763706668,0.0,0.0
3.0793828980731632,-3.017173142556534,1.0203274266865796,0.0,0.0
3.0793828980731632,-2.9549633870399044,1.0119043963311092,0.0,0.0
3.0793828980731632,-2.892753631523275,1.0004986474482558,0.0,0.0
3.0793828980731632,-2.8305438760066455,0.9864568761862121,0.0,0.0
3.0793828980731632,-2.7683341204900156,0.9701752146738263,0.0,0.0
3.0793828980731632,-2.706124364973386,0.9520726629076206,0.0,0.0
3.0793828980731632,-2.6439146094567567,0.9325672048625567,0.0,0.0
3.0793828980731632,-2.581704853940127,0.9120565446851259,0.0,0.0
3.0793828980731632,-2.5194950984234974,0.8909043009376202,0.0,0.0
3.0793828980731632,-2.457285342906868,0.8694315738255347,0.0,0.0
3.0793828980731632,-2.395075587390238,0.847913178672182,0.0,0.0
3.0793828980731632,-2.3328658318736086,0.8265775294081503,0.0,0.0
3.0793828980731632,-2.270656076356979,0.8056090970588576,0.0,0.0
3.0793828980731632,-2.2084463208403498,0.7851524723197776,0.0,0.0
3.0793828980731632,-2.1462365653237203,0.76531724634369,0.0,0.0
3.0793828980731632,-2.0840268098070904,0.7461831290679122,0.0,0.0
3.0793828980731632,-2.021817054290461,0.7278049128125265,0.0,0.0
3.0793828980731632,-1.9596072987738313,0.7102170430738037,0.0,0.0
3.0793828980731632,-1.897397543257202,0.6934376742300021,0.0,0.0
3.0793828980731632,-1.8351877877405722,0.6774721685157257,0.0,0.0
3.0793828980731632,-1.7729780322239428,0.6623160485776753,0.0,0.0
3.0793828980731632,-1.7107682767073131,0.6479574442991229,0.0,0.0
3.0793828980731632,-1.6485585211906835,0.6343790897580368,0.0,0.0
3.0793828980731632,-1.586348765674054,0.6215599313119703,0.0,0.0
3.0793828980731632,-1.5241390101574244,0.6094764067329687,0.0,0.0
3.0793828980731632,-1.461929254640795,0.5981034507647888,0.0,0.0
3.0793828980731632,-1.3997194991241653,0.5874152762604715,0.0,0.0
3.0793828980731632,-1.3375097436075358,0.5773859733324341,0.0,0.0
3.0793828980731632,-1.2752999880909062,0.5679899623927499,0.0,0.0
3.0793828980731632,-1.2130902325742767,0.559202330946189,0.0,0.0
3.0793828980731632,-1.150880477057647,0.5509990786884247,0.0,0.0
3.0793828980731632,-1.0886707215410176,0.5433572908982995,0.0,0.0
3.0793828980731632,-1.0264609660243877,0.5362552562672205,0.0,0.0
3.0793828980731632,-0.9642512105077583,0.5296725421150797,0.0,0.0
3.0793828980731632,-0.9020414549911289,0.5235900373200866,0.0,0.0
3.0793828980731632,-0.8398316994744994,0.5179899711565247,0.0,0.0
3.0793828980731632,-0.7776219439578695,0.5128559145113191,0.0,0.0
3.0793828980731632,-0.7154121884412401,0.5081727685669327,0.0,0.0
3.0793828980731632,-0.6532024329246107,0.5039267449332536,0.0,0.0
3.0793828980731632,-0.5909926774079808,0.5001053403327135,0.0,0.0
3.0793828980731632,-0.5287829218913513,0.49669730824736347,0.0,0.0
3.0793828980731632,-0.4665731663747219,0.4936926293880626,0.0,0.0
3.0793828980731632,-0.40436341085809246,0.49108248241486124,0.0,0.0
3.0793828980731632,-0.3421536553414626,0.48885921600012316,0.0,0.0
3.0793828980731632,-0.27994389982483314,0.4870163230625015,0.0,0.0
3.0793828980731632,-0.2177341443082037,0.48554841779487545,0.0,0.0
3.0793828980731632,-0.15552438879157382,0.4844512159500491,0.0,0.0
3.0793828980731632,-0.09331463327494438,0.48372151872411534,0.0,0.0
3.0793828980731632,-0.03110487775831494,0.4833572004804602,0.0,0.0
3.0793828980731632,0.031104877758314498,0.4833572004804602,0.0,0.0
3.0793828980731632,0.09331463327494438,0.48372151872411534,0.0,0.0
3.0793828980731632,0.15552438879157382,0.4844512159500491,0.0,0.0
3.0793828980731632,0.21773414430820326,0.4855484177948754,0.0,0.0
3.0793828980731632,0.2799438998248327,0.4870163230625015,0.0,0.0
3.0793828980731632,0.3421536553414626,0.48885921600012316,0.0,0.0
3.0793828980731632,0.404363410858092,0.49108248241486124,0.0,0.0
3.0793828980731632,0.46657316637472146,0.49369262938806246,0.0,0.0
3.0793828980731632,0.5287829218913513,0.49669730824736347,0.0,0.0
3.0793828980731632,0.5909926774079808,0.5001053403327135,0.0,0.0
3.0793828980731632,0.6532024329246102,0.5039267449332536,0.0,0.0
3.0793828980731632,0.7154121884412397,0.5081727685669327,0.0,0.0
3.0793828980731632,0.7776219439578695,0.5128559145113191,0.0,0.0
3.0793828980731632,0.839831699474499,0.5179899711565247,0.0,0.0
3.0793828980731632,0.9020414549911289,0.5235900373200866,0.0,0.0
3.0793828980731632,0.9642512105077579,0.5296725421150796,0.0,0.0
3.0793828980731632,1.0264609660243877,0.5362552562672205,0.0,0.0
3.0793828980731632,1.0886707215410176,0.5433572908982995,0.0,0.0
3.0793828980731632,1.1508804770576466,0.5509990786884246,0.0,0.0
3.0793828980731632,1.2130902325742765,0.559202330946189,0.0,0.0
3.0793828980731632,1.2752999880909055,0.5679899623927498,0.0,0.0
3.0793828980731632,1.3375097436075354,0.577385973332434,0.0,0.0
3.0793828980731632,1.3997194991241653,0.5874152762604715,0.0,0.0
3.0793828980731632,1.4619292546407943,0.5981034507647885,0.0,0.0
3.0793828980731632,1.5241390101574241,0.6094764067329685,0.0,0.0
3.0793828980731632,1.586348765674054,0.6215599313119703,0.0,0.0
3.0793828980731632,1.648558521190683,0.6343790897580368,0.0,0.0
3.0793828980731632,1.710768276707313,0.6479574442991228,0.0,0.0
3.0793828980731632,1.7729780322239428,0.6623160485776753,0.0,0.0
3.0793828980731632,1.8351877877405718,0.6774721685157256,0.0,0.0
3.0793828980731632,1.8973975432572017,0.693437674230002,0.0,0.0
3.0793828980731632,1.9596072987738316,0.7102170430738037,0.0,0.0
3.0793828980731632,2.0218170542904605,0.7278049128125262,0.0,0.0
3.0793828980731632,2.0840268098070904,0.7461831290679122,0.0,0.0
3.0793828980731632,2.1462365653237194,0.7653172463436898,0.0,0.0
3.0793828980731632,2.2084463208403493,0.7851524723197775,0.0,0.0
3.0793828980731632,2.270656076356979,0.8056090970588576,0.0,0.0
3.0793828980731632,2.332865831873608,0.8265775294081502,0.0,0.0
3.0793828980731632,2.395075587390238,0.847913178672182,0.0,0.0
3.0793828980731632,2.457285342906868,0.8694315738255347,0.0,0.0
3.0793828980731632,2.519495098423497,0.8909043009376201,0.0,0.0
3.0793828980731632,2.581704853940127,0.9120565446851259,0.0,0.0
3.0793828980731632,2.6439146094567567,0.9325672048625567,0.0,0.0
3.0793828980731632,2.7061243649733857,0.9520726629076205,0.0,0.0
3.0793828980731632,2.7683341204900156,0.9701752146738263,0.0,0.0
3.0793828980731632,2.8305438760066455,0.9864568761862121,0.0,0.0
3.0793828980731632,2.8927536315232745,1.0004986474482556,0.0,0.0
3.0793828980731632,2.9549633870399044,1.0119043963311092,0.0,0.0
3.0793828980731632,3.0171731425565333,1.0203274266865794,0.0,0.0
3.0793828980731632,3.0793828980731632,1.0254967763706668,0.0,0.0
