kx,ky,err_H0,err_H_chiral,block_reconstruction_err
-3.141592653589793,-3.141592653589793,0.914991421995628,0.0,0.0
-3.141592653589793,-3.0793828980731637,0.9139641070386163,0.0,0.0
-3.141592653589793,-3.017173142556534,0.9109067283953687,0.0,0.0
-3.141592653589793,-2.9549633870399044,0.9058914420897225,0.0,0.0
-3.141592653589793,-2.892753631523275,0.8990335522786694,0.0,0.0
-3.141592653589793,-2.8305438760066455,0.8904846931607898,0.0,0.0
-3.141592653589793,-2.7683341204900156,0.8804243945080626,0.0,0.0
-3.141592653589793,-2.706124364973386,0.8690508941833424,0.0,0.0
-3.141592653589793,-2.6439146094567567,0.856572028505453,0.0,0.0
-3.141592653589793,-2.581704853940127,0.8431968905852386,0.0,0.0
-3.141592653589793,-2.5194950984234974,0.8291287422264166,0.0,0.0
-3.141592653589793,-2.457285342906868,0.8145594435907775,0.0,0.0
-3.141592653589793,-2.395075587390238,0.7996654646256826,0.0,0.0
-3.141592653589793,-2.3328658318736086,0.7846053867001345,0.0,0.0
-3.141592653589793,-2.270656076356979,0.769518700578906,0.0,0.0
-3.141592653589793,-2.2084463208403498,0.7545256548292415,0.0,0.0
-3.141592653589793,-2.1462365653237203,0.7397278972053394,0.0,0.0
-3.141592653589793,-2.0840268098070904,0.7252096681844704,0.0,0.0
-3.141592653589793,-2.021817054290461,0.7110393389012243,0.0,0.0
-3.141592653589793,-1.9596072987738313,0.6972711257627052,0.0,0.0
-3.141592653589793,-1.897397543257202,0.6839468543419359,0.0,0.0
-3.141592653589793,-1.8351877877405722,0.6710976816619217,0.0,0.0
-3.141592653589793,-1.7729780322239428,0.6587457166922701,0.0,0.0
-3.141592653589793,-1.7107682767073131,0.6469055032261836,0.0,0.0
-3.141592653589793,-1.6485585211906835,0.6355853476230435,0.0,0.0
-3.141592653589793,-1.586348765674054,0.6247884869899918,0.0,0.0
-3.141592653589793,-1.5241390101574244,0.6145141022045648,0.0,0.0
-3.141592653589793,-1.461929254640795,0.6047581857092594,0.0,0.0
-3.141592653589793,-1.3997194991241653,0.5955142770919718,0.0,0.0
-3.141592653589793,-1.3375097436075358,0.58677408081295,0.0,0.0
-3.141592653589793,-1.2752999880909062,0.5785279806090905,0.0,0.0
-3.141592653589793,-1.2130902325742767,0.5707654645240541,0.0,0.0
-3.141592653589793,-1.150880477057647,0.5634754734870665,0.0,0.0
-3.141592653589793,-1.0886707215410176,0.5566466851121488,0.0,0.0
-3.141592653589793,-1.0264609660243877,0.5502677430602431,0.0,0.0
-3.141592653589793,-0.9642512105077583,0.5443274409944746,0.0,0.0
-3.141592653589793,-0.9020414549911289,0.5388148689212773,0.0,0.0
-3.141592653589793,-0.8398316994744994,0.5337195285787442,0.0,0.0
-3.141592653589793,-0.7776219439578695,0.5290314235221126,0.0,0.0
-3.141592653589793,-0.7154121884412401,0.5247411286669956,0.0,0.0
-3.141592653589793,-0.6532024329246107,0.5208398432789717,0.0,0.0
-3.141592653589793,-0.5909926774079808,0.51731943073458,0.0,0.0
-3.141592653589793,-0.5287829218913513,0.5141724478127041,0.0,0.0
-3.141592653589793,-0.4665731663747219,0.511392165795277,0.0,0.0
-3.141592653589793,-0.40436341085809246,0.5089725852507534,0.0,0.0
-3.141592653589793,-0.3421536553414626,0.506908446032196,0.0,0.0
-3.141592653589793,-0.27994389982483314,0.5051952337342006,0.0,0.0
-3.141592653589793,-0.2177341443082037,0.5038291836103962,0.0,0.0
-3.141592653589793,-0.15552438879157382,0.502807282747955,0.0,0.0
-3.141592653589793,-0.09331463327494438,0.5021272711204107,0.0,0.0
-3.141592653589793,-0.03110487775831494,0.5017876419888777,0.0,0.0
-3.141592653589793,0.031104877758314498,0.5017876419888777,0.0,0.0
-3.141592653589793,0.09331463327494438,0.5021272711204107,0.0,0.0
-3.141592653589793,0.15552438879157382,0.502807282747955,0.0,0.0
-3.141592653589793,0.21773414430820326,0.5038291836103963,0.0,0.0
-3.141592653589793,0.2799438998248327,0.5051952337342006,0.0,0.0
-3.141592653589793,0.3421536553414626,0.506908446032196,0.0,0.0
-3.141592653589793,0.404363410858092,0.5089725852507534,0.0,0.0
-3.141592653589793,0.46657316637472146,0.5113921657952769,0.0,0.0
-3.141592653589793,0.5287829218913513,0.5141724478127041,0.0,0.0
-3.141592653589793,0.5909926774079808,0.51731943073458,0.0,0.0
-3.141592653589793,0.6532024329246102,0.5208398432789718,0.0,0.0
-3.141592653589793,0.7154121884412397,0.5247411286669955,0.0,0.0
-3.141592653589793,0.7776219439578695,0.5290314235221126,0.0,0.0
-3.141592653589793,0.839831699474499,0.5337195285787442,0.0,0.0
-3.141592653589793,0.9020414549911289,0.5388148689212773,0.0,0.0
-3.141592653589793,0.9642512105077579,0.5443274409944745,0.0,0.0
-3.141592653589793,1.0264609660243877,0.5502677430602431,0.0,0.0
-3.141592653589793,1.0886707215410176,0.5566466851121488,0.0,0.0
-3.141592653589793,1.1508804770576466,0.5634754734870665,0.0,0.0
-3.141592653589793,1.2130902325742765,0.5707654645240541,0.0,0.0
-3.141592653589793,1.2752999880909055,0.5785279806090905,0.0,0.0
-3.141592653589793,1.3375097436075354,0.58677408081295,0.0,0.0
-3.141592653589793,1.3997194991241653,0.5955142770919718,0.0,0.0
-3.141592653589793,1.4619292546407943,0.6047581857092593,0.0,0.0
-3.141592653589793,1.5241390101574241,0.6145141022045648,0.0,0.0
-3.141592653589793,1.586348765674054,0.6247884869899918,0.0,0.0
-3.141592653589793,1.648558521190683,0.6355853476230435,0.0,0.0
-3.141592653589793,1.710768276707313,0.6469055032261835,0.0,0.0
-3.141592653589793,1.7729780322239428,0.6587457166922701,0.0,0.0
-3.141592653589793,1.8351877877405718,0.6710976816619217,0.0,0.0
-3.141592653589793,1.8973975432572017,0.6839468543419359,0.0,0.0
-3.141592653589793,1.9596072987738316,0.6972711257627052,0.0,0.0
-3.141592653589793,2.0218170542904605,0.7110393389012242,0.0,0.0
-3.141592653589793,2.0840268098070904,0.7252096681844704,0.0,0.0
-3.141592653589793,2.1462365653237194,0.7397278972053393,0.0,0.0
-3.141592653589793,2.2084463208403493,0.7545256548292415,0.0,0.0
-3.141592653589793,2.270656076356979,0.769518700578906,0.0,0.0
-3.141592653589793,2.332865831873608,0.7846053867001344,0.0,0.0
-3.141592653589793,2.395075587390238,0.7996654646256826,0.0,0.0
-3.141592653589793,2.457285342906868,0.8145594435907775,0.0,0.0
-3.141592653589793,2.519495098423497,0.8291287422264165,0.0,0.0
-3.141592653589793,2.581704853940127,0.8431968905852386,0.0,0.0
-3.141592653589793,2.6439146094567567,0.856572028505453,0.0,0.0
-3.141592653589793,2.7061243649733857,0.8690508941833421,0.0,0.0
-3.141592653589793,2.7683341204900156,0.8804243945080626,0.0,0.0
-3.141592653589793,2.8305438760066455,0.8904846931607898,0.0,0.0
-3.141592653589793,2.8927536315232745,0.8990335522786694,0.0,0.0
-3.141592653589793,2.9549633870399044,0.9058914420897225,0.0,0.0
-3.141592653589793,3.0171731425565333,0.9109067283953687,0.0,0.0
-3.141592653589793,3.0793828980731632,0.9139641070386163,0.0,0.0
-3.0793828980731637,-3.141592653589793,0.9139641070386163,0.0,0.0
-3.0793828980731637,-3.0793828980731637,0.9129402446112984,0.0,0.0
-3.0793828980731637,-3.017173142556534,0.9098930952887108,0.0,0.0
-3.0793828980731637,-2.9549633870399044,0.9048944413394892,0.0,0.0
-3.0793828980731637,-2.892753631523275,0.8980589991391109,0.0,0.0
-3.0793828980731637,-2.8305438760066455,0.8895376482777391,0.0,0.0
-3.0793828980731637,-2.7683341204900156,0.8795090534385414,0.0,0.0
-3.0793828980731637,-2.706124364973386,0.8681705352839937,0.0,0.0
-3.0793828980731637,-2.6439146094567567,0.8557290148658746,0.0,0.0
-3.0793828980731637,-2.581704853940127,0.8423927170341314,0.0,0.0
-3.0793828980731637,-2.5194950984234974,0.8283641158761591,0.0,0.0
-3.0793828980731637,-2.457285342906868,0.8138343858060818,0.0,0.0
-3.0793828980731637,-2.395075587390238,0.7989794232680294,0.0,0.0
-3.0793828980731637,-2.3328658318736086,0.7839573494359328,0.0,0.0
-3.0793828980731637,-2.270656076356979,0.7689073023921144,0.0,0.0
-3.0793828980731637,-2.2084463208403498,0.7539492752153816,0.0,0.0
-3.0793828980731637,-2.1462365653237203,0.7391847445653611,0.0,0.0
-3.0793828980731637,-2.0840268098070904,0.7246978505495353,0.0,0.0
-3.0793828980731637,-2.021817054290461,0.7105569212778193,0.0,0.0
-3.0793828980731637,-1.9596072987738313,0.6968161751347496,0.0,0.0
-3.0793828980731637,-1.897397543257202,0.6835174737794555,0.0,0.0
-3.0793828980731637,-1.8351877877405722,0.6706920351497111,0.0,0.0
-3.0793828980731637,-1.7729780322239428,0.658362046285361,0.0,0.0
-3.0793828980731637,-1.7107682767073131,0.6465421400266899,0.0,0.0
-3.0793828980731637,-1.6485585211906835,0.6352407179040855,0.0,0.0
-3.0793828980731637,-1.586348765674054,0.6244611146013876,0.0,0.0
-3.0793828980731637,-1.5241390101574244,0.6142026082042314,0.0,0.0
-3.0793828980731637,-1.461929254640795,0.6044612859870653,0.0,0.0
-3.0793828980731637,-1.3997194991241653,0.5952307785958985,0.0,0.0
-3.0793828980731637,-1.3375097436075358,0.586502876853265,0.0,0.0
-3.0793828980731637,-1.2752999880909062,0.5782680456045568,0.0,0.0
-3.0793828980731637,-1.2130902325742767,0.570515848463219,0.0,0.0
-3.0793828980731637,-1.150880477057647,0.5632352963048839,0.0,0.0
-3.0793828980731637,-1.0886707215410176,0.5564151311248805,0.0,0.0
-3.0793828980731637,-1.0264609660243877,0.5500440555571121,0.0,0.0
-3.0793828980731637,-0.9642512105077583,0.5441109170505187,0.0,0.0
-3.0793828980731637,-0.9020414549911289,0.5386048544701778,0.0,0.0
-3.0793828980731637,-0.8398316994744994,0.5335154137653257,0.0,0.0
-3.0793828980731637,-0.7776219439578695,0.5288326383402635,0.0,0.0
-3.0793828980731637,-0.7154121884412401,0.5245471388787563,0.0,0.0
-3.0793828980731637,-0.6532024329246107,0.520650146603554,0.0,0.0
-3.0793828980731637,-0.5909926774079808,0.5171335532913296,0.0,0.0
-3.0793828980731637,-0.5287829218913513,0.5139899407989562,0.0,0.0
-3.0793828980731637,-0.4665731663747219,0.5112126023781891,0.0,0.0
-3.0793828980731637,-0.40436341085809246,0.5087955576512065,0.0,0.0
-3.0793828980731637,-0.3421536553414626,0.5067335627784526,0.0,0.0
-3.0793828980731637,-0.27994389982483314,0.5050221170629998,0.0,0.0
-3.0793828980731637,-0.2177341443082037,0.5036574669933962,0.0,0.0
-3.0793828980731637,-0.15552438879157382,0.5026366085217897,0.0,0.0
-3.0793828980731637,-0.09331463327494438,0.50195728819903,0.0,0.0
-3.0793828980731637,-0.03110487775831494,0.5016180036372154,0.0,0.0
-3.0793828980731637,0.031104877758314498,0.5016180036372154,0.0,0.0
-3.0793828980731637,0.09331463327494438,0.50195728819903,0.0,0.0
-3.0793828980731637,0.15552438879157382,0.5026366085217897,0.0,0.0
-3.0793828980731637,0.21773414430820326,0.5036574669933962,0.0,0.0
-3.0793828980731637,0.2799438998248327,0.5050221170629998,0.0,0.0
-3.0793828980731637,0.3421536553414626,0.5067335627784526,0.0,0.0
-3.0793828980731637,0.404363410858092,0.5087955576512064,0.0,0.0
-3.0793828980731637,0.46657316637472146,0.511212602378189,0.0,0.0
-3.0793828980731637,0.5287829218913513,0.5139899407989562,0.0,0.0
-3.0793828980731637,0.5909926774079808,0.5171335532913296,0.0,0.0
-3.0793828980731637,0.6532024329246102,0.520650146603554,0.0,0.0
-3.0793828980731637,0.7154121884412397,0.5245471388787563,0.0,0.0
-3.0793828980731637,0.7776219439578695,0.5288326383402635,0.0,0.0
-3.0793828980731637,0.839831699474499,0.5335154137653257,0.0,0.0
-3.0793828980731637,0.9020414549911289,0.5386048544701778,0.0,0.0
-3.0793828980731637,0.9642512105077579,0.5441109170505187,0.0,0.0
-3.0793828980731637,1.0264609660243877,0.5500440555571121,0.0,0.0
-3.0793828980731637,1.0886707215410176,0.5564151311248805,0.0,0.0
-3.0793828980731637,1.1508804770576466,0.5632352963048838,0.0,0.0
-3.0793828980731637,1.2130902325742765,0.5705158484632189,0.0,0.0
-3.0793828980731637,1.2752999880909055,0.5782680456045567,0.0,0.0
-3.0793828980731637,1.3375097436075354,0.5865028768532649,0.0,0.0
-3.0793828980731637,1.3997194991241653,0.5952307785958985,0.0,0.0
-3.0793828980731637,1.4619292546407943,0.6044612859870652,0.0,0.0
-3.0793828980731637,1.5241390101574241,0.6142026082042314,0.0,0.0
-3.0793828980731637,1.586348765674054,0.6244611146013876,0.0,0.0
-3.0793828980731637,1.648558521190683,0.6352407179040854,0.0,0.0
-3.0793828980731637,1.710768276707313,0.6465421400266897,0.0,0.0
-3.0793828980731637,1.7729780322239428,0.658362046285361,0.0,0.0
-3.0793828980731637,1.8351877877405718,0.670692035149711,0.0,0.0
-3.0793828980731637,1.8973975432572017,0.6835174737794554,0.0,0.0
-3.0793828980731637,1.9596072987738316,0.6968161751347496,0.0,0.0
-3.0793828980731637,2.0218170542904605,0.7105569212778192,0.0,0.0
-3.0793828980731637,2.0840268098070904,0.7246978505495353,0.0,0.0
-3.0793828980731637,2.1462365653237194,0.7391847445653609,0.0,0.0
-3.0793828980731637,2.2084463208403493,0.7539492752153816,0.0,0.0
-3.0793828980731637,2.270656076356979,0.7689073023921144,0.0,0.0
-3.0793828980731637,2.332865831873608,0.7839573494359326,0.0,0.0
-3.0793828980731637,2.395075587390238,0.7989794232680294,0.0,0.0
-3.0793828980731637,2.457285342906868,0.8138343858060818,0.0,0.0
-3.0793828980731637,2.519495098423497,0.828364115876159,0.0,0.0
-3.0793828980731637,2.581704853940127,0.8423927170341314,0.0,0.0
-3.0793828980731637,2.6439146094567567,0.8557290148658746,0.0,0.0
-3.0793828980731637,2.7061243649733857,0.8681705352839933,0.0,0.0
-3.0793828980731637,2.7683341204900156,0.8795090534385414,0.0,0.0
-3.0793828980731637,2.8305438760066455,0.8895376482777391,0.0,0.0
-3.0793828980731637,2.8927536315232745,0.8980589991391109,0.0,0.0
-3.0793828980731637,2.9549633870399044,0.9048944413394892,0.0,0.0
-3.0793828980731637,3.0171731425565333,0.9098930952887108,0.0,0.0
-3.0793828980731637,3.0793828980731632,0.9129402446112984,0.0,0.0
-3.017173142556534,-3.141592653589793,0.9109067283953687,0.0,0.0
-3.017173142556534,-3.0793828980731637,0.9098930952887108,0.0,0.0
-3.017173142556534,-3.017173142556534,0.9068762553905326,0.0,0.0
-3.017173142556534,-2.9549633870399044,0.9019268878398035,0.0,0.0
-3.017173142556534,-2.892753631523275,0.8951579737911614,0.0,0.0
-3.017173142556534,-2.8305438760066455,0.8867181643572505,0.0,0.0
-3.017173142556534,-2.7683341204900156,0.8767835683326312,0.0,0.0
-3.017173142556534,-2.706124364973386,0.8655487950297283,0.0,0.0
-3.017173142556534,-2.6439146094567567,0.8532180580893115,0.0,0.0
-3.017173142556534,-2.581704853940127,0.8399970120412885,0.0,0.0
-3.017173142556534,-2.5194950984234974,0.8260857970518188,0.0,0.0
-3.017173142556534,-2.457285342906868,0.8116735536974679,0.0,0.0
-3.017173142556534,-2.395075587390238,0.7969344755029328,0.0,0.0
-3.017173142556534,-2.3328658318736086,0.7820253152682429,0.0,0.0
-3.017173142556534,-2.270656076356979,0.767084160559496,0.0,0.0
-3.017173142556534,-2.2084463208403498,0.752230241659399,0.0,0.0
-3.017173142556534,-2.1462365653237203,0.7375645225809756,0.0,0.0
-3.017173142556534,-2.0840268098070904,0.7231708406971494,0.0,0.0
-3.017173142556534,-2.021817054290461,0.7091173918260266,0.0,0.0
-3.017173142556534,-1.9596072987738313,0.6954583960277494,0.0,0.0
-3.017173142556534,-1.897397543257202,0.6822358183622774,0.0,0.0
-3.017173142556534,-1.8351877877405722,0.6694810543861587,0.0,0.0
-3.017173142556534,-1.7729780322239428,0.6572165201988439,0.0,0.0
-3.017173142556534,-1.7107682767073131,0.6454571107737933,0.0,0.0
-3.017173142556534,-1.6485585211906835,0.6342115083998667,0.0,0.0
-3.017173142556534,-1.586348765674054,0.62348333605626,0.0,0.0
-3.017173142556534,-1.5241390101574244,0.6132721593717431,0.0,0.0
-3.017173142556534,-1.461929254640795,0.6035743463996834,0.0,0.0
-3.017173142556534,-1.3997194991241653,0.5943837976025664,0.0,0.0
-3.017173142556534,-1.3375097436075358,0.5856925598755855,0.0,0.0
-3.017173142556534,-1.2752999880909062,0.5774913386975065,0.0,0.0
-3.017173142556534,-1.2130902325742767,0.5697699219962782,0.0,0.0
-3.017173142556534,-1.150880477057647,0.5625175283631489,0.0,0.0
-3.017173142556534,-1.0886707215410176,0.5557230910591666,0.0,0.0
-3.017173142556534,-1.0264609660243877,0.5493754879795316,0.0,0.0
-3.017173142556534,-0.9642512105077583,0.5434637264704705,0.0,0.0
-3.017173142556534,-0.9020414549911289,0.5379770906889519,0.0,0.0
-3.017173142556534,-0.8398316994744994,0.5329052580904022,0.0,0.0
-3.017173142556534,-0.7776219439578695,0.5282383906385434,0.0,0.0
-3.017173142556534,-0.7154121884412401,0.5239672054579065,0.0,0.0
-3.017173142556534,-0.6532024329246107,0.5200830288895496,0.0,0.0
-3.017173142556534,-0.5909926774079808,0.5165778372559304,0.0,0.0
-3.017173142556534,-0.5287829218913513,0.5134442870814977,0.0,0.0
-3.017173142556534,-0.4665731663747219,0.5106757370403511,0.0,0.0
-3.017173142556534,-0.40436341085809246,0.5082662635003039,0.0,0.0
-3.017173142556534,-0.3421536553414626,0.5062106711934681,0.0,0.0
-3.017173142556534,-0.27994389982483314,0.5045045002574438,0.0,0.0
-3.017173142556534,-0.2177341443082037,0.5031440306496796,0.0,0.0
-3.017173142556534,-0.15552438879157382,0.5021262847327861,0.0,0.0
-3.017173142556534,-0.09331463327494438,0.5014490286536346,0.0,0.0
-3.017173142556534,-0.03110487775831494,0.501110772987801,0.0,0.0
-3.017173142556534,0.031104877758314498,0.501110772987801,0.0,0.0
-3.017173142556534,0.09331463327494438,0.5014490286536346,0.0,0.0
-3.017173142556534,0.15552438879157382,0.5021262847327861,0.0,0.0
-3.017173142556534,0.21773414430820326,0.5031440306496796,0.0,0.0
-3.017173142556534,0.2799438998248327,0.5045045002574438,0.0,0.0
-3.017173142556534,0.3421536553414626,0.5062106711934681,0.0,0.0
-3.017173142556534,0.404363410858092,0.5082662635003039,0.0,0.0
-3.017173142556534,0.46657316637472146,0.5106757370403511,0.0,0.0
-3.017173142556534,0.5287829218913513,0.5134442870814977,0.0,0.0
-3.017173142556534,0.5909926774079808,0.5165778372559304,0.0,0.0
-3.017173142556534,0.6532024329246102,0.5200830288895495,0.0,0.0
-3.017173142556534,0.7154121884412397,0.5239672054579065,0.0,0.0
-3.017173142556534,0.7776219439578695,0.5282383906385434,0.0,0.0
-3.017173142556534,0.839831699474499,0.5329052580904022,0.0,0.0
-3.017173142556534,0.9020414549911289,0.5379770906889519,0.0,0.0
-3.017173142556534,0.9642512105077579,0.5434637264704704,0.0,0.0
-3.017173142556534,1.0264609660243877,0.5493754879795316,0.0,0.0
-3.017173142556534,1.0886707215410176,0.5557230910591666,0.0,0.0
-3.017173142556534,1.1508804770576466,0.5625175283631488,0.0,0.0
-3.017173142556534,1.2130902325742765,0.5697699219962782,0.0,0.0
-3.017173142556534,1.2752999880909055,0.5774913386975065,0.0,0.0
-3.017173142556534,1.3375097436075354,0.5856925598755854,0.0,0.0
-3.017173142556534,1.3997194991241653,0.5943837976025664,0.0,0.0
-3.017173142556534,1.4619292546407943,0.6035743463996833,0.0,0.0
-3.017173142556534,1.5241390101574241,0.6132721593717431,0.0,0.0
-3.017173142556534,1.586348765674054,0.62348333605626,0.0,0.0
-3.017173142556534,1.648558521190683,0.6342115083998667,0.0,0.0
-3.017173142556534,1.710768276707313,0.6454571107737932,0.0,0.0
-3.017173142556534,1.7729780322239428,0.6572165201988439,0.0,0.0
-3.017173142556534,1.8351877877405718,0.6694810543861586,0.0,0.0
-3.017173142556534,1.8973975432572017,0.6822358183622773,0.0,0.0
-3.017173142556534,1.9596072987738316,0.6954583960277494,0.0,0.0
-3.017173142556534,2.0218170542904605,0.7091173918260265,0.0,0.0
-3.017173142556534,2.0840268098070904,0.7231708406971494,0.0,0.0
-3.017173142556534,2.1462365653237194,0.7375645225809754,0.0,0.0
-3.017173142556534,2.2084463208403493,0.7522302416593988,0.0,0.0
-3.017173142556534,2.270656076356979,0.767084160559496,0.0,0.0
-3.017173142556534,2.332865831873608,0.7820253152682428,0.0,0.0
-3.017173142556534,2.395075587390238,0.7969344755029328,0.0,0.0
-3.017173142556534,2.457285342906868,0.8116735536974679,0.0,0.0
-3.017173142556534,2.519495098423497,0.8260857970518187,0.0,0.0
-3.017173142556534,2.581704853940127,0.8399970120412885,0.0,0.0
-3.017173142556534,2.6439146094567567,0.8532180580893115,0.0,0.0
-3.017173142556534,2.7061243649733857,0.865548795029728,0.0,0.0
-3.017173142556534,2.7683341204900156,0.8767835683326312,0.0,0.0
-3.017173142556534,2.8305438760066455,0.8867181643572505,0.0,0.0
-3.017173142556534,2.8927536315232745,0.8951579737911614,0.0,0.0
-3.017173142556534,2.9549633870399044,0.9019268878398035,0.0,0.0
-3.017173142556534,3.0171731425565333,0.9068762553905326,0.0,0.0
-3.017173142556534,3.0793828980731632,0.9098930952887108,0.0,0.0
-2.9549633870399044,-3.141592653589793,0.9058914420897225,0.0,0.0
-2.9549633870399044,-3.0793828980731637,0.9048944413394892,0.0,0.0
-2.9549633870399044,-3.017173142556534,0.9019268878398035,0.0,0.0
-2.9549633870399044,-2.9549633870399044,0.8970576807157739,0.0,0.0
-2.9549633870399044,-2.892753631523275,0.8903969998992723,0.0,0.0
-2.9549633870399044,-2.8305438760066455,0.8820898965871918,0.0,0.0
-2.9549633870399044,-2.7683341204900156,0.8723083471061727,0.0,0.0
-2.9549633870399044,-2.706124364973386,0.8612425721650082,0.0,0.0
-2.9549633870399044,-2.6439146094567567,0.8490923975063435,0.0,0.0
-2.9549633870399044,-2.581704853940127,0.8360593056930036,0.0,0.0
-2.9549633870399044,-2.5194950984234974,0.8223396421068374,0.0,0.0
-2.9549633870399044,-2.457285342906868,0.8081192339192873,0.0,0.0
-2.9549633870399044,-2.395075587390238,0.7935694939944912,0.0,0.0
-2.9549633870399044,-2.3328658318736086,0.7788449346295017,0.0,0.0
-2.9549633870399044,-2.270656076356979,0.7640819174579678,0.0,0.0
-2.9549633870399044,-2.2084463208403498,0.7493984137954779,0.0,0.0
-2.9549633870399044,-2.1462365653237203,0.7348945357080587,0.0,0.0
-2.9549633870399044,-2.0840268098070904,0.7206536110669227,0.0,0.0
-2.9549633870399044,-2.021817054290461,0.7067436050223418,0.0,0.0
-2.9549633870399044,-1.9596072987738313,0.6932187268081403,0.0,0.0
-2.9549633870399044,-1.897397543257202,0.68012109819081,0.0,0.0
-2.9549633870399044,-1.8351877877405722,0.6674823942091062,0.0,0.0
-2.9549633870399044,-1.7729780322239428,0.6553253960543397,0.0,0.0
-2.9549633870399044,-1.7107682767073131,0.6436654193452316,0.0,0.0
-2.9549633870399044,-1.6485585211906835,0.6325115988552739,0.0,0.0
-2.9549633870399044,-1.586348765674054,0.6218680236289187,0.0,0.0
-2.9549633870399044,-1.5241390101574244,0.6117347252409163,0.0,0.0
-2.9549633870399044,-1.461929254640795,0.6021085275905032,0.0,0.0
-2.9549633870399044,-1.3997194991241653,0.5929837698757847,0.0,0.0
-2.9549633870399044,-1.3375097436075358,0.5843529159344778,0.0,0.0
-2.9549633870399044,-1.2752999880909062,0.576207063501029,0.0,0.0
-2.9549633870399044,-1.2130902325742767,0.5685363665271905,0.0,0.0
-2.9549633870399044,-1.150880477057647,0.5613303828460329,0.0,0.0
-2.9549633870399044,-1.0886707215410176,0.5545783583435723,0.0,0.0
-2.9549633870399044,-1.0264609660243877,0.5482694575855661,0.0,0.0
-2.9549633870399044,-0.9642512105077583,0.5423929496266923,0.0,0.0
-2.9549633870399044,-0.9020414549911289,0.5369383565655262,0.0,0.0
-2.9549633870399044,-0.8398316994744994,0.5318955713356796,0.0,0.0
-2.9549633870399044,-0.7776219439578695,0.5272549502575267,0.0,0.0
-2.9549633870399044,-0.7154121884412401,0.5230073850207763,0.0,0.0
-2.9549633870399044,-0.6532024329246107,0.5191443580229229,0.0,0.0
-2.9549633870399044,-0.5909926774079808,0.5156579843451942,0.0,0.0
-2.9549633870399044,-0.5287829218913513,0.5125410430965209,0.0,0.0
-2.9549633870399044,-0.4665731663747219,0.5097870003869134,0.0,0.0
-2.9549633870399044,-0.40436341085809246,0.5073900257939583,0.0,0.0
-2.9549633870399044,-0.3421536553414626,0.5053450038499632,0.0,0.0
-2.9549633870399044,-0.27994389982483314,0.50364754179326,0.0,0.0
-2.9549633870399044,-0.2177341443082037,0.5022939745869328,0.0,0.0
-2.9549633870399044,-0.15552438879157382,0.5012813680041475,0.0,0.0
-2.9549633870399044,-0.09331463327494438,0.5006075204045909,0.0,0.0
-2.9549633870399044,-0.03110487775831494,0.500270963675228,0.0,0.0
-2.9549633870399044,0.031104877758314498,0.500270963675228,0.0,0.0
-2.9549633870399044,0.09331463327494438,0.5006075204045909,0.0,0.0
-2.9549633870399044,0.15552438879157382,0.5012813680041475,0.0,0.0
-2.9549633870399044,0.21773414430820326,0.5022939745869328,0.0,0.0
-2.9549633870399044,0.2799438998248327,0.5036475417932601,0.0,0.0
-2.9549633870399044,0.3421536553414626,0.5053450038499632,0.0,0.0
-2.9549633870399044,0.404363410858092,0.5073900257939583,0.0,0.0
-2.9549633870399044,0.46657316637472146,0.5097870003869134,0.0,0.0
-2.9549633870399044,0.5287829218913513,0.5125410430965209,0.0,0.0
-2.9549633870399044,0.5909926774079808,0.5156579843451942,0.0,0.0
-2.9549633870399044,0.6532024329246102,0.5191443580229229,0.0,0.0
-2.9549633870399044,0.7154121884412397,0.5230073850207761,0.0,0.0
-2.9549633870399044,0.7776219439578695,0.5272549502575267,0.0,0.0
-2.9549633870399044,0.839831699474499,0.5318955713356796,0.0,0.0
-2.9549633870399044,0.9020414549911289,0.5369383565655262,0.0,0.0
-2.9549633870399044,0.9642512105077579,0.5423929496266922,0.0,0.0
-2.9549633870399044,1.0264609660243877,0.5482694575855661,0.0,0.0
-2.9549633870399044,1.0886707215410176,0.5545783583435723,0.0,0.0
-2.9549633870399044,1.1508804770576466,0.5613303828460328,0.0,0.0
-2.9549633870399044,1.2130902325742765,0.5685363665271905,0.0,0.0
-2.9549633870399044,1.2752999880909055,0.5762070635010289,0.0,0.0
-2.9549633870399044,1.3375097436075354,0.5843529159344778,0.0,0.0
-2.9549633870399044,1.3997194991241653,0.5929837698757847,0.0,0.0
-2.9549633870399044,1.4619292546407943,0.602108527590503,0.0,0.0
-2.9549633870399044,1.5241390101574241,0.6117347252409162,0.0,0.0
-2.9549633870399044,1.586348765674054,0.6218680236289187,0.0,0.0
-2.9549633870399044,1.648558521190683,0.6325115988552739,0.0,0.0
-2.9549633870399044,1.710768276707313,0.6436654193452316,0.0,0.0
-2.9549633870399044,1.7729780322239428,0.6553253960543397,0.0,0.0
-2.9549633870399044,1.8351877877405718,0.6674823942091062,0.0,0.0
-2.9549633870399044,1.8973975432572017,0.68012109819081,0.0,0.0
-2.9549633870399044,1.9596072987738316,0.6932187268081406,0.0,0.0
-2.9549633870399044,2.0218170542904605,0.7067436050223417,0.0,0.0
-2.9549633870399044,2.0840268098070904,0.7206536110669227,0.0,0.0
-2.9549633870399044,2.1462365653237194,0.7348945357080584,0.0,0.0
-2.9549633870399044,2.2084463208403493,0.7493984137954777,0.0,0.0
-2.9549633870399044,2.270656076356979,0.7640819174579678,0.0,0.0
-2.9549633870399044,2.332865831873608,0.7788449346295016,0.0,0.0
-2.9549633870399044,2.395075587390238,0.7935694939944912,0.0,0.0
-2.9549633870399044,2.457285342906868,0.8081192339192873,0.0,0.0
-2.9549633870399044,2.519495098423497,0.8223396421068374,0.0,0.0
-2.9549633870399044,2.581704853940127,0.8360593056930036,0.0,0.0
-2.9549633870399044,2.6439146094567567,0.8490923975063435,0.0,0.0
-2.9549633870399044,2.7061243649733857,0.8612425721650081,0.0,0.0
-2.9549633870399044,2.7683341204900156,0.8723083471061727,0.0,0.0
-2.9549633870399044,2.8305438760066455,0.8820898965871918,0.0,0.0
-2.9549633870399044,2.8927536315232745,0.8903969998992722,0.0,0.0
-2.9549633870399044,2.9549633870399044,0.8970576807157739,0.0,0.0
-2.9549633870399044,3.0171731425565333,0.9019268878398035,0.0,0.0
-2.9549633870399044,3.0793828980731632,0.9048944413394889,0.0,0.0
-2.892753631523275,-3.141592653589793,0.8990335522786694,0.0,0.0
-2.892753631523275,-3.0793828980731637,0.8980589991391109,0.0,0.0
-2.892753631523275,-3.017173142556534,0.8951579737911614,0.0,0.0
-2.892753631523275,-2.9549633870399044,0.8903969998992723,0.0,0.0
-2.892753631523275,-2.892753631523275,0.8838825166422148,0.0,0.0
-2.892753631523275,-2.8305438760066455,0.8757547631694537,0.0,0.0
-2.892753631523275,-2.7683341204900156,0.8661801847479534,0.0,0.0
-2.892753631523275,-2.706124364973386,0.8553431188294137,0.0,0.0
-2.892753631523275,-2.6439146094567567,0.8434374977020435,0.0,0.0
-2.892753631523275,-2.581704853940127,0.8306591881843126,0.0,0.0
-2.892753631523275,-2.5194950984234974,0.8171994147569155,0.0,0.0
-2.892753631523275,-2.457285342906868,0.8032395203747195,0.0,0.0
-2.892753631523275,-2.395075587390238,0.7889471420725512,0.0,0.0
-2.892753631523275,-2.3328658318736086,0.7744737376722238,0.0,0.0
-2.892753631523275,-2.270656076356979,0.7599533041994684,0.0,0.0
-2.892753631523275,-2.2084463208403498,0.745502076749688,0.0,0.0
-2.892753631523275,-2.1462365653237203,0.7312189809339166,0.0,0.0
-2.892753631523275,-2.0840268098070904,0.7171866224905906,0.0,0.0
-2.892753631523275,-2.021817054290461,0.7034726240548792,0.0,0.0
-2.892753631523275,-1.9596072987738313,0.6901311529990203,0.0,0.0
-2.892753631523275,-1.897397543257202,0.677204519539938,0.0,0.0
-2.892753631523275,-1.8351877877405722,0.6647247570325987,0.0,0.0
-2.892753631523275,-1.7729780322239428,0.6527151244461462,0.0,0.0
-2.892753631523275,-1.7107682767073131,0.6411914937053463,0.0,0.0
-2.892753631523275,-1.6485585211906835,0.6301636019805471,0.0,0.0
-2.892753631523275,-1.586348765674054,0.6196361617101754,0.0,0.0
-2.892753631523275,-1.5241390101574244,0.6096098299307894,0.0,0.0
-2.892753631523275,-1.461929254640795,0.6000820441921848,0.0,0.0
-2.892753631523275,-1.3997194991241653,0.5910477357034505,0.0,0.0
-2.892753631523275,-1.3375097436075358,0.5824999320322005,0.0,0.0
-2.892753631523275,-1.2752999880909062,0.5744302621808972,0.0,0.0
-2.892753631523275,-1.2130902325742767,0.5668293765906155,0.0,0.0
-2.892753631523275,-1.150880477057647,0.55968729387087,0.0,0.0
-2.892753631523275,-1.0886707215410176,0.5529936850376318,0.0,0.0
-2.892753631523275,-1.0264609660243877,0.546738104908216,0.0,0.0
-2.892753631523275,-0.9642512105077583,0.5409101791496699,0.0,0.0
-2.892753631523275,-0.9020414549911289,0.5354997543685529,0.0,0.0
-2.892753631523275,-0.8398316994744994,0.5304970176007328,0.0,0.0
-2.892753631523275,-0.7776219439578695,0.52589259062825,0.0,0.0
-2.892753631523275,-0.7154121884412401,0.5216776037227786,0.0,0.0
-2.892753631523275,-0.6532024329246107,0.5178437526904001,0.0,0.0
-2.892753631523275,-0.5909926774079808,0.5143833424644592,0.0,0.0
-2.892753631523275,-0.5287829218913513,0.511289319953719,0.0,0.0
-2.892753631523275,-0.4665731663747219,0.5085552983923819,0.0,0.0
-2.892753631523275,-0.40436341085809246,0.506175575047,0.0,0.0
-2.892753631523275,-0.3421536553414626,0.5041451438034045,0.0,0.0
-2.892753631523275,-0.27994389982483314,0.5024597038756863,0.0,0.0
-2.892753631523275,-0.2177341443082037,0.5011156656408657,0.0,0.0
-2.892753631523275,-0.15552438879157382,0.5001101543998714,0.0,0.0
-2.892753631523275,-0.09331463327494438,0.49944101269125846,0.0,0.0
-2.892753631523275,-0.03110487775831494,0.49910680163284643,0.0,0.0
-2.892753631523275,0.031104877758314498,0.49910680163284643,0.0,0.0
-2.892753631523275,0.09331463327494438,0.49944101269125846,0.0,0.0
-2.892753631523275,0.15552438879157382,0.5001101543998714,0.0,0.0
-2.892753631523275,0.21773414430820326,0.5011156656408657,0.0,0.0
-2.892753631523275,0.2799438998248327,0.5024597038756863,0.0,0.0
-2.892753631523275,0.3421536553414626,0.5041451438034045,0.0,0.0
-2.892753631523275,0.404363410858092,0.506175575047,0.0,0.0
-2.892753631523275,0.46657316637472146,0.5085552983923818,0.0,0.0
-2.892753631523275,0.5287829218913513,0.511289319953719,0.0,0.0
-2.892753631523275,0.5909926774079808,0.5143833424644592,0.0,0.0
-2.892753631523275,0.6532024329246102,0.5178437526904001,0.0,0.0
-2.892753631523275,0.7154121884412397,0.5216776037227786,0.0,0.0
-2.892753631523275,0.7776219439578695,0.52589259062825,0.0,0.0
-2.892753631523275,0.839831699474499,0.5304970176007328,0.0,0.0
-2.892753631523275,0.9020414549911289,0.5354997543685529,0.0,0.0
-2.892753631523275,0.9642512105077579,0.5409101791496698,0.0,0.0
-2.892753631523275,1.0264609660243877,0.546738104908216,0.0,0.0
-2.892753631523275,1.0886707215410176,0.5529936850376318,0.0,0.0
-2.892753631523275,1.1508804770576466,0.55968729387087,0.0,0.0
-2.892753631523275,1.2130902325742765,0.5668293765906154,0.0,0.0
-2.892753631523275,1.2752999880909055,0.5744302621808972,0.0,0.0
-2.892753631523275,1.3375097436075354,0.5824999320322004,0.0,0.0
-2.892753631523275,1.3997194991241653,0.5910477357034505,0.0,0.0
-2.892753631523275,1.4619292546407943,0.6000820441921847,0.0,0.0
-2.892753631523275,1.5241390101574241,0.6096098299307893,0.0,0.0
-2.892753631523275,1.586348765674054,0.6196361617101754,0.0,0.0
-2.892753631523275,1.648558521190683,0.6301636019805471,0.0,0.0
-2.892753631523275,1.710768276707313,0.6411914937053463,0.0,0.0
-2.892753631523275,1.7729780322239428,0.6527151244461462,0.0,0.0
-2.892753631523275,1.8351877877405718,0.6647247570325986,0.0,0.0
-2.892753631523275,1.8973975432572017,0.677204519539938,0.0,0.0
-2.892753631523275,1.9596072987738316,0.6901311529990203,0.0,0.0
-2.892753631523275,2.0218170542904605,0.7034726240548791,0.0,0.0
-2.892753631523275,2.0840268098070904,0.7171866224905906,0.0,0.0
-2.892753631523275,2.1462365653237194,0.7312189809339162,0.0,0.0
-2.892753631523275,2.2084463208403493,0.745502076749688,0.0,0.0
-2.892753631523275,2.270656076356979,0.7599533041994684,0.0,0.0
-2.892753631523275,2.332865831873608,0.7744737376722236,0.0,0.0
-2.892753631523275,2.395075587390238,0.7889471420725512,0.0,0.0
-2.892753631523275,2.457285342906868,0.8032395203747195,0.0,0.0
-2.892753631523275,2.519495098423497,0.8171994147569152,0.0,0.0
-2.892753631523275,2.581704853940127,0.8306591881843126,0.0,0.0
-2.892753631523275,2.6439146094567567,0.8434374977020435,0.0,0.0
-2.892753631523275,2.7061243649733857,0.8553431188294135,0.0,0.0
-2.892753631523275,2.7683341204900156,0.8661801847479534,0.0,0.0
-2.892753631523275,2.8305438760066455,0.8757547631694537,0.0,0.0
-2.892753631523275,2.8927536315232745,0.8838825166422148,0.0,0.0
-2.892753631523275,2.9549633870399044,0.8903969998992723,0.0,0.0
-2.892753631523275,3.0171731425565333,0.8951579737911614,0.0,0.0
-2.892753631523275,3.0793828980731632,0.8980589991391109,0.0,0.0
-2.8305438760066455,-3.141592653589793,0.8904846931607898,0.0,0.0
-2.8305438760066455,-3.0793828980731637,0.8895376482777391,0.0,0.0
-2.8305438760066455,-3.017173142556534,0.8867181643572505,0.0,0.0
-2.8305438760066455,-2.9549633870399044,0.8820898965871918,0.0,0.0
-2.8305438760066455,-2.892753631523275,0.8757547631694537,0.0,0.0
-2.8305438760066455,-2.8305438760066455,0.8678471801784471,0.0,0.0
-2.8305438760066455,-2.7683341204900156,0.8585268885678256,0.0,0.0
-2.8305438760066455,-2.706124364973386,0.847971079895398,0.0,0.0
-2.8305438760066455,-2.6439146094567567,0.8363665106871113,0.0,0.0
-2.8305438760066455,-2.581704853940127,0.8239021907721887,0.0,0.0
-2.8305438760066455,-2.5194950984234974,0.810763071567313,0.0,0.0
-2.8305438760066455,-2.457285342906868,0.7971249824818449,0.0,0.0
-2.8305438760066455,-2.395075587390238,0.7831508980335143,0.0,0.0
-2.8305438760066455,-2.3328658318736086,0.768988485054512,0.0,0.0
-2.8305438760066455,-2.270656076356979,0.7547687873135174,0.0,0.0
-2.8305438760066455,-2.2084463208403498,0.7406058534373424,0.0,0.0
-2.8305438760066455,-2.1462365653237203,0.7265970966639553,0.0,0.0
-2.8305438760066455,-2.0840268098070904,0.7128241825170323,0.0,0.0
-2.8305438760066455,-2.021817054290461,0.6993542636612363,0.0,0.0
-2.8305438760066455,-1.9596072987738313,0.6862414120800499,0.0,0.0
-2.8305438760066455,-1.897397543257202,0.6735281314499421,0.0,0.0
-2.8305438760066455,-1.8351877877405722,0.6612468633459753,0.0,0.0
-2.8305438760066455,-1.7729780322239428,0.6494214276025118,0.0,0.0
-2.8305438760066455,-1.7107682767073131,0.6380683589359181,0.0,0.0
-2.8305438760066455,-1.6485585211906835,0.6271981188162574,0.0,0.0
-2.8305438760066455,-1.586348765674054,0.6168161740325836,0.0,0.0
-2.8305438760066455,-1.5241390101574244,0.6069239421319844,0.0,0.0
-2.8305438760066455,-1.461929254640795,0.5975196096766174,0.0,0.0
-2.8305438760066455,-1.3997194991241653,0.5885988327581316,0.0,0.0
-2.8305438760066455,-1.3375097436075358,0.5801553310412211,0.0,0.0
-2.8305438760066455,-1.2752999880909062,0.5721813872717689,0.0,0.0
-2.8305438760066455,-1.2130902325742767,0.5646682640656012,0.0,0.0
-2.8305438760066455,-1.150880477057647,0.5576065491809509,0.0,0.0
-2.8305438760066455,-1.0886707215410176,0.5509864395816229,0.0,0.0
-2.8305438760066455,-1.0264609660243877,0.5447979735659657,0.0,0.0
-2.8305438760066455,-0.9642512105077583,0.5390312191685046,0.0,0.0
-2.8305438760066455,-0.9020414549911289,0.5336764260003448,0.0,0.0
-2.8305438760066455,-0.8398316994744994,0.5287241467194944,0.0,0.0
-2.8305438760066455,-0.7776219439578695,0.5241653334335316,0.0,0.0
-2.8305438760066455,-0.7154121884412401,0.5199914135428885,0.0,0.0
-2.8305438760066455,-0.6532024329246107,0.5161943488339366,0.0,0.0
-2.8305438760066455,-0.5909926774079808,0.5127666810226682,0.0,0.0
-2.8305438760066455,-0.5287829218913513,0.5097015664249278,0.0,0.0
-2.8305438760066455,-0.4665731663747219,0.5069928019793801,0.0,0.0
-2.8305438760066455,-0.40436341085809246,0.5046348444657673,0.0,0.0
-2.8305438760066455,-0.3421536553414626,0.5026228244347354,0.0,0.0
-2.8305438760066455,-0.27994389982483314,0.5009525560882676,0.0,0.0
-2.8305438760066455,-0.2177341443082037,0.4996205441138863,0.0,0.0
-2.8305438760066455,-0.15552438879157382,0.49862398827428117,0.0,0.0
-2.8305438760066455,-0.09331463327494438,0.4979607863805851,0.0,0.0
-2.8305438760066455,-0.03110487775831494,0.49762953612647515,0.0,0.0
-2.8305438760066455,0.031104877758314498,0.49762953612647515,0.0,0.0
-2.8305438760066455,0.09331463327494438,0.4979607863805851,0.0,0.0
-2.8305438760066455,0.15552438879157382,0.49862398827428117,0.0,0.0
-2.8305438760066455,0.21773414430820326,0.49962054411388623,0.0,0.0
-2.8305438760066455,0.2799438998248327,0.5009525560882676,0.0,0.0
-2.8305438760066455,0.3421536553414626,0.5026228244347354,0.0,0.0
-2.8305438760066455,0.404363410858092,0.5046348444657673,0.0,0.0
-2.8305438760066455,0.46657316637472146,0.50699280197938,0.0,0.0
-2.8305438760066455,0.5287829218913513,0.5097015664249278,0.0,0.0
-2.8305438760066455,0.5909926774079808,0.5127666810226682,0.0,0.0
-2.8305438760066455,0.6532024329246102,0.5161943488339364,0.0,0.0
-2.8305438760066455,0.7154121884412397,0.5199914135428884,0.0,0.0
-2.8305438760066455,0.7776219439578695,0.5241653334335316,0.0,0.0
-2.8305438760066455,0.839831699474499,0.5287241467194944,0.0,0.0
-2.8305438760066455,0.9020414549911289,0.5336764260003448,0.0,0.0
-2.8305438760066455,0.9642512105077579,0.5390312191685046,0.0,0.0
-2.8305438760066455,1.0264609660243877,0.5447979735659657,0.0,0.0
-2.8305438760066455,1.0886707215410176,0.5509864395816229,0.0,0.0
-2.8305438760066455,1.1508804770576466,0.5576065491809509,0.0,0.0
-2.8305438760066455,1.2130902325742765,0.5646682640656012,0.0,0.0
-2.8305438760066455,1.2752999880909055,0.5721813872717688,0.0,0.0
-2.8305438760066455,1.3375097436075354,0.5801553310412211,0.0,0.0
-2.8305438760066455,1.3997194991241653,0.5885988327581316,0.0,0.0
-2.8305438760066455,1.4619292546407943,0.5975196096766174,0.0,0.0
-2.8305438760066455,1.5241390101574241,0.6069239421319844,0.0,0.0
-2.8305438760066455,1.586348765674054,0.6168161740325836,0.0,0.0
-2.8305438760066455,1.648558521190683,0.6271981188162574,0.0,0.0
-2.8305438760066455,1.710768276707313,0.6380683589359181,0.0,0.0
-2.8305438760066455,1.7729780322239428,0.6494214276025118,0.0,0.0
-2.8305438760066455,1.8351877877405718,0.6612468633459752,0.0,0.0
-2.8305438760066455,1.8973975432572017,0.673528131449942,0.0,0.0
-2.8305438760066455,1.9596072987738316,0.6862414120800499,0.0,0.0
-2.8305438760066455,2.0218170542904605,0.6993542636612362,0.0,0.0
-2.8305438760066455,2.0840268098070904,0.7128241825170323,0.0,0.0
-2.8305438760066455,2.1462365653237194,0.7265970966639552,0.0,0.0
-2.8305438760066455,2.2084463208403493,0.7406058534373423,0.0,0.0
-2.8305438760066455,2.270656076356979,0.7547687873135174,0.0,0.0
-2.8305438760066455,2.332865831873608,0.7689884850545119,0.0,0.0
-2.8305438760066455,2.395075587390238,0.7831508980335143,0.0,0.0
-2.8305438760066455,2.457285342906868,0.7971249824818449,0.0,0.0
-2.8305438760066455,2.519495098423497,0.8107630715673129,0.0,0.0
-2.8305438760066455,2.581704853940127,0.8239021907721887,0.0,0.0
-2.8305438760066455,2.6439146094567567,0.8363665106871113,0.0,0.0
-2.8305438760066455,2.7061243649733857,0.8479710798953978,0.0,0.0
-2.8305438760066455,2.7683341204900156,0.8585268885678256,0.0,0.0
-2.8305438760066455,2.8305438760066455,0.8678471801784471,0.0,0.0
-2.8305438760066455,2.8927536315232745,0.8757547631694537,0.0,0.0
-2.8305438760066455,2.9549633870399044,0.8820898965871918,0.0,0.0
-2.8305438760066455,3.0171731425565333,0.8867181643572505,0.0,0.0
-2.8305438760066455,3.0793828980731632,0.8895376482777391,0.0,0.0
-2.7683341204900156,-3.141592653589793,0.8804243945080626,0.0,0.0
-2.7683341204900156,-3.0793828980731637,0.8795090534385414,0.0,0.0
-2.7683341204900156,-3.017173142556534,0.8767835683326312,0.0,0.0
-2.7683341204900156,-2.9549633870399044,0.8723083471061727,0.0,0.0
-2.7683341204900156,-2.892753631523275,0.8661801847479534,0.0,0.0
-2.7683341204900156,-2.8305438760066455,0.8585268885678256,0.0,0.0
-2.7683341204900156,-2.7683341204900156,0.8495005754174225,0.0,0.0
-2.7683341204900156,-2.706124364973386,0.8392702905561888,0.0,0.0
-2.7683341204900156,-2.6439146094567567,0.828014586228043,0.0,0.0
-2.7683341204900156,-2.581704853940127,0.8159146058579058,0.0,0.0
-2.7683341204900156,-2.5194950984234974,0.8031480763936986,0.0,0.0
-2.7683341204900156,-2.457285342906868,0.7898844492883572,0.0,0.0
-2.7683341204900156,-2.395075587390238,0.7762812779097619,0.0,0.0
-2.7683341204900156,-2.3328658318736086,0.7624817946087112,0.0,0.0
-2.7683341204900156,-2.270656076356979,0.7486135629601837,0.0,0.0
-2.7683341204900156,-2.2084463208403498,0.734788030016936,0.0,0.0
-2.7683341204900156,-2.1462365653237203,0.7211007843594647,0.0,0.0
-2.7683341204900156,-2.0840268098070904,0.7076323302219285,0.0,0.0
-2.7683341204900156,-2.021817054290461,0.6944492076201645,0.0,0.0
-2.7683341204900156,-1.9596072987738313,0.6816053159224742,0.0,0.0
-2.7683341204900156,-1.897397543257202,0.6691433281656436,0.0,0.0
-2.7683341204900156,-1.8351877877405722,0.65709611194115,0.0,0.0
-2.7683341204900156,-1.7729780322239428,0.6454880977524496,0.0,0.0
-2.7683341204900156,-1.7107682767073131,0.6343365564597284,0.0,0.0
-2.7683341204900156,-1.6485585211906835,0.6236527636739477,0.0,0.0
-2.7683341204900156,-1.586348765674054,0.6134430411047564,0.0,0.0
-2.7683341204900156,-1.5241390101574244,0.6037096735076621,0.0,0.0
-2.7683341204900156,-1.461929254640795,0.5944517056856394,0.0,0.0
-2.7683341204900156,-1.3997194991241653,0.585665627621986,0.0,0.0
-2.7683341204900156,-1.3375097436075358,0.5773459578190121,0.0,0.0
-2.7683341204900156,-1.2752999880909062,0.5694857357575962,0.0,0.0
-2.7683341204900156,-1.2130902325742767,0.562076934444285,0.0,0.0
-2.7683341204900156,-1.150880477057647,0.5551108035557305,0.0,0.0
-2.7683341204900156,-1.0886707215410176,0.548578152930825,0.0,0.0
-2.7683341204900156,-1.0264609660243877,0.542469585245254,0.0,0.0
-2.7683341204900156,-0.9642512105077583,0.5367756857315875,0.0,0.0
-2.7683341204900156,-0.9020414549911289,0.5314871758461839,0.0,0.0
-2.7683341204900156,-0.8398316994744994,0.5265950368726667,0.0,0.0
-2.7683341204900156,-0.7776219439578695,0.5220906086133379,0.0,0.0
-2.7683341204900156,-0.7154121884412401,0.517965667565197,0.0,0.0
-2.7683341204900156,-0.6532024329246107,0.5142124883087189,0.0,0.0
-2.7683341204900156,-0.5909926774079808,0.5108238912525703,0.0,0.0
-2.7683341204900156,-0.5287829218913513,0.5077932793703165,0.0,0.0
-2.7683341204900156,-0.4665731663747219,0.5051146661286241,0.0,0.0
-2.7683341204900156,-0.40436341085809246,0.5027826964325283,0.0,0.0
-2.7683341204900156,-0.3421536553414626,0.5007926620940202,0.0,0.0
-2.7683341204900156,-0.27994389982483314,0.49914051305783796,0.0,0.0
-2.7683341204900156,-0.2177341443082037,0.49782286538571263,0.0,0.0
-2.7683341204900156,-0.15552438879157382,0.496837006800849,0.0,0.0
-2.7683341204900156,-0.09331463327494438,0.4961809004221078,0.0,0.0
-2.7683341204900156,-0.03110487775831494,0.49585318716674703,0.0,0.0
-2.7683341204900156,0.031104877758314498,0.49585318716674703,0.0,0.0
-2.7683341204900156,0.09331463327494438,0.4961809004221078,0.0,0.0
-2.7683341204900156,0.15552438879157382,0.496837006800849,0.0,0.0
-2.7683341204900156,0.21773414430820326,0.4978228653857125,0.0,0.0
-2.7683341204900156,0.2799438998248327,0.4991405130578381,0.0,0.0
-2.7683341204900156,0.3421536553414626,0.5007926620940202,0.0,0.0
-2.7683341204900156,0.404363410858092,0.5027826964325284,0.0,0.0
-2.7683341204900156,0.46657316637472146,0.505114666128624,0.0,0.0
-2.7683341204900156,0.5287829218913513,0.5077932793703165,0.0,0.0
-2.7683341204900156,0.5909926774079808,0.5108238912525703,0.0,0.0
-2.7683341204900156,0.6532024329246102,0.5142124883087189,0.0,0.0
-2.7683341204900156,0.7154121884412397,0.5179656675651968,0.0,0.0
-2.7683341204900156,0.7776219439578695,0.5220906086133379,0.0,0.0
-2.7683341204900156,0.839831699474499,0.5265950368726667,0.0,0.0
-2.7683341204900156,0.9020414549911289,0.5314871758461839,0.0,0.0
-2.7683341204900156,0.9642512105077579,0.5367756857315874,0.0,0.0
-2.7683341204900156,1.0264609660243877,0.542469585245254,0.0,0.0
-2.7683341204900156,1.0886707215410176,0.548578152930825,0.0,0.0
-2.7683341204900156,1.1508804770576466,0.5551108035557305,0.0,0.0
-2.7683341204900156,1.2130902325742765,0.562076934444285,0.0,0.0
-2.7683341204900156,1.2752999880909055,0.5694857357575962,0.0,0.0
-2.7683341204900156,1.3375097436075354,0.5773459578190121,0.0,0.0
-2.7683341204900156,1.3997194991241653,0.585665627621986,0.0,0.0
-2.7683341204900156,1.4619292546407943,0.5944517056856394,0.0,0.0
-2.7683341204900156,1.5241390101574241,0.6037096735076621,0.0,0.0
-2.7683341204900156,1.586348765674054,0.6134430411047564,0.0,0.0
-2.7683341204900156,1.648558521190683,0.6236527636739476,0.0,0.0
-2.7683341204900156,1.710768276707313,0.6343365564597283,0.0,0.0
-2.7683341204900156,1.7729780322239428,0.6454880977524496,0.0,0.0
-2.7683341204900156,1.8351877877405718,0.65709611194115,0.0,0.0
-2.7683341204900156,1.8973975432572017,0.6691433281656436,0.0,0.0
-2.7683341204900156,1.9596072987738316,0.6816053159224742,0.0,0.0
-2.7683341204900156,2.0218170542904605,0.6944492076201644,0.0,0.0
-2.7683341204900156,2.0840268098070904,0.7076323302219285,0.0,0.0
-2.7683341204900156,2.1462365653237194,0.7211007843594645,0.0,0.0
-2.7683341204900156,2.2084463208403493,0.734788030016936,0.0,0.0
-2.7683341204900156,2.270656076356979,0.7486135629601837,0.0,0.0
-2.7683341204900156,2.332865831873608,0.7624817946087111,0.0,0.0
-2.7683341204900156,2.395075587390238,0.7762812779097619,0.0,0.0
-2.7683341204900156,2.457285342906868,0.7898844492883572,0.0,0.0
-2.7683341204900156,2.519495098423497,0.8031480763936985,0.0,0.0
-2.7683341204900156,2.581704853940127,0.8159146058579058,0.0,0.0
-2.7683341204900156,2.6439146094567567,0.828014586228043,0.0,0.0
-2.7683341204900156,2.7061243649733857,0.8392702905561886,0.0,0.0
-2.7683341204900156,2.7683341204900156,0.8495005754174225,0.0,0.0
-2.7683341204900156,2.8305438760066455,0.8585268885678256,0.0,0.0
-2.7683341204900156,2.8927536315232745,0.8661801847479534,0.0,0.0
-2.7683341204900156,2.9549633870399044,0.8723083471061727,0.0,0.0
-2.7683341204900156,3.0171731425565333,0.876783568332631,0.0,0.0
-2.7683341204900156,3.0793828980731632,0.8795090534385414,0.0,0.0
-2.706124364973386,-3.141592653589793,0.8690508941833424,0.0,0.0
-2.706124364973386,-3.0793828980731637,0.8681705352839935,0.0,0.0
-2.706124364973386,-3.017173142556534,0.8655487950297283,0.0,0.0
-2.706124364973386,-2.9549633870399044,0.8612425721650082,0.0,0.0
-2.706124364973386,-2.892753631523275,0.8553431188294137,0.0,0.0
-2.706124364973386,-2.8305438760066455,0.847971079895398,0.0,0.0
-2.706124364973386,-2.7683341204900156,0.8392702905561887,0.0,0.0
-2.706124364973386,-2.706124364973386,0.8294009222969296,0.0,0.0
-2.706124364973386,-2.6439146094567567,0.8185325606044804,0.0,0.0
-2.706124364973386,-2.581704853940127,0.8068377181861222,0.0,0.0
-2.706124364973386,-2.5194950984234974,0.7944861605133825,0.0,0.0
-2.706124364973386,-2.457285342906868,0.7816402749363135,0.0,0.0
-2.706124364973386,-2.395075587390238,0.7684515755614834,0.0,0.0
-2.706124364973386,-2.3328658318736086,0.7550583209186068,0.0,0.0
-2.706124364973386,-2.270656076356979,0.7415841386598847,0.0,0.0
-2.706124364973386,-2.2084463208403498,0.7281375020233021,0.0,0.0
-2.706124364973386,-2.1462365653237203,0.7148118822285747,0.0,0.0
-2.706124364973386,-2.0840268098070904,0.7016864024306192,0.0,0.0
-2.706124364973386,-2.021817054290461,0.6888268348790114,0.0,0.0
-2.706124364973386,-1.9596072987738313,0.6762868069053852,0.0,0.0
-2.706124364973386,-1.897397543257202,0.6641091081508822,0.0,0.0
-2.706124364973386,-1.8351877877405722,0.6523270175317241,0.0,0.0
-2.706124364973386,-1.7729780322239428,0.6409655917301178,0.0,0.0
-2.706124364973386,-1.7107682767073131,0.6300428765041179,0.0,0.0
-2.706124364973386,-1.6485585211906835,0.6195710176141976,0.0,0.0
-2.706124364973386,-1.586348765674054,0.6095572599172722,0.0,0.0
-2.706124364973386,-1.5241390101574244,0.6000048316768103,0.0,0.0
-2.706124364973386,-1.461929254640795,0.590913716965705,0.0,0.0
-2.706124364973386,-1.3997194991241653,0.5822813227744802,0.0,0.0
-2.706124364973386,-1.3375097436075358,0.5741030495988724,0.0,0.0
-2.706124364973386,-1.2752999880909062,0.5663727753029372,0.0,0.0
-2.706124364973386,-1.2130902325742767,0.5590832622853439,0.0,0.0
-2.706124364973386,-1.150880477057647,0.5522264976862596,0.0,0.0
-2.706124364973386,-1.0886707215410176,0.5457939757605345,0.0,0.0
-2.706124364973386,-1.0264609660243877,0.5397769307541636,0.0,0.0
-2.706124364973386,-0.9642512105077583,0.5341665277558495,0.0,0.0
-2.706124364973386,-0.9020414549911289,0.5289540181212095,0.0,0.0
-2.706124364973386,-0.8398316994744994,0.52413086522659,0.0,0.0
-2.706124364973386,-0.7776219439578695,0.5196888455277179,0.0,0.0
-2.706124364973386,-0.7154121884412401,0.5156201291884408,0.0,0.0
-2.706124364973386,-0.6532024329246107,0.5119173439111891,0.0,0.0
-2.706124364973386,-0.5909926774079808,0.508573625042734,0.0,0.0
-2.706124364973386,-0.5287829218913513,0.5055826545422074,0.0,0.0
-2.706124364973386,-0.4665731663747219,0.5029386909772514,0.0,0.0
-2.706124364973386,-0.40436341085809246,0.5006365923516608,0.0,0.0
-2.706124364973386,-0.3421536553414626,0.4986718332569086,0.0,0.0
-2.706124364973386,-0.27994389982483314,0.49704051757345985,0.0,0.0
-2.706124364973386,-0.2177341443082037,0.4957393877192019,0.0,0.0
-2.706124364973386,-0.15552438879157382,0.49476583124547113,0.0,0.0
-2.706124364973386,-0.09331463327494438,0.49411788541039736,0.0,0.0
-2.706124364973386,-0.03110487775831494,0.49379424020945434,0.0,0.0
-2.706124364973386,0.031104877758314498,0.49379424020945434,0.0,0.0
-2.706124364973386,0.09331463327494438,0.49411788541039736,0.0,0.0
-2.706124364973386,0.15552438879157382,0.49476583124547113,0.0,0.0
-2.706124364973386,0.21773414430820326,0.4957393877192019,0.0,0.0
-2.706124364973386,0.2799438998248327,0.49704051757345985,0.0,0.0
-2.706124364973386,0.3421536553414626,0.4986718332569086,0.0,0.0
-2.706124364973386,0.404363410858092,0.5006365923516608,0.0,0.0
-2.706124364973386,0.46657316637472146,0.5029386909772513,0.0,0.0
-2.706124364973386,0.5287829218913513,0.5055826545422074,0.0,0.0
-2.706124364973386,0.5909926774079808,0.508573625042734,0.0,0.0
-2.706124364973386,0.6532024329246102,0.5119173439111891,0.0,0.0
-2.706124364973386,0.7154121884412397,0.5156201291884407,0.0,0.0
-2.706124364973386,0.7776219439578695,0.5196888455277179,0.0,0.0
-2.706124364973386,0.839831699474499,0.52413086522659,0.0,0.0
-2.706124364973386,0.9020414549911289,0.5289540181212095,0.0,0.0
-2.706124364973386,0.9642512105077579,0.5341665277558495,0.0,0.0
-2.706124364973386,1.0264609660243877,0.5397769307541636,0.0,0.0
-2.706124364973386,1.0886707215410176,0.5457939757605345,0.0,0.0
-2.706124364973386,1.1508804770576466,0.5522264976862596,0.0,0.0
-2.706124364973386,1.2130902325742765,0.5590832622853438,0.0,0.0
-2.706124364973386,1.2752999880909055,0.5663727753029372,0.0,0.0
-2.706124364973386,1.3375097436075354,0.5741030495988724,0.0,0.0
-2.706124364973386,1.3997194991241653,0.5822813227744802,0.0,0.0
-2.706124364973386,1.4619292546407943,0.5909137169657048,0.0,0.0
-2.706124364973386,1.5241390101574241,0.6000048316768103,0.0,0.0
-2.706124364973386,1.586348765674054,0.6095572599172722,0.0,0.0
-2.706124364973386,1.648558521190683,0.6195710176141976,0.0,0.0
-2.706124364973386,1.710768276707313,0.6300428765041179,0.0,0.0
-2.706124364973386,1.7729780322239428,0.6409655917301178,0.0,0.0
-2.706124364973386,1.8351877877405718,0.652327017531724,0.0,0.0
-2.706124364973386,1.8973975432572017,0.6641091081508822,0.0,0.0
-2.706124364973386,1.9596072987738316,0.6762868069053852,0.0,0.0
-2.706124364973386,2.0218170542904605,0.6888268348790113,0.0,0.0
-2.706124364973386,2.0840268098070904,0.7016864024306192,0.0,0.0
-2.706124364973386,2.1462365653237194,0.7148118822285746,0.0,0.0
-2.706124364973386,2.2084463208403493,0.728137502023302,0.0,0.0
-2.706124364973386,2.270656076356979,0.7415841386598847,0.0,0.0
-2.706124364973386,2.332865831873608,0.7550583209186067,0.0,0.0
-2.706124364973386,2.395075587390238,0.7684515755614834,0.0,0.0
-2.706124364973386,2.457285342906868,0.7816402749363135,0.0,0.0
-2.706124364973386,2.519495098423497,0.7944861605133823,0.0,0.0
-2.706124364973386,2.581704853940127,0.8068377181861222,0.0,0.0
-2.706124364973386,2.6439146094567567,0.8185325606044804,0.0,0.0
-2.706124364973386,2.7061243649733857,0.8294009222969294,0.0,0.0
-2.706124364973386,2.7683341204900156,0.8392702905561887,0.0,0.0
-2.706124364973386,2.8305438760066455,0.847971079895398,0.0,0.0
-2.706124364973386,2.8927536315232745,0.8553431188294136,0.0,0.0
-2.706124364973386,2.9549633870399044,0.8612425721650082,0.0,0.0
-2.706124364973386,3.0171731425565333,0.8655487950297281,0.0,0.0
-2.706124364973386,3.0793828980731632,0.8681705352839935,0.0,0.0
-2.6439146094567567,-3.141592653589793,0.856572028505453,0.0,0.0
-2.6439146094567567,-3.0793828980731637,0.8557290148658746,0.0,0.0
-2.6439146094567567,-3.017173142556534,0.8532180580893115,0.0,0.0
-2.6439146094567567,-2.9549633870399044,0.8490923975063435,0.0,0.0
-2.6439146094567567,-2.892753631523275,0.8434374977020435,0.0,0.0
-2.6439146094567567,-2.8305438760066455,0.8363665106871112,0.0,0.0
-2.6439146094567567,-2.7683341204900156,0.828014586228043,0.0,0.0
-2.6439146094567567,-2.706124364973386,0.8185325606044804,0.0,0.0
-2.6439146094567567,-2.6439146094567567,0.8080805516462664,0.0,0.0
-2.6439146094567567,-2.581704853940127,0.7968219204639612,0.0,0.0
-2.6439146094567567,-2.5194950984234974,0.7849179495247826,0.0,0.0
-2.6439146094567567,-2.457285342906868,0.7725234576358537,0.0,0.0
-2.6439146094567567,-2.395075587390238,0.7597834472598076,0.0,0.0
-2.6439146094567567,-2.3328658318736086,0.7468307742263849,0.0,0.0
-2.6439146094567567,-2.270656076356979,0.7337847525231627,0.0,0.0
-2.6439146094567567,-2.2084463208403498,0.7207505589193934,0.0,0.0
-2.6439146094567567,-2.1462365653237203,0.7078192804206389,0.0,0.0
-2.6439146094567567,-2.0840268098070904,0.6950684461542465,0.0,0.0
-2.6439146094567567,-2.021817054290461,0.682562897752636,0.0,0.0
-2.6439146094567567,-1.9596072987738313,0.6703558727075943,0.0,0.0
-2.6439146094567567,-1.897397543257202,0.6584901988014226,0.0,0.0
-2.6439146094567567,-1.8351877877405722,0.6469995212548435,0.0,0.0
-2.6439146094567567,-1.7729780322239428,0.63590950561244,0.0,0.0
-2.6439146094567567,-1.7107682767073131,0.6252389775715396,0.0,0.0
-2.6439146094567567,-1.6485585211906835,0.6150009756286824,0.0,0.0
-2.6439146094567567,-1.586348765674054,0.6052037037069502,0.0,0.0
-2.6439146094567567,-1.5241390101574244,0.5958513792282434,0.0,0.0
-2.6439146094567567,-1.461929254640795,0.5869449779041161,0.0,0.0
-2.6439146094567567,-1.3997194991241653,0.5784828803462623,0.0,0.0
-2.6439146094567567,-1.3375097436075358,0.5704614279108756,0.0,0.0
-2.6439146094567567,-1.2752999880909062,0.5628753963905347,0.0,0.0
-2.6439146094567567,-1.2130902325742767,0.5557183965794068,0.0,0.0
-2.6439146094567567,-1.150880477057647,0.5489832106179111,0.0,0.0
-2.6439146094567567,-1.0886707215410176,0.5426620725647512,0.0,0.0
-2.6439146094567567,-1.0264609660243877,0.5367469009888969,0.0,0.0
-2.6439146094567567,-0.9642512105077583,0.5312294906219435,0.0,0.0
-2.6439146094567567,-0.9020414549911289,0.5261016693308239,0.0,0.0
-2.6439146094567567,-0.8398316994744994,0.5213554259068827,0.0,0.0
-2.6439146094567567,-0.7776219439578695,0.5169830134472708,0.0,0.0
-2.6439146094567567,-0.7154121884412401,0.5129770324437147,0.0,0.0
-2.6439146094567567,-0.6532024329246107,0.5093304970986511,0.0,0.0
-2.6439146094567567,-0.5909926774079808,0.5060368878606516,0.0,0.0
-2.6439146094567567,-0.5287829218913513,0.5030901927075125,0.0,0.0
-2.6439146094567567,-0.4665731663747219,0.5004849393017784,0.0,0.0
-2.6439146094567567,-0.40436341085809246,0.4982162197940922,0.0,0.0
-2.6439146094567567,-0.3421536553414626,0.49627970974843433,0.0,0.0
-2.6439146094567567,-0.27994389982483314,0.49467168240379744,0.0,0.0
-2.6439146094567567,-0.2177341443082037,0.4933890192631447,0.0,0.0
-2.6439146094567567,-0.15552438879157382,0.49242921780692944,0.0,0.0
-2.6439146094567567,-0.09331463327494438,0.49179039695976495,0.0,0.0
-2.6439146094567567,-0.03110487775831494,0.49147130079017004,0.0,0.0
-2.6439146094567567,0.031104877758314498,0.49147130079017004,0.0,0.0
-2.6439146094567567,0.09331463327494438,0.49179039695976495,0.0,0.0
-2.6439146094567567,0.15552438879157382,0.49242921780692944,0.0,0.0
-2.6439146094567567,0.21773414430820326,0.49338901926314466,0.0,0.0
-2.6439146094567567,0.2799438998248327,0.49467168240379744,0.0,0.0
-2.6439146094567567,0.3421536553414626,0.49627970974843433,0.0,0.0
-2.6439146094567567,0.404363410858092,0.4982162197940923,0.0,0.0
-2.6439146094567567,0.46657316637472146,0.5004849393017783,0.0,0.0
-2.6439146094567567,0.5287829218913513,0.5030901927075125,0.0,0.0
-2.6439146094567567,0.5909926774079808,0.5060368878606516,0.0,0.0
-2.6439146094567567,0.6532024329246102,0.5093304970986511,0.0,0.0
-2.6439146094567567,0.7154121884412397,0.5129770324437146,0.0,0.0
-2.6439146094567567,0.7776219439578695,0.5169830134472708,0.0,0.0
-2.6439146094567567,0.839831699474499,0.5213554259068827,0.0,0.0
-2.6439146094567567,0.9020414549911289,0.5261016693308239,0.0,0.0
-2.6439146094567567,0.9642512105077579,0.5312294906219434,0.0,0.0
-2.6439146094567567,1.0264609660243877,0.5367469009888969,0.0,0.0
-2.6439146094567567,1.0886707215410176,0.5426620725647512,0.0,0.0
-2.6439146094567567,1.1508804770576466,0.5489832106179111,0.0,0.0
-2.6439146094567567,1.2130902325742765,0.5557183965794068,0.0,0.0
-2.6439146094567567,1.2752999880909055,0.5628753963905346,0.0,0.0
-2.6439146094567567,1.3375097436075354,0.5704614279108756,0.0,0.0
-2.6439146094567567,1.3997194991241653,0.5784828803462623,0.0,0.0
-2.6439146094567567,1.4619292546407943,0.5869449779041161,0.0,0.0
-2.6439146094567567,1.5241390101574241,0.5958513792282434,0.0,0.0
-2.6439146094567567,1.586348765674054,0.6052037037069502,0.0,0.0
-2.6439146094567567,1.648558521190683,0.6150009756286824,0.0,0.0
-2.6439146094567567,1.710768276707313,0.6252389775715395,0.0,0.0
-2.6439146094567567,1.7729780322239428,0.63590950561244,0.0,0.0
-2.6439146094567567,1.8351877877405718,0.6469995212548434,0.0,0.0
-2.6439146094567567,1.8973975432572017,0.6584901988014226,0.0,0.0
-2.6439146094567567,1.9596072987738316,0.6703558727075944,0.0,0.0
-2.6439146094567567,2.0218170542904605,0.6825628977526358,0.0,0.0
-2.6439146094567567,2.0840268098070904,0.6950684461542465,0.0,0.0
-2.6439146094567567,2.1462365653237194,0.7078192804206387,0.0,0.0
-2.6439146094567567,2.2084463208403493,0.7207505589193934,0.0,0.0
-2.6439146094567567,2.270656076356979,0.7337847525231627,0.0,0.0
-2.6439146094567567,2.332865831873608,0.7468307742263848,0.0,0.0
-2.6439146094567567,2.395075587390238,0.7597834472598076,0.0,0.0
-2.6439146094567567,2.457285342906868,0.7725234576358537,0.0,0.0
-2.6439146094567567,2.519495098423497,0.7849179495247826,0.0,0.0
-2.6439146094567567,2.581704853940127,0.7968219204639612,0.0,0.0
-2.6439146094567567,2.6439146094567567,0.8080805516462664,0.0,0.0
-2.6439146094567567,2.7061243649733857,0.8185325606044802,0.0,0.0
-2.6439146094567567,2.7683341204900156,0.828014586228043,0.0,0.0
-2.6439146094567567,2.8305438760066455,0.8363665106871112,0.0,0.0
-2.6439146094567567,2.8927536315232745,0.8434374977020435,0.0,0.0
-2.6439146094567567,2.9549633870399044,0.8490923975063435,0.0,0.0
-2.6439146094567567,3.0171731425565333,0.8532180580893115,0.0,0.0
-2.6439146094567567,3.0793828980731632,0.8557290148658746,0.0,0.0
-2.581704853940127,-3.141592653589793,0.8431968905852386,0.0,0.0
-2.581704853940127,-3.0793828980731637,0.8423927170341312,0.0,0.0
-2.581704853940127,-3.017173142556534,0.8399970120412885,0.0,0.0
-2.581704853940127,-2.9549633870399044,0.8360593056930036,0.0,0.0
-2.581704853940127,-2.892753631523275,0.8306591881843125,0.0,0.0
-2.581704853940127,-2.8305438760066455,0.8239021907721887,0.0,0.0
-2.581704853940127,-2.7683341204900156,0.8159146058579057,0.0,0.0
-2.581704853940127,-2.706124364973386,0.8068377181861222,0.0,0.0
-2.581704853940127,-2.6439146094567567,0.7968219204639612,0.0,0.0
-2.581704853940127,-2.581704853940127,0.7860211305670407,0.0,0.0
-2.581704853940127,-2.5194950984234974,0.7745878321439051,0.0,0.0
-2.581704853940127,-2.457285342906868,0.7626689472924538,0.0,0.0
-2.581704853940127,-2.395075587390238,0.7504026385692989,0.0,0.0
-2.581704853940127,-2.3328658318736086,0.7379160421530391,0.0,0.0
-2.581704853940127,-2.270656076356979,0.7253238623215654,0.0,0.0
-2.581704853940127,-2.2084463208403498,0.7127277114621042,0.0,0.0
-2.581704853940127,-2.1462365653237203,0.7002160572708459,0.0,0.0
-2.581704853940127,-2.0840268098070904,0.687864634856171,0.0,0.0
-2.581704853940127,-2.021817054290461,0.6757371905732749,0.0,0.0
-2.581704853940127,-1.9596072987738313,0.6638864413587683,0.0,0.0
-2.581704853940127,-1.897397543257202,0.6523551538289643,0.0,0.0
-2.581704853940127,-1.8351877877405722,0.641177268351783,0.0,0.0
-2.581704853940127,-1.7729780322239428,0.6303790127073702,0.0,0.0
-2.581704853940127,-1.7107682767073131,0.6199799667369807,0.0,0.0
-2.581704853940127,-1.6485585211906835,0.6099940531338586,0.0,0.0
-2.581704853940127,-1.586348765674054,0.6004304402861522,0.0,0.0
-2.581704853940127,-1.5241390101574244,0.591294351129284,0.0,0.0
-2.581704853940127,-1.461929254640795,0.582587777713121,0.0,0.0
-2.581704853940127,-1.3997194991241653,0.5743101050774627,0.0,0.0
-2.581704853940127,-1.3375097436075358,0.566458650473503,0.0,0.0
-2.581704853940127,-1.2752999880909062,0.5590291253331061,0.0,0.0
-2.581704853940127,-1.2130902325742767,0.5520160279739922,0.0,0.0
-2.581704853940127,-1.150880477057647,0.5454129750776261,0.0,0.0
-2.581704853940127,-1.0886707215410176,0.5392129796724536,0.0,0.0
-2.581704853940127,-1.0264609660243877,0.5334086828355555,0.0,0.0
-2.581704853940127,-0.9642512105077583,0.5279925456899914,0.0,0.0
-2.581704853940127,-0.9020414549911289,0.5229570075922357,0.0,0.0
-2.581704853940127,-0.8398316994744994,0.5182946157205522,0.0,0.0
-2.581704853940127,-0.7776219439578695,0.5139981306204361,0.0,0.0
-2.581704853940127,-0.7154121884412401,0.510060611654707,0.0,0.0
-2.581704853940127,-0.6532024329246107,0.5064754857523122,0.0,0.0
-2.581704853940127,-0.5909926774079808,0.503236602354371,0.0,0.0
-2.581704853940127,-0.5287829218913513,0.5003382770176906,0.0,0.0
-2.581704853940127,-0.4665731663747219,0.49777532575173433,0.0,0.0
-2.581704853940127,-0.40436341085809246,0.49554309183029116,0.0,0.0
-2.581704853940127,-0.3421536553414626,0.49363746652869955,0.0,0.0
-2.581704853940127,-0.27994389982483314,0.4920549049859661,0.0,0.0
-2.581704853940127,-0.2177341443082037,0.49079243817314505,0.0,0.0
-2.581704853940127,-0.15552438879157382,0.489847681759751,0.0,0.0
-2.581704853940127,-0.09331463327494438,0.48921884250392184,0.0,0.0
-2.581704853940127,-0.03110487775831494,0.48890472264500573,0.0,0.0
-2.581704853940127,0.031104877758314498,0.48890472264500573,0.0,0.0
-2.581704853940127,0.09331463327494438,0.48921884250392184,0.0,0.0
-2.581704853940127,0.15552438879157382,0.489847681759751,0.0,0.0
-2.581704853940127,0.21773414430820326,0.49079243817314494,0.0,0.0
-2.581704853940127,0.2799438998248327,0.4920549049859661,0.0,0.0
-2.581704853940127,0.3421536553414626,0.49363746652869955,0.0,0.0
-2.581704853940127,0.404363410858092,0.49554309183029116,0.0,0.0
-2.581704853940127,0.46657316637472146,0.49777532575173433,0.0,0.0
-2.581704853940127,0.5287829218913513,0.5003382770176906,0.0,0.0
-2.581704853940127,0.5909926774079808,0.503236602354371,0.0,0.0
-2.581704853940127,0.6532024329246102,0.506475485752312,0.0,0.0
-2.581704853940127,0.7154121884412397,0.510060611654707,0.0,0.0
-2.581704853940127,0.7776219439578695,0.5139981306204361,0.0,0.0
-2.581704853940127,0.839831699474499,0.5182946157205522,0.0,0.0
-2.581704853940127,0.9020414549911289,0.5229570075922357,0.0,0.0
-2.581704853940127,0.9642512105077579,0.5279925456899914,0.0,0.0
-2.581704853940127,1.0264609660243877,0.5334086828355555,0.0,0.0
-2.581704853940127,1.0886707215410176,0.5392129796724536,0.0,0.0
-2.581704853940127,1.1508804770576466,0.545412975077626,0.0,0.0
-2.581704853940127,1.2130902325742765,0.5520160279739922,0.0,0.0
-2.581704853940127,1.2752999880909055,0.5590291253331061,0.0,0.0
-2.581704853940127,1.3375097436075354,0.5664586504735029,0.0,0.0
-2.581704853940127,1.3997194991241653,0.5743101050774627,0.0,0.0
-2.581704853940127,1.4619292546407943,0.582587777713121,0.0,0.0
-2.581704853940127,1.5241390101574241,0.591294351129284,0.0,0.0
-2.581704853940127,1.586348765674054,0.6004304402861522,0.0,0.0
-2.581704853940127,1.648558521190683,0.6099940531338586,0.0,0.0
-2.581704853940127,1.710768276707313,0.6199799667369806,0.0,0.0
-2.581704853940127,1.7729780322239428,0.6303790127073702,0.0,0.0
-2.581704853940127,1.8351877877405718,0.6411772683517829,0.0,0.0
-2.581704853940127,1.8973975432572017,0.6523551538289641,0.0,0.0
-2.581704853940127,1.9596072987738316,0.6638864413587683,0.0,0.0
-2.581704853940127,2.0218170542904605,0.6757371905732747,0.0,0.0
-2.581704853940127,2.0840268098070904,0.687864634856171,0.0,0.0
-2.581704853940127,2.1462365653237194,0.7002160572708457,0.0,0.0
-2.581704853940127,2.2084463208403493,0.7127277114621041,0.0,0.0
-2.581704853940127,2.270656076356979,0.7253238623215654,0.0,0.0
-2.581704853940127,2.332865831873608,0.737916042153039,0.0,0.0
-2.581704853940127,2.395075587390238,0.7504026385692989,0.0,0.0
-2.581704853940127,2.457285342906868,0.7626689472924538,0.0,0.0
-2.581704853940127,2.519495098423497,0.7745878321439049,0.0,0.0
-2.581704853940127,2.581704853940127,0.7860211305670407,0.0,0.0
-2.581704853940127,2.6439146094567567,0.7968219204639612,0.0,0.0
-2.581704853940127,2.7061243649733857,0.806837718186122,0.0,0.0
-2.581704853940127,2.7683341204900156,0.8159146058579057,0.0,0.0
-2.581704853940127,2.8305438760066455,0.8239021907721887,0.0,0.0
-2.581704853940127,2.8927536315232745,0.8306591881843124,0.0,0.0
-2.581704853940127,2.9549633870399044,0.8360593056930036,0.0,0.0
-2.581704853940127,3.0171731425565333,0.8399970120412885,0.0,0.0
-2.581704853940127,3.0793828980731632,0.8423927170341312,0.0,0.0
-2.5194950984234974,-3.141592653589793,0.8291287422264166,0.0,0.0
-2.5194950984234974,-3.0793828980731637,0.8283641158761591,0.0,0.0
-2.5194950984234974,-3.017173142556534,0.8260857970518188,0.0,0.0
-2.5194950984234974,-2.9549633870399044,0.8223396421068374,0.0,0.0
-2.5194950984234974,-2.892753631523275,0.8171994147569155,0.0,0.0
-2.5194950984234974,-2.8305438760066455,0.810763071567313,0.0,0.0
-2.5194950984234974,-2.7683341204900156,0.8031480763936986,0.0,0.0
-2.5194950984234974,-2.706124364973386,0.7944861605133825,0.0,0.0
-2.5194950984234974,-2.6439146094567567,0.7849179495247826,0.0,0.0
-2.5194950984234974,-2.581704853940127,0.7745878321439051,0.0,0.0
-2.5194950984234974,-2.5194950984234974,0.7636393649038057,0.0,0.0
-2.5194950984234974,-2.457285342906868,0.7522114086343314,0.0,0.0
-2.5194950984234974,-2.395075587390238,0.7404350943544146,0.0,0.0
-2.5194950984234974,-2.3328658318736086,0.7284316305370102,0.0,0.0
-2.5194950984234974,-2.270656076356979,0.7163108979303201,0.0,0.0
-2.5194950984234974,-2.2084463208403498,0.7041707345196504,0.0,0.0
-2.5194950984234974,-2.1462365653237203,0.6920967902651226,0.0,0.0
-2.5194950984234974,-2.0840268098070904,0.6801628251508693,0.0,0.0
-2.5194950984234974,-2.021817054290461,0.6684313301473583,0.0,0.0
-2.5194950984234974,-1.9596072987738313,0.6569543643683864,0.0,0.0
-2.5194950984234974,-1.897397543257202,0.6457745191724803,0.0,0.0
-2.5194950984234974,-1.8351877877405722,0.6349259383529141,0.0,0.0
-2.5194950984234974,-1.7729780322239428,0.6244353409749364,0.0,0.0
-2.5194950984234974,-1.7107682767073131,0.6143230087575645,0.0,0.0
-2.5194950984234974,-1.6485585211906835,0.6046037126792676,0.0,0.0
-2.5194950984234974,-1.586348765674054,0.5952875636504669,0.0,0.0
-2.5194950984234974,-1.5241390101574244,0.586380779835101,0.0,0.0
-2.5194950984234974,-1.461929254640795,0.5778863688438666,0.0,0.0
-2.5194950984234974,-1.3997194991241653,0.5698047269342438,0.0,0.0
-2.5194950984234974,-1.3375097436075358,0.5621341599004237,0.0,0.0
-2.5194950984234974,-1.2752999880909062,0.5548713318459803,0.0,0.0
-2.5194950984234974,-1.2130902325742767,0.5480116487797874,0.0,0.0
-2.5194950984234974,-1.150880477057647,0.5415495841850044,0.0,0.0
-2.5194950984234974,-1.0886707215410176,0.5354789535568252,0.0,0.0
-2.5194950984234974,-1.0264609660243877,0.5297931445194068,0.0,0.0
-2.5194950984234974,-0.9642512105077583,0.5244853086132027,0.0,0.0
-2.5194950984234974,-0.9020414549911289,0.519548520259947,0.0,0.0
-2.5194950984234974,-0.8398316994744994,0.5149759078113332,0.0,0.0
-2.5194950984234974,-0.7776219439578695,0.5107607610002157,0.0,0.0
-2.5194950984234974,-0.7154121884412401,0.5068966185592547,0.0,0.0
-2.5194950984234974,-0.6532024329246107,0.5033773392620672,0.0,0.0
-2.5194950984234974,-0.5909926774079808,0.5001971591809826,0.0,0.0
-2.5194950984234974,-0.5287829218913513,0.4973507375442345,0.0,0.0
-2.5194950984234974,-0.4665731663747219,0.49483319321209884,0.0,0.0
-2.5194950984234974,-0.40436341085809246,0.49264013347278335,0.0,0.0
-2.5194950984234974,-0.3421536553414626,0.49076767658056375,0.0,0.0
-2.5194950984234974,-0.27994389982483314,0.48921246921615136,0.0,0.0
-2.5194950984234974,-0.2177341443082037,0.4879716998378647,0.0,0.0
-2.5194950984234974,-0.15552438879157382,0.48704310870725864,0.0,0.0
-2.5194950984234974,-0.09331463327494438,0.48642499521003657,0.0,0.0
-2.5194950984234974,-0.03110487775831494,0.48611622294815954,0.0,0.0
-2.5194950984234974,0.031104877758314498,0.48611622294815954,0.0,0.0
-2.5194950984234974,0.09331463327494438,0.48642499521003657,0.0,0.0
-2.5194950984234974,0.15552438879157382,0.48704310870725864,0.0,0.0
-2.5194950984234974,0.21773414430820326,0.48797169983786465,0.0,0.0
-2.5194950984234974,0.2799438998248327,0.48921246921615147,0.0,0.0
-2.5194950984234974,0.3421536553414626,0.49076767658056375,0.0,0.0
-2.5194950984234974,0.404363410858092,0.49264013347278335,0.0,0.0
-2.5194950984234974,0.46657316637472146,0.49483319321209884,0.0,0.0
-2.5194950984234974,0.5287829218913513,0.4973507375442345,0.0,0.0
-2.5194950984234974,0.5909926774079808,0.5001971591809826,0.0,0.0
-2.5194950984234974,0.6532024329246102,0.5033773392620672,0.0,0.0
-2.5194950984234974,0.7154121884412397,0.5068966185592547,0.0,0.0
-2.5194950984234974,0.7776219439578695,0.5107607610002157,0.0,0.0
-2.5194950984234974,0.839831699474499,0.5149759078113332,0.0,0.0
-2.5194950984234974,0.9020414549911289,0.519548520259947,0.0,0.0
-2.5194950984234974,0.9642512105077579,0.5244853086132027,0.0,0.0
-2.5194950984234974,1.0264609660243877,0.5297931445194068,0.0,0.0
-2.5194950984234974,1.0886707215410176,0.5354789535568252,0.0,0.0
-2.5194950984234974,1.1508804770576466,0.5415495841850044,0.0,0.0
-2.5194950984234974,1.2130902325742765,0.5480116487797874,0.0,0.0
-2.5194950984234974,1.2752999880909055,0.5548713318459803,0.0,0.0
-2.5194950984234974,1.3375097436075354,0.5621341599004236,0.0,0.0
-2.5194950984234974,1.3997194991241653,0.5698047269342438,0.0,0.0
-2.5194950984234974,1.4619292546407943,0.5778863688438665,0.0,0.0
-2.5194950984234974,1.5241390101574241,0.586380779835101,0.0,0.0
-2.5194950984234974,1.586348765674054,0.5952875636504669,0.0,0.0
-2.5194950984234974,1.648558521190683,0.6046037126792676,0.0,0.0
-2.5194950984234974,1.710768276707313,0.6143230087575644,0.0,0.0
-2.5194950984234974,1.7729780322239428,0.6244353409749364,0.0,0.0
-2.5194950984234974,1.8351877877405718,0.6349259383529141,0.0,0.0
-2.5194950984234974,1.8973975432572017,0.6457745191724802,0.0,0.0
-2.5194950984234974,1.9596072987738316,0.6569543643683864,0.0,0.0
-2.5194950984234974,2.0218170542904605,0.6684313301473582,0.0,0.0
-2.5194950984234974,2.0840268098070904,0.6801628251508693,0.0,0.0
-2.5194950984234974,2.1462365653237194,0.6920967902651224,0.0,0.0
-2.5194950984234974,2.2084463208403493,0.7041707345196503,0.0,0.0
-2.5194950984234974,2.270656076356979,0.7163108979303201,0.0,0.0
-2.5194950984234974,2.332865831873608,0.7284316305370101,0.0,0.0
-2.5194950984234974,2.395075587390238,0.7404350943544146,0.0,0.0
-2.5194950984234974,2.457285342906868,0.7522114086343314,0.0,0.0
-2.5194950984234974,2.519495098423497,0.7636393649038056,0.0,0.0
-2.5194950984234974,2.581704853940127,0.7745878321439051,0.0,0.0
-2.5194950984234974,2.6439146094567567,0.7849179495247826,0.0,0.0
-2.5194950984234974,2.7061243649733857,0.7944861605133823,0.0,0.0
-2.5194950984234974,2.7683341204900156,0.8031480763936986,0.0,0.0
-2.5194950984234974,2.8305438760066455,0.810763071567313,0.0,0.0
-2.5194950984234974,2.8927536315232745,0.8171994147569154,0.0,0.0
-2.5194950984234974,2.9549633870399044,0.8223396421068374,0.0,0.0
-2.5194950984234974,3.0171731425565333,0.8260857970518187,0.0,0.0
-2.5194950984234974,3.0793828980731632,0.8283641158761591,0.0,0.0
-2.457285342906868,-3.141592653589793,0.8145594435907775,0.0,0.0
-2.457285342906868,-3.0793828980731637,0.8138343858060818,0.0,0.0
-2.457285342906868,-3.017173142556534,0.8116735536974679,0.0,0.0
-2.457285342906868,-2.9549633870399044,0.8081192339192873,0.0,0.0
-2.457285342906868,-2.892753631523275,0.8032395203747195,0.0,0.0
-2.457285342906868,-2.8305438760066455,0.7971249824818449,0.0,0.0
-2.457285342906868,-2.7683341204900156,0.7898844492883572,0.0,0.0
-2.457285342906868,-2.706124364973386,0.7816402749363135,0.0,0.0
-2.457285342906868,-2.6439146094567567,0.7725234576358537,0.0,0.0
-2.457285342906868,-2.581704853940127,0.7626689472924538,0.0,0.0
-2.457285342906868,-2.5194950984234974,0.7522114086343314,0.0,0.0
-2.457285342906868,-2.457285342906868,0.7412816223451211,0.0,0.0
-2.457285342906868,-2.395075587390238,0.7300036208021217,0.0,0.0
-2.457285342906868,-2.3328658318736086,0.7184925787406014,0.0,0.0
-2.457285342906868,-2.270656076356979,0.706853419287705,0.0,0.0
-2.457285342906868,-2.2084463208403498,0.6951800548328246,0.0,0.0
-2.457285342906868,-2.1462365653237203,0.6835551592745563,0.0,0.0
-2.457285342906868,-2.0840268098070904,0.6720503603547481,0.0,0.0
-2.457285342906868,-2.021817054290461,0.6607267441788429,0.0,0.0
-2.457285342906868,-1.9596072987738313,0.6496355747199805,0.0,0.0
-2.457285342906868,-1.897397543257202,0.6388191457278055,0.0,0.0
-2.457285342906868,-1.8351877877405722,0.6283116984030336,0.0,0.0
-2.457285342906868,-1.7729780322239428,0.6181403536550373,0.0,0.0
-2.457285342906868,-1.7107682767073131,0.6083260216418354,0.0,0.0
-2.457285342906868,-1.6485585211906835,0.5988842630653969,0.0,0.0
-2.457285342906868,-1.586348765674054,0.5898260862185704,0.0,0.0
-2.457285342906868,-1.5241390101574244,0.5811586711618413,0.0,0.0
-2.457285342906868,-1.461929254640795,0.5728860178953704,0.0,0.0
-2.457285342906868,-1.3997194991241653,0.5650095192897245,0.0,0.0
-2.457285342906868,-1.3375097436075358,0.5575284621592539,0.0,0.0
-2.457285342906868,-1.2752999880909062,0.5504404614933631,0.0,0.0
-2.457285342906868,-1.2130902325742767,0.5437418337524061,0.0,0.0
-2.457285342906868,-1.150880477057647,0.5374279154926732,0.0,0.0
-2.457285342906868,-1.0886707215410176,0.5314933335727839,0.0,0.0
-2.457285342906868,-1.0264609660243877,0.5259322329379742,0.0,0.0
-2.457285342906868,-0.9642512105077583,0.5207384675736011,0.0,0.0
-2.457285342906868,-0.9020414549911289,0.51590575973317,0.0,0.0
-2.457285342906868,-0.8398316994744994,0.5114278320274409,0.0,0.0
-2.457285342906868,-0.7776219439578695,0.5072985164422557,0.0,0.0
-2.457285342906868,-0.7154121884412401,0.5035118438546096,0.0,0.0
-2.457285342906868,-0.6532024329246107,0.5000621171516676,0.0,0.0
-2.457285342906868,-0.5909926774079808,0.4969439706324018,0.0,0.0
-2.457285342906868,-0.5287829218913513,0.49415241798865056,0.0,0.0
-2.457285342906868,-0.4665731663747219,0.49168289082128674,0.0,0.0
-2.457285342906868,-0.40436341085809246,0.4895312693456346,0.0,0.0
-2.457285342906868,-0.3421536553414626,0.4876939066750943,0.0,0.0
-2.457285342906868,-0.27994389982483314,0.4861676478393236,0.0,0.0
-2.457285342906868,-0.2177341443082037,0.4849498444892639,0.0,0.0
-2.457285342906868,-0.15552438879157382,0.4840383660617489,0.0,0.0
-2.457285342906868,-0.09331463327494438,0.48343160801742485,0.0,0.0
-2.457285342906868,-0.03110487775831494,0.48312849762346805,0.0,0.0
-2.457285342906868,0.031104877758314498,0.48312849762346805,0.0,0.0
-2.457285342906868,0.09331463327494438,0.48343160801742485,0.0,0.0
-2.457285342906868,0.15552438879157382,0.4840383660617489,0.0,0.0
-2.457285342906868,0.21773414430820326,0.4849498444892639,0.0,0.0
-2.457285342906868,0.2799438998248327,0.4861676478393236,0.0,0.0
-2.457285342906868,0.3421536553414626,0.4876939066750943,0.0,0.0
-2.457285342906868,0.404363410858092,0.48953126934563457,0.0,0.0
-2.457285342906868,0.46657316637472146,0.4916828908212867,0.0,0.0
-2.457285342906868,0.5287829218913513,0.49415241798865056,0.0,0.0
-2.457285342906868,0.5909926774079808,0.4969439706324018,0.0,0.0
-2.457285342906868,0.6532024329246102,0.5000621171516676,0.0,0.0
-2.457285342906868,0.7154121884412397,0.5035118438546095,0.0,0.0
-2.457285342906868,0.7776219439578695,0.5072985164422557,0.0,0.0
-2.457285342906868,0.839831699474499,0.5114278320274409,0.0,0.0
-2.457285342906868,0.9020414549911289,0.51590575973317,0.0,0.0
-2.457285342906868,0.9642512105077579,0.5207384675736011,0.0,0.0
-2.457285342906868,1.0264609660243877,0.5259322329379742,0.0,0.0
-2.457285342906868,1.0886707215410176,0.5314933335727839,0.0,0.0
-2.457285342906868,1.1508804770576466,0.5374279154926732,0.0,0.0
-2.457285342906868,1.2130902325742765,0.5437418337524061,0.0,0.0
-2.457285342906868,1.2752999880909055,0.550440461493363,0.0,0.0
-2.457285342906868,1.3375097436075354,0.5575284621592539,0.0,0.0
-2.457285342906868,1.3997194991241653,0.5650095192897245,0.0,0.0
-2.457285342906868,1.4619292546407943,0.5728860178953704,0.0,0.0
-2.457285342906868,1.5241390101574241,0.5811586711618413,0.0,0.0
-2.457285342906868,1.586348765674054,0.5898260862185704,0.0,0.0
-2.457285342906868,1.648558521190683,0.5988842630653968,0.0,0.0
-2.457285342906868,1.710768276707313,0.6083260216418352,0.0,0.0
-2.457285342906868,1.7729780322239428,0.6181403536550373,0.0,0.0
-2.457285342906868,1.8351877877405718,0.6283116984030336,0.0,0.0
-2.457285342906868,1.8973975432572017,0.6388191457278054,0.0,0.0
-2.457285342906868,1.9596072987738316,0.6496355747199805,0.0,0.0
-2.457285342906868,2.0218170542904605,0.6607267441788427,0.0,0.0
-2.457285342906868,2.0840268098070904,0.6720503603547481,0.0,0.0
-2.457285342906868,2.1462365653237194,0.6835551592745562,0.0,0.0
-2.457285342906868,2.2084463208403493,0.6951800548328245,0.0,0.0
-2.457285342906868,2.270656076356979,0.706853419287705,0.0,0.0
-2.457285342906868,2.332865831873608,0.7184925787406014,0.0,0.0
-2.457285342906868,2.395075587390238,0.7300036208021217,0.0,0.0
-2.457285342906868,2.457285342906868,0.7412816223451211,0.0,0.0
-2.457285342906868,2.519495098423497,0.7522114086343314,0.0,0.0
-2.457285342906868,2.581704853940127,0.7626689472924538,0.0,0.0
-2.457285342906868,2.6439146094567567,0.7725234576358537,0.0,0.0
-2.457285342906868,2.7061243649733857,0.7816402749363134,0.0,0.0
-2.457285342906868,2.7683341204900156,0.7898844492883572,0.0,0.0
-2.457285342906868,2.8305438760066455,0.7971249824818449,0.0,0.0
-2.457285342906868,2.8927536315232745,0.8032395203747195,0.0,0.0
-2.457285342906868,2.9549633870399044,0.8081192339192873,0.0,0.0
-2.457285342906868,3.0171731425565333,0.8116735536974679,0.0,0.0
-2.457285342906868,3.0793828980731632,0.8138343858060818,0.0,0.0
-2.395075587390238,-3.141592653589793,0.7996654646256826,0.0,0.0
-2.395075587390238,-3.0793828980731637,0.7989794232680294,0.0,0.0
-2.395075587390238,-3.017173142556534,0.7969344755029328,0.0,0.0
-2.395075587390238,-2.9549633870399044,0.7935694939944913,0.0,0.0
-2.395075587390238,-2.892753631523275,0.7889471420725512,0.0,0.0
-2.395075587390238,-2.8305438760066455,0.7831508980335145,0.0,0.0
-2.395075587390238,-2.7683341204900156,0.7762812779097619,0.0,0.0
-2.395075587390238,-2.706124364973386,0.7684515755614834,0.0,0.0
-2.395075587390238,-2.6439146094567567,0.7597834472598076,0.0,0.0
-2.395075587390238,-2.581704853940127,0.7504026385692989,0.0,0.0
-2.395075587390238,-2.5194950984234974,0.7404350943544146,0.0,0.0
-2.395075587390238,-2.457285342906868,0.7300036208021217,0.0,0.0
-2.395075587390238,-2.395075587390238,0.7192251937822308,0.0,0.0
-2.395075587390238,-2.3328658318736086,0.7082089404350808,0.0,0.0
-2.395075587390238,-2.270656076356979,0.6970547667793184,0.0,0.0
-2.395075587390238,-2.2084463208403498,0.6858525659719111,0.0,0.0
-2.395075587390238,-2.1462365653237203,0.6746819193195678,0.0,0.0
-2.395075587390238,-2.0840268098070904,0.6636121930104009,0.0,0.0
-2.395075587390238,-2.021817054290461,0.6527029346476483,0.0,0.0
-2.395075587390238,-1.9596072987738313,0.6420044817098646,0.0,0.0
-2.395075587390238,-1.897397543257202,0.6315587060743993,0.0,0.0
-2.395075587390238,-1.8351877877405722,0.6213998323724422,0.0,0.0
-2.395075587390238,-1.7729780322239428,0.6115552815154085,0.0,0.0
-2.395075587390238,-1.7107682767073131,0.602046503178548,0.0,0.0
-2.395075587390238,-1.6485585211906835,0.5928897717789718,0.0,0.0
-2.395075587390238,-1.586348765674054,0.5840969293353878,0.0,0.0
-2.395075587390238,-1.5241390101574244,0.575676065580005,0.0,0.0
-2.395075587390238,-1.461929254640795,0.5676321309850386,0.0,0.0
-2.395075587390238,-1.3997194991241653,0.559967482210945,0.0,0.0
-2.395075587390238,-1.3375097436075358,0.5526823621434827,0.0,0.0
-2.395075587390238,-1.2752999880909062,0.5457753184126383,0.0,0.0
-2.395075587390238,-1.2130902325742767,0.5392435653008714,0.0,0.0
-2.395075587390238,-1.150880477057647,0.5330832944386652,0.0,0.0
-2.395075587390238,-1.0886707215410176,0.527289939804004,0.0,0.0
-2.395075587390238,-1.0264609660243877,0.5218584024083271,0.0,0.0
-2.395075587390238,-0.9642512105077583,0.5167832397554111,0.0,0.0
-2.395075587390238,-0.9020414549911289,0.512058824768579,0.0,0.0
-2.395075587390238,-0.8398316994744994,0.5076794784438237,0.0,0.0
-2.395075587390238,-0.7776219439578695,0.5036395800352633,0.0,0.0
-2.395075587390238,-0.7154121884412401,0.49993365813715857,0.0,0.0
-2.395075587390238,-0.6532024329246107,0.4965564656074559,0.0,0.0
-2.395075587390238,-0.5909926774079808,0.4935030408895211,0.0,0.0
-2.395075587390238,-0.5287829218913513,0.49076875793513824,0.0,0.0
-2.395075587390238,-0.4665731663747219,0.48834936661385314,0.0,0.0
-2.395075587390238,-0.40436341085809246,0.486241025210268,0.0,0.0
-2.395075587390238,-0.3421536553414626,0.4844403263596924,0.0,0.0
-2.395075587390238,-0.27994389982483314,0.48294431755062806,0.0,0.0
-2.395075587390238,-0.2177341443082037,0.48175051712658407,0.0,0.0
-2.395075587390238,-0.15552438879157382,0.48085692654617,0.0,0.0
-2.395075587390238,-0.09331463327494438,0.48026203950581997,0.0,0.0
-2.395075587390238,-0.03110487775831494,0.47996484839044035,0.0,0.0
-2.395075587390238,0.031104877758314498,0.47996484839044035,0.0,0.0
-2.395075587390238,0.09331463327494438,0.48026203950581997,0.0,0.0
-2.395075587390238,0.15552438879157382,0.48085692654617,0.0,0.0
-2.395075587390238,0.21773414430820326,0.481750517126584,0.0,0.0
-2.395075587390238,0.2799438998248327,0.48294431755062806,0.0,0.0
-2.395075587390238,0.3421536553414626,0.4844403263596924,0.0,0.0
-2.395075587390238,0.404363410858092,0.486241025210268,0.0,0.0
-2.395075587390238,0.46657316637472146,0.48834936661385303,0.0,0.0
-2.395075587390238,0.5287829218913513,0.49076875793513824,0.0,0.0
-2.395075587390238,0.5909926774079808,0.4935030408895211,0.0,0.0
-2.395075587390238,0.6532024329246102,0.4965564656074559,0.0,0.0
-2.395075587390238,0.7154121884412397,0.4999336581371585,0.0,0.0
-2.395075587390238,0.7776219439578695,0.5036395800352633,0.0,0.0
-2.395075587390238,0.839831699474499,0.5076794784438237,0.0,0.0
-2.395075587390238,0.9020414549911289,0.512058824768579,0.0,0.0
-2.395075587390238,0.9642512105077579,0.516783239755411,0.0,0.0
-2.395075587390238,1.0264609660243877,0.5218584024083271,0.0,0.0
-2.395075587390238,1.0886707215410176,0.527289939804004,0.0,0.0
-2.395075587390238,1.1508804770576466,0.5330832944386652,0.0,0.0
-2.395075587390238,1.2130902325742765,0.5392435653008714,0.0,0.0
-2.395075587390238,1.2752999880909055,0.5457753184126382,0.0,0.0
-2.395075587390238,1.3375097436075354,0.5526823621434827,0.0,0.0
-2.395075587390238,1.3997194991241653,0.559967482210945,0.0,0.0
-2.395075587390238,1.4619292546407943,0.5676321309850385,0.0,0.0
-2.395075587390238,1.5241390101574241,0.575676065580005,0.0,0.0
-2.395075587390238,1.586348765674054,0.5840969293353878,0.0,0.0
-2.395075587390238,1.648558521190683,0.5928897717789718,0.0,0.0
-2.395075587390238,1.710768276707313,0.602046503178548,0.0,0.0
-2.395075587390238,1.7729780322239428,0.6115552815154085,0.0,0.0
-2.395075587390238,1.8351877877405718,0.6213998323724421,0.0,0.0
-2.395075587390238,1.8973975432572017,0.6315587060743992,0.0,0.0
-2.395075587390238,1.9596072987738316,0.6420044817098646,0.0,0.0
-2.395075587390238,2.0218170542904605,0.6527029346476483,0.0,0.0
-2.395075587390238,2.0840268098070904,0.6636121930104009,0.0,0.0
-2.395075587390238,2.1462365653237194,0.6746819193195677,0.0,0.0
-2.395075587390238,2.2084463208403493,0.685852565971911,0.0,0.0
-2.395075587390238,2.270656076356979,0.6970547667793184,0.0,0.0
-2.395075587390238,2.332865831873608,0.7082089404350805,0.0,0.0
-2.395075587390238,2.395075587390238,0.7192251937822308,0.0,0.0
-2.395075587390238,2.457285342906868,0.7300036208021217,0.0,0.0
-2.395075587390238,2.519495098423497,0.7404350943544146,0.0,0.0
-2.395075587390238,2.581704853940127,0.7504026385692989,0.0,0.0
-2.395075587390238,2.6439146094567567,0.7597834472598076,0.0,0.0
-2.395075587390238,2.7061243649733857,0.7684515755614831,0.0,0.0
-2.395075587390238,2.7683341204900156,0.7762812779097619,0.0,0.0
-2.395075587390238,2.8305438760066455,0.7831508980335145,0.0,0.0
-2.395075587390238,2.8927536315232745,0.7889471420725512,0.0,0.0
-2.395075587390238,2.9549633870399044,0.7935694939944913,0.0,0.0
-2.395075587390238,3.0171731425565333,0.7969344755029327,0.0,0.0
-2.395075587390238,3.0793828980731632,0.7989794232680294,0.0,0.0
-2.3328658318736086,-3.141592653589793,0.7846053867001345,0.0,0.0
-2.3328658318736086,-3.0793828980731637,0.7839573494359328,0.0,0.0
-2.3328658318736086,-3.017173142556534,0.7820253152682429,0.0,0.0
-2.3328658318736086,-2.9549633870399044,0.7788449346295017,0.0,0.0
-2.3328658318736086,-2.892753631523275,0.7744737376722238,0.0,0.0
-2.3328658318736086,-2.8305438760066455,0.768988485054512,0.0,0.0
-2.3328658318736086,-2.7683341204900156,0.7624817946087112,0.0,0.0
-2.3328658318736086,-2.706124364973386,0.7550583209186068,0.0,0.0
-2.3328658318736086,-2.6439146094567567,0.7468307742263849,0.0,0.0
-2.3328658318736086,-2.581704853940127,0.7379160421530391,0.0,0.0
-2.3328658318736086,-2.5194950984234974,0.7284316305370102,0.0,0.0
-2.3328658318736086,-2.457285342906868,0.7184925787406014,0.0,0.0
-2.3328658318736086,-2.395075587390238,0.7082089404350808,0.0,0.0
-2.3328658318736086,-2.3328658318736086,0.6976838616308384,0.0,0.0
-2.3328658318736086,-2.270656076356979,0.6870122391705452,0.0,0.0
-2.3328658318736086,-2.2084463208403498,0.6762799076625704,0.0,0.0
-2.3328658318736086,-2.1462365653237203,0.6655632810064662,0.0,0.0
-2.3328658318736086,-2.0840268098070904,0.6549293646356805,0.0,0.0
-2.3328658318736086,-2.021817054290461,0.6444360538441027,0.0,0.0
-2.3328658318736086,-1.9596072987738313,0.634132639297408,0.0,0.0
-2.3328658318736086,-1.897397543257202,0.6240604504968521,0.0,0.0
-2.3328658318736086,-1.8351877877405722,0.6142535794663668,0.0,0.0
-2.3328658318736086,-1.7729780322239428,0.6047396387266097,0.0,0.0
-2.3328658318736086,-1.7107682767073131,0.5955405186778495,0.0,0.0
-2.3328658318736086,-1.6485585211906835,0.5866731192502402,0.0,0.0
-2.3328658318736086,-1.586348765674054,0.5781500388390007,0.0,0.0
-2.3328658318736086,-1.5241390101574244,0.5699802100950735,0.0,0.0
-2.3328658318736086,-1.461929254640795,0.5621694772020124,0.0,0.0
-2.3328658318736086,-1.3997194991241653,0.5547211130250613,0.0,0.0
-2.3328658318736086,-1.3375097436075358,0.5476362771849244,0.0,0.0
-2.3328658318736086,-1.2752999880909062,0.5409144179013194,0.0,0.0
-2.3328658318736086,-1.2130902325742767,0.5345536215659729,0.0,0.0
-2.3328658318736086,-1.150880477057647,0.5285509146101841,0.0,0.0
-2.3328658318736086,-1.0886707215410176,0.5229025224680307,0.0,0.0
-2.3328658318736086,-1.0264609660243877,0.5176040904141079,0.0,0.0
-2.3328658318736086,-0.9642512105077583,0.5126508708607179,0.0,0.0
-2.3328658318736086,-0.9020414549911289,0.5080378813986721,0.0,0.0
-2.3328658318736086,-0.8398316994744994,0.5037600375059951,0.0,0.0
-2.3328658318736086,-0.7776219439578695,0.49981226346369545,0.0,0.0
-2.3328658318736086,-0.7154121884412401,0.49618958463064183,0.0,0.0
-2.3328658318736086,-0.6532024329246107,0.49288720385566226,0.0,0.0
-2.3328658318736086,-0.5909926774079808,0.48990056445357094,0.0,0.0
-2.3328658318736086,-0.5287829218913513,0.4872254018479485,0.0,0.0
-2.3328658318736086,-0.4665731663747219,0.4848577856891906,0.0,0.0
-2.3328658318736086,-0.40436341085809246,0.4827941539915803,0.0,0.0
-2.3328658318736086,-0.3421536553414626,0.4810313405965682,0.0,0.0
-2.3328658318736086,-0.27994389982483314,0.47956659705885885,0.0,0.0
-2.3328658318736086,-0.2177341443082037,0.4783976098646022,0.0,0.0
-2.3328658318736086,-0.15552438879157382,0.4775225137240385,0.0,0.0
-2.3328658318736086,-0.09331463327494438,0.47693990153129634,0.0,0.0
-2.3328658318736086,-0.03110487775831494,0.4766488314486778,0.0,0.0
-2.3328658318736086,0.031104877758314498,0.4766488314486778,0.0,0.0
-2.3328658318736086,0.09331463327494438,0.47693990153129634,0.0,0.0
-2.3328658318736086,0.15552438879157382,0.4775225137240385,0.0,0.0
-2.3328658318736086,0.21773414430820326,0.4783976098646022,0.0,0.0
-2.3328658318736086,0.2799438998248327,0.47956659705885885,0.0,0.0
-2.3328658318736086,0.3421536553414626,0.4810313405965682,0.0,0.0
-2.3328658318736086,0.404363410858092,0.4827941539915803,0.0,0.0
-2.3328658318736086,0.46657316637472146,0.4848577856891906,0.0,0.0
-2.3328658318736086,0.5287829218913513,0.4872254018479485,0.0,0.0
-2.3328658318736086,0.5909926774079808,0.48990056445357094,0.0,0.0
-2.3328658318736086,0.6532024329246102,0.49288720385566226,0.0,0.0
-2.3328658318736086,0.7154121884412397,0.49618958463064183,0.0,0.0
-2.3328658318736086,0.7776219439578695,0.49981226346369545,0.0,0.0
-2.3328658318736086,0.839831699474499,0.5037600375059951,0.0,0.0
-2.3328658318736086,0.9020414549911289,0.5080378813986721,0.0,0.0
-2.3328658318736086,0.9642512105077579,0.5126508708607178,0.0,0.0
-2.3328658318736086,1.0264609660243877,0.5176040904141079,0.0,0.0
-2.3328658318736086,1.0886707215410176,0.5229025224680307,0.0,0.0
-2.3328658318736086,1.1508804770576466,0.528550914610184,0.0,0.0
-2.3328658318736086,1.2130902325742765,0.5345536215659729,0.0,0.0
-2.3328658318736086,1.2752999880909055,0.5409144179013193,0.0,0.0
-2.3328658318736086,1.3375097436075354,0.5476362771849244,0.0,0.0
-2.3328658318736086,1.3997194991241653,0.5547211130250613,0.0,0.0
-2.3328658318736086,1.4619292546407943,0.5621694772020124,0.0,0.0
-2.3328658318736086,1.5241390101574241,0.5699802100950735,0.0,0.0
-2.3328658318736086,1.586348765674054,0.5781500388390007,0.0,0.0
-2.3328658318736086,1.648558521190683,0.5866731192502402,0.0,0.0
-2.3328658318736086,1.710768276707313,0.5955405186778494,0.0,0.0
-2.3328658318736086,1.7729780322239428,0.6047396387266097,0.0,0.0
-2.3328658318736086,1.8351877877405718,0.6142535794663667,0.0,0.0
-2.3328658318736086,1.8973975432572017,0.6240604504968521,0.0,0.0
-2.3328658318736086,1.9596072987738316,0.634132639297408,0.0,0.0
-2.3328658318736086,2.0218170542904605,0.6444360538441027,0.0,0.0
-2.3328658318736086,2.0840268098070904,0.6549293646356805,0.0,0.0
-2.3328658318736086,2.1462365653237194,0.6655632810064661,0.0,0.0
-2.3328658318736086,2.2084463208403493,0.6762799076625703,0.0,0.0
-2.3328658318736086,2.270656076356979,0.6870122391705452,0.0,0.0
-2.3328658318736086,2.332865831873608,0.6976838616308383,0.0,0.0
-2.3328658318736086,2.395075587390238,0.7082089404350808,0.0,0.0
-2.3328658318736086,2.457285342906868,0.7184925787406014,0.0,0.0
-2.3328658318736086,2.519495098423497,0.7284316305370101,0.0,0.0
-2.3328658318736086,2.581704853940127,0.7379160421530391,0.0,0.0
-2.3328658318736086,2.6439146094567567,0.7468307742263849,0.0,0.0
-2.3328658318736086,2.7061243649733857,0.7550583209186066,0.0,0.0
-2.3328658318736086,2.7683341204900156,0.7624817946087112,0.0,0.0
-2.3328658318736086,2.8305438760066455,0.768988485054512,0.0,0.0
-2.3328658318736086,2.8927536315232745,0.7744737376722237,0.0,0.0
-2.3328658318736086,2.9549633870399044,0.7788449346295017,0.0,0.0
-2.3328658318736086,3.0171731425565333,0.7820253152682429,0.0,0.0
-2.3328658318736086,3.0793828980731632,0.7839573494359326,0.0,0.0
-2.270656076356979,-3.141592653589793,0.769518700578906,0.0,0.0
-2.270656076356979,-3.0793828980731637,0.7689073023921144,0.0,0.0
-2.270656076356979,-3.017173142556534,0.7670841605594961,0.0,0.0
-2.270656076356979,-2.9549633870399044,0.7640819174579678,0.0,0.0
-2.270656076356979,-2.892753631523275,0.7599533041994684,0.0,0.0
-2.270656076356979,-2.8305438760066455,0.7547687873135174,0.0,0.0
-2.270656076356979,-2.7683341204900156,0.7486135629601837,0.0,0.0
-2.270656076356979,-2.706124364973386,0.7415841386598847,0.0,0.0
-2.270656076356979,-2.6439146094567567,0.7337847525231627,0.0,0.0
-2.270656076356979,-2.581704853940127,0.7253238623215654,0.0,0.0
-2.270656076356979,-2.5194950984234974,0.7163108979303201,0.0,0.0
-2.270656076356979,-2.457285342906868,0.706853419287705,0.0,0.0
-2.270656076356979,-2.395075587390238,0.6970547667793184,0.0,0.0
-2.270656076356979,-2.3328658318736086,0.6870122391705452,0.0,0.0
-2.270656076356979,-2.270656076356979,0.6768157908931917,0.0,0.0
-2.270656076356979,-2.2084463208403498,0.6665472081914369,0.0,0.0
-2.270656076356979,-2.1462365653237203,0.6562797027607847,0.0,0.0
-2.270656076356979,-2.0840268098070904,0.6460778509518137,0.0,0.0
-2.270656076356979,-2.021817054290461,0.6359978043652004,0.0,0.0
-2.270656076356979,-1.9596072987738313,0.626087701438574,0.0,0.0
-2.270656076356979,-1.897397543257202,0.6163882172261692,0.0,0.0
-2.270656076356979,-1.8351877877405722,0.6069331981489915,0.0,0.0
-2.270656076356979,-1.7729780322239428,0.5977503386370115,0.0,0.0
-2.270656076356979,-1.7107682767073131,0.5888618663257502,0.0,0.0
-2.270656076356979,-1.6485585211906835,0.5802852112182594,0.0,0.0
-2.270656076356979,-1.586348765674054,0.5720336416884024,0.0,0.0
-2.270656076356979,-1.5241390101574244,0.5641168563036976,0.0,0.0
-2.270656076356979,-1.461929254640795,0.5565415252449994,0.0,0.0
-2.270656076356979,-1.3997194991241653,0.5493117787340168,0.0,0.0
-2.270656076356979,-1.3375097436075358,0.5424296425219447,0.0,0.0
-2.270656076356979,-1.2752999880909062,0.535895422324196,0.0,0.0
-2.270656076356979,-1.2130902325742767,0.5297080402775902,0.0,0.0
-2.270656076356979,-1.150880477057647,0.5238653271977939,0.0,0.0
-2.270656076356979,-1.0886707215410176,0.5183642747531347,0.0,0.0
-2.270656076356979,-1.0264609660243877,0.5132012517492578,0.0,0.0
-2.270656076356979,-0.9642512105077583,0.5083721886188324,0.0,0.0
-2.270656076356979,-0.9020414549911289,0.5038727339940251,0.0,0.0
-2.270656076356979,-0.8398316994744994,0.4996983869533752,0.0,0.0
-2.270656076356979,-0.7776219439578695,0.4958446082128602,0.0,0.0
-2.270656076356979,-0.7154121884412401,0.4923069131971985,0.0,0.0
-2.270656076356979,-0.6532024329246107,0.48908094959791637,0.0,0.0
-2.270656076356979,-0.5909926774079808,0.48616256170978855,0.0,0.0
-2.270656076356979,-0.5287829218913513,0.4835478435430589,0.0,0.0
-2.270656076356979,-0.4665731663747219,0.4812331824384411,0.0,0.0
-2.270656076356979,-0.40436341085809246,0.4792152946662089,0.0,0.0
-2.270656076356979,-0.3421536553414626,0.47749125426919226,0.0,0.0
-2.270656076356979,-0.27994389982483314,0.4760585162107424,0.0,0.0
-2.270656076356979,-0.2177341443082037,0.47491493471061286,0.0,0.0
-2.270656076356979,-0.15552438879157382,0.4740587774918461,0.0,0.0
-2.270656076356979,-0.09331463327494438,0.47348873651754075,0.0,0.0
-2.270656076356979,-0.03110487775831494,0.47320393566515995,0.0,0.0
-2.270656076356979,0.031104877758314498,0.47320393566515995,0.0,0.0
-2.270656076356979,0.09331463327494438,0.47348873651754075,0.0,0.0
-2.270656076356979,0.15552438879157382,0.4740587774918461,0.0,0.0
-2.270656076356979,0.21773414430820326,0.47491493471061286,0.0,0.0
-2.270656076356979,0.2799438998248327,0.4760585162107424,0.0,0.0
-2.270656076356979,0.3421536553414626,0.47749125426919226,0.0,0.0
-2.270656076356979,0.404363410858092,0.4792152946662089,0.0,0.0
-2.270656076356979,0.46657316637472146,0.4812331824384411,0.0,0.0
-2.270656076356979,0.5287829218913513,0.4835478435430589,0.0,0.0
-2.270656076356979,0.5909926774079808,0.48616256170978855,0.0,0.0
-2.270656076356979,0.6532024329246102,0.48908094959791637,0.0,0.0
-2.270656076356979,0.7154121884412397,0.4923069131971984,0.0,0.0
-2.270656076356979,0.7776219439578695,0.4958446082128602,0.0,0.0
-2.270656076356979,0.839831699474499,0.4996983869533752,0.0,0.0
-2.270656076356979,0.9020414549911289,0.5038727339940251,0.0,0.0
-2.270656076356979,0.9642512105077579,0.5083721886188323,0.0,0.0
-2.270656076356979,1.0264609660243877,0.5132012517492578,0.0,0.0
-2.270656076356979,1.0886707215410176,0.5183642747531347,0.0,0.0
-2.270656076356979,1.1508804770576466,0.5238653271977939,0.0,0.0
-2.270656076356979,1.2130902325742765,0.5297080402775902,0.0,0.0
-2.270656076356979,1.2752999880909055,0.535895422324196,0.0,0.0
-2.270656076356979,1.3375097436075354,0.5424296425219446,0.0,0.0
-2.270656076356979,1.3997194991241653,0.5493117787340168,0.0,0.0
-2.270656076356979,1.4619292546407943,0.5565415252449994,0.0,0.0
-2.270656076356979,1.5241390101574241,0.5641168563036976,0.0,0.0
-2.270656076356979,1.586348765674054,0.5720336416884024,0.0,0.0
-2.270656076356979,1.648558521190683,0.5802852112182594,0.0,0.0
-2.270656076356979,1.710768276707313,0.5888618663257502,0.0,0.0
-2.270656076356979,1.7729780322239428,0.5977503386370115,0.0,0.0
-2.270656076356979,1.8351877877405718,0.6069331981489915,0.0,0.0
-2.270656076356979,1.8973975432572017,0.6163882172261692,0.0,0.0
-2.270656076356979,1.9596072987738316,0.6260877014385741,0.0,0.0
-2.270656076356979,2.0218170542904605,0.6359978043652001,0.0,0.0
-2.270656076356979,2.0840268098070904,0.6460778509518137,0.0,0.0
-2.270656076356979,2.1462365653237194,0.6562797027607846,0.0,0.0
-2.270656076356979,2.2084463208403493,0.6665472081914369,0.0,0.0
-2.270656076356979,2.270656076356979,0.6768157908931917,0.0,0.0
-2.270656076356979,2.332865831873608,0.6870122391705451,0.0,0.0
-2.270656076356979,2.395075587390238,0.6970547667793184,0.0,0.0
-2.270656076356979,2.457285342906868,0.706853419287705,0.0,0.0
-2.270656076356979,2.519495098423497,0.7163108979303201,0.0,0.0
-2.270656076356979,2.581704853940127,0.7253238623215654,0.0,0.0
-2.270656076356979,2.6439146094567567,0.7337847525231627,0.0,0.0
-2.270656076356979,2.7061243649733857,0.7415841386598846,0.0,0.0
-2.270656076356979,2.7683341204900156,0.7486135629601837,0.0,0.0
-2.270656076356979,2.8305438760066455,0.7547687873135174,0.0,0.0
-2.270656076356979,2.8927536315232745,0.7599533041994683,0.0,0.0
-2.270656076356979,2.9549633870399044,0.7640819174579678,0.0,0.0
-2.270656076356979,3.0171731425565333,0.767084160559496,0.0,0.0
-2.270656076356979,3.0793828980731632,0.7689073023921144,0.0,0.0
-2.2084463208403498,-3.141592653589793,0.7545256548292415,0.0,0.0
-2.2084463208403498,-3.0793828980731637,0.7539492752153817,0.0,0.0
-2.2084463208403498,-3.017173142556534,0.752230241659399,0.0,0.0
-2.2084463208403498,-2.9549633870399044,0.7493984137954779,0.0,0.0
-2.2084463208403498,-2.892753631523275,0.745502076749688,0.0,0.0
-2.2084463208403498,-2.8305438760066455,0.7406058534373424,0.0,0.0
-2.2084463208403498,-2.7683341204900156,0.7347880300169362,0.0,0.0
-2.2084463208403498,-2.706124364973386,0.7281375020233021,0.0,0.0
-2.2084463208403498,-2.6439146094567567,0.7207505589193934,0.0,0.0
-2.2084463208403498,-2.581704853940127,0.7127277114621042,0.0,0.0
-2.2084463208403498,-2.5194950984234974,0.7041707345196504,0.0,0.0
-2.2084463208403498,-2.457285342906868,0.6951800548328246,0.0,0.0
-2.2084463208403498,-2.395075587390238,0.6858525659719111,0.0,0.0
-2.2084463208403498,-2.3328658318736086,0.6762799076625704,0.0,0.0
-2.2084463208403498,-2.270656076356979,0.6665472081914369,0.0,0.0
-2.2084463208403498,-2.2084463208403498,0.6567322591886768,0.0,0.0
-2.2084463208403498,-2.1462365653237203,0.6469050723451243,0.0,0.0
-2.2084463208403498,-2.0840268098070904,0.6371277568317331,0.0,0.0
-2.2084463208403498,-2.021817054290461,0.6274546528074996,0.0,0.0
-2.2084463208403498,-1.9596072987738313,0.6179326585482283,0.0,0.0
-2.2084463208403498,-1.897397543257202,0.6086016945415663,0.0,0.0
-2.2084463208403498,-1.8351877877405722,0.5994952557554621,0.0,0.0
-2.2084463208403498,-1.7729780322239428,0.5906410119266678,0.0,0.0
-2.2084463208403498,-1.7107682767073131,0.5820614242265844,0.0,0.0
-2.2084463208403498,-1.6485585211906835,0.5737743544648352,0.0,0.0
-2.2084463208403498,-1.586348765674054,0.5657936497724606,0.0,0.0
-2.2084463208403498,-1.5241390101574244,0.5581296913484518,0.0,0.0
-2.2084463208403498,-1.461929254640795,0.5507899003697365,0.0,0.0
-2.2084463208403498,-1.3997194991241653,0.5437791976503155,0.0,0.0
-2.2084463208403498,-1.3375097436075358,0.5371004162257483,0.0,0.0
-2.2084463208403498,-1.2752999880909062,0.5307546678841796,0.0,0.0
-2.2084463208403498,-1.2130902325742767,0.5247416659105395,0.0,0.0
-2.2084463208403498,-1.150880477057647,0.5190600070888091,0.0,0.0
-2.2084463208403498,-1.0886707215410176,0.5137074164323966,0.0,0.0
-2.2084463208403498,-1.0264609660243877,0.508680958279309,0.0,0.0
-2.2084463208403498,-0.9642512105077583,0.5039772173728633,0.0,0.0
-2.2084463208403498,-0.9020414549911289,0.49959245340946445,0.0,0.0
-2.2084463208403498,-0.8398316994744994,0.49552273231759314,0.0,0.0
-2.2084463208403498,-0.7776219439578695,0.4917640372700271,0.0,0.0
-2.2084463208403498,-0.7154121884412401,0.4883123621485343,0.0,0.0
-2.2084463208403498,-0.6532024329246107,0.48516378989362235,0.0,0.0
-2.2084463208403498,-0.5909926774079808,0.482314557892598,0.0,0.0
-2.2084463208403498,-0.5287829218913513,0.4797611122942221,0.0,0.0
-2.2084463208403498,-0.4665731663747219,0.4775001528916082,0.0,0.0
-2.2084463208403498,-0.40436341085809246,0.47552866998848514,0.0,0.0
-2.2084463208403498,-0.3421536553414626,0.47384397445777277,0.0,0.0
-2.2084463208403498,-0.27994389982483314,0.4724437220148038,0.0,0.0
-2.2084463208403498,-0.2177341443082037,0.47132593255898536,0.0,0.0
-2.2084463208403498,-0.15552438879157382,0.47048900528531695,0.0,0.0
-2.2084463208403498,-0.09331463327494438,0.4699317301288134,0.0,0.0
-2.2084463208403498,-0.03110487775831494,0.46965329597823324,0.0,0.0
-2.2084463208403498,0.031104877758314498,0.46965329597823324,0.0,0.0
-2.2084463208403498,0.09331463327494438,0.4699317301288134,0.0,0.0
-2.2084463208403498,0.15552438879157382,0.47048900528531695,0.0,0.0
-2.2084463208403498,0.21773414430820326,0.47132593255898536,0.0,0.0
-2.2084463208403498,0.2799438998248327,0.4724437220148038,0.0,0.0
-2.2084463208403498,0.3421536553414626,0.47384397445777277,0.0,0.0
-2.2084463208403498,0.404363410858092,0.47552866998848514,0.0,0.0
-2.2084463208403498,0.46657316637472146,0.4775001528916081,0.0,0.0
-2.2084463208403498,0.5287829218913513,0.4797611122942221,0.0,0.0
-2.2084463208403498,0.5909926774079808,0.482314557892598,0.0,0.0
-2.2084463208403498,0.6532024329246102,0.48516378989362235,0.0,0.0
-2.2084463208403498,0.7154121884412397,0.4883123621485343,0.0,0.0
-2.2084463208403498,0.7776219439578695,0.4917640372700271,0.0,0.0
-2.2084463208403498,0.839831699474499,0.49552273231759314,0.0,0.0
-2.2084463208403498,0.9020414549911289,0.49959245340946445,0.0,0.0
-2.2084463208403498,0.9642512105077579,0.5039772173728633,0.0,0.0
-2.2084463208403498,1.0264609660243877,0.508680958279309,0.0,0.0
-2.2084463208403498,1.0886707215410176,0.5137074164323966,0.0,0.0
-2.2084463208403498,1.1508804770576466,0.5190600070888091,0.0,0.0
-2.2084463208403498,1.2130902325742765,0.5247416659105395,0.0,0.0
-2.2084463208403498,1.2752999880909055,0.5307546678841796,0.0,0.0
-2.2084463208403498,1.3375097436075354,0.5371004162257482,0.0,0.0
-2.2084463208403498,1.3997194991241653,0.5437791976503155,0.0,0.0
-2.2084463208403498,1.4619292546407943,0.5507899003697363,0.0,0.0
-2.2084463208403498,1.5241390101574241,0.5581296913484518,0.0,0.0
-2.2084463208403498,1.586348765674054,0.5657936497724606,0.0,0.0
-2.2084463208403498,1.648558521190683,0.573774354464835,0.0,0.0
-2.2084463208403498,1.710768276707313,0.5820614242265844,0.0,0.0
-2.2084463208403498,1.7729780322239428,0.5906410119266678,0.0,0.0
-2.2084463208403498,1.8351877877405718,0.5994952557554621,0.0,0.0
-2.2084463208403498,1.8973975432572017,0.6086016945415663,0.0,0.0
-2.2084463208403498,1.9596072987738316,0.6179326585482284,0.0,0.0
-2.2084463208403498,2.0218170542904605,0.6274546528074996,0.0,0.0
-2.2084463208403498,2.0840268098070904,0.6371277568317331,0.0,0.0
-2.2084463208403498,2.1462365653237194,0.6469050723451243,0.0,0.0
-2.2084463208403498,2.2084463208403493,0.6567322591886767,0.0,0.0
-2.2084463208403498,2.270656076356979,0.6665472081914369,0.0,0.0
-2.2084463208403498,2.332865831873608,0.6762799076625703,0.0,0.0
-2.2084463208403498,2.395075587390238,0.6858525659719111,0.0,0.0
-2.2084463208403498,2.457285342906868,0.6951800548328246,0.0,0.0
-2.2084463208403498,2.519495098423497,0.7041707345196503,0.0,0.0
-2.2084463208403498,2.581704853940127,0.7127277114621042,0.0,0.0
-2.2084463208403498,2.6439146094567567,0.7207505589193934,0.0,0.0
-2.2084463208403498,2.7061243649733857,0.728137502023302,0.0,0.0
-2.2084463208403498,2.7683341204900156,0.7347880300169362,0.0,0.0
-2.2084463208403498,2.8305438760066455,0.7406058534373424,0.0,0.0
-2.2084463208403498,2.8927536315232745,0.745502076749688,0.0,0.0
-2.2084463208403498,2.9549633870399044,0.7493984137954779,0.0,0.0
-2.2084463208403498,3.0171731425565333,0.752230241659399,0.0,0.0
-2.2084463208403498,3.0793828980731632,0.7539492752153816,0.0,0.0
-2.1462365653237203,-3.141592653589793,0.7397278972053394,0.0,0.0
-2.1462365653237203,-3.0793828980731637,0.7391847445653611,0.0,0.0
-2.1462365653237203,-3.017173142556534,0.7375645225809756,0.0,0.0
-2.1462365653237203,-2.9549633870399044,0.7348945357080587,0.0,0.0
-2.1462365653237203,-2.892753631523275,0.7312189809339166,0.0,0.0
-2.1462365653237203,-2.8305438760066455,0.7265970966639553,0.0,0.0
-2.1462365653237203,-2.7683341204900156,0.7211007843594647,0.0,0.0
-2.1462365653237203,-2.706124364973386,0.7148118822285747,0.0,0.0
-2.1462365653237203,-2.6439146094567567,0.7078192804206389,0.0,0.0
-2.1462365653237203,-2.581704853940127,0.7002160572708459,0.0,0.0
-2.1462365653237203,-2.5194950984234974,0.6920967902651226,0.0,0.0
-2.1462365653237203,-2.457285342906868,0.6835551592745563,0.0,0.0
-2.1462365653237203,-2.395075587390238,0.6746819193195678,0.0,0.0
-2.1462365653237203,-2.3328658318736086,0.6655632810064662,0.0,0.0
-2.1462365653237203,-2.270656076356979,0.6562797027607847,0.0,0.0
-2.1462365653237203,-2.2084463208403498,0.6469050723451243,0.0,0.0
-2.1462365653237203,-2.1462365653237203,0.6375062366550216,0.0,0.0
-2.1462365653237203,-2.0840268098070904,0.6281428280184504,0.0,0.0
-2.1462365653237203,-2.021817054290461,0.6188673310142269,0.0,0.0
-2.1462365653237203,-1.9596072987738313,0.6097253346487824,0.0,0.0
-2.1462365653237203,-1.897397543257202,0.6007559190237288,0.0,0.0
-2.1462365653237203,-1.8351877877405722,0.5919921319844625,0.0,0.0
-2.1462365653237203,-1.7729780322239428,0.5834615185270532,0.0,0.0
-2.1462365653237203,-1.7107682767073131,0.5751866731194437,0.0,0.0
-2.1462365653237203,-1.6485585211906835,0.567185792005239,0.0,0.0
-2.1462365653237203,-1.586348765674054,0.5594732086787852,0.0,0.0
-2.1462365653237203,-1.5241390101574244,0.5520599009016993,0.0,0.0
-2.1462365653237203,-1.461929254640795,0.544953961851302,0.0,0.0
-2.1462365653237203,-1.3997194991241653,0.5381610313081466,0.0,0.0
-2.1462365653237203,-1.3375097436075358,0.5316846853051554,0.0,0.0
-2.1462365653237203,-1.2752999880909062,0.5255267844959558,0.0,0.0
-2.1462365653237203,-1.2130902325742767,0.5196877827782587,0.0,0.0
-2.1462365653237203,-1.150880477057647,0.5141669985446785,0.0,0.0
-2.1462365653237203,-1.0886707215410176,0.5089628514299099,0.0,0.0
-2.1462365653237203,-1.0264609660243877,0.5040730676655377,0.0,0.0
-2.1462365653237203,-0.9642512105077583,0.4994948572122568,0.0,0.0
-2.1462365653237203,-0.9020414549911289,0.4952250657697052,0.0,0.0
-2.1462365653237203,-0.8398316994744994,0.4912603046097243,0.0,0.0
-2.1462365653237203,-0.7776219439578695,0.4875970609722659,0.0,0.0
-2.1462365653237203,-0.7154121884412401,0.4842317915283688,0.0,0.0
-2.1462365653237203,-0.6532024329246107,0.4811610011687877,0.0,0.0
-2.1462365653237203,-0.5909926774079808,0.47838130913177274,0.0,0.0
-2.1462365653237203,-0.5287829218913513,0.47588950424694426,0.0,0.0
-2.1462365653237203,-0.4665731663747219,0.4736825908489074,0.0,0.0
-2.1462365653237203,-0.40436341085809246,0.47175782670672306,0.0,0.0
-2.1462365653237203,-0.3421536553414626,0.47011275412452536,0.0,0.0
-2.1462365653237203,-0.27994389982483314,0.46874522519426226,0.0,0.0
-2.1462365653237203,-0.2177341443082037,0.46765342202280336,0.0,0.0
-2.1462365653237203,-0.15552438879157382,0.4668358726110686,0.0,0.0
-2.1462365653237203,-0.09331463327494438,0.46629146293062884,0.0,0.0
-2.1462365653237203,-0.03110487775831494,0.46601944562149655,0.0,0.0
-2.1462365653237203,0.031104877758314498,0.46601944562149655,0.0,0.0
-2.1462365653237203,0.09331463327494438,0.46629146293062884,0.0,0.0
-2.1462365653237203,0.15552438879157382,0.4668358726110686,0.0,0.0
-2.1462365653237203,0.21773414430820326,0.46765342202280336,0.0,0.0
-2.1462365653237203,0.2799438998248327,0.46874522519426226,0.0,0.0
-2.1462365653237203,0.3421536553414626,0.47011275412452536,0.0,0.0
-2.1462365653237203,0.404363410858092,0.47175782670672306,0.0,0.0
-2.1462365653237203,0.46657316637472146,0.4736825908489073,0.0,0.0
-2.1462365653237203,0.5287829218913513,0.47588950424694426,0.0,0.0
-2.1462365653237203,0.5909926774079808,0.47838130913177274,0.0,0.0
-2.1462365653237203,0.6532024329246102,0.4811610011687877,0.0,0.0
-2.1462365653237203,0.7154121884412397,0.4842317915283688,0.0,0.0
-2.1462365653237203,0.7776219439578695,0.4875970609722659,0.0,0.0
-2.1462365653237203,0.839831699474499,0.4912603046097243,0.0,0.0
-2.1462365653237203,0.9020414549911289,0.4952250657697052,0.0,0.0
-2.1462365653237203,0.9642512105077579,0.4994948572122568,0.0,0.0
-2.1462365653237203,1.0264609660243877,0.5040730676655377,0.0,0.0
-2.1462365653237203,1.0886707215410176,0.5089628514299099,0.0,0.0
-2.1462365653237203,1.1508804770576466,0.5141669985446785,0.0,0.0
-2.1462365653237203,1.2130902325742765,0.5196877827782586,0.0,0.0
-2.1462365653237203,1.2752999880909055,0.5255267844959557,0.0,0.0
-2.1462365653237203,1.3375097436075354,0.5316846853051554,0.0,0.0
-2.1462365653237203,1.3997194991241653,0.5381610313081466,0.0,0.0
-2.1462365653237203,1.4619292546407943,0.5449539618513018,0.0,0.0
-2.1462365653237203,1.5241390101574241,0.5520599009016993,0.0,0.0
-2.1462365653237203,1.586348765674054,0.5594732086787852,0.0,0.0
-2.1462365653237203,1.648558521190683,0.567185792005239,0.0,0.0
-2.1462365653237203,1.710768276707313,0.5751866731194437,0.0,0.0
-2.1462365653237203,1.7729780322239428,0.5834615185270532,0.0,0.0
-2.1462365653237203,1.8351877877405718,0.5919921319844624,0.0,0.0
-2.1462365653237203,1.8973975432572017,0.6007559190237288,0.0,0.0
-2.1462365653237203,1.9596072987738316,0.6097253346487824,0.0,0.0
-2.1462365653237203,2.0218170542904605,0.6188673310142269,0.0,0.0
-2.1462365653237203,2.0840268098070904,0.6281428280184504,0.0,0.0
-2.1462365653237203,2.1462365653237194,0.6375062366550215,0.0,0.0
-2.1462365653237203,2.2084463208403493,0.6469050723451243,0.0,0.0
-2.1462365653237203,2.270656076356979,0.6562797027607847,0.0,0.0
-2.1462365653237203,2.332865831873608,0.6655632810064662,0.0,0.0
-2.1462365653237203,2.395075587390238,0.6746819193195678,0.0,0.0
-2.1462365653237203,2.457285342906868,0.6835551592745563,0.0,0.0
-2.1462365653237203,2.519495098423497,0.6920967902651225,0.0,0.0
-2.1462365653237203,2.581704853940127,0.7002160572708459,0.0,0.0
-2.1462365653237203,2.6439146094567567,0.7078192804206389,0.0,0.0
-2.1462365653237203,2.7061243649733857,0.7148118822285746,0.0,0.0
-2.1462365653237203,2.7683341204900156,0.7211007843594647,0.0,0.0
-2.1462365653237203,2.8305438760066455,0.7265970966639553,0.0,0.0
-2.1462365653237203,2.8927536315232745,0.7312189809339166,0.0,0.0
-2.1462365653237203,2.9549633870399044,0.7348945357080587,0.0,0.0
-2.1462365653237203,3.0171731425565333,0.7375645225809756,0.0,0.0
-2.1462365653237203,3.0793828980731632,0.7391847445653611,0.0,0.0
-2.0840268098070904,-3.141592653589793,0.7252096681844704,0.0,0.0
-2.0840268098070904,-3.0793828980731637,0.7246978505495352,0.0,0.0
-2.0840268098070904,-3.017173142556534,0.7231708406971494,0.0,0.0
-2.0840268098070904,-2.9549633870399044,0.7206536110669227,0.0,0.0
-2.0840268098070904,-2.892753631523275,0.7171866224905906,0.0,0.0
-2.0840268098070904,-2.8305438760066455,0.7128241825170323,0.0,0.0
-2.0840268098070904,-2.7683341204900156,0.7076323302219285,0.0,0.0
-2.0840268098070904,-2.706124364973386,0.7016864024306192,0.0,0.0
-2.0840268098070904,-2.6439146094567567,0.6950684461542465,0.0,0.0
-2.0840268098070904,-2.581704853940127,0.687864634856171,0.0,0.0
-2.0840268098070904,-2.5194950984234974,0.6801628251508693,0.0,0.0
-2.0840268098070904,-2.457285342906868,0.6720503603547481,0.0,0.0
-2.0840268098070904,-2.395075587390238,0.6636121930104009,0.0,0.0
-2.0840268098070904,-2.3328658318736086,0.6549293646356805,0.0,0.0
-2.0840268098070904,-2.270656076356979,0.6460778509518137,0.0,0.0
-2.0840268098070904,-2.2084463208403498,0.6371277568317331,0.0,0.0
-2.0840268098070904,-2.1462365653237203,0.6281428280184504,0.0,0.0
-2.0840268098070904,-2.0840268098070904,0.6191802361115555,0.0,0.0
-2.0840268098070904,-2.021817054290461,0.6102905885418302,0.0,0.0
-2.0840268098070904,-1.9596072987738313,0.6015181150288968,0.0,0.0
-2.0840268098070904,-1.897397543257202,0.59290098503741,0.0,0.0
-2.0840268098070904,-1.8351877877405722,0.5844717158044701,0.0,0.0
-2.0840268098070904,-1.7729780322239428,0.5762576365978554,0.0,0.0
-2.0840268098070904,-1.7107682767073131,0.5682813812157348,0.0,0.0
-2.0840268098070904,-1.6485585211906835,0.5605613868232177,0.0,0.0
-2.0840268098070904,-1.586348765674054,0.553112382712048,0.0,0.0
-2.0840268098070904,-1.5241390101574244,0.5459458572997261,0.0,0.0
-2.0840268098070904,-1.461929254640795,0.5390704956025676,0.0,0.0
-2.0840268098070904,-1.3997194991241653,0.5324925825504193,0.0,0.0
-2.0840268098070904,-1.3375097436075358,0.5262163699319818,0.0,0.0
-2.0840268098070904,-1.2752999880909062,0.520244406564896,0.0,0.0
-2.0840268098070904,-1.2130902325742767,0.5145778325766133,0.0,0.0
-2.0840268098070904,-1.150880477057647,0.509216639559693,0.0,0.0
-2.0840268098070904,-1.0886707215410176,0.5041598989181691,0.0,0.0
-2.0840268098070904,-1.0264609660243877,0.4994059610273583,0.0,0.0
-2.0840268098070904,-0.9642512105077583,0.49495262795239814,0.0,0.0
-2.0840268098070904,-0.9020414549911289,0.4907973024629909,0.0,0.0
-2.0840268098070904,-0.8398316994744994,0.4869371159843291,0.0,0.0
-2.0840268098070904,-0.7776219439578695,0.48336903796850533,0.0,0.0
-2.0840268098070904,-0.7154121884412401,0.4800899689805155,0.0,0.0
-2.0840268098070904,-0.6532024329246107,0.4770968195854897,0.0,0.0
-2.0840268098070904,-0.5909926774079808,0.4743865769112592,0.0,0.0
-2.0840268098070904,-0.5287829218913513,0.47195636055109114,0.0,0.0
-2.0840268098070904,-0.4665731663747219,0.46980346927076255,0.0,0.0
-2.0840268098070904,-0.40436341085809246,0.4679254197952182,0.0,0.0
-2.0840268098070904,-0.3421536553414626,0.46631997877441406,0.0,0.0
-2.0840268098070904,-0.27994389982483314,0.46498518886593476,0.0,0.0
-2.0840268098070904,-0.2177341443082037,0.46391938972315916,0.0,0.0
-2.0840268098070904,-0.15552438879157382,0.4631212345411269,0.0,0.0
-2.0840268098070904,-0.09331463327494438,0.46258970268647104,0.0,0.0
-2.0840268098070904,-0.03110487775831494,0.46232410882122266,0.0,0.0
-2.0840268098070904,0.031104877758314498,0.46232410882122266,0.0,0.0
-2.0840268098070904,0.09331463327494438,0.46258970268647104,0.0,0.0
-2.0840268098070904,0.15552438879157382,0.4631212345411269,0.0,0.0
-2.0840268098070904,0.21773414430820326,0.4639193897231591,0.0,0.0
-2.0840268098070904,0.2799438998248327,0.46498518886593476,0.0,0.0
-2.0840268098070904,0.3421536553414626,0.46631997877441406,0.0,0.0
-2.0840268098070904,0.404363410858092,0.4679254197952182,0.0,0.0
-2.0840268098070904,0.46657316637472146,0.4698034692707625,0.0,0.0
-2.0840268098070904,0.5287829218913513,0.47195636055109114,0.0,0.0
-2.0840268098070904,0.5909926774079808,0.4743865769112592,0.0,0.0
-2.0840268098070904,0.6532024329246102,0.4770968195854897,0.0,0.0
-2.0840268098070904,0.7154121884412397,0.48008996898051537,0.0,0.0
-2.0840268098070904,0.7776219439578695,0.48336903796850533,0.0,0.0
-2.0840268098070904,0.839831699474499,0.4869371159843291,0.0,0.0
-2.0840268098070904,0.9020414549911289,0.4907973024629909,0.0,0.0
-2.0840268098070904,0.9642512105077579,0.494952627952398,0.0,0.0
-2.0840268098070904,1.0264609660243877,0.4994059610273583,0.0,0.0
-2.0840268098070904,1.0886707215410176,0.5041598989181691,0.0,0.0
-2.0840268098070904,1.1508804770576466,0.509216639559693,0.0,0.0
-2.0840268098070904,1.2130902325742765,0.5145778325766133,0.0,0.0
-2.0840268098070904,1.2752999880909055,0.520244406564896,0.0,0.0
-2.0840268098070904,1.3375097436075354,0.5262163699319817,0.0,0.0
-2.0840268098070904,1.3997194991241653,0.5324925825504193,0.0,0.0
-2.0840268098070904,1.4619292546407943,0.5390704956025676,0.0,0.0
-2.0840268098070904,1.5241390101574241,0.5459458572997261,0.0,0.0
-2.0840268098070904,1.586348765674054,0.553112382712048,0.0,0.0
-2.0840268098070904,1.648558521190683,0.5605613868232177,0.0,0.0
-2.0840268098070904,1.710768276707313,0.5682813812157347,0.0,0.0
-2.0840268098070904,1.7729780322239428,0.5762576365978554,0.0,0.0
-2.0840268098070904,1.8351877877405718,0.5844717158044699,0.0,0.0
-2.0840268098070904,1.8973975432572017,0.59290098503741,0.0,0.0
-2.0840268098070904,1.9596072987738316,0.601518115028897,0.0,0.0
-2.0840268098070904,2.0218170542904605,0.6102905885418302,0.0,0.0
-2.0840268098070904,2.0840268098070904,0.6191802361115555,0.0,0.0
-2.0840268098070904,2.1462365653237194,0.6281428280184503,0.0,0.0
-2.0840268098070904,2.2084463208403493,0.6371277568317331,0.0,0.0
-2.0840268098070904,2.270656076356979,0.6460778509518137,0.0,0.0
-2.0840268098070904,2.332865831873608,0.6549293646356805,0.0,0.0
-2.0840268098070904,2.395075587390238,0.6636121930104009,0.0,0.0
-2.0840268098070904,2.457285342906868,0.6720503603547481,0.0,0.0
-2.0840268098070904,2.519495098423497,0.6801628251508692,0.0,0.0
-2.0840268098070904,2.581704853940127,0.687864634856171,0.0,0.0
-2.0840268098070904,2.6439146094567567,0.6950684461542465,0.0,0.0
-2.0840268098070904,2.7061243649733857,0.7016864024306192,0.0,0.0
-2.0840268098070904,2.7683341204900156,0.7076323302219285,0.0,0.0
-2.0840268098070904,2.8305438760066455,0.7128241825170323,0.0,0.0
-2.0840268098070904,2.8927536315232745,0.7171866224905905,0.0,0.0
-2.0840268098070904,2.9549633870399044,0.7206536110669227,0.0,0.0
-2.0840268098070904,3.0171731425565333,0.7231708406971493,0.0,0.0
-2.0840268098070904,3.0793828980731632,0.7246978505495352,0.0,0.0
-2.021817054290461,-3.141592653589793,0.7110393389012243,0.0,0.0
-2.021817054290461,-3.0793828980731637,0.7105569212778193,0.0,0.0
-2.021817054290461,-3.017173142556534,0.7091173918260266,0.0,0.0
-2.021817054290461,-2.9549633870399044,0.7067436050223418,0.0,0.0
-2.021817054290461,-2.892753631523275,0.7034726240548792,0.0,0.0
-2.021817054290461,-2.8305438760066455,0.6993542636612363,0.0,0.0
-2.021817054290461,-2.7683341204900156,0.6944492076201645,0.0,0.0
-2.021817054290461,-2.706124364973386,0.6888268348790114,0.0,0.0
-2.021817054290461,-2.6439146094567567,0.682562897752636,0.0,0.0
-2.021817054290461,-2.581704853940127,0.6757371905732749,0.0,0.0
-2.021817054290461,-2.5194950984234974,0.6684313301473583,0.0,0.0
-2.021817054290461,-2.457285342906868,0.6607267441788429,0.0,0.0
-2.021817054290461,-2.395075587390238,0.6527029346476483,0.0,0.0
-2.021817054290461,-2.3328658318736086,0.6444360538441027,0.0,0.0
-2.021817054290461,-2.270656076356979,0.6359978043652004,0.0,0.0
-2.021817054290461,-2.2084463208403498,0.6274546528074996,0.0,0.0
-2.021817054290461,-2.1462365653237203,0.6188673310142269,0.0,0.0
-2.021817054290461,-2.0840268098070904,0.6102905885418302,0.0,0.0
-2.021817054290461,-2.021817054290461,0.6017731548803175,0.0,0.0
-2.021817054290461,-1.9596072987738313,0.5933578689241005,0.0,0.0
-2.021817054290461,-1.897397543257202,0.5850819351618501,0.0,0.0
-2.021817054290461,-1.8351877877405722,0.5769772700002158,0.0,0.0
-2.021817054290461,-1.7729780322239428,0.5690709066709022,0.0,0.0
-2.021817054290461,-1.7107682767073131,0.5613854325995313,0.0,0.0
-2.021817054290461,-1.6485585211906835,0.5539394384402849,0.0,0.0
-2.021817054290461,-1.586348765674054,0.5467479628802017,0.0,0.0
-2.021817054290461,-1.5241390101574244,0.539822921611616,0.0,0.0
-2.021817054290461,-1.461929254640795,0.5331735124880645,0.0,0.0
-2.021817054290461,-1.3997194991241653,0.5268065918196749,0.0,0.0
-2.021817054290461,-1.3375097436075358,0.5207270190768977,0.0,0.0
-2.021817054290461,-1.2752999880909062,0.514937969030232,0.0,0.0
-2.021817054290461,-1.2130902325742767,0.5094412116424116,0.0,0.0
-2.021817054290461,-1.150880477057647,0.5042373609326171,0.0,0.0
-2.021817054290461,-1.0886707215410176,0.49932609462794625,0.0,0.0
-2.021817054290461,-1.0264609660243877,0.4947063467746673,0.0,0.0
-2.021817054290461,-0.9642512105077583,0.4903764756593421,0.0,0.0
-2.021817054290461,-0.9020414549911289,0.4863344094359475,0.0,0.0
-2.021817054290461,-0.8398316994744994,0.48257777180826983,0.0,0.0
-2.021817054290461,-0.7776219439578695,0.4791039900072758,0.0,0.0
-2.021817054290461,-0.7154121884412401,0.4759103871538976,0.0,0.0
-2.021817054290461,-0.6532024329246107,0.4729942609258529,0.0,0.0
-2.021817054290461,-0.5909926774079808,0.4703529502651849,0.0,0.0
-2.021817054290461,-0.5287829218913513,0.4679838916798288,0.0,0.0
-2.021817054290461,-0.4665731663747219,0.4658846665135555,0.0,0.0
-2.021817054290461,-0.40436341085809246,0.46405304038773654,0.0,0.0
-2.021817054290461,-0.3421536553414626,0.46248699585757036,0.0,0.0
-2.021817054290461,-0.27994389982483314,0.4611847591755544,0.0,0.0
-2.021817054290461,-0.2177341443082037,0.46014482191607425,0.0,0.0
-2.021817054290461,-0.15552438879157382,0.4593659580864176,0.0,0.0
-2.021817054290461,-0.09331463327494438,0.4588472372302898,0.0,0.0
-2.021817054290461,-0.03110487775831494,0.45858803391872943,0.0,0.0
-2.021817054290461,0.031104877758314498,0.45858803391872943,0.0,0.0
-2.021817054290461,0.09331463327494438,0.4588472372302898,0.0,0.0
-2.021817054290461,0.15552438879157382,0.4593659580864176,0.0,0.0
-2.021817054290461,0.21773414430820326,0.4601448219160742,0.0,0.0
-2.021817054290461,0.2799438998248327,0.4611847591755545,0.0,0.0
-2.021817054290461,0.3421536553414626,0.46248699585757036,0.0,0.0
-2.021817054290461,0.404363410858092,0.46405304038773654,0.0,0.0
-2.021817054290461,0.46657316637472146,0.4658846665135555,0.0,0.0
-2.021817054290461,0.5287829218913513,0.4679838916798288,0.0,0.0
-2.021817054290461,0.5909926774079808,0.4703529502651849,0.0,0.0
-2.021817054290461,0.6532024329246102,0.4729942609258529,0.0,0.0
-2.021817054290461,0.7154121884412397,0.4759103871538975,0.0,0.0
-2.021817054290461,0.7776219439578695,0.4791039900072758,0.0,0.0
-2.021817054290461,0.839831699474499,0.48257777180826983,0.0,0.0
-2.021817054290461,0.9020414549911289,0.4863344094359475,0.0,0.0
-2.021817054290461,0.9642512105077579,0.49037647565934206,0.0,0.0
-2.021817054290461,1.0264609660243877,0.4947063467746673,0.0,0.0
-2.021817054290461,1.0886707215410176,0.49932609462794625,0.0,0.0
-2.021817054290461,1.1508804770576466,0.5042373609326171,0.0,0.0
-2.021817054290461,1.2130902325742765,0.5094412116424116,0.0,0.0
-2.021817054290461,1.2752999880909055,0.514937969030232,0.0,0.0
-2.021817054290461,1.3375097436075354,0.5207270190768977,0.0,0.0
-2.021817054290461,1.3997194991241653,0.5268065918196749,0.0,0.0
-2.021817054290461,1.4619292546407943,0.5331735124880644,0.0,0.0
-2.021817054290461,1.5241390101574241,0.539822921611616,0.0,0.0
-2.021817054290461,1.586348765674054,0.5467479628802017,0.0,0.0
-2.021817054290461,1.648558521190683,0.5539394384402849,0.0,0.0
-2.021817054290461,1.710768276707313,0.5613854325995313,0.0,0.0
-2.021817054290461,1.7729780322239428,0.5690709066709022,0.0,0.0
-2.021817054290461,1.8351877877405718,0.5769772700002158,0.0,0.0
-2.021817054290461,1.8973975432572017,0.58508193516185,0.0,0.0
-2.021817054290461,1.9596072987738316,0.5933578689241005,0.0,0.0
-2.021817054290461,2.0218170542904605,0.6017731548803175,0.0,0.0
-2.021817054290461,2.0840268098070904,0.6102905885418302,0.0,0.0
-2.021817054290461,2.1462365653237194,0.6188673310142268,0.0,0.0
-2.021817054290461,2.2084463208403493,0.6274546528074996,0.0,0.0
-2.021817054290461,2.270656076356979,0.6359978043652004,0.0,0.0
-2.021817054290461,2.332865831873608,0.6444360538441027,0.0,0.0
-2.021817054290461,2.395075587390238,0.6527029346476483,0.0,0.0
-2.021817054290461,2.457285342906868,0.6607267441788429,0.0,0.0
-2.021817054290461,2.519495098423497,0.6684313301473583,0.0,0.0
-2.021817054290461,2.581704853940127,0.6757371905732749,0.0,0.0
-2.021817054290461,2.6439146094567567,0.682562897752636,0.0,0.0
-2.021817054290461,2.7061243649733857,0.6888268348790113,0.0,0.0
-2.021817054290461,2.7683341204900156,0.6944492076201645,0.0,0.0
-2.021817054290461,2.8305438760066455,0.6993542636612363,0.0,0.0
-2.021817054290461,2.8927536315232745,0.7034726240548792,0.0,0.0
-2.021817054290461,2.9549633870399044,0.7067436050223418,0.0,0.0
-2.021817054290461,3.0171731425565333,0.7091173918260266,0.0,0.0
-2.021817054290461,3.0793828980731632,0.7105569212778193,0.0,0.0
-1.9596072987738313,-3.141592653589793,0.6972711257627052,0.0,0.0
-1.9596072987738313,-3.0793828980731637,0.6968161751347496,0.0,0.0
-1.9596072987738313,-3.017173142556534,0.6954583960277494,0.0,0.0
-1.9596072987738313,-2.9549633870399044,0.6932187268081405,0.0,0.0
-1.9596072987738313,-2.892753631523275,0.6901311529990203,0.0,0.0
-1.9596072987738313,-2.8305438760066455,0.6862414120800499,0.0,0.0
-1.9596072987738313,-2.7683341204900156,0.6816053159224742,0.0,0.0
-1.9596072987738313,-2.706124364973386,0.6762868069053852,0.0,0.0
-1.9596072987738313,-2.6439146094567567,0.6703558727075944,0.0,0.0
-1.9596072987738313,-2.581704853940127,0.6638864413587683,0.0,0.0
-1.9596072987738313,-2.5194950984234974,0.6569543643683864,0.0,0.0
-1.9596072987738313,-2.457285342906868,0.6496355747199805,0.0,0.0
-1.9596072987738313,-2.395075587390238,0.6420044817098646,0.0,0.0
-1.9596072987738313,-2.3328658318736086,0.634132639297408,0.0,0.0
-1.9596072987738313,-2.270656076356979,0.626087701438574,0.0,0.0
-1.9596072987738313,-2.2084463208403498,0.6179326585482283,0.0,0.0
-1.9596072987738313,-2.1462365653237203,0.6097253346487824,0.0,0.0
-1.9596072987738313,-2.0840268098070904,0.601518115028897,0.0,0.0
-1.9596072987738313,-2.021817054290461,0.5933578689241005,0.0,0.0
-1.9596072987738313,-1.9596072987738313,0.5852860300817533,0.0,0.0
-1.9596072987738313,-1.897397543257202,0.5773387991927922,0.0,0.0
-1.9596072987738313,-1.8351877877405722,0.5695474351813642,0.0,0.0
-1.9596072987738313,-1.7729780322239428,0.5619386064651151,0.0,0.0
-1.9596072987738313,-1.7107682767073131,0.5545347779092089,0.0,0.0
-1.9596072987738313,-1.6485585211906835,0.5473546138340692,0.0,0.0
-1.9596072987738313,-1.586348765674054,0.5404133817885713,0.0,0.0
-1.9596072987738313,-1.5241390101574244,0.5337233456812881,0.0,0.0
-1.9596072987738313,-1.461929254640795,0.5272941401841437,0.0,0.0
-1.9596072987738313,-1.3997194991241653,0.5211331210671386,0.0,0.0
-1.9596072987738313,-1.3375097436075358,0.5152456883173063,0.0,0.0
-1.9596072987738313,-1.2752999880909062,0.5096355805944054,0.0,0.0
-1.9596072987738313,-1.2130902325742767,0.5043051408475918,0.0,0.0
-1.9596072987738313,-1.150880477057647,0.4992555538322544,0.0,0.0
-1.9596072987738313,-1.0886707215410176,0.4944870568920176,0.0,0.0
-1.9596072987738313,-1.0264609660243877,0.4899991257688352,0.0,0.0
-1.9596072987738313,-0.9642512105077583,0.48579063742701034,0.0,0.0
-1.9596072987738313,-0.9020414549911289,0.48186001196920997,0.0,0.0
-1.9596072987738313,-0.8398316994744994,0.47820533572014934,0.0,0.0
-1.9596072987738313,-0.7776219439578695,0.4748244674852531,0.0,0.0
-1.9596072987738313,-0.7154121884412401,0.4717151298794735,0.0,0.0
-1.9596072987738313,-0.6532024329246107,0.46887498748239737,0.0,0.0
-1.9596072987738313,-0.5909926774079808,0.4663017134222721,0.0,0.0
-1.9596072987738313,-0.5287829218913513,0.46399304583253853,0.0,0.0
-1.9596072987738313,-0.4665731663747219,0.46194683546609955,0.0,0.0
-1.9596072987738313,-0.40436341085809246,0.46016108559890667,0.0,0.0
-1.9596072987738313,-0.3421536553414626,0.4586339852080108,0.0,0.0
-1.9596072987738313,-0.27994389982483314,0.45736393627123917,0.0,0.0
-1.9596072987738313,-0.2177341443082037,0.4563495759065267,0.0,0.0
-1.9596072987738313,-0.15552438879157382,0.4555897939484057,0.0,0.0
-1.9596072987738313,-0.09331463327494438,0.45508374644655386,0.0,0.0
-1.9596072987738313,-0.03110487775831494,0.4548308654656242,0.0,0.0
-1.9596072987738313,0.031104877758314498,0.4548308654656242,0.0,0.0
-1.9596072987738313,0.09331463327494438,0.45508374644655386,0.0,0.0
-1.9596072987738313,0.15552438879157382,0.4555897939484057,0.0,0.0
-1.9596072987738313,0.21773414430820326,0.4563495759065267,0.0,0.0
-1.9596072987738313,0.2799438998248327,0.45736393627123917,0.0,0.0
-1.9596072987738313,0.3421536553414626,0.4586339852080108,0.0,0.0
-1.9596072987738313,0.404363410858092,0.4601610855989066,0.0,0.0
-1.9596072987738313,0.46657316637472146,0.46194683546609955,0.0,0.0
-1.9596072987738313,0.5287829218913513,0.46399304583253853,0.0,0.0
-1.9596072987738313,0.5909926774079808,0.4663017134222721,0.0,0.0
-1.9596072987738313,0.6532024329246102,0.4688749874823975,0.0,0.0
-1.9596072987738313,0.7154121884412397,0.4717151298794734,0.0,0.0
-1.9596072987738313,0.7776219439578695,0.4748244674852531,0.0,0.0
-1.9596072987738313,0.839831699474499,0.47820533572014934,0.0,0.0
-1.9596072987738313,0.9020414549911289,0.48186001196920997,0.0,0.0
-1.9596072987738313,0.9642512105077579,0.48579063742701034,0.0,0.0
-1.9596072987738313,1.0264609660243877,0.4899991257688352,0.0,0.0
-1.9596072987738313,1.0886707215410176,0.4944870568920176,0.0,0.0
-1.9596072987738313,1.1508804770576466,0.4992555538322544,0.0,0.0
-1.9596072987738313,1.2130902325742765,0.5043051408475918,0.0,0.0
-1.9596072987738313,1.2752999880909055,0.5096355805944053,0.0,0.0
-1.9596072987738313,1.3375097436075354,0.5152456883173063,0.0,0.0
-1.9596072987738313,1.3997194991241653,0.5211331210671386,0.0,0.0
-1.9596072987738313,1.4619292546407943,0.5272941401841437,0.0,0.0
-1.9596072987738313,1.5241390101574241,0.533723345681288,0.0,0.0
-1.9596072987738313,1.586348765674054,0.5404133817885713,0.0,0.0
-1.9596072987738313,1.648558521190683,0.5473546138340692,0.0,0.0
-1.9596072987738313,1.710768276707313,0.5545347779092089,0.0,0.0
-1.9596072987738313,1.7729780322239428,0.5619386064651151,0.0,0.0
-1.9596072987738313,1.8351877877405718,0.5695474351813642,0.0,0.0
-1.9596072987738313,1.8973975432572017,0.5773387991927921,0.0,0.0
-1.9596072987738313,1.9596072987738316,0.5852860300817533,0.0,0.0
-1.9596072987738313,2.0218170542904605,0.5933578689241005,0.0,0.0
-1.9596072987738313,2.0840268098070904,0.601518115028897,0.0,0.0
-1.9596072987738313,2.1462365653237194,0.6097253346487823,0.0,0.0
-1.9596072987738313,2.2084463208403493,0.6179326585482282,0.0,0.0
-1.9596072987738313,2.270656076356979,0.626087701438574,0.0,0.0
-1.9596072987738313,2.332865831873608,0.634132639297408,0.0,0.0
-1.9596072987738313,2.395075587390238,0.6420044817098646,0.0,0.0
-1.9596072987738313,2.457285342906868,0.6496355747199805,0.0,0.0
-1.9596072987738313,2.519495098423497,0.6569543643683863,0.0,0.0
-1.9596072987738313,2.581704853940127,0.6638864413587683,0.0,0.0
-1.9596072987738313,2.6439146094567567,0.6703558727075944,0.0,0.0
-1.9596072987738313,2.7061243649733857,0.6762868069053851,0.0,0.0
-1.9596072987738313,2.7683341204900156,0.6816053159224742,0.0,0.0
-1.9596072987738313,2.8305438760066455,0.6862414120800499,0.0,0.0
-1.9596072987738313,2.8927536315232745,0.6901311529990202,0.0,0.0
-1.9596072987738313,2.9549633870399044,0.6932187268081405,0.0,0.0
-1.9596072987738313,3.0171731425565333,0.6954583960277493,0.0,0.0
-1.9596072987738313,3.0793828980731632,0.6968161751347495,0.0,0.0
-1.897397543257202,-3.141592653589793,0.683946854341936,0.0,0.0
-1.897397543257202,-3.0793828980731637,0.6835174737794555,0.0,0.0
-1.897397543257202,-3.017173142556534,0.6822358183622774,0.0,0.0
-1.897397543257202,-2.9549633870399044,0.68012109819081,0.0,0.0
-1.897397543257202,-2.892753631523275,0.677204519539938,0.0,0.0
-1.897397543257202,-2.8305438760066455,0.6735281314499421,0.0,0.0
-1.897397543257202,-2.7683341204900156,0.6691433281656436,0.0,0.0
-1.897397543257202,-2.706124364973386,0.6641091081508822,0.0,0.0
-1.897397543257202,-2.6439146094567567,0.6584901988014226,0.0,0.0
-1.897397543257202,-2.581704853940127,0.6523551538289643,0.0,0.0
-1.897397543257202,-2.5194950984234974,0.6457745191724803,0.0,0.0
-1.897397543257202,-2.457285342906868,0.6388191457278055,0.0,0.0
-1.897397543257202,-2.395075587390238,0.6315587060743993,0.0,0.0
-1.897397543257202,-2.3328658318736086,0.6240604504968521,0.0,0.0
-1.897397543257202,-2.270656076356979,0.6163882172261692,0.0,0.0
-1.897397543257202,-2.2084463208403498,0.6086016945415663,0.0,0.0
-1.897397543257202,-2.1462365653237203,0.6007559190237288,0.0,0.0
-1.897397543257202,-2.0840268098070904,0.59290098503741,0.0,0.0
-1.897397543257202,-2.021817054290461,0.5850819351618501,0.0,0.0
-1.897397543257202,-1.9596072987738313,0.5773387991927922,0.0,0.0
-1.897397543257202,-1.897397543257202,0.5697067497784261,0.0,0.0
-1.897397543257202,-1.8351877877405722,0.5622163449771619,0.0,0.0
-1.897397543257202,-1.7729780322239428,0.5548938313622411,0.0,0.0
-1.897397543257202,-1.7107682767073131,0.5477614851885251,0.0,0.0
-1.897397543257202,-1.6485585211906835,0.54083797315515,0.0,0.0
-1.897397543257202,-1.586348765674054,0.5341387181466776,0.0,0.0
-1.897397543257202,-1.5241390101574244,0.5276762588280193,0.0,0.0
-1.897397543257202,-1.461929254640795,0.5214605950058715,0.0,0.0
-1.897397543257202,-1.3997194991241653,0.515499513217841,0.0,0.0
-1.897397543257202,-1.3375097436075358,0.5097988890805801,0.0,0.0
-1.897397543257202,-1.2752999880909062,0.504362964558415,0.0,0.0
-1.897397543257202,-1.2130902325742767,0.4991945995572834,0.0,0.0
-1.897397543257202,-1.150880477057647,0.4942954981639233,0.0,0.0
-1.897397543257202,-1.0886707215410176,0.4896664104952555,0.0,0.0
-1.897397543257202,-1.0264609660243877,0.4853073115515086,0.0,0.0
-1.897397543257202,-0.9642512105077583,0.4812175587263089,0.0,0.0
-1.897397543257202,-0.9020414549911289,0.477396029758118,0.0,0.0
-1.897397543257202,-0.8398316994744994,0.4738412429434984,0.0,0.0
-1.897397543257202,-0.7776219439578695,0.47055146140070947,0.0,0.0
-1.897397543257202,-0.7154121884412401,0.467524783093328,0.0,0.0
-1.897397543257202,-0.6532024329246107,0.4647592182143533,0.0,0.0
-1.897397543257202,-0.5909926774079808,0.4622527554039205,0.0,0.0
-1.897397543257202,-0.5287829218913513,0.46000341813735335,0.0,0.0
-1.897397543257202,-0.4665731663747219,0.45800931248127996,0.0,0.0
-1.897397543257202,-0.40436341085809246,0.45626866727827925,0.0,0.0
-1.897397543257202,-0.3421536553414626,0.45477986768784584,0.0,0.0
-1.897397543257202,-0.27994389982483314,0.45354148288496754,0.0,0.0
-1.897397543257202,-0.2177341443082037,0.4525522885980267,0.0,0.0
-1.897397543257202,-0.15552438879157382,0.45181128505515344,0.0,0.0
-1.897397543257202,-0.09331463327494438,0.45131771080216193,0.0,0.0
-1.897397543257202,-0.03110487775831494,0.45107105275508197,0.0,0.0
-1.897397543257202,0.031104877758314498,0.45107105275508197,0.0,0.0
-1.897397543257202,0.09331463327494438,0.45131771080216193,0.0,0.0
-1.897397543257202,0.15552438879157382,0.45181128505515344,0.0,0.0
-1.897397543257202,0.21773414430820326,0.4525522885980267,0.0,0.0
-1.897397543257202,0.2799438998248327,0.45354148288496754,0.0,0.0
-1.897397543257202,0.3421536553414626,0.45477986768784584,0.0,0.0
-1.897397543257202,0.404363410858092,0.45626866727827925,0.0,0.0
-1.897397543257202,0.46657316637472146,0.45800931248127996,0.0,0.0
-1.897397543257202,0.5287829218913513,0.46000341813735335,0.0,0.0
-1.897397543257202,0.5909926774079808,0.4622527554039205,0.0,0.0
-1.897397543257202,0.6532024329246102,0.4647592182143533,0.0,0.0
-1.897397543257202,0.7154121884412397,0.4675247830933279,0.0,0.0
-1.897397543257202,0.7776219439578695,0.47055146140070947,0.0,0.0
-1.897397543257202,0.839831699474499,0.4738412429434984,0.0,0.0
-1.897397543257202,0.9020414549911289,0.477396029758118,0.0,0.0
-1.897397543257202,0.9642512105077579,0.4812175587263089,0.0,0.0
-1.897397543257202,1.0264609660243877,0.4853073115515086,0.0,0.0
-1.897397543257202,1.0886707215410176,0.4896664104952555,0.0,0.0
-1.897397543257202,1.1508804770576466,0.4942954981639233,0.0,0.0
-1.897397543257202,1.2130902325742765,0.4991945995572834,0.0,0.0
-1.897397543257202,1.2752999880909055,0.504362964558415,0.0,0.0
-1.897397543257202,1.3375097436075354,0.50979888908058,0.0,0.0
-1.897397543257202,1.3997194991241653,0.515499513217841,0.0,0.0
-1.897397543257202,1.4619292546407943,0.5214605950058714,0.0,0.0
-1.897397543257202,1.5241390101574241,0.5276762588280193,0.0,0.0
-1.897397543257202,1.586348765674054,0.5341387181466776,0.0,0.0
-1.897397543257202,1.648558521190683,0.5408379731551499,0.0,0.0
-1.897397543257202,1.710768276707313,0.5477614851885251,0.0,0.0
-1.897397543257202,1.7729780322239428,0.5548938313622411,0.0,0.0
-1.897397543257202,1.8351877877405718,0.5622163449771618,0.0,0.0
-1.897397543257202,1.8973975432572017,0.5697067497784261,0.0,0.0
-1.897397543257202,1.9596072987738316,0.5773387991927922,0.0,0.0
-1.897397543257202,2.0218170542904605,0.58508193516185,0.0,0.0
-1.897397543257202,2.0840268098070904,0.59290098503741,0.0,0.0
-1.897397543257202,2.1462365653237194,0.6007559190237287,0.0,0.0
-1.897397543257202,2.2084463208403493,0.6086016945415662,0.0,0.0
-1.897397543257202,2.270656076356979,0.6163882172261692,0.0,0.0
-1.897397543257202,2.332865831873608,0.6240604504968521,0.0,0.0
-1.897397543257202,2.395075587390238,0.6315587060743993,0.0,0.0
-1.897397543257202,2.457285342906868,0.6388191457278055,0.0,0.0
-1.897397543257202,2.519495098423497,0.6457745191724802,0.0,0.0
-1.897397543257202,2.581704853940127,0.6523551538289643,0.0,0.0
-1.897397543257202,2.6439146094567567,0.6584901988014226,0.0,0.0
-1.897397543257202,2.7061243649733857,0.6641091081508822,0.0,0.0
-1.897397543257202,2.7683341204900156,0.6691433281656436,0.0,0.0
-1.897397543257202,2.8305438760066455,0.6735281314499421,0.0,0.0
-1.897397543257202,2.8927536315232745,0.677204519539938,0.0,0.0
-1.897397543257202,2.9549633870399044,0.68012109819081,0.0,0.0
-1.897397543257202,3.0171731425565333,0.6822358183622774,0.0,0.0
-1.897397543257202,3.0793828980731632,0.6835174737794555,0.0,0.0
-1.8351877877405722,-3.141592653589793,0.6710976816619217,0.0,0.0
-1.8351877877405722,-3.0793828980731637,0.6706920351497111,0.0,0.0
-1.8351877877405722,-3.017173142556534,0.6694810543861587,0.0,0.0
-1.8351877877405722,-2.9549633870399044,0.6674823942091062,0.0,0.0
-1.8351877877405722,-2.892753631523275,0.6647247570325987,0.0,0.0
-1.8351877877405722,-2.8305438760066455,0.6612468633459753,0.0,0.0
-1.8351877877405722,-2.7683341204900156,0.65709611194115,0.0,0.0
-1.8351877877405722,-2.706124364973386,0.6523270175317241,0.0,0.0
-1.8351877877405722,-2.6439146094567567,0.6469995212548435,0.0,0.0
-1.8351877877405722,-2.581704853940127,0.641177268351783,0.0,0.0
-1.8351877877405722,-2.5194950984234974,0.6349259383529141,0.0,0.0
-1.8351877877405722,-2.457285342906868,0.6283116984030336,0.0,0.0
-1.8351877877405722,-2.395075587390238,0.6213998323724422,0.0,0.0
-1.8351877877405722,-2.3328658318736086,0.6142535794663668,0.0,0.0
-1.8351877877405722,-2.270656076356979,0.6069331981489915,0.0,0.0
-1.8351877877405722,-2.2084463208403498,0.5994952557554621,0.0,0.0
-1.8351877877405722,-2.1462365653237203,0.5919921319844625,0.0,0.0
-1.8351877877405722,-2.0840268098070904,0.5844717158044701,0.0,0.0
-1.8351877877405722,-2.021817054290461,0.5769772700002158,0.0,0.0
-1.8351877877405722,-1.9596072987738313,0.5695474351813642,0.0,0.0
-1.8351877877405722,-1.897397543257202,0.5622163449771619,0.0,0.0
-1.8351877877405722,-1.8351877877405722,0.5550138257189544,0.0,0.0
-1.8351877877405722,-1.7729780322239428,0.5479656565810995,0.0,0.0
-1.8351877877405722,-1.7107682767073131,0.5410938694131755,0.0,0.0
-1.8351877877405722,-1.6485585211906835,0.5344170709639087,0.0,0.0
-1.8351877877405722,-1.586348765674054,0.5279507735893639,0.0,0.0
-1.8351877877405722,-1.5241390101574244,0.5217077236703516,0.0,0.0
-1.8351877877405722,-1.461929254640795,0.5156982197312824,0.0,0.0
-1.8351877877405722,-1.3997194991241653,0.509930414609402,0.0,0.0
-1.8351877877405722,-1.3375097436075358,0.5044105979665008,0.0,0.0
-1.8351877877405722,-1.2752999880909062,0.4991434569895172,0.0,0.0
-1.8351877877405722,-1.2130902325742767,0.4941323143325143,0.0,0.0
-1.8351877877405722,-1.150880477057647,0.4893793432582451,0.0,0.0
-1.8351877877405722,-1.0886707215410176,0.48488576059222793,0.0,0.0
-1.8351877877405722,-1.0264609660243877,0.4806519985527828,0.0,0.0
-1.8351877877405722,-0.9642512105077583,0.4766778568091053,0.0,0.0
-1.8351877877405722,-0.9020414549911289,0.4729626362828333,0.0,0.0
-1.8351877877405722,-0.8398316994744994,0.4695052562775136,0.0,0.0
-1.8351877877405722,-0.7776219439578695,0.466304356520149,0.0,0.0
-1.8351877877405722,-0.7154121884412401,0.46335838564979775,0.0,0.0
-1.8351877877405722,-0.6532024329246107,0.46066567760580707,0.0,0.0
-1.8351877877405722,-0.5909926774079808,0.4582245172647999,0.0,0.0
-1.8351877877405722,-0.5287829218913513,0.4560331965600219,0.0,0.0
-1.8351877877405722,-0.4665731663747219,0.45409006219568054,0.0,0.0
-1.8351877877405722,-0.40436341085809246,0.45239355594706654,0.0,0.0
-1.8351877877405722,-0.3421536553414626,0.4509422484176383,0.0,0.0
-1.8351877877405722,-0.27994389982483314,0.4497348670087618,0.0,0.0
-1.8351877877405722,-0.2177341443082037,0.44877031874746715,0.0,0.0
-1.8351877877405722,-0.15552438879157382,0.44804770851275133,0.0,0.0
-1.8351877877405722,-0.09331463327494438,0.44756635310149184,0.0,0.0
-1.8351877877405722,-0.03110487775831494,0.44732579148045665,0.0,0.0
-1.8351877877405722,0.031104877758314498,0.44732579148045665,0.0,0.0
-1.8351877877405722,0.09331463327494438,0.44756635310149184,0.0,0.0
-1.8351877877405722,0.15552438879157382,0.44804770851275133,0.0,0.0
-1.8351877877405722,0.21773414430820326,0.44877031874746715,0.0,0.0
-1.8351877877405722,0.2799438998248327,0.4497348670087618,0.0,0.0
-1.8351877877405722,0.3421536553414626,0.4509422484176383,0.0,0.0
-1.8351877877405722,0.404363410858092,0.45239355594706654,0.0,0.0
-1.8351877877405722,0.46657316637472146,0.4540900621956805,0.0,0.0
-1.8351877877405722,0.5287829218913513,0.4560331965600219,0.0,0.0
-1.8351877877405722,0.5909926774079808,0.4582245172647999,0.0,0.0
-1.8351877877405722,0.6532024329246102,0.460665677605807,0.0,0.0
-1.8351877877405722,0.7154121884412397,0.46335838564979775,0.0,0.0
-1.8351877877405722,0.7776219439578695,0.466304356520149,0.0,0.0
-1.8351877877405722,0.839831699474499,0.4695052562775136,0.0,0.0
-1.8351877877405722,0.9020414549911289,0.4729626362828333,0.0,0.0
-1.8351877877405722,0.9642512105077579,0.4766778568091052,0.0,0.0
-1.8351877877405722,1.0264609660243877,0.4806519985527828,0.0,0.0
-1.8351877877405722,1.0886707215410176,0.48488576059222793,0.0,0.0
-1.8351877877405722,1.1508804770576466,0.48937934325824506,0.0,0.0
-1.8351877877405722,1.2130902325742765,0.4941323143325142,0.0,0.0
-1.8351877877405722,1.2752999880909055,0.4991434569895171,0.0,0.0
-1.8351877877405722,1.3375097436075354,0.5044105979665007,0.0,0.0
-1.8351877877405722,1.3997194991241653,0.509930414609402,0.0,0.0
-1.8351877877405722,1.4619292546407943,0.5156982197312824,0.0,0.0
-1.8351877877405722,1.5241390101574241,0.5217077236703516,0.0,0.0
-1.8351877877405722,1.586348765674054,0.5279507735893639,0.0,0.0
-1.8351877877405722,1.648558521190683,0.5344170709639087,0.0,0.0
-1.8351877877405722,1.710768276707313,0.5410938694131755,0.0,0.0
-1.8351877877405722,1.7729780322239428,0.5479656565810995,0.0,0.0
-1.8351877877405722,1.8351877877405718,0.5550138257189543,0.0,0.0
-1.8351877877405722,1.8973975432572017,0.5622163449771619,0.0,0.0
-1.8351877877405722,1.9596072987738316,0.5695474351813642,0.0,0.0
-1.8351877877405722,2.0218170542904605,0.5769772700002158,0.0,0.0
-1.8351877877405722,2.0840268098070904,0.5844717158044701,0.0,0.0
-1.8351877877405722,2.1462365653237194,0.5919921319844624,0.0,0.0
-1.8351877877405722,2.2084463208403493,0.5994952557554621,0.0,0.0
-1.8351877877405722,2.270656076356979,0.6069331981489915,0.0,0.0
-1.8351877877405722,2.332865831873608,0.6142535794663667,0.0,0.0
-1.8351877877405722,2.395075587390238,0.6213998323724422,0.0,0.0
-1.8351877877405722,2.457285342906868,0.6283116984030336,0.0,0.0
-1.8351877877405722,2.519495098423497,0.634925938352914,0.0,0.0
-1.8351877877405722,2.581704853940127,0.641177268351783,0.0,0.0
-1.8351877877405722,2.6439146094567567,0.6469995212548435,0.0,0.0
-1.8351877877405722,2.7061243649733857,0.652327017531724,0.0,0.0
-1.8351877877405722,2.7683341204900156,0.65709611194115,0.0,0.0
-1.8351877877405722,2.8305438760066455,0.6612468633459753,0.0,0.0
-1.8351877877405722,2.8927536315232745,0.6647247570325987,0.0,0.0
-1.8351877877405722,2.9549633870399044,0.6674823942091062,0.0,0.0
-1.8351877877405722,3.0171731425565333,0.6694810543861587,0.0,0.0
-1.8351877877405722,3.0793828980731632,0.6706920351497111,0.0,0.0
-1.7729780322239428,-3.141592653589793,0.6587457166922701,0.0,0.0
-1.7729780322239428,-3.0793828980731637,0.658362046285361,0.0,0.0
-1.7729780322239428,-3.017173142556534,0.6572165201988439,0.0,0.0
-1.7729780322239428,-2.9549633870399044,0.6553253960543397,0.0,0.0
-1.7729780322239428,-2.892753631523275,0.6527151244461462,0.0,0.0
-1.7729780322239428,-2.8305438760066455,0.6494214276025118,0.0,0.0
-1.7729780322239428,-2.7683341204900156,0.6454880977524496,0.0,0.0
-1.7729780322239428,-2.706124364973386,0.6409655917301178,0.0,0.0
-1.7729780322239428,-2.6439146094567567,0.63590950561244,0.0,0.0
-1.7729780322239428,-2.581704853940127,0.6303790127073702,0.0,0.0
-1.7729780322239428,-2.5194950984234974,0.6244353409749364,0.0,0.0
-1.7729780322239428,-2.457285342906868,0.6181403536550373,0.0,0.0
-1.7729780322239428,-2.395075587390238,0.6115552815154085,0.0,0.0
-1.7729780322239428,-2.3328658318736086,0.6047396387266097,0.0,0.0
-1.7729780322239428,-2.270656076356979,0.5977503386370115,0.0,0.0
-1.7729780322239428,-2.2084463208403498,0.5906410119266678,0.0,0.0
-1.7729780322239428,-2.1462365653237203,0.5834615185270532,0.0,0.0
-1.7729780322239428,-2.0840268098070904,0.5762576365978554,0.0,0.0
-1.7729780322239428,-2.021817054290461,0.5690709066709022,0.0,0.0
-1.7729780322239428,-1.9596072987738313,0.5619386064651151,0.0,0.0
-1.7729780322239428,-1.897397543257202,0.5548938313622411,0.0,0.0
-1.7729780322239428,-1.8351877877405722,0.5479656565810995,0.0,0.0
-1.7729780322239428,-1.7729780322239428,0.541179359191511,0.0,0.0
-1.7729780322239428,-1.7107682767073131,0.534556680827708,0.0,0.0
-1.7729780322239428,-1.6485585211906835,0.528116114941769,0.0,0.0
-1.7729780322239428,-1.586348765674054,0.5218732054181118,0.0,0.0
-1.7729780322239428,-1.5241390101574244,0.515840846171452,0.0,0.0
-1.7729780322239428,-1.461929254640795,0.510029573864135,0.0,0.0
-1.7729780322239428,-1.3997194991241653,0.5044478480506059,0.0,0.0
-1.7729780322239428,-1.3375097436075358,0.49910231487324713,0.0,0.0
-1.7729780322239428,-1.2752999880909062,0.4939980519082278,0.0,0.0
-1.7729780322239428,-1.2130902325742767,0.4891387929222935,0.0,0.0
-1.7729780322239428,-1.150880477057647,0.4845271321900831,0.0,0.0
-1.7729780322239428,-1.0886707215410176,0.4801647086780392,0.0,0.0
-1.7729780322239428,-1.0264609660243877,0.4760523708658264,0.0,0.0
-1.7729780322239428,-0.9642512105077583,0.47219032328682686,0.0,0.0
-1.7729780322239428,-0.9020414549911289,0.4685782560587715,0.0,0.0
-1.7729780322239428,-0.8398316994744994,0.46521545877216536,0.0,0.0
-1.7729780322239428,-0.7776219439578695,0.4621009201313235,0.0,0.0
-1.7729780322239428,-0.7154121884412401,0.4592334147196463,0.0,0.0
-1.7729780322239428,-0.6532024329246107,0.4566115782023413,0.0,0.0
-1.7729780322239428,-0.5909926774079808,0.4542339721979159,0.0,0.0
-1.7729780322239428,-0.5287829218913513,0.45209913995335466,0.0,0.0
-1.7729780322239428,-0.4665731663747219,0.4502056538535835,0.0,0.0
-1.7729780322239428,-0.40436341085809246,0.448552155688367,0.0,0.0
-1.7729780322239428,-0.3421536553414626,0.4471373904924786,0.0,0.0
-1.7729780322239428,-0.27994389982483314,0.4459602346699697,0.0,0.0
-1.7729780322239428,-0.2177341443082037,0.4450197190118948,0.0,0.0
-1.7729780322239428,-0.15552438879157382,0.4443150471195361,0.0,0.0
-1.7729780322239428,-0.09331463327494438,0.44384560965208436,0.0,0.0
-1.7729780322239428,-0.03110487775831494,0.4436109947286289,0.0,0.0
-1.7729780322239428,0.031104877758314498,0.4436109947286289,0.0,0.0
-1.7729780322239428,0.09331463327494438,0.44384560965208436,0.0,0.0
-1.7729780322239428,0.15552438879157382,0.4443150471195361,0.0,0.0
-1.7729780322239428,0.21773414430820326,0.44501971901189485,0.0,0.0
-1.7729780322239428,0.2799438998248327,0.4459602346699697,0.0,0.0
-1.7729780322239428,0.3421536553414626,0.4471373904924786,0.0,0.0
-1.7729780322239428,0.404363410858092,0.4485521556883669,0.0,0.0
-1.7729780322239428,0.46657316637472146,0.4502056538535834,0.0,0.0
-1.7729780322239428,0.5287829218913513,0.45209913995335466,0.0,0.0
-1.7729780322239428,0.5909926774079808,0.4542339721979159,0.0,0.0
-1.7729780322239428,0.6532024329246102,0.4566115782023413,0.0,0.0
-1.7729780322239428,0.7154121884412397,0.4592334147196463,0.0,0.0
-1.7729780322239428,0.7776219439578695,0.4621009201313235,0.0,0.0
-1.7729780322239428,0.839831699474499,0.46521545877216536,0.0,0.0
-1.7729780322239428,0.9020414549911289,0.4685782560587715,0.0,0.0
-1.7729780322239428,0.9642512105077579,0.47219032328682675,0.0,0.0
-1.7729780322239428,1.0264609660243877,0.4760523708658264,0.0,0.0
-1.7729780322239428,1.0886707215410176,0.4801647086780392,0.0,0.0
-1.7729780322239428,1.1508804770576466,0.4845271321900831,0.0,0.0
-1.7729780322239428,1.2130902325742765,0.4891387929222935,0.0,0.0
-1.7729780322239428,1.2752999880909055,0.4939980519082278,0.0,0.0
-1.7729780322239428,1.3375097436075354,0.49910231487324713,0.0,0.0
-1.7729780322239428,1.3997194991241653,0.5044478480506059,0.0,0.0
-1.7729780322239428,1.4619292546407943,0.5100295738641349,0.0,0.0
-1.7729780322239428,1.5241390101574241,0.515840846171452,0.0,0.0
-1.7729780322239428,1.586348765674054,0.5218732054181118,0.0,0.0
-1.7729780322239428,1.648558521190683,0.528116114941769,0.0,0.0
-1.7729780322239428,1.710768276707313,0.534556680827708,0.0,0.0
-1.7729780322239428,1.7729780322239428,0.541179359191511,0.0,0.0
-1.7729780322239428,1.8351877877405718,0.5479656565810995,0.0,0.0
-1.7729780322239428,1.8973975432572017,0.554893831362241,0.0,0.0
-1.7729780322239428,1.9596072987738316,0.5619386064651151,0.0,0.0
-1.7729780322239428,2.0218170542904605,0.5690709066709021,0.0,0.0
-1.7729780322239428,2.0840268098070904,0.5762576365978554,0.0,0.0
-1.7729780322239428,2.1462365653237194,0.5834615185270531,0.0,0.0
-1.7729780322239428,2.2084463208403493,0.5906410119266678,0.0,0.0
-1.7729780322239428,2.270656076356979,0.5977503386370115,0.0,0.0
-1.7729780322239428,2.332865831873608,0.6047396387266096,0.0,0.0
-1.7729780322239428,2.395075587390238,0.6115552815154085,0.0,0.0
-1.7729780322239428,2.457285342906868,0.6181403536550373,0.0,0.0
-1.7729780322239428,2.519495098423497,0.6244353409749364,0.0,0.0
-1.7729780322239428,2.581704853940127,0.6303790127073702,0.0,0.0
-1.7729780322239428,2.6439146094567567,0.63590950561244,0.0,0.0
-1.7729780322239428,2.7061243649733857,0.6409655917301178,0.0,0.0
-1.7729780322239428,2.7683341204900156,0.6454880977524496,0.0,0.0
-1.7729780322239428,2.8305438760066455,0.6494214276025118,0.0,0.0
-1.7729780322239428,2.8927536315232745,0.6527151244461462,0.0,0.0
-1.7729780322239428,2.9549633870399044,0.6553253960543397,0.0,0.0
-1.7729780322239428,3.0171731425565333,0.6572165201988438,0.0,0.0
-1.7729780322239428,3.0793828980731632,0.6583620462853609,0.0,0.0
-1.7107682767073131,-3.141592653589793,0.6469055032261836,0.0,0.0
-1.7107682767073131,-3.0793828980731637,0.6465421400266899,0.0,0.0
-1.7107682767073131,-3.017173142556534,0.6454571107737933,0.0,0.0
-1.7107682767073131,-2.9549633870399044,0.6436654193452316,0.0,0.0
-1.7107682767073131,-2.892753631523275,0.6411914937053463,0.0,0.0
-1.7107682767073131,-2.8305438760066455,0.6380683589359181,0.0,0.0
-1.7107682767073131,-2.7683341204900156,0.6343365564597284,0.0,0.0
-1.7107682767073131,-2.706124364973386,0.6300428765041179,0.0,0.0
-1.7107682767073131,-2.6439146094567567,0.6252389775715396,0.0,0.0
-1.7107682767073131,-2.581704853940127,0.6199799667369807,0.0,0.0
-1.7107682767073131,-2.5194950984234974,0.6143230087575645,0.0,0.0
-1.7107682767073131,-2.457285342906868,0.6083260216418354,0.0,0.0
-1.7107682767073131,-2.395075587390238,0.602046503178548,0.0,0.0
-1.7107682767073131,-2.3328658318736086,0.5955405186778495,0.0,0.0
-1.7107682767073131,-2.270656076356979,0.5888618663257502,0.0,0.0
-1.7107682767073131,-2.2084463208403498,0.5820614242265844,0.0,0.0
-1.7107682767073131,-2.1462365653237203,0.5751866731194437,0.0,0.0
-1.7107682767073131,-2.0840268098070904,0.5682813812157348,0.0,0.0
-1.7107682767073131,-2.021817054290461,0.5613854325995313,0.0,0.0
-1.7107682767073131,-1.9596072987738313,0.5545347779092089,0.0,0.0
-1.7107682767073131,-1.897397543257202,0.5477614851885251,0.0,0.0
-1.7107682767073131,-1.8351877877405722,0.5410938694131755,0.0,0.0
-1.7107682767073131,-1.7729780322239428,0.534556680827708,0.0,0.0
-1.7107682767073131,-1.7107682767073131,0.5281713344784869,0.0,0.0
-1.7107682767073131,-1.6485585211906835,0.52195616588176,0.0,0.0
-1.7107682767073131,-1.586348765674054,0.5159267003781828,0.0,0.0
-1.7107682767073131,-1.5241390101574244,0.5100959262247908,0.0,0.0
-1.7107682767073131,-1.461929254640795,0.504474563752972,0.0,0.0
-1.7107682767073131,-1.3997194991241653,0.4990713249169558,0.0,0.0
-1.7107682767073131,-1.3375097436075358,0.49389315924963295,0.0,0.0
-1.7107682767073131,-1.2752999880909062,0.48894548363523677,0.0,0.0
-1.7107682767073131,-1.2130902325742767,0.48423239442244426,0.0,0.0
-1.7107682767073131,-1.150880477057647,0.47975686126710626,0.0,0.0
-1.7107682767073131,-1.0886707215410176,0.4755209027455891,0.0,0.0
-1.7107682767073131,-1.0264609660243877,0.4715257442524287,0.0,0.0
-1.7107682767073131,-0.9642512105077583,0.4677719590226306,0.0,0.0
-1.7107682767073131,-0.9020414549911289,0.4642595933291232,0.0,0.0
-1.7107682767073131,-0.8398316994744994,0.46098827702535883,0.0,0.0
-1.7107682767073131,-0.7776219439578695,0.45795732065357886,0.0,0.0
-1.7107682767073131,-0.7154121884412401,0.45516580033872034,0.0,0.0
-1.7107682767073131,-0.6532024329246107,0.45261263165072796,0.0,0.0
-1.7107682767073131,-0.5909926774079808,0.45029663355552024,0.0,0.0
-1.7107682767073131,-0.5287829218913513,0.44821658349577664,0.0,0.0
-1.7107682767073131,-0.4665731663747219,0.4463712645536931,0.0,0.0
-1.7107682767073131,-0.40436341085809246,0.4447595055537166,0.0,0.0
-1.7107682767073131,-0.3421536553414626,0.4433802148674746,0.0,0.0
-1.7107682767073131,-0.27994389982483314,0.44223240858796853,0.0,0.0
-1.7107682767073131,-0.2177341443082037,0.4413152336470862,0.0,0.0
-1.7107682767073131,-0.15552438879157382,0.4406279863603754,0.0,0.0
-1.7107682767073131,-0.09331463327494438,0.44017012679613365,0.0,0.0
-1.7107682767073131,-0.03110487775831494,0.43994128928210585,0.0,0.0
-1.7107682767073131,0.031104877758314498,0.43994128928210585,0.0,0.0
-1.7107682767073131,0.09331463327494438,0.44017012679613365,0.0,0.0
-1.7107682767073131,0.15552438879157382,0.4406279863603754,0.0,0.0
-1.7107682767073131,0.21773414430820326,0.4413152336470862,0.0,0.0
-1.7107682767073131,0.2799438998248327,0.44223240858796853,0.0,0.0
-1.7107682767073131,0.3421536553414626,0.4433802148674746,0.0,0.0
-1.7107682767073131,0.404363410858092,0.44475950555371674,0.0,0.0
-1.7107682767073131,0.46657316637472146,0.44637126455369297,0.0,0.0
-1.7107682767073131,0.5287829218913513,0.44821658349577664,0.0,0.0
-1.7107682767073131,0.5909926774079808,0.45029663355552024,0.0,0.0
-1.7107682767073131,0.6532024329246102,0.45261263165072785,0.0,0.0
-1.7107682767073131,0.7154121884412397,0.45516580033872023,0.0,0.0
-1.7107682767073131,0.7776219439578695,0.45795732065357886,0.0,0.0
-1.7107682767073131,0.839831699474499,0.46098827702535883,0.0,0.0
-1.7107682767073131,0.9020414549911289,0.4642595933291232,0.0,0.0
-1.7107682767073131,0.9642512105077579,0.4677719590226305,0.0,0.0
-1.7107682767073131,1.0264609660243877,0.4715257442524287,0.0,0.0
-1.7107682767073131,1.0886707215410176,0.4755209027455891,0.0,0.0
-1.7107682767073131,1.1508804770576466,0.47975686126710626,0.0,0.0
-1.7107682767073131,1.2130902325742765,0.48423239442244426,0.0,0.0
-1.7107682767073131,1.2752999880909055,0.48894548363523677,0.0,0.0
-1.7107682767073131,1.3375097436075354,0.49389315924963284,0.0,0.0
-1.7107682767073131,1.3997194991241653,0.4990713249169558,0.0,0.0
-1.7107682767073131,1.4619292546407943,0.5044745637529718,0.0,0.0
-1.7107682767073131,1.5241390101574241,0.5100959262247908,0.0,0.0
-1.7107682767073131,1.586348765674054,0.5159267003781828,0.0,0.0
-1.7107682767073131,1.648558521190683,0.52195616588176,0.0,0.0
-1.7107682767073131,1.710768276707313,0.5281713344784869,0.0,0.0
-1.7107682767073131,1.7729780322239428,0.534556680827708,0.0,0.0
-1.7107682767073131,1.8351877877405718,0.5410938694131754,0.0,0.0
-1.7107682767073131,1.8973975432572017,0.5477614851885251,0.0,0.0
-1.7107682767073131,1.9596072987738316,0.5545347779092089,0.0,0.0
-1.7107682767073131,2.0218170542904605,0.5613854325995313,0.0,0.0
-1.7107682767073131,2.0840268098070904,0.5682813812157348,0.0,0.0
-1.7107682767073131,2.1462365653237194,0.5751866731194436,0.0,0.0
-1.7107682767073131,2.2084463208403493,0.5820614242265842,0.0,0.0
-1.7107682767073131,2.270656076356979,0.5888618663257502,0.0,0.0
-1.7107682767073131,2.332865831873608,0.5955405186778494,0.0,0.0
-1.7107682767073131,2.395075587390238,0.602046503178548,0.0,0.0
-1.7107682767073131,2.457285342906868,0.6083260216418354,0.0,0.0
-1.7107682767073131,2.519495098423497,0.6143230087575644,0.0,0.0
-1.7107682767073131,2.581704853940127,0.6199799667369807,0.0,0.0
-1.7107682767073131,2.6439146094567567,0.6252389775715396,0.0,0.0
-1.7107682767073131,2.7061243649733857,0.6300428765041179,0.0,0.0
-1.7107682767073131,2.7683341204900156,0.6343365564597284,0.0,0.0
-1.7107682767073131,2.8305438760066455,0.6380683589359181,0.0,0.0
-1.7107682767073131,2.8927536315232745,0.6411914937053464,0.0,0.0
-1.7107682767073131,2.9549633870399044,0.6436654193452316,0.0,0.0
-1.7107682767073131,3.0171731425565333,0.6454571107737932,0.0,0.0
-1.7107682767073131,3.0793828980731632,0.6465421400266897,0.0,0.0
-1.6485585211906835,-3.141592653589793,0.6355853476230435,0.0,0.0
-1.6485585211906835,-3.0793828980731637,0.6352407179040855,0.0,0.0
-1.6485585211906835,-3.017173142556534,0.6342115083998667,0.0,0.0
-1.6485585211906835,-2.9549633870399044,0.6325115988552739,0.0,0.0
-1.6485585211906835,-2.892753631523275,0.6301636019805471,0.0,0.0
-1.6485585211906835,-2.8305438760066455,0.6271981188162574,0.0,0.0
-1.6485585211906835,-2.7683341204900156,0.6236527636739477,0.0,0.0
-1.6485585211906835,-2.706124364973386,0.6195710176141976,0.0,0.0
-1.6485585211906835,-2.6439146094567567,0.6150009756286824,0.0,0.0
-1.6485585211906835,-2.581704853940127,0.6099940531338586,0.0,0.0
-1.6485585211906835,-2.5194950984234974,0.6046037126792676,0.0,0.0
-1.6485585211906835,-2.457285342906868,0.5988842630653969,0.0,0.0
-1.6485585211906835,-2.395075587390238,0.5928897717789718,0.0,0.0
-1.6485585211906835,-2.3328658318736086,0.5866731192502402,0.0,0.0
-1.6485585211906835,-2.270656076356979,0.5802852112182594,0.0,0.0
-1.6485585211906835,-2.2084463208403498,0.5737743544648352,0.0,0.0
-1.6485585211906835,-2.1462365653237203,0.567185792005239,0.0,0.0
-1.6485585211906835,-2.0840268098070904,0.5605613868232177,0.0,0.0
-1.6485585211906835,-2.021817054290461,0.5539394384402849,0.0,0.0
-1.6485585211906835,-1.9596072987738313,0.5473546138340692,0.0,0.0
-1.6485585211906835,-1.897397543257202,0.54083797315515,0.0,0.0
-1.6485585211906835,-1.8351877877405722,0.5344170709639087,0.0,0.0
-1.6485585211906835,-1.7729780322239428,0.528116114941769,0.0,0.0
-1.6485585211906835,-1.7107682767073131,0.52195616588176,0.0,0.0
-1.6485585211906835,-1.6485585211906835,0.5159553649435805,0.0,0.0
-1.6485585211906835,-1.586348765674054,0.5101291764433212,0.0,0.0
-1.6485585211906835,-1.5241390101574244,0.5044906366746202,0.0,0.0
-1.6485585211906835,-1.461929254640795,0.4990506013180924,0.0,0.0
-1.6485585211906835,-1.3997194991241653,0.4938179858262897,0.0,0.0
-1.6485585211906835,-1.3375097436075358,0.4887999947438786,0.0,0.0
-1.6485585211906835,-1.2752999880909062,0.4840023372337801,0.0,0.0
-1.6485585211906835,-1.2130902325742767,0.4794294271430545,0.0,0.0
-1.6485585211906835,-1.150880477057647,0.47508456678060307,0.0,0.0
-1.6485585211906835,-1.0886707215410176,0.47097011422066426,0.0,0.0
-1.6485585211906835,-1.0264609660243877,0.46708763442131807,0.0,0.0
-1.6485585211906835,-0.9642512105077583,0.4634380347846457,0.0,0.0
-1.6485585211906835,-0.9020414549911289,0.4600216860112692,0.0,0.0
-1.6485585211906835,-0.8398316994744994,0.4568385292401335,0.0,0.0
-1.6485585211906835,-0.7776219439578695,0.45388817053459607,0.0,0.0
-1.6485585211906835,-0.7154121884412401,0.45116996379488183,0.0,0.0
-1.6485585211906835,-0.6532024329246107,0.44868308315836836,0.0,0.0
-1.6485585211906835,-0.5909926774079808,0.44642658590389034,0.0,0.0
-1.6485585211906835,-0.5287829218913513,0.44439946681279524,0.0,0.0
-1.6485585211906835,-0.4665731663747219,0.4426007048643903,0.0,0.0
-1.6485585211906835,-0.40436341085809246,0.4410293030615427,0.0,0.0
-1.6485585211906835,-0.3421536553414626,0.4396843220970842,0.0,0.0
-1.6485585211906835,-0.27994389982483314,0.4385649084857819,0.0,0.0
-1.6485585211906835,-0.2177341443082037,0.43767031770159265,0.0,0.0
-1.6485585211906835,-0.15552438879157382,0.4369999327766945,0.0,0.0
-1.6485585211906835,-0.09331463327494438,0.43655327873784305,0.0,0.0
-1.6485585211906835,-0.03110487775831494,0.43633003317702945,0.0,0.0
-1.6485585211906835,0.031104877758314498,0.43633003317702945,0.0,0.0
-1.6485585211906835,0.09331463327494438,0.43655327873784305,0.0,0.0
-1.6485585211906835,0.15552438879157382,0.4369999327766945,0.0,0.0
-1.6485585211906835,0.21773414430820326,0.43767031770159265,0.0,0.0
-1.6485585211906835,0.2799438998248327,0.4385649084857819,0.0,0.0
-1.6485585211906835,0.3421536553414626,0.4396843220970842,0.0,0.0
-1.6485585211906835,0.404363410858092,0.4410293030615426,0.0,0.0
-1.6485585211906835,0.46657316637472146,0.4426007048643902,0.0,0.0
-1.6485585211906835,0.5287829218913513,0.44439946681279524,0.0,0.0
-1.6485585211906835,0.5909926774079808,0.44642658590389034,0.0,0.0
-1.6485585211906835,0.6532024329246102,0.4486830831583684,0.0,0.0
-1.6485585211906835,0.7154121884412397,0.4511699637948817,0.0,0.0
-1.6485585211906835,0.7776219439578695,0.45388817053459607,0.0,0.0
-1.6485585211906835,0.839831699474499,0.4568385292401335,0.0,0.0
-1.6485585211906835,0.9020414549911289,0.4600216860112692,0.0,0.0
-1.6485585211906835,0.9642512105077579,0.4634380347846457,0.0,0.0
-1.6485585211906835,1.0264609660243877,0.46708763442131807,0.0,0.0
-1.6485585211906835,1.0886707215410176,0.47097011422066426,0.0,0.0
-1.6485585211906835,1.1508804770576466,0.47508456678060307,0.0,0.0
-1.6485585211906835,1.2130902325742765,0.47942942714305437,0.0,0.0
-1.6485585211906835,1.2752999880909055,0.4840023372337801,0.0,0.0
-1.6485585211906835,1.3375097436075354,0.4887999947438786,0.0,0.0
-1.6485585211906835,1.3997194991241653,0.4938179858262897,0.0,0.0
-1.6485585211906835,1.4619292546407943,0.4990506013180923,0.0,0.0
-1.6485585211906835,1.5241390101574241,0.5044906366746202,0.0,0.0
-1.6485585211906835,1.586348765674054,0.5101291764433212,0.0,0.0
-1.6485585211906835,1.648558521190683,0.5159553649435805,0.0,0.0
-1.6485585211906835,1.710768276707313,0.52195616588176,0.0,0.0
-1.6485585211906835,1.7729780322239428,0.528116114941769,0.0,0.0
-1.6485585211906835,1.8351877877405718,0.5344170709639087,0.0,0.0
-1.6485585211906835,1.8973975432572017,0.5408379731551499,0.0,0.0
-1.6485585211906835,1.9596072987738316,0.5473546138340694,0.0,0.0
-1.6485585211906835,2.0218170542904605,0.5539394384402848,0.0,0.0
-1.6485585211906835,2.0840268098070904,0.5605613868232177,0.0,0.0
-1.6485585211906835,2.1462365653237194,0.567185792005239,0.0,0.0
-1.6485585211906835,2.2084463208403493,0.573774354464835,0.0,0.0
-1.6485585211906835,2.270656076356979,0.5802852112182594,0.0,0.0
-1.6485585211906835,2.332865831873608,0.5866731192502402,0.0,0.0
-1.6485585211906835,2.395075587390238,0.5928897717789718,0.0,0.0
-1.6485585211906835,2.457285342906868,0.5988842630653969,0.0,0.0
-1.6485585211906835,2.519495098423497,0.6046037126792675,0.0,0.0
-1.6485585211906835,2.581704853940127,0.6099940531338586,0.0,0.0
-1.6485585211906835,2.6439146094567567,0.6150009756286824,0.0,0.0
-1.6485585211906835,2.7061243649733857,0.6195710176141976,0.0,0.0
-1.6485585211906835,2.7683341204900156,0.6236527636739477,0.0,0.0
-1.6485585211906835,2.8305438760066455,0.6271981188162574,0.0,0.0
-1.6485585211906835,2.8927536315232745,0.6301636019805471,0.0,0.0
-1.6485585211906835,2.9549633870399044,0.6325115988552739,0.0,0.0
-1.6485585211906835,3.0171731425565333,0.6342115083998667,0.0,0.0
-1.6485585211906835,3.0793828980731632,0.6352407179040855,0.0,0.0
-1.586348765674054,-3.141592653589793,0.6247884869899918,0.0,0.0
-1.586348765674054,-3.0793828980731637,0.6244611146013876,0.0,0.0
-1.586348765674054,-3.017173142556534,0.62348333605626,0.0,0.0
-1.586348765674054,-2.9549633870399044,0.6218680236289187,0.0,0.0
-1.586348765674054,-2.892753631523275,0.6196361617101754,0.0,0.0
-1.586348765674054,-2.8305438760066455,0.6168161740325836,0.0,0.0
-1.586348765674054,-2.7683341204900156,0.6134430411047564,0.0,0.0
-1.586348765674054,-2.706124364973386,0.6095572599172722,0.0,0.0
-1.586348765674054,-2.6439146094567567,0.6052037037069502,0.0,0.0
-1.586348765674054,-2.581704853940127,0.6004304402861522,0.0,0.0
-1.586348765674054,-2.5194950984234974,0.5952875636504669,0.0,0.0
-1.586348765674054,-2.457285342906868,0.5898260862185704,0.0,0.0
-1.586348765674054,-2.395075587390238,0.5840969293353878,0.0,0.0
-1.586348765674054,-2.3328658318736086,0.5781500388390007,0.0,0.0
-1.586348765674054,-2.270656076356979,0.5720336416884024,0.0,0.0
-1.586348765674054,-2.2084463208403498,0.5657936497724606,0.0,0.0
-1.586348765674054,-2.1462365653237203,0.5594732086787852,0.0,0.0
-1.586348765674054,-2.0840268098070904,0.553112382712048,0.0,0.0
-1.586348765674054,-2.021817054290461,0.5467479628802017,0.0,0.0
-1.586348765674054,-1.9596072987738313,0.5404133817885712,0.0,0.0
-1.586348765674054,-1.897397543257202,0.5341387181466776,0.0,0.0
-1.586348765674054,-1.8351877877405722,0.5279507735893639,0.0,0.0
-1.586348765674054,-1.7729780322239428,0.5218732054181118,0.0,0.0
-1.586348765674054,-1.7107682767073131,0.5159267003781828,0.0,0.0
-1.586348765674054,-1.6485585211906835,0.5101291764433212,0.0,0.0
-1.586348765674054,-1.586348765674054,0.5044960015752724,0.0,0.0
-1.586348765674054,-1.5241390101574244,0.49904022040647383,0.0,0.0
-1.586348765674054,-1.461929254640795,0.4937727816553259,0.0,0.0
-1.586348765674054,-1.3997194991241653,0.48870276075949826,0.0,0.0
-1.586348765674054,-1.3375097436075358,0.4838375736708595,0.0,0.0
-1.586348765674054,-1.2752999880909062,0.47918317898651935,0.0,0.0
-1.586348765674054,-1.2130902325742767,0.4747442666012442,0.0,0.0
-1.586348765674054,-1.150880477057647,0.4705244318744293,0.0,0.0
-1.586348765674054,-1.0886707215410176,0.46652633493288614,0.0,0.0
-1.586348765674054,-1.0264609660243877,0.46275184520410745,0.0,0.0
-1.586348765674054,-0.9642512105077583,0.459202171618538,0.0,0.0
-1.586348765674054,-0.9020414549911289,0.45587797915724804,0.0,0.0
-1.586348765674054,-0.8398316994744994,0.45277949257443995,0.0,0.0
-1.586348765674054,-0.7776219439578695,0.4499065882108021,0.0,0.0
-1.586348765674054,-0.7154121884412401,0.44725887484940186,0.0,0.0
-1.586348765674054,-0.6532024329246107,0.44483576456343493,0.0,0.0
-1.586348765674054,-0.5909926774079808,0.4426365344751151,0.0,0.0
-1.586348765674054,-0.5287829218913513,0.44066038029552534,0.0,0.0
-1.586348765674054,-0.4665731663747219,0.4389064624527678,0.0,0.0
-1.586348765674054,-0.40436341085809246,0.43737394554508263,0.0,0.0
-1.586348765674054,-0.3421536553414626,0.43606203178035974,0.0,0.0
-1.586348765674054,-0.27994389982483314,0.4349699889861872,0.0,0.0
-1.586348765674054,-0.2177341443082037,0.4340971736970348,0.0,0.0
-1.586348765674054,-0.15552438879157382,0.43344304974845504,0.0,0.0
-1.586348765674054,-0.09331463327494438,0.4330072027329201,0.0,0.0
-1.586348765674054,-0.03110487775831494,0.43278935059833573,0.0,0.0
-1.586348765674054,0.031104877758314498,0.43278935059833573,0.0,0.0
-1.586348765674054,0.09331463327494438,0.4330072027329201,0.0,0.0
-1.586348765674054,0.15552438879157382,0.43344304974845504,0.0,0.0
-1.586348765674054,0.21773414430820326,0.4340971736970348,0.0,0.0
-1.586348765674054,0.2799438998248327,0.4349699889861872,0.0,0.0
-1.586348765674054,0.3421536553414626,0.43606203178035974,0.0,0.0
-1.586348765674054,0.404363410858092,0.43737394554508263,0.0,0.0
-1.586348765674054,0.46657316637472146,0.4389064624527678,0.0,0.0
-1.586348765674054,0.5287829218913513,0.44066038029552534,0.0,0.0
-1.586348765674054,0.5909926774079808,0.4426365344751151,0.0,0.0
-1.586348765674054,0.6532024329246102,0.44483576456343493,0.0,0.0
-1.586348765674054,0.7154121884412397,0.4472588748494018,0.0,0.0
-1.586348765674054,0.7776219439578695,0.4499065882108021,0.0,0.0
-1.586348765674054,0.839831699474499,0.45277949257443995,0.0,0.0
-1.586348765674054,0.9020414549911289,0.45587797915724804,0.0,0.0
-1.586348765674054,0.9642512105077579,0.45920217161853794,0.0,0.0
-1.586348765674054,1.0264609660243877,0.46275184520410745,0.0,0.0
-1.586348765674054,1.0886707215410176,0.46652633493288614,0.0,0.0
-1.586348765674054,1.1508804770576466,0.4705244318744292,0.0,0.0
-1.586348765674054,1.2130902325742765,0.4747442666012442,0.0,0.0
-1.586348765674054,1.2752999880909055,0.47918317898651935,0.0,0.0
-1.586348765674054,1.3375097436075354,0.48383757367085944,0.0,0.0
-1.586348765674054,1.3997194991241653,0.48870276075949826,0.0,0.0
-1.586348765674054,1.4619292546407943,0.4937727816553258,0.0,0.0
-1.586348765674054,1.5241390101574241,0.49904022040647383,0.0,0.0
-1.586348765674054,1.586348765674054,0.5044960015752724,0.0,0.0
-1.586348765674054,1.648558521190683,0.5101291764433212,0.0,0.0
-1.586348765674054,1.710768276707313,0.5159267003781828,0.0,0.0
-1.586348765674054,1.7729780322239428,0.5218732054181118,0.0,0.0
-1.586348765674054,1.8351877877405718,0.5279507735893639,0.0,0.0
-1.586348765674054,1.8973975432572017,0.5341387181466776,0.0,0.0
-1.586348765674054,1.9596072987738316,0.5404133817885713,0.0,0.0
-1.586348765674054,2.0218170542904605,0.5467479628802016,0.0,0.0
-1.586348765674054,2.0840268098070904,0.553112382712048,0.0,0.0
-1.586348765674054,2.1462365653237194,0.5594732086787851,0.0,0.0
-1.586348765674054,2.2084463208403493,0.5657936497724606,0.0,0.0
-1.586348765674054,2.270656076356979,0.5720336416884024,0.0,0.0
-1.586348765674054,2.332865831873608,0.5781500388390007,0.0,0.0
-1.586348765674054,2.395075587390238,0.5840969293353878,0.0,0.0
-1.586348765674054,2.457285342906868,0.5898260862185704,0.0,0.0
-1.586348765674054,2.519495098423497,0.5952875636504669,0.0,0.0
-1.586348765674054,2.581704853940127,0.6004304402861522,0.0,0.0
-1.586348765674054,2.6439146094567567,0.6052037037069502,0.0,0.0
-1.586348765674054,2.7061243649733857,0.609557259917272,0.0,0.0
-1.586348765674054,2.7683341204900156,0.6134430411047564,0.0,0.0
-1.586348765674054,2.8305438760066455,0.6168161740325836,0.0,0.0
-1.586348765674054,2.8927536315232745,0.6196361617101754,0.0,0.0
-1.586348765674054,2.9549633870399044,0.6218680236289187,0.0,0.0
-1.586348765674054,3.0171731425565333,0.6234833360562599,0.0,0.0
-1.586348765674054,3.0793828980731632,0.6244611146013876,0.0,0.0
-1.5241390101574244,-3.141592653589793,0.6145141022045648,0.0,0.0
-1.5241390101574244,-3.0793828980731637,0.6142026082042314,0.0,0.0
-1.5241390101574244,-3.017173142556534,0.6132721593717431,0.0,0.0
-1.5241390101574244,-2.9549633870399044,0.6117347252409162,0.0,0.0
-1.5241390101574244,-2.892753631523275,0.6096098299307894,0.0,0.0
-1.5241390101574244,-2.8305438760066455,0.6069239421319844,0.0,0.0
-1.5241390101574244,-2.7683341204900156,0.6037096735076621,0.0,0.0
-1.5241390101574244,-2.706124364973386,0.6000048316768103,0.0,0.0
-1.5241390101574244,-2.6439146094567567,0.5958513792282434,0.0,0.0
-1.5241390101574244,-2.581704853940127,0.591294351129284,0.0,0.0
-1.5241390101574244,-2.5194950984234974,0.586380779835101,0.0,0.0
-1.5241390101574244,-2.457285342906868,0.5811586711618413,0.0,0.0
-1.5241390101574244,-2.395075587390238,0.575676065580005,0.0,0.0
-1.5241390101574244,-2.3328658318736086,0.5699802100950735,0.0,0.0
-1.5241390101574244,-2.270656076356979,0.5641168563036976,0.0,0.0
-1.5241390101574244,-2.2084463208403498,0.5581296913484518,0.0,0.0
-1.5241390101574244,-2.1462365653237203,0.5520599009016993,0.0,0.0
-1.5241390101574244,-2.0840268098070904,0.5459458572997261,0.0,0.0
-1.5241390101574244,-2.021817054290461,0.539822921611616,0.0,0.0
-1.5241390101574244,-1.9596072987738313,0.5337233456812881,0.0,0.0
-1.5241390101574244,-1.897397543257202,0.5276762588280193,0.0,0.0
-1.5241390101574244,-1.8351877877405722,0.5217077236703516,0.0,0.0
-1.5241390101574244,-1.7729780322239428,0.515840846171452,0.0,0.0
-1.5241390101574244,-1.7107682767073131,0.5100959262247908,0.0,0.0
-1.5241390101574244,-1.6485585211906835,0.5044906366746202,0.0,0.0
-1.5241390101574244,-1.586348765674054,0.49904022040647383,0.0,0.0
-1.5241390101574244,-1.5241390101574244,0.4937576969043443,0.0,0.0
-1.5241390101574244,-1.461929254640795,0.4886540713513064,0.0,0.0
-1.5241390101574244,-1.3997194991241653,0.48373854088360063,0.0,0.0
-1.5241390101574244,-1.3375097436075358,0.4790186939584429,0.0,0.0
-1.5241390101574244,-1.2752999880909062,0.4745006999491954,0.0,0.0
-1.5241390101574244,-1.2130902325742767,0.4701894870399439,0.0,0.0
-1.5241390101574244,-1.150880477057647,0.4660889072672186,0.0,0.0
-1.5241390101574244,-1.0886707215410176,0.4622018881679196,0.0,0.0
-1.5241390101574244,-1.0264609660243877,0.45853057096062755,0.0,0.0
-1.5241390101574244,-0.9642512105077583,0.4550764355341758,0.0,0.0
-1.5241390101574244,-0.9020414549911289,0.4518404127635079,0.0,0.0
-1.5241390101574244,-0.8398316994744994,0.4488229848375159,0.0,0.0
-1.5241390101574244,-0.7776219439578695,0.4460242743835864,0.0,0.0
-1.5241390101574244,-0.7154121884412401,0.44344412322337984,0.0,0.0
-1.5241390101574244,-0.6532024329246107,0.4410821616060147,0.0,0.0
-1.5241390101574244,-0.5909926774079808,0.4389378687481828,0.0,0.0
-1.5241390101574244,-0.5287829218913513,0.4370106254737187,0.0,0.0
-1.5241390101574244,-0.4665731663747219,0.4352997596940108,0.0,0.0
-1.5241390101574244,-0.40436341085809246,0.43380458541017475,0.0,0.0
-1.5241390101574244,-0.3421536553414626,0.4325244358517099,0.0,0.0
-1.5241390101574244,-0.27994389982483314,0.43145869129705827,0.0,0.0
-1.5241390101574244,-0.2177341443082037,0.43060680205093355,0.0,0.0
-1.5241390101574244,-0.15552438879157382,0.4299683069827021,0.0,0.0
-1.5241390101574244,-0.09331463327494438,0.42954284796021996,0.0,0.0
-1.5241390101574244,-0.03110487775831494,0.4293301804447237,0.0,0.0
-1.5241390101574244,0.031104877758314498,0.4293301804447237,0.0,0.0
-1.5241390101574244,0.09331463327494438,0.42954284796021996,0.0,0.0
-1.5241390101574244,0.15552438879157382,0.4299683069827021,0.0,0.0
-1.5241390101574244,0.21773414430820326,0.43060680205093343,0.0,0.0
-1.5241390101574244,0.2799438998248327,0.43145869129705827,0.0,0.0
-1.5241390101574244,0.3421536553414626,0.4325244358517099,0.0,0.0
-1.5241390101574244,0.404363410858092,0.43380458541017475,0.0,0.0
-1.5241390101574244,0.46657316637472146,0.43529975969401075,0.0,0.0
-1.5241390101574244,0.5287829218913513,0.4370106254737187,0.0,0.0
-1.5241390101574244,0.5909926774079808,0.4389378687481828,0.0,0.0
-1.5241390101574244,0.6532024329246102,0.44108216160601466,0.0,0.0
-1.5241390101574244,0.7154121884412397,0.4434441232233798,0.0,0.0
-1.5241390101574244,0.7776219439578695,0.4460242743835864,0.0,0.0
-1.5241390101574244,0.839831699474499,0.4488229848375159,0.0,0.0
-1.5241390101574244,0.9020414549911289,0.4518404127635079,0.0,0.0
-1.5241390101574244,0.9642512105077579,0.4550764355341758,0.0,0.0
-1.5241390101574244,1.0264609660243877,0.45853057096062755,0.0,0.0
-1.5241390101574244,1.0886707215410176,0.4622018881679196,0.0,0.0
-1.5241390101574244,1.1508804770576466,0.46608890726721847,0.0,0.0
-1.5241390101574244,1.2130902325742765,0.4701894870399439,0.0,0.0
-1.5241390101574244,1.2752999880909055,0.47450069994919536,0.0,0.0
-1.5241390101574244,1.3375097436075354,0.4790186939584429,0.0,0.0
-1.5241390101574244,1.3997194991241653,0.48373854088360063,0.0,0.0
-1.5241390101574244,1.4619292546407943,0.4886540713513063,0.0,0.0
-1.5241390101574244,1.5241390101574241,0.4937576969043443,0.0,0.0
-1.5241390101574244,1.586348765674054,0.49904022040647383,0.0,0.0
-1.5241390101574244,1.648558521190683,0.5044906366746202,0.0,0.0
-1.5241390101574244,1.710768276707313,0.5100959262247908,0.0,0.0
-1.5241390101574244,1.7729780322239428,0.515840846171452,0.0,0.0
-1.5241390101574244,1.8351877877405718,0.5217077236703515,0.0,0.0
-1.5241390101574244,1.8973975432572017,0.5276762588280193,0.0,0.0
-1.5241390101574244,1.9596072987738316,0.5337233456812881,0.0,0.0
-1.5241390101574244,2.0218170542904605,0.5398229216116159,0.0,0.0
-1.5241390101574244,2.0840268098070904,0.5459458572997261,0.0,0.0
-1.5241390101574244,2.1462365653237194,0.5520599009016992,0.0,0.0
-1.5241390101574244,2.2084463208403493,0.5581296913484518,0.0,0.0
-1.5241390101574244,2.270656076356979,0.5641168563036976,0.0,0.0
-1.5241390101574244,2.332865831873608,0.5699802100950735,0.0,0.0
-1.5241390101574244,2.395075587390238,0.575676065580005,0.0,0.0
-1.5241390101574244,2.457285342906868,0.5811586711618413,0.0,0.0
-1.5241390101574244,2.519495098423497,0.586380779835101,0.0,0.0
-1.5241390101574244,2.581704853940127,0.591294351129284,0.0,0.0
-1.5241390101574244,2.6439146094567567,0.5958513792282434,0.0,0.0
-1.5241390101574244,2.7061243649733857,0.6000048316768103,0.0,0.0
-1.5241390101574244,2.7683341204900156,0.6037096735076621,0.0,0.0
-1.5241390101574244,2.8305438760066455,0.6069239421319844,0.0,0.0
-1.5241390101574244,2.8927536315232745,0.6096098299307893,0.0,0.0
-1.5241390101574244,2.9549633870399044,0.6117347252409162,0.0,0.0
-1.5241390101574244,3.0171731425565333,0.6132721593717431,0.0,0.0
-1.5241390101574244,3.0793828980731632,0.6142026082042314,0.0,0.0
-1.461929254640795,-3.141592653589793,0.6047581857092594,0.0,0.0
-1.461929254640795,-3.0793828980731637,0.6044612859870653,0.0,0.0
-1.461929254640795,-3.017173142556534,0.6035743463996834,0.0,0.0
-1.461929254640795,-2.9549633870399044,0.6021085275905032,0.0,0.0
-1.461929254640795,-2.892753631523275,0.6000820441921848,0.0,0.0
-1.461929254640795,-2.8305438760066455,0.5975196096766174,0.0,0.0
-1.461929254640795,-2.7683341204900156,0.5944517056856394,0.0,0.0
-1.461929254640795,-2.706124364973386,0.590913716965705,0.0,0.0
-1.461929254640795,-2.6439146094567567,0.5869449779041161,0.0,0.0
-1.461929254640795,-2.581704853940127,0.582587777713121,0.0,0.0
-1.461929254640795,-2.5194950984234974,0.5778863688438666,0.0,0.0
-1.461929254640795,-2.457285342906868,0.5728860178953704,0.0,0.0
-1.461929254640795,-2.395075587390238,0.5676321309850385,0.0,0.0
-1.461929254640795,-2.3328658318736086,0.5621694772020124,0.0,0.0
-1.461929254640795,-2.270656076356979,0.5565415252449994,0.0,0.0
-1.461929254640795,-2.2084463208403498,0.5507899003697365,0.0,0.0
-1.461929254640795,-2.1462365653237203,0.544953961851302,0.0,0.0
-1.461929254640795,-2.0840268098070904,0.5390704956025676,0.0,0.0
-1.461929254640795,-2.021817054290461,0.5331735124880645,0.0,0.0
-1.461929254640795,-1.9596072987738313,0.5272941401841437,0.0,0.0
-1.461929254640795,-1.897397543257202,0.5214605950058715,0.0,0.0
-1.461929254640795,-1.8351877877405722,0.5156982197312824,0.0,0.0
-1.461929254640795,-1.7729780322239428,0.510029573864135,0.0,0.0
-1.461929254640795,-1.7107682767073131,0.504474563752972,0.0,0.0
-1.461929254640795,-1.6485585211906835,0.4990506013180924,0.0,0.0
-1.461929254640795,-1.586348765674054,0.4937727816553259,0.0,0.0
-1.461929254640795,-1.5241390101574244,0.4886540713513064,0.0,0.0
-1.461929254640795,-1.461929254640795,0.4837055008614185,0.0,0.0
-1.461929254640795,-1.3997194991241653,0.4789363557036136,0.0,0.0
-1.461929254640795,-1.3375097436075358,0.4743543624706278,0.0,0.0
-1.461929254640795,-1.2752999880909062,0.4699658667423828,0.0,0.0
-1.461929254640795,-1.2130902325742767,0.46577600088724247,0.0,0.0
-1.461929254640795,-1.150880477057647,0.4617888404833432,0.0,0.0
-1.461929254640795,-1.0886707215410176,0.4580075486837549,0.0,0.0
-1.461929254640795,-1.0264609660243877,0.45443450830940446,0.0,0.0
-1.461929254640795,-0.9642512105077583,0.4510714418003039,0.0,0.0
-1.461929254640795,-0.9020414549911289,0.4479195194071006,0.0,0.0
-1.461929254640795,-0.8398316994744994,0.44497945617848295,0.0,0.0
-1.461929254640795,-0.7776219439578695,0.442251598410877,0.0,0.0
-1.461929254640795,-0.7154121884412401,0.4397360002885138,0.0,0.0
-1.461929254640795,-0.6532024329246107,0.4374324914656122,0.0,0.0
-1.461929254640795,-0.5909926774079808,0.43534073633747716,0.0,0.0
-1.461929254640795,-0.5287829218913513,0.433460285721328,0.0,0.0
-1.461929254640795,-0.4665731663747219,0.4317906216267127,0.0,0.0
-1.461929254640795,-0.40436341085809246,0.4303311957441153,0.0,0.0
-1.461929254640795,-0.3421536553414626,0.4290814622224306,0.0,0.0
-1.461929254640795,-0.27994389982483314,0.4280409052440288,0.0,0.0
-1.461929254640795,-0.2177341443082037,0.4272090618420714,0.0,0.0
-1.461929254640795,-0.15552438879157382,0.4265855403398929,0.0,0.0
-1.461929254640795,-0.09331463327494438,0.42617003472746445,0.0,0.0
-1.461929254640795,-0.03110487775831494,0.42596233522568594,0.0,0.0
-1.461929254640795,0.031104877758314498,0.42596233522568594,0.0,0.0
-1.461929254640795,0.09331463327494438,0.42617003472746445,0.0,0.0
-1.461929254640795,0.15552438879157382,0.4265855403398929,0.0,0.0
-1.461929254640795,0.21773414430820326,0.4272090618420715,0.0,0.0
-1.461929254640795,0.2799438998248327,0.4280409052440289,0.0,0.0
-1.461929254640795,0.3421536553414626,0.4290814622224306,0.0,0.0
-1.461929254640795,0.404363410858092,0.43033119574411527,0.0,0.0
-1.461929254640795,0.46657316637472146,0.4317906216267127,0.0,0.0
-1.461929254640795,0.5287829218913513,0.433460285721328,0.0,0.0
-1.461929254640795,0.5909926774079808,0.43534073633747716,0.0,0.0
-1.461929254640795,0.6532024329246102,0.4374324914656122,0.0,0.0
-1.461929254640795,0.7154121884412397,0.4397360002885138,0.0,0.0
-1.461929254640795,0.7776219439578695,0.442251598410877,0.0,0.0
-1.461929254640795,0.839831699474499,0.44497945617848295,0.0,0.0
-1.461929254640795,0.9020414549911289,0.4479195194071006,0.0,0.0
-1.461929254640795,0.9642512105077579,0.45107144180030384,0.0,0.0
-1.461929254640795,1.0264609660243877,0.45443450830940446,0.0,0.0
-1.461929254640795,1.0886707215410176,0.4580075486837549,0.0,0.0
-1.461929254640795,1.1508804770576466,0.4617888404833432,0.0,0.0
-1.461929254640795,1.2130902325742765,0.4657760008872424,0.0,0.0
-1.461929254640795,1.2752999880909055,0.4699658667423827,0.0,0.0
-1.461929254640795,1.3375097436075354,0.4743543624706278,0.0,0.0
-1.461929254640795,1.3997194991241653,0.4789363557036136,0.0,0.0
-1.461929254640795,1.4619292546407943,0.4837055008614185,0.0,0.0
-1.461929254640795,1.5241390101574241,0.4886540713513063,0.0,0.0
-1.461929254640795,1.586348765674054,0.4937727816553259,0.0,0.0
-1.461929254640795,1.648558521190683,0.4990506013180923,0.0,0.0
-1.461929254640795,1.710768276707313,0.5044745637529718,0.0,0.0
-1.461929254640795,1.7729780322239428,0.510029573864135,0.0,0.0
-1.461929254640795,1.8351877877405718,0.5156982197312824,0.0,0.0
-1.461929254640795,1.8973975432572017,0.5214605950058714,0.0,0.0
-1.461929254640795,1.9596072987738316,0.5272941401841437,0.0,0.0
-1.461929254640795,2.0218170542904605,0.5331735124880644,0.0,0.0
-1.461929254640795,2.0840268098070904,0.5390704956025676,0.0,0.0
-1.461929254640795,2.1462365653237194,0.5449539618513018,0.0,0.0
-1.461929254640795,2.2084463208403493,0.5507899003697363,0.0,0.0
-1.461929254640795,2.270656076356979,0.5565415252449994,0.0,0.0
-1.461929254640795,2.332865831873608,0.5621694772020124,0.0,0.0
-1.461929254640795,2.395075587390238,0.5676321309850385,0.0,0.0
-1.461929254640795,2.457285342906868,0.5728860178953704,0.0,0.0
-1.461929254640795,2.519495098423497,0.5778863688438665,0.0,0.0
-1.461929254640795,2.581704853940127,0.582587777713121,0.0,0.0
-1.461929254640795,2.6439146094567567,0.5869449779041161,0.0,0.0
-1.461929254640795,2.7061243649733857,0.5909137169657048,0.0,0.0
-1.461929254640795,2.7683341204900156,0.5944517056856394,0.0,0.0
-1.461929254640795,2.8305438760066455,0.5975196096766174,0.0,0.0
-1.461929254640795,2.8927536315232745,0.6000820441921848,0.0,0.0
-1.461929254640795,2.9549633870399044,0.6021085275905032,0.0,0.0
-1.461929254640795,3.0171731425565333,0.6035743463996834,0.0,0.0
-1.461929254640795,3.0793828980731632,0.6044612859870652,0.0,0.0
-1.3997194991241653,-3.141592653589793,0.5955142770919718,0.0,0.0
-1.3997194991241653,-3.0793828980731637,0.5952307785958985,0.0,0.0
-1.3997194991241653,-3.017173142556534,0.5943837976025664,0.0,0.0
-1.3997194991241653,-2.9549633870399044,0.5929837698757847,0.0,0.0
-1.3997194991241653,-2.892753631523275,0.5910477357034505,0.0,0.0
-1.3997194991241653,-2.8305438760066455,0.5885988327581316,0.0,0.0
-1.3997194991241653,-2.7683341204900156,0.585665627621986,0.0,0.0
-1.3997194991241653,-2.706124364973386,0.5822813227744802,0.0,0.0
-1.3997194991241653,-2.6439146094567567,0.5784828803462623,0.0,0.0
-1.3997194991241653,-2.581704853940127,0.5743101050774627,0.0,0.0
-1.3997194991241653,-2.5194950984234974,0.5698047269342438,0.0,0.0
-1.3997194991241653,-2.457285342906868,0.5650095192897245,0.0,0.0
-1.3997194991241653,-2.395075587390238,0.559967482210945,0.0,0.0
-1.3997194991241653,-2.3328658318736086,0.5547211130250613,0.0,0.0
-1.3997194991241653,-2.270656076356979,0.5493117787340168,0.0,0.0
-1.3997194991241653,-2.2084463208403498,0.5437791976503153,0.0,0.0
-1.3997194991241653,-2.1462365653237203,0.5381610313081466,0.0,0.0
-1.3997194991241653,-2.0840268098070904,0.5324925825504193,0.0,0.0
-1.3997194991241653,-2.021817054290461,0.5268065918196749,0.0,0.0
-1.3997194991241653,-1.9596072987738313,0.5211331210671386,0.0,0.0
-1.3997194991241653,-1.897397543257202,0.515499513217841,0.0,0.0
-1.3997194991241653,-1.8351877877405722,0.509930414609402,0.0,0.0
-1.3997194991241653,-1.7729780322239428,0.5044478480506059,0.0,0.0
-1.3997194991241653,-1.7107682767073131,0.4990713249169558,0.0,0.0
-1.3997194991241653,-1.6485585211906835,0.4938179858262897,0.0,0.0
-1.3997194991241653,-1.586348765674054,0.48870276075949826,0.0,0.0
-1.3997194991241653,-1.5241390101574244,0.48373854088360063,0.0,0.0
-1.3997194991241653,-1.461929254640795,0.4789363557036136,0.0,0.0
-1.3997194991241653,-1.3997194991241653,0.4743055504517762,0.0,0.0
-1.3997194991241653,-1.3375097436075358,0.4698539597783276,0.0,0.0
-1.3997194991241653,-1.2752999880909062,0.46558807481712355,0.0,0.0
-1.3997194991241653,-1.2130902325742767,0.46151320155631304,0.0,0.0
-1.3997194991241653,-1.150880477057647,0.45763360915353496,0.0,0.0
-1.3997194991241653,-1.0886707215410176,0.45395266740756046,0.0,0.0
-1.3997194991241653,-1.0264609660243877,0.45047297304857,0.0,0.0
-1.3997194991241653,-0.9642512105077583,0.44719646485345416,0.0,0.0
-1.3997194991241653,-0.9020414549911289,0.4441245278469081,0.0,0.0
-1.3997194991241653,-0.8398316994744994,0.44125808702906666,0.0,0.0
-1.3997194991241653,-0.7776219439578695,0.43859769118997916,0.0,0.0
-1.3997194991241653,-0.7154121884412401,0.43614358744269255,0.0,0.0
-1.3997194991241653,-0.6532024329246107,0.4338957871406183,0.0,0.0
-1.3997194991241653,-0.5909926774079808,0.4318541238500628,0.0,0.0
-1.3997194991241653,-0.5287829218913513,0.43001830403253083,0.0,0.0
-1.3997194991241653,-0.4665731663747219,0.42838795105951244,0.0,0.0
-1.3997194991241653,-0.40436341085809246,0.426962643139524,0.0,0.0
-1.3997194991241653,-0.3421536553414626,0.4257419456867568,0.0,0.0
-1.3997194991241653,-0.27994389982483314,0.4247254386054658,0.0,0.0
-1.3997194991241653,-0.2177341443082037,0.42391273890617803,0.0,0.0
-1.3997194991241653,-0.15552438879157382,0.42330351901029,0.0,0.0
-1.3997194991241653,-0.09331463327494438,0.42289752103959405,0.0,0.0
-1.3997194991241653,-0.03110487775831494,0.4226945673272789,0.0,0.0
-1.3997194991241653,0.031104877758314498,0.4226945673272789,0.0,0.0
-1.3997194991241653,0.09331463327494438,0.42289752103959405,0.0,0.0
-1.3997194991241653,0.15552438879157382,0.42330351901029,0.0,0.0
-1.3997194991241653,0.21773414430820326,0.42391273890617803,0.0,0.0
-1.3997194991241653,0.2799438998248327,0.4247254386054658,0.0,0.0
-1.3997194991241653,0.3421536553414626,0.4257419456867568,0.0,0.0
-1.3997194991241653,0.404363410858092,0.426962643139524,0.0,0.0
-1.3997194991241653,0.46657316637472146,0.4283879510595124,0.0,0.0
-1.3997194991241653,0.5287829218913513,0.43001830403253083,0.0,0.0
-1.3997194991241653,0.5909926774079808,0.4318541238500628,0.0,0.0
-1.3997194991241653,0.6532024329246102,0.43389578714061827,0.0,0.0
-1.3997194991241653,0.7154121884412397,0.4361435874426925,0.0,0.0
-1.3997194991241653,0.7776219439578695,0.43859769118997916,0.0,0.0
-1.3997194991241653,0.839831699474499,0.44125808702906666,0.0,0.0
-1.3997194991241653,0.9020414549911289,0.4441245278469081,0.0,0.0
-1.3997194991241653,0.9642512105077579,0.44719646485345405,0.0,0.0
-1.3997194991241653,1.0264609660243877,0.45047297304857,0.0,0.0
-1.3997194991241653,1.0886707215410176,0.45395266740756046,0.0,0.0
-1.3997194991241653,1.1508804770576466,0.45763360915353496,0.0,0.0
-1.3997194991241653,1.2130902325742765,0.46151320155631304,0.0,0.0
-1.3997194991241653,1.2752999880909055,0.46558807481712355,0.0,0.0
-1.3997194991241653,1.3375097436075354,0.4698539597783276,0.0,0.0
-1.3997194991241653,1.3997194991241653,0.4743055504517762,0.0,0.0
-1.3997194991241653,1.4619292546407943,0.4789363557036136,0.0,0.0
-1.3997194991241653,1.5241390101574241,0.48373854088360063,0.0,0.0
-1.3997194991241653,1.586348765674054,0.48870276075949826,0.0,0.0
-1.3997194991241653,1.648558521190683,0.4938179858262897,0.0,0.0
-1.3997194991241653,1.710768276707313,0.4990713249169558,0.0,0.0
-1.3997194991241653,1.7729780322239428,0.5044478480506059,0.0,0.0
-1.3997194991241653,1.8351877877405718,0.5099304146094019,0.0,0.0
-1.3997194991241653,1.8973975432572017,0.515499513217841,0.0,0.0
-1.3997194991241653,1.9596072987738316,0.5211331210671386,0.0,0.0
-1.3997194991241653,2.0218170542904605,0.5268065918196748,0.0,0.0
-1.3997194991241653,2.0840268098070904,0.5324925825504193,0.0,0.0
-1.3997194991241653,2.1462365653237194,0.5381610313081466,0.0,0.0
-1.3997194991241653,2.2084463208403493,0.5437791976503153,0.0,0.0
-1.3997194991241653,2.270656076356979,0.5493117787340168,0.0,0.0
-1.3997194991241653,2.332865831873608,0.5547211130250613,0.0,0.0
-1.3997194991241653,2.395075587390238,0.559967482210945,0.0,0.0
-1.3997194991241653,2.457285342906868,0.5650095192897245,0.0,0.0
-1.3997194991241653,2.519495098423497,0.5698047269342437,0.0,0.0
-1.3997194991241653,2.581704853940127,0.5743101050774627,0.0,0.0
-1.3997194991241653,2.6439146094567567,0.5784828803462623,0.0,0.0
-1.3997194991241653,2.7061243649733857,0.5822813227744802,0.0,0.0
-1.3997194991241653,2.7683341204900156,0.585665627621986,0.0,0.0
-1.3997194991241653,2.8305438760066455,0.5885988327581316,0.0,0.0
-1.3997194991241653,2.8927536315232745,0.5910477357034505,0.0,0.0
-1.3997194991241653,2.9549633870399044,0.5929837698757847,0.0,0.0
-1.3997194991241653,3.0171731425565333,0.5943837976025664,0.0,0.0
-1.3997194991241653,3.0793828980731632,0.5952307785958985,0.0,0.0
-1.3375097436075358,-3.141592653589793,0.58677408081295,0.0,0.0
-1.3375097436075358,-3.0793828980731637,0.586502876853265,0.0,0.0
-1.3375097436075358,-3.017173142556534,0.5856925598755855,0.0,0.0
-1.3375097436075358,-2.9549633870399044,0.5843529159344778,0.0,0.0
-1.3375097436075358,-2.892753631523275,0.5824999320322005,0.0,0.0
-1.3375097436075358,-2.8305438760066455,0.5801553310412211,0.0,0.0
-1.3375097436075358,-2.7683341204900156,0.5773459578190121,0.0,0.0
-1.3375097436075358,-2.706124364973386,0.5741030495988724,0.0,0.0
-1.3375097436075358,-2.6439146094567567,0.5704614279108756,0.0,0.0
-1.3375097436075358,-2.581704853940127,0.566458650473503,0.0,0.0
-1.3375097436075358,-2.5194950984234974,0.5621341599004237,0.0,0.0
-1.3375097436075358,-2.457285342906868,0.5575284621592539,0.0,0.0
-1.3375097436075358,-2.395075587390238,0.5526823621434827,0.0,0.0
-1.3375097436075358,-2.3328658318736086,0.5476362771849244,0.0,0.0
-1.3375097436075358,-2.270656076356979,0.5424296425219447,0.0,0.0
-1.3375097436075358,-2.2084463208403498,0.5371004162257483,0.0,0.0
-1.3375097436075358,-2.1462365653237203,0.5316846853051554,0.0,0.0
-1.3375097436075358,-2.0840268098070904,0.5262163699319818,0.0,0.0
-1.3375097436075358,-2.021817054290461,0.5207270190768977,0.0,0.0
-1.3375097436075358,-1.9596072987738313,0.5152456883173063,0.0,0.0
-1.3375097436075358,-1.897397543257202,0.5097988890805801,0.0,0.0
-1.3375097436075358,-1.8351877877405722,0.5044105979665008,0.0,0.0
-1.3375097436075358,-1.7729780322239428,0.49910231487324713,0.0,0.0
-1.3375097436075358,-1.7107682767073131,0.49389315924963295,0.0,0.0
-1.3375097436075358,-1.6485585211906835,0.4887999947438786,0.0,0.0
-1.3375097436075358,-1.586348765674054,0.4838375736708595,0.0,0.0
-1.3375097436075358,-1.5241390101574244,0.4790186939584429,0.0,0.0
-1.3375097436075358,-1.461929254640795,0.4743543624706278,0.0,0.0
-1.3375097436075358,-1.3997194991241653,0.4698539597783276,0.0,0.0
-1.3375097436075358,-1.3375097436075358,0.4655254025178087,0.0,0.0
-1.3375097436075358,-1.2752999880909062,0.46137530042004093,0.0,0.0
-1.3375097436075358,-1.2130902325742767,0.45740910590327005,0.0,0.0
-1.3375097436075358,-1.150880477057647,0.45363125479749955,0.0,0.0
-1.3375097436075358,-1.0886707215410176,0.4500452973212888,0.0,0.0
-1.3375097436075358,-1.0264609660243877,0.4466540188702344,0.0,0.0
-1.3375097436075358,-0.9642512105077583,0.44345955051650354,0.0,0.0
-1.3375097436075358,-0.9020414549911289,0.44046346937409975,0.0,0.0
-1.3375097436075358,-0.8398316994744994,0.4376668891689873,0.0,0.0
-1.3375097436075358,-0.7776219439578695,0.43507054147950214,0.0,0.0
-1.3375097436075358,-0.7154121884412401,0.43267484819199786,0.0,0.0
-1.3375097436075358,-0.6532024329246107,0.43047998575925844,0.0,0.0
-1.3375097436075358,-0.5909926774079808,0.42848594186316324,0.0,0.0
-1.3375097436075358,-0.5287829218913513,0.4266925650753383,0.0,0.0
-1.3375097436075358,-0.4665731663747219,0.42509960808567104,0.0,0.0
-1.3375097436075358,-0.40436341085809246,0.4237067650330753,0.0,0.0
-1.3375097436075358,-0.3421536553414626,0.4225137034292819,0.0,0.0
-1.3375097436075358,-0.27994389982483314,0.42152009111735345,0.0,0.0
-1.3375097436075358,-0.2177341443082037,0.420725618654093,0.0,0.0
-1.3375097436075358,-0.15552438879157382,0.4201300174509616,0.0,0.0
-1.3375097436075358,-0.09331463327494438,0.4197330739525308,0.0,0.0
-1.3375097436075358,-0.03110487775831494,0.4195346400755265,0.0,0.0
-1.3375097436075358,0.031104877758314498,0.4195346400755265,0.0,0.0
-1.3375097436075358,0.09331463327494438,0.4197330739525308,0.0,0.0
-1.3375097436075358,0.15552438879157382,0.4201300174509616,0.0,0.0
-1.3375097436075358,0.21773414430820326,0.420725618654093,0.0,0.0
-1.3375097436075358,0.2799438998248327,0.42152009111735345,0.0,0.0
-1.3375097436075358,0.3421536553414626,0.4225137034292819,0.0,0.0
-1.3375097436075358,0.404363410858092,0.4237067650330753,0.0,0.0
-1.3375097436075358,0.46657316637472146,0.42509960808567093,0.0,0.0
-1.3375097436075358,0.5287829218913513,0.4266925650753383,0.0,0.0
-1.3375097436075358,0.5909926774079808,0.42848594186316324,0.0,0.0
-1.3375097436075358,0.6532024329246102,0.43047998575925844,0.0,0.0
-1.3375097436075358,0.7154121884412397,0.43267484819199775,0.0,0.0
-1.3375097436075358,0.7776219439578695,0.43507054147950214,0.0,0.0
-1.3375097436075358,0.839831699474499,0.4376668891689874,0.0,0.0
-1.3375097436075358,0.9020414549911289,0.44046346937409975,0.0,0.0
-1.3375097436075358,0.9642512105077579,0.44345955051650354,0.0,0.0
-1.3375097436075358,1.0264609660243877,0.4466540188702344,0.0,0.0
-1.3375097436075358,1.0886707215410176,0.4500452973212888,0.0,0.0
-1.3375097436075358,1.1508804770576466,0.45363125479749955,0.0,0.0
-1.3375097436075358,1.2130902325742765,0.45740910590326994,0.0,0.0
-1.3375097436075358,1.2752999880909055,0.46137530042004093,0.0,0.0
-1.3375097436075358,1.3375097436075354,0.4655254025178087,0.0,0.0
-1.3375097436075358,1.3997194991241653,0.4698539597783276,0.0,0.0
-1.3375097436075358,1.4619292546407943,0.47435436247062773,0.0,0.0
-1.3375097436075358,1.5241390101574241,0.4790186939584429,0.0,0.0
-1.3375097436075358,1.586348765674054,0.4838375736708595,0.0,0.0
-1.3375097436075358,1.648558521190683,0.4887999947438786,0.0,0.0
-1.3375097436075358,1.710768276707313,0.49389315924963295,0.0,0.0
-1.3375097436075358,1.7729780322239428,0.49910231487324713,0.0,0.0
-1.3375097436075358,1.8351877877405718,0.5044105979665007,0.0,0.0
-1.3375097436075358,1.8973975432572017,0.50979888908058,0.0,0.0
-1.3375097436075358,1.9596072987738316,0.5152456883173063,0.0,0.0
-1.3375097436075358,2.0218170542904605,0.5207270190768977,0.0,0.0
-1.3375097436075358,2.0840268098070904,0.5262163699319818,0.0,0.0
-1.3375097436075358,2.1462365653237194,0.5316846853051554,0.0,0.0
-1.3375097436075358,2.2084463208403493,0.5371004162257482,0.0,0.0
-1.3375097436075358,2.270656076356979,0.5424296425219447,0.0,0.0
-1.3375097436075358,2.332865831873608,0.5476362771849244,0.0,0.0
-1.3375097436075358,2.395075587390238,0.5526823621434827,0.0,0.0
-1.3375097436075358,2.457285342906868,0.5575284621592539,0.0,0.0
-1.3375097436075358,2.519495098423497,0.5621341599004236,0.0,0.0
-1.3375097436075358,2.581704853940127,0.566458650473503,0.0,0.0
-1.3375097436075358,2.6439146094567567,0.5704614279108756,0.0,0.0
-1.3375097436075358,2.7061243649733857,0.5741030495988724,0.0,0.0
-1.3375097436075358,2.7683341204900156,0.5773459578190121,0.0,0.0
-1.3375097436075358,2.8305438760066455,0.5801553310412211,0.0,0.0
-1.3375097436075358,2.8927536315232745,0.5824999320322005,0.0,0.0
-1.3375097436075358,2.9549633870399044,0.5843529159344778,0.0,0.0
-1.3375097436075358,3.0171731425565333,0.5856925598755854,0.0,0.0
-1.3375097436075358,3.0793828980731632,0.586502876853265,0.0,0.0
-1.2752999880909062,-3.141592653589793,0.5785279806090905,0.0,0.0
-1.2752999880909062,-3.0793828980731637,0.5782680456045568,0.0,0.0
-1.2752999880909062,-3.017173142556534,0.5774913386975065,0.0,0.0
-1.2752999880909062,-2.9549633870399044,0.576207063501029,0.0,0.0
-1.2752999880909062,-2.892753631523275,0.5744302621808972,0.0,0.0
-1.2752999880909062,-2.8305438760066455,0.5721813872717689,0.0,0.0
-1.2752999880909062,-2.7683341204900156,0.5694857357575962,0.0,0.0
-1.2752999880909062,-2.706124364973386,0.5663727753029372,0.0,0.0
-1.2752999880909062,-2.6439146094567567,0.5628753963905347,0.0,0.0
-1.2752999880909062,-2.581704853940127,0.5590291253331061,0.0,0.0
-1.2752999880909062,-2.5194950984234974,0.5548713318459803,0.0,0.0
-1.2752999880909062,-2.457285342906868,0.5504404614933631,0.0,0.0
-1.2752999880909062,-2.395075587390238,0.5457753184126383,0.0,0.0
-1.2752999880909062,-2.3328658318736086,0.5409144179013194,0.0,0.0
-1.2752999880909062,-2.270656076356979,0.535895422324196,0.0,0.0
-1.2752999880909062,-2.2084463208403498,0.5307546678841796,0.0,0.0
-1.2752999880909062,-2.1462365653237203,0.5255267844959558,0.0,0.0
-1.2752999880909062,-2.0840268098070904,0.520244406564896,0.0,0.0
-1.2752999880909062,-2.021817054290461,0.514937969030232,0.0,0.0
-1.2752999880909062,-1.9596072987738313,0.5096355805944054,0.0,0.0
-1.2752999880909062,-1.897397543257202,0.504362964558415,0.0,0.0
-1.2752999880909062,-1.8351877877405722,0.4991434569895172,0.0,0.0
-1.2752999880909062,-1.7729780322239428,0.4939980519082278,0.0,0.0
-1.2752999880909062,-1.7107682767073131,0.48894548363523677,0.0,0.0
-1.2752999880909062,-1.6485585211906835,0.4840023372337801,0.0,0.0
-1.2752999880909062,-1.586348765674054,0.47918317898651935,0.0,0.0
-1.2752999880909062,-1.5241390101574244,0.4745006999491954,0.0,0.0
-1.2752999880909062,-1.461929254640795,0.4699658667423828,0.0,0.0
-1.2752999880909062,-1.3997194991241653,0.46558807481712355,0.0,0.0
-1.2752999880909062,-1.3375097436075358,0.46137530042004093,0.0,0.0
-1.2752999880909062,-1.2752999880909062,0.4573342483654239,0.0,0.0
-1.2752999880909062,-1.2130902325742767,0.45347049348538376,0.0,0.0
-1.2752999880909062,-1.150880477057647,0.44978861427360234,0.0,0.0
-1.2752999880909062,-1.0886707215410176,0.446292317768993,0.0,0.0
-1.2752999880909062,-1.0264609660243877,0.44298455515234697,0.0,0.0
-1.2752999880909062,-0.9642512105077583,0.439867627863498,0.0,0.0
-1.2752999880909062,-0.9020414549911289,0.436943284301215,0.0,0.0
-1.2752999880909062,-0.8398316994744994,0.4342128073552986,0.0,0.0
-1.2752999880909062,-0.7776219439578695,0.43167709315178926,0.0,0.0
-1.2752999880909062,-0.7154121884412401,0.4293367214782511,0.0,0.0
-1.2752999880909062,-0.6532024329246107,0.42719201840595034,0.0,0.0
-1.2752999880909062,-0.5909926774079808,0.42524311164722534,0.0,0.0
-1.2752999880909062,-0.5287829218913513,0.4234899791860199,0.0,0.0
-1.2752999880909062,-0.4665731663747219,0.4219324917028042,0.0,0.0
-1.2752999880909062,-0.40436341085809246,0.4205704492862771,0.0,0.0
-1.2752999880909062,-0.3421536553414626,0.419403612886762,0.0,0.0
-1.2752999880909062,-0.27994389982483314,0.4184317309227279,0.0,0.0
-1.2752999880909062,-0.2177341443082037,0.41765456140439594,0.0,0.0
-1.2752999880909062,-0.15552438879157382,0.4170718898884076,0.0,0.0
-1.2752999880909062,-0.09331463327494438,0.4166835435260767,0.0,0.0
-1.2752999880909062,-0.03110487775831494,0.4164894014155344,0.0,0.0
-1.2752999880909062,0.031104877758314498,0.4164894014155344,0.0,0.0
-1.2752999880909062,0.09331463327494438,0.4166835435260767,0.0,0.0
-1.2752999880909062,0.15552438879157382,0.4170718898884076,0.0,0.0
-1.2752999880909062,0.21773414430820326,0.41765456140439594,0.0,0.0
-1.2752999880909062,0.2799438998248327,0.4184317309227279,0.0,0.0
-1.2752999880909062,0.3421536553414626,0.419403612886762,0.0,0.0
-1.2752999880909062,0.404363410858092,0.4205704492862771,0.0,0.0
-1.2752999880909062,0.46657316637472146,0.4219324917028042,0.0,0.0
-1.2752999880909062,0.5287829218913513,0.4234899791860199,0.0,0.0
-1.2752999880909062,0.5909926774079808,0.42524311164722534,0.0,0.0
-1.2752999880909062,0.6532024329246102,0.42719201840595034,0.0,0.0
-1.2752999880909062,0.7154121884412397,0.4293367214782511,0.0,0.0
-1.2752999880909062,0.7776219439578695,0.43167709315178926,0.0,0.0
-1.2752999880909062,0.839831699474499,0.4342128073552986,0.0,0.0
-1.2752999880909062,0.9020414549911289,0.436943284301215,0.0,0.0
-1.2752999880909062,0.9642512105077579,0.439867627863498,0.0,0.0
-1.2752999880909062,1.0264609660243877,0.44298455515234697,0.0,0.0
-1.2752999880909062,1.0886707215410176,0.446292317768993,0.0,0.0
-1.2752999880909062,1.1508804770576466,0.44978861427360234,0.0,0.0
-1.2752999880909062,1.2130902325742765,0.45347049348538376,0.0,0.0
-1.2752999880909062,1.2752999880909055,0.4573342483654239,0.0,0.0
-1.2752999880909062,1.3375097436075354,0.46137530042004093,0.0,0.0
-1.2752999880909062,1.3997194991241653,0.46558807481712355,0.0,0.0
-1.2752999880909062,1.4619292546407943,0.4699658667423828,0.0,0.0
-1.2752999880909062,1.5241390101574241,0.4745006999491954,0.0,0.0
-1.2752999880909062,1.586348765674054,0.47918317898651935,0.0,0.0
-1.2752999880909062,1.648558521190683,0.4840023372337801,0.0,0.0
-1.2752999880909062,1.710768276707313,0.48894548363523677,0.0,0.0
-1.2752999880909062,1.7729780322239428,0.4939980519082278,0.0,0.0
-1.2752999880909062,1.8351877877405718,0.4991434569895171,0.0,0.0
-1.2752999880909062,1.8973975432572017,0.504362964558415,0.0,0.0
-1.2752999880909062,1.9596072987738316,0.5096355805944054,0.0,0.0
-1.2752999880909062,2.0218170542904605,0.514937969030232,0.0,0.0
-1.2752999880909062,2.0840268098070904,0.520244406564896,0.0,0.0
-1.2752999880909062,2.1462365653237194,0.5255267844959557,0.0,0.0
-1.2752999880909062,2.2084463208403493,0.5307546678841796,0.0,0.0
-1.2752999880909062,2.270656076356979,0.535895422324196,0.0,0.0
-1.2752999880909062,2.332865831873608,0.5409144179013193,0.0,0.0
-1.2752999880909062,2.395075587390238,0.5457753184126383,0.0,0.0
-1.2752999880909062,2.457285342906868,0.5504404614933631,0.0,0.0
-1.2752999880909062,2.519495098423497,0.5548713318459803,0.0,0.0
-1.2752999880909062,2.581704853940127,0.5590291253331061,0.0,0.0
-1.2752999880909062,2.6439146094567567,0.5628753963905347,0.0,0.0
-1.2752999880909062,2.7061243649733857,0.5663727753029372,0.0,0.0
-1.2752999880909062,2.7683341204900156,0.5694857357575962,0.0,0.0
-1.2752999880909062,2.8305438760066455,0.5721813872717689,0.0,0.0
-1.2752999880909062,2.8927536315232745,0.5744302621808972,0.0,0.0
-1.2752999880909062,2.9549633870399044,0.576207063501029,0.0,0.0
-1.2752999880909062,3.0171731425565333,0.5774913386975065,0.0,0.0
-1.2752999880909062,3.0793828980731632,0.5782680456045568,0.0,0.0
-1.2130902325742767,-3.141592653589793,0.5707654645240541,0.0,0.0
-1.2130902325742767,-3.0793828980731637,0.570515848463219,0.0,0.0
-1.2130902325742767,-3.017173142556534,0.5697699219962782,0.0,0.0
-1.2130902325742767,-2.9549633870399044,0.5685363665271905,0.0,0.0
-1.2130902325742767,-2.892753631523275,0.5668293765906155,0.0,0.0
-1.2130902325742767,-2.8305438760066455,0.5646682640656012,0.0,0.0
-1.2130902325742767,-2.7683341204900156,0.562076934444285,0.0,0.0
-1.2130902325742767,-2.706124364973386,0.5590832622853439,0.0,0.0
-1.2130902325742767,-2.6439146094567567,0.5557183965794068,0.0,0.0
-1.2130902325742767,-2.581704853940127,0.5520160279739922,0.0,0.0
-1.2130902325742767,-2.5194950984234974,0.5480116487797874,0.0,0.0
-1.2130902325742767,-2.457285342906868,0.5437418337524061,0.0,0.0
-1.2130902325742767,-2.395075587390238,0.5392435653008714,0.0,0.0
-1.2130902325742767,-2.3328658318736086,0.5345536215659729,0.0,0.0
-1.2130902325742767,-2.270656076356979,0.5297080402775902,0.0,0.0
-1.2130902325742767,-2.2084463208403498,0.5247416659105395,0.0,0.0
-1.2130902325742767,-2.1462365653237203,0.5196877827782587,0.0,0.0
-1.2130902325742767,-2.0840268098070904,0.5145778325766133,0.0,0.0
-1.2130902325742767,-2.021817054290461,0.5094412116424116,0.0,0.0
-1.2130902325742767,-1.9596072987738313,0.5043051408475918,0.0,0.0
-1.2130902325742767,-1.897397543257202,0.4991945995572834,0.0,0.0
-1.2130902325742767,-1.8351877877405722,0.4941323143325143,0.0,0.0
-1.2130902325742767,-1.7729780322239428,0.4891387929222935,0.0,0.0
-1.2130902325742767,-1.7107682767073131,0.48423239442244426,0.0,0.0
-1.2130902325742767,-1.6485585211906835,0.4794294271430545,0.0,0.0
-1.2130902325742767,-1.586348765674054,0.4747442666012442,0.0,0.0
-1.2130902325742767,-1.5241390101574244,0.4701894870399439,0.0,0.0
-1.2130902325742767,-1.461929254640795,0.46577600088724247,0.0,0.0
-1.2130902325742767,-1.3997194991241653,0.46151320155631304,0.0,0.0
-1.2130902325742767,-1.3375097436075358,0.45740910590327005,0.0,0.0
-1.2130902325742767,-1.2752999880909062,0.45347049348538376,0.0,0.0
-1.2130902325742767,-1.2130902325742767,0.44970304048291804,0.0,0.0
-1.2130902325742767,-1.150880477057647,0.446111446761567,0.0,0.0
-1.2130902325742767,-1.0886707215410176,0.44269955506256053,0.0,0.0
-1.2130902325742767,-1.0264609660243877,0.4394704617215537,0.0,0.0
-1.2130902325742767,-0.9642512105077583,0.4364266186453741,0.0,0.0
-1.2130902325742767,-0.9020414549911289,0.43356992652851983,0.0,0.0
-1.2130902325742767,-0.8398316994744994,0.43090181948004913,0.0,0.0
-1.2130902325742767,-0.7776219439578695,0.4284233413667032,0.0,0.0
-1.2130902325742767,-0.7154121884412401,0.4261352142693969,0.0,0.0
-1.2130902325742767,-0.6532024329246107,0.42403789950611676,0.0,0.0
-1.2130902325742767,-0.5909926774079808,0.42213165170217765,0.0,0.0
-1.2130902325742767,-0.5287829218913513,0.42041656639490876,0.0,0.0
-1.2130902325742767,-0.4665731663747219,0.418892621649363,0.0,0.0
-1.2130902325742767,-0.40436341085809246,0.4175597141387327,0.0,0.0
-1.2130902325742767,-0.3421536553414626,0.41641769011119023,0.0,0.0
-1.2130902325742767,-0.27994389982483314,0.41546637162645605,0.0,0.0
-1.2130902325742767,-0.2177341443082037,0.41470557840254524,0.0,0.0
-1.2130902325742767,-0.15552438879157382,0.4141351455673657,0.0,0.0
-1.2130902325742767,-0.09331463327494438,0.41375493756220505,0.0,0.0
-1.2130902325742767,-0.03110487775831494,0.41356485839543244,0.0,0.0
-1.2130902325742767,0.031104877758314498,0.41356485839543244,0.0,0.0
-1.2130902325742767,0.09331463327494438,0.41375493756220505,0.0,0.0
-1.2130902325742767,0.15552438879157382,0.4141351455673657,0.0,0.0
-1.2130902325742767,0.21773414430820326,0.4147055784025452,0.0,0.0
-1.2130902325742767,0.2799438998248327,0.41546637162645605,0.0,0.0
-1.2130902325742767,0.3421536553414626,0.41641769011119023,0.0,0.0
-1.2130902325742767,0.404363410858092,0.41755971413873266,0.0,0.0
-1.2130902325742767,0.46657316637472146,0.4188926216493629,0.0,0.0
-1.2130902325742767,0.5287829218913513,0.42041656639490876,0.0,0.0
-1.2130902325742767,0.5909926774079808,0.42213165170217765,0.0,0.0
-1.2130902325742767,0.6532024329246102,0.42403789950611676,0.0,0.0
-1.2130902325742767,0.7154121884412397,0.4261352142693968,0.0,0.0
-1.2130902325742767,0.7776219439578695,0.4284233413667032,0.0,0.0
-1.2130902325742767,0.839831699474499,0.4309018194800491,0.0,0.0
-1.2130902325742767,0.9020414549911289,0.43356992652851983,0.0,0.0
-1.2130902325742767,0.9642512105077579,0.436426618645374,0.0,0.0
-1.2130902325742767,1.0264609660243877,0.4394704617215537,0.0,0.0
-1.2130902325742767,1.0886707215410176,0.44269955506256053,0.0,0.0
-1.2130902325742767,1.1508804770576466,0.446111446761567,0.0,0.0
-1.2130902325742767,1.2130902325742765,0.449703040482918,0.0,0.0
-1.2130902325742767,1.2752999880909055,0.45347049348538376,0.0,0.0
-1.2130902325742767,1.3375097436075354,0.45740910590326994,0.0,0.0
-1.2130902325742767,1.3997194991241653,0.46151320155631304,0.0,0.0
-1.2130902325742767,1.4619292546407943,0.4657760008872424,0.0,0.0
-1.2130902325742767,1.5241390101574241,0.4701894870399439,0.0,0.0
-1.2130902325742767,1.586348765674054,0.4747442666012442,0.0,0.0
-1.2130902325742767,1.648558521190683,0.47942942714305437,0.0,0.0
-1.2130902325742767,1.710768276707313,0.48423239442244426,0.0,0.0
-1.2130902325742767,1.7729780322239428,0.4891387929222935,0.0,0.0
-1.2130902325742767,1.8351877877405718,0.4941323143325143,0.0,0.0
-1.2130902325742767,1.8973975432572017,0.4991945995572833,0.0,0.0
-1.2130902325742767,1.9596072987738316,0.5043051408475918,0.0,0.0
-1.2130902325742767,2.0218170542904605,0.5094412116424116,0.0,0.0
-1.2130902325742767,2.0840268098070904,0.5145778325766133,0.0,0.0
-1.2130902325742767,2.1462365653237194,0.5196877827782586,0.0,0.0
-1.2130902325742767,2.2084463208403493,0.5247416659105394,0.0,0.0
-1.2130902325742767,2.270656076356979,0.5297080402775902,0.0,0.0
-1.2130902325742767,2.332865831873608,0.5345536215659729,0.0,0.0
-1.2130902325742767,2.395075587390238,0.5392435653008714,0.0,0.0
-1.2130902325742767,2.457285342906868,0.5437418337524061,0.0,0.0
-1.2130902325742767,2.519495098423497,0.5480116487797874,0.0,0.0
-1.2130902325742767,2.581704853940127,0.5520160279739922,0.0,0.0
-1.2130902325742767,2.6439146094567567,0.5557183965794068,0.0,0.0
-1.2130902325742767,2.7061243649733857,0.5590832622853438,0.0,0.0
-1.2130902325742767,2.7683341204900156,0.562076934444285,0.0,0.0
-1.2130902325742767,2.8305438760066455,0.5646682640656012,0.0,0.0
-1.2130902325742767,2.8927536315232745,0.5668293765906155,0.0,0.0
-1.2130902325742767,2.9549633870399044,0.5685363665271905,0.0,0.0
-1.2130902325742767,3.0171731425565333,0.5697699219962782,0.0,0.0
-1.2130902325742767,3.0793828980731632,0.5705158484632189,0.0,0.0
-1.150880477057647,-3.141592653589793,0.5634754734870666,0.0,0.0
-1.150880477057647,-3.0793828980731637,0.5632352963048839,0.0,0.0
-1.150880477057647,-3.017173142556534,0.5625175283631489,0.0,0.0
-1.150880477057647,-2.9549633870399044,0.5613303828460329,0.0,0.0
-1.150880477057647,-2.892753631523275,0.55968729387087,0.0,0.0
-1.150880477057647,-2.8305438760066455,0.5576065491809509,0.0,0.0
-1.150880477057647,-2.7683341204900156,0.5551108035557305,0.0,0.0
-1.150880477057647,-2.706124364973386,0.5522264976862596,0.0,0.0
-1.150880477057647,-2.6439146094567567,0.5489832106179111,0.0,0.0
-1.150880477057647,-2.581704853940127,0.5454129750776261,0.0,0.0
-1.150880477057647,-2.5194950984234974,0.5415495841850044,0.0,0.0
-1.150880477057647,-2.457285342906868,0.5374279154926733,0.0,0.0
-1.150880477057647,-2.395075587390238,0.5330832944386652,0.0,0.0
-1.150880477057647,-2.3328658318736086,0.5285509146101841,0.0,0.0
-1.150880477057647,-2.270656076356979,0.5238653271977939,0.0,0.0
-1.150880477057647,-2.2084463208403498,0.5190600070888091,0.0,0.0
-1.150880477057647,-2.1462365653237203,0.5141669985446785,0.0,0.0
-1.150880477057647,-2.0840268098070904,0.509216639559693,0.0,0.0
-1.150880477057647,-2.021817054290461,0.5042373609326171,0.0,0.0
-1.150880477057647,-1.9596072987738313,0.4992555538322544,0.0,0.0
-1.150880477057647,-1.897397543257202,0.4942954981639233,0.0,0.0
-1.150880477057647,-1.8351877877405722,0.4893793432582451,0.0,0.0
-1.150880477057647,-1.7729780322239428,0.4845271321900831,0.0,0.0
-1.150880477057647,-1.7107682767073131,0.4797568612671063,0.0,0.0
-1.150880477057647,-1.6485585211906835,0.47508456678060307,0.0,0.0
-1.150880477057647,-1.586348765674054,0.4705244318744293,0.0,0.0
-1.150880477057647,-1.5241390101574244,0.4660889072672186,0.0,0.0
-1.150880477057647,-1.461929254640795,0.4617888404833432,0.0,0.0
-1.150880477057647,-1.3997194991241653,0.45763360915353496,0.0,0.0
-1.150880477057647,-1.3375097436075358,0.45363125479749955,0.0,0.0
-1.150880477057647,-1.2752999880909062,0.44978861427360234,0.0,0.0
-1.150880477057647,-1.2130902325742767,0.44611144676156705,0.0,0.0
-1.150880477057647,-1.150880477057647,0.44260455472863475,0.0,0.0
-1.150880477057647,-1.0886707215410176,0.4392718978195269,0.0,0.0
-1.150880477057647,-1.0264609660243877,0.436116699011725,0.0,0.0
-1.150880477057647,-0.9642512105077583,0.43314154269839344,0.0,0.0
-1.150880477057647,-0.9020414549911289,0.43034846461131127,0.0,0.0
-1.150880477057647,-0.8398316994744994,0.4277390336853321,0.0,0.0
-1.150880477057647,-0.7776219439578695,0.42531442610374337,0.0,0.0
-1.150880477057647,-0.7154121884412401,0.42307549185929977,0.0,0.0
-1.150880477057647,-0.6532024329246107,0.4210228142266311,0.0,0.0
-1.150880477057647,-0.5909926774079808,0.41915676257508233,0.0,0.0
-1.150880477057647,-0.5287829218913513,0.4174775389627603,0.0,0.0
-1.150880477057647,-0.4665731663747219,0.4159852189475704,0.0,0.0
-1.150880477057647,-0.40436341085809246,0.41467978703338293,0.0,0.0
-1.150880477057647,-0.3421536553414626,0.4135611671424373,0.0,0.0
-1.150880477057647,-0.27994389982483314,0.41262924847125315,0.0,0.0
-1.150880477057647,-0.2177341443082037,0.4118839070486727,0.0,0.0
-1.150880477057647,-0.15552438879157382,0.41132502327272585,0.0,0.0
-1.150880477057647,-0.09331463327494438,0.41095249565890113,0.0,0.0
-1.150880477057647,-0.03110487775831494,0.4107662509869351,0.0,0.0
-1.150880477057647,0.031104877758314498,0.4107662509869351,0.0,0.0
-1.150880477057647,0.09331463327494438,0.41095249565890113,0.0,0.0
-1.150880477057647,0.15552438879157382,0.41132502327272585,0.0,0.0
-1.150880477057647,0.21773414430820326,0.41188390704867267,0.0,0.0
-1.150880477057647,0.2799438998248327,0.41262924847125315,0.0,0.0
-1.150880477057647,0.3421536553414626,0.4135611671424373,0.0,0.0
-1.150880477057647,0.404363410858092,0.41467978703338293,0.0,0.0
-1.150880477057647,0.46657316637472146,0.41598521894757035,0.0,0.0
-1.150880477057647,0.5287829218913513,0.4174775389627603,0.0,0.0
-1.150880477057647,0.5909926774079808,0.41915676257508233,0.0,0.0
-1.150880477057647,0.6532024329246102,0.4210228142266311,0.0,0.0
-1.150880477057647,0.7154121884412397,0.42307549185929977,0.0,0.0
-1.150880477057647,0.7776219439578695,0.42531442610374337,0.0,0.0
-1.150880477057647,0.839831699474499,0.4277390336853321,0.0,0.0
-1.150880477057647,0.9020414549911289,0.43034846461131127,0.0,0.0
-1.150880477057647,0.9642512105077579,0.43314154269839344,0.0,0.0
-1.150880477057647,1.0264609660243877,0.436116699011725,0.0,0.0
-1.150880477057647,1.0886707215410176,0.4392718978195269,0.0,0.0
-1.150880477057647,1.1508804770576466,0.44260455472863475,0.0,0.0
-1.150880477057647,1.2130902325742765,0.446111446761567,0.0,0.0
-1.150880477057647,1.2752999880909055,0.44978861427360234,0.0,0.0
-1.150880477057647,1.3375097436075354,0.45363125479749955,0.0,0.0
-1.150880477057647,1.3997194991241653,0.45763360915353496,0.0,0.0
-1.150880477057647,1.4619292546407943,0.4617888404833432,0.0,0.0
-1.150880477057647,1.5241390101574241,0.4660889072672186,0.0,0.0
-1.150880477057647,1.586348765674054,0.4705244318744293,0.0,0.0
-1.150880477057647,1.648558521190683,0.47508456678060307,0.0,0.0
-1.150880477057647,1.710768276707313,0.47975686126710626,0.0,0.0
-1.150880477057647,1.7729780322239428,0.4845271321900831,0.0,0.0
-1.150880477057647,1.8351877877405718,0.48937934325824506,0.0,0.0
-1.150880477057647,1.8973975432572017,0.4942954981639233,0.0,0.0
-1.150880477057647,1.9596072987738316,0.4992555538322544,0.0,0.0
-1.150880477057647,2.0218170542904605,0.5042373609326171,0.0,0.0
-1.150880477057647,2.0840268098070904,0.509216639559693,0.0,0.0
-1.150880477057647,2.1462365653237194,0.5141669985446785,0.0,0.0
-1.150880477057647,2.2084463208403493,0.5190600070888091,0.0,0.0
-1.150880477057647,2.270656076356979,0.5238653271977939,0.0,0.0
-1.150880477057647,2.332865831873608,0.528550914610184,0.0,0.0
-1.150880477057647,2.395075587390238,0.5330832944386652,0.0,0.0
-1.150880477057647,2.457285342906868,0.5374279154926733,0.0,0.0
-1.150880477057647,2.519495098423497,0.5415495841850044,0.0,0.0
-1.150880477057647,2.581704853940127,0.5454129750776261,0.0,0.0
-1.150880477057647,2.6439146094567567,0.5489832106179111,0.0,0.0
-1.150880477057647,2.7061243649733857,0.5522264976862596,0.0,0.0
-1.150880477057647,2.7683341204900156,0.5551108035557305,0.0,0.0
-1.150880477057647,2.8305438760066455,0.5576065491809509,0.0,0.0
-1.150880477057647,2.8927536315232745,0.55968729387087,0.0,0.0
-1.150880477057647,2.9549633870399044,0.5613303828460329,0.0,0.0
-1.150880477057647,3.0171731425565333,0.5625175283631489,0.0,0.0
-1.150880477057647,3.0793828980731632,0.5632352963048839,0.0,0.0
-1.0886707215410176,-3.141592653589793,0.5566466851121488,0.0,0.0
-1.0886707215410176,-3.0793828980731637,0.5564151311248806,0.0,0.0
-1.0886707215410176,-3.017173142556534,0.5557230910591666,0.0,0.0
-1.0886707215410176,-2.9549633870399044,0.5545783583435724,0.0,0.0
-1.0886707215410176,-2.892753631523275,0.5529936850376318,0.0,0.0
-1.0886707215410176,-2.8305438760066455,0.5509864395816229,0.0,0.0
-1.0886707215410176,-2.7683341204900156,0.5485781529308251,0.0,0.0
-1.0886707215410176,-2.706124364973386,0.5457939757605345,0.0,0.0
-1.0886707215410176,-2.6439146094567567,0.5426620725647512,0.0,0.0
-1.0886707215410176,-2.581704853940127,0.5392129796724536,0.0,0.0
-1.0886707215410176,-2.5194950984234974,0.5354789535568252,0.0,0.0
-1.0886707215410176,-2.457285342906868,0.5314933335727839,0.0,0.0
-1.0886707215410176,-2.395075587390238,0.527289939804004,0.0,0.0
-1.0886707215410176,-2.3328658318736086,0.5229025224680307,0.0,0.0
-1.0886707215410176,-2.270656076356979,0.5183642747531347,0.0,0.0
-1.0886707215410176,-2.2084463208403498,0.5137074164323966,0.0,0.0
-1.0886707215410176,-2.1462365653237203,0.5089628514299099,0.0,0.0
-1.0886707215410176,-2.0840268098070904,0.5041598989181691,0.0,0.0
-1.0886707215410176,-2.021817054290461,0.49932609462794625,0.0,0.0
-1.0886707215410176,-1.9596072987738313,0.4944870568920176,0.0,0.0
-1.0886707215410176,-1.897397543257202,0.4896664104952555,0.0,0.0
-1.0886707215410176,-1.8351877877405722,0.48488576059222793,0.0,0.0
-1.0886707215410176,-1.7729780322239428,0.4801647086780392,0.0,0.0
-1.0886707215410176,-1.7107682767073131,0.4755209027455891,0.0,0.0
-1.0886707215410176,-1.6485585211906835,0.47097011422066426,0.0,0.0
-1.0886707215410176,-1.586348765674054,0.46652633493288614,0.0,0.0
-1.0886707215410176,-1.5241390101574244,0.4622018881679196,0.0,0.0
-1.0886707215410176,-1.461929254640795,0.4580075486837549,0.0,0.0
-1.0886707215410176,-1.3997194991241653,0.45395266740756046,0.0,0.0
-1.0886707215410176,-1.3375097436075358,0.4500452973212888,0.0,0.0
-1.0886707215410176,-1.2752999880909062,0.446292317768993,0.0,0.0
-1.0886707215410176,-1.2130902325742767,0.44269955506256053,0.0,0.0
-1.0886707215410176,-1.150880477057647,0.4392718978195269,0.0,0.0
-1.0886707215410176,-1.0886707215410176,0.436013405937081,0.0,0.0
-1.0886707215410176,-1.0264609660243877,0.43292741249474864,0.0,0.0
-1.0886707215410176,-0.9642512105077583,0.43001661819153597,0.0,0.0
-1.0886707215410176,-0.9020414549911289,0.42728317816989764,0.0,0.0
-1.0886707215410176,-0.8398316994744994,0.42472878126762004,0.0,0.0
-1.0886707215410176,-0.7776219439578695,0.4223547218782748,0.0,0.0
-1.0886707215410176,-0.7154121884412401,0.42016196469949946,0.0,0.0
-1.0886707215410176,-0.6532024329246107,0.4181512027133816,0.0,0.0
-1.0886707215410176,-0.5909926774079808,0.4163229087812015,0.0,0.0
-1.0886707215410176,-0.5287829218913513,0.41467738125131676,0.0,0.0
-1.0886707215410176,-0.4665731663747219,0.4132147839787914,0.0,0.0
-1.0886707215410176,-0.40436341085809246,0.411935181142379,0.0,0.0
-1.0886707215410176,-0.3421536553414626,0.4108385672218502,0.0,0.0
-1.0886707215410176,-0.27994389982483314,0.40992489246893227,0.0,0.0
-1.0886707215410176,-0.2177341443082037,0.40919408417030056,0.0,0.0
-1.0886707215410176,-0.15552438879157382,0.40864606396263764,0.0,0.0
-1.0886707215410176,-0.09331463327494438,0.40828076141890834,0.0,0.0
-1.0886707215410176,-0.03110487775831494,0.40809812408251817,0.0,0.0
-1.0886707215410176,0.031104877758314498,0.40809812408251817,0.0,0.0
-1.0886707215410176,0.09331463327494438,0.40828076141890834,0.0,0.0
-1.0886707215410176,0.15552438879157382,0.40864606396263764,0.0,0.0
-1.0886707215410176,0.21773414430820326,0.4091940841703005,0.0,0.0
-1.0886707215410176,0.2799438998248327,0.40992489246893227,0.0,0.0
-1.0886707215410176,0.3421536553414626,0.4108385672218502,0.0,0.0
-1.0886707215410176,0.404363410858092,0.41193518114237904,0.0,0.0
-1.0886707215410176,0.46657316637472146,0.41321478397879136,0.0,0.0
-1.0886707215410176,0.5287829218913513,0.41467738125131676,0.0,0.0
-1.0886707215410176,0.5909926774079808,0.4163229087812015,0.0,0.0
-1.0886707215410176,0.6532024329246102,0.4181512027133816,0.0,0.0
-1.0886707215410176,0.7154121884412397,0.42016196469949935,0.0,0.0
-1.0886707215410176,0.7776219439578695,0.4223547218782748,0.0,0.0
-1.0886707215410176,0.839831699474499,0.4247287812676201,0.0,0.0
-1.0886707215410176,0.9020414549911289,0.42728317816989764,0.0,0.0
-1.0886707215410176,0.9642512105077579,0.43001661819153586,0.0,0.0
-1.0886707215410176,1.0264609660243877,0.43292741249474864,0.0,0.0
-1.0886707215410176,1.0886707215410176,0.436013405937081,0.0,0.0
-1.0886707215410176,1.1508804770576466,0.4392718978195269,0.0,0.0
-1.0886707215410176,1.2130902325742765,0.44269955506256053,0.0,0.0
-1.0886707215410176,1.2752999880909055,0.4462923177689929,0.0,0.0
-1.0886707215410176,1.3375097436075354,0.45004529732128873,0.0,0.0
-1.0886707215410176,1.3997194991241653,0.45395266740756046,0.0,0.0
-1.0886707215410176,1.4619292546407943,0.4580075486837549,0.0,0.0
-1.0886707215410176,1.5241390101574241,0.4622018881679196,0.0,0.0
-1.0886707215410176,1.586348765674054,0.46652633493288614,0.0,0.0
-1.0886707215410176,1.648558521190683,0.47097011422066426,0.0,0.0
-1.0886707215410176,1.710768276707313,0.4755209027455891,0.0,0.0
-1.0886707215410176,1.7729780322239428,0.4801647086780392,0.0,0.0
-1.0886707215410176,1.8351877877405718,0.48488576059222793,0.0,0.0
-1.0886707215410176,1.8973975432572017,0.4896664104952555,0.0,0.0
-1.0886707215410176,1.9596072987738316,0.49448705689201766,0.0,0.0
-1.0886707215410176,2.0218170542904605,0.49932609462794625,0.0,0.0
-1.0886707215410176,2.0840268098070904,0.5041598989181691,0.0,0.0
-1.0886707215410176,2.1462365653237194,0.5089628514299098,0.0,0.0
-1.0886707215410176,2.2084463208403493,0.5137074164323966,0.0,0.0
-1.0886707215410176,2.270656076356979,0.5183642747531347,0.0,0.0
-1.0886707215410176,2.332865831873608,0.5229025224680307,0.0,0.0
-1.0886707215410176,2.395075587390238,0.527289939804004,0.0,0.0
-1.0886707215410176,2.457285342906868,0.5314933335727839,0.0,0.0
-1.0886707215410176,2.519495098423497,0.5354789535568252,0.0,0.0
-1.0886707215410176,2.581704853940127,0.5392129796724536,0.0,0.0
-1.0886707215410176,2.6439146094567567,0.5426620725647512,0.0,0.0
-1.0886707215410176,2.7061243649733857,0.5457939757605345,0.0,0.0
-1.0886707215410176,2.7683341204900156,0.5485781529308251,0.0,0.0
-1.0886707215410176,2.8305438760066455,0.5509864395816229,0.0,0.0
-1.0886707215410176,2.8927536315232745,0.5529936850376318,0.0,0.0
-1.0886707215410176,2.9549633870399044,0.5545783583435724,0.0,0.0
-1.0886707215410176,3.0171731425565333,0.5557230910591665,0.0,0.0
-1.0886707215410176,3.0793828980731632,0.5564151311248805,0.0,0.0
-1.0264609660243877,-3.141592653589793,0.5502677430602431,0.0,0.0
-1.0264609660243877,-3.0793828980731637,0.5500440555571122,0.0,0.0
-1.0264609660243877,-3.017173142556534,0.5493754879795316,0.0,0.0
-1.0264609660243877,-2.9549633870399044,0.5482694575855661,0.0,0.0
-1.0264609660243877,-2.892753631523275,0.546738104908216,0.0,0.0
-1.0264609660243877,-2.8305438760066455,0.5447979735659657,0.0,0.0
-1.0264609660243877,-2.7683341204900156,0.542469585245254,0.0,0.0
-1.0264609660243877,-2.706124364973386,0.5397769307541637,0.0,0.0
-1.0264609660243877,-2.6439146094567567,0.5367469009888969,0.0,0.0
-1.0264609660243877,-2.581704853940127,0.5334086828355555,0.0,0.0
-1.0264609660243877,-2.5194950984234974,0.5297931445194068,0.0,0.0
-1.0264609660243877,-2.457285342906868,0.5259322329379743,0.0,0.0
-1.0264609660243877,-2.395075587390238,0.5218584024083271,0.0,0.0
-1.0264609660243877,-2.3328658318736086,0.5176040904141079,0.0,0.0
-1.0264609660243877,-2.270656076356979,0.5132012517492578,0.0,0.0
-1.0264609660243877,-2.2084463208403498,0.508680958279309,0.0,0.0
-1.0264609660243877,-2.1462365653237203,0.5040730676655377,0.0,0.0
-1.0264609660243877,-2.0840268098070904,0.4994059610273583,0.0,0.0
-1.0264609660243877,-2.021817054290461,0.4947063467746673,0.0,0.0
-1.0264609660243877,-1.9596072987738313,0.4899991257688352,0.0,0.0
-1.0264609660243877,-1.897397543257202,0.4853073115515086,0.0,0.0
-1.0264609660243877,-1.8351877877405722,0.4806519985527828,0.0,0.0
-1.0264609660243877,-1.7729780322239428,0.47605237086582647,0.0,0.0
-1.0264609660243877,-1.7107682767073131,0.4715257442524287,0.0,0.0
-1.0264609660243877,-1.6485585211906835,0.46708763442131807,0.0,0.0
-1.0264609660243877,-1.586348765674054,0.46275184520410745,0.0,0.0
-1.0264609660243877,-1.5241390101574244,0.45853057096062755,0.0,0.0
-1.0264609660243877,-1.461929254640795,0.45443450830940446,0.0,0.0
-1.0264609660243877,-1.3997194991241653,0.45047297304857,0.0,0.0
-1.0264609660243877,-1.3375097436075358,0.4466540188702344,0.0,0.0
-1.0264609660243877,-1.2752999880909062,0.44298455515234697,0.0,0.0
-1.0264609660243877,-1.2130902325742767,0.43947046172155374,0.0,0.0
-1.0264609660243877,-1.150880477057647,0.436116699011725,0.0,0.0
-1.0264609660243877,-1.0886707215410176,0.43292741249474864,0.0,0.0
-1.0264609660243877,-1.0264609660243877,0.4299060306360465,0.0,0.0
-1.0264609660243877,-0.9642512105077583,0.4270553559328927,0.0,0.0
-1.0264609660243877,-0.9020414549911289,0.4243776488362803,0.0,0.0
-1.0264609660243877,-0.8398316994744994,0.4218747045447266,0.0,0.0
-1.0264609660243877,-0.7776219439578695,0.419547922798953,0.0,0.0
-1.0264609660243877,-0.7154121884412401,0.417398370907383,0.0,0.0
-1.0264609660243877,-0.6532024329246107,0.41542684030075466,0.0,0.0
-1.0264609660243877,-0.5909926774079808,0.41363389695600217,0.0,0.0
-1.0264609660243877,-0.5287829218913513,0.41201992605022847,0.0,0.0
-1.0264609660243877,-0.4665731663747219,0.410585171209601,0.0,0.0
-1.0264609660243877,-0.40436341085809246,0.4093297687091146,0.0,0.0
-1.0264609660243877,-0.3421536553414626,0.40825377696047294,0.0,0.0
-1.0264609660243877,-0.27994389982483314,0.40735720159931493,0.0,0.0
-1.0264609660243877,-0.2177341443082037,0.40664001645163267,0.0,0.0
-1.0264609660243877,-0.15552438879157382,0.4061021806239974,0.0,0.0
-1.0264609660243877,-0.09331463327494438,0.4057436519243066,0.0,0.0
-1.0264609660243877,-0.03110487775831494,0.40556439678003287,0.0,0.0
-1.0264609660243877,0.031104877758314498,0.40556439678003287,0.0,0.0
-1.0264609660243877,0.09331463327494438,0.4057436519243066,0.0,0.0
-1.0264609660243877,0.15552438879157382,0.4061021806239974,0.0,0.0
-1.0264609660243877,0.21773414430820326,0.4066400164516326,0.0,0.0
-1.0264609660243877,0.2799438998248327,0.407357201599315,0.0,0.0
-1.0264609660243877,0.3421536553414626,0.40825377696047294,0.0,0.0
-1.0264609660243877,0.404363410858092,0.4093297687091146,0.0,0.0
-1.0264609660243877,0.46657316637472146,0.410585171209601,0.0,0.0
-1.0264609660243877,0.5287829218913513,0.41201992605022847,0.0,0.0
-1.0264609660243877,0.5909926774079808,0.41363389695600217,0.0,0.0
-1.0264609660243877,0.6532024329246102,0.41542684030075466,0.0,0.0
-1.0264609660243877,0.7154121884412397,0.41739837090738297,0.0,0.0
-1.0264609660243877,0.7776219439578695,0.419547922798953,0.0,0.0
-1.0264609660243877,0.839831699474499,0.42187470454472664,0.0,0.0
-1.0264609660243877,0.9020414549911289,0.4243776488362803,0.0,0.0
-1.0264609660243877,0.9642512105077579,0.4270553559328926,0.0,0.0
-1.0264609660243877,1.0264609660243877,0.4299060306360465,0.0,0.0
-1.0264609660243877,1.0886707215410176,0.43292741249474864,0.0,0.0
-1.0264609660243877,1.1508804770576466,0.436116699011725,0.0,0.0
-1.0264609660243877,1.2130902325742765,0.4394704617215537,0.0,0.0
-1.0264609660243877,1.2752999880909055,0.44298455515234697,0.0,0.0
-1.0264609660243877,1.3375097436075354,0.4466540188702344,0.0,0.0
-1.0264609660243877,1.3997194991241653,0.45047297304857,0.0,0.0
-1.0264609660243877,1.4619292546407943,0.45443450830940446,0.0,0.0
-1.0264609660243877,1.5241390101574241,0.45853057096062755,0.0,0.0
-1.0264609660243877,1.586348765674054,0.46275184520410745,0.0,0.0
-1.0264609660243877,1.648558521190683,0.46708763442131807,0.0,0.0
-1.0264609660243877,1.710768276707313,0.4715257442524287,0.0,0.0
-1.0264609660243877,1.7729780322239428,0.47605237086582647,0.0,0.0
-1.0264609660243877,1.8351877877405718,0.4806519985527827,0.0,0.0
-1.0264609660243877,1.8973975432572017,0.48530731155150847,0.0,0.0
-1.0264609660243877,1.9596072987738316,0.4899991257688352,0.0,0.0
-1.0264609660243877,2.0218170542904605,0.4947063467746673,0.0,0.0
-1.0264609660243877,2.0840268098070904,0.4994059610273583,0.0,0.0
-1.0264609660243877,2.1462365653237194,0.5040730676655377,0.0,0.0
-1.0264609660243877,2.2084463208403493,0.508680958279309,0.0,0.0
-1.0264609660243877,2.270656076356979,0.5132012517492578,0.0,0.0
-1.0264609660243877,2.332865831873608,0.5176040904141079,0.0,0.0
-1.0264609660243877,2.395075587390238,0.5218584024083271,0.0,0.0
-1.0264609660243877,2.457285342906868,0.5259322329379743,0.0,0.0
-1.0264609660243877,2.519495098423497,0.5297931445194068,0.0,0.0
-1.0264609660243877,2.581704853940127,0.5334086828355555,0.0,0.0
-1.0264609660243877,2.6439146094567567,0.5367469009888969,0.0,0.0
-1.0264609660243877,2.7061243649733857,0.5397769307541636,0.0,0.0
-1.0264609660243877,2.7683341204900156,0.542469585245254,0.0,0.0
-1.0264609660243877,2.8305438760066455,0.5447979735659657,0.0,0.0
-1.0264609660243877,2.8927536315232745,0.546738104908216,0.0,0.0
-1.0264609660243877,2.9549633870399044,0.5482694575855661,0.0,0.0
-1.0264609660243877,3.0171731425565333,0.5493754879795316,0.0,0.0
-1.0264609660243877,3.0793828980731632,0.5500440555571121,0.0,0.0
-0.9642512105077583,-3.141592653589793,0.5443274409944746,0.0,0.0
-0.9642512105077583,-3.0793828980731637,0.5441109170505187,0.0,0.0
-0.9642512105077583,-3.017173142556534,0.5434637264704706,0.0,0.0
-0.9642512105077583,-2.9549633870399044,0.5423929496266923,0.0,0.0
-0.9642512105077583,-2.892753631523275,0.5409101791496699,0.0,0.0
-0.9642512105077583,-2.8305438760066455,0.5390312191685046,0.0,0.0
-0.9642512105077583,-2.7683341204900156,0.5367756857315875,0.0,0.0
-0.9642512105077583,-2.706124364973386,0.5341665277558495,0.0,0.0
-0.9642512105077583,-2.6439146094567567,0.5312294906219435,0.0,0.0
-0.9642512105077583,-2.581704853940127,0.5279925456899915,0.0,0.0
-0.9642512105077583,-2.5194950984234974,0.5244853086132027,0.0,0.0
-0.9642512105077583,-2.457285342906868,0.5207384675736011,0.0,0.0
-0.9642512105077583,-2.395075587390238,0.5167832397554111,0.0,0.0
-0.9642512105077583,-2.3328658318736086,0.5126508708607179,0.0,0.0
-0.9642512105077583,-2.270656076356979,0.5083721886188324,0.0,0.0
-0.9642512105077583,-2.2084463208403498,0.5039772173728634,0.0,0.0
-0.9642512105077583,-2.1462365653237203,0.4994948572122569,0.0,0.0
-0.9642512105077583,-2.0840268098070904,0.49495262795239814,0.0,0.0
-0.9642512105077583,-2.021817054290461,0.4903764756593421,0.0,0.0
-0.9642512105077583,-1.9596072987738313,0.48579063742701034,0.0,0.0
-0.9642512105077583,-1.897397543257202,0.48121755872630895,0.0,0.0
-0.9642512105077583,-1.8351877877405722,0.4766778568091053,0.0,0.0
-0.9642512105077583,-1.7729780322239428,0.47219032328682686,0.0,0.0
-0.9642512105077583,-1.7107682767073131,0.4677719590226306,0.0,0.0
-0.9642512105077583,-1.6485585211906835,0.4634380347846457,0.0,0.0
-0.9642512105077583,-1.586348765674054,0.459202171618538,0.0,0.0
-0.9642512105077583,-1.5241390101574244,0.4550764355341758,0.0,0.0
-0.9642512105077583,-1.461929254640795,0.4510714418003039,0.0,0.0
-0.9642512105077583,-1.3997194991241653,0.44719646485345416,0.0,0.0
-0.9642512105077583,-1.3375097436075358,0.44345955051650354,0.0,0.0
-0.9642512105077583,-1.2752999880909062,0.439867627863498,0.0,0.0
-0.9642512105077583,-1.2130902325742767,0.4364266186453741,0.0,0.0
-0.9642512105077583,-1.150880477057647,0.43314154269839344,0.0,0.0
-0.9642512105077583,-1.0886707215410176,0.43001661819153597,0.0,0.0
-0.9642512105077583,-1.0264609660243877,0.4270553559328927,0.0,0.0
-0.9642512105077583,-0.9642512105077583,0.42426064725306,0.0,0.0
-0.9642512105077583,-0.9020414549911289,0.4216348452220019,0.0,0.0
-0.9642512105077583,-0.8398316994744994,0.41917983914193385,0.0,0.0
-0.9642512105077583,-0.7776219439578695,0.41689712239972054,0.0,0.0
-0.9642512105077583,-0.7154121884412401,0.41478785386503914,0.0,0.0
-0.9642512105077583,-0.6532024329246107,0.4128529130916056,0.0,0.0
-0.9642512105077583,-0.5909926774079808,0.41109294962385673,0.0,0.0
-0.9642512105077583,-0.5287829218913513,0.4095084267356935,0.0,0.0
-0.9642512105077583,-0.4665731663747219,0.4080996599355466,0.0,0.0
-0.9642512105077583,-0.40436341085809246,0.4068668505667462,0.0,0.0
-0.9642512105077583,-0.3421536553414626,0.40581011481697044,0.0,0.0
-0.9642512105077583,-0.27994389982483314,0.4049295084278372,0.0,0.0
-0.9642512105077583,-0.2177341443082037,0.4042250473674224,0.0,0.0
-0.9642512105077583,-0.15552438879157382,0.40369672469616286,0.0,0.0
-0.9642512105077583,-0.09331463327494438,0.40334452382139213,0.0,0.0
-0.9642512105077583,-0.03110487775831494,0.4031684282985492,0.0,0.0
-0.9642512105077583,0.031104877758314498,0.4031684282985492,0.0,0.0
-0.9642512105077583,0.09331463327494438,0.40334452382139213,0.0,0.0
-0.9642512105077583,0.15552438879157382,0.40369672469616286,0.0,0.0
-0.9642512105077583,0.21773414430820326,0.4042250473674224,0.0,0.0
-0.9642512105077583,0.2799438998248327,0.4049295084278372,0.0,0.0
-0.9642512105077583,0.3421536553414626,0.40581011481697044,0.0,0.0
-0.9642512105077583,0.404363410858092,0.4068668505667462,0.0,0.0
-0.9642512105077583,0.46657316637472146,0.4080996599355466,0.0,0.0
-0.9642512105077583,0.5287829218913513,0.4095084267356935,0.0,0.0
-0.9642512105077583,0.5909926774079808,0.41109294962385673,0.0,0.0
-0.9642512105077583,0.6532024329246102,0.4128529130916057,0.0,0.0
-0.9642512105077583,0.7154121884412397,0.41478785386503914,0.0,0.0
-0.9642512105077583,0.7776219439578695,0.41689712239972054,0.0,0.0
-0.9642512105077583,0.839831699474499,0.4191798391419339,0.0,0.0
-0.9642512105077583,0.9020414549911289,0.4216348452220019,0.0,0.0
-0.9642512105077583,0.9642512105077579,0.42426064725306,0.0,0.0
-0.9642512105077583,1.0264609660243877,0.4270553559328927,0.0,0.0
-0.9642512105077583,1.0886707215410176,0.43001661819153597,0.0,0.0
-0.9642512105077583,1.1508804770576466,0.43314154269839344,0.0,0.0
-0.9642512105077583,1.2130902325742765,0.4364266186453741,0.0,0.0
-0.9642512105077583,1.2752999880909055,0.439867627863498,0.0,0.0
-0.9642512105077583,1.3375097436075354,0.44345955051650354,0.0,0.0
-0.9642512105077583,1.3997194991241653,0.44719646485345416,0.0,0.0
-0.9642512105077583,1.4619292546407943,0.45107144180030384,0.0,0.0
-0.9642512105077583,1.5241390101574241,0.4550764355341758,0.0,0.0
-0.9642512105077583,1.586348765674054,0.459202171618538,0.0,0.0
-0.9642512105077583,1.648558521190683,0.4634380347846457,0.0,0.0
-0.9642512105077583,1.710768276707313,0.4677719590226306,0.0,0.0
-0.9642512105077583,1.7729780322239428,0.47219032328682686,0.0,0.0
-0.9642512105077583,1.8351877877405718,0.4766778568091053,0.0,0.0
-0.9642512105077583,1.8973975432572017,0.4812175587263089,0.0,0.0
-0.9642512105077583,1.9596072987738316,0.48579063742701034,0.0,0.0
-0.9642512105077583,2.0218170542904605,0.4903764756593421,0.0,0.0
-0.9642512105077583,2.0840268098070904,0.49495262795239814,0.0,0.0
-0.9642512105077583,2.1462365653237194,0.4994948572122568,0.0,0.0
-0.9642512105077583,2.2084463208403493,0.5039772173728633,0.0,0.0
-0.9642512105077583,2.270656076356979,0.5083721886188324,0.0,0.0
-0.9642512105077583,2.332865831873608,0.5126508708607179,0.0,0.0
-0.9642512105077583,2.395075587390238,0.5167832397554111,0.0,0.0
-0.9642512105077583,2.457285342906868,0.5207384675736011,0.0,0.0
-0.9642512105077583,2.519495098423497,0.5244853086132027,0.0,0.0
-0.9642512105077583,2.581704853940127,0.5279925456899915,0.0,0.0
-0.9642512105077583,2.6439146094567567,0.5312294906219435,0.0,0.0
-0.9642512105077583,2.7061243649733857,0.5341665277558495,0.0,0.0
-0.9642512105077583,2.7683341204900156,0.5367756857315875,0.0,0.0
-0.9642512105077583,2.8305438760066455,0.5390312191685046,0.0,0.0
-0.9642512105077583,2.8927536315232745,0.5409101791496699,0.0,0.0
-0.9642512105077583,2.9549633870399044,0.5423929496266923,0.0,0.0
-0.9642512105077583,3.0171731425565333,0.5434637264704705,0.0,0.0
-0.9642512105077583,3.0793828980731632,0.5441109170505187,0.0,0.0
-0.9020414549911289,-3.141592653589793,0.5388148689212774,0.0,0.0
-0.9020414549911289,-3.0793828980731637,0.5386048544701778,0.0,0.0
-0.9020414549911289,-3.017173142556534,0.5379770906889519,0.0,0.0
-0.9020414549911289,-2.9549633870399044,0.5369383565655262,0.0,0.0
-0.9020414549911289,-2.892753631523275,0.5354997543685529,0.0,0.0
-0.9020414549911289,-2.8305438760066455,0.5336764260003448,0.0,0.0
-0.9020414549911289,-2.7683341204900156,0.531487175846184,0.0,0.0
-0.9020414549911289,-2.706124364973386,0.5289540181212095,0.0,0.0
-0.9020414549911289,-2.6439146094567567,0.526101669330824,0.0,0.0
-0.9020414549911289,-2.581704853940127,0.5229570075922357,0.0,0.0
-0.9020414549911289,-2.5194950984234974,0.519548520259947,0.0,0.0
-0.9020414549911289,-2.457285342906868,0.51590575973317,0.0,0.0
-0.9020414549911289,-2.395075587390238,0.512058824768579,0.0,0.0
-0.9020414549911289,-2.3328658318736086,0.5080378813986721,0.0,0.0
-0.9020414549911289,-2.270656076356979,0.5038727339940251,0.0,0.0
-0.9020414549911289,-2.2084463208403498,0.49959245340946445,0.0,0.0
-0.9020414549911289,-2.1462365653237203,0.4952250657697052,0.0,0.0
-0.9020414549911289,-2.0840268098070904,0.4907973024629909,0.0,0.0
-0.9020414549911289,-2.021817054290461,0.4863344094359475,0.0,0.0
-0.9020414549911289,-1.9596072987738313,0.48186001196920997,0.0,0.0
-0.9020414549911289,-1.897397543257202,0.477396029758118,0.0,0.0
-0.9020414549911289,-1.8351877877405722,0.4729626362828333,0.0,0.0
-0.9020414549911289,-1.7729780322239428,0.4685782560587715,0.0,0.0
-0.9020414549911289,-1.7107682767073131,0.4642595933291232,0.0,0.0
-0.9020414549911289,-1.6485585211906835,0.4600216860112692,0.0,0.0
-0.9020414549911289,-1.586348765674054,0.45587797915724804,0.0,0.0
-0.9020414549911289,-1.5241390101574244,0.4518404127635079,0.0,0.0
-0.9020414549911289,-1.461929254640795,0.4479195194071006,0.0,0.0
-0.9020414549911289,-1.3997194991241653,0.4441245278469082,0.0,0.0
-0.9020414549911289,-1.3375097436075358,0.44046346937409975,0.0,0.0
-0.9020414549911289,-1.2752999880909062,0.436943284301215,0.0,0.0
-0.9020414549911289,-1.2130902325742767,0.43356992652851983,0.0,0.0
-0.9020414549911289,-1.150880477057647,0.43034846461131127,0.0,0.0
-0.9020414549911289,-1.0886707215410176,0.42728317816989764,0.0,0.0
-0.9020414549911289,-1.0264609660243877,0.4243776488362803,0.0,0.0
-0.9020414549911289,-0.9642512105077583,0.4216348452220019,0.0,0.0
-0.9020414549911289,-0.9020414549911289,0.4190572016257623,0.0,0.0
-0.9020414549911289,-0.8398316994744994,0.41664669038359214,0.0,0.0
-0.9020414549911289,-0.7776219439578695,0.414404887905235,0.0,0.0
-0.9020414549911289,-0.7154121884412401,0.4123330345443986,0.0,0.0
-0.9020414549911289,-0.6532024329246107,0.41043208852370106,0.0,0.0
-0.9020414549911289,-0.5909926774079808,0.408702774182941,0.0,0.0
-0.9020414549911289,-0.5287829218913513,0.4071456248465546,0.0,0.0
-0.9020414549911289,-0.4665731663747219,0.405761020616932,0.0,0.0
-0.9020414549911289,-0.40436341085809246,0.40454922139815935,0.0,0.0
-0.9020414549911289,-0.3421536553414626,0.40351039544263123,0.0,0.0
-0.9020414549911289,-0.27994389982483314,0.4026446436932155,0.0,0.0
-0.9020414549911289,-0.2177341443082037,0.4019520201681716,0.0,0.0
-0.9020414549911289,-0.15552438879157382,0.40143254860630523,0.0,0.0
-0.9020414549911289,-0.09331463327494438,0.40108623555709194,0.0,0.0
-0.9020414549911289,-0.03110487775831494,0.4009130800655908,0.0,0.0
-0.9020414549911289,0.031104877758314498,0.4009130800655908,0.0,0.0
-0.9020414549911289,0.09331463327494438,0.40108623555709194,0.0,0.0
-0.9020414549911289,0.15552438879157382,0.40143254860630523,0.0,0.0
-0.9020414549911289,0.21773414430820326,0.4019520201681716,0.0,0.0
-0.9020414549911289,0.2799438998248327,0.4026446436932155,0.0,0.0
-0.9020414549911289,0.3421536553414626,0.40351039544263123,0.0,0.0
-0.9020414549911289,0.404363410858092,0.40454922139815946,0.0,0.0
-0.9020414549911289,0.46657316637472146,0.4057610206169319,0.0,0.0
-0.9020414549911289,0.5287829218913513,0.4071456248465546,0.0,0.0
-0.9020414549911289,0.5909926774079808,0.408702774182941,0.0,0.0
-0.9020414549911289,0.6532024329246102,0.410432088523701,0.0,0.0
-0.9020414549911289,0.7154121884412397,0.4123330345443986,0.0,0.0
-0.9020414549911289,0.7776219439578695,0.414404887905235,0.0,0.0
-0.9020414549911289,0.839831699474499,0.4166466903835922,0.0,0.0
-0.9020414549911289,0.9020414549911289,0.4190572016257623,0.0,0.0
-0.9020414549911289,0.9642512105077579,0.42163484522200184,0.0,0.0
-0.9020414549911289,1.0264609660243877,0.4243776488362803,0.0,0.0
-0.9020414549911289,1.0886707215410176,0.42728317816989764,0.0,0.0
-0.9020414549911289,1.1508804770576466,0.4303484646113112,0.0,0.0
-0.9020414549911289,1.2130902325742765,0.43356992652851983,0.0,0.0
-0.9020414549911289,1.2752999880909055,0.436943284301215,0.0,0.0
-0.9020414549911289,1.3375097436075354,0.44046346937409964,0.0,0.0
-0.9020414549911289,1.3997194991241653,0.4441245278469082,0.0,0.0
-0.9020414549911289,1.4619292546407943,0.4479195194071006,0.0,0.0
-0.9020414549911289,1.5241390101574241,0.4518404127635079,0.0,0.0
-0.9020414549911289,1.586348765674054,0.45587797915724804,0.0,0.0
-0.9020414549911289,1.648558521190683,0.4600216860112692,0.0,0.0
-0.9020414549911289,1.710768276707313,0.4642595933291232,0.0,0.0
-0.9020414549911289,1.7729780322239428,0.4685782560587715,0.0,0.0
-0.9020414549911289,1.8351877877405718,0.4729626362828333,0.0,0.0
-0.9020414549911289,1.8973975432572017,0.477396029758118,0.0,0.0
-0.9020414549911289,1.9596072987738316,0.48186001196921,0.0,0.0
-0.9020414549911289,2.0218170542904605,0.4863344094359475,0.0,0.0
-0.9020414549911289,2.0840268098070904,0.4907973024629909,0.0,0.0
-0.9020414549911289,2.1462365653237194,0.4952250657697051,0.0,0.0
-0.9020414549911289,2.2084463208403493,0.4995924534094644,0.0,0.0
-0.9020414549911289,2.270656076356979,0.5038727339940251,0.0,0.0
-0.9020414549911289,2.332865831873608,0.5080378813986721,0.0,0.0
-0.9020414549911289,2.395075587390238,0.512058824768579,0.0,0.0
-0.9020414549911289,2.457285342906868,0.51590575973317,0.0,0.0
-0.9020414549911289,2.519495098423497,0.519548520259947,0.0,0.0
-0.9020414549911289,2.581704853940127,0.5229570075922357,0.0,0.0
-0.9020414549911289,2.6439146094567567,0.526101669330824,0.0,0.0
-0.9020414549911289,2.7061243649733857,0.5289540181212093,0.0,0.0
-0.9020414549911289,2.7683341204900156,0.531487175846184,0.0,0.0
-0.9020414549911289,2.8305438760066455,0.5336764260003448,0.0,0.0
-0.9020414549911289,2.8927536315232745,0.5354997543685529,0.0,0.0
-0.9020414549911289,2.9549633870399044,0.5369383565655262,0.0,0.0
-0.9020414549911289,3.0171731425565333,0.5379770906889519,0.0,0.0
-0.9020414549911289,3.0793828980731632,0.5386048544701778,0.0,0.0
-0.8398316994744994,-3.141592653589793,0.5337195285787442,0.0,0.0
-0.8398316994744994,-3.0793828980731637,0.5335154137653257,0.0,0.0
-0.8398316994744994,-3.017173142556534,0.5329052580904022,0.0,0.0
-0.8398316994744994,-2.9549633870399044,0.5318955713356796,0.0,0.0
-0.8398316994744994,-2.892753631523275,0.5304970176007328,0.0,0.0
-0.8398316994744994,-2.8305438760066455,0.5287241467194944,0.0,0.0
-0.8398316994744994,-2.7683341204900156,0.5265950368726667,0.0,0.0
-0.8398316994744994,-2.706124364973386,0.52413086522659,0.0,0.0
-0.8398316994744994,-2.6439146094567567,0.5213554259068827,0.0,0.0
-0.8398316994744994,-2.581704853940127,0.5182946157205524,0.0,0.0
-0.8398316994744994,-2.5194950984234974,0.5149759078113332,0.0,0.0
-0.8398316994744994,-2.457285342906868,0.5114278320274409,0.0,0.0
-0.8398316994744994,-2.395075587390238,0.5076794784438237,0.0,0.0
-0.8398316994744994,-2.3328658318736086,0.5037600375059951,0.0,0.0
-0.8398316994744994,-2.270656076356979,0.4996983869533753,0.0,0.0
-0.8398316994744994,-2.2084463208403498,0.49552273231759314,0.0,0.0
-0.8398316994744994,-2.1462365653237203,0.4912603046097243,0.0,0.0
-0.8398316994744994,-2.0840268098070904,0.4869371159843291,0.0,0.0
-0.8398316994744994,-2.021817054290461,0.48257777180826983,0.0,0.0
-0.8398316994744994,-1.9596072987738313,0.47820533572014934,0.0,0.0
-0.8398316994744994,-1.897397543257202,0.4738412429434984,0.0,0.0
-0.8398316994744994,-1.8351877877405722,0.4695052562775136,0.0,0.0
-0.8398316994744994,-1.7729780322239428,0.46521545877216536,0.0,0.0
-0.8398316994744994,-1.7107682767073131,0.46098827702535883,0.0,0.0
-0.8398316994744994,-1.6485585211906835,0.4568385292401335,0.0,0.0
-0.8398316994744994,-1.586348765674054,0.45277949257443995,0.0,0.0
-0.8398316994744994,-1.5241390101574244,0.4488229848375159,0.0,0.0
-0.8398316994744994,-1.461929254640795,0.44497945617848295,0.0,0.0
-0.8398316994744994,-1.3997194991241653,0.44125808702906666,0.0,0.0
-0.8398316994744994,-1.3375097436075358,0.4376668891689873,0.0,0.0
-0.8398316994744994,-1.2752999880909062,0.4342128073552986,0.0,0.0
-0.8398316994744994,-1.2130902325742767,0.43090181948004913,0.0,0.0
-0.8398316994744994,-1.150880477057647,0.4277390336853321,0.0,0.0
-0.8398316994744994,-1.0886707215410176,0.42472878126762004,0.0,0.0
-0.8398316994744994,-1.0264609660243877,0.4218747045447266,0.0,0.0
-0.8398316994744994,-0.9642512105077583,0.41917983914193385,0.0,0.0
-0.8398316994744994,-0.9020414549911289,0.41664669038359214,0.0,0.0
-0.8398316994744994,-0.8398316994744994,0.41427730365857635,0.0,0.0
-0.8398316994744994,-0.7776219439578695,0.41207332876842845,0.0,0.0
-0.8398316994744994,-0.7154121884412401,0.410036078371836,0.0,0.0
-0.8398316994744994,-0.6532024329246107,0.40816658071393763,0.0,0.0
-0.8398316994744994,-0.5909926774079808,0.4064656268789865,0.0,0.0
-0.8398316994744994,-0.5287829218913513,0.4049338128347001,0.0,0.0
-0.8398316994744994,-0.4665731663747219,0.40357157655016984,0.0,0.0
-0.8398316994744994,-0.40436341085809246,0.4023792304698635,0.0,0.0
-0.8398316994744994,-0.3421536553414626,0.4013569896168585,0.0,0.0
-0.8398316994744994,-0.27994389982483314,0.4005049955813088,0.0,0.0
-0.8398316994744994,-0.2177341443082037,0.39982333662716063,0.0,0.0
-0.8398316994744994,-0.15552438879157382,0.39931206412277753,0.0,0.0
-0.8398316994744994,-0.09331463327494438,0.39897120547059534,0.0,0.0
-0.8398316994744994,-0.03110487775831494,0.39880077367811106,0.0,0.0
-0.8398316994744994,0.031104877758314498,0.39880077367811106,0.0,0.0
-0.8398316994744994,0.09331463327494438,0.39897120547059534,0.0,0.0
-0.8398316994744994,0.15552438879157382,0.39931206412277753,0.0,0.0
-0.8398316994744994,0.21773414430820326,0.39982333662716063,0.0,0.0
-0.8398316994744994,0.2799438998248327,0.4005049955813088,0.0,0.0
-0.8398316994744994,0.3421536553414626,0.4013569896168585,0.0,0.0
-0.8398316994744994,0.404363410858092,0.40237923046986357,0.0,0.0
-0.8398316994744994,0.46657316637472146,0.40357157655016984,0.0,0.0
-0.8398316994744994,0.5287829218913513,0.4049338128347001,0.0,0.0
-0.8398316994744994,0.5909926774079808,0.4064656268789865,0.0,0.0
-0.8398316994744994,0.6532024329246102,0.4081665807139376,0.0,0.0
-0.8398316994744994,0.7154121884412397,0.410036078371836,0.0,0.0
-0.8398316994744994,0.7776219439578695,0.41207332876842845,0.0,0.0
-0.8398316994744994,0.839831699474499,0.41427730365857635,0.0,0.0
-0.8398316994744994,0.9020414549911289,0.41664669038359214,0.0,0.0
-0.8398316994744994,0.9642512105077579,0.41917983914193385,0.0,0.0
-0.8398316994744994,1.0264609660243877,0.4218747045447266,0.0,0.0
-0.8398316994744994,1.0886707215410176,0.42472878126762004,0.0,0.0
-0.8398316994744994,1.1508804770576466,0.4277390336853321,0.0,0.0
-0.8398316994744994,1.2130902325742765,0.4309018194800491,0.0,0.0
-0.8398316994744994,1.2752999880909055,0.4342128073552986,0.0,0.0
-0.8398316994744994,1.3375097436075354,0.4376668891689873,0.0,0.0
-0.8398316994744994,1.3997194991241653,0.44125808702906666,0.0,0.0
-0.8398316994744994,1.4619292546407943,0.44497945617848295,0.0,0.0
-0.8398316994744994,1.5241390101574241,0.4488229848375159,0.0,0.0
-0.8398316994744994,1.586348765674054,0.45277949257443995,0.0,0.0
-0.8398316994744994,1.648558521190683,0.4568385292401334,0.0,0.0
-0.8398316994744994,1.710768276707313,0.46098827702535883,0.0,0.0
-0.8398316994744994,1.7729780322239428,0.46521545877216536,0.0,0.0
-0.8398316994744994,1.8351877877405718,0.4695052562775135,0.0,0.0
-0.8398316994744994,1.8973975432572017,0.4738412429434984,0.0,0.0
-0.8398316994744994,1.9596072987738316,0.47820533572014934,0.0,0.0
-0.8398316994744994,2.0218170542904605,0.4825777718082698,0.0,0.0
-0.8398316994744994,2.0840268098070904,0.4869371159843291,0.0,0.0
-0.8398316994744994,2.1462365653237194,0.49126030460972425,0.0,0.0
-0.8398316994744994,2.2084463208403493,0.49552273231759303,0.0,0.0
-0.8398316994744994,2.270656076356979,0.4996983869533753,0.0,0.0
-0.8398316994744994,2.332865831873608,0.5037600375059951,0.0,0.0
-0.8398316994744994,2.395075587390238,0.5076794784438237,0.0,0.0
-0.8398316994744994,2.457285342906868,0.5114278320274409,0.0,0.0
-0.8398316994744994,2.519495098423497,0.5149759078113332,0.0,0.0
-0.8398316994744994,2.581704853940127,0.5182946157205524,0.0,0.0
-0.8398316994744994,2.6439146094567567,0.5213554259068827,0.0,0.0
-0.8398316994744994,2.7061243649733857,0.5241308652265899,0.0,0.0
-0.8398316994744994,2.7683341204900156,0.5265950368726667,0.0,0.0
-0.8398316994744994,2.8305438760066455,0.5287241467194944,0.0,0.0
-0.8398316994744994,2.8927536315232745,0.5304970176007328,0.0,0.0
-0.8398316994744994,2.9549633870399044,0.5318955713356796,0.0,0.0
-0.8398316994744994,3.0171731425565333,0.5329052580904022,0.0,0.0
-0.8398316994744994,3.0793828980731632,0.5335154137653257,0.0,0.0
-0.7776219439578695,-3.141592653589793,0.5290314235221126,0.0,0.0
-0.7776219439578695,-3.0793828980731637,0.5288326383402635,0.0,0.0
-0.7776219439578695,-3.017173142556534,0.5282383906385434,0.0,0.0
-0.7776219439578695,-2.9549633870399044,0.5272549502575267,0.0,0.0
-0.7776219439578695,-2.892753631523275,0.5258925906282501,0.0,0.0
-0.7776219439578695,-2.8305438760066455,0.5241653334335316,0.0,0.0
-0.7776219439578695,-2.7683341204900156,0.5220906086133379,0.0,0.0
-0.7776219439578695,-2.706124364973386,0.5196888455277179,0.0,0.0
-0.7776219439578695,-2.6439146094567567,0.5169830134472708,0.0,0.0
-0.7776219439578695,-2.581704853940127,0.5139981306204361,0.0,0.0
-0.7776219439578695,-2.5194950984234974,0.5107607610002157,0.0,0.0
-0.7776219439578695,-2.457285342906868,0.5072985164422557,0.0,0.0
-0.7776219439578695,-2.395075587390238,0.5036395800352633,0.0,0.0
-0.7776219439578695,-2.3328658318736086,0.49981226346369545,0.0,0.0
-0.7776219439578695,-2.270656076356979,0.4958446082128602,0.0,0.0
-0.7776219439578695,-2.2084463208403498,0.4917640372700271,0.0,0.0
-0.7776219439578695,-2.1462365653237203,0.4875970609722659,0.0,0.0
-0.7776219439578695,-2.0840268098070904,0.48336903796850533,0.0,0.0
-0.7776219439578695,-2.021817054290461,0.4791039900072758,0.0,0.0
-0.7776219439578695,-1.9596072987738313,0.4748244674852531,0.0,0.0
-0.7776219439578695,-1.897397543257202,0.47055146140070947,0.0,0.0
-0.7776219439578695,-1.8351877877405722,0.466304356520149,0.0,0.0
-0.7776219439578695,-1.7729780322239428,0.4621009201313235,0.0,0.0
-0.7776219439578695,-1.7107682767073131,0.45795732065357886,0.0,0.0
-0.7776219439578695,-1.6485585211906835,0.45388817053459607,0.0,0.0
-0.7776219439578695,-1.586348765674054,0.4499065882108021,0.0,0.0
-0.7776219439578695,-1.5241390101574244,0.4460242743835864,0.0,0.0
-0.7776219439578695,-1.461929254640795,0.4422515984108771,0.0,0.0
-0.7776219439578695,-1.3997194991241653,0.43859769118997916,0.0,0.0
-0.7776219439578695,-1.3375097436075358,0.43507054147950214,0.0,0.0
-0.7776219439578695,-1.2752999880909062,0.43167709315178926,0.0,0.0
-0.7776219439578695,-1.2130902325742767,0.4284233413667032,0.0,0.0
-0.7776219439578695,-1.150880477057647,0.42531442610374337,0.0,0.0
-0.7776219439578695,-1.0886707215410176,0.4223547218782748,0.0,0.0
-0.7776219439578695,-1.0264609660243877,0.419547922798953,0.0,0.0
-0.7776219439578695,-0.9642512105077583,0.41689712239972054,0.0,0.0
-0.7776219439578695,-0.9020414549911289,0.414404887905235,0.0,0.0
-0.7776219439578695,-0.8398316994744994,0.41207332876842845,0.0,0.0
-0.7776219439578695,-0.7776219439578695,0.40990415945867437,0.0,0.0
-0.7776219439578695,-0.7154121884412401,0.4078987565843386,0.0,0.0
-0.7776219439578695,-0.6532024329246107,0.40605821050962815,0.0,0.0
-0.7776219439578695,-0.5909926774079808,0.4043833716775293,0.0,0.0
-0.7776219439578695,-0.5287829218913513,0.40287489188259845,0.0,0.0
-0.7776219439578695,-0.4665731663747219,0.4015332607532688,0.0,0.0
-0.7776219439578695,-0.40436341085809246,0.40035883770640657,0.0,0.0
-0.7776219439578695,-0.3421536553414626,0.3993518796298553,0.0,0.0
-0.7776219439578695,-0.27994389982483314,0.3985125645338992,0.0,0.0
-0.7776219439578695,-0.2177341443082037,0.3978410113918148,0.0,0.0
-0.7776219439578695,-0.15552438879157382,0.3973372963644392,0.0,0.0
-0.7776219439578695,-0.09331463327494438,0.3970014655751423,0.0,0.0
-0.7776219439578695,-0.03110487775831494,0.3968335445706627,0.0,0.0
-0.7776219439578695,0.031104877758314498,0.3968335445706627,0.0,0.0
-0.7776219439578695,0.09331463327494438,0.3970014655751423,0.0,0.0
-0.7776219439578695,0.15552438879157382,0.3973372963644392,0.0,0.0
-0.7776219439578695,0.21773414430820326,0.39784101139181477,0.0,0.0
-0.7776219439578695,0.2799438998248327,0.3985125645338992,0.0,0.0
-0.7776219439578695,0.3421536553414626,0.3993518796298553,0.0,0.0
-0.7776219439578695,0.404363410858092,0.40035883770640657,0.0,0.0
-0.7776219439578695,0.46657316637472146,0.4015332607532688,0.0,0.0
-0.7776219439578695,0.5287829218913513,0.40287489188259845,0.0,0.0
-0.7776219439578695,0.5909926774079808,0.4043833716775293,0.0,0.0
-0.7776219439578695,0.6532024329246102,0.4060582105096282,0.0,0.0
-0.7776219439578695,0.7154121884412397,0.40789875658433855,0.0,0.0
-0.7776219439578695,0.7776219439578695,0.40990415945867437,0.0,0.0
-0.7776219439578695,0.839831699474499,0.41207332876842845,0.0,0.0
-0.7776219439578695,0.9020414549911289,0.414404887905235,0.0,0.0
-0.7776219439578695,0.9642512105077579,0.4168971223997205,0.0,0.0
-0.7776219439578695,1.0264609660243877,0.419547922798953,0.0,0.0
-0.7776219439578695,1.0886707215410176,0.4223547218782748,0.0,0.0
-0.7776219439578695,1.1508804770576466,0.4253144261037433,0.0,0.0
-0.7776219439578695,1.2130902325742765,0.42842334136670324,0.0,0.0
-0.7776219439578695,1.2752999880909055,0.43167709315178926,0.0,0.0
-0.7776219439578695,1.3375097436075354,0.4350705414795021,0.0,0.0
-0.7776219439578695,1.3997194991241653,0.43859769118997916,0.0,0.0
-0.7776219439578695,1.4619292546407943,0.442251598410877,0.0,0.0
-0.7776219439578695,1.5241390101574241,0.4460242743835864,0.0,0.0
-0.7776219439578695,1.586348765674054,0.4499065882108021,0.0,0.0
-0.7776219439578695,1.648558521190683,0.45388817053459607,0.0,0.0
-0.7776219439578695,1.710768276707313,0.45795732065357886,0.0,0.0
-0.7776219439578695,1.7729780322239428,0.4621009201313235,0.0,0.0
-0.7776219439578695,1.8351877877405718,0.466304356520149,0.0,0.0
-0.7776219439578695,1.8973975432572017,0.4705514614007094,0.0,0.0
-0.7776219439578695,1.9596072987738316,0.4748244674852531,0.0,0.0
-0.7776219439578695,2.0218170542904605,0.4791039900072757,0.0,0.0
-0.7776219439578695,2.0840268098070904,0.48336903796850533,0.0,0.0
-0.7776219439578695,2.1462365653237194,0.4875970609722658,0.0,0.0
-0.7776219439578695,2.2084463208403493,0.491764037270027,0.0,0.0
-0.7776219439578695,2.270656076356979,0.4958446082128602,0.0,0.0
-0.7776219439578695,2.332865831873608,0.49981226346369545,0.0,0.0
-0.7776219439578695,2.395075587390238,0.5036395800352633,0.0,0.0
-0.7776219439578695,2.457285342906868,0.5072985164422557,0.0,0.0
-0.7776219439578695,2.519495098423497,0.5107607610002157,0.0,0.0
-0.7776219439578695,2.581704853940127,0.5139981306204361,0.0,0.0
-0.7776219439578695,2.6439146094567567,0.5169830134472708,0.0,0.0
-0.7776219439578695,2.7061243649733857,0.5196888455277179,0.0,0.0
-0.7776219439578695,2.7683341204900156,0.5220906086133379,0.0,0.0
-0.7776219439578695,2.8305438760066455,0.5241653334335316,0.0,0.0
-0.7776219439578695,2.8927536315232745,0.5258925906282501,0.0,0.0
-0.7776219439578695,2.9549633870399044,0.5272549502575267,0.0,0.0
-0.7776219439578695,3.0171731425565333,0.5282383906385434,0.0,0.0
-0.7776219439578695,3.0793828980731632,0.5288326383402635,0.0,0.0
-0.7154121884412401,-3.141592653589793,0.5247411286669956,0.0,0.0
-0.7154121884412401,-3.0793828980731637,0.5245471388787563,0.0,0.0
-0.7154121884412401,-3.017173142556534,0.5239672054579066,0.0,0.0
-0.7154121884412401,-2.9549633870399044,0.5230073850207763,0.0,0.0
-0.7154121884412401,-2.892753631523275,0.5216776037227786,0.0,0.0
-0.7154121884412401,-2.8305438760066455,0.5199914135428885,0.0,0.0
-0.7154121884412401,-2.7683341204900156,0.5179656675651969,0.0,0.0
-0.7154121884412401,-2.706124364973386,0.5156201291884408,0.0,0.0
-0.7154121884412401,-2.6439146094567567,0.5129770324437147,0.0,0.0
-0.7154121884412401,-2.581704853940127,0.510060611654707,0.0,0.0
-0.7154121884412401,-2.5194950984234974,0.5068966185592548,0.0,0.0
-0.7154121884412401,-2.457285342906868,0.5035118438546096,0.0,0.0
-0.7154121884412401,-2.395075587390238,0.49993365813715857,0.0,0.0
-0.7154121884412401,-2.3328658318736086,0.4961895846306419,0.0,0.0
-0.7154121884412401,-2.270656076356979,0.4923069131971985,0.0,0.0
-0.7154121884412401,-2.2084463208403498,0.4883123621485343,0.0,0.0
-0.7154121884412401,-2.1462365653237203,0.4842317915283689,0.0,0.0
-0.7154121884412401,-2.0840268098070904,0.4800899689805155,0.0,0.0
-0.7154121884412401,-2.021817054290461,0.4759103871538976,0.0,0.0
-0.7154121884412401,-1.9596072987738313,0.4717151298794735,0.0,0.0
-0.7154121884412401,-1.897397543257202,0.467524783093328,0.0,0.0
-0.7154121884412401,-1.8351877877405722,0.46335838564979775,0.0,0.0
-0.7154121884412401,-1.7729780322239428,0.4592334147196463,0.0,0.0
-0.7154121884412401,-1.7107682767073131,0.45516580033872034,0.0,0.0
-0.7154121884412401,-1.6485585211906835,0.45116996379488183,0.0,0.0
-0.7154121884412401,-1.586348765674054,0.44725887484940186,0.0,0.0
-0.7154121884412401,-1.5241390101574244,0.44344412322337984,0.0,0.0
-0.7154121884412401,-1.461929254640795,0.4397360002885138,0.0,0.0
-0.7154121884412401,-1.3997194991241653,0.43614358744269255,0.0,0.0
-0.7154121884412401,-1.3375097436075358,0.43267484819199786,0.0,0.0
-0.7154121884412401,-1.2752999880909062,0.42933672147825114,0.0,0.0
-0.7154121884412401,-1.2130902325742767,0.4261352142693969,0.0,0.0
-0.7154121884412401,-1.150880477057647,0.42307549185929977,0.0,0.0
-0.7154121884412401,-1.0886707215410176,0.42016196469949946,0.0,0.0
-0.7154121884412401,-1.0264609660243877,0.417398370907383,0.0,0.0
-0.7154121884412401,-0.9642512105077583,0.41478785386503914,0.0,0.0
-0.7154121884412401,-0.9020414549911289,0.4123330345443986,0.0,0.0
-0.7154121884412401,-0.8398316994744994,0.410036078371836,0.0,0.0
-0.7154121884412401,-0.7776219439578695,0.4078987565843386,0.0,0.0
-0.7154121884412401,-0.7154121884412401,0.4059225021348716,0.0,0.0
-0.7154121884412401,-0.6532024329246107,0.40410846028168984,0.0,0.0
-0.7154121884412401,-0.5909926774079808,0.4024575340497302,0.0,0.0
-0.7154121884412401,-0.5287829218913513,0.4009704247860221,0.0,0.0
-0.7154121884412401,-0.4665731663747219,0.3996476680489747,0.0,0.0
-0.7154121884412401,-0.40436341085809246,0.39848966507656775,0.0,0.0
-0.7154121884412401,-0.3421536553414626,0.3974967100735764,0.0,0.0
-0.7154121884412401,-0.27994389982483314,0.3966690135452121,0.0,0.0
-0.7154121884412401,-0.2177341443082037,0.3960067218857728,0.0,0.0
-0.7154121884412401,-0.15552438879157382,0.3955099334075453,0.0,0.0
-0.7154121884412401,-0.09331463327494438,0.3951787109684499,0.0,0.0
-0.7154121884412401,-0.03110487775831494,0.39501309132768964,0.0,0.0
-0.7154121884412401,0.031104877758314498,0.39501309132768964,0.0,0.0
-0.7154121884412401,0.09331463327494438,0.3951787109684499,0.0,0.0
-0.7154121884412401,0.15552438879157382,0.3955099334075453,0.0,0.0
-0.7154121884412401,0.21773414430820326,0.3960067218857728,0.0,0.0
-0.7154121884412401,0.2799438998248327,0.39666901354521217,0.0,0.0
-0.7154121884412401,0.3421536553414626,0.3974967100735764,0.0,0.0
-0.7154121884412401,0.404363410858092,0.39848966507656775,0.0,0.0
-0.7154121884412401,0.46657316637472146,0.39964766804897467,0.0,0.0
-0.7154121884412401,0.5287829218913513,0.4009704247860221,0.0,0.0
-0.7154121884412401,0.5909926774079808,0.4024575340497302,0.0,0.0
-0.7154121884412401,0.6532024329246102,0.40410846028168984,0.0,0.0
-0.7154121884412401,0.7154121884412397,0.40592250213487147,0.0,0.0
-0.7154121884412401,0.7776219439578695,0.4078987565843386,0.0,0.0
-0.7154121884412401,0.839831699474499,0.410036078371836,0.0,0.0
-0.7154121884412401,0.9020414549911289,0.4123330345443986,0.0,0.0
-0.7154121884412401,0.9642512105077579,0.41478785386503914,0.0,0.0
-0.7154121884412401,1.0264609660243877,0.417398370907383,0.0,0.0
-0.7154121884412401,1.0886707215410176,0.42016196469949946,0.0,0.0
-0.7154121884412401,1.1508804770576466,0.42307549185929977,0.0,0.0
-0.7154121884412401,1.2130902325742765,0.4261352142693968,0.0,0.0
-0.7154121884412401,1.2752999880909055,0.4293367214782511,0.0,0.0
-0.7154121884412401,1.3375097436075354,0.43267484819199786,0.0,0.0
-0.7154121884412401,1.3997194991241653,0.43614358744269255,0.0,0.0
-0.7154121884412401,1.4619292546407943,0.4397360002885138,0.0,0.0
-0.7154121884412401,1.5241390101574241,0.44344412322337984,0.0,0.0
-0.7154121884412401,1.586348765674054,0.44725887484940186,0.0,0.0
-0.7154121884412401,1.648558521190683,0.4511699637948817,0.0,0.0
-0.7154121884412401,1.710768276707313,0.45516580033872034,0.0,0.0
-0.7154121884412401,1.7729780322239428,0.4592334147196463,0.0,0.0
-0.7154121884412401,1.8351877877405718,0.46335838564979775,0.0,0.0
-0.7154121884412401,1.8973975432572017,0.4675247830933279,0.0,0.0
-0.7154121884412401,1.9596072987738316,0.4717151298794735,0.0,0.0
-0.7154121884412401,2.0218170542904605,0.4759103871538975,0.0,0.0
-0.7154121884412401,2.0840268098070904,0.4800899689805155,0.0,0.0
-0.7154121884412401,2.1462365653237194,0.4842317915283688,0.0,0.0
-0.7154121884412401,2.2084463208403493,0.4883123621485343,0.0,0.0
-0.7154121884412401,2.270656076356979,0.4923069131971985,0.0,0.0
-0.7154121884412401,2.332865831873608,0.49618958463064183,0.0,0.0
-0.7154121884412401,2.395075587390238,0.49993365813715857,0.0,0.0
-0.7154121884412401,2.457285342906868,0.5035118438546096,0.0,0.0
-0.7154121884412401,2.519495098423497,0.5068966185592547,0.0,0.0
-0.7154121884412401,2.581704853940127,0.510060611654707,0.0,0.0
-0.7154121884412401,2.6439146094567567,0.5129770324437147,0.0,0.0
-0.7154121884412401,2.7061243649733857,0.5156201291884407,0.0,0.0
-0.7154121884412401,2.7683341204900156,0.5179656675651969,0.0,0.0
-0.7154121884412401,2.8305438760066455,0.5199914135428885,0.0,0.0
-0.7154121884412401,2.8927536315232745,0.5216776037227786,0.0,0.0
-0.7154121884412401,2.9549633870399044,0.5230073850207763,0.0,0.0
-0.7154121884412401,3.0171731425565333,0.5239672054579066,0.0,0.0
-0.7154121884412401,3.0793828980731632,0.5245471388787563,0.0,0.0
-0.6532024329246107,-3.141592653589793,0.5208398432789718,0.0,0.0
-0.6532024329246107,-3.0793828980731637,0.520650146603554,0.0,0.0
-0.6532024329246107,-3.017173142556534,0.5200830288895495,0.0,0.0
-0.6532024329246107,-2.9549633870399044,0.5191443580229229,0.0,0.0
-0.6532024329246107,-2.892753631523275,0.5178437526904001,0.0,0.0
-0.6532024329246107,-2.8305438760066455,0.5161943488339366,0.0,0.0
-0.6532024329246107,-2.7683341204900156,0.5142124883087189,0.0,0.0
-0.6532024329246107,-2.706124364973386,0.5119173439111891,0.0,0.0
-0.6532024329246107,-2.6439146094567567,0.5093304970986511,0.0,0.0
-0.6532024329246107,-2.581704853940127,0.5064754857523122,0.0,0.0
-0.6532024329246107,-2.5194950984234974,0.5033773392620672,0.0,0.0
-0.6532024329246107,-2.457285342906868,0.5000621171516676,0.0,0.0
-0.6532024329246107,-2.395075587390238,0.4965564656074559,0.0,0.0
-0.6532024329246107,-2.3328658318736086,0.49288720385566226,0.0,0.0
-0.6532024329246107,-2.270656076356979,0.48908094959791637,0.0,0.0
-0.6532024329246107,-2.2084463208403498,0.48516378989362235,0.0,0.0
-0.6532024329246107,-2.1462365653237203,0.4811610011687877,0.0,0.0
-0.6532024329246107,-2.0840268098070904,0.4770968195854897,0.0,0.0
-0.6532024329246107,-2.021817054290461,0.4729942609258529,0.0,0.0
-0.6532024329246107,-1.9596072987738313,0.46887498748239737,0.0,0.0
-0.6532024329246107,-1.897397543257202,0.4647592182143533,0.0,0.0
-0.6532024329246107,-1.8351877877405722,0.46066567760580707,0.0,0.0
-0.6532024329246107,-1.7729780322239428,0.4566115782023413,0.0,0.0
-0.6532024329246107,-1.7107682767073131,0.45261263165072796,0.0,0.0
-0.6532024329246107,-1.6485585211906835,0.44868308315836836,0.0,0.0
-0.6532024329246107,-1.586348765674054,0.44483576456343493,0.0,0.0
-0.6532024329246107,-1.5241390101574244,0.4410821616060147,0.0,0.0
-0.6532024329246107,-1.461929254640795,0.4374324914656122,0.0,0.0
-0.6532024329246107,-1.3997194991241653,0.4338957871406183,0.0,0.0
-0.6532024329246107,-1.3375097436075358,0.43047998575925844,0.0,0.0
-0.6532024329246107,-1.2752999880909062,0.42719201840595034,0.0,0.0
-0.6532024329246107,-1.2130902325742767,0.42403789950611676,0.0,0.0
-0.6532024329246107,-1.150880477057647,0.4210228142266311,0.0,0.0
-0.6532024329246107,-1.0886707215410176,0.4181512027133816,0.0,0.0
-0.6532024329246107,-1.0264609660243877,0.41542684030075466,0.0,0.0
-0.6532024329246107,-0.9642512105077583,0.4128529130916056,0.0,0.0
-0.6532024329246107,-0.9020414549911289,0.41043208852370106,0.0,0.0
-0.6532024329246107,-0.8398316994744994,0.40816658071393763,0.0,0.0
-0.6532024329246107,-0.7776219439578695,0.40605821050962815,0.0,0.0
-0.6532024329246107,-0.7154121884412401,0.40410846028168984,0.0,0.0
-0.6532024329246107,-0.6532024329246107,0.4023185235724312,0.0,0.0
-0.6532024329246107,-0.5909926774079808,0.4006893497652346,0.0,0.0
-0.6532024329246107,-0.5287829218913513,0.3992216839787819,0.0,0.0
-0.6532024329246107,-0.4665731663747219,0.39791610240810926,0.0,0.0
-0.6532024329246107,-0.40436341085809246,0.39677304334176894,0.0,0.0
-0.6532024329246107,-0.3421536553414626,0.39579283408130783,0.0,0.0
-0.6532024329246107,-0.27994389982483314,0.3949757139783316,0.0,0.0
-0.6532024329246107,-0.2177341443082037,0.39432185378738227,0.0,0.0
-0.6532024329246107,-0.15552438879157382,0.39383137151117953,0.0,0.0
-0.6532024329246107,-0.09331463327494438,0.3935043448896213,0.0,0.0
-0.6532024329246107,-0.03110487775831494,0.39334082065623316,0.0,0.0
-0.6532024329246107,0.031104877758314498,0.39334082065623316,0.0,0.0
-0.6532024329246107,0.09331463327494438,0.3935043448896213,0.0,0.0
-0.6532024329246107,0.15552438879157382,0.39383137151117953,0.0,0.0
-0.6532024329246107,0.21773414430820326,0.3943218537873822,0.0,0.0
-0.6532024329246107,0.2799438998248327,0.3949757139783316,0.0,0.0
-0.6532024329246107,0.3421536553414626,0.39579283408130783,0.0,0.0
-0.6532024329246107,0.404363410858092,0.39677304334176894,0.0,0.0
-0.6532024329246107,0.46657316637472146,0.39791610240810926,0.0,0.0
-0.6532024329246107,0.5287829218913513,0.3992216839787819,0.0,0.0
-0.6532024329246107,0.5909926774079808,0.4006893497652346,0.0,0.0
-0.6532024329246107,0.6532024329246102,0.4023185235724312,0.0,0.0
-0.6532024329246107,0.7154121884412397,0.40410846028168984,0.0,0.0
-0.6532024329246107,0.7776219439578695,0.40605821050962815,0.0,0.0
-0.6532024329246107,0.839831699474499,0.4081665807139376,0.0,0.0
-0.6532024329246107,0.9020414549911289,0.41043208852370106,0.0,0.0
-0.6532024329246107,0.9642512105077579,0.4128529130916056,0.0,0.0
-0.6532024329246107,1.0264609660243877,0.41542684030075466,0.0,0.0
-0.6532024329246107,1.0886707215410176,0.4181512027133816,0.0,0.0
-0.6532024329246107,1.1508804770576466,0.4210228142266311,0.0,0.0
-0.6532024329246107,1.2130902325742765,0.42403789950611676,0.0,0.0
-0.6532024329246107,1.2752999880909055,0.4271920184059503,0.0,0.0
-0.6532024329246107,1.3375097436075354,0.43047998575925844,0.0,0.0
-0.6532024329246107,1.3997194991241653,0.4338957871406183,0.0,0.0
-0.6532024329246107,1.4619292546407943,0.4374324914656122,0.0,0.0
-0.6532024329246107,1.5241390101574241,0.44108216160601466,0.0,0.0
-0.6532024329246107,1.586348765674054,0.44483576456343493,0.0,0.0
-0.6532024329246107,1.648558521190683,0.44868308315836836,0.0,0.0
-0.6532024329246107,1.710768276707313,0.45261263165072785,0.0,0.0
-0.6532024329246107,1.7729780322239428,0.4566115782023413,0.0,0.0
-0.6532024329246107,1.8351877877405718,0.46066567760580707,0.0,0.0
-0.6532024329246107,1.8973975432572017,0.4647592182143533,0.0,0.0
-0.6532024329246107,1.9596072987738316,0.4688749874823975,0.0,0.0
-0.6532024329246107,2.0218170542904605,0.4729942609258529,0.0,0.0
-0.6532024329246107,2.0840268098070904,0.4770968195854897,0.0,0.0
-0.6532024329246107,2.1462365653237194,0.48116100116878757,0.0,0.0
-0.6532024329246107,2.2084463208403493,0.48516378989362235,0.0,0.0
-0.6532024329246107,2.270656076356979,0.48908094959791637,0.0,0.0
-0.6532024329246107,2.332865831873608,0.49288720385566226,0.0,0.0
-0.6532024329246107,2.395075587390238,0.4965564656074559,0.0,0.0
-0.6532024329246107,2.457285342906868,0.5000621171516676,0.0,0.0
-0.6532024329246107,2.519495098423497,0.5033773392620672,0.0,0.0
-0.6532024329246107,2.581704853940127,0.5064754857523122,0.0,0.0
-0.6532024329246107,2.6439146094567567,0.5093304970986511,0.0,0.0
-0.6532024329246107,2.7061243649733857,0.5119173439111891,0.0,0.0
-0.6532024329246107,2.7683341204900156,0.5142124883087189,0.0,0.0
-0.6532024329246107,2.8305438760066455,0.5161943488339366,0.0,0.0
-0.6532024329246107,2.8927536315232745,0.5178437526904,0.0,0.0
-0.6532024329246107,2.9549633870399044,0.5191443580229229,0.0,0.0
-0.6532024329246107,3.0171731425565333,0.5200830288895495,0.0,0.0
-0.6532024329246107,3.0793828980731632,0.520650146603554,0.0,0.0
-0.5909926774079808,-3.141592653589793,0.51731943073458,0.0,0.0
-0.5909926774079808,-3.0793828980731637,0.5171335532913296,0.0,0.0
-0.5909926774079808,-3.017173142556534,0.5165778372559303,0.0,0.0
-0.5909926774079808,-2.9549633870399044,0.5156579843451942,0.0,0.0
-0.5909926774079808,-2.892753631523275,0.5143833424644592,0.0,0.0
-0.5909926774079808,-2.8305438760066455,0.5127666810226682,0.0,0.0
-0.5909926774079808,-2.7683341204900156,0.5108238912525703,0.0,0.0
-0.5909926774079808,-2.706124364973386,0.508573625042734,0.0,0.0
-0.5909926774079808,-2.6439146094567567,0.5060368878606516,0.0,0.0
-0.5909926774079808,-2.581704853940127,0.503236602354371,0.0,0.0
-0.5909926774079808,-2.5194950984234974,0.5001971591809826,0.0,0.0
-0.5909926774079808,-2.457285342906868,0.4969439706324018,0.0,0.0
-0.5909926774079808,-2.395075587390238,0.4935030408895211,0.0,0.0
-0.5909926774079808,-2.3328658318736086,0.48990056445357094,0.0,0.0
-0.5909926774079808,-2.270656076356979,0.48616256170978855,0.0,0.0
-0.5909926774079808,-2.2084463208403498,0.482314557892598,0.0,0.0
-0.5909926774079808,-2.1462365653237203,0.47838130913177274,0.0,0.0
-0.5909926774079808,-2.0840268098070904,0.4743865769112592,0.0,0.0
-0.5909926774079808,-2.021817054290461,0.4703529502651849,0.0,0.0
-0.5909926774079808,-1.9596072987738313,0.466301713422272,0.0,0.0
-0.5909926774079808,-1.897397543257202,0.4622527554039205,0.0,0.0
-0.5909926774079808,-1.8351877877405722,0.4582245172647999,0.0,0.0
-0.5909926774079808,-1.7729780322239428,0.4542339721979159,0.0,0.0
-0.5909926774079808,-1.7107682767073131,0.45029663355552024,0.0,0.0
-0.5909926774079808,-1.6485585211906835,0.44642658590389034,0.0,0.0
-0.5909926774079808,-1.586348765674054,0.4426365344751151,0.0,0.0
-0.5909926774079808,-1.5241390101574244,0.4389378687481828,0.0,0.0
-0.5909926774079808,-1.461929254640795,0.43534073633747716,0.0,0.0
-0.5909926774079808,-1.3997194991241653,0.4318541238500628,0.0,0.0
-0.5909926774079808,-1.3375097436075358,0.42848594186316324,0.0,0.0
-0.5909926774079808,-1.2752999880909062,0.42524311164722534,0.0,0.0
-0.5909926774079808,-1.2130902325742767,0.42213165170217765,0.0,0.0
-0.5909926774079808,-1.150880477057647,0.41915676257508233,0.0,0.0
-0.5909926774079808,-1.0886707215410176,0.4163229087812015,0.0,0.0
-0.5909926774079808,-1.0264609660243877,0.41363389695600217,0.0,0.0
-0.5909926774079808,-0.9642512105077583,0.41109294962385673,0.0,0.0
-0.5909926774079808,-0.9020414549911289,0.408702774182941,0.0,0.0
-0.5909926774079808,-0.8398316994744994,0.4064656268789865,0.0,0.0
-0.5909926774079808,-0.7776219439578695,0.4043833716775293,0.0,0.0
-0.5909926774079808,-0.7154121884412401,0.4024575340497302,0.0,0.0
-0.5909926774079808,-0.6532024329246107,0.4006893497652346,0.0,0.0
-0.5909926774079808,-0.5909926774079808,0.399079808841127,0.0,0.0
-0.5909926774079808,-0.5287829218913513,0.3976296948326739,0.0,0.0
-0.5909926774079808,-0.4665731663747219,0.3963396196726568,0.0,0.0
-0.5909926774079808,-0.40436341085809246,0.39521005427464845,0.0,0.0
-0.5909926774079808,-0.3421536553414626,0.3942413551141125,0.0,0.0
-0.5909926774079808,-0.27994389982483314,0.3934337869918402,0.0,0.0
-0.5909926774079808,-0.2177341443082037,0.39278754216873313,0.0,0.0
-0.5909926774079808,-0.15552438879157382,0.3923027560407409,0.0,0.0
-0.5909926774079808,-0.09331463327494438,0.39197951949901927,0.0,0.0
-0.5909926774079808,-0.03110487775831494,0.3918178880940239,0.0,0.0
-0.5909926774079808,0.031104877758314498,0.3918178880940239,0.0,0.0
-0.5909926774079808,0.09331463327494438,0.39197951949901927,0.0,0.0
-0.5909926774079808,0.15552438879157382,0.3923027560407409,0.0,0.0
-0.5909926774079808,0.21773414430820326,0.3927875421687331,0.0,0.0
-0.5909926774079808,0.2799438998248327,0.3934337869918402,0.0,0.0
-0.5909926774079808,0.3421536553414626,0.3942413551141125,0.0,0.0
-0.5909926774079808,0.404363410858092,0.3952100542746484,0.0,0.0
-0.5909926774079808,0.46657316637472146,0.3963396196726568,0.0,0.0
-0.5909926774079808,0.5287829218913513,0.3976296948326739,0.0,0.0
-0.5909926774079808,0.5909926774079808,0.399079808841127,0.0,0.0
-0.5909926774079808,0.6532024329246102,0.4006893497652346,0.0,0.0
-0.5909926774079808,0.7154121884412397,0.4024575340497302,0.0,0.0
-0.5909926774079808,0.7776219439578695,0.4043833716775293,0.0,0.0
-0.5909926774079808,0.839831699474499,0.40646562687898646,0.0,0.0
-0.5909926774079808,0.9020414549911289,0.408702774182941,0.0,0.0
-0.5909926774079808,0.9642512105077579,0.41109294962385673,0.0,0.0
-0.5909926774079808,1.0264609660243877,0.41363389695600217,0.0,0.0
-0.5909926774079808,1.0886707215410176,0.4163229087812015,0.0,0.0
-0.5909926774079808,1.1508804770576466,0.41915676257508233,0.0,0.0
-0.5909926774079808,1.2130902325742765,0.42213165170217765,0.0,0.0
-0.5909926774079808,1.2752999880909055,0.4252431116472253,0.0,0.0
-0.5909926774079808,1.3375097436075354,0.42848594186316324,0.0,0.0
-0.5909926774079808,1.3997194991241653,0.4318541238500628,0.0,0.0
-0.5909926774079808,1.4619292546407943,0.43534073633747716,0.0,0.0
-0.5909926774079808,1.5241390101574241,0.43893786874818275,0.0,0.0
-0.5909926774079808,1.586348765674054,0.4426365344751151,0.0,0.0
-0.5909926774079808,1.648558521190683,0.44642658590389034,0.0,0.0
-0.5909926774079808,1.710768276707313,0.4502966335555202,0.0,0.0
-0.5909926774079808,1.7729780322239428,0.4542339721979159,0.0,0.0
-0.5909926774079808,1.8351877877405718,0.4582245172647999,0.0,0.0
-0.5909926774079808,1.8973975432572017,0.4622527554039205,0.0,0.0
-0.5909926774079808,1.9596072987738316,0.4663017134222721,0.0,0.0
-0.5909926774079808,2.0218170542904605,0.4703529502651849,0.0,0.0
-0.5909926774079808,2.0840268098070904,0.4743865769112592,0.0,0.0
-0.5909926774079808,2.1462365653237194,0.4783813091317726,0.0,0.0
-0.5909926774079808,2.2084463208403493,0.482314557892598,0.0,0.0
-0.5909926774079808,2.270656076356979,0.48616256170978855,0.0,0.0
-0.5909926774079808,2.332865831873608,0.48990056445357094,0.0,0.0
-0.5909926774079808,2.395075587390238,0.4935030408895211,0.0,0.0
-0.5909926774079808,2.457285342906868,0.4969439706324018,0.0,0.0
-0.5909926774079808,2.519495098423497,0.5001971591809825,0.0,0.0
-0.5909926774079808,2.581704853940127,0.503236602354371,0.0,0.0
-0.5909926774079808,2.6439146094567567,0.5060368878606516,0.0,0.0
-0.5909926774079808,2.7061243649733857,0.508573625042734,0.0,0.0
-0.5909926774079808,2.7683341204900156,0.5108238912525703,0.0,0.0
-0.5909926774079808,2.8305438760066455,0.5127666810226682,0.0,0.0
-0.5909926774079808,2.8927536315232745,0.5143833424644592,0.0,0.0
-0.5909926774079808,2.9549633870399044,0.5156579843451942,0.0,0.0
-0.5909926774079808,3.0171731425565333,0.5165778372559303,0.0,0.0
-0.5909926774079808,3.0793828980731632,0.5171335532913296,0.0,0.0
-0.5287829218913513,-3.141592653589793,0.5141724478127041,0.0,0.0
-0.5287829218913513,-3.0793828980731637,0.5139899407989562,0.0,0.0
-0.5287829218913513,-3.017173142556534,0.5134442870814977,0.0,0.0
-0.5287829218913513,-2.9549633870399044,0.5125410430965209,0.0,0.0
-0.5287829218913513,-2.892753631523275,0.511289319953719,0.0,0.0
-0.5287829218913513,-2.8305438760066455,0.5097015664249278,0.0,0.0
-0.5287829218913513,-2.7683341204900156,0.5077932793703165,0.0,0.0
-0.5287829218913513,-2.706124364973386,0.5055826545422074,0.0,0.0
-0.5287829218913513,-2.6439146094567567,0.5030901927075125,0.0,0.0
-0.5287829218913513,-2.581704853940127,0.5003382770176906,0.0,0.0
-0.5287829218913513,-2.5194950984234974,0.4973507375442345,0.0,0.0
-0.5287829218913513,-2.457285342906868,0.49415241798865056,0.0,0.0
-0.5287829218913513,-2.395075587390238,0.49076875793513824,0.0,0.0
-0.5287829218913513,-2.3328658318736086,0.4872254018479485,0.0,0.0
-0.5287829218913513,-2.270656076356979,0.4835478435430589,0.0,0.0
-0.5287829218913513,-2.2084463208403498,0.4797611122942221,0.0,0.0
-0.5287829218913513,-2.1462365653237203,0.47588950424694426,0.0,0.0
-0.5287829218913513,-2.0840268098070904,0.471956360551091,0.0,0.0
-0.5287829218913513,-2.021817054290461,0.4679838916798288,0.0,0.0
-0.5287829218913513,-1.9596072987738313,0.46399304583253853,0.0,0.0
-0.5287829218913513,-1.897397543257202,0.46000341813735335,0.0,0.0
-0.5287829218913513,-1.8351877877405722,0.4560331965600219,0.0,0.0
-0.5287829218913513,-1.7729780322239428,0.45209913995335466,0.0,0.0
-0.5287829218913513,-1.7107682767073131,0.44821658349577664,0.0,0.0
-0.5287829218913513,-1.6485585211906835,0.44439946681279524,0.0,0.0
-0.5287829218913513,-1.586348765674054,0.44066038029552534,0.0,0.0
-0.5287829218913513,-1.5241390101574244,0.4370106254737187,0.0,0.0
-0.5287829218913513,-1.461929254640795,0.433460285721328,0.0,0.0
-0.5287829218913513,-1.3997194991241653,0.43001830403253083,0.0,0.0
-0.5287829218913513,-1.3375097436075358,0.4266925650753383,0.0,0.0
-0.5287829218913513,-1.2752999880909062,0.4234899791860199,0.0,0.0
-0.5287829218913513,-1.2130902325742767,0.42041656639490876,0.0,0.0
-0.5287829218913513,-1.150880477057647,0.4174775389627603,0.0,0.0
-0.5287829218913513,-1.0886707215410176,0.41467738125131676,0.0,0.0
-0.5287829218913513,-1.0264609660243877,0.41201992605022847,0.0,0.0
-0.5287829218913513,-0.9642512105077583,0.4095084267356935,0.0,0.0
-0.5287829218913513,-0.9020414549911289,0.4071456248465546,0.0,0.0
-0.5287829218913513,-0.8398316994744994,0.4049338128347001,0.0,0.0
-0.5287829218913513,-0.7776219439578695,0.40287489188259845,0.0,0.0
-0.5287829218913513,-0.7154121884412401,0.400970424786022,0.0,0.0
-0.5287829218913513,-0.6532024329246107,0.3992216839787819,0.0,0.0
-0.5287829218913513,-0.5909926774079808,0.3976296948326739,0.0,0.0
-0.5287829218913513,-0.5287829218913513,0.39619527440354446,0.0,0.0
-0.5287829218913513,-0.4665731663747219,0.3949190658167339,0.0,0.0
-0.5287829218913513,-0.40436341085809246,0.3938015684950428,0.0,0.0
-0.5287829218913513,-0.3421536553414626,0.3928431644322677,0.0,0.0
-0.5287829218913513,-0.27994389982483314,0.3920441407073516,0.0,0.0
-0.5287829218913513,-0.2177341443082037,0.39140470842003006,0.0,0.0
-0.5287829218913513,-0.15552438879157382,0.390925018209943,0.0,0.0
-0.5287829218913513,-0.09331463327494438,0.39060517249868754,0.0,0.0
-0.5287829218913513,-0.03110487775831494,0.390445234569117,0.0,0.0
-0.5287829218913513,0.031104877758314498,0.390445234569117,0.0,0.0
-0.5287829218913513,0.09331463327494438,0.39060517249868754,0.0,0.0
-0.5287829218913513,0.15552438879157382,0.390925018209943,0.0,0.0
-0.5287829218913513,0.21773414430820326,0.39140470842003,0.0,0.0
-0.5287829218913513,0.2799438998248327,0.3920441407073516,0.0,0.0
-0.5287829218913513,0.3421536553414626,0.3928431644322677,0.0,0.0
-0.5287829218913513,0.404363410858092,0.3938015684950428,0.0,0.0
-0.5287829218913513,0.46657316637472146,0.3949190658167339,0.0,0.0
-0.5287829218913513,0.5287829218913513,0.39619527440354446,0.0,0.0
-0.5287829218913513,0.5909926774079808,0.3976296948326739,0.0,0.0
-0.5287829218913513,0.6532024329246102,0.3992216839787819,0.0,0.0
-0.5287829218913513,0.7154121884412397,0.400970424786022,0.0,0.0
-0.5287829218913513,0.7776219439578695,0.40287489188259845,0.0,0.0
-0.5287829218913513,0.839831699474499,0.4049338128347001,0.0,0.0
-0.5287829218913513,0.9020414549911289,0.4071456248465546,0.0,0.0
-0.5287829218913513,0.9642512105077579,0.40950842673569343,0.0,0.0
-0.5287829218913513,1.0264609660243877,0.41201992605022847,0.0,0.0
-0.5287829218913513,1.0886707215410176,0.41467738125131676,0.0,0.0
-0.5287829218913513,1.1508804770576466,0.4174775389627603,0.0,0.0
-0.5287829218913513,1.2130902325742765,0.42041656639490876,0.0,0.0
-0.5287829218913513,1.2752999880909055,0.4234899791860199,0.0,0.0
-0.5287829218913513,1.3375097436075354,0.4266925650753383,0.0,0.0
-0.5287829218913513,1.3997194991241653,0.43001830403253083,0.0,0.0
-0.5287829218913513,1.4619292546407943,0.43346028572132794,0.0,0.0
-0.5287829218913513,1.5241390101574241,0.4370106254737187,0.0,0.0
-0.5287829218913513,1.586348765674054,0.44066038029552534,0.0,0.0
-0.5287829218913513,1.648558521190683,0.44439946681279524,0.0,0.0
-0.5287829218913513,1.710768276707313,0.4482165834957766,0.0,0.0
-0.5287829218913513,1.7729780322239428,0.45209913995335466,0.0,0.0
-0.5287829218913513,1.8351877877405718,0.4560331965600219,0.0,0.0
-0.5287829218913513,1.8973975432572017,0.46000341813735335,0.0,0.0
-0.5287829218913513,1.9596072987738316,0.46399304583253853,0.0,0.0
-0.5287829218913513,2.0218170542904605,0.4679838916798287,0.0,0.0
-0.5287829218913513,2.0840268098070904,0.471956360551091,0.0,0.0
-0.5287829218913513,2.1462365653237194,0.47588950424694415,0.0,0.0
-0.5287829218913513,2.2084463208403493,0.4797611122942221,0.0,0.0
-0.5287829218913513,2.270656076356979,0.4835478435430589,0.0,0.0
-0.5287829218913513,2.332865831873608,0.4872254018479485,0.0,0.0
-0.5287829218913513,2.395075587390238,0.49076875793513824,0.0,0.0
-0.5287829218913513,2.457285342906868,0.49415241798865056,0.0,0.0
-0.5287829218913513,2.519495098423497,0.4973507375442345,0.0,0.0
-0.5287829218913513,2.581704853940127,0.5003382770176906,0.0,0.0
-0.5287829218913513,2.6439146094567567,0.5030901927075125,0.0,0.0
-0.5287829218913513,2.7061243649733857,0.5055826545422074,0.0,0.0
-0.5287829218913513,2.7683341204900156,0.5077932793703165,0.0,0.0
-0.5287829218913513,2.8305438760066455,0.5097015664249278,0.0,0.0
-0.5287829218913513,2.8927536315232745,0.511289319953719,0.0,0.0
-0.5287829218913513,2.9549633870399044,0.5125410430965209,0.0,0.0
-0.5287829218913513,3.0171731425565333,0.5134442870814976,0.0,0.0
-0.5287829218913513,3.0793828980731632,0.5139899407989562,0.0,0.0
-0.4665731663747219,-3.141592653589793,0.511392165795277,0.0,0.0
-0.4665731663747219,-3.0793828980731637,0.5112126023781891,0.0,0.0
-0.4665731663747219,-3.017173142556534,0.5106757370403511,0.0,0.0
-0.4665731663747219,-2.9549633870399044,0.5097870003869134,0.0,0.0
-0.4665731663747219,-2.892753631523275,0.5085552983923819,0.0,0.0
-0.4665731663747219,-2.8305438760066455,0.5069928019793801,0.0,0.0
-0.4665731663747219,-2.7683341204900156,0.5051146661286241,0.0,0.0
-0.4665731663747219,-2.706124364973386,0.5029386909772513,0.0,0.0
-0.4665731663747219,-2.6439146094567567,0.5004849393017784,0.0,0.0
-0.4665731663747219,-2.581704853940127,0.49777532575173433,0.0,0.0
-0.4665731663747219,-2.5194950984234974,0.49483319321209884,0.0,0.0
-0.4665731663747219,-2.457285342906868,0.49168289082128674,0.0,0.0
-0.4665731663747219,-2.395075587390238,0.48834936661385314,0.0,0.0
-0.4665731663747219,-2.3328658318736086,0.4848577856891906,0.0,0.0
-0.4665731663747219,-2.270656076356979,0.4812331824384411,0.0,0.0
-0.4665731663747219,-2.2084463208403498,0.4775001528916082,0.0,0.0
-0.4665731663747219,-2.1462365653237203,0.4736825908489074,0.0,0.0
-0.4665731663747219,-2.0840268098070904,0.46980346927076255,0.0,0.0
-0.4665731663747219,-2.021817054290461,0.4658846665135555,0.0,0.0
-0.4665731663747219,-1.9596072987738313,0.46194683546609955,0.0,0.0
-0.4665731663747219,-1.897397543257202,0.45800931248127996,0.0,0.0
-0.4665731663747219,-1.8351877877405722,0.45409006219568054,0.0,0.0
-0.4665731663747219,-1.7729780322239428,0.4502056538535835,0.0,0.0
-0.4665731663747219,-1.7107682767073131,0.4463712645536931,0.0,0.0
-0.4665731663747219,-1.6485585211906835,0.4426007048643903,0.0,0.0
-0.4665731663747219,-1.586348765674054,0.4389064624527678,0.0,0.0
-0.4665731663747219,-1.5241390101574244,0.4352997596940108,0.0,0.0
-0.4665731663747219,-1.461929254640795,0.4317906216267127,0.0,0.0
-0.4665731663747219,-1.3997194991241653,0.42838795105951244,0.0,0.0
-0.4665731663747219,-1.3375097436075358,0.42509960808567104,0.0,0.0
-0.4665731663747219,-1.2752999880909062,0.4219324917028042,0.0,0.0
-0.4665731663747219,-1.2130902325742767,0.418892621649363,0.0,0.0
-0.4665731663747219,-1.150880477057647,0.4159852189475704,0.0,0.0
-0.4665731663747219,-1.0886707215410176,0.41321478397879136,0.0,0.0
-0.4665731663747219,-1.0264609660243877,0.410585171209601,0.0,0.0
-0.4665731663747219,-0.9642512105077583,0.4080996599355466,0.0,0.0
-0.4665731663747219,-0.9020414549911289,0.4057610206169319,0.0,0.0
-0.4665731663747219,-0.8398316994744994,0.40357157655016984,0.0,0.0
-0.4665731663747219,-0.7776219439578695,0.4015332607532688,0.0,0.0
-0.4665731663747219,-0.7154121884412401,0.3996476680489747,0.0,0.0
-0.4665731663747219,-0.6532024329246107,0.39791610240810926,0.0,0.0
-0.4665731663747219,-0.5909926774079808,0.3963396196726568,0.0,0.0
-0.4665731663747219,-0.5287829218913513,0.3949190658167339,0.0,0.0
-0.4665731663747219,-0.4665731663747219,0.3936551109269756,0.0,0.0
-0.4665731663747219,-0.40436341085809246,0.3925482790948874,0.0,0.0
-0.4665731663747219,-0.3421536553414626,0.3915989744147885,0.0,0.0
-0.4665731663747219,-0.27994389982483314,0.3908075032741449,0.0,0.0
-0.4665731663747219,-0.2177341443082037,0.39017409311008167,0.0,0.0
-0.4665731663747219,-0.15552438879157382,0.38969890778807603,0.0,0.0
-0.4665731663747219,-0.09331463327494438,0.38938205973740964,0.0,0.0
-0.4665731663747219,-0.03110487775831494,0.38922361895383584,0.0,0.0
-0.4665731663747219,0.031104877758314498,0.38922361895383584,0.0,0.0
-0.4665731663747219,0.09331463327494438,0.38938205973740964,0.0,0.0
-0.4665731663747219,0.15552438879157382,0.38969890778807603,0.0,0.0
-0.4665731663747219,0.21773414430820326,0.39017409311008167,0.0,0.0
-0.4665731663747219,0.2799438998248327,0.3908075032741449,0.0,0.0
-0.4665731663747219,0.3421536553414626,0.3915989744147885,0.0,0.0
-0.4665731663747219,0.404363410858092,0.3925482790948874,0.0,0.0
-0.4665731663747219,0.46657316637472146,0.3936551109269756,0.0,0.0
-0.4665731663747219,0.5287829218913513,0.3949190658167339,0.0,0.0
-0.4665731663747219,0.5909926774079808,0.3963396196726568,0.0,0.0
-0.4665731663747219,0.6532024329246102,0.39791610240810926,0.0,0.0
-0.4665731663747219,0.7154121884412397,0.39964766804897467,0.0,0.0
-0.4665731663747219,0.7776219439578695,0.4015332607532688,0.0,0.0
-0.4665731663747219,0.839831699474499,0.40357157655016984,0.0,0.0
-0.4665731663747219,0.9020414549911289,0.4057610206169319,0.0,0.0
-0.4665731663747219,0.9642512105077579,0.4080996599355466,0.0,0.0
-0.4665731663747219,1.0264609660243877,0.410585171209601,0.0,0.0
-0.4665731663747219,1.0886707215410176,0.41321478397879136,0.0,0.0
-0.4665731663747219,1.1508804770576466,0.41598521894757035,0.0,0.0
-0.4665731663747219,1.2130902325742765,0.4188926216493629,0.0,0.0
-0.4665731663747219,1.2752999880909055,0.4219324917028042,0.0,0.0
-0.4665731663747219,1.3375097436075354,0.42509960808567104,0.0,0.0
-0.4665731663747219,1.3997194991241653,0.42838795105951244,0.0,0.0
-0.4665731663747219,1.4619292546407943,0.4317906216267127,0.0,0.0
-0.4665731663747219,1.5241390101574241,0.43529975969401075,0.0,0.0
-0.4665731663747219,1.586348765674054,0.4389064624527678,0.0,0.0
-0.4665731663747219,1.648558521190683,0.4426007048643903,0.0,0.0
-0.4665731663747219,1.710768276707313,0.44637126455369297,0.0,0.0
-0.4665731663747219,1.7729780322239428,0.4502056538535835,0.0,0.0
-0.4665731663747219,1.8351877877405718,0.4540900621956805,0.0,0.0
-0.4665731663747219,1.8973975432572017,0.45800931248127996,0.0,0.0
-0.4665731663747219,1.9596072987738316,0.46194683546609955,0.0,0.0
-0.4665731663747219,2.0218170542904605,0.4658846665135555,0.0,0.0
-0.4665731663747219,2.0840268098070904,0.46980346927076255,0.0,0.0
-0.4665731663747219,2.1462365653237194,0.4736825908489073,0.0,0.0
-0.4665731663747219,2.2084463208403493,0.4775001528916081,0.0,0.0
-0.4665731663747219,2.270656076356979,0.4812331824384411,0.0,0.0
-0.4665731663747219,2.332865831873608,0.4848577856891906,0.0,0.0
-0.4665731663747219,2.395075587390238,0.48834936661385314,0.0,0.0
-0.4665731663747219,2.457285342906868,0.49168289082128674,0.0,0.0
-0.4665731663747219,2.519495098423497,0.49483319321209884,0.0,0.0
-0.4665731663747219,2.581704853940127,0.49777532575173433,0.0,0.0
-0.4665731663747219,2.6439146094567567,0.5004849393017784,0.0,0.0
-0.4665731663747219,2.7061243649733857,0.5029386909772513,0.0,0.0
-0.4665731663747219,2.7683341204900156,0.5051146661286241,0.0,0.0
-0.4665731663747219,2.8305438760066455,0.5069928019793801,0.0,0.0
-0.4665731663747219,2.8927536315232745,0.5085552983923818,0.0,0.0
-0.4665731663747219,2.9549633870399044,0.5097870003869134,0.0,0.0
-0.4665731663747219,3.0171731425565333,0.5106757370403511,0.0,0.0
-0.4665731663747219,3.0793828980731632,0.5112126023781891,0.0,0.0
-0.40436341085809246,-3.141592653589793,0.5089725852507534,0.0,0.0
-0.40436341085809246,-3.0793828980731637,0.5087955576512065,0.0,0.0
-0.40436341085809246,-3.017173142556534,0.5082662635003039,0.0,0.0
-0.40436341085809246,-2.9549633870399044,0.5073900257939583,0.0,0.0
-0.40436341085809246,-2.892753631523275,0.506175575047,0.0,0.0
-0.40436341085809246,-2.8305438760066455,0.5046348444657673,0.0,0.0
-0.40436341085809246,-2.7683341204900156,0.5027826964325283,0.0,0.0
-0.40436341085809246,-2.706124364973386,0.5006365923516608,0.0,0.0
-0.40436341085809246,-2.6439146094567567,0.4982162197940922,0.0,0.0
-0.40436341085809246,-2.581704853940127,0.49554309183029116,0.0,0.0
-0.40436341085809246,-2.5194950984234974,0.49264013347278335,0.0,0.0
-0.40436341085809246,-2.457285342906868,0.4895312693456346,0.0,0.0
-0.40436341085809246,-2.395075587390238,0.486241025210268,0.0,0.0
-0.40436341085809246,-2.3328658318736086,0.4827941539915803,0.0,0.0
-0.40436341085809246,-2.270656076356979,0.4792152946662089,0.0,0.0
-0.40436341085809246,-2.2084463208403498,0.47552866998848514,0.0,0.0
-0.40436341085809246,-2.1462365653237203,0.47175782670672306,0.0,0.0
-0.40436341085809246,-2.0840268098070904,0.4679254197952182,0.0,0.0
-0.40436341085809246,-2.021817054290461,0.46405304038773654,0.0,0.0
-0.40436341085809246,-1.9596072987738313,0.46016108559890667,0.0,0.0
-0.40436341085809246,-1.897397543257202,0.45626866727827925,0.0,0.0
-0.40436341085809246,-1.8351877877405722,0.45239355594706654,0.0,0.0
-0.40436341085809246,-1.7729780322239428,0.448552155688367,0.0,0.0
-0.40436341085809246,-1.7107682767073131,0.4447595055537166,0.0,0.0
-0.40436341085809246,-1.6485585211906835,0.4410293030615427,0.0,0.0
-0.40436341085809246,-1.586348765674054,0.43737394554508263,0.0,0.0
-0.40436341085809246,-1.5241390101574244,0.43380458541017475,0.0,0.0
-0.40436341085809246,-1.461929254640795,0.4303311957441153,0.0,0.0
-0.40436341085809246,-1.3997194991241653,0.426962643139524,0.0,0.0
-0.40436341085809246,-1.3375097436075358,0.4237067650330753,0.0,0.0
-0.40436341085809246,-1.2752999880909062,0.4205704492862771,0.0,0.0
-0.40436341085809246,-1.2130902325742767,0.41755971413873266,0.0,0.0
-0.40436341085809246,-1.150880477057647,0.41467978703338293,0.0,0.0
-0.40436341085809246,-1.0886707215410176,0.411935181142379,0.0,0.0
-0.40436341085809246,-1.0264609660243877,0.4093297687091146,0.0,0.0
-0.40436341085809246,-0.9642512105077583,0.4068668505667462,0.0,0.0
-0.40436341085809246,-0.9020414549911289,0.40454922139815935,0.0,0.0
-0.40436341085809246,-0.8398316994744994,0.4023792304698635,0.0,0.0
-0.40436341085809246,-0.7776219439578695,0.40035883770640657,0.0,0.0
-0.40436341085809246,-0.7154121884412401,0.39848966507656775,0.0,0.0
-0.40436341085809246,-0.6532024329246107,0.39677304334176894,0.0,0.0
-0.40436341085809246,-0.5909926774079808,0.39521005427464845,0.0,0.0
-0.40436341085809246,-0.5287829218913513,0.3938015684950428,0.0,0.0
-0.40436341085809246,-0.4665731663747219,0.3925482790948874,0.0,0.0
-0.40436341085809246,-0.40436341085809246,0.3914507312355141,0.0,0.0
-0.40436341085809246,-0.3421536553414626,0.39050934790288644,0.0,0.0
-0.40436341085809246,-0.27994389982483314,0.38972445200048933,0.0,0.0
-0.40436341085809246,-0.2177341443082037,0.3890962849475602,0.0,0.0
-0.40436341085809246,-0.15552438879157382,0.3886250219335209,0.0,0.0
-0.40436341085809246,-0.09331463327494438,0.38831078395897267,0.0,0.0
-0.40436341085809246,-0.03110487775831494,0.38815364677038466,0.0,0.0
-0.40436341085809246,0.031104877758314498,0.38815364677038466,0.0,0.0
-0.40436341085809246,0.09331463327494438,0.38831078395897267,0.0,0.0
-0.40436341085809246,0.15552438879157382,0.3886250219335209,0.0,0.0
-0.40436341085809246,0.21773414430820326,0.38909628494756016,0.0,0.0
-0.40436341085809246,0.2799438998248327,0.38972445200048933,0.0,0.0
-0.40436341085809246,0.3421536553414626,0.39050934790288644,0.0,0.0
-0.40436341085809246,0.404363410858092,0.3914507312355141,0.0,0.0
-0.40436341085809246,0.46657316637472146,0.39254827909488743,0.0,0.0
-0.40436341085809246,0.5287829218913513,0.3938015684950428,0.0,0.0
-0.40436341085809246,0.5909926774079808,0.39521005427464845,0.0,0.0
-0.40436341085809246,0.6532024329246102,0.39677304334176894,0.0,0.0
-0.40436341085809246,0.7154121884412397,0.3984896650765677,0.0,0.0
-0.40436341085809246,0.7776219439578695,0.40035883770640657,0.0,0.0
-0.40436341085809246,0.839831699474499,0.40237923046986357,0.0,0.0
-0.40436341085809246,0.9020414549911289,0.40454922139815935,0.0,0.0
-0.40436341085809246,0.9642512105077579,0.4068668505667462,0.0,0.0
-0.40436341085809246,1.0264609660243877,0.4093297687091146,0.0,0.0
-0.40436341085809246,1.0886707215410176,0.411935181142379,0.0,0.0
-0.40436341085809246,1.1508804770576466,0.4146797870333829,0.0,0.0
-0.40436341085809246,1.2130902325742765,0.41755971413873266,0.0,0.0
-0.40436341085809246,1.2752999880909055,0.4205704492862771,0.0,0.0
-0.40436341085809246,1.3375097436075354,0.4237067650330753,0.0,0.0
-0.40436341085809246,1.3997194991241653,0.426962643139524,0.0,0.0
-0.40436341085809246,1.4619292546407943,0.43033119574411527,0.0,0.0
-0.40436341085809246,1.5241390101574241,0.43380458541017475,0.0,0.0
-0.40436341085809246,1.586348765674054,0.43737394554508263,0.0,0.0
-0.40436341085809246,1.648558521190683,0.4410293030615426,0.0,0.0
-0.40436341085809246,1.710768276707313,0.4447595055537166,0.0,0.0
-0.40436341085809246,1.7729780322239428,0.448552155688367,0.0,0.0
-0.40436341085809246,1.8351877877405718,0.4523935559470665,0.0,0.0
-0.40436341085809246,1.8973975432572017,0.45626866727827925,0.0,0.0
-0.40436341085809246,1.9596072987738316,0.46016108559890667,0.0,0.0
-0.40436341085809246,2.0218170542904605,0.46405304038773654,0.0,0.0
-0.40436341085809246,2.0840268098070904,0.4679254197952182,0.0,0.0
-0.40436341085809246,2.1462365653237194,0.47175782670672306,0.0,0.0
-0.40436341085809246,2.2084463208403493,0.47552866998848514,0.0,0.0
-0.40436341085809246,2.270656076356979,0.4792152946662089,0.0,0.0
-0.40436341085809246,2.332865831873608,0.4827941539915803,0.0,0.0
-0.40436341085809246,2.395075587390238,0.486241025210268,0.0,0.0
-0.40436341085809246,2.457285342906868,0.4895312693456346,0.0,0.0
-0.40436341085809246,2.519495098423497,0.49264013347278335,0.0,0.0
-0.40436341085809246,2.581704853940127,0.49554309183029116,0.0,0.0
-0.40436341085809246,2.6439146094567567,0.4982162197940922,0.0,0.0
-0.40436341085809246,2.7061243649733857,0.5006365923516608,0.0,0.0
-0.40436341085809246,2.7683341204900156,0.5027826964325283,0.0,0.0
-0.40436341085809246,2.8305438760066455,0.5046348444657673,0.0,0.0
-0.40436341085809246,2.8927536315232745,0.5061755750470001,0.0,0.0
-0.40436341085809246,2.9549633870399044,0.5073900257939583,0.0,0.0
-0.40436341085809246,3.0171731425565333,0.5082662635003039,0.0,0.0
-0.40436341085809246,3.0793828980731632,0.5087955576512065,0.0,0.0
-0.3421536553414626,-3.141592653589793,0.506908446032196,0.0,0.0
-0.3421536553414626,-3.0793828980731637,0.5067335627784526,0.0,0.0
-0.3421536553414626,-3.017173142556534,0.5062106711934681,0.0,0.0
-0.3421536553414626,-2.9549633870399044,0.5053450038499632,0.0,0.0
-0.3421536553414626,-2.892753631523275,0.5041451438034045,0.0,0.0
-0.3421536553414626,-2.8305438760066455,0.5026228244347354,0.0,0.0
-0.3421536553414626,-2.7683341204900156,0.5007926620940202,0.0,0.0
-0.3421536553414626,-2.706124364973386,0.4986718332569086,0.0,0.0
-0.3421536553414626,-2.6439146094567567,0.49627970974843433,0.0,0.0
-0.3421536553414626,-2.581704853940127,0.49363746652869955,0.0,0.0
-0.3421536553414626,-2.5194950984234974,0.49076767658056375,0.0,0.0
-0.3421536553414626,-2.457285342906868,0.4876939066750943,0.0,0.0
-0.3421536553414626,-2.395075587390238,0.4844403263596924,0.0,0.0
-0.3421536553414626,-2.3328658318736086,0.4810313405965682,0.0,0.0
-0.3421536553414626,-2.270656076356979,0.47749125426919226,0.0,0.0
-0.3421536553414626,-2.2084463208403498,0.47384397445777277,0.0,0.0
-0.3421536553414626,-2.1462365653237203,0.47011275412452536,0.0,0.0
-0.3421536553414626,-2.0840268098070904,0.46631997877441406,0.0,0.0
-0.3421536553414626,-2.021817054290461,0.46248699585757036,0.0,0.0
-0.3421536553414626,-1.9596072987738313,0.4586339852080108,0.0,0.0
-0.3421536553414626,-1.897397543257202,0.45477986768784584,0.0,0.0
-0.3421536553414626,-1.8351877877405722,0.4509422484176383,0.0,0.0
-0.3421536553414626,-1.7729780322239428,0.4471373904924786,0.0,0.0
-0.3421536553414626,-1.7107682767073131,0.4433802148674746,0.0,0.0
-0.3421536553414626,-1.6485585211906835,0.4396843220970842,0.0,0.0
-0.3421536553414626,-1.586348765674054,0.43606203178035974,0.0,0.0
-0.3421536553414626,-1.5241390101574244,0.4325244358517099,0.0,0.0
-0.3421536553414626,-1.461929254640795,0.4290814622224306,0.0,0.0
-0.3421536553414626,-1.3997194991241653,0.4257419456867568,0.0,0.0
-0.3421536553414626,-1.3375097436075358,0.4225137034292819,0.0,0.0
-0.3421536553414626,-1.2752999880909062,0.419403612886762,0.0,0.0
-0.3421536553414626,-1.2130902325742767,0.41641769011119023,0.0,0.0
-0.3421536553414626,-1.150880477057647,0.4135611671424373,0.0,0.0
-0.3421536553414626,-1.0886707215410176,0.41083856722185014,0.0,0.0
-0.3421536553414626,-1.0264609660243877,0.40825377696047294,0.0,0.0
-0.3421536553414626,-0.9642512105077583,0.40581011481697044,0.0,0.0
-0.3421536553414626,-0.9020414549911289,0.4035103954426312,0.0,0.0
-0.3421536553414626,-0.8398316994744994,0.4013569896168585,0.0,0.0
-0.3421536553414626,-0.7776219439578695,0.3993518796298553,0.0,0.0
-0.3421536553414626,-0.7154121884412401,0.39749671007357634,0.0,0.0
-0.3421536553414626,-0.6532024329246107,0.39579283408130783,0.0,0.0
-0.3421536553414626,-0.5909926774079808,0.3942413551141125,0.0,0.0
-0.3421536553414626,-0.5287829218913513,0.3928431644322677,0.0,0.0
-0.3421536553414626,-0.4665731663747219,0.3915989744147885,0.0,0.0
-0.3421536553414626,-0.40436341085809246,0.39050934790288644,0.0,0.0
-0.3421536553414626,-0.3421536553414626,0.389574723746096,0.0,0.0
-0.3421536553414626,-0.27994389982483314,0.3887954387248103,0.0,0.0
-0.3421536553414626,-0.2177341443082037,0.38817174601176313,0.0,0.0
-0.3421536553414626,-0.15552438879157382,0.38770383031896877,0.0,0.0
-0.3421536553414626,-0.09331463327494438,0.3873918198569156,0.0,0.0
-0.3421536553414626,-0.03110487775831494,0.38723579521032964,0.0,0.0
-0.3421536553414626,0.031104877758314498,0.38723579521032964,0.0,0.0
-0.3421536553414626,0.09331463327494438,0.3873918198569156,0.0,0.0
-0.3421536553414626,0.15552438879157382,0.38770383031896877,0.0,0.0
-0.3421536553414626,0.21773414430820326,0.38817174601176313,0.0,0.0
-0.3421536553414626,0.2799438998248327,0.3887954387248103,0.0,0.0
-0.3421536553414626,0.3421536553414626,0.389574723746096,0.0,0.0
-0.3421536553414626,0.404363410858092,0.39050934790288644,0.0,0.0
-0.3421536553414626,0.46657316637472146,0.39159897441478847,0.0,0.0
-0.3421536553414626,0.5287829218913513,0.3928431644322677,0.0,0.0
-0.3421536553414626,0.5909926774079808,0.3942413551141125,0.0,0.0
-0.3421536553414626,0.6532024329246102,0.3957928340813078,0.0,0.0
-0.3421536553414626,0.7154121884412397,0.3974967100735764,0.0,0.0
-0.3421536553414626,0.7776219439578695,0.3993518796298553,0.0,0.0
-0.3421536553414626,0.839831699474499,0.4013569896168585,0.0,0.0
-0.3421536553414626,0.9020414549911289,0.4035103954426312,0.0,0.0
-0.3421536553414626,0.9642512105077579,0.4058101148169704,0.0,0.0
-0.3421536553414626,1.0264609660243877,0.40825377696047294,0.0,0.0
-0.3421536553414626,1.0886707215410176,0.41083856722185014,0.0,0.0
-0.3421536553414626,1.1508804770576466,0.4135611671424373,0.0,0.0
-0.3421536553414626,1.2130902325742765,0.41641769011119023,0.0,0.0
-0.3421536553414626,1.2752999880909055,0.419403612886762,0.0,0.0
-0.3421536553414626,1.3375097436075354,0.4225137034292819,0.0,0.0
-0.3421536553414626,1.3997194991241653,0.4257419456867568,0.0,0.0
-0.3421536553414626,1.4619292546407943,0.42908146222243054,0.0,0.0
-0.3421536553414626,1.5241390101574241,0.4325244358517099,0.0,0.0
-0.3421536553414626,1.586348765674054,0.43606203178035974,0.0,0.0
-0.3421536553414626,1.648558521190683,0.4396843220970842,0.0,0.0
-0.3421536553414626,1.710768276707313,0.4433802148674746,0.0,0.0
-0.3421536553414626,1.7729780322239428,0.4471373904924786,0.0,0.0
-0.3421536553414626,1.8351877877405718,0.4509422484176383,0.0,0.0
-0.3421536553414626,1.8973975432572017,0.45477986768784584,0.0,0.0
-0.3421536553414626,1.9596072987738316,0.4586339852080108,0.0,0.0
-0.3421536553414626,2.0218170542904605,0.46248699585757036,0.0,0.0
-0.3421536553414626,2.0840268098070904,0.46631997877441406,0.0,0.0
-0.3421536553414626,2.1462365653237194,0.47011275412452536,0.0,0.0
-0.3421536553414626,2.2084463208403493,0.47384397445777277,0.0,0.0
-0.3421536553414626,2.270656076356979,0.47749125426919226,0.0,0.0
-0.3421536553414626,2.332865831873608,0.4810313405965682,0.0,0.0
-0.3421536553414626,2.395075587390238,0.4844403263596924,0.0,0.0
-0.3421536553414626,2.457285342906868,0.4876939066750943,0.0,0.0
-0.3421536553414626,2.519495098423497,0.49076767658056375,0.0,0.0
-0.3421536553414626,2.581704853940127,0.49363746652869955,0.0,0.0
-0.3421536553414626,2.6439146094567567,0.49627970974843433,0.0,0.0
-0.3421536553414626,2.7061243649733857,0.4986718332569085,0.0,0.0
-0.3421536553414626,2.7683341204900156,0.5007926620940202,0.0,0.0
-0.3421536553414626,2.8305438760066455,0.5026228244347354,0.0,0.0
-0.3421536553414626,2.8927536315232745,0.5041451438034045,0.0,0.0
-0.3421536553414626,2.9549633870399044,0.5053450038499632,0.0,0.0
-0.3421536553414626,3.0171731425565333,0.5062106711934681,0.0,0.0
-0.3421536553414626,3.0793828980731632,0.5067335627784526,0.0,0.0
-0.27994389982483314,-3.141592653589793,0.5051952337342006,0.0,0.0
-0.27994389982483314,-3.0793828980731637,0.5050221170629998,0.0,0.0
-0.27994389982483314,-3.017173142556534,0.5045045002574438,0.0,0.0
-0.27994389982483314,-2.9549633870399044,0.50364754179326,0.0,0.0
-0.27994389982483314,-2.892753631523275,0.5024597038756863,0.0,0.0
-0.27994389982483314,-2.8305438760066455,0.5009525560882676,0.0,0.0
-0.27994389982483314,-2.7683341204900156,0.49914051305783796,0.0,0.0
-0.27994389982483314,-2.706124364973386,0.49704051757345974,0.0,0.0
-0.27994389982483314,-2.6439146094567567,0.49467168240379744,0.0,0.0
-0.27994389982483314,-2.581704853940127,0.4920549049859661,0.0,0.0
-0.27994389982483314,-2.5194950984234974,0.48921246921615136,0.0,0.0
-0.27994389982483314,-2.457285342906868,0.4861676478393236,0.0,0.0
-0.27994389982483314,-2.395075587390238,0.48294431755062806,0.0,0.0
-0.27994389982483314,-2.3328658318736086,0.47956659705885885,0.0,0.0
-0.27994389982483314,-2.270656076356979,0.4760585162107424,0.0,0.0
-0.27994389982483314,-2.2084463208403498,0.4724437220148038,0.0,0.0
-0.27994389982483314,-2.1462365653237203,0.46874522519426226,0.0,0.0
-0.27994389982483314,-2.0840268098070904,0.46498518886593476,0.0,0.0
-0.27994389982483314,-2.021817054290461,0.4611847591755544,0.0,0.0
-0.27994389982483314,-1.9596072987738313,0.45736393627123917,0.0,0.0
-0.27994389982483314,-1.897397543257202,0.45354148288496754,0.0,0.0
-0.27994389982483314,-1.8351877877405722,0.4497348670087618,0.0,0.0
-0.27994389982483314,-1.7729780322239428,0.4459602346699697,0.0,0.0
-0.27994389982483314,-1.7107682767073131,0.44223240858796853,0.0,0.0
-0.27994389982483314,-1.6485585211906835,0.4385649084857819,0.0,0.0
-0.27994389982483314,-1.586348765674054,0.4349699889861872,0.0,0.0
-0.27994389982483314,-1.5241390101574244,0.43145869129705827,0.0,0.0
-0.27994389982483314,-1.461929254640795,0.4280409052440288,0.0,0.0
-0.27994389982483314,-1.3997194991241653,0.4247254386054658,0.0,0.0
-0.27994389982483314,-1.3375097436075358,0.42152009111735345,0.0,0.0
-0.27994389982483314,-1.2752999880909062,0.4184317309227279,0.0,0.0
-0.27994389982483314,-1.2130902325742767,0.41546637162645605,0.0,0.0
-0.27994389982483314,-1.150880477057647,0.4126292484712531,0.0,0.0
-0.27994389982483314,-1.0886707215410176,0.40992489246893227,0.0,0.0
-0.27994389982483314,-1.0264609660243877,0.40735720159931493,0.0,0.0
-0.27994389982483314,-0.9642512105077583,0.4049295084278372,0.0,0.0
-0.27994389982483314,-0.9020414549911289,0.40264464369321545,0.0,0.0
-0.27994389982483314,-0.8398316994744994,0.4005049955813088,0.0,0.0
-0.27994389982483314,-0.7776219439578695,0.3985125645338992,0.0,0.0
-0.27994389982483314,-0.7154121884412401,0.3966690135452121,0.0,0.0
-0.27994389982483314,-0.6532024329246107,0.3949757139783316,0.0,0.0
-0.27994389982483314,-0.5909926774079808,0.3934337869918402,0.0,0.0
-0.27994389982483314,-0.5287829218913513,0.3920441407073516,0.0,0.0
-0.27994389982483314,-0.4665731663747219,0.3908075032741449,0.0,0.0
-0.27994389982483314,-0.40436341085809246,0.38972445200048933,0.0,0.0
-0.27994389982483314,-0.3421536553414626,0.3887954387248103,0.0,0.0
-0.27994389982483314,-0.27994389982483314,0.3880208115955207,0.0,0.0
-0.27994389982483314,-0.2177341443082037,0.3874008334178216,0.0,0.0
-0.27994389982483314,-0.15552438879157382,0.3869356967104041,0.0,0.0
-0.27994389982483314,-0.09331463327494438,0.3866255355959096,0.0,0.0
-0.27994389982483314,-0.03110487775831494,0.38647043462714314,0.0,0.0
-0.27994389982483314,0.031104877758314498,0.38647043462714314,0.0,0.0
-0.27994389982483314,0.09331463327494438,0.3866255355959096,0.0,0.0
-0.27994389982483314,0.15552438879157382,0.3869356967104041,0.0,0.0
-0.27994389982483314,0.21773414430820326,0.3874008334178216,0.0,0.0
-0.27994389982483314,0.2799438998248327,0.3880208115955207,0.0,0.0
-0.27994389982483314,0.3421536553414626,0.3887954387248103,0.0,0.0
-0.27994389982483314,0.404363410858092,0.38972445200048933,0.0,0.0
-0.27994389982483314,0.46657316637472146,0.3908075032741448,0.0,0.0
-0.27994389982483314,0.5287829218913513,0.3920441407073516,0.0,0.0
-0.27994389982483314,0.5909926774079808,0.3934337869918402,0.0,0.0
-0.27994389982483314,0.6532024329246102,0.3949757139783316,0.0,0.0
-0.27994389982483314,0.7154121884412397,0.3966690135452121,0.0,0.0
-0.27994389982483314,0.7776219439578695,0.3985125645338992,0.0,0.0
-0.27994389982483314,0.839831699474499,0.4005049955813088,0.0,0.0
-0.27994389982483314,0.9020414549911289,0.40264464369321545,0.0,0.0
-0.27994389982483314,0.9642512105077579,0.4049295084278372,0.0,0.0
-0.27994389982483314,1.0264609660243877,0.40735720159931493,0.0,0.0
-0.27994389982483314,1.0886707215410176,0.40992489246893227,0.0,0.0
-0.27994389982483314,1.1508804770576466,0.4126292484712531,0.0,0.0
-0.27994389982483314,1.2130902325742765,0.41546637162645605,0.0,0.0
-0.27994389982483314,1.2752999880909055,0.4184317309227279,0.0,0.0
-0.27994389982483314,1.3375097436075354,0.42152009111735345,0.0,0.0
-0.27994389982483314,1.3997194991241653,0.4247254386054658,0.0,0.0
-0.27994389982483314,1.4619292546407943,0.4280409052440288,0.0,0.0
-0.27994389982483314,1.5241390101574241,0.43145869129705827,0.0,0.0
-0.27994389982483314,1.586348765674054,0.4349699889861872,0.0,0.0
-0.27994389982483314,1.648558521190683,0.4385649084857819,0.0,0.0
-0.27994389982483314,1.710768276707313,0.44223240858796853,0.0,0.0
-0.27994389982483314,1.7729780322239428,0.4459602346699697,0.0,0.0
-0.27994389982483314,1.8351877877405718,0.4497348670087618,0.0,0.0
-0.27994389982483314,1.8973975432572017,0.45354148288496754,0.0,0.0
-0.27994389982483314,1.9596072987738316,0.45736393627123917,0.0,0.0
-0.27994389982483314,2.0218170542904605,0.4611847591755544,0.0,0.0
-0.27994389982483314,2.0840268098070904,0.46498518886593476,0.0,0.0
-0.27994389982483314,2.1462365653237194,0.4687452251942622,0.0,0.0
-0.27994389982483314,2.2084463208403493,0.4724437220148038,0.0,0.0
-0.27994389982483314,2.270656076356979,0.4760585162107424,0.0,0.0
-0.27994389982483314,2.332865831873608,0.4795665970588588,0.0,0.0
-0.27994389982483314,2.395075587390238,0.48294431755062806,0.0,0.0
-0.27994389982483314,2.457285342906868,0.4861676478393236,0.0,0.0
-0.27994389982483314,2.519495098423497,0.48921246921615136,0.0,0.0
-0.27994389982483314,2.581704853940127,0.4920549049859661,0.0,0.0
-0.27994389982483314,2.6439146094567567,0.49467168240379744,0.0,0.0
-0.27994389982483314,2.7061243649733857,0.49704051757345974,0.0,0.0
-0.27994389982483314,2.7683341204900156,0.49914051305783796,0.0,0.0
-0.27994389982483314,2.8305438760066455,0.5009525560882676,0.0,0.0
-0.27994389982483314,2.8927536315232745,0.5024597038756863,0.0,0.0
-0.27994389982483314,2.9549633870399044,0.50364754179326,0.0,0.0
-0.27994389982483314,3.0171731425565333,0.5045045002574438,0.0,0.0
-0.27994389982483314,3.0793828980731632,0.5050221170629998,0.0,0.0
-0.2177341443082037,-3.141592653589793,0.5038291836103962,0.0,0.0
-0.2177341443082037,-3.0793828980731637,0.5036574669933962,0.0,0.0
-0.2177341443082037,-3.017173142556534,0.5031440306496796,0.0,0.0
-0.2177341443082037,-2.9549633870399044,0.5022939745869328,0.0,0.0
-0.2177341443082037,-2.892753631523275,0.5011156656408657,0.0,0.0
-0.2177341443082037,-2.8305438760066455,0.4996205441138863,0.0,0.0
-0.2177341443082037,-2.7683341204900156,0.49782286538571263,0.0,0.0
-0.2177341443082037,-2.706124364973386,0.4957393877192018,0.0,0.0
-0.2177341443082037,-2.6439146094567567,0.4933890192631447,0.0,0.0
-0.2177341443082037,-2.581704853940127,0.49079243817314505,0.0,0.0
-0.2177341443082037,-2.5194950984234974,0.4879716998378647,0.0,0.0
-0.2177341443082037,-2.457285342906868,0.4849498444892639,0.0,0.0
-0.2177341443082037,-2.395075587390238,0.48175051712658407,0.0,0.0
-0.2177341443082037,-2.3328658318736086,0.4783976098646022,0.0,0.0
-0.2177341443082037,-2.270656076356979,0.47491493471061286,0.0,0.0
-0.2177341443082037,-2.2084463208403498,0.47132593255898536,0.0,0.0
-0.2177341443082037,-2.1462365653237203,0.46765342202280336,0.0,0.0
-0.2177341443082037,-2.0840268098070904,0.46391938972315916,0.0,0.0
-0.2177341443082037,-2.021817054290461,0.46014482191607425,0.0,0.0
-0.2177341443082037,-1.9596072987738313,0.4563495759065267,0.0,0.0
-0.2177341443082037,-1.897397543257202,0.4525522885980267,0.0,0.0
-0.2177341443082037,-1.8351877877405722,0.44877031874746715,0.0,0.0
-0.2177341443082037,-1.7729780322239428,0.4450197190118948,0.0,0.0
-0.2177341443082037,-1.7107682767073131,0.4413152336470862,0.0,0.0
-0.2177341443082037,-1.6485585211906835,0.43767031770159265,0.0,0.0
-0.2177341443082037,-1.586348765674054,0.4340971736970348,0.0,0.0
-0.2177341443082037,-1.5241390101574244,0.43060680205093355,0.0,0.0
-0.2177341443082037,-1.461929254640795,0.4272090618420714,0.0,0.0
-0.2177341443082037,-1.3997194991241653,0.42391273890617803,0.0,0.0
-0.2177341443082037,-1.3375097436075358,0.420725618654093,0.0,0.0
-0.2177341443082037,-1.2752999880909062,0.41765456140439594,0.0,0.0
-0.2177341443082037,-1.2130902325742767,0.41470557840254524,0.0,0.0
-0.2177341443082037,-1.150880477057647,0.41188390704867267,0.0,0.0
-0.2177341443082037,-1.0886707215410176,0.40919408417030056,0.0,0.0
-0.2177341443082037,-1.0264609660243877,0.4066400164516326,0.0,0.0
-0.2177341443082037,-0.9642512105077583,0.4042250473674224,0.0,0.0
-0.2177341443082037,-0.9020414549911289,0.4019520201681716,0.0,0.0
-0.2177341443082037,-0.8398316994744994,0.39982333662716063,0.0,0.0
-0.2177341443082037,-0.7776219439578695,0.39784101139181477,0.0,0.0
-0.2177341443082037,-0.7154121884412401,0.3960067218857728,0.0,0.0
-0.2177341443082037,-0.6532024329246107,0.39432185378738227,0.0,0.0
-0.2177341443082037,-0.5909926774079808,0.39278754216873313,0.0,0.0
-0.2177341443082037,-0.5287829218913513,0.39140470842003006,0.0,0.0
-0.2177341443082037,-0.4665731663747219,0.39017409311008167,0.0,0.0
-0.2177341443082037,-0.40436341085809246,0.3890962849475602,0.0,0.0
-0.2177341443082037,-0.3421536553414626,0.38817174601176313,0.0,0.0
-0.2177341443082037,-0.27994389982483314,0.3874008334178216,0.0,0.0
-0.2177341443082037,-0.2177341443082037,0.38678381757130226,0.0,0.0
-0.2177341443082037,-0.15552438879157382,0.3863208971523034,0.0,0.0
-0.2177341443082037,-0.09331463327494438,0.38601221095057003,0.0,0.0
-0.2177341443082037,-0.03110487775831494,0.3858578466517874,0.0,0.0
-0.2177341443082037,0.031104877758314498,0.3858578466517874,0.0,0.0
-0.2177341443082037,0.09331463327494438,0.38601221095057003,0.0,0.0
-0.2177341443082037,0.15552438879157382,0.3863208971523034,0.0,0.0
-0.2177341443082037,0.21773414430820326,0.38678381757130226,0.0,0.0
-0.2177341443082037,0.2799438998248327,0.3874008334178216,0.0,0.0
-0.2177341443082037,0.3421536553414626,0.38817174601176313,0.0,0.0
-0.2177341443082037,0.404363410858092,0.38909628494756016,0.0,0.0
-0.2177341443082037,0.46657316637472146,0.3901740931100816,0.0,0.0
-0.2177341443082037,0.5287829218913513,0.39140470842003006,0.0,0.0
-0.2177341443082037,0.5909926774079808,0.39278754216873313,0.0,0.0
-0.2177341443082037,0.6532024329246102,0.3943218537873822,0.0,0.0
-0.2177341443082037,0.7154121884412397,0.3960067218857728,0.0,0.0
-0.2177341443082037,0.7776219439578695,0.39784101139181477,0.0,0.0
-0.2177341443082037,0.839831699474499,0.39982333662716063,0.0,0.0
-0.2177341443082037,0.9020414549911289,0.4019520201681716,0.0,0.0
-0.2177341443082037,0.9642512105077579,0.4042250473674223,0.0,0.0
-0.2177341443082037,1.0264609660243877,0.4066400164516326,0.0,0.0
-0.2177341443082037,1.0886707215410176,0.40919408417030056,0.0,0.0
-0.2177341443082037,1.1508804770576466,0.41188390704867267,0.0,0.0
-0.2177341443082037,1.2130902325742765,0.4147055784025452,0.0,0.0
-0.2177341443082037,1.2752999880909055,0.41765456140439594,0.0,0.0
-0.2177341443082037,1.3375097436075354,0.420725618654093,0.0,0.0
-0.2177341443082037,1.3997194991241653,0.42391273890617803,0.0,0.0
-0.2177341443082037,1.4619292546407943,0.4272090618420714,0.0,0.0
-0.2177341443082037,1.5241390101574241,0.43060680205093355,0.0,0.0
-0.2177341443082037,1.586348765674054,0.4340971736970348,0.0,0.0
-0.2177341443082037,1.648558521190683,0.43767031770159265,0.0,0.0
-0.2177341443082037,1.710768276707313,0.4413152336470862,0.0,0.0
-0.2177341443082037,1.7729780322239428,0.4450197190118948,0.0,0.0
-0.2177341443082037,1.8351877877405718,0.44877031874746715,0.0,0.0
-0.2177341443082037,1.8973975432572017,0.4525522885980267,0.0,0.0
-0.2177341443082037,1.9596072987738316,0.4563495759065267,0.0,0.0
-0.2177341443082037,2.0218170542904605,0.4601448219160742,0.0,0.0
-0.2177341443082037,2.0840268098070904,0.46391938972315916,0.0,0.0
-0.2177341443082037,2.1462365653237194,0.46765342202280336,0.0,0.0
-0.2177341443082037,2.2084463208403493,0.47132593255898536,0.0,0.0
-0.2177341443082037,2.270656076356979,0.47491493471061286,0.0,0.0
-0.2177341443082037,2.332865831873608,0.4783976098646022,0.0,0.0
-0.2177341443082037,2.395075587390238,0.48175051712658407,0.0,0.0
-0.2177341443082037,2.457285342906868,0.4849498444892639,0.0,0.0
-0.2177341443082037,2.519495098423497,0.48797169983786465,0.0,0.0
-0.2177341443082037,2.581704853940127,0.49079243817314505,0.0,0.0
-0.2177341443082037,2.6439146094567567,0.4933890192631447,0.0,0.0
-0.2177341443082037,2.7061243649733857,0.4957393877192018,0.0,0.0
-0.2177341443082037,2.7683341204900156,0.49782286538571263,0.0,0.0
-0.2177341443082037,2.8305438760066455,0.4996205441138863,0.0,0.0
-0.2177341443082037,2.8927536315232745,0.5011156656408657,0.0,0.0
-0.2177341443082037,2.9549633870399044,0.5022939745869328,0.0,0.0
-0.2177341443082037,3.0171731425565333,0.5031440306496796,0.0,0.0
-0.2177341443082037,3.0793828980731632,0.5036574669933962,0.0,0.0
-0.15552438879157382,-3.141592653589793,0.502807282747955,0.0,0.0
-0.15552438879157382,-3.0793828980731637,0.5026366085217897,0.0,0.0
-0.15552438879157382,-3.017173142556534,0.5021262847327861,0.0,0.0
-0.15552438879157382,-2.9549633870399044,0.5012813680041475,0.0,0.0
-0.15552438879157382,-2.892753631523275,0.5001101543998714,0.0,0.0
-0.15552438879157382,-2.8305438760066455,0.49862398827428117,0.0,0.0
-0.15552438879157382,-2.7683341204900156,0.496837006800849,0.0,0.0
-0.15552438879157382,-2.706124364973386,0.49476583124547113,0.0,0.0
-0.15552438879157382,-2.6439146094567567,0.49242921780692944,0.0,0.0
-0.15552438879157382,-2.581704853940127,0.489847681759751,0.0,0.0
-0.15552438879157382,-2.5194950984234974,0.48704310870725864,0.0,0.0
-0.15552438879157382,-2.457285342906868,0.4840383660617489,0.0,0.0
-0.15552438879157382,-2.395075587390238,0.48085692654617,0.0,0.0
-0.15552438879157382,-2.3328658318736086,0.4775225137240385,0.0,0.0
-0.15552438879157382,-2.270656076356979,0.4740587774918461,0.0,0.0
-0.15552438879157382,-2.2084463208403498,0.47048900528531695,0.0,0.0
-0.15552438879157382,-2.1462365653237203,0.4668358726110686,0.0,0.0
-0.15552438879157382,-2.0840268098070904,0.4631212345411269,0.0,0.0
-0.15552438879157382,-2.021817054290461,0.4593659580864175,0.0,0.0
-0.15552438879157382,-1.9596072987738313,0.4555897939484057,0.0,0.0
-0.15552438879157382,-1.897397543257202,0.45181128505515344,0.0,0.0
-0.15552438879157382,-1.8351877877405722,0.44804770851275133,0.0,0.0
-0.15552438879157382,-1.7729780322239428,0.4443150471195361,0.0,0.0
-0.15552438879157382,-1.7107682767073131,0.4406279863603754,0.0,0.0
-0.15552438879157382,-1.6485585211906835,0.4369999327766945,0.0,0.0
-0.15552438879157382,-1.586348765674054,0.43344304974845504,0.0,0.0
-0.15552438879157382,-1.5241390101574244,0.4299683069827021,0.0,0.0
-0.15552438879157382,-1.461929254640795,0.4265855403398929,0.0,0.0
-0.15552438879157382,-1.3997194991241653,0.42330351901029,0.0,0.0
-0.15552438879157382,-1.3375097436075358,0.4201300174509616,0.0,0.0
-0.15552438879157382,-1.2752999880909062,0.4170718898884076,0.0,0.0
-0.15552438879157382,-1.2130902325742767,0.4141351455673657,0.0,0.0
-0.15552438879157382,-1.150880477057647,0.41132502327272585,0.0,0.0
-0.15552438879157382,-1.0886707215410176,0.40864606396263764,0.0,0.0
-0.15552438879157382,-1.0264609660243877,0.4061021806239974,0.0,0.0
-0.15552438879157382,-0.9642512105077583,0.40369672469616286,0.0,0.0
-0.15552438879157382,-0.9020414549911289,0.40143254860630523,0.0,0.0
-0.15552438879157382,-0.8398316994744994,0.39931206412277753,0.0,0.0
-0.15552438879157382,-0.7776219439578695,0.3973372963644392,0.0,0.0
-0.15552438879157382,-0.7154121884412401,0.3955099334075453,0.0,0.0
-0.15552438879157382,-0.6532024329246107,0.39383137151117953,0.0,0.0
-0.15552438879157382,-0.5909926774079808,0.3923027560407409,0.0,0.0
-0.15552438879157382,-0.5287829218913513,0.390925018209943,0.0,0.0
-0.15552438879157382,-0.4665731663747219,0.38969890778807603,0.0,0.0
-0.15552438879157382,-0.40436341085809246,0.3886250219335209,0.0,0.0
-0.15552438879157382,-0.3421536553414626,0.38770383031896877,0.0,0.0
-0.15552438879157382,-0.27994389982483314,0.3869356967104041,0.0,0.0
-0.15552438879157382,-0.2177341443082037,0.3863208971523034,0.0,0.0
-0.15552438879157382,-0.15552438879157382,0.3858596348970406,0.0,0.0
-0.15552438879157382,-0.09331463327494438,0.38555205219829336,0.0,0.0
-0.15552438879157382,-0.03110487775831494,0.38539823906723514,0.0,0.0
-0.15552438879157382,0.031104877758314498,0.38539823906723514,0.0,0.0
-0.15552438879157382,0.09331463327494438,0.38555205219829336,0.0,0.0
-0.15552438879157382,0.15552438879157382,0.3858596348970406,0.0,0.0
-0.15552438879157382,0.21773414430820326,0.3863208971523034,0.0,0.0
-0.15552438879157382,0.2799438998248327,0.3869356967104041,0.0,0.0
-0.15552438879157382,0.3421536553414626,0.38770383031896877,0.0,0.0
-0.15552438879157382,0.404363410858092,0.3886250219335209,0.0,0.0
-0.15552438879157382,0.46657316637472146,0.38969890778807603,0.0,0.0
-0.15552438879157382,0.5287829218913513,0.390925018209943,0.0,0.0
-0.15552438879157382,0.5909926774079808,0.3923027560407409,0.0,0.0
-0.15552438879157382,0.6532024329246102,0.39383137151117953,0.0,0.0
-0.15552438879157382,0.7154121884412397,0.39550993340754526,0.0,0.0
-0.15552438879157382,0.7776219439578695,0.3973372963644392,0.0,0.0
-0.15552438879157382,0.839831699474499,0.39931206412277764,0.0,0.0
-0.15552438879157382,0.9020414549911289,0.40143254860630523,0.0,0.0
-0.15552438879157382,0.9642512105077579,0.4036967246961628,0.0,0.0
-0.15552438879157382,1.0264609660243877,0.4061021806239974,0.0,0.0
-0.15552438879157382,1.0886707215410176,0.40864606396263764,0.0,0.0
-0.15552438879157382,1.1508804770576466,0.4113250232727258,0.0,0.0
-0.15552438879157382,1.2130902325742765,0.4141351455673657,0.0,0.0
-0.15552438879157382,1.2752999880909055,0.4170718898884076,0.0,0.0
-0.15552438879157382,1.3375097436075354,0.4201300174509616,0.0,0.0
-0.15552438879157382,1.3997194991241653,0.42330351901029,0.0,0.0
-0.15552438879157382,1.4619292546407943,0.4265855403398928,0.0,0.0
-0.15552438879157382,1.5241390101574241,0.4299683069827021,0.0,0.0
-0.15552438879157382,1.586348765674054,0.43344304974845504,0.0,0.0
-0.15552438879157382,1.648558521190683,0.43699993277669447,0.0,0.0
-0.15552438879157382,1.710768276707313,0.4406279863603754,0.0,0.0
-0.15552438879157382,1.7729780322239428,0.4443150471195361,0.0,0.0
-0.15552438879157382,1.8351877877405718,0.4480477085127513,0.0,0.0
-0.15552438879157382,1.8973975432572017,0.45181128505515344,0.0,0.0
-0.15552438879157382,1.9596072987738316,0.4555897939484057,0.0,0.0
-0.15552438879157382,2.0218170542904605,0.4593659580864175,0.0,0.0
-0.15552438879157382,2.0840268098070904,0.4631212345411269,0.0,0.0
-0.15552438879157382,2.1462365653237194,0.4668358726110685,0.0,0.0
-0.15552438879157382,2.2084463208403493,0.47048900528531695,0.0,0.0
-0.15552438879157382,2.270656076356979,0.4740587774918461,0.0,0.0
-0.15552438879157382,2.332865831873608,0.4775225137240385,0.0,0.0
-0.15552438879157382,2.395075587390238,0.48085692654617,0.0,0.0
-0.15552438879157382,2.457285342906868,0.4840383660617489,0.0,0.0
-0.15552438879157382,2.519495098423497,0.48704310870725864,0.0,0.0
-0.15552438879157382,2.581704853940127,0.489847681759751,0.0,0.0
-0.15552438879157382,2.6439146094567567,0.49242921780692944,0.0,0.0
-0.15552438879157382,2.7061243649733857,0.49476583124547113,0.0,0.0
-0.15552438879157382,2.7683341204900156,0.496837006800849,0.0,0.0
-0.15552438879157382,2.8305438760066455,0.49862398827428117,0.0,0.0
-0.15552438879157382,2.8927536315232745,0.5001101543998714,0.0,0.0
-0.15552438879157382,2.9549633870399044,0.5012813680041475,0.0,0.0
-0.15552438879157382,3.0171731425565333,0.5021262847327861,0.0,0.0
-0.15552438879157382,3.0793828980731632,0.5026366085217897,0.0,0.0
-0.09331463327494438,-3.141592653589793,0.5021272711204107,0.0,0.0
-0.09331463327494438,-3.0793828980731637,0.50195728819903,0.0,0.0
-0.09331463327494438,-3.017173142556534,0.5014490286536346,0.0,0.0
-0.09331463327494438,-2.9549633870399044,0.5006075204045909,0.0,0.0
-0.09331463327494438,-2.892753631523275,0.49944101269125846,0.0,0.0
-0.09331463327494438,-2.8305438760066455,0.4979607863805851,0.0,0.0
-0.09331463327494438,-2.7683341204900156,0.4961809004221078,0.0,0.0
-0.09331463327494438,-2.706124364973386,0.4941178854103973,0.0,0.0
-0.09331463327494438,-2.6439146094567567,0.49179039695976495,0.0,0.0
-0.09331463327494438,-2.581704853940127,0.48921884250392184,0.0,0.0
-0.09331463327494438,-2.5194950984234974,0.48642499521003657,0.0,0.0
-0.09331463327494438,-2.457285342906868,0.48343160801742485,0.0,0.0
-0.09331463327494438,-2.395075587390238,0.48026203950581997,0.0,0.0
-0.09331463327494438,-2.3328658318736086,0.47693990153129634,0.0,0.0
-0.09331463327494438,-2.270656076356979,0.47348873651754075,0.0,0.0
-0.09331463327494438,-2.2084463208403498,0.4699317301288134,0.0,0.0
-0.09331463327494438,-2.1462365653237203,0.46629146293062884,0.0,0.0
-0.09331463327494438,-2.0840268098070904,0.46258970268647104,0.0,0.0
-0.09331463327494438,-2.021817054290461,0.4588472372302898,0.0,0.0
-0.09331463327494438,-1.9596072987738313,0.45508374644655386,0.0,0.0
-0.09331463327494438,-1.897397543257202,0.45131771080216193,0.0,0.0
-0.09331463327494438,-1.8351877877405722,0.44756635310149184,0.0,0.0
-0.09331463327494438,-1.7729780322239428,0.44384560965208436,0.0,0.0
-0.09331463327494438,-1.7107682767073131,0.44017012679613365,0.0,0.0
-0.09331463327494438,-1.6485585211906835,0.43655327873784305,0.0,0.0
-0.09331463327494438,-1.586348765674054,0.4330072027329201,0.0,0.0
-0.09331463327494438,-1.5241390101574244,0.42954284796021996,0.0,0.0
-0.09331463327494438,-1.461929254640795,0.42617003472746445,0.0,0.0
-0.09331463327494438,-1.3997194991241653,0.42289752103959405,0.0,0.0
-0.09331463327494438,-1.3375097436075358,0.41973307395253073,0.0,0.0
-0.09331463327494438,-1.2752999880909062,0.4166835435260767,0.0,0.0
-0.09331463327494438,-1.2130902325742767,0.41375493756220505,0.0,0.0
-0.09331463327494438,-1.150880477057647,0.4109524956589011,0.0,0.0
-0.09331463327494438,-1.0886707215410176,0.40828076141890834,0.0,0.0
-0.09331463327494438,-1.0264609660243877,0.40574365192430656,0.0,0.0
-0.09331463327494438,-0.9642512105077583,0.40334452382139213,0.0,0.0
-0.09331463327494438,-0.9020414549911289,0.40108623555709194,0.0,0.0
-0.09331463327494438,-0.8398316994744994,0.39897120547059534,0.0,0.0
-0.09331463327494438,-0.7776219439578695,0.3970014655751423,0.0,0.0
-0.09331463327494438,-0.7154121884412401,0.3951787109684499,0.0,0.0
-0.09331463327494438,-0.6532024329246107,0.3935043448896213,0.0,0.0
-0.09331463327494438,-0.5909926774079808,0.39197951949901927,0.0,0.0
-0.09331463327494438,-0.5287829218913513,0.39060517249868754,0.0,0.0
-0.09331463327494438,-0.4665731663747219,0.38938205973740964,0.0,0.0
-0.09331463327494438,-0.40436341085809246,0.38831078395897267,0.0,0.0
-0.09331463327494438,-0.3421536553414626,0.3873918198569156,0.0,0.0
-0.09331463327494438,-0.27994389982483314,0.3866255355959096,0.0,0.0
-0.09331463327494438,-0.2177341443082037,0.38601221095057003,0.0,0.0
-0.09331463327494438,-0.15552438879157382,0.38555205219829336,0.0,0.0
-0.09331463327494438,-0.09331463327494438,0.3852452038847621,0.0,0.0
-0.09331463327494438,-0.03110487775831494,0.385091757559996,0.0,0.0
-0.09331463327494438,0.031104877758314498,0.385091757559996,0.0,0.0
-0.09331463327494438,0.09331463327494438,0.3852452038847621,0.0,0.0
-0.09331463327494438,0.15552438879157382,0.38555205219829336,0.0,0.0
-0.09331463327494438,0.21773414430820326,0.38601221095057003,0.0,0.0
-0.09331463327494438,0.2799438998248327,0.3866255355959096,0.0,0.0
-0.09331463327494438,0.3421536553414626,0.3873918198569156,0.0,0.0
-0.09331463327494438,0.404363410858092,0.38831078395897267,0.0,0.0
-0.09331463327494438,0.46657316637472146,0.3893820597374096,0.0,0.0
-0.09331463327494438,0.5287829218913513,0.39060517249868754,0.0,0.0
-0.09331463327494438,0.5909926774079808,0.39197951949901927,0.0,0.0
-0.09331463327494438,0.6532024329246102,0.3935043448896213,0.0,0.0
-0.09331463327494438,0.7154121884412397,0.39517871096844986,0.0,0.0
-0.09331463327494438,0.7776219439578695,0.3970014655751423,0.0,0.0
-0.09331463327494438,0.839831699474499,0.39897120547059534,0.0,0.0
-0.09331463327494438,0.9020414549911289,0.40108623555709194,0.0,0.0
-0.09331463327494438,0.9642512105077579,0.4033445238213921,0.0,0.0
-0.09331463327494438,1.0264609660243877,0.40574365192430656,0.0,0.0
-0.09331463327494438,1.0886707215410176,0.40828076141890834,0.0,0.0
-0.09331463327494438,1.1508804770576466,0.4109524956589011,0.0,0.0
-0.09331463327494438,1.2130902325742765,0.413754937562205,0.0,0.0
-0.09331463327494438,1.2752999880909055,0.4166835435260767,0.0,0.0
-0.09331463327494438,1.3375097436075354,0.41973307395253073,0.0,0.0
-0.09331463327494438,1.3997194991241653,0.42289752103959405,0.0,0.0
-0.09331463327494438,1.4619292546407943,0.42617003472746434,0.0,0.0
-0.09331463327494438,1.5241390101574241,0.42954284796021996,0.0,0.0
-0.09331463327494438,1.586348765674054,0.4330072027329201,0.0,0.0
-0.09331463327494438,1.648558521190683,0.43655327873784305,0.0,0.0
-0.09331463327494438,1.710768276707313,0.44017012679613365,0.0,0.0
-0.09331463327494438,1.7729780322239428,0.44384560965208436,0.0,0.0
-0.09331463327494438,1.8351877877405718,0.44756635310149184,0.0,0.0
-0.09331463327494438,1.8973975432572017,0.45131771080216193,0.0,0.0
-0.09331463327494438,1.9596072987738316,0.45508374644655386,0.0,0.0
-0.09331463327494438,2.0218170542904605,0.4588472372302897,0.0,0.0
-0.09331463327494438,2.0840268098070904,0.46258970268647104,0.0,0.0
-0.09331463327494438,2.1462365653237194,0.46629146293062884,0.0,0.0
-0.09331463327494438,2.2084463208403493,0.4699317301288134,0.0,0.0
-0.09331463327494438,2.270656076356979,0.47348873651754075,0.0,0.0
-0.09331463327494438,2.332865831873608,0.47693990153129634,0.0,0.0
-0.09331463327494438,2.395075587390238,0.48026203950581997,0.0,0.0
-0.09331463327494438,2.457285342906868,0.48343160801742485,0.0,0.0
-0.09331463327494438,2.519495098423497,0.48642499521003657,0.0,0.0
-0.09331463327494438,2.581704853940127,0.48921884250392184,0.0,0.0
-0.09331463327494438,2.6439146094567567,0.49179039695976495,0.0,0.0
-0.09331463327494438,2.7061243649733857,0.4941178854103973,0.0,0.0
-0.09331463327494438,2.7683341204900156,0.4961809004221078,0.0,0.0
-0.09331463327494438,2.8305438760066455,0.4979607863805851,0.0,0.0
-0.09331463327494438,2.8927536315232745,0.4994410126912584,0.0,0.0
-0.09331463327494438,2.9549633870399044,0.5006075204045909,0.0,0.0
-0.09331463327494438,3.0171731425565333,0.5014490286536345,0.0,0.0
-0.09331463327494438,3.0793828980731632,0.50195728819903,0.0,0.0
-0.03110487775831494,-3.141592653589793,0.5017876419888777,0.0,0.0
-0.03110487775831494,-3.0793828980731637,0.5016180036372154,0.0,0.0
-0.03110487775831494,-3.017173142556534,0.501110772987801,0.0,0.0
-0.03110487775831494,-2.9549633870399044,0.5002709636752279,0.0,0.0
-0.03110487775831494,-2.892753631523275,0.49910680163284643,0.0,0.0
-0.03110487775831494,-2.8305438760066455,0.49762953612647515,0.0,0.0
-0.03110487775831494,-2.7683341204900156,0.49585318716674703,0.0,0.0
-0.03110487775831494,-2.706124364973386,0.49379424020945434,0.0,0.0
-0.03110487775831494,-2.6439146094567567,0.49147130079017004,0.0,0.0
-0.03110487775831494,-2.581704853940127,0.48890472264500573,0.0,0.0
-0.03110487775831494,-2.5194950984234974,0.48611622294815954,0.0,0.0
-0.03110487775831494,-2.457285342906868,0.48312849762346805,0.0,0.0
-0.03110487775831494,-2.395075587390238,0.47996484839044035,0.0,0.0
-0.03110487775831494,-2.3328658318736086,0.4766488314486778,0.0,0.0
-0.03110487775831494,-2.270656076356979,0.47320393566515995,0.0,0.0
-0.03110487775831494,-2.2084463208403498,0.46965329597823324,0.0,0.0
-0.03110487775831494,-2.1462365653237203,0.46601944562149655,0.0,0.0
-0.03110487775831494,-2.0840268098070904,0.46232410882122266,0.0,0.0
-0.03110487775831494,-2.021817054290461,0.4585880339187293,0.0,0.0
-0.03110487775831494,-1.9596072987738313,0.4548308654656242,0.0,0.0
-0.03110487775831494,-1.897397543257202,0.45107105275508197,0.0,0.0
-0.03110487775831494,-1.8351877877405722,0.44732579148045654,0.0,0.0
-0.03110487775831494,-1.7729780322239428,0.4436109947286289,0.0,0.0
-0.03110487775831494,-1.7107682767073131,0.43994128928210585,0.0,0.0
-0.03110487775831494,-1.6485585211906835,0.43633003317702945,0.0,0.0
-0.03110487775831494,-1.586348765674054,0.4327893505983357,0.0,0.0
-0.03110487775831494,-1.5241390101574244,0.4293301804447237,0.0,0.0
-0.03110487775831494,-1.461929254640795,0.42596233522568594,0.0,0.0
-0.03110487775831494,-1.3997194991241653,0.4226945673272789,0.0,0.0
-0.03110487775831494,-1.3375097436075358,0.4195346400755265,0.0,0.0
-0.03110487775831494,-1.2752999880909062,0.4164894014155344,0.0,0.0
-0.03110487775831494,-1.2130902325742767,0.41356485839543244,0.0,0.0
-0.03110487775831494,-1.150880477057647,0.4107662509869351,0.0,0.0
-0.03110487775831494,-1.0886707215410176,0.40809812408251817,0.0,0.0
-0.03110487775831494,-1.0264609660243877,0.40556439678003287,0.0,0.0
-0.03110487775831494,-0.9642512105077583,0.4031684282985492,0.0,0.0
-0.03110487775831494,-0.9020414549911289,0.4009130800655908,0.0,0.0
-0.03110487775831494,-0.8398316994744994,0.39880077367811106,0.0,0.0
-0.03110487775831494,-0.7776219439578695,0.3968335445706627,0.0,0.0
-0.03110487775831494,-0.7154121884412401,0.39501309132768964,0.0,0.0
-0.03110487775831494,-0.6532024329246107,0.39334082065623316,0.0,0.0
-0.03110487775831494,-0.5909926774079808,0.3918178880940239,0.0,0.0
-0.03110487775831494,-0.5287829218913513,0.390445234569117,0.0,0.0
-0.03110487775831494,-0.4665731663747219,0.38922361895383584,0.0,0.0
-0.03110487775831494,-0.40436341085809246,0.38815364677038466,0.0,0.0
-0.03110487775831494,-0.3421536553414626,0.38723579521032964,0.0,0.0
-0.03110487775831494,-0.27994389982483314,0.38647043462714314,0.0,0.0
-0.03110487775831494,-0.2177341443082037,0.3858578466517874,0.0,0.0
-0.03110487775831494,-0.15552438879157382,0.38539823906723514,0.0,0.0
-0.03110487775831494,-0.09331463327494438,0.385091757559996,0.0,0.0
-0.03110487775831494,-0.03110487775831494,0.3849384944460754,0.0,0.0
-0.03110487775831494,0.031104877758314498,0.3849384944460754,0.0,0.0
-0.03110487775831494,0.09331463327494438,0.385091757559996,0.0,0.0
-0.03110487775831494,0.15552438879157382,0.38539823906723514,0.0,0.0
-0.03110487775831494,0.21773414430820326,0.3858578466517874,0.0,0.0
-0.03110487775831494,0.2799438998248327,0.3864704346271432,0.0,0.0
-0.03110487775831494,0.3421536553414626,0.38723579521032964,0.0,0.0
-0.03110487775831494,0.404363410858092,0.3881536467703846,0.0,0.0
-0.03110487775831494,0.46657316637472146,0.3892236189538357,0.0,0.0
-0.03110487775831494,0.5287829218913513,0.390445234569117,0.0,0.0
-0.03110487775831494,0.5909926774079808,0.3918178880940239,0.0,0.0
-0.03110487775831494,0.6532024329246102,0.39334082065623316,0.0,0.0
-0.03110487775831494,0.7154121884412397,0.3950130913276896,0.0,0.0
-0.03110487775831494,0.7776219439578695,0.3968335445706627,0.0,0.0
-0.03110487775831494,0.839831699474499,0.3988007736781111,0.0,0.0
-0.03110487775831494,0.9020414549911289,0.4009130800655908,0.0,0.0
-0.03110487775831494,0.9642512105077579,0.4031684282985492,0.0,0.0
-0.03110487775831494,1.0264609660243877,0.40556439678003287,0.0,0.0
-0.03110487775831494,1.0886707215410176,0.40809812408251817,0.0,0.0
-0.03110487775831494,1.1508804770576466,0.41076625098693503,0.0,0.0
-0.03110487775831494,1.2130902325742765,0.41356485839543244,0.0,0.0
-0.03110487775831494,1.2752999880909055,0.41648940141553437,0.0,0.0
-0.03110487775831494,1.3375097436075354,0.41953464007552643,0.0,0.0
-0.03110487775831494,1.3997194991241653,0.4226945673272789,0.0,0.0
-0.03110487775831494,1.4619292546407943,0.4259623352256859,0.0,0.0
-0.03110487775831494,1.5241390101574241,0.4293301804447237,0.0,0.0
-0.03110487775831494,1.586348765674054,0.4327893505983357,0.0,0.0
-0.03110487775831494,1.648558521190683,0.43633003317702934,0.0,0.0
-0.03110487775831494,1.710768276707313,0.43994128928210585,0.0,0.0
-0.03110487775831494,1.7729780322239428,0.4436109947286289,0.0,0.0
-0.03110487775831494,1.8351877877405718,0.44732579148045654,0.0,0.0
-0.03110487775831494,1.8973975432572017,0.45107105275508197,0.0,0.0
-0.03110487775831494,1.9596072987738316,0.4548308654656242,0.0,0.0
-0.03110487775831494,2.0218170542904605,0.4585880339187293,0.0,0.0
-0.03110487775831494,2.0840268098070904,0.46232410882122266,0.0,0.0
-0.03110487775831494,2.1462365653237194,0.46601944562149644,0.0,0.0
-0.03110487775831494,2.2084463208403493,0.46965329597823324,0.0,0.0
-0.03110487775831494,2.270656076356979,0.47320393566515995,0.0,0.0
-0.03110487775831494,2.332865831873608,0.4766488314486778,0.0,0.0
-0.03110487775831494,2.395075587390238,0.47996484839044035,0.0,0.0
-0.03110487775831494,2.457285342906868,0.48312849762346805,0.0,0.0
-0.03110487775831494,2.519495098423497,0.48611622294815954,0.0,0.0
-0.03110487775831494,2.581704853940127,0.48890472264500573,0.0,0.0
-0.03110487775831494,2.6439146094567567,0.49147130079017004,0.0,0.0
-0.03110487775831494,2.7061243649733857,0.49379424020945434,0.0,0.0
-0.03110487775831494,2.7683341204900156,0.49585318716674703,0.0,0.0
-0.03110487775831494,2.8305438760066455,0.49762953612647515,0.0,0.0
-0.03110487775831494,2.8927536315232745,0.49910680163284643,0.0,0.0
-0.03110487775831494,2.9549633870399044,0.5002709636752279,0.0,0.0
-0.03110487775831494,3.0171731425565333,0.501110772987801,0.0,0.0
-0.03110487775831494,3.0793828980731632,0.5016180036372154,0.0,0.0
0.031104877758314498,-3.141592653589793,0.5017876419888777,0.0,0.0
0.031104877758314498,-3.0793828980731637,0.5016180036372154,0.0,0.0
0.031104877758314498,-3.017173142556534,0.501110772987801,0.0,0.0
0.031104877758314498,-2.9549633870399044,0.5002709636752279,0.0,0.0
0.031104877758314498,-2.892753631523275,0.49910680163284643,0.0,0.0
0.031104877758314498,-2.8305438760066455,0.49762953612647515,0.0,0.0
0.031104877758314498,-2.7683341204900156,0.49585318716674703,0.0,0.0
0.031104877758314498,-2.706124364973386,0.49379424020945434,0.0,0.0
0.031104877758314498,-2.6439146094567567,0.49147130079017004,0.0,0.0
0.031104877758314498,-2.581704853940127,0.48890472264500573,0.0,0.0
0.031104877758314498,-2.5194950984234974,0.48611622294815954,0.0,0.0
0.031104877758314498,-2.457285342906868,0.48312849762346805,0.0,0.0
0.031104877758314498,-2.395075587390238,0.47996484839044035,0.0,0.0
0.031104877758314498,-2.3328658318736086,0.4766488314486778,0.0,0.0
0.031104877758314498,-2.270656076356979,0.47320393566515995,0.0,0.0
0.031104877758314498,-2.2084463208403498,0.46965329597823324,0.0,0.0
0.031104877758314498,-2.1462365653237203,0.46601944562149655,0.0,0.0
0.031104877758314498,-2.0840268098070904,0.46232410882122266,0.0,0.0
0.031104877758314498,-2.021817054290461,0.4585880339187293,0.0,0.0
0.031104877758314498,-1.9596072987738313,0.4548308654656242,0.0,0.0
0.031104877758314498,-1.897397543257202,0.45107105275508197,0.0,0.0
0.031104877758314498,-1.8351877877405722,0.44732579148045654,0.0,0.0
0.031104877758314498,-1.7729780322239428,0.4436109947286289,0.0,0.0
0.031104877758314498,-1.7107682767073131,0.43994128928210585,0.0,0.0
0.031104877758314498,-1.6485585211906835,0.43633003317702945,0.0,0.0
0.031104877758314498,-1.586348765674054,0.4327893505983357,0.0,0.0
0.031104877758314498,-1.5241390101574244,0.4293301804447237,0.0,0.0
0.031104877758314498,-1.461929254640795,0.42596233522568594,0.0,0.0
0.031104877758314498,-1.3997194991241653,0.4226945673272789,0.0,0.0
0.031104877758314498,-1.3375097436075358,0.4195346400755265,0.0,0.0
0.031104877758314498,-1.2752999880909062,0.4164894014155344,0.0,0.0
0.031104877758314498,-1.2130902325742767,0.41356485839543244,0.0,0.0
0.031104877758314498,-1.150880477057647,0.4107662509869351,0.0,0.0
0.031104877758314498,-1.0886707215410176,0.40809812408251817,0.0,0.0
0.031104877758314498,-1.0264609660243877,0.40556439678003287,0.0,0.0
0.031104877758314498,-0.9642512105077583,0.4031684282985492,0.0,0.0
0.031104877758314498,-0.9020414549911289,0.4009130800655908,0.0,0.0
0.031104877758314498,-0.8398316994744994,0.39880077367811106,0.0,0.0
0.031104877758314498,-0.7776219439578695,0.3968335445706627,0.0,0.0
0.031104877758314498,-0.7154121884412401,0.39501309132768964,0.0,0.0
0.031104877758314498,-0.6532024329246107,0.39334082065623316,0.0,0.0
0.031104877758314498,-0.5909926774079808,0.3918178880940239,0.0,0.0
0.031104877758314498,-0.5287829218913513,0.390445234569117,0.0,0.0
0.031104877758314498,-0.4665731663747219,0.38922361895383584,0.0,0.0
0.031104877758314498,-0.40436341085809246,0.38815364677038466,0.0,0.0
0.031104877758314498,-0.3421536553414626,0.38723579521032964,0.0,0.0
0.031104877758314498,-0.27994389982483314,0.38647043462714314,0.0,0.0
0.031104877758314498,-0.2177341443082037,0.3858578466517874,0.0,0.0
0.031104877758314498,-0.15552438879157382,0.38539823906723514,0.0,0.0
0.031104877758314498,-0.09331463327494438,0.385091757559996,0.0,0.0
0.031104877758314498,-0.03110487775831494,0.3849384944460754,0.0,0.0
0.031104877758314498,0.031104877758314498,0.3849384944460754,0.0,0.0
0.031104877758314498,0.09331463327494438,0.385091757559996,0.0,0.0
0.031104877758314498,0.15552438879157382,0.38539823906723514,0.0,0.0
0.031104877758314498,0.21773414430820326,0.3858578466517874,0.0,0.0
0.031104877758314498,0.2799438998248327,0.3864704346271432,0.0,0.0
0.031104877758314498,0.3421536553414626,0.38723579521032964,0.0,0.0
0.031104877758314498,0.404363410858092,0.3881536467703846,0.0,0.0
0.031104877758314498,0.46657316637472146,0.3892236189538357,0.0,0.0
0.031104877758314498,0.5287829218913513,0.390445234569117,0.0,0.0
0.031104877758314498,0.5909926774079808,0.3918178880940239,0.0,0.0
0.031104877758314498,0.6532024329246102,0.39334082065623316,0.0,0.0
0.031104877758314498,0.7154121884412397,0.3950130913276896,0.0,0.0
0.031104877758314498,0.7776219439578695,0.3968335445706627,0.0,0.0
0.031104877758314498,0.839831699474499,0.3988007736781111,0.0,0.0
0.031104877758314498,0.9020414549911289,0.4009130800655908,0.0,0.0
0.031104877758314498,0.9642512105077579,0.4031684282985492,0.0,0.0
0.031104877758314498,1.0264609660243877,0.40556439678003287,0.0,0.0
0.031104877758314498,1.0886707215410176,0.40809812408251817,0.0,0.0
0.031104877758314498,1.1508804770576466,0.41076625098693503,0.0,0.0
0.031104877758314498,1.2130902325742765,0.41356485839543244,0.0,0.0
0.031104877758314498,1.2752999880909055,0.41648940141553437,0.0,0.0
0.031104877758314498,1.3375097436075354,0.41953464007552643,0.0,0.0
0.031104877758314498,1.3997194991241653,0.4226945673272789,0.0,0.0
0.031104877758314498,1.4619292546407943,0.4259623352256859,0.0,0.0
0.031104877758314498,1.5241390101574241,0.4293301804447237,0.0,0.0
0.031104877758314498,1.586348765674054,0.4327893505983357,0.0,0.0
0.031104877758314498,1.648558521190683,0.43633003317702934,0.0,0.0
0.031104877758314498,1.710768276707313,0.43994128928210585,0.0,0.0
0.031104877758314498,1.7729780322239428,0.4436109947286289,0.0,0.0
0.031104877758314498,1.8351877877405718,0.44732579148045654,0.0,0.0
0.031104877758314498,1.8973975432572017,0.45107105275508197,0.0,0.0
0.031104877758314498,1.9596072987738316,0.4548308654656242,0.0,0.0
0.031104877758314498,2.0218170542904605,0.4585880339187293,0.0,0.0
0.031104877758314498,2.0840268098070904,0.46232410882122266,0.0,0.0
0.031104877758314498,2.1462365653237194,0.46601944562149644,0.0,0.0
0.031104877758314498,2.2084463208403493,0.46965329597823324,0.0,0.0
0.031104877758314498,2.270656076356979,0.47320393566515995,0.0,0.0
0.031104877758314498,2.332865831873608,0.4766488314486778,0.0,0.0
0.031104877758314498,2.395075587390238,0.47996484839044035,0.0,0.0
0.031104877758314498,2.457285342906868,0.48312849762346805,0.0,0.0
0.031104877758314498,2.519495098423497,0.48611622294815954,0.0,0.0
0.031104877758314498,2.581704853940127,0.48890472264500573,0.0,0.0
0.031104877758314498,2.6439146094567567,0.49147130079017004,0.0,0.0
0.031104877758314498,2.7061243649733857,0.49379424020945434,0.0,0.0
0.031104877758314498,2.7683341204900156,0.49585318716674703,0.0,0.0
0.031104877758314498,2.8305438760066455,0.49762953612647515,0.0,0.0
0.031104877758314498,2.8927536315232745,0.49910680163284654,0.0,0.0
0.031104877758314498,2.9549633870399044,0.5002709636752279,0.0,0.0
0.031104877758314498,3.0171731425565333,0.501110772987801,0.0,0.0
0.031104877758314498,3.0793828980731632,0.5016180036372154,0.0,0.0
0.09331463327494438,-3.141592653589793,0.5021272711204107,0.0,0.0
0.09331463327494438,-3.0793828980731637,0.50195728819903,0.0,0.0
0.09331463327494438,-3.017173142556534,0.5014490286536346,0.0,0.0
0.09331463327494438,-2.9549633870399044,0.5006075204045909,0.0,0.0
0.09331463327494438,-2.892753631523275,0.49944101269125846,0.0,0.0
0.09331463327494438,-2.8305438760066455,0.4979607863805851,0.0,0.0
0.09331463327494438,-2.7683341204900156,0.4961809004221078,0.0,0.0
0.09331463327494438,-2.706124364973386,0.4941178854103973,0.0,0.0
0.09331463327494438,-2.6439146094567567,0.49179039695976495,0.0,0.0
0.09331463327494438,-2.581704853940127,0.48921884250392184,0.0,0.0
0.09331463327494438,-2.5194950984234974,0.48642499521003657,0.0,0.0
0.09331463327494438,-2.457285342906868,0.48343160801742485,0.0,0.0
0.09331463327494438,-2.395075587390238,0.48026203950581997,0.0,0.0
0.09331463327494438,-2.3328658318736086,0.47693990153129634,0.0,0.0
0.09331463327494438,-2.270656076356979,0.47348873651754075,0.0,0.0
0.09331463327494438,-2.2084463208403498,0.4699317301288134,0.0,0.0
0.09331463327494438,-2.1462365653237203,0.46629146293062884,0.0,0.0
0.09331463327494438,-2.0840268098070904,0.46258970268647104,0.0,0.0
0.09331463327494438,-2.021817054290461,0.4588472372302898,0.0,0.0
0.09331463327494438,-1.9596072987738313,0.45508374644655386,0.0,0.0
0.09331463327494438,-1.897397543257202,0.45131771080216193,0.0,0.0
0.09331463327494438,-1.8351877877405722,0.44756635310149184,0.0,0.0
0.09331463327494438,-1.7729780322239428,0.44384560965208436,0.0,0.0
0.09331463327494438,-1.7107682767073131,0.44017012679613365,0.0,0.0
0.09331463327494438,-1.6485585211906835,0.43655327873784305,0.0,0.0
0.09331463327494438,-1.586348765674054,0.4330072027329201,0.0,0.0
0.09331463327494438,-1.5241390101574244,0.42954284796021996,0.0,0.0
0.09331463327494438,-1.461929254640795,0.42617003472746445,0.0,0.0
0.09331463327494438,-1.3997194991241653,0.42289752103959405,0.0,0.0
0.09331463327494438,-1.3375097436075358,0.41973307395253073,0.0,0.0
0.09331463327494438,-1.2752999880909062,0.4166835435260767,0.0,0.0
0.09331463327494438,-1.2130902325742767,0.41375493756220505,0.0,0.0
0.09331463327494438,-1.150880477057647,0.4109524956589011,0.0,0.0
0.09331463327494438,-1.0886707215410176,0.40828076141890834,0.0,0.0
0.09331463327494438,-1.0264609660243877,0.40574365192430656,0.0,0.0
0.09331463327494438,-0.9642512105077583,0.40334452382139213,0.0,0.0
0.09331463327494438,-0.9020414549911289,0.40108623555709194,0.0,0.0
0.09331463327494438,-0.8398316994744994,0.39897120547059534,0.0,0.0
0.09331463327494438,-0.7776219439578695,0.3970014655751423,0.0,0.0
0.09331463327494438,-0.7154121884412401,0.3951787109684499,0.0,0.0
0.09331463327494438,-0.6532024329246107,0.3935043448896213,0.0,0.0
0.09331463327494438,-0.5909926774079808,0.39197951949901927,0.0,0.0
0.09331463327494438,-0.5287829218913513,0.39060517249868754,0.0,0.0
0.09331463327494438,-0.4665731663747219,0.38938205973740964,0.0,0.0
0.09331463327494438,-0.40436341085809246,0.38831078395897267,0.0,0.0
0.09331463327494438,-0.3421536553414626,0.3873918198569156,0.0,0.0
0.09331463327494438,-0.27994389982483314,0.3866255355959096,0.0,0.0
0.09331463327494438,-0.2177341443082037,0.38601221095057003,0.0,0.0
0.09331463327494438,-0.15552438879157382,0.38555205219829336,0.0,0.0
0.09331463327494438,-0.09331463327494438,0.3852452038847621,0.0,0.0
0.09331463327494438,-0.03110487775831494,0.385091757559996,0.0,0.0
0.09331463327494438,0.031104877758314498,0.385091757559996,0.0,0.0
0.09331463327494438,0.09331463327494438,0.3852452038847621,0.0,0.0
0.09331463327494438,0.15552438879157382,0.38555205219829336,0.0,0.0
0.09331463327494438,0.21773414430820326,0.38601221095057003,0.0,0.0
0.09331463327494438,0.2799438998248327,0.3866255355959096,0.0,0.0
0.09331463327494438,0.3421536553414626,0.3873918198569156,0.0,0.0
0.09331463327494438,0.404363410858092,0.38831078395897267,0.0,0.0
0.09331463327494438,0.46657316637472146,0.3893820597374096,0.0,0.0
0.09331463327494438,0.5287829218913513,0.39060517249868754,0.0,0.0
0.09331463327494438,0.5909926774079808,0.39197951949901927,0.0,0.0
0.09331463327494438,0.6532024329246102,0.3935043448896213,0.0,0.0
0.09331463327494438,0.7154121884412397,0.39517871096844986,0.0,0.0
0.09331463327494438,0.7776219439578695,0.3970014655751423,0.0,0.0
0.09331463327494438,0.839831699474499,0.39897120547059534,0.0,0.0
0.09331463327494438,0.9020414549911289,0.40108623555709194,0.0,0.0
0.09331463327494438,0.9642512105077579,0.4033445238213921,0.0,0.0
0.09331463327494438,1.0264609660243877,0.40574365192430656,0.0,0.0
0.09331463327494438,1.0886707215410176,0.40828076141890834,0.0,0.0
0.09331463327494438,1.1508804770576466,0.4109524956589011,0.0,0.0
0.09331463327494438,1.2130902325742765,0.413754937562205,0.0,0.0
0.09331463327494438,1.2752999880909055,0.4166835435260767,0.0,0.0
0.09331463327494438,1.3375097436075354,0.41973307395253073,0.0,0.0
0.09331463327494438,1.3997194991241653,0.42289752103959405,0.0,0.0
0.09331463327494438,1.4619292546407943,0.42617003472746434,0.0,0.0
0.09331463327494438,1.5241390101574241,0.42954284796021996,0.0,0.0
0.09331463327494438,1.586348765674054,0.4330072027329201,0.0,0.0
0.09331463327494438,1.648558521190683,0.43655327873784305,0.0,0.0
0.09331463327494438,1.710768276707313,0.44017012679613365,0.0,0.0
0.09331463327494438,1.7729780322239428,0.44384560965208436,0.0,0.0
0.09331463327494438,1.8351877877405718,0.44756635310149184,0.0,0.0
0.09331463327494438,1.8973975432572017,0.45131771080216193,0.0,0.0
0.09331463327494438,1.9596072987738316,0.45508374644655386,0.0,0.0
0.09331463327494438,2.0218170542904605,0.4588472372302897,0.0,0.0
0.09331463327494438,2.0840268098070904,0.46258970268647104,0.0,0.0
0.09331463327494438,2.1462365653237194,0.46629146293062884,0.0,0.0
0.09331463327494438,2.2084463208403493,0.4699317301288134,0.0,0.0
0.09331463327494438,2.270656076356979,0.47348873651754075,0.0,0.0
0.09331463327494438,2.332865831873608,0.47693990153129634,0.0,0.0
0.09331463327494438,2.395075587390238,0.48026203950581997,0.0,0.0
0.09331463327494438,2.457285342906868,0.48343160801742485,0.0,0.0
0.09331463327494438,2.519495098423497,0.48642499521003657,0.0,0.0
0.09331463327494438,2.581704853940127,0.48921884250392184,0.0,0.0
0.09331463327494438,2.6439146094567567,0.49179039695976495,0.0,0.0
0.09331463327494438,2.7061243649733857,0.4941178854103973,0.0,0.0
0.09331463327494438,2.7683341204900156,0.4961809004221078,0.0,0.0
0.09331463327494438,2.8305438760066455,0.4979607863805851,0.0,0.0
0.09331463327494438,2.8927536315232745,0.4994410126912584,0.0,0.0
0.09331463327494438,2.9549633870399044,0.5006075204045909,0.0,0.0
0.09331463327494438,3.0171731425565333,0.5014490286536345,0.0,0.0
0.09331463327494438,3.0793828980731632,0.50195728819903,0.0,0.0
0.15552438879157382,-3.141592653589793,0.502807282747955,0.0,0.0
0.15552438879157382,-3.0793828980731637,0.5026366085217897,0.0,0.0
0.15552438879157382,-3.017173142556534,0.5021262847327861,0.0,0.0
0.15552438879157382,-2.9549633870399044,0.5012813680041475,0.0,0.0
0.15552438879157382,-2.892753631523275,0.5001101543998714,0.0,0.0
0.15552438879157382,-2.8305438760066455,0.49862398827428117,0.0,0.0
0.15552438879157382,-2.7683341204900156,0.496837006800849,0.0,0.0
0.15552438879157382,-2.706124364973386,0.49476583124547113,0.0,0.0
0.15552438879157382,-2.6439146094567567,0.49242921780692944,0.0,0.0
0.15552438879157382,-2.581704853940127,0.489847681759751,0.0,0.0
0.15552438879157382,-2.5194950984234974,0.48704310870725864,0.0,0.0
0.15552438879157382,-2.457285342906868,0.4840383660617489,0.0,0.0
0.15552438879157382,-2.395075587390238,0.48085692654617,0.0,0.0
0.15552438879157382,-2.3328658318736086,0.4775225137240385,0.0,0.0
0.15552438879157382,-2.270656076356979,0.4740587774918461,0.0,0.0
0.15552438879157382,-2.2084463208403498,0.47048900528531695,0.0,0.0
0.15552438879157382,-2.1462365653237203,0.4668358726110686,0.0,0.0
0.15552438879157382,-2.0840268098070904,0.4631212345411269,0.0,0.0
0.15552438879157382,-2.021817054290461,0.4593659580864175,0.0,0.0
0.15552438879157382,-1.9596072987738313,0.4555897939484057,0.0,0.0
0.15552438879157382,-1.897397543257202,0.45181128505515344,0.0,0.0
0.15552438879157382,-1.8351877877405722,0.44804770851275133,0.0,0.0
0.15552438879157382,-1.7729780322239428,0.4443150471195361,0.0,0.0
0.15552438879157382,-1.7107682767073131,0.4406279863603754,0.0,0.0
0.15552438879157382,-1.6485585211906835,0.4369999327766945,0.0,0.0
0.15552438879157382,-1.586348765674054,0.43344304974845504,0.0,0.0
0.15552438879157382,-1.5241390101574244,0.4299683069827021,0.0,0.0
0.15552438879157382,-1.461929254640795,0.4265855403398929,0.0,0.0
0.15552438879157382,-1.3997194991241653,0.42330351901029,0.0,0.0
0.15552438879157382,-1.3375097436075358,0.4201300174509616,0.0,0.0
0.15552438879157382,-1.2752999880909062,0.4170718898884076,0.0,0.0
0.15552438879157382,-1.2130902325742767,0.4141351455673657,0.0,0.0
0.15552438879157382,-1.150880477057647,0.41132502327272585,0.0,0.0
0.15552438879157382,-1.0886707215410176,0.40864606396263764,0.0,0.0
0.15552438879157382,-1.0264609660243877,0.4061021806239974,0.0,0.0
0.15552438879157382,-0.9642512105077583,0.40369672469616286,0.0,0.0
0.15552438879157382,-0.9020414549911289,0.40143254860630523,0.0,0.0
0.15552438879157382,-0.8398316994744994,0.39931206412277753,0.0,0.0
0.15552438879157382,-0.7776219439578695,0.3973372963644392,0.0,0.0
0.15552438879157382,-0.7154121884412401,0.3955099334075453,0.0,0.0
0.15552438879157382,-0.6532024329246107,0.39383137151117953,0.0,0.0
0.15552438879157382,-0.5909926774079808,0.3923027560407409,0.0,0.0
0.15552438879157382,-0.5287829218913513,0.390925018209943,0.0,0.0
0.15552438879157382,-0.4665731663747219,0.38969890778807603,0.0,0.0
0.15552438879157382,-0.40436341085809246,0.3886250219335209,0.0,0.0
0.15552438879157382,-0.3421536553414626,0.38770383031896877,0.0,0.0
0.15552438879157382,-0.27994389982483314,0.3869356967104041,0.0,0.0
0.15552438879157382,-0.2177341443082037,0.3863208971523034,0.0,0.0
0.15552438879157382,-0.15552438879157382,0.3858596348970406,0.0,0.0
0.15552438879157382,-0.09331463327494438,0.38555205219829336,0.0,0.0
0.15552438879157382,-0.03110487775831494,0.38539823906723514,0.0,0.0
0.15552438879157382,0.031104877758314498,0.38539823906723514,0.0,0.0
0.15552438879157382,0.09331463327494438,0.38555205219829336,0.0,0.0
0.15552438879157382,0.15552438879157382,0.3858596348970406,0.0,0.0
0.15552438879157382,0.21773414430820326,0.3863208971523034,0.0,0.0
0.15552438879157382,0.2799438998248327,0.3869356967104041,0.0,0.0
0.15552438879157382,0.3421536553414626,0.38770383031896877,0.0,0.0
0.15552438879157382,0.404363410858092,0.3886250219335209,0.0,0.0
0.15552438879157382,0.46657316637472146,0.38969890778807603,0.0,0.0
0.15552438879157382,0.5287829218913513,0.390925018209943,0.0,0.0
0.15552438879157382,0.5909926774079808,0.3923027560407409,0.0,0.0
0.15552438879157382,0.6532024329246102,0.39383137151117953,0.0,0.0
0.15552438879157382,0.7154121884412397,0.39550993340754526,0.0,0.0
0.15552438879157382,0.7776219439578695,0.3973372963644392,0.0,0.0
0.15552438879157382,0.839831699474499,0.39931206412277764,0.0,0.0
0.15552438879157382,0.9020414549911289,0.40143254860630523,0.0,0.0
0.15552438879157382,0.9642512105077579,0.4036967246961628,0.0,0.0
0.15552438879157382,1.0264609660243877,0.4061021806239974,0.0,0.0
0.15552438879157382,1.0886707215410176,0.40864606396263764,0.0,0.0
0.15552438879157382,1.1508804770576466,0.4113250232727258,0.0,0.0
0.15552438879157382,1.2130902325742765,0.4141351455673657,0.0,0.0
0.15552438879157382,1.2752999880909055,0.4170718898884076,0.0,0.0
0.15552438879157382,1.3375097436075354,0.4201300174509616,0.0,0.0
0.15552438879157382,1.3997194991241653,0.42330351901029,0.0,0.0
0.15552438879157382,1.4619292546407943,0.4265855403398928,0.0,0.0
0.15552438879157382,1.5241390101574241,0.4299683069827021,0.0,0.0
0.15552438879157382,1.586348765674054,0.43344304974845504,0.0,0.0
0.15552438879157382,1.648558521190683,0.43699993277669447,0.0,0.0
0.15552438879157382,1.710768276707313,0.4406279863603754,0.0,0.0
0.15552438879157382,1.7729780322239428,0.4443150471195361,0.0,0.0
0.15552438879157382,1.8351877877405718,0.4480477085127513,0.0,0.0
0.15552438879157382,1.8973975432572017,0.45181128505515344,0.0,0.0
0.15552438879157382,1.9596072987738316,0.4555897939484057,0.0,0.0
0.15552438879157382,2.0218170542904605,0.4593659580864175,0.0,0.0
0.15552438879157382,2.0840268098070904,0.4631212345411269,0.0,0.0
0.15552438879157382,2.1462365653237194,0.4668358726110685,0.0,0.0
0.15552438879157382,2.2084463208403493,0.47048900528531695,0.0,0.0
0.15552438879157382,2.270656076356979,0.4740587774918461,0.0,0.0
0.15552438879157382,2.332865831873608,0.4775225137240385,0.0,0.0
0.15552438879157382,2.395075587390238,0.48085692654617,0.0,0.0
0.15552438879157382,2.457285342906868,0.4840383660617489,0.0,0.0
0.15552438879157382,2.519495098423497,0.48704310870725864,0.0,0.0
0.15552438879157382,2.581704853940127,0.489847681759751,0.0,0.0
0.15552438879157382,2.6439146094567567,0.49242921780692944,0.0,0.0
0.15552438879157382,2.7061243649733857,0.49476583124547113,0.0,0.0
0.15552438879157382,2.7683341204900156,0.496837006800849,0.0,0.0
0.15552438879157382,2.8305438760066455,0.49862398827428117,0.0,0.0
0.15552438879157382,2.8927536315232745,0.5001101543998714,0.0,0.0
0.15552438879157382,2.9549633870399044,0.5012813680041475,0.0,0.0
0.15552438879157382,3.0171731425565333,0.5021262847327861,0.0,0.0
0.15552438879157382,3.0793828980731632,0.5026366085217897,0.0,0.0
0.21773414430820326,-3.141592653589793,0.5038291836103963,0.0,0.0
0.21773414430820326,-3.0793828980731637,0.5036574669933962,0.0,0.0
0.21773414430820326,-3.017173142556534,0.5031440306496796,0.0,0.0
0.21773414430820326,-2.9549633870399044,0.5022939745869328,0.0,0.0
0.21773414430820326,-2.892753631523275,0.5011156656408657,0.0,0.0
0.21773414430820326,-2.8305438760066455,0.49962054411388623,0.0,0.0
0.21773414430820326,-2.7683341204900156,0.4978228653857125,0.0,0.0
0.21773414430820326,-2.706124364973386,0.4957393877192019,0.0,0.0
0.21773414430820326,-2.6439146094567567,0.49338901926314466,0.0,0.0
0.21773414430820326,-2.581704853940127,0.49079243817314494,0.0,0.0
0.21773414430820326,-2.5194950984234974,0.48797169983786465,0.0,0.0
0.21773414430820326,-2.457285342906868,0.4849498444892639,0.0,0.0
0.21773414430820326,-2.395075587390238,0.481750517126584,0.0,0.0
0.21773414430820326,-2.3328658318736086,0.4783976098646022,0.0,0.0
0.21773414430820326,-2.270656076356979,0.47491493471061286,0.0,0.0
0.21773414430820326,-2.2084463208403498,0.47132593255898536,0.0,0.0
0.21773414430820326,-2.1462365653237203,0.46765342202280336,0.0,0.0
0.21773414430820326,-2.0840268098070904,0.4639193897231591,0.0,0.0
0.21773414430820326,-2.021817054290461,0.4601448219160742,0.0,0.0
0.21773414430820326,-1.9596072987738313,0.4563495759065267,0.0,0.0
0.21773414430820326,-1.897397543257202,0.4525522885980267,0.0,0.0
0.21773414430820326,-1.8351877877405722,0.4487703187474671,0.0,0.0
0.21773414430820326,-1.7729780322239428,0.44501971901189485,0.0,0.0
0.21773414430820326,-1.7107682767073131,0.4413152336470862,0.0,0.0
0.21773414430820326,-1.6485585211906835,0.43767031770159265,0.0,0.0
0.21773414430820326,-1.586348765674054,0.43409717369703477,0.0,0.0
0.21773414430820326,-1.5241390101574244,0.43060680205093343,0.0,0.0
0.21773414430820326,-1.461929254640795,0.4272090618420715,0.0,0.0
0.21773414430820326,-1.3997194991241653,0.42391273890617803,0.0,0.0
0.21773414430820326,-1.3375097436075358,0.420725618654093,0.0,0.0
0.21773414430820326,-1.2752999880909062,0.41765456140439594,0.0,0.0
0.21773414430820326,-1.2130902325742767,0.4147055784025452,0.0,0.0
0.21773414430820326,-1.150880477057647,0.41188390704867267,0.0,0.0
0.21773414430820326,-1.0886707215410176,0.4091940841703005,0.0,0.0
0.21773414430820326,-1.0264609660243877,0.4066400164516326,0.0,0.0
0.21773414430820326,-0.9642512105077583,0.4042250473674224,0.0,0.0
0.21773414430820326,-0.9020414549911289,0.4019520201681716,0.0,0.0
0.21773414430820326,-0.8398316994744994,0.39982333662716063,0.0,0.0
0.21773414430820326,-0.7776219439578695,0.39784101139181477,0.0,0.0
0.21773414430820326,-0.7154121884412401,0.3960067218857728,0.0,0.0
0.21773414430820326,-0.6532024329246107,0.3943218537873822,0.0,0.0
0.21773414430820326,-0.5909926774079808,0.3927875421687331,0.0,0.0
0.21773414430820326,-0.5287829218913513,0.39140470842003,0.0,0.0
0.21773414430820326,-0.4665731663747219,0.39017409311008167,0.0,0.0
0.21773414430820326,-0.40436341085809246,0.38909628494756016,0.0,0.0
0.21773414430820326,-0.3421536553414626,0.38817174601176313,0.0,0.0
0.21773414430820326,-0.27994389982483314,0.3874008334178216,0.0,0.0
0.21773414430820326,-0.2177341443082037,0.38678381757130226,0.0,0.0
0.21773414430820326,-0.15552438879157382,0.3863208971523034,0.0,0.0
0.21773414430820326,-0.09331463327494438,0.38601221095057003,0.0,0.0
0.21773414430820326,-0.03110487775831494,0.3858578466517874,0.0,0.0
0.21773414430820326,0.031104877758314498,0.3858578466517874,0.0,0.0
0.21773414430820326,0.09331463327494438,0.38601221095057003,0.0,0.0
0.21773414430820326,0.15552438879157382,0.3863208971523034,0.0,0.0
0.21773414430820326,0.21773414430820326,0.38678381757130226,0.0,0.0
0.21773414430820326,0.2799438998248327,0.3874008334178216,0.0,0.0
0.21773414430820326,0.3421536553414626,0.38817174601176313,0.0,0.0
0.21773414430820326,0.404363410858092,0.38909628494756016,0.0,0.0
0.21773414430820326,0.46657316637472146,0.39017409311008155,0.0,0.0
0.21773414430820326,0.5287829218913513,0.39140470842003,0.0,0.0
0.21773414430820326,0.5909926774079808,0.3927875421687331,0.0,0.0
0.21773414430820326,0.6532024329246102,0.39432185378738227,0.0,0.0
0.21773414430820326,0.7154121884412397,0.39600672188577274,0.0,0.0
0.21773414430820326,0.7776219439578695,0.39784101139181477,0.0,0.0
0.21773414430820326,0.839831699474499,0.39982333662716063,0.0,0.0
0.21773414430820326,0.9020414549911289,0.4019520201681716,0.0,0.0
0.21773414430820326,0.9642512105077579,0.4042250473674224,0.0,0.0
0.21773414430820326,1.0264609660243877,0.4066400164516326,0.0,0.0
0.21773414430820326,1.0886707215410176,0.4091940841703005,0.0,0.0
0.21773414430820326,1.1508804770576466,0.4118839070486726,0.0,0.0
0.21773414430820326,1.2130902325742765,0.4147055784025452,0.0,0.0
0.21773414430820326,1.2752999880909055,0.41765456140439594,0.0,0.0
0.21773414430820326,1.3375097436075354,0.42072561865409297,0.0,0.0
0.21773414430820326,1.3997194991241653,0.42391273890617803,0.0,0.0
0.21773414430820326,1.4619292546407943,0.4272090618420714,0.0,0.0
0.21773414430820326,1.5241390101574241,0.43060680205093343,0.0,0.0
0.21773414430820326,1.586348765674054,0.43409717369703477,0.0,0.0
0.21773414430820326,1.648558521190683,0.4376703177015926,0.0,0.0
0.21773414430820326,1.710768276707313,0.4413152336470862,0.0,0.0
0.21773414430820326,1.7729780322239428,0.44501971901189485,0.0,0.0
0.21773414430820326,1.8351877877405718,0.4487703187474671,0.0,0.0
0.21773414430820326,1.8973975432572017,0.4525522885980267,0.0,0.0
0.21773414430820326,1.9596072987738316,0.4563495759065267,0.0,0.0
0.21773414430820326,2.0218170542904605,0.4601448219160742,0.0,0.0
0.21773414430820326,2.0840268098070904,0.4639193897231591,0.0,0.0
0.21773414430820326,2.1462365653237194,0.46765342202280336,0.0,0.0
0.21773414430820326,2.2084463208403493,0.47132593255898536,0.0,0.0
0.21773414430820326,2.270656076356979,0.47491493471061286,0.0,0.0
0.21773414430820326,2.332865831873608,0.4783976098646022,0.0,0.0
0.21773414430820326,2.395075587390238,0.481750517126584,0.0,0.0
0.21773414430820326,2.457285342906868,0.4849498444892639,0.0,0.0
0.21773414430820326,2.519495098423497,0.48797169983786465,0.0,0.0
0.21773414430820326,2.581704853940127,0.49079243817314494,0.0,0.0
0.21773414430820326,2.6439146094567567,0.49338901926314466,0.0,0.0
0.21773414430820326,2.7061243649733857,0.4957393877192018,0.0,0.0
0.21773414430820326,2.7683341204900156,0.4978228653857125,0.0,0.0
0.21773414430820326,2.8305438760066455,0.49962054411388623,0.0,0.0
0.21773414430820326,2.8927536315232745,0.5011156656408657,0.0,0.0
0.21773414430820326,2.9549633870399044,0.5022939745869328,0.0,0.0
0.21773414430820326,3.0171731425565333,0.5031440306496796,0.0,0.0
0.21773414430820326,3.0793828980731632,0.5036574669933962,0.0,0.0
0.2799438998248327,-3.141592653589793,0.5051952337342006,0.0,0.0
0.2799438998248327,-3.0793828980731637,0.5050221170629998,0.0,0.0
0.2799438998248327,-3.017173142556534,0.5045045002574438,0.0,0.0
0.2799438998248327,-2.9549633870399044,0.5036475417932601,0.0,0.0
0.2799438998248327,-2.892753631523275,0.5024597038756863,0.0,0.0
0.2799438998248327,-2.8305438760066455,0.5009525560882676,0.0,0.0
0.2799438998248327,-2.7683341204900156,0.4991405130578381,0.0,0.0
0.2799438998248327,-2.706124364973386,0.49704051757345974,0.0,0.0
0.2799438998248327,-2.6439146094567567,0.49467168240379744,0.0,0.0
0.2799438998248327,-2.581704853940127,0.4920549049859661,0.0,0.0
0.2799438998248327,-2.5194950984234974,0.48921246921615147,0.0,0.0
0.2799438998248327,-2.457285342906868,0.4861676478393236,0.0,0.0
0.2799438998248327,-2.395075587390238,0.48294431755062806,0.0,0.0
0.2799438998248327,-2.3328658318736086,0.47956659705885885,0.0,0.0
0.2799438998248327,-2.270656076356979,0.4760585162107424,0.0,0.0
0.2799438998248327,-2.2084463208403498,0.4724437220148038,0.0,0.0
0.2799438998248327,-2.1462365653237203,0.46874522519426226,0.0,0.0
0.2799438998248327,-2.0840268098070904,0.46498518886593476,0.0,0.0
0.2799438998248327,-2.021817054290461,0.4611847591755545,0.0,0.0
0.2799438998248327,-1.9596072987738313,0.45736393627123917,0.0,0.0
0.2799438998248327,-1.897397543257202,0.45354148288496754,0.0,0.0
0.2799438998248327,-1.8351877877405722,0.4497348670087618,0.0,0.0
0.2799438998248327,-1.7729780322239428,0.4459602346699697,0.0,0.0
0.2799438998248327,-1.7107682767073131,0.44223240858796853,0.0,0.0
0.2799438998248327,-1.6485585211906835,0.4385649084857819,0.0,0.0
0.2799438998248327,-1.586348765674054,0.4349699889861872,0.0,0.0
0.2799438998248327,-1.5241390101574244,0.43145869129705827,0.0,0.0
0.2799438998248327,-1.461929254640795,0.4280409052440289,0.0,0.0
0.2799438998248327,-1.3997194991241653,0.4247254386054658,0.0,0.0
0.2799438998248327,-1.3375097436075358,0.42152009111735345,0.0,0.0
0.2799438998248327,-1.2752999880909062,0.4184317309227279,0.0,0.0
0.2799438998248327,-1.2130902325742767,0.41546637162645605,0.0,0.0
0.2799438998248327,-1.150880477057647,0.4126292484712531,0.0,0.0
0.2799438998248327,-1.0886707215410176,0.40992489246893227,0.0,0.0
0.2799438998248327,-1.0264609660243877,0.40735720159931493,0.0,0.0
0.2799438998248327,-0.9642512105077583,0.4049295084278372,0.0,0.0
0.2799438998248327,-0.9020414549911289,0.4026446436932155,0.0,0.0
0.2799438998248327,-0.8398316994744994,0.4005049955813088,0.0,0.0
0.2799438998248327,-0.7776219439578695,0.3985125645338992,0.0,0.0
0.2799438998248327,-0.7154121884412401,0.39666901354521217,0.0,0.0
0.2799438998248327,-0.6532024329246107,0.3949757139783316,0.0,0.0
0.2799438998248327,-0.5909926774079808,0.3934337869918402,0.0,0.0
0.2799438998248327,-0.5287829218913513,0.3920441407073516,0.0,0.0
0.2799438998248327,-0.4665731663747219,0.3908075032741449,0.0,0.0
0.2799438998248327,-0.40436341085809246,0.38972445200048933,0.0,0.0
0.2799438998248327,-0.3421536553414626,0.3887954387248103,0.0,0.0
0.2799438998248327,-0.27994389982483314,0.3880208115955207,0.0,0.0
0.2799438998248327,-0.2177341443082037,0.3874008334178216,0.0,0.0
0.2799438998248327,-0.15552438879157382,0.3869356967104041,0.0,0.0
0.2799438998248327,-0.09331463327494438,0.3866255355959096,0.0,0.0
0.2799438998248327,-0.03110487775831494,0.3864704346271432,0.0,0.0
0.2799438998248327,0.031104877758314498,0.3864704346271432,0.0,0.0
0.2799438998248327,0.09331463327494438,0.3866255355959096,0.0,0.0
0.2799438998248327,0.15552438879157382,0.3869356967104041,0.0,0.0
0.2799438998248327,0.21773414430820326,0.3874008334178216,0.0,0.0
0.2799438998248327,0.2799438998248327,0.3880208115955207,0.0,0.0
0.2799438998248327,0.3421536553414626,0.3887954387248103,0.0,0.0
0.2799438998248327,0.404363410858092,0.38972445200048933,0.0,0.0
0.2799438998248327,0.46657316637472146,0.3908075032741448,0.0,0.0
0.2799438998248327,0.5287829218913513,0.3920441407073516,0.0,0.0
0.2799438998248327,0.5909926774079808,0.3934337869918402,0.0,0.0
0.2799438998248327,0.6532024329246102,0.3949757139783317,0.0,0.0
0.2799438998248327,0.7154121884412397,0.3966690135452121,0.0,0.0
0.2799438998248327,0.7776219439578695,0.3985125645338992,0.0,0.0
0.2799438998248327,0.839831699474499,0.4005049955813088,0.0,0.0
0.2799438998248327,0.9020414549911289,0.4026446436932155,0.0,0.0
0.2799438998248327,0.9642512105077579,0.4049295084278372,0.0,0.0
0.2799438998248327,1.0264609660243877,0.40735720159931493,0.0,0.0
0.2799438998248327,1.0886707215410176,0.40992489246893227,0.0,0.0
0.2799438998248327,1.1508804770576466,0.4126292484712531,0.0,0.0
0.2799438998248327,1.2130902325742765,0.41546637162645605,0.0,0.0
0.2799438998248327,1.2752999880909055,0.4184317309227279,0.0,0.0
0.2799438998248327,1.3375097436075354,0.42152009111735345,0.0,0.0
0.2799438998248327,1.3997194991241653,0.4247254386054658,0.0,0.0
0.2799438998248327,1.4619292546407943,0.4280409052440288,0.0,0.0
0.2799438998248327,1.5241390101574241,0.43145869129705827,0.0,0.0
0.2799438998248327,1.586348765674054,0.4349699889861872,0.0,0.0
0.2799438998248327,1.648558521190683,0.4385649084857819,0.0,0.0
0.2799438998248327,1.710768276707313,0.44223240858796853,0.0,0.0
0.2799438998248327,1.7729780322239428,0.4459602346699697,0.0,0.0
0.2799438998248327,1.8351877877405718,0.4497348670087618,0.0,0.0
0.2799438998248327,1.8973975432572017,0.45354148288496754,0.0,0.0
0.2799438998248327,1.9596072987738316,0.45736393627123917,0.0,0.0
0.2799438998248327,2.0218170542904605,0.4611847591755544,0.0,0.0
0.2799438998248327,2.0840268098070904,0.46498518886593476,0.0,0.0
0.2799438998248327,2.1462365653237194,0.46874522519426226,0.0,0.0
0.2799438998248327,2.2084463208403493,0.4724437220148038,0.0,0.0
0.2799438998248327,2.270656076356979,0.4760585162107424,0.0,0.0
0.2799438998248327,2.332865831873608,0.47956659705885885,0.0,0.0
0.2799438998248327,2.395075587390238,0.48294431755062806,0.0,0.0
0.2799438998248327,2.457285342906868,0.4861676478393236,0.0,0.0
0.2799438998248327,2.519495098423497,0.48921246921615136,0.0,0.0
0.2799438998248327,2.581704853940127,0.4920549049859661,0.0,0.0
0.2799438998248327,2.6439146094567567,0.49467168240379744,0.0,0.0
0.2799438998248327,2.7061243649733857,0.49704051757345974,0.0,0.0
0.2799438998248327,2.7683341204900156,0.4991405130578381,0.0,0.0
0.2799438998248327,2.8305438760066455,0.5009525560882676,0.0,0.0
0.2799438998248327,2.8927536315232745,0.5024597038756863,0.0,0.0
0.2799438998248327,2.9549633870399044,0.5036475417932601,0.0,0.0
0.2799438998248327,3.0171731425565333,0.5045045002574438,0.0,0.0
0.2799438998248327,3.0793828980731632,0.5050221170629998,0.0,0.0
0.3421536553414626,-3.141592653589793,0.506908446032196,0.0,0.0
0.3421536553414626,-3.0793828980731637,0.5067335627784526,0.0,0.0
0.3421536553414626,-3.017173142556534,0.5062106711934681,0.0,0.0
0.3421536553414626,-2.9549633870399044,0.5053450038499632,0.0,0.0
0.3421536553414626,-2.892753631523275,0.5041451438034045,0.0,0.0
0.3421536553414626,-2.8305438760066455,0.5026228244347354,0.0,0.0
0.3421536553414626,-2.7683341204900156,0.5007926620940202,0.0,0.0
0.3421536553414626,-2.706124364973386,0.4986718332569086,0.0,0.0
0.3421536553414626,-2.6439146094567567,0.49627970974843433,0.0,0.0
0.3421536553414626,-2.581704853940127,0.49363746652869955,0.0,0.0
0.3421536553414626,-2.5194950984234974,0.49076767658056375,0.0,0.0
0.3421536553414626,-2.457285342906868,0.4876939066750943,0.0,0.0
0.3421536553414626,-2.395075587390238,0.4844403263596924,0.0,0.0
0.3421536553414626,-2.3328658318736086,0.4810313405965682,0.0,0.0
0.3421536553414626,-2.270656076356979,0.47749125426919226,0.0,0.0
0.3421536553414626,-2.2084463208403498,0.47384397445777277,0.0,0.0
0.3421536553414626,-2.1462365653237203,0.47011275412452536,0.0,0.0
0.3421536553414626,-2.0840268098070904,0.46631997877441406,0.0,0.0
0.3421536553414626,-2.021817054290461,0.46248699585757036,0.0,0.0
0.3421536553414626,-1.9596072987738313,0.4586339852080108,0.0,0.0
0.3421536553414626,-1.897397543257202,0.45477986768784584,0.0,0.0
0.3421536553414626,-1.8351877877405722,0.4509422484176383,0.0,0.0
0.3421536553414626,-1.7729780322239428,0.4471373904924786,0.0,0.0
0.3421536553414626,-1.7107682767073131,0.4433802148674746,0.0,0.0
0.3421536553414626,-1.6485585211906835,0.4396843220970842,0.0,0.0
0.3421536553414626,-1.586348765674054,0.43606203178035974,0.0,0.0
0.3421536553414626,-1.5241390101574244,0.4325244358517099,0.0,0.0
0.3421536553414626,-1.461929254640795,0.4290814622224306,0.0,0.0
0.3421536553414626,-1.3997194991241653,0.4257419456867568,0.0,0.0
0.3421536553414626,-1.3375097436075358,0.4225137034292819,0.0,0.0
0.3421536553414626,-1.2752999880909062,0.419403612886762,0.0,0.0
0.3421536553414626,-1.2130902325742767,0.41641769011119023,0.0,0.0
0.3421536553414626,-1.150880477057647,0.4135611671424373,0.0,0.0
0.3421536553414626,-1.0886707215410176,0.41083856722185014,0.0,0.0
0.3421536553414626,-1.0264609660243877,0.40825377696047294,0.0,0.0
0.3421536553414626,-0.9642512105077583,0.40581011481697044,0.0,0.0
0.3421536553414626,-0.9020414549911289,0.4035103954426312,0.0,0.0
0.3421536553414626,-0.8398316994744994,0.4013569896168585,0.0,0.0
0.3421536553414626,-0.7776219439578695,0.3993518796298553,0.0,0.0
0.3421536553414626,-0.7154121884412401,0.39749671007357634,0.0,0.0
0.3421536553414626,-0.6532024329246107,0.39579283408130783,0.0,0.0
0.3421536553414626,-0.5909926774079808,0.3942413551141125,0.0,0.0
0.3421536553414626,-0.5287829218913513,0.3928431644322677,0.0,0.0
0.3421536553414626,-0.4665731663747219,0.3915989744147885,0.0,0.0
0.3421536553414626,-0.40436341085809246,0.39050934790288644,0.0,0.0
0.3421536553414626,-0.3421536553414626,0.389574723746096,0.0,0.0
0.3421536553414626,-0.27994389982483314,0.3887954387248103,0.0,0.0
0.3421536553414626,-0.2177341443082037,0.38817174601176313,0.0,0.0
0.3421536553414626,-0.15552438879157382,0.38770383031896877,0.0,0.0
0.3421536553414626,-0.09331463327494438,0.3873918198569156,0.0,0.0
0.3421536553414626,-0.03110487775831494,0.38723579521032964,0.0,0.0
0.3421536553414626,0.031104877758314498,0.38723579521032964,0.0,0.0
0.3421536553414626,0.09331463327494438,0.3873918198569156,0.0,0.0
0.3421536553414626,0.15552438879157382,0.38770383031896877,0.0,0.0
0.3421536553414626,0.21773414430820326,0.38817174601176313,0.0,0.0
0.3421536553414626,0.2799438998248327,0.3887954387248103,0.0,0.0
0.3421536553414626,0.3421536553414626,0.389574723746096,0.0,0.0
0.3421536553414626,0.404363410858092,0.39050934790288644,0.0,0.0
0.3421536553414626,0.46657316637472146,0.39159897441478847,0.0,0.0
0.3421536553414626,0.5287829218913513,0.3928431644322677,0.0,0.0
0.3421536553414626,0.5909926774079808,0.3942413551141125,0.0,0.0
0.3421536553414626,0.6532024329246102,0.3957928340813078,0.0,0.0
0.3421536553414626,0.7154121884412397,0.3974967100735764,0.0,0.0
0.3421536553414626,0.7776219439578695,0.3993518796298553,0.0,0.0
0.3421536553414626,0.839831699474499,0.4013569896168585,0.0,0.0
0.3421536553414626,0.9020414549911289,0.4035103954426312,0.0,0.0
0.3421536553414626,0.9642512105077579,0.4058101148169704,0.0,0.0
0.3421536553414626,1.0264609660243877,0.40825377696047294,0.0,0.0
0.3421536553414626,1.0886707215410176,0.41083856722185014,0.0,0.0
0.3421536553414626,1.1508804770576466,0.4135611671424373,0.0,0.0
0.3421536553414626,1.2130902325742765,0.41641769011119023,0.0,0.0
0.3421536553414626,1.2752999880909055,0.419403612886762,0.0,0.0
0.3421536553414626,1.3375097436075354,0.4225137034292819,0.0,0.0
0.3421536553414626,1.3997194991241653,0.4257419456867568,0.0,0.0
0.3421536553414626,1.4619292546407943,0.42908146222243054,0.0,0.0
0.3421536553414626,1.5241390101574241,0.4325244358517099,0.0,0.0
0.3421536553414626,1.586348765674054,0.43606203178035974,0.0,0.0
0.3421536553414626,1.648558521190683,0.4396843220970842,0.0,0.0
0.3421536553414626,1.710768276707313,0.4433802148674746,0.0,0.0
0.3421536553414626,1.7729780322239428,0.4471373904924786,0.0,0.0
0.3421536553414626,1.8351877877405718,0.4509422484176383,0.0,0.0
0.3421536553414626,1.8973975432572017,0.45477986768784584,0.0,0.0
0.3421536553414626,1.9596072987738316,0.4586339852080108,0.0,0.0
0.3421536553414626,2.0218170542904605,0.46248699585757036,0.0,0.0
0.3421536553414626,2.0840268098070904,0.46631997877441406,0.0,0.0
0.3421536553414626,2.1462365653237194,0.47011275412452536,0.0,0.0
0.3421536553414626,2.2084463208403493,0.47384397445777277,0.0,0.0
0.3421536553414626,2.270656076356979,0.47749125426919226,0.0,0.0
0.3421536553414626,2.332865831873608,0.4810313405965682,0.0,0.0
0.3421536553414626,2.395075587390238,0.4844403263596924,0.0,0.0
0.3421536553414626,2.457285342906868,0.4876939066750943,0.0,0.0
0.3421536553414626,2.519495098423497,0.49076767658056375,0.0,0.0
0.3421536553414626,2.581704853940127,0.49363746652869955,0.0,0.0
0.3421536553414626,2.6439146094567567,0.49627970974843433,0.0,0.0
0.3421536553414626,2.7061243649733857,0.4986718332569085,0.0,0.0
0.3421536553414626,2.7683341204900156,0.5007926620940202,0.0,0.0
0.3421536553414626,2.8305438760066455,0.5026228244347354,0.0,0.0
0.3421536553414626,2.8927536315232745,0.5041451438034045,0.0,0.0
0.3421536553414626,2.9549633870399044,0.5053450038499632,0.0,0.0
0.3421536553414626,3.0171731425565333,0.5062106711934681,0.0,0.0
0.3421536553414626,3.0793828980731632,0.5067335627784526,0.0,0.0
0.404363410858092,-3.141592653589793,0.5089725852507534,0.0,0.0
0.404363410858092,-3.0793828980731637,0.5087955576512064,0.0,0.0
0.404363410858092,-3.017173142556534,0.5082662635003039,0.0,0.0
0.404363410858092,-2.9549633870399044,0.5073900257939583,0.0,0.0
0.404363410858092,-2.892753631523275,0.506175575047,0.0,0.0
0.404363410858092,-2.8305438760066455,0.5046348444657673,0.0,0.0
0.404363410858092,-2.7683341204900156,0.5027826964325284,0.0,0.0
0.404363410858092,-2.706124364973386,0.5006365923516608,0.0,0.0
0.404363410858092,-2.6439146094567567,0.4982162197940923,0.0,0.0
0.404363410858092,-2.581704853940127,0.49554309183029116,0.0,0.0
0.404363410858092,-2.5194950984234974,0.49264013347278335,0.0,0.0
0.404363410858092,-2.457285342906868,0.48953126934563457,0.0,0.0
0.404363410858092,-2.395075587390238,0.486241025210268,0.0,0.0
0.404363410858092,-2.3328658318736086,0.4827941539915803,0.0,0.0
0.404363410858092,-2.270656076356979,0.4792152946662089,0.0,0.0
0.404363410858092,-2.2084463208403498,0.47552866998848514,0.0,0.0
0.404363410858092,-2.1462365653237203,0.47175782670672306,0.0,0.0
0.404363410858092,-2.0840268098070904,0.4679254197952182,0.0,0.0
0.404363410858092,-2.021817054290461,0.46405304038773654,0.0,0.0
0.404363410858092,-1.9596072987738313,0.4601610855989066,0.0,0.0
0.404363410858092,-1.897397543257202,0.45626866727827925,0.0,0.0
0.404363410858092,-1.8351877877405722,0.45239355594706654,0.0,0.0
0.404363410858092,-1.7729780322239428,0.4485521556883669,0.0,0.0
0.404363410858092,-1.7107682767073131,0.44475950555371674,0.0,0.0
0.404363410858092,-1.6485585211906835,0.4410293030615426,0.0,0.0
0.404363410858092,-1.586348765674054,0.43737394554508263,0.0,0.0
0.404363410858092,-1.5241390101574244,0.43380458541017475,0.0,0.0
0.404363410858092,-1.461929254640795,0.43033119574411527,0.0,0.0
0.404363410858092,-1.3997194991241653,0.426962643139524,0.0,0.0
0.404363410858092,-1.3375097436075358,0.4237067650330753,0.0,0.0
0.404363410858092,-1.2752999880909062,0.4205704492862771,0.0,0.0
0.404363410858092,-1.2130902325742767,0.41755971413873266,0.0,0.0
0.404363410858092,-1.150880477057647,0.41467978703338293,0.0,0.0
0.404363410858092,-1.0886707215410176,0.411935181142379,0.0,0.0
0.404363410858092,-1.0264609660243877,0.4093297687091146,0.0,0.0
0.404363410858092,-0.9642512105077583,0.4068668505667462,0.0,0.0
0.404363410858092,-0.9020414549911289,0.40454922139815935,0.0,0.0
0.404363410858092,-0.8398316994744994,0.40237923046986357,0.0,0.0
0.404363410858092,-0.7776219439578695,0.40035883770640657,0.0,0.0
0.404363410858092,-0.7154121884412401,0.39848966507656775,0.0,0.0
0.404363410858092,-0.6532024329246107,0.39677304334176894,0.0,0.0
0.404363410858092,-0.5909926774079808,0.3952100542746484,0.0,0.0
0.404363410858092,-0.5287829218913513,0.3938015684950428,0.0,0.0
0.404363410858092,-0.4665731663747219,0.3925482790948874,0.0,0.0
0.404363410858092,-0.40436341085809246,0.3914507312355141,0.0,0.0
0.404363410858092,-0.3421536553414626,0.39050934790288644,0.0,0.0
0.404363410858092,-0.27994389982483314,0.38972445200048933,0.0,0.0
0.404363410858092,-0.2177341443082037,0.38909628494756016,0.0,0.0
0.404363410858092,-0.15552438879157382,0.3886250219335209,0.0,0.0
0.404363410858092,-0.09331463327494438,0.38831078395897267,0.0,0.0
0.404363410858092,-0.03110487775831494,0.3881536467703846,0.0,0.0
0.404363410858092,0.031104877758314498,0.3881536467703846,0.0,0.0
0.404363410858092,0.09331463327494438,0.38831078395897267,0.0,0.0
0.404363410858092,0.15552438879157382,0.3886250219335209,0.0,0.0
0.404363410858092,0.21773414430820326,0.38909628494756016,0.0,0.0
0.404363410858092,0.2799438998248327,0.38972445200048933,0.0,0.0
0.404363410858092,0.3421536553414626,0.39050934790288644,0.0,0.0
0.404363410858092,0.404363410858092,0.3914507312355141,0.0,0.0
0.404363410858092,0.46657316637472146,0.3925482790948874,0.0,0.0
0.404363410858092,0.5287829218913513,0.3938015684950428,0.0,0.0
0.404363410858092,0.5909926774079808,0.3952100542746484,0.0,0.0
0.404363410858092,0.6532024329246102,0.39677304334176894,0.0,0.0
0.404363410858092,0.7154121884412397,0.3984896650765677,0.0,0.0
0.404363410858092,0.7776219439578695,0.40035883770640657,0.0,0.0
0.404363410858092,0.839831699474499,0.4023792304698635,0.0,0.0
0.404363410858092,0.9020414549911289,0.40454922139815935,0.0,0.0
0.404363410858092,0.9642512105077579,0.40686685056674615,0.0,0.0
0.404363410858092,1.0264609660243877,0.4093297687091146,0.0,0.0
0.404363410858092,1.0886707215410176,0.411935181142379,0.0,0.0
0.404363410858092,1.1508804770576466,0.41467978703338293,0.0,0.0
0.404363410858092,1.2130902325742765,0.4175597141387326,0.0,0.0
0.404363410858092,1.2752999880909055,0.4205704492862771,0.0,0.0
0.404363410858092,1.3375097436075354,0.4237067650330753,0.0,0.0
0.404363410858092,1.3997194991241653,0.426962643139524,0.0,0.0
0.404363410858092,1.4619292546407943,0.43033119574411527,0.0,0.0
0.404363410858092,1.5241390101574241,0.43380458541017475,0.0,0.0
0.404363410858092,1.586348765674054,0.43737394554508263,0.0,0.0
0.404363410858092,1.648558521190683,0.4410293030615426,0.0,0.0
0.404363410858092,1.710768276707313,0.4447595055537166,0.0,0.0
0.404363410858092,1.7729780322239428,0.4485521556883669,0.0,0.0
0.404363410858092,1.8351877877405718,0.45239355594706654,0.0,0.0
0.404363410858092,1.8973975432572017,0.45626866727827925,0.0,0.0
0.404363410858092,1.9596072987738316,0.46016108559890667,0.0,0.0
0.404363410858092,2.0218170542904605,0.46405304038773654,0.0,0.0
0.404363410858092,2.0840268098070904,0.4679254197952182,0.0,0.0
0.404363410858092,2.1462365653237194,0.47175782670672295,0.0,0.0
0.404363410858092,2.2084463208403493,0.47552866998848514,0.0,0.0
0.404363410858092,2.270656076356979,0.4792152946662089,0.0,0.0
0.404363410858092,2.332865831873608,0.48279415399158027,0.0,0.0
0.404363410858092,2.395075587390238,0.486241025210268,0.0,0.0
0.404363410858092,2.457285342906868,0.48953126934563457,0.0,0.0
0.404363410858092,2.519495098423497,0.49264013347278335,0.0,0.0
0.404363410858092,2.581704853940127,0.49554309183029116,0.0,0.0
0.404363410858092,2.6439146094567567,0.4982162197940923,0.0,0.0
0.404363410858092,2.7061243649733857,0.5006365923516608,0.0,0.0
0.404363410858092,2.7683341204900156,0.5027826964325284,0.0,0.0
0.404363410858092,2.8305438760066455,0.5046348444657673,0.0,0.0
0.404363410858092,2.8927536315232745,0.506175575047,0.0,0.0
0.404363410858092,2.9549633870399044,0.5073900257939583,0.0,0.0
0.404363410858092,3.0171731425565333,0.5082662635003039,0.0,0.0
0.404363410858092,3.0793828980731632,0.5087955576512064,0.0,0.0
0.46657316637472146,-3.141592653589793,0.5113921657952769,0.0,0.0
0.46657316637472146,-3.0793828980731637,0.511212602378189,0.0,0.0
0.46657316637472146,-3.017173142556534,0.5106757370403511,0.0,0.0
0.46657316637472146,-2.9549633870399044,0.5097870003869134,0.0,0.0
0.46657316637472146,-2.892753631523275,0.5085552983923818,0.0,0.0
0.46657316637472146,-2.8305438760066455,0.50699280197938,0.0,0.0
0.46657316637472146,-2.7683341204900156,0.505114666128624,0.0,0.0
0.46657316637472146,-2.706124364973386,0.5029386909772513,0.0,0.0
0.46657316637472146,-2.6439146094567567,0.5004849393017783,0.0,0.0
0.46657316637472146,-2.581704853940127,0.49777532575173433,0.0,0.0
0.46657316637472146,-2.5194950984234974,0.49483319321209884,0.0,0.0
0.46657316637472146,-2.457285342906868,0.4916828908212867,0.0,0.0
0.46657316637472146,-2.395075587390238,0.48834936661385303,0.0,0.0
0.46657316637472146,-2.3328658318736086,0.4848577856891906,0.0,0.0
0.46657316637472146,-2.270656076356979,0.4812331824384411,0.0,0.0
0.46657316637472146,-2.2084463208403498,0.4775001528916081,0.0,0.0
0.46657316637472146,-2.1462365653237203,0.4736825908489073,0.0,0.0
0.46657316637472146,-2.0840268098070904,0.4698034692707625,0.0,0.0
0.46657316637472146,-2.021817054290461,0.4658846665135555,0.0,0.0
0.46657316637472146,-1.9596072987738313,0.46194683546609955,0.0,0.0
0.46657316637472146,-1.897397543257202,0.45800931248127996,0.0,0.0
0.46657316637472146,-1.8351877877405722,0.4540900621956805,0.0,0.0
0.46657316637472146,-1.7729780322239428,0.4502056538535834,0.0,0.0
0.46657316637472146,-1.7107682767073131,0.44637126455369297,0.0,0.0
0.46657316637472146,-1.6485585211906835,0.4426007048643902,0.0,0.0
0.46657316637472146,-1.586348765674054,0.4389064624527678,0.0,0.0
0.46657316637472146,-1.5241390101574244,0.43529975969401075,0.0,0.0
0.46657316637472146,-1.461929254640795,0.4317906216267127,0.0,0.0
0.46657316637472146,-1.3997194991241653,0.4283879510595124,0.0,0.0
0.46657316637472146,-1.3375097436075358,0.42509960808567093,0.0,0.0
0.46657316637472146,-1.2752999880909062,0.4219324917028042,0.0,0.0
0.46657316637472146,-1.2130902325742767,0.4188926216493629,0.0,0.0
0.46657316637472146,-1.150880477057647,0.41598521894757035,0.0,0.0
0.46657316637472146,-1.0886707215410176,0.41321478397879136,0.0,0.0
0.46657316637472146,-1.0264609660243877,0.41058517120960086,0.0,0.0
0.46657316637472146,-0.9642512105077583,0.4080996599355466,0.0,0.0
0.46657316637472146,-0.9020414549911289,0.4057610206169319,0.0,0.0
0.46657316637472146,-0.8398316994744994,0.40357157655016984,0.0,0.0
0.46657316637472146,-0.7776219439578695,0.4015332607532688,0.0,0.0
0.46657316637472146,-0.7154121884412401,0.39964766804897467,0.0,0.0
0.46657316637472146,-0.6532024329246107,0.39791610240810926,0.0,0.0
0.46657316637472146,-0.5909926774079808,0.3963396196726568,0.0,0.0
0.46657316637472146,-0.5287829218913513,0.3949190658167339,0.0,0.0
0.46657316637472146,-0.4665731663747219,0.3936551109269756,0.0,0.0
0.46657316637472146,-0.40436341085809246,0.39254827909488743,0.0,0.0
0.46657316637472146,-0.3421536553414626,0.39159897441478847,0.0,0.0
0.46657316637472146,-0.27994389982483314,0.3908075032741448,0.0,0.0
0.46657316637472146,-0.2177341443082037,0.3901740931100816,0.0,0.0
0.46657316637472146,-0.15552438879157382,0.38969890778807603,0.0,0.0
0.46657316637472146,-0.09331463327494438,0.3893820597374096,0.0,0.0
0.46657316637472146,-0.03110487775831494,0.3892236189538357,0.0,0.0
0.46657316637472146,0.031104877758314498,0.3892236189538357,0.0,0.0
0.46657316637472146,0.09331463327494438,0.3893820597374096,0.0,0.0
0.46657316637472146,0.15552438879157382,0.38969890778807603,0.0,0.0
0.46657316637472146,0.21773414430820326,0.39017409311008155,0.0,0.0
0.46657316637472146,0.2799438998248327,0.3908075032741448,0.0,0.0
0.46657316637472146,0.3421536553414626,0.39159897441478847,0.0,0.0
0.46657316637472146,0.404363410858092,0.3925482790948874,0.0,0.0
0.46657316637472146,0.46657316637472146,0.3936551109269756,0.0,0.0
0.46657316637472146,0.5287829218913513,0.3949190658167339,0.0,0.0
0.46657316637472146,0.5909926774079808,0.3963396196726568,0.0,0.0
0.46657316637472146,0.6532024329246102,0.39791610240810926,0.0,0.0
0.46657316637472146,0.7154121884412397,0.39964766804897467,0.0,0.0
0.46657316637472146,0.7776219439578695,0.4015332607532688,0.0,0.0
0.46657316637472146,0.839831699474499,0.40357157655016984,0.0,0.0
0.46657316637472146,0.9020414549911289,0.4057610206169319,0.0,0.0
0.46657316637472146,0.9642512105077579,0.40809965993554653,0.0,0.0
0.46657316637472146,1.0264609660243877,0.41058517120960086,0.0,0.0
0.46657316637472146,1.0886707215410176,0.41321478397879136,0.0,0.0
0.46657316637472146,1.1508804770576466,0.41598521894757035,0.0,0.0
0.46657316637472146,1.2130902325742765,0.4188926216493629,0.0,0.0
0.46657316637472146,1.2752999880909055,0.42193249170280417,0.0,0.0
0.46657316637472146,1.3375097436075354,0.42509960808567093,0.0,0.0
0.46657316637472146,1.3997194991241653,0.4283879510595124,0.0,0.0
0.46657316637472146,1.4619292546407943,0.4317906216267126,0.0,0.0
0.46657316637472146,1.5241390101574241,0.43529975969401075,0.0,0.0
0.46657316637472146,1.586348765674054,0.4389064624527678,0.0,0.0
0.46657316637472146,1.648558521190683,0.4426007048643902,0.0,0.0
0.46657316637472146,1.710768276707313,0.44637126455369297,0.0,0.0
0.46657316637472146,1.7729780322239428,0.4502056538535834,0.0,0.0
0.46657316637472146,1.8351877877405718,0.4540900621956805,0.0,0.0
0.46657316637472146,1.8973975432572017,0.4580093124812799,0.0,0.0
0.46657316637472146,1.9596072987738316,0.46194683546609955,0.0,0.0
0.46657316637472146,2.0218170542904605,0.4658846665135554,0.0,0.0
0.46657316637472146,2.0840268098070904,0.4698034692707625,0.0,0.0
0.46657316637472146,2.1462365653237194,0.4736825908489073,0.0,0.0
0.46657316637472146,2.2084463208403493,0.4775001528916081,0.0,0.0
0.46657316637472146,2.270656076356979,0.4812331824384411,0.0,0.0
0.46657316637472146,2.332865831873608,0.4848577856891905,0.0,0.0
0.46657316637472146,2.395075587390238,0.48834936661385303,0.0,0.0
0.46657316637472146,2.457285342906868,0.4916828908212867,0.0,0.0
0.46657316637472146,2.519495098423497,0.4948331932120988,0.0,0.0
0.46657316637472146,2.581704853940127,0.49777532575173433,0.0,0.0
0.46657316637472146,2.6439146094567567,0.5004849393017783,0.0,0.0
0.46657316637472146,2.7061243649733857,0.5029386909772512,0.0,0.0
0.46657316637472146,2.7683341204900156,0.505114666128624,0.0,0.0
0.46657316637472146,2.8305438760066455,0.50699280197938,0.0,0.0
0.46657316637472146,2.8927536315232745,0.5085552983923818,0.0,0.0
0.46657316637472146,2.9549633870399044,0.5097870003869134,0.0,0.0
0.46657316637472146,3.0171731425565333,0.5106757370403511,0.0,0.0
0.46657316637472146,3.0793828980731632,0.511212602378189,0.0,0.0
0.5287829218913513,-3.141592653589793,0.5141724478127041,0.0,0.0
0.5287829218913513,-3.0793828980731637,0.5139899407989562,0.0,0.0
0.5287829218913513,-3.017173142556534,0.5134442870814977,0.0,0.0
0.5287829218913513,-2.9549633870399044,0.5125410430965209,0.0,0.0
0.5287829218913513,-2.892753631523275,0.511289319953719,0.0,0.0
0.5287829218913513,-2.8305438760066455,0.5097015664249278,0.0,0.0
0.5287829218913513,-2.7683341204900156,0.5077932793703165,0.0,0.0
0.5287829218913513,-2.706124364973386,0.5055826545422074,0.0,0.0
0.5287829218913513,-2.6439146094567567,0.5030901927075125,0.0,0.0
0.5287829218913513,-2.581704853940127,0.5003382770176906,0.0,0.0
0.5287829218913513,-2.5194950984234974,0.4973507375442345,0.0,0.0
0.5287829218913513,-2.457285342906868,0.49415241798865056,0.0,0.0
0.5287829218913513,-2.395075587390238,0.49076875793513824,0.0,0.0
0.5287829218913513,-2.3328658318736086,0.4872254018479485,0.0,0.0
0.5287829218913513,-2.270656076356979,0.4835478435430589,0.0,0.0
0.5287829218913513,-2.2084463208403498,0.4797611122942221,0.0,0.0
0.5287829218913513,-2.1462365653237203,0.47588950424694426,0.0,0.0
0.5287829218913513,-2.0840268098070904,0.471956360551091,0.0,0.0
0.5287829218913513,-2.021817054290461,0.4679838916798288,0.0,0.0
0.5287829218913513,-1.9596072987738313,0.46399304583253853,0.0,0.0
0.5287829218913513,-1.897397543257202,0.46000341813735335,0.0,0.0
0.5287829218913513,-1.8351877877405722,0.4560331965600219,0.0,0.0
0.5287829218913513,-1.7729780322239428,0.45209913995335466,0.0,0.0
0.5287829218913513,-1.7107682767073131,0.44821658349577664,0.0,0.0
0.5287829218913513,-1.6485585211906835,0.44439946681279524,0.0,0.0
0.5287829218913513,-1.586348765674054,0.44066038029552534,0.0,0.0
0.5287829218913513,-1.5241390101574244,0.4370106254737187,0.0,0.0
0.5287829218913513,-1.461929254640795,0.433460285721328,0.0,0.0
0.5287829218913513,-1.3997194991241653,0.43001830403253083,0.0,0.0
0.5287829218913513,-1.3375097436075358,0.4266925650753383,0.0,0.0
0.5287829218913513,-1.2752999880909062,0.4234899791860199,0.0,0.0
0.5287829218913513,-1.2130902325742767,0.42041656639490876,0.0,0.0
0.5287829218913513,-1.150880477057647,0.4174775389627603,0.0,0.0
0.5287829218913513,-1.0886707215410176,0.41467738125131676,0.0,0.0
0.5287829218913513,-1.0264609660243877,0.41201992605022847,0.0,0.0
0.5287829218913513,-0.9642512105077583,0.4095084267356935,0.0,0.0
0.5287829218913513,-0.9020414549911289,0.4071456248465546,0.0,0.0
0.5287829218913513,-0.8398316994744994,0.4049338128347001,0.0,0.0
0.5287829218913513,-0.7776219439578695,0.40287489188259845,0.0,0.0
0.5287829218913513,-0.7154121884412401,0.400970424786022,0.0,0.0
0.5287829218913513,-0.6532024329246107,0.3992216839787819,0.0,0.0
0.5287829218913513,-0.5909926774079808,0.3976296948326739,0.0,0.0
0.5287829218913513,-0.5287829218913513,0.39619527440354446,0.0,0.0
0.5287829218913513,-0.4665731663747219,0.3949190658167339,0.0,0.0
0.5287829218913513,-0.40436341085809246,0.3938015684950428,0.0,0.0
0.5287829218913513,-0.3421536553414626,0.3928431644322677,0.0,0.0
0.5287829218913513,-0.27994389982483314,0.3920441407073516,0.0,0.0
0.5287829218913513,-0.2177341443082037,0.39140470842003006,0.0,0.0
0.5287829218913513,-0.15552438879157382,0.390925018209943,0.0,0.0
0.5287829218913513,-0.09331463327494438,0.39060517249868754,0.0,0.0
0.5287829218913513,-0.03110487775831494,0.390445234569117,0.0,0.0
0.5287829218913513,0.031104877758314498,0.390445234569117,0.0,0.0
0.5287829218913513,0.09331463327494438,0.39060517249868754,0.0,0.0
0.5287829218913513,0.15552438879157382,0.390925018209943,0.0,0.0
0.5287829218913513,0.21773414430820326,0.39140470842003,0.0,0.0
0.5287829218913513,0.2799438998248327,0.3920441407073516,0.0,0.0
0.5287829218913513,0.3421536553414626,0.3928431644322677,0.0,0.0
0.5287829218913513,0.404363410858092,0.3938015684950428,0.0,0.0
0.5287829218913513,0.46657316637472146,0.3949190658167339,0.0,0.0
0.5287829218913513,0.5287829218913513,0.39619527440354446,0.0,0.0
0.5287829218913513,0.5909926774079808,0.3976296948326739,0.0,0.0
0.5287829218913513,0.6532024329246102,0.3992216839787819,0.0,0.0
0.5287829218913513,0.7154121884412397,0.400970424786022,0.0,0.0
0.5287829218913513,0.7776219439578695,0.40287489188259845,0.0,0.0
0.5287829218913513,0.839831699474499,0.4049338128347001,0.0,0.0
0.5287829218913513,0.9020414549911289,0.4071456248465546,0.0,0.0
0.5287829218913513,0.9642512105077579,0.40950842673569343,0.0,0.0
0.5287829218913513,1.0264609660243877,0.41201992605022847,0.0,0.0
0.5287829218913513,1.0886707215410176,0.41467738125131676,0.0,0.0
0.5287829218913513,1.1508804770576466,0.4174775389627603,0.0,0.0
0.5287829218913513,1.2130902325742765,0.42041656639490876,0.0,0.0
0.5287829218913513,1.2752999880909055,0.4234899791860199,0.0,0.0
0.5287829218913513,1.3375097436075354,0.4266925650753383,0.0,0.0
0.5287829218913513,1.3997194991241653,0.43001830403253083,0.0,0.0
0.5287829218913513,1.4619292546407943,0.43346028572132794,0.0,0.0
0.5287829218913513,1.5241390101574241,0.4370106254737187,0.0,0.0
0.5287829218913513,1.586348765674054,0.44066038029552534,0.0,0.0
0.5287829218913513,1.648558521190683,0.44439946681279524,0.0,0.0
0.5287829218913513,1.710768276707313,0.4482165834957766,0.0,0.0
0.5287829218913513,1.7729780322239428,0.45209913995335466,0.0,0.0
0.5287829218913513,1.8351877877405718,0.4560331965600219,0.0,0.0
0.5287829218913513,1.8973975432572017,0.46000341813735335,0.0,0.0
0.5287829218913513,1.9596072987738316,0.46399304583253853,0.0,0.0
0.5287829218913513,2.0218170542904605,0.4679838916798287,0.0,0.0
0.5287829218913513,2.0840268098070904,0.471956360551091,0.0,0.0
0.5287829218913513,2.1462365653237194,0.47588950424694415,0.0,0.0
0.5287829218913513,2.2084463208403493,0.4797611122942221,0.0,0.0
0.5287829218913513,2.270656076356979,0.4835478435430589,0.0,0.0
0.5287829218913513,2.332865831873608,0.4872254018479485,0.0,0.0
0.5287829218913513,2.395075587390238,0.49076875793513824,0.0,0.0
0.5287829218913513,2.457285342906868,0.49415241798865056,0.0,0.0
0.5287829218913513,2.519495098423497,0.4973507375442345,0.0,0.0
0.5287829218913513,2.581704853940127,0.5003382770176906,0.0,0.0
0.5287829218913513,2.6439146094567567,0.5030901927075125,0.0,0.0
0.5287829218913513,2.7061243649733857,0.5055826545422074,0.0,0.0
0.5287829218913513,2.7683341204900156,0.5077932793703165,0.0,0.0
0.5287829218913513,2.8305438760066455,0.5097015664249278,0.0,0.0
0.5287829218913513,2.8927536315232745,0.511289319953719,0.0,0.0
0.5287829218913513,2.9549633870399044,0.5125410430965209,0.0,0.0
0.5287829218913513,3.0171731425565333,0.5134442870814976,0.0,0.0
0.5287829218913513,3.0793828980731632,0.5139899407989562,0.0,0.0
0.5909926774079808,-3.141592653589793,0.51731943073458,0.0,0.0
0.5909926774079808,-3.0793828980731637,0.5171335532913296,0.0,0.0
0.5909926774079808,-3.017173142556534,0.5165778372559303,0.0,0.0
0.5909926774079808,-2.9549633870399044,0.5156579843451942,0.0,0.0
0.5909926774079808,-2.892753631523275,0.5143833424644592,0.0,0.0
0.5909926774079808,-2.8305438760066455,0.5127666810226682,0.0,0.0
0.5909926774079808,-2.7683341204900156,0.5108238912525703,0.0,0.0
0.5909926774079808,-2.706124364973386,0.508573625042734,0.0,0.0
0.5909926774079808,-2.6439146094567567,0.5060368878606516,0.0,0.0
0.5909926774079808,-2.581704853940127,0.503236602354371,0.0,0.0
0.5909926774079808,-2.5194950984234974,0.5001971591809826,0.0,0.0
0.5909926774079808,-2.457285342906868,0.4969439706324018,0.0,0.0
0.5909926774079808,-2.395075587390238,0.4935030408895211,0.0,0.0
0.5909926774079808,-2.3328658318736086,0.48990056445357094,0.0,0.0
0.5909926774079808,-2.270656076356979,0.48616256170978855,0.0,0.0
0.5909926774079808,-2.2084463208403498,0.482314557892598,0.0,0.0
0.5909926774079808,-2.1462365653237203,0.47838130913177274,0.0,0.0
0.5909926774079808,-2.0840268098070904,0.4743865769112592,0.0,0.0
0.5909926774079808,-2.021817054290461,0.4703529502651849,0.0,0.0
0.5909926774079808,-1.9596072987738313,0.466301713422272,0.0,0.0
0.5909926774079808,-1.897397543257202,0.4622527554039205,0.0,0.0
0.5909926774079808,-1.8351877877405722,0.4582245172647999,0.0,0.0
0.5909926774079808,-1.7729780322239428,0.4542339721979159,0.0,0.0
0.5909926774079808,-1.7107682767073131,0.45029663355552024,0.0,0.0
0.5909926774079808,-1.6485585211906835,0.44642658590389034,0.0,0.0
0.5909926774079808,-1.586348765674054,0.4426365344751151,0.0,0.0
0.5909926774079808,-1.5241390101574244,0.4389378687481828,0.0,0.0
0.5909926774079808,-1.461929254640795,0.43534073633747716,0.0,0.0
0.5909926774079808,-1.3997194991241653,0.4318541238500628,0.0,0.0
0.5909926774079808,-1.3375097436075358,0.42848594186316324,0.0,0.0
0.5909926774079808,-1.2752999880909062,0.42524311164722534,0.0,0.0
0.5909926774079808,-1.2130902325742767,0.42213165170217765,0.0,0.0
0.5909926774079808,-1.150880477057647,0.41915676257508233,0.0,0.0
0.5909926774079808,-1.0886707215410176,0.4163229087812015,0.0,0.0
0.5909926774079808,-1.0264609660243877,0.41363389695600217,0.0,0.0
0.5909926774079808,-0.9642512105077583,0.41109294962385673,0.0,0.0
0.5909926774079808,-0.9020414549911289,0.408702774182941,0.0,0.0
0.5909926774079808,-0.8398316994744994,0.4064656268789865,0.0,0.0
0.5909926774079808,-0.7776219439578695,0.4043833716775293,0.0,0.0
0.5909926774079808,-0.7154121884412401,0.4024575340497302,0.0,0.0
0.5909926774079808,-0.6532024329246107,0.4006893497652346,0.0,0.0
0.5909926774079808,-0.5909926774079808,0.399079808841127,0.0,0.0
0.5909926774079808,-0.5287829218913513,0.3976296948326739,0.0,0.0
0.5909926774079808,-0.4665731663747219,0.3963396196726568,0.0,0.0
0.5909926774079808,-0.40436341085809246,0.39521005427464845,0.0,0.0
0.5909926774079808,-0.3421536553414626,0.3942413551141125,0.0,0.0
0.5909926774079808,-0.27994389982483314,0.3934337869918402,0.0,0.0
0.5909926774079808,-0.2177341443082037,0.39278754216873313,0.0,0.0
0.5909926774079808,-0.15552438879157382,0.3923027560407409,0.0,0.0
0.5909926774079808,-0.09331463327494438,0.39197951949901927,0.0,0.0
0.5909926774079808,-0.03110487775831494,0.3918178880940239,0.0,0.0
0.5909926774079808,0.031104877758314498,0.3918178880940239,0.0,0.0
0.5909926774079808,0.09331463327494438,0.39197951949901927,0.0,0.0
0.5909926774079808,0.15552438879157382,0.3923027560407409,0.0,0.0
0.5909926774079808,0.21773414430820326,0.3927875421687331,0.0,0.0
0.5909926774079808,0.2799438998248327,0.3934337869918402,0.0,0.0
0.5909926774079808,0.3421536553414626,0.3942413551141125,0.0,0.0
0.5909926774079808,0.404363410858092,0.3952100542746484,0.0,0.0
0.5909926774079808,0.46657316637472146,0.3963396196726568,0.0,0.0
0.5909926774079808,0.5287829218913513,0.3976296948326739,0.0,0.0
0.5909926774079808,0.5909926774079808,0.399079808841127,0.0,0.0
0.5909926774079808,0.6532024329246102,0.4006893497652346,0.0,0.0
0.5909926774079808,0.7154121884412397,0.4024575340497302,0.0,0.0
0.5909926774079808,0.7776219439578695,0.4043833716775293,0.0,0.0
0.5909926774079808,0.839831699474499,0.40646562687898646,0.0,0.0
0.5909926774079808,0.9020414549911289,0.408702774182941,0.0,0.0
0.5909926774079808,0.9642512105077579,0.41109294962385673,0.0,0.0
0.5909926774079808,1.0264609660243877,0.41363389695600217,0.0,0.0
0.5909926774079808,1.0886707215410176,0.4163229087812015,0.0,0.0
0.5909926774079808,1.1508804770576466,0.41915676257508233,0.0,0.0
0.5909926774079808,1.2130902325742765,0.42213165170217765,0.0,0.0
0.5909926774079808,1.2752999880909055,0.4252431116472253,0.0,0.0
0.5909926774079808,1.3375097436075354,0.42848594186316324,0.0,0.0
0.5909926774079808,1.3997194991241653,0.4318541238500628,0.0,0.0
0.5909926774079808,1.4619292546407943,0.43534073633747716,0.0,0.0
0.5909926774079808,1.5241390101574241,0.43893786874818275,0.0,0.0
0.5909926774079808,1.586348765674054,0.4426365344751151,0.0,0.0
0.5909926774079808,1.648558521190683,0.44642658590389034,0.0,0.0
0.5909926774079808,1.710768276707313,0.4502966335555202,0.0,0.0
0.5909926774079808,1.7729780322239428,0.4542339721979159,0.0,0.0
0.5909926774079808,1.8351877877405718,0.4582245172647999,0.0,0.0
0.5909926774079808,1.8973975432572017,0.4622527554039205,0.0,0.0
0.5909926774079808,1.9596072987738316,0.4663017134222721,0.0,0.0
0.5909926774079808,2.0218170542904605,0.4703529502651849,0.0,0.0
0.5909926774079808,2.0840268098070904,0.4743865769112592,0.0,0.0
0.5909926774079808,2.1462365653237194,0.4783813091317726,0.0,0.0
0.5909926774079808,2.2084463208403493,0.482314557892598,0.0,0.0
0.5909926774079808,2.270656076356979,0.48616256170978855,0.0,0.0
0.5909926774079808,2.332865831873608,0.48990056445357094,0.0,0.0
0.5909926774079808,2.395075587390238,0.4935030408895211,0.0,0.0
0.5909926774079808,2.457285342906868,0.4969439706324018,0.0,0.0
0.5909926774079808,2.519495098423497,0.5001971591809825,0.0,0.0
0.5909926774079808,2.581704853940127,0.503236602354371,0.0,0.0
0.5909926774079808,2.6439146094567567,0.5060368878606516,0.0,0.0
0.5909926774079808,2.7061243649733857,0.508573625042734,0.0,0.0
0.5909926774079808,2.7683341204900156,0.5108238912525703,0.0,0.0
0.5909926774079808,2.8305438760066455,0.5127666810226682,0.0,0.0
0.5909926774079808,2.8927536315232745,0.5143833424644592,0.0,0.0
0.5909926774079808,2.9549633870399044,0.5156579843451942,0.0,0.0
0.5909926774079808,3.0171731425565333,0.5165778372559303,0.0,0.0
0.5909926774079808,3.0793828980731632,0.5171335532913296,0.0,0.0
0.6532024329246102,-3.141592653589793,0.5208398432789718,0.0,0.0
0.6532024329246102,-3.0793828980731637,0.520650146603554,0.0,0.0
0.6532024329246102,-3.017173142556534,0.5200830288895495,0.0,0.0
0.6532024329246102,-2.9549633870399044,0.5191443580229229,0.0,0.0
0.6532024329246102,-2.892753631523275,0.5178437526904001,0.0,0.0
0.6532024329246102,-2.8305438760066455,0.5161943488339364,0.0,0.0
0.6532024329246102,-2.7683341204900156,0.5142124883087189,0.0,0.0
0.6532024329246102,-2.706124364973386,0.5119173439111891,0.0,0.0
0.6532024329246102,-2.6439146094567567,0.5093304970986511,0.0,0.0
0.6532024329246102,-2.581704853940127,0.506475485752312,0.0,0.0
0.6532024329246102,-2.5194950984234974,0.5033773392620672,0.0,0.0
0.6532024329246102,-2.457285342906868,0.5000621171516676,0.0,0.0
0.6532024329246102,-2.395075587390238,0.4965564656074559,0.0,0.0
0.6532024329246102,-2.3328658318736086,0.49288720385566226,0.0,0.0
0.6532024329246102,-2.270656076356979,0.48908094959791637,0.0,0.0
0.6532024329246102,-2.2084463208403498,0.48516378989362235,0.0,0.0
0.6532024329246102,-2.1462365653237203,0.4811610011687877,0.0,0.0
0.6532024329246102,-2.0840268098070904,0.4770968195854897,0.0,0.0
0.6532024329246102,-2.021817054290461,0.4729942609258529,0.0,0.0
0.6532024329246102,-1.9596072987738313,0.4688749874823975,0.0,0.0
0.6532024329246102,-1.897397543257202,0.4647592182143533,0.0,0.0
0.6532024329246102,-1.8351877877405722,0.46066567760580707,0.0,0.0
0.6532024329246102,-1.7729780322239428,0.4566115782023413,0.0,0.0
0.6532024329246102,-1.7107682767073131,0.45261263165072796,0.0,0.0
0.6532024329246102,-1.6485585211906835,0.4486830831583684,0.0,0.0
0.6532024329246102,-1.586348765674054,0.44483576456343493,0.0,0.0
0.6532024329246102,-1.5241390101574244,0.4410821616060147,0.0,0.0
0.6532024329246102,-1.461929254640795,0.4374324914656122,0.0,0.0
0.6532024329246102,-1.3997194991241653,0.4338957871406183,0.0,0.0
0.6532024329246102,-1.3375097436075358,0.43047998575925844,0.0,0.0
0.6532024329246102,-1.2752999880909062,0.42719201840595034,0.0,0.0
0.6532024329246102,-1.2130902325742767,0.42403789950611676,0.0,0.0
0.6532024329246102,-1.150880477057647,0.4210228142266311,0.0,0.0
0.6532024329246102,-1.0886707215410176,0.4181512027133816,0.0,0.0
0.6532024329246102,-1.0264609660243877,0.41542684030075466,0.0,0.0
0.6532024329246102,-0.9642512105077583,0.4128529130916057,0.0,0.0
0.6532024329246102,-0.9020414549911289,0.410432088523701,0.0,0.0
0.6532024329246102,-0.8398316994744994,0.4081665807139376,0.0,0.0
0.6532024329246102,-0.7776219439578695,0.4060582105096282,0.0,0.0
0.6532024329246102,-0.7154121884412401,0.40410846028168984,0.0,0.0
0.6532024329246102,-0.6532024329246107,0.4023185235724312,0.0,0.0
0.6532024329246102,-0.5909926774079808,0.4006893497652346,0.0,0.0
0.6532024329246102,-0.5287829218913513,0.3992216839787819,0.0,0.0
0.6532024329246102,-0.4665731663747219,0.3979161024081093,0.0,0.0
0.6532024329246102,-0.40436341085809246,0.39677304334176894,0.0,0.0
0.6532024329246102,-0.3421536553414626,0.3957928340813078,0.0,0.0
0.6532024329246102,-0.27994389982483314,0.3949757139783316,0.0,0.0
0.6532024329246102,-0.2177341443082037,0.3943218537873822,0.0,0.0
0.6532024329246102,-0.15552438879157382,0.39383137151117953,0.0,0.0
0.6532024329246102,-0.09331463327494438,0.3935043448896213,0.0,0.0
0.6532024329246102,-0.03110487775831494,0.39334082065623316,0.0,0.0
0.6532024329246102,0.031104877758314498,0.39334082065623316,0.0,0.0
0.6532024329246102,0.09331463327494438,0.3935043448896213,0.0,0.0
0.6532024329246102,0.15552438879157382,0.39383137151117953,0.0,0.0
0.6532024329246102,0.21773414430820326,0.39432185378738227,0.0,0.0
0.6532024329246102,0.2799438998248327,0.3949757139783317,0.0,0.0
0.6532024329246102,0.3421536553414626,0.3957928340813078,0.0,0.0
0.6532024329246102,0.404363410858092,0.39677304334176894,0.0,0.0
0.6532024329246102,0.46657316637472146,0.39791610240810926,0.0,0.0
0.6532024329246102,0.5287829218913513,0.3992216839787819,0.0,0.0
0.6532024329246102,0.5909926774079808,0.4006893497652346,0.0,0.0
0.6532024329246102,0.6532024329246102,0.4023185235724312,0.0,0.0
0.6532024329246102,0.7154121884412397,0.4041084602816898,0.0,0.0
0.6532024329246102,0.7776219439578695,0.4060582105096282,0.0,0.0
0.6532024329246102,0.839831699474499,0.40816658071393763,0.0,0.0
0.6532024329246102,0.9020414549911289,0.410432088523701,0.0,0.0
0.6532024329246102,0.9642512105077579,0.4128529130916056,0.0,0.0
0.6532024329246102,1.0264609660243877,0.41542684030075466,0.0,0.0
0.6532024329246102,1.0886707215410176,0.4181512027133816,0.0,0.0
0.6532024329246102,1.1508804770576466,0.42102281422663107,0.0,0.0
0.6532024329246102,1.2130902325742765,0.42403789950611676,0.0,0.0
0.6532024329246102,1.2752999880909055,0.4271920184059503,0.0,0.0
0.6532024329246102,1.3375097436075354,0.4304799857592584,0.0,0.0
0.6532024329246102,1.3997194991241653,0.4338957871406183,0.0,0.0
0.6532024329246102,1.4619292546407943,0.4374324914656122,0.0,0.0
0.6532024329246102,1.5241390101574241,0.44108216160601466,0.0,0.0
0.6532024329246102,1.586348765674054,0.44483576456343493,0.0,0.0
0.6532024329246102,1.648558521190683,0.44868308315836836,0.0,0.0
0.6532024329246102,1.710768276707313,0.45261263165072785,0.0,0.0
0.6532024329246102,1.7729780322239428,0.4566115782023413,0.0,0.0
0.6532024329246102,1.8351877877405718,0.460665677605807,0.0,0.0
0.6532024329246102,1.8973975432572017,0.4647592182143533,0.0,0.0
0.6532024329246102,1.9596072987738316,0.4688749874823975,0.0,0.0
0.6532024329246102,2.0218170542904605,0.4729942609258529,0.0,0.0
0.6532024329246102,2.0840268098070904,0.4770968195854897,0.0,0.0
0.6532024329246102,2.1462365653237194,0.48116100116878757,0.0,0.0
0.6532024329246102,2.2084463208403493,0.48516378989362235,0.0,0.0
0.6532024329246102,2.270656076356979,0.48908094959791637,0.0,0.0
0.6532024329246102,2.332865831873608,0.49288720385566226,0.0,0.0
0.6532024329246102,2.395075587390238,0.4965564656074559,0.0,0.0
0.6532024329246102,2.457285342906868,0.5000621171516676,0.0,0.0
0.6532024329246102,2.519495098423497,0.5033773392620672,0.0,0.0
0.6532024329246102,2.581704853940127,0.506475485752312,0.0,0.0
0.6532024329246102,2.6439146094567567,0.5093304970986511,0.0,0.0
0.6532024329246102,2.7061243649733857,0.5119173439111891,0.0,0.0
0.6532024329246102,2.7683341204900156,0.5142124883087189,0.0,0.0
0.6532024329246102,2.8305438760066455,0.5161943488339364,0.0,0.0
0.6532024329246102,2.8927536315232745,0.5178437526904001,0.0,0.0
0.6532024329246102,2.9549633870399044,0.5191443580229229,0.0,0.0
0.6532024329246102,3.0171731425565333,0.5200830288895495,0.0,0.0
0.6532024329246102,3.0793828980731632,0.520650146603554,0.0,0.0
0.7154121884412397,-3.141592653589793,0.5247411286669955,0.0,0.0
0.7154121884412397,-3.0793828980731637,0.5245471388787563,0.0,0.0
0.7154121884412397,-3.017173142556534,0.5239672054579065,0.0,0.0
0.7154121884412397,-2.9549633870399044,0.5230073850207761,0.0,0.0
0.7154121884412397,-2.892753631523275,0.5216776037227785,0.0,0.0
0.7154121884412397,-2.8305438760066455,0.5199914135428884,0.0,0.0
0.7154121884412397,-2.7683341204900156,0.5179656675651969,0.0,0.0
0.7154121884412397,-2.706124364973386,0.5156201291884407,0.0,0.0
0.7154121884412397,-2.6439146094567567,0.5129770324437147,0.0,0.0
0.7154121884412397,-2.581704853940127,0.510060611654707,0.0,0.0
0.7154121884412397,-2.5194950984234974,0.5068966185592547,0.0,0.0
0.7154121884412397,-2.457285342906868,0.5035118438546095,0.0,0.0
0.7154121884412397,-2.395075587390238,0.4999336581371585,0.0,0.0
0.7154121884412397,-2.3328658318736086,0.49618958463064183,0.0,0.0
0.7154121884412397,-2.270656076356979,0.4923069131971984,0.0,0.0
0.7154121884412397,-2.2084463208403498,0.4883123621485343,0.0,0.0
0.7154121884412397,-2.1462365653237203,0.4842317915283688,0.0,0.0
0.7154121884412397,-2.0840268098070904,0.48008996898051537,0.0,0.0
0.7154121884412397,-2.021817054290461,0.4759103871538975,0.0,0.0
0.7154121884412397,-1.9596072987738313,0.4717151298794734,0.0,0.0
0.7154121884412397,-1.897397543257202,0.4675247830933279,0.0,0.0
0.7154121884412397,-1.8351877877405722,0.46335838564979775,0.0,0.0
0.7154121884412397,-1.7729780322239428,0.4592334147196463,0.0,0.0
0.7154121884412397,-1.7107682767073131,0.45516580033872023,0.0,0.0
0.7154121884412397,-1.6485585211906835,0.4511699637948817,0.0,0.0
0.7154121884412397,-1.586348765674054,0.44725887484940186,0.0,0.0
0.7154121884412397,-1.5241390101574244,0.4434441232233798,0.0,0.0
0.7154121884412397,-1.461929254640795,0.4397360002885138,0.0,0.0
0.7154121884412397,-1.3997194991241653,0.43614358744269255,0.0,0.0
0.7154121884412397,-1.3375097436075358,0.43267484819199775,0.0,0.0
0.7154121884412397,-1.2752999880909062,0.4293367214782511,0.0,0.0
0.7154121884412397,-1.2130902325742767,0.4261352142693968,0.0,0.0
0.7154121884412397,-1.150880477057647,0.42307549185929977,0.0,0.0
0.7154121884412397,-1.0886707215410176,0.42016196469949935,0.0,0.0
0.7154121884412397,-1.0264609660243877,0.41739837090738297,0.0,0.0
0.7154121884412397,-0.9642512105077583,0.41478785386503914,0.0,0.0
0.7154121884412397,-0.9020414549911289,0.4123330345443986,0.0,0.0
0.7154121884412397,-0.8398316994744994,0.410036078371836,0.0,0.0
0.7154121884412397,-0.7776219439578695,0.40789875658433855,0.0,0.0
0.7154121884412397,-0.7154121884412401,0.40592250213487147,0.0,0.0
0.7154121884412397,-0.6532024329246107,0.40410846028168984,0.0,0.0
0.7154121884412397,-0.5909926774079808,0.4024575340497302,0.0,0.0
0.7154121884412397,-0.5287829218913513,0.400970424786022,0.0,0.0
0.7154121884412397,-0.4665731663747219,0.39964766804897467,0.0,0.0
0.7154121884412397,-0.40436341085809246,0.3984896650765677,0.0,0.0
0.7154121884412397,-0.3421536553414626,0.3974967100735764,0.0,0.0
0.7154121884412397,-0.27994389982483314,0.3966690135452121,0.0,0.0
0.7154121884412397,-0.2177341443082037,0.3960067218857728,0.0,0.0
0.7154121884412397,-0.15552438879157382,0.39550993340754526,0.0,0.0
0.7154121884412397,-0.09331463327494438,0.39517871096844986,0.0,0.0
0.7154121884412397,-0.03110487775831494,0.3950130913276896,0.0,0.0
0.7154121884412397,0.031104877758314498,0.3950130913276896,0.0,0.0
0.7154121884412397,0.09331463327494438,0.39517871096844986,0.0,0.0
0.7154121884412397,0.15552438879157382,0.39550993340754526,0.0,0.0
0.7154121884412397,0.21773414430820326,0.39600672188577274,0.0,0.0
0.7154121884412397,0.2799438998248327,0.3966690135452121,0.0,0.0
0.7154121884412397,0.3421536553414626,0.3974967100735764,0.0,0.0
0.7154121884412397,0.404363410858092,0.39848966507656775,0.0,0.0
0.7154121884412397,0.46657316637472146,0.39964766804897467,0.0,0.0
0.7154121884412397,0.5287829218913513,0.400970424786022,0.0,0.0
0.7154121884412397,0.5909926774079808,0.4024575340497302,0.0,0.0
0.7154121884412397,0.6532024329246102,0.4041084602816898,0.0,0.0
0.7154121884412397,0.7154121884412397,0.40592250213487147,0.0,0.0
0.7154121884412397,0.7776219439578695,0.40789875658433855,0.0,0.0
0.7154121884412397,0.839831699474499,0.410036078371836,0.0,0.0
0.7154121884412397,0.9020414549911289,0.4123330345443986,0.0,0.0
0.7154121884412397,0.9642512105077579,0.41478785386503914,0.0,0.0
0.7154121884412397,1.0264609660243877,0.41739837090738297,0.0,0.0
0.7154121884412397,1.0886707215410176,0.42016196469949935,0.0,0.0
0.7154121884412397,1.1508804770576466,0.4230754918592997,0.0,0.0
0.7154121884412397,1.2130902325742765,0.4261352142693968,0.0,0.0
0.7154121884412397,1.2752999880909055,0.4293367214782511,0.0,0.0
0.7154121884412397,1.3375097436075354,0.43267484819199775,0.0,0.0
0.7154121884412397,1.3997194991241653,0.43614358744269255,0.0,0.0
0.7154121884412397,1.4619292546407943,0.4397360002885137,0.0,0.0
0.7154121884412397,1.5241390101574241,0.4434441232233798,0.0,0.0
0.7154121884412397,1.586348765674054,0.44725887484940186,0.0,0.0
0.7154121884412397,1.648558521190683,0.4511699637948817,0.0,0.0
0.7154121884412397,1.710768276707313,0.45516580033872023,0.0,0.0
0.7154121884412397,1.7729780322239428,0.4592334147196463,0.0,0.0
0.7154121884412397,1.8351877877405718,0.4633583856497977,0.0,0.0
0.7154121884412397,1.8973975432572017,0.4675247830933279,0.0,0.0
0.7154121884412397,1.9596072987738316,0.4717151298794734,0.0,0.0
0.7154121884412397,2.0218170542904605,0.4759103871538975,0.0,0.0
0.7154121884412397,2.0840268098070904,0.48008996898051537,0.0,0.0
0.7154121884412397,2.1462365653237194,0.48423179152836876,0.0,0.0
0.7154121884412397,2.2084463208403493,0.48831236214853424,0.0,0.0
0.7154121884412397,2.270656076356979,0.4923069131971984,0.0,0.0
0.7154121884412397,2.332865831873608,0.49618958463064183,0.0,0.0
0.7154121884412397,2.395075587390238,0.4999336581371585,0.0,0.0
0.7154121884412397,2.457285342906868,0.5035118438546095,0.0,0.0
0.7154121884412397,2.519495098423497,0.5068966185592547,0.0,0.0
0.7154121884412397,2.581704853940127,0.510060611654707,0.0,0.0
0.7154121884412397,2.6439146094567567,0.5129770324437147,0.0,0.0
0.7154121884412397,2.7061243649733857,0.5156201291884407,0.0,0.0
0.7154121884412397,2.7683341204900156,0.5179656675651969,0.0,0.0
0.7154121884412397,2.8305438760066455,0.5199914135428884,0.0,0.0
0.7154121884412397,2.8927536315232745,0.5216776037227786,0.0,0.0
0.7154121884412397,2.9549633870399044,0.5230073850207761,0.0,0.0
0.7154121884412397,3.0171731425565333,0.5239672054579065,0.0,0.0
0.7154121884412397,3.0793828980731632,0.5245471388787563,0.0,0.0
0.7776219439578695,-3.141592653589793,0.5290314235221126,0.0,0.0
0.7776219439578695,-3.0793828980731637,0.5288326383402635,0.0,0.0
0.7776219439578695,-3.017173142556534,0.5282383906385434,0.0,0.0
0.7776219439578695,-2.9549633870399044,0.5272549502575267,0.0,0.0
0.7776219439578695,-2.892753631523275,0.5258925906282501,0.0,0.0
0.7776219439578695,-2.8305438760066455,0.5241653334335316,0.0,0.0
0.7776219439578695,-2.7683341204900156,0.5220906086133379,0.0,0.0
0.7776219439578695,-2.706124364973386,0.5196888455277179,0.0,0.0
0.7776219439578695,-2.6439146094567567,0.5169830134472708,0.0,0.0
0.7776219439578695,-2.581704853940127,0.5139981306204361,0.0,0.0
0.7776219439578695,-2.5194950984234974,0.5107607610002157,0.0,0.0
0.7776219439578695,-2.457285342906868,0.5072985164422557,0.0,0.0
0.7776219439578695,-2.395075587390238,0.5036395800352633,0.0,0.0
0.7776219439578695,-2.3328658318736086,0.49981226346369545,0.0,0.0
0.7776219439578695,-2.270656076356979,0.4958446082128602,0.0,0.0
0.7776219439578695,-2.2084463208403498,0.4917640372700271,0.0,0.0
0.7776219439578695,-2.1462365653237203,0.4875970609722659,0.0,0.0
0.7776219439578695,-2.0840268098070904,0.48336903796850533,0.0,0.0
0.7776219439578695,-2.021817054290461,0.4791039900072758,0.0,0.0
0.7776219439578695,-1.9596072987738313,0.4748244674852531,0.0,0.0
0.7776219439578695,-1.897397543257202,0.47055146140070947,0.0,0.0
0.7776219439578695,-1.8351877877405722,0.466304356520149,0.0,0.0
0.7776219439578695,-1.7729780322239428,0.4621009201313235,0.0,0.0
0.7776219439578695,-1.7107682767073131,0.45795732065357886,0.0,0.0
0.7776219439578695,-1.6485585211906835,0.45388817053459607,0.0,0.0
0.7776219439578695,-1.586348765674054,0.4499065882108021,0.0,0.0
0.7776219439578695,-1.5241390101574244,0.4460242743835864,0.0,0.0
0.7776219439578695,-1.461929254640795,0.4422515984108771,0.0,0.0
0.7776219439578695,-1.3997194991241653,0.43859769118997916,0.0,0.0
0.7776219439578695,-1.3375097436075358,0.43507054147950214,0.0,0.0
0.7776219439578695,-1.2752999880909062,0.43167709315178926,0.0,0.0
0.7776219439578695,-1.2130902325742767,0.4284233413667032,0.0,0.0
0.7776219439578695,-1.150880477057647,0.42531442610374337,0.0,0.0
0.7776219439578695,-1.0886707215410176,0.4223547218782748,0.0,0.0
0.7776219439578695,-1.0264609660243877,0.419547922798953,0.0,0.0
0.7776219439578695,-0.9642512105077583,0.41689712239972054,0.0,0.0
0.7776219439578695,-0.9020414549911289,0.414404887905235,0.0,0.0
0.7776219439578695,-0.8398316994744994,0.41207332876842845,0.0,0.0
0.7776219439578695,-0.7776219439578695,0.40990415945867437,0.0,0.0
0.7776219439578695,-0.7154121884412401,0.4078987565843386,0.0,0.0
0.7776219439578695,-0.6532024329246107,0.40605821050962815,0.0,0.0
0.7776219439578695,-0.5909926774079808,0.4043833716775293,0.0,0.0
0.7776219439578695,-0.5287829218913513,0.40287489188259845,0.0,0.0
0.7776219439578695,-0.4665731663747219,0.4015332607532688,0.0,0.0
0.7776219439578695,-0.40436341085809246,0.40035883770640657,0.0,0.0
0.7776219439578695,-0.3421536553414626,0.3993518796298553,0.0,0.0
0.7776219439578695,-0.27994389982483314,0.3985125645338992,0.0,0.0
0.7776219439578695,-0.2177341443082037,0.3978410113918148,0.0,0.0
0.7776219439578695,-0.15552438879157382,0.3973372963644392,0.0,0.0
0.7776219439578695,-0.09331463327494438,0.3970014655751423,0.0,0.0
0.7776219439578695,-0.03110487775831494,0.3968335445706627,0.0,0.0
0.7776219439578695,0.031104877758314498,0.3968335445706627,0.0,0.0
0.7776219439578695,0.09331463327494438,0.3970014655751423,0.0,0.0
0.7776219439578695,0.15552438879157382,0.3973372963644392,0.0,0.0
0.7776219439578695,0.21773414430820326,0.39784101139181477,0.0,0.0
0.7776219439578695,0.2799438998248327,0.3985125645338992,0.0,0.0
0.7776219439578695,0.3421536553414626,0.3993518796298553,0.0,0.0
0.7776219439578695,0.404363410858092,0.40035883770640657,0.0,0.0
0.7776219439578695,0.46657316637472146,0.4015332607532688,0.0,0.0
0.7776219439578695,0.5287829218913513,0.40287489188259845,0.0,0.0
0.7776219439578695,0.5909926774079808,0.4043833716775293,0.0,0.0
0.7776219439578695,0.6532024329246102,0.4060582105096282,0.0,0.0
0.7776219439578695,0.7154121884412397,0.40789875658433855,0.0,0.0
0.7776219439578695,0.7776219439578695,0.40990415945867437,0.0,0.0
0.7776219439578695,0.839831699474499,0.41207332876842845,0.0,0.0
0.7776219439578695,0.9020414549911289,0.414404887905235,0.0,0.0
0.7776219439578695,0.9642512105077579,0.4168971223997205,0.0,0.0
0.7776219439578695,1.0264609660243877,0.419547922798953,0.0,0.0
0.7776219439578695,1.0886707215410176,0.4223547218782748,0.0,0.0
0.7776219439578695,1.1508804770576466,0.4253144261037433,0.0,0.0
0.7776219439578695,1.2130902325742765,0.42842334136670324,0.0,0.0
0.7776219439578695,1.2752999880909055,0.43167709315178926,0.0,0.0
0.7776219439578695,1.3375097436075354,0.4350705414795021,0.0,0.0
0.7776219439578695,1.3997194991241653,0.43859769118997916,0.0,0.0
0.7776219439578695,1.4619292546407943,0.442251598410877,0.0,0.0
0.7776219439578695,1.5241390101574241,0.4460242743835864,0.0,0.0
0.7776219439578695,1.586348765674054,0.4499065882108021,0.0,0.0
0.7776219439578695,1.648558521190683,0.45388817053459607,0.0,0.0
0.7776219439578695,1.710768276707313,0.45795732065357886,0.0,0.0
0.7776219439578695,1.7729780322239428,0.4621009201313235,0.0,0.0
0.7776219439578695,1.8351877877405718,0.466304356520149,0.0,0.0
0.7776219439578695,1.8973975432572017,0.4705514614007094,0.0,0.0
0.7776219439578695,1.9596072987738316,0.4748244674852531,0.0,0.0
0.7776219439578695,2.0218170542904605,0.4791039900072757,0.0,0.0
0.7776219439578695,2.0840268098070904,0.48336903796850533,0.0,0.0
0.7776219439578695,2.1462365653237194,0.4875970609722658,0.0,0.0
0.7776219439578695,2.2084463208403493,0.491764037270027,0.0,0.0
0.7776219439578695,2.270656076356979,0.4958446082128602,0.0,0.0
0.7776219439578695,2.332865831873608,0.49981226346369545,0.0,0.0
0.7776219439578695,2.395075587390238,0.5036395800352633,0.0,0.0
0.7776219439578695,2.457285342906868,0.5072985164422557,0.0,0.0
0.7776219439578695,2.519495098423497,0.5107607610002157,0.0,0.0
0.7776219439578695,2.581704853940127,0.5139981306204361,0.0,0.0
0.7776219439578695,2.6439146094567567,0.5169830134472708,0.0,0.0
0.7776219439578695,2.7061243649733857,0.5196888455277179,0.0,0.0
0.7776219439578695,2.7683341204900156,0.5220906086133379,0.0,0.0
0.7776219439578695,2.8305438760066455,0.5241653334335316,0.0,0.0
0.7776219439578695,2.8927536315232745,0.5258925906282501,0.0,0.0
0.7776219439578695,2.9549633870399044,0.5272549502575267,0.0,0.0
0.7776219439578695,3.0171731425565333,0.5282383906385434,0.0,0.0
0.7776219439578695,3.0793828980731632,0.5288326383402635,0.0,0.0
0.839831699474499,-3.141592653589793,0.5337195285787442,0.0,0.0
0.839831699474499,-3.0793828980731637,0.5335154137653257,0.0,0.0
0.839831699474499,-3.017173142556534,0.5329052580904022,0.0,0.0
0.839831699474499,-2.9549633870399044,0.5318955713356796,0.0,0.0
0.839831699474499,-2.892753631523275,0.5304970176007328,0.0,0.0
0.839831699474499,-2.8305438760066455,0.5287241467194944,0.0,0.0
0.839831699474499,-2.7683341204900156,0.5265950368726667,0.0,0.0
0.839831699474499,-2.706124364973386,0.52413086522659,0.0,0.0
0.839831699474499,-2.6439146094567567,0.5213554259068827,0.0,0.0
0.839831699474499,-2.581704853940127,0.5182946157205524,0.0,0.0
0.839831699474499,-2.5194950984234974,0.5149759078113332,0.0,0.0
0.839831699474499,-2.457285342906868,0.5114278320274409,0.0,0.0
0.839831699474499,-2.395075587390238,0.5076794784438237,0.0,0.0
0.839831699474499,-2.3328658318736086,0.5037600375059951,0.0,0.0
0.839831699474499,-2.270656076356979,0.4996983869533753,0.0,0.0
0.839831699474499,-2.2084463208403498,0.49552273231759314,0.0,0.0
0.839831699474499,-2.1462365653237203,0.4912603046097243,0.0,0.0
0.839831699474499,-2.0840268098070904,0.4869371159843291,0.0,0.0
0.839831699474499,-2.021817054290461,0.48257777180826983,0.0,0.0
0.839831699474499,-1.9596072987738313,0.47820533572014934,0.0,0.0
0.839831699474499,-1.897397543257202,0.47384124294349844,0.0,0.0
0.839831699474499,-1.8351877877405722,0.4695052562775136,0.0,0.0
0.839831699474499,-1.7729780322239428,0.46521545877216536,0.0,0.0
0.839831699474499,-1.7107682767073131,0.46098827702535883,0.0,0.0
0.839831699474499,-1.6485585211906835,0.4568385292401335,0.0,0.0
0.839831699474499,-1.586348765674054,0.45277949257443995,0.0,0.0
0.839831699474499,-1.5241390101574244,0.4488229848375159,0.0,0.0
0.839831699474499,-1.461929254640795,0.44497945617848295,0.0,0.0
0.839831699474499,-1.3997194991241653,0.44125808702906666,0.0,0.0
0.839831699474499,-1.3375097436075358,0.4376668891689874,0.0,0.0
0.839831699474499,-1.2752999880909062,0.4342128073552986,0.0,0.0
0.839831699474499,-1.2130902325742767,0.4309018194800491,0.0,0.0
0.839831699474499,-1.150880477057647,0.4277390336853321,0.0,0.0
0.839831699474499,-1.0886707215410176,0.4247287812676201,0.0,0.0
0.839831699474499,-1.0264609660243877,0.42187470454472664,0.0,0.0
0.839831699474499,-0.9642512105077583,0.4191798391419339,0.0,0.0
0.839831699474499,-0.9020414549911289,0.4166466903835922,0.0,0.0
0.839831699474499,-0.8398316994744994,0.41427730365857635,0.0,0.0
0.839831699474499,-0.7776219439578695,0.41207332876842845,0.0,0.0
0.839831699474499,-0.7154121884412401,0.410036078371836,0.0,0.0
0.839831699474499,-0.6532024329246107,0.4081665807139376,0.0,0.0
0.839831699474499,-0.5909926774079808,0.4064656268789865,0.0,0.0
0.839831699474499,-0.5287829218913513,0.4049338128347001,0.0,0.0
0.839831699474499,-0.4665731663747219,0.40357157655016984,0.0,0.0
0.839831699474499,-0.40436341085809246,0.40237923046986357,0.0,0.0
0.839831699474499,-0.3421536553414626,0.4013569896168585,0.0,0.0
0.839831699474499,-0.27994389982483314,0.4005049955813088,0.0,0.0
0.839831699474499,-0.2177341443082037,0.39982333662716063,0.0,0.0
0.839831699474499,-0.15552438879157382,0.39931206412277764,0.0,0.0
0.839831699474499,-0.09331463327494438,0.39897120547059534,0.0,0.0
0.839831699474499,-0.03110487775831494,0.3988007736781111,0.0,0.0
0.839831699474499,0.031104877758314498,0.3988007736781111,0.0,0.0
0.839831699474499,0.09331463327494438,0.39897120547059534,0.0,0.0
0.839831699474499,0.15552438879157382,0.39931206412277764,0.0,0.0
0.839831699474499,0.21773414430820326,0.39982333662716063,0.0,0.0
0.839831699474499,0.2799438998248327,0.4005049955813088,0.0,0.0
0.839831699474499,0.3421536553414626,0.4013569896168585,0.0,0.0
0.839831699474499,0.404363410858092,0.4023792304698635,0.0,0.0
0.839831699474499,0.46657316637472146,0.40357157655016984,0.0,0.0
0.839831699474499,0.5287829218913513,0.4049338128347001,0.0,0.0
0.839831699474499,0.5909926774079808,0.4064656268789865,0.0,0.0
0.839831699474499,0.6532024329246102,0.40816658071393763,0.0,0.0
0.839831699474499,0.7154121884412397,0.410036078371836,0.0,0.0
0.839831699474499,0.7776219439578695,0.41207332876842845,0.0,0.0
0.839831699474499,0.839831699474499,0.41427730365857635,0.0,0.0
0.839831699474499,0.9020414549911289,0.4166466903835922,0.0,0.0
0.839831699474499,0.9642512105077579,0.41917983914193385,0.0,0.0
0.839831699474499,1.0264609660243877,0.42187470454472664,0.0,0.0
0.839831699474499,1.0886707215410176,0.4247287812676201,0.0,0.0
0.839831699474499,1.1508804770576466,0.4277390336853321,0.0,0.0
0.839831699474499,1.2130902325742765,0.4309018194800491,0.0,0.0
0.839831699474499,1.2752999880909055,0.4342128073552986,0.0,0.0
0.839831699474499,1.3375097436075354,0.4376668891689873,0.0,0.0
0.839831699474499,1.3997194991241653,0.44125808702906666,0.0,0.0
0.839831699474499,1.4619292546407943,0.44497945617848295,0.0,0.0
0.839831699474499,1.5241390101574241,0.4488229848375159,0.0,0.0
0.839831699474499,1.586348765674054,0.45277949257443995,0.0,0.0
0.839831699474499,1.648558521190683,0.4568385292401335,0.0,0.0
0.839831699474499,1.710768276707313,0.46098827702535883,0.0,0.0
0.839831699474499,1.7729780322239428,0.46521545877216536,0.0,0.0
0.839831699474499,1.8351877877405718,0.4695052562775135,0.0,0.0
0.839831699474499,1.8973975432572017,0.4738412429434984,0.0,0.0
0.839831699474499,1.9596072987738316,0.47820533572014934,0.0,0.0
0.839831699474499,2.0218170542904605,0.4825777718082698,0.0,0.0
0.839831699474499,2.0840268098070904,0.4869371159843291,0.0,0.0
0.839831699474499,2.1462365653237194,0.49126030460972425,0.0,0.0
0.839831699474499,2.2084463208403493,0.49552273231759314,0.0,0.0
0.839831699474499,2.270656076356979,0.4996983869533753,0.0,0.0
0.839831699474499,2.332865831873608,0.5037600375059951,0.0,0.0
0.839831699474499,2.395075587390238,0.5076794784438237,0.0,0.0
0.839831699474499,2.457285342906868,0.5114278320274409,0.0,0.0
0.839831699474499,2.519495098423497,0.5149759078113332,0.0,0.0
0.839831699474499,2.581704853940127,0.5182946157205524,0.0,0.0
0.839831699474499,2.6439146094567567,0.5213554259068827,0.0,0.0
0.839831699474499,2.7061243649733857,0.5241308652265899,0.0,0.0
0.839831699474499,2.7683341204900156,0.5265950368726667,0.0,0.0
0.839831699474499,2.8305438760066455,0.5287241467194944,0.0,0.0
0.839831699474499,2.8927536315232745,0.5304970176007328,0.0,0.0
0.839831699474499,2.9549633870399044,0.5318955713356796,0.0,0.0
0.839831699474499,3.0171731425565333,0.5329052580904022,0.0,0.0
0.839831699474499,3.0793828980731632,0.5335154137653257,0.0,0.0
0.9020414549911289,-3.141592653589793,0.5388148689212774,0.0,0.0
0.9020414549911289,-3.0793828980731637,0.5386048544701778,0.0,0.0
0.9020414549911289,-3.017173142556534,0.5379770906889519,0.0,0.0
0.9020414549911289,-2.9549633870399044,0.5369383565655262,0.0,0.0
0.9020414549911289,-2.892753631523275,0.5354997543685529,0.0,0.0
0.9020414549911289,-2.8305438760066455,0.5336764260003448,0.0,0.0
0.9020414549911289,-2.7683341204900156,0.531487175846184,0.0,0.0
0.9020414549911289,-2.706124364973386,0.5289540181212095,0.0,0.0
0.9020414549911289,-2.6439146094567567,0.526101669330824,0.0,0.0
0.9020414549911289,-2.581704853940127,0.5229570075922357,0.0,0.0
0.9020414549911289,-2.5194950984234974,0.519548520259947,0.0,0.0
0.9020414549911289,-2.457285342906868,0.51590575973317,0.0,0.0
0.9020414549911289,-2.395075587390238,0.512058824768579,0.0,0.0
0.9020414549911289,-2.3328658318736086,0.5080378813986721,0.0,0.0
0.9020414549911289,-2.270656076356979,0.5038727339940251,0.0,0.0
0.9020414549911289,-2.2084463208403498,0.49959245340946445,0.0,0.0
0.9020414549911289,-2.1462365653237203,0.4952250657697052,0.0,0.0
0.9020414549911289,-2.0840268098070904,0.4907973024629909,0.0,0.0
0.9020414549911289,-2.021817054290461,0.4863344094359475,0.0,0.0
0.9020414549911289,-1.9596072987738313,0.48186001196920997,0.0,0.0
0.9020414549911289,-1.897397543257202,0.477396029758118,0.0,0.0
0.9020414549911289,-1.8351877877405722,0.4729626362828333,0.0,0.0
0.9020414549911289,-1.7729780322239428,0.4685782560587715,0.0,0.0
0.9020414549911289,-1.7107682767073131,0.4642595933291232,0.0,0.0
0.9020414549911289,-1.6485585211906835,0.4600216860112692,0.0,0.0
0.9020414549911289,-1.586348765674054,0.45587797915724804,0.0,0.0
0.9020414549911289,-1.5241390101574244,0.4518404127635079,0.0,0.0
0.9020414549911289,-1.461929254640795,0.4479195194071006,0.0,0.0
0.9020414549911289,-1.3997194991241653,0.4441245278469082,0.0,0.0
0.9020414549911289,-1.3375097436075358,0.44046346937409975,0.0,0.0
0.9020414549911289,-1.2752999880909062,0.436943284301215,0.0,0.0
0.9020414549911289,-1.2130902325742767,0.43356992652851983,0.0,0.0
0.9020414549911289,-1.150880477057647,0.43034846461131127,0.0,0.0
0.9020414549911289,-1.0886707215410176,0.42728317816989764,0.0,0.0
0.9020414549911289,-1.0264609660243877,0.4243776488362803,0.0,0.0
0.9020414549911289,-0.9642512105077583,0.4216348452220019,0.0,0.0
0.9020414549911289,-0.9020414549911289,0.4190572016257623,0.0,0.0
0.9020414549911289,-0.8398316994744994,0.41664669038359214,0.0,0.0
0.9020414549911289,-0.7776219439578695,0.414404887905235,0.0,0.0
0.9020414549911289,-0.7154121884412401,0.4123330345443986,0.0,0.0
0.9020414549911289,-0.6532024329246107,0.41043208852370106,0.0,0.0
0.9020414549911289,-0.5909926774079808,0.408702774182941,0.0,0.0
0.9020414549911289,-0.5287829218913513,0.4071456248465546,0.0,0.0
0.9020414549911289,-0.4665731663747219,0.405761020616932,0.0,0.0
0.9020414549911289,-0.40436341085809246,0.40454922139815935,0.0,0.0
0.9020414549911289,-0.3421536553414626,0.40351039544263123,0.0,0.0
0.9020414549911289,-0.27994389982483314,0.4026446436932155,0.0,0.0
0.9020414549911289,-0.2177341443082037,0.4019520201681716,0.0,0.0
0.9020414549911289,-0.15552438879157382,0.40143254860630523,0.0,0.0
0.9020414549911289,-0.09331463327494438,0.40108623555709194,0.0,0.0
0.9020414549911289,-0.03110487775831494,0.4009130800655908,0.0,0.0
0.9020414549911289,0.031104877758314498,0.4009130800655908,0.0,0.0
0.9020414549911289,0.09331463327494438,0.40108623555709194,0.0,0.0
0.9020414549911289,0.15552438879157382,0.40143254860630523,0.0,0.0
0.9020414549911289,0.21773414430820326,0.4019520201681716,0.0,0.0
0.9020414549911289,0.2799438998248327,0.4026446436932155,0.0,0.0
0.9020414549911289,0.3421536553414626,0.40351039544263123,0.0,0.0
0.9020414549911289,0.404363410858092,0.40454922139815946,0.0,0.0
0.9020414549911289,0.46657316637472146,0.4057610206169319,0.0,0.0
0.9020414549911289,0.5287829218913513,0.4071456248465546,0.0,0.0
0.9020414549911289,0.5909926774079808,0.408702774182941,0.0,0.0
0.9020414549911289,0.6532024329246102,0.410432088523701,0.0,0.0
0.9020414549911289,0.7154121884412397,0.4123330345443986,0.0,0.0
0.9020414549911289,0.7776219439578695,0.414404887905235,0.0,0.0
0.9020414549911289,0.839831699474499,0.4166466903835922,0.0,0.0
0.9020414549911289,0.9020414549911289,0.4190572016257623,0.0,0.0
0.9020414549911289,0.9642512105077579,0.42163484522200184,0.0,0.0
0.9020414549911289,1.0264609660243877,0.4243776488362803,0.0,0.0
0.9020414549911289,1.0886707215410176,0.42728317816989764,0.0,0.0
0.9020414549911289,1.1508804770576466,0.4303484646113112,0.0,0.0
0.9020414549911289,1.2130902325742765,0.43356992652851983,0.0,0.0
0.9020414549911289,1.2752999880909055,0.436943284301215,0.0,0.0
0.9020414549911289,1.3375097436075354,0.44046346937409964,0.0,0.0
0.9020414549911289,1.3997194991241653,0.4441245278469082,0.0,0.0
0.9020414549911289,1.4619292546407943,0.4479195194071006,0.0,0.0
0.9020414549911289,1.5241390101574241,0.4518404127635079,0.0,0.0
0.9020414549911289,1.586348765674054,0.45587797915724804,0.0,0.0
0.9020414549911289,1.648558521190683,0.4600216860112692,0.0,0.0
0.9020414549911289,1.710768276707313,0.4642595933291232,0.0,0.0
0.9020414549911289,1.7729780322239428,0.4685782560587715,0.0,0.0
0.9020414549911289,1.8351877877405718,0.4729626362828333,0.0,0.0
0.9020414549911289,1.8973975432572017,0.477396029758118,0.0,0.0
0.9020414549911289,1.9596072987738316,0.48186001196921,0.0,0.0
0.9020414549911289,2.0218170542904605,0.4863344094359475,0.0,0.0
0.9020414549911289,2.0840268098070904,0.4907973024629909,0.0,0.0
0.9020414549911289,2.1462365653237194,0.4952250657697051,0.0,0.0
0.9020414549911289,2.2084463208403493,0.4995924534094644,0.0,0.0
0.9020414549911289,2.270656076356979,0.5038727339940251,0.0,0.0
0.9020414549911289,2.332865831873608,0.5080378813986721,0.0,0.0
0.9020414549911289,2.395075587390238,0.512058824768579,0.0,0.0
0.9020414549911289,2.457285342906868,0.51590575973317,0.0,0.0
0.9020414549911289,2.519495098423497,0.519548520259947,0.0,0.0
0.9020414549911289,2.581704853940127,0.5229570075922357,0.0,0.0
0.9020414549911289,2.6439146094567567,0.526101669330824,0.0,0.0
0.9020414549911289,2.7061243649733857,0.5289540181212093,0.0,0.0
0.9020414549911289,2.7683341204900156,0.531487175846184,0.0,0.0
0.9020414549911289,2.8305438760066455,0.5336764260003448,0.0,0.0
0.9020414549911289,2.8927536315232745,0.5354997543685529,0.0,0.0
0.9020414549911289,2.9549633870399044,0.5369383565655262,0.0,0.0
0.9020414549911289,3.0171731425565333,0.5379770906889519,0.0,0.0
0.9020414549911289,3.0793828980731632,0.5386048544701778,0.0,0.0
0.9642512105077579,-3.141592653589793,0.5443274409944745,0.0,0.0
0.9642512105077579,-3.0793828980731637,0.5441109170505187,0.0,0.0
0.9642512105077579,-3.017173142556534,0.5434637264704705,0.0,0.0
0.9642512105077579,-2.9549633870399044,0.5423929496266922,0.0,0.0
0.9642512105077579,-2.892753631523275,0.5409101791496699,0.0,0.0
0.9642512105077579,-2.8305438760066455,0.5390312191685046,0.0,0.0
0.9642512105077579,-2.7683341204900156,0.5367756857315874,0.0,0.0
0.9642512105077579,-2.706124364973386,0.5341665277558495,0.0,0.0
0.9642512105077579,-2.6439146094567567,0.5312294906219434,0.0,0.0
0.9642512105077579,-2.581704853940127,0.5279925456899914,0.0,0.0
0.9642512105077579,-2.5194950984234974,0.5244853086132027,0.0,0.0
0.9642512105077579,-2.457285342906868,0.5207384675736011,0.0,0.0
0.9642512105077579,-2.395075587390238,0.516783239755411,0.0,0.0
0.9642512105077579,-2.3328658318736086,0.5126508708607178,0.0,0.0
0.9642512105077579,-2.270656076356979,0.5083721886188323,0.0,0.0
0.9642512105077579,-2.2084463208403498,0.5039772173728633,0.0,0.0
0.9642512105077579,-2.1462365653237203,0.4994948572122568,0.0,0.0
0.9642512105077579,-2.0840268098070904,0.494952627952398,0.0,0.0
0.9642512105077579,-2.021817054290461,0.49037647565934206,0.0,0.0
0.9642512105077579,-1.9596072987738313,0.48579063742701034,0.0,0.0
0.9642512105077579,-1.897397543257202,0.4812175587263089,0.0,0.0
0.9642512105077579,-1.8351877877405722,0.4766778568091052,0.0,0.0
0.9642512105077579,-1.7729780322239428,0.47219032328682675,0.0,0.0
0.9642512105077579,-1.7107682767073131,0.4677719590226305,0.0,0.0
0.9642512105077579,-1.6485585211906835,0.4634380347846457,0.0,0.0
0.9642512105077579,-1.586348765674054,0.45920217161853794,0.0,0.0
0.9642512105077579,-1.5241390101574244,0.4550764355341758,0.0,0.0
0.9642512105077579,-1.461929254640795,0.4510714418003039,0.0,0.0
0.9642512105077579,-1.3997194991241653,0.44719646485345405,0.0,0.0
0.9642512105077579,-1.3375097436075358,0.44345955051650354,0.0,0.0
0.9642512105077579,-1.2752999880909062,0.439867627863498,0.0,0.0
0.9642512105077579,-1.2130902325742767,0.436426618645374,0.0,0.0
0.9642512105077579,-1.150880477057647,0.43314154269839344,0.0,0.0
0.9642512105077579,-1.0886707215410176,0.43001661819153586,0.0,0.0
0.9642512105077579,-1.0264609660243877,0.4270553559328926,0.0,0.0
0.9642512105077579,-0.9642512105077583,0.42426064725306,0.0,0.0
0.9642512105077579,-0.9020414549911289,0.42163484522200184,0.0,0.0
0.9642512105077579,-0.8398316994744994,0.41917983914193385,0.0,0.0
0.9642512105077579,-0.7776219439578695,0.4168971223997205,0.0,0.0
0.9642512105077579,-0.7154121884412401,0.41478785386503914,0.0,0.0
0.9642512105077579,-0.6532024329246107,0.4128529130916056,0.0,0.0
0.9642512105077579,-0.5909926774079808,0.41109294962385673,0.0,0.0
0.9642512105077579,-0.5287829218913513,0.40950842673569343,0.0,0.0
0.9642512105077579,-0.4665731663747219,0.4080996599355466,0.0,0.0
0.9642512105077579,-0.40436341085809246,0.4068668505667462,0.0,0.0
0.9642512105077579,-0.3421536553414626,0.4058101148169704,0.0,0.0
0.9642512105077579,-0.27994389982483314,0.4049295084278372,0.0,0.0
0.9642512105077579,-0.2177341443082037,0.4042250473674223,0.0,0.0
0.9642512105077579,-0.15552438879157382,0.4036967246961628,0.0,0.0
0.9642512105077579,-0.09331463327494438,0.4033445238213921,0.0,0.0
0.9642512105077579,-0.03110487775831494,0.4031684282985492,0.0,0.0
0.9642512105077579,0.031104877758314498,0.4031684282985492,0.0,0.0
0.9642512105077579,0.09331463327494438,0.4033445238213921,0.0,0.0
0.9642512105077579,0.15552438879157382,0.4036967246961628,0.0,0.0
0.9642512105077579,0.21773414430820326,0.4042250473674224,0.0,0.0
0.9642512105077579,0.2799438998248327,0.4049295084278372,0.0,0.0
0.9642512105077579,0.3421536553414626,0.4058101148169704,0.0,0.0
0.9642512105077579,0.404363410858092,0.40686685056674615,0.0,0.0
0.9642512105077579,0.46657316637472146,0.40809965993554653,0.0,0.0
0.9642512105077579,0.5287829218913513,0.40950842673569343,0.0,0.0
0.9642512105077579,0.5909926774079808,0.41109294962385673,0.0,0.0
0.9642512105077579,0.6532024329246102,0.4128529130916056,0.0,0.0
0.9642512105077579,0.7154121884412397,0.41478785386503914,0.0,0.0
0.9642512105077579,0.7776219439578695,0.4168971223997205,0.0,0.0
0.9642512105077579,0.839831699474499,0.41917983914193385,0.0,0.0
0.9642512105077579,0.9020414549911289,0.42163484522200184,0.0,0.0
0.9642512105077579,0.9642512105077579,0.42426064725306,0.0,0.0
0.9642512105077579,1.0264609660243877,0.4270553559328926,0.0,0.0
0.9642512105077579,1.0886707215410176,0.43001661819153586,0.0,0.0
0.9642512105077579,1.1508804770576466,0.4331415426983934,0.0,0.0
0.9642512105077579,1.2130902325742765,0.4364266186453741,0.0,0.0
0.9642512105077579,1.2752999880909055,0.439867627863498,0.0,0.0
0.9642512105077579,1.3375097436075354,0.4434595505165035,0.0,0.0
0.9642512105077579,1.3997194991241653,0.44719646485345405,0.0,0.0
0.9642512105077579,1.4619292546407943,0.45107144180030384,0.0,0.0
0.9642512105077579,1.5241390101574241,0.4550764355341758,0.0,0.0
0.9642512105077579,1.586348765674054,0.45920217161853794,0.0,0.0
0.9642512105077579,1.648558521190683,0.4634380347846457,0.0,0.0
0.9642512105077579,1.710768276707313,0.4677719590226305,0.0,0.0
0.9642512105077579,1.7729780322239428,0.47219032328682675,0.0,0.0
0.9642512105077579,1.8351877877405718,0.4766778568091052,0.0,0.0
0.9642512105077579,1.8973975432572017,0.4812175587263089,0.0,0.0
0.9642512105077579,1.9596072987738316,0.48579063742701034,0.0,0.0
0.9642512105077579,2.0218170542904605,0.49037647565934206,0.0,0.0
0.9642512105077579,2.0840268098070904,0.494952627952398,0.0,0.0
0.9642512105077579,2.1462365653237194,0.4994948572122568,0.0,0.0
0.9642512105077579,2.2084463208403493,0.5039772173728633,0.0,0.0
0.9642512105077579,2.270656076356979,0.5083721886188323,0.0,0.0
0.9642512105077579,2.332865831873608,0.5126508708607178,0.0,0.0
0.9642512105077579,2.395075587390238,0.516783239755411,0.0,0.0
0.9642512105077579,2.457285342906868,0.5207384675736011,0.0,0.0
0.9642512105077579,2.519495098423497,0.5244853086132027,0.0,0.0
0.9642512105077579,2.581704853940127,0.5279925456899914,0.0,0.0
0.9642512105077579,2.6439146094567567,0.5312294906219434,0.0,0.0
0.9642512105077579,2.7061243649733857,0.5341665277558494,0.0,0.0
0.9642512105077579,2.7683341204900156,0.5367756857315874,0.0,0.0
0.9642512105077579,2.8305438760066455,0.5390312191685046,0.0,0.0
0.9642512105077579,2.8927536315232745,0.5409101791496698,0.0,0.0
0.9642512105077579,2.9549633870399044,0.5423929496266922,0.0,0.0
0.9642512105077579,3.0171731425565333,0.5434637264704705,0.0,0.0
0.9642512105077579,3.0793828980731632,0.5441109170505187,0.0,0.0
1.0264609660243877,-3.141592653589793,0.5502677430602431,0.0,0.0
1.0264609660243877,-3.0793828980731637,0.5500440555571122,0.0,0.0
1.0264609660243877,-3.017173142556534,0.5493754879795316,0.0,0.0
1.0264609660243877,-2.9549633870399044,0.5482694575855661,0.0,0.0
1.0264609660243877,-2.892753631523275,0.546738104908216,0.0,0.0
1.0264609660243877,-2.8305438760066455,0.5447979735659657,0.0,0.0
1.0264609660243877,-2.7683341204900156,0.542469585245254,0.0,0.0
1.0264609660243877,-2.706124364973386,0.5397769307541637,0.0,0.0
1.0264609660243877,-2.6439146094567567,0.5367469009888969,0.0,0.0
1.0264609660243877,-2.581704853940127,0.5334086828355555,0.0,0.0
1.0264609660243877,-2.5194950984234974,0.5297931445194068,0.0,0.0
1.0264609660243877,-2.457285342906868,0.5259322329379743,0.0,0.0
1.0264609660243877,-2.395075587390238,0.5218584024083271,0.0,0.0
1.0264609660243877,-2.3328658318736086,0.5176040904141079,0.0,0.0
1.0264609660243877,-2.270656076356979,0.5132012517492578,0.0,0.0
1.0264609660243877,-2.2084463208403498,0.508680958279309,0.0,0.0
1.0264609660243877,-2.1462365653237203,0.5040730676655377,0.0,0.0
1.0264609660243877,-2.0840268098070904,0.4994059610273583,0.0,0.0
1.0264609660243877,-2.021817054290461,0.4947063467746673,0.0,0.0
1.0264609660243877,-1.9596072987738313,0.4899991257688352,0.0,0.0
1.0264609660243877,-1.897397543257202,0.4853073115515086,0.0,0.0
1.0264609660243877,-1.8351877877405722,0.4806519985527828,0.0,0.0
1.0264609660243877,-1.7729780322239428,0.47605237086582647,0.0,0.0
1.0264609660243877,-1.7107682767073131,0.4715257442524287,0.0,0.0
1.0264609660243877,-1.6485585211906835,0.46708763442131807,0.0,0.0
1.0264609660243877,-1.586348765674054,0.46275184520410745,0.0,0.0
1.0264609660243877,-1.5241390101574244,0.45853057096062755,0.0,0.0
1.0264609660243877,-1.461929254640795,0.45443450830940446,0.0,0.0
1.0264609660243877,-1.3997194991241653,0.45047297304857,0.0,0.0
1.0264609660243877,-1.3375097436075358,0.4466540188702344,0.0,0.0
1.0264609660243877,-1.2752999880909062,0.44298455515234697,0.0,0.0
1.0264609660243877,-1.2130902325742767,0.43947046172155374,0.0,0.0
1.0264609660243877,-1.150880477057647,0.436116699011725,0.0,0.0
1.0264609660243877,-1.0886707215410176,0.43292741249474864,0.0,0.0
1.0264609660243877,-1.0264609660243877,0.4299060306360465,0.0,0.0
1.0264609660243877,-0.9642512105077583,0.4270553559328927,0.0,0.0
1.0264609660243877,-0.9020414549911289,0.4243776488362803,0.0,0.0
1.0264609660243877,-0.8398316994744994,0.4218747045447266,0.0,0.0
1.0264609660243877,-0.7776219439578695,0.419547922798953,0.0,0.0
1.0264609660243877,-0.7154121884412401,0.417398370907383,0.0,0.0
1.0264609660243877,-0.6532024329246107,0.41542684030075466,0.0,0.0
1.0264609660243877,-0.5909926774079808,0.41363389695600217,0.0,0.0
1.0264609660243877,-0.5287829218913513,0.41201992605022847,0.0,0.0
1.0264609660243877,-0.4665731663747219,0.410585171209601,0.0,0.0
1.0264609660243877,-0.40436341085809246,0.4093297687091146,0.0,0.0
1.0264609660243877,-0.3421536553414626,0.40825377696047294,0.0,0.0
1.0264609660243877,-0.27994389982483314,0.40735720159931493,0.0,0.0
1.0264609660243877,-0.2177341443082037,0.40664001645163267,0.0,0.0
1.0264609660243877,-0.15552438879157382,0.4061021806239974,0.0,0.0
1.0264609660243877,-0.09331463327494438,0.4057436519243066,0.0,0.0
1.0264609660243877,-0.03110487775831494,0.40556439678003287,0.0,0.0
1.0264609660243877,0.031104877758314498,0.40556439678003287,0.0,0.0
1.0264609660243877,0.09331463327494438,0.4057436519243066,0.0,0.0
1.0264609660243877,0.15552438879157382,0.4061021806239974,0.0,0.0
1.0264609660243877,0.21773414430820326,0.4066400164516326,0.0,0.0
1.0264609660243877,0.2799438998248327,0.407357201599315,0.0,0.0
1.0264609660243877,0.3421536553414626,0.40825377696047294,0.0,0.0
1.0264609660243877,0.404363410858092,0.4093297687091146,0.0,0.0
1.0264609660243877,0.46657316637472146,0.410585171209601,0.0,0.0
1.0264609660243877,0.5287829218913513,0.41201992605022847,0.0,0.0
1.0264609660243877,0.5909926774079808,0.41363389695600217,0.0,0.0
1.0264609660243877,0.6532024329246102,0.41542684030075466,0.0,0.0
1.0264609660243877,0.7154121884412397,0.41739837090738297,0.0,0.0
1.0264609660243877,0.7776219439578695,0.419547922798953,0.0,0.0
1.0264609660243877,0.839831699474499,0.42187470454472664,0.0,0.0
1.0264609660243877,0.9020414549911289,0.4243776488362803,0.0,0.0
1.0264609660243877,0.9642512105077579,0.4270553559328926,0.0,0.0
1.0264609660243877,1.0264609660243877,0.4299060306360465,0.0,0.0
1.0264609660243877,1.0886707215410176,0.43292741249474864,0.0,0.0
1.0264609660243877,1.1508804770576466,0.436116699011725,0.0,0.0
1.0264609660243877,1.2130902325742765,0.4394704617215537,0.0,0.0
1.0264609660243877,1.2752999880909055,0.44298455515234697,0.0,0.0
1.0264609660243877,1.3375097436075354,0.4466540188702344,0.0,0.0
1.0264609660243877,1.3997194991241653,0.45047297304857,0.0,0.0
1.0264609660243877,1.4619292546407943,0.45443450830940446,0.0,0.0
1.0264609660243877,1.5241390101574241,0.45853057096062755,0.0,0.0
1.0264609660243877,1.586348765674054,0.46275184520410745,0.0,0.0
1.0264609660243877,1.648558521190683,0.46708763442131807,0.0,0.0
1.0264609660243877,1.710768276707313,0.4715257442524287,0.0,0.0
1.0264609660243877,1.7729780322239428,0.47605237086582647,0.0,0.0
1.0264609660243877,1.8351877877405718,0.4806519985527827,0.0,0.0
1.0264609660243877,1.8973975432572017,0.48530731155150847,0.0,0.0
1.0264609660243877,1.9596072987738316,0.4899991257688352,0.0,0.0
1.0264609660243877,2.0218170542904605,0.4947063467746673,0.0,0.0
1.0264609660243877,2.0840268098070904,0.4994059610273583,0.0,0.0
1.0264609660243877,2.1462365653237194,0.5040730676655377,0.0,0.0
1.0264609660243877,2.2084463208403493,0.508680958279309,0.0,0.0
1.0264609660243877,2.270656076356979,0.5132012517492578,0.0,0.0
1.0264609660243877,2.332865831873608,0.5176040904141079,0.0,0.0
1.0264609660243877,2.395075587390238,0.5218584024083271,0.0,0.0
1.0264609660243877,2.457285342906868,0.5259322329379743,0.0,0.0
1.0264609660243877,2.519495098423497,0.5297931445194068,0.0,0.0
1.0264609660243877,2.581704853940127,0.5334086828355555,0.0,0.0
1.0264609660243877,2.6439146094567567,0.5367469009888969,0.0,0.0
1.0264609660243877,2.7061243649733857,0.5397769307541636,0.0,0.0
1.0264609660243877,2.7683341204900156,0.542469585245254,0.0,0.0
1.0264609660243877,2.8305438760066455,0.5447979735659657,0.0,0.0
1.0264609660243877,2.8927536315232745,0.546738104908216,0.0,0.0
1.0264609660243877,2.9549633870399044,0.5482694575855661,0.0,0.0
1.0264609660243877,3.0171731425565333,0.5493754879795316,0.0,0.0
1.0264609660243877,3.0793828980731632,0.5500440555571121,0.0,0.0
1.0886707215410176,-3.141592653589793,0.5566466851121488,0.0,0.0
1.0886707215410176,-3.0793828980731637,0.5564151311248806,0.0,0.0
1.0886707215410176,-3.017173142556534,0.5557230910591666,0.0,0.0
1.0886707215410176,-2.9549633870399044,0.5545783583435724,0.0,0.0
1.0886707215410176,-2.892753631523275,0.5529936850376318,0.0,0.0
1.0886707215410176,-2.8305438760066455,0.5509864395816229,0.0,0.0
1.0886707215410176,-2.7683341204900156,0.5485781529308251,0.0,0.0
1.0886707215410176,-2.706124364973386,0.5457939757605345,0.0,0.0
1.0886707215410176,-2.6439146094567567,0.5426620725647512,0.0,0.0
1.0886707215410176,-2.581704853940127,0.5392129796724536,0.0,0.0
1.0886707215410176,-2.5194950984234974,0.5354789535568252,0.0,0.0
1.0886707215410176,-2.457285342906868,0.5314933335727839,0.0,0.0
1.0886707215410176,-2.395075587390238,0.527289939804004,0.0,0.0
1.0886707215410176,-2.3328658318736086,0.5229025224680307,0.0,0.0
1.0886707215410176,-2.270656076356979,0.5183642747531347,0.0,0.0
1.0886707215410176,-2.2084463208403498,0.5137074164323966,0.0,0.0
1.0886707215410176,-2.1462365653237203,0.5089628514299099,0.0,0.0
1.0886707215410176,-2.0840268098070904,0.5041598989181691,0.0,0.0
1.0886707215410176,-2.021817054290461,0.49932609462794625,0.0,0.0
1.0886707215410176,-1.9596072987738313,0.4944870568920176,0.0,0.0
1.0886707215410176,-1.897397543257202,0.4896664104952555,0.0,0.0
1.0886707215410176,-1.8351877877405722,0.48488576059222793,0.0,0.0
1.0886707215410176,-1.7729780322239428,0.4801647086780392,0.0,0.0
1.0886707215410176,-1.7107682767073131,0.4755209027455891,0.0,0.0
1.0886707215410176,-1.6485585211906835,0.47097011422066426,0.0,0.0
1.0886707215410176,-1.586348765674054,0.46652633493288614,0.0,0.0
1.0886707215410176,-1.5241390101574244,0.4622018881679196,0.0,0.0
1.0886707215410176,-1.461929254640795,0.4580075486837549,0.0,0.0
1.0886707215410176,-1.3997194991241653,0.45395266740756046,0.0,0.0
1.0886707215410176,-1.3375097436075358,0.4500452973212888,0.0,0.0
1.0886707215410176,-1.2752999880909062,0.446292317768993,0.0,0.0
1.0886707215410176,-1.2130902325742767,0.44269955506256053,0.0,0.0
1.0886707215410176,-1.150880477057647,0.4392718978195269,0.0,0.0
1.0886707215410176,-1.0886707215410176,0.436013405937081,0.0,0.0
1.0886707215410176,-1.0264609660243877,0.43292741249474864,0.0,0.0
1.0886707215410176,-0.9642512105077583,0.43001661819153597,0.0,0.0
1.0886707215410176,-0.9020414549911289,0.42728317816989764,0.0,0.0
1.0886707215410176,-0.8398316994744994,0.42472878126762004,0.0,0.0
1.0886707215410176,-0.7776219439578695,0.4223547218782748,0.0,0.0
1.0886707215410176,-0.7154121884412401,0.42016196469949946,0.0,0.0
1.0886707215410176,-0.6532024329246107,0.4181512027133816,0.0,0.0
1.0886707215410176,-0.5909926774079808,0.4163229087812015,0.0,0.0
1.0886707215410176,-0.5287829218913513,0.41467738125131676,0.0,0.0
1.0886707215410176,-0.4665731663747219,0.4132147839787914,0.0,0.0
1.0886707215410176,-0.40436341085809246,0.411935181142379,0.0,0.0
1.0886707215410176,-0.3421536553414626,0.4108385672218502,0.0,0.0
1.0886707215410176,-0.27994389982483314,0.40992489246893227,0.0,0.0
1.0886707215410176,-0.2177341443082037,0.40919408417030056,0.0,0.0
1.0886707215410176,-0.15552438879157382,0.40864606396263764,0.0,0.0
1.0886707215410176,-0.09331463327494438,0.40828076141890834,0.0,0.0
1.0886707215410176,-0.03110487775831494,0.40809812408251817,0.0,0.0
1.0886707215410176,0.031104877758314498,0.40809812408251817,0.0,0.0
1.0886707215410176,0.09331463327494438,0.40828076141890834,0.0,0.0
1.0886707215410176,0.15552438879157382,0.40864606396263764,0.0,0.0
1.0886707215410176,0.21773414430820326,0.4091940841703005,0.0,0.0
1.0886707215410176,0.2799438998248327,0.40992489246893227,0.0,0.0
1.0886707215410176,0.3421536553414626,0.4108385672218502,0.0,0.0
1.0886707215410176,0.404363410858092,0.41193518114237904,0.0,0.0
1.0886707215410176,0.46657316637472146,0.41321478397879136,0.0,0.0
1.0886707215410176,0.5287829218913513,0.41467738125131676,0.0,0.0
1.0886707215410176,0.5909926774079808,0.4163229087812015,0.0,0.0
1.0886707215410176,0.6532024329246102,0.4181512027133816,0.0,0.0
1.0886707215410176,0.7154121884412397,0.42016196469949935,0.0,0.0
1.0886707215410176,0.7776219439578695,0.4223547218782748,0.0,0.0
1.0886707215410176,0.839831699474499,0.4247287812676201,0.0,0.0
1.0886707215410176,0.9020414549911289,0.42728317816989764,0.0,0.0
1.0886707215410176,0.9642512105077579,0.43001661819153586,0.0,0.0
1.0886707215410176,1.0264609660243877,0.43292741249474864,0.0,0.0
1.0886707215410176,1.0886707215410176,0.436013405937081,0.0,0.0
1.0886707215410176,1.1508804770576466,0.4392718978195269,0.0,0.0
1.0886707215410176,1.2130902325742765,0.44269955506256053,0.0,0.0
1.0886707215410176,1.2752999880909055,0.4462923177689929,0.0,0.0
1.0886707215410176,1.3375097436075354,0.45004529732128873,0.0,0.0
1.0886707215410176,1.3997194991241653,0.45395266740756046,0.0,0.0
1.0886707215410176,1.4619292546407943,0.4580075486837549,0.0,0.0
1.0886707215410176,1.5241390101574241,0.4622018881679196,0.0,0.0
1.0886707215410176,1.586348765674054,0.46652633493288614,0.0,0.0
1.0886707215410176,1.648558521190683,0.47097011422066426,0.0,0.0
1.0886707215410176,1.710768276707313,0.4755209027455891,0.0,0.0
1.0886707215410176,1.7729780322239428,0.4801647086780392,0.0,0.0
1.0886707215410176,1.8351877877405718,0.48488576059222793,0.0,0.0
1.0886707215410176,1.8973975432572017,0.4896664104952555,0.0,0.0
1.0886707215410176,1.9596072987738316,0.49448705689201766,0.0,0.0
1.0886707215410176,2.0218170542904605,0.49932609462794625,0.0,0.0
1.0886707215410176,2.0840268098070904,0.5041598989181691,0.0,0.0
1.0886707215410176,2.1462365653237194,0.5089628514299098,0.0,0.0
1.0886707215410176,2.2084463208403493,0.5137074164323966,0.0,0.0
1.0886707215410176,2.270656076356979,0.5183642747531347,0.0,0.0
1.0886707215410176,2.332865831873608,0.5229025224680307,0.0,0.0
1.0886707215410176,2.395075587390238,0.527289939804004,0.0,0.0
1.0886707215410176,2.457285342906868,0.5314933335727839,0.0,0.0
1.0886707215410176,2.519495098423497,0.5354789535568252,0.0,0.0
1.0886707215410176,2.581704853940127,0.5392129796724536,0.0,0.0
1.0886707215410176,2.6439146094567567,0.5426620725647512,0.0,0.0
1.0886707215410176,2.7061243649733857,0.5457939757605345,0.0,0.0
1.0886707215410176,2.7683341204900156,0.5485781529308251,0.0,0.0
1.0886707215410176,2.8305438760066455,0.5509864395816229,0.0,0.0
1.0886707215410176,2.8927536315232745,0.5529936850376318,0.0,0.0
1.0886707215410176,2.9549633870399044,0.5545783583435724,0.0,0.0
1.0886707215410176,3.0171731425565333,0.5557230910591665,0.0,0.0
1.0886707215410176,3.0793828980731632,0.5564151311248805,0.0,0.0
1.1508804770576466,-3.141592653589793,0.5634754734870665,0.0,0.0
1.1508804770576466,-3.0793828980731637,0.5632352963048838,0.0,0.0
1.1508804770576466,-3.017173142556534,0.5625175283631489,0.0,0.0
1.1508804770576466,-2.9549633870399044,0.5613303828460328,0.0,0.0
1.1508804770576466,-2.892753631523275,0.55968729387087,0.0,0.0
1.1508804770576466,-2.8305438760066455,0.5576065491809509,0.0,0.0
1.1508804770576466,-2.7683341204900156,0.5551108035557305,0.0,0.0
1.1508804770576466,-2.706124364973386,0.5522264976862596,0.0,0.0
1.1508804770576466,-2.6439146094567567,0.5489832106179111,0.0,0.0
1.1508804770576466,-2.581704853940127,0.5454129750776261,0.0,0.0
1.1508804770576466,-2.5194950984234974,0.5415495841850044,0.0,0.0
1.1508804770576466,-2.457285342906868,0.5374279154926732,0.0,0.0
1.1508804770576466,-2.395075587390238,0.5330832944386652,0.0,0.0
1.1508804770576466,-2.3328658318736086,0.528550914610184,0.0,0.0
1.1508804770576466,-2.270656076356979,0.5238653271977939,0.0,0.0
1.1508804770576466,-2.2084463208403498,0.5190600070888091,0.0,0.0
1.1508804770576466,-2.1462365653237203,0.5141669985446785,0.0,0.0
1.1508804770576466,-2.0840268098070904,0.509216639559693,0.0,0.0
1.1508804770576466,-2.021817054290461,0.5042373609326171,0.0,0.0
1.1508804770576466,-1.9596072987738313,0.4992555538322544,0.0,0.0
1.1508804770576466,-1.897397543257202,0.4942954981639233,0.0,0.0
1.1508804770576466,-1.8351877877405722,0.48937934325824506,0.0,0.0
1.1508804770576466,-1.7729780322239428,0.4845271321900831,0.0,0.0
1.1508804770576466,-1.7107682767073131,0.47975686126710626,0.0,0.0
1.1508804770576466,-1.6485585211906835,0.47508456678060307,0.0,0.0
1.1508804770576466,-1.586348765674054,0.4705244318744292,0.0,0.0
1.1508804770576466,-1.5241390101574244,0.46608890726721847,0.0,0.0
1.1508804770576466,-1.461929254640795,0.4617888404833432,0.0,0.0
1.1508804770576466,-1.3997194991241653,0.45763360915353496,0.0,0.0
1.1508804770576466,-1.3375097436075358,0.45363125479749955,0.0,0.0
1.1508804770576466,-1.2752999880909062,0.44978861427360234,0.0,0.0
1.1508804770576466,-1.2130902325742767,0.446111446761567,0.0,0.0
1.1508804770576466,-1.150880477057647,0.44260455472863475,0.0,0.0
1.1508804770576466,-1.0886707215410176,0.4392718978195269,0.0,0.0
1.1508804770576466,-1.0264609660243877,0.436116699011725,0.0,0.0
1.1508804770576466,-0.9642512105077583,0.43314154269839344,0.0,0.0
1.1508804770576466,-0.9020414549911289,0.4303484646113112,0.0,0.0
1.1508804770576466,-0.8398316994744994,0.4277390336853321,0.0,0.0
1.1508804770576466,-0.7776219439578695,0.4253144261037433,0.0,0.0
1.1508804770576466,-0.7154121884412401,0.42307549185929977,0.0,0.0
1.1508804770576466,-0.6532024329246107,0.4210228142266311,0.0,0.0
1.1508804770576466,-0.5909926774079808,0.41915676257508233,0.0,0.0
1.1508804770576466,-0.5287829218913513,0.4174775389627603,0.0,0.0
1.1508804770576466,-0.4665731663747219,0.41598521894757035,0.0,0.0
1.1508804770576466,-0.40436341085809246,0.4146797870333829,0.0,0.0
1.1508804770576466,-0.3421536553414626,0.4135611671424373,0.0,0.0
1.1508804770576466,-0.27994389982483314,0.4126292484712531,0.0,0.0
1.1508804770576466,-0.2177341443082037,0.41188390704867267,0.0,0.0
1.1508804770576466,-0.15552438879157382,0.4113250232727258,0.0,0.0
1.1508804770576466,-0.09331463327494438,0.4109524956589011,0.0,0.0
1.1508804770576466,-0.03110487775831494,0.41076625098693503,0.0,0.0
1.1508804770576466,0.031104877758314498,0.41076625098693503,0.0,0.0
1.1508804770576466,0.09331463327494438,0.4109524956589011,0.0,0.0
1.1508804770576466,0.15552438879157382,0.4113250232727258,0.0,0.0
1.1508804770576466,0.21773414430820326,0.4118839070486726,0.0,0.0
1.1508804770576466,0.2799438998248327,0.4126292484712531,0.0,0.0
1.1508804770576466,0.3421536553414626,0.4135611671424373,0.0,0.0
1.1508804770576466,0.404363410858092,0.41467978703338293,0.0,0.0
1.1508804770576466,0.46657316637472146,0.41598521894757035,0.0,0.0
1.1508804770576466,0.5287829218913513,0.4174775389627603,0.0,0.0
1.1508804770576466,0.5909926774079808,0.41915676257508233,0.0,0.0
1.1508804770576466,0.6532024329246102,0.42102281422663107,0.0,0.0
1.1508804770576466,0.7154121884412397,0.4230754918592997,0.0,0.0
1.1508804770576466,0.7776219439578695,0.4253144261037433,0.0,0.0
1.1508804770576466,0.839831699474499,0.4277390336853321,0.0,0.0
1.1508804770576466,0.9020414549911289,0.4303484646113112,0.0,0.0
1.1508804770576466,0.9642512105077579,0.4331415426983934,0.0,0.0
1.1508804770576466,1.0264609660243877,0.436116699011725,0.0,0.0
1.1508804770576466,1.0886707215410176,0.4392718978195269,0.0,0.0
1.1508804770576466,1.1508804770576466,0.44260455472863475,0.0,0.0
1.1508804770576466,1.2130902325742765,0.446111446761567,0.0,0.0
1.1508804770576466,1.2752999880909055,0.44978861427360234,0.0,0.0
1.1508804770576466,1.3375097436075354,0.45363125479749955,0.0,0.0
1.1508804770576466,1.3997194991241653,0.45763360915353496,0.0,0.0
1.1508804770576466,1.4619292546407943,0.4617888404833431,0.0,0.0
1.1508804770576466,1.5241390101574241,0.46608890726721847,0.0,0.0
1.1508804770576466,1.586348765674054,0.4705244318744292,0.0,0.0
1.1508804770576466,1.648558521190683,0.47508456678060307,0.0,0.0
1.1508804770576466,1.710768276707313,0.47975686126710626,0.0,0.0
1.1508804770576466,1.7729780322239428,0.4845271321900831,0.0,0.0
1.1508804770576466,1.8351877877405718,0.48937934325824506,0.0,0.0
1.1508804770576466,1.8973975432572017,0.4942954981639233,0.0,0.0
1.1508804770576466,1.9596072987738316,0.4992555538322544,0.0,0.0
1.1508804770576466,2.0218170542904605,0.5042373609326171,0.0,0.0
1.1508804770576466,2.0840268098070904,0.509216639559693,0.0,0.0
1.1508804770576466,2.1462365653237194,0.5141669985446785,0.0,0.0
1.1508804770576466,2.2084463208403493,0.5190600070888091,0.0,0.0
1.1508804770576466,2.270656076356979,0.5238653271977939,0.0,0.0
1.1508804770576466,2.332865831873608,0.528550914610184,0.0,0.0
1.1508804770576466,2.395075587390238,0.5330832944386652,0.0,0.0
1.1508804770576466,2.457285342906868,0.5374279154926732,0.0,0.0
1.1508804770576466,2.519495098423497,0.5415495841850044,0.0,0.0
1.1508804770576466,2.581704853940127,0.5454129750776261,0.0,0.0
1.1508804770576466,2.6439146094567567,0.5489832106179111,0.0,0.0
1.1508804770576466,2.7061243649733857,0.5522264976862595,0.0,0.0
1.1508804770576466,2.7683341204900156,0.5551108035557305,0.0,0.0
1.1508804770576466,2.8305438760066455,0.5576065491809509,0.0,0.0
1.1508804770576466,2.8927536315232745,0.55968729387087,0.0,0.0
1.1508804770576466,2.9549633870399044,0.5613303828460328,0.0,0.0
1.1508804770576466,3.0171731425565333,0.5625175283631489,0.0,0.0
1.1508804770576466,3.0793828980731632,0.5632352963048838,0.0,0.0
1.2130902325742765,-3.141592653589793,0.5707654645240541,0.0,0.0
1.2130902325742765,-3.0793828980731637,0.5705158484632189,0.0,0.0
1.2130902325742765,-3.017173142556534,0.5697699219962782,0.0,0.0
1.2130902325742765,-2.9549633870399044,0.5685363665271905,0.0,0.0
1.2130902325742765,-2.892753631523275,0.5668293765906154,0.0,0.0
1.2130902325742765,-2.8305438760066455,0.5646682640656012,0.0,0.0
1.2130902325742765,-2.7683341204900156,0.562076934444285,0.0,0.0
1.2130902325742765,-2.706124364973386,0.5590832622853438,0.0,0.0
1.2130902325742765,-2.6439146094567567,0.5557183965794068,0.0,0.0
1.2130902325742765,-2.581704853940127,0.5520160279739922,0.0,0.0
1.2130902325742765,-2.5194950984234974,0.5480116487797874,0.0,0.0
1.2130902325742765,-2.457285342906868,0.5437418337524061,0.0,0.0
1.2130902325742765,-2.395075587390238,0.5392435653008714,0.0,0.0
1.2130902325742765,-2.3328658318736086,0.5345536215659729,0.0,0.0
1.2130902325742765,-2.270656076356979,0.5297080402775902,0.0,0.0
1.2130902325742765,-2.2084463208403498,0.5247416659105395,0.0,0.0
1.2130902325742765,-2.1462365653237203,0.5196877827782586,0.0,0.0
1.2130902325742765,-2.0840268098070904,0.5145778325766133,0.0,0.0
1.2130902325742765,-2.021817054290461,0.5094412116424116,0.0,0.0
1.2130902325742765,-1.9596072987738313,0.5043051408475918,0.0,0.0
1.2130902325742765,-1.897397543257202,0.4991945995572834,0.0,0.0
1.2130902325742765,-1.8351877877405722,0.4941323143325142,0.0,0.0
1.2130902325742765,-1.7729780322239428,0.4891387929222935,0.0,0.0
1.2130902325742765,-1.7107682767073131,0.48423239442244426,0.0,0.0
1.2130902325742765,-1.6485585211906835,0.47942942714305437,0.0,0.0
1.2130902325742765,-1.586348765674054,0.4747442666012442,0.0,0.0
1.2130902325742765,-1.5241390101574244,0.4701894870399439,0.0,0.0
1.2130902325742765,-1.461929254640795,0.4657760008872424,0.0,0.0
1.2130902325742765,-1.3997194991241653,0.46151320155631304,0.0,0.0
1.2130902325742765,-1.3375097436075358,0.45740910590326994,0.0,0.0
1.2130902325742765,-1.2752999880909062,0.45347049348538376,0.0,0.0
1.2130902325742765,-1.2130902325742767,0.449703040482918,0.0,0.0
1.2130902325742765,-1.150880477057647,0.446111446761567,0.0,0.0
1.2130902325742765,-1.0886707215410176,0.44269955506256053,0.0,0.0
1.2130902325742765,-1.0264609660243877,0.4394704617215537,0.0,0.0
1.2130902325742765,-0.9642512105077583,0.4364266186453741,0.0,0.0
1.2130902325742765,-0.9020414549911289,0.43356992652851983,0.0,0.0
1.2130902325742765,-0.8398316994744994,0.4309018194800491,0.0,0.0
1.2130902325742765,-0.7776219439578695,0.42842334136670324,0.0,0.0
1.2130902325742765,-0.7154121884412401,0.4261352142693968,0.0,0.0
1.2130902325742765,-0.6532024329246107,0.42403789950611676,0.0,0.0
1.2130902325742765,-0.5909926774079808,0.42213165170217765,0.0,0.0
1.2130902325742765,-0.5287829218913513,0.42041656639490876,0.0,0.0
1.2130902325742765,-0.4665731663747219,0.418892621649363,0.0,0.0
1.2130902325742765,-0.40436341085809246,0.41755971413873266,0.0,0.0
1.2130902325742765,-0.3421536553414626,0.41641769011119023,0.0,0.0
1.2130902325742765,-0.27994389982483314,0.41546637162645605,0.0,0.0
1.2130902325742765,-0.2177341443082037,0.4147055784025452,0.0,0.0
1.2130902325742765,-0.15552438879157382,0.4141351455673657,0.0,0.0
1.2130902325742765,-0.09331463327494438,0.413754937562205,0.0,0.0
1.2130902325742765,-0.03110487775831494,0.41356485839543244,0.0,0.0
1.2130902325742765,0.031104877758314498,0.41356485839543244,0.0,0.0
1.2130902325742765,0.09331463327494438,0.413754937562205,0.0,0.0
1.2130902325742765,0.15552438879157382,0.4141351455673657,0.0,0.0
1.2130902325742765,0.21773414430820326,0.4147055784025452,0.0,0.0
1.2130902325742765,0.2799438998248327,0.41546637162645605,0.0,0.0
1.2130902325742765,0.3421536553414626,0.41641769011119023,0.0,0.0
1.2130902325742765,0.404363410858092,0.41755971413873266,0.0,0.0
1.2130902325742765,0.46657316637472146,0.4188926216493629,0.0,0.0
1.2130902325742765,0.5287829218913513,0.42041656639490876,0.0,0.0
1.2130902325742765,0.5909926774079808,0.42213165170217765,0.0,0.0
1.2130902325742765,0.6532024329246102,0.42403789950611676,0.0,0.0
1.2130902325742765,0.7154121884412397,0.4261352142693968,0.0,0.0
1.2130902325742765,0.7776219439578695,0.42842334136670324,0.0,0.0
1.2130902325742765,0.839831699474499,0.4309018194800491,0.0,0.0
1.2130902325742765,0.9020414549911289,0.43356992652851983,0.0,0.0
1.2130902325742765,0.9642512105077579,0.4364266186453741,0.0,0.0
1.2130902325742765,1.0264609660243877,0.4394704617215537,0.0,0.0
1.2130902325742765,1.0886707215410176,0.44269955506256053,0.0,0.0
1.2130902325742765,1.1508804770576466,0.446111446761567,0.0,0.0
1.2130902325742765,1.2130902325742765,0.449703040482918,0.0,0.0
1.2130902325742765,1.2752999880909055,0.4534704934853837,0.0,0.0
1.2130902325742765,1.3375097436075354,0.45740910590326994,0.0,0.0
1.2130902325742765,1.3997194991241653,0.46151320155631304,0.0,0.0
1.2130902325742765,1.4619292546407943,0.4657760008872424,0.0,0.0
1.2130902325742765,1.5241390101574241,0.4701894870399439,0.0,0.0
1.2130902325742765,1.586348765674054,0.4747442666012442,0.0,0.0
1.2130902325742765,1.648558521190683,0.47942942714305437,0.0,0.0
1.2130902325742765,1.710768276707313,0.48423239442244426,0.0,0.0
1.2130902325742765,1.7729780322239428,0.4891387929222935,0.0,0.0
1.2130902325742765,1.8351877877405718,0.4941323143325142,0.0,0.0
1.2130902325742765,1.8973975432572017,0.4991945995572833,0.0,0.0
1.2130902325742765,1.9596072987738316,0.5043051408475918,0.0,0.0
1.2130902325742765,2.0218170542904605,0.5094412116424116,0.0,0.0
1.2130902325742765,2.0840268098070904,0.5145778325766133,0.0,0.0
1.2130902325742765,2.1462365653237194,0.5196877827782586,0.0,0.0
1.2130902325742765,2.2084463208403493,0.5247416659105394,0.0,0.0
1.2130902325742765,2.270656076356979,0.5297080402775902,0.0,0.0
1.2130902325742765,2.332865831873608,0.5345536215659729,0.0,0.0
1.2130902325742765,2.395075587390238,0.5392435653008714,0.0,0.0
1.2130902325742765,2.457285342906868,0.5437418337524061,0.0,0.0
1.2130902325742765,2.519495098423497,0.5480116487797873,0.0,0.0
1.2130902325742765,2.581704853940127,0.5520160279739922,0.0,0.0
1.2130902325742765,2.6439146094567567,0.5557183965794068,0.0,0.0
1.2130902325742765,2.7061243649733857,0.5590832622853438,0.0,0.0
1.2130902325742765,2.7683341204900156,0.562076934444285,0.0,0.0
1.2130902325742765,2.8305438760066455,0.5646682640656012,0.0,0.0
1.2130902325742765,2.8927536315232745,0.5668293765906154,0.0,0.0
1.2130902325742765,2.9549633870399044,0.5685363665271905,0.0,0.0
1.2130902325742765,3.0171731425565333,0.5697699219962782,0.0,0.0
1.2130902325742765,3.0793828980731632,0.5705158484632189,0.0,0.0
1.2752999880909055,-3.141592653589793,0.5785279806090905,0.0,0.0
1.2752999880909055,-3.0793828980731637,0.5782680456045567,0.0,0.0
1.2752999880909055,-3.017173142556534,0.5774913386975065,0.0,0.0
1.2752999880909055,-2.9549633870399044,0.5762070635010289,0.0,0.0
1.2752999880909055,-2.892753631523275,0.5744302621808972,0.0,0.0
1.2752999880909055,-2.8305438760066455,0.5721813872717688,0.0,0.0
1.2752999880909055,-2.7683341204900156,0.5694857357575962,0.0,0.0
1.2752999880909055,-2.706124364973386,0.5663727753029372,0.0,0.0
1.2752999880909055,-2.6439146094567567,0.5628753963905346,0.0,0.0
1.2752999880909055,-2.581704853940127,0.5590291253331061,0.0,0.0
1.2752999880909055,-2.5194950984234974,0.5548713318459803,0.0,0.0
1.2752999880909055,-2.457285342906868,0.550440461493363,0.0,0.0
1.2752999880909055,-2.395075587390238,0.5457753184126382,0.0,0.0
1.2752999880909055,-2.3328658318736086,0.5409144179013193,0.0,0.0
1.2752999880909055,-2.270656076356979,0.535895422324196,0.0,0.0
1.2752999880909055,-2.2084463208403498,0.5307546678841796,0.0,0.0
1.2752999880909055,-2.1462365653237203,0.5255267844959557,0.0,0.0
1.2752999880909055,-2.0840268098070904,0.520244406564896,0.0,0.0
1.2752999880909055,-2.021817054290461,0.514937969030232,0.0,0.0
1.2752999880909055,-1.9596072987738313,0.5096355805944053,0.0,0.0
1.2752999880909055,-1.897397543257202,0.504362964558415,0.0,0.0
1.2752999880909055,-1.8351877877405722,0.4991434569895171,0.0,0.0
1.2752999880909055,-1.7729780322239428,0.4939980519082278,0.0,0.0
1.2752999880909055,-1.7107682767073131,0.48894548363523677,0.0,0.0
1.2752999880909055,-1.6485585211906835,0.4840023372337801,0.0,0.0
1.2752999880909055,-1.586348765674054,0.47918317898651935,0.0,0.0
1.2752999880909055,-1.5241390101574244,0.47450069994919536,0.0,0.0
1.2752999880909055,-1.461929254640795,0.4699658667423827,0.0,0.0
1.2752999880909055,-1.3997194991241653,0.46558807481712355,0.0,0.0
1.2752999880909055,-1.3375097436075358,0.46137530042004093,0.0,0.0
1.2752999880909055,-1.2752999880909062,0.4573342483654239,0.0,0.0
1.2752999880909055,-1.2130902325742767,0.45347049348538376,0.0,0.0
1.2752999880909055,-1.150880477057647,0.44978861427360234,0.0,0.0
1.2752999880909055,-1.0886707215410176,0.4462923177689929,0.0,0.0
1.2752999880909055,-1.0264609660243877,0.44298455515234697,0.0,0.0
1.2752999880909055,-0.9642512105077583,0.439867627863498,0.0,0.0
1.2752999880909055,-0.9020414549911289,0.436943284301215,0.0,0.0
1.2752999880909055,-0.8398316994744994,0.43421280735529855,0.0,0.0
1.2752999880909055,-0.7776219439578695,0.43167709315178926,0.0,0.0
1.2752999880909055,-0.7154121884412401,0.4293367214782511,0.0,0.0
1.2752999880909055,-0.6532024329246107,0.42719201840595034,0.0,0.0
1.2752999880909055,-0.5909926774079808,0.42524311164722534,0.0,0.0
1.2752999880909055,-0.5287829218913513,0.4234899791860199,0.0,0.0
1.2752999880909055,-0.4665731663747219,0.4219324917028042,0.0,0.0
1.2752999880909055,-0.40436341085809246,0.4205704492862771,0.0,0.0
1.2752999880909055,-0.3421536553414626,0.419403612886762,0.0,0.0
1.2752999880909055,-0.27994389982483314,0.4184317309227279,0.0,0.0
1.2752999880909055,-0.2177341443082037,0.41765456140439594,0.0,0.0
1.2752999880909055,-0.15552438879157382,0.4170718898884076,0.0,0.0
1.2752999880909055,-0.09331463327494438,0.4166835435260767,0.0,0.0
1.2752999880909055,-0.03110487775831494,0.41648940141553437,0.0,0.0
1.2752999880909055,0.031104877758314498,0.41648940141553437,0.0,0.0
1.2752999880909055,0.09331463327494438,0.4166835435260767,0.0,0.0
1.2752999880909055,0.15552438879157382,0.4170718898884076,0.0,0.0
1.2752999880909055,0.21773414430820326,0.41765456140439594,0.0,0.0
1.2752999880909055,0.2799438998248327,0.4184317309227279,0.0,0.0
1.2752999880909055,0.3421536553414626,0.419403612886762,0.0,0.0
1.2752999880909055,0.404363410858092,0.4205704492862771,0.0,0.0
1.2752999880909055,0.46657316637472146,0.42193249170280417,0.0,0.0
1.2752999880909055,0.5287829218913513,0.4234899791860199,0.0,0.0
1.2752999880909055,0.5909926774079808,0.42524311164722534,0.0,0.0
1.2752999880909055,0.6532024329246102,0.4271920184059503,0.0,0.0
1.2752999880909055,0.7154121884412397,0.4293367214782511,0.0,0.0
1.2752999880909055,0.7776219439578695,0.43167709315178926,0.0,0.0
1.2752999880909055,0.839831699474499,0.4342128073552986,0.0,0.0
1.2752999880909055,0.9020414549911289,0.436943284301215,0.0,0.0
1.2752999880909055,0.9642512105077579,0.439867627863498,0.0,0.0
1.2752999880909055,1.0264609660243877,0.44298455515234697,0.0,0.0
1.2752999880909055,1.0886707215410176,0.4462923177689929,0.0,0.0
1.2752999880909055,1.1508804770576466,0.4497886142736022,0.0,0.0
1.2752999880909055,1.2130902325742765,0.4534704934853837,0.0,0.0
1.2752999880909055,1.2752999880909055,0.4573342483654239,0.0,0.0
1.2752999880909055,1.3375097436075354,0.4613753004200408,0.0,0.0
1.2752999880909055,1.3997194991241653,0.46558807481712355,0.0,0.0
1.2752999880909055,1.4619292546407943,0.4699658667423827,0.0,0.0
1.2752999880909055,1.5241390101574241,0.47450069994919536,0.0,0.0
1.2752999880909055,1.586348765674054,0.47918317898651935,0.0,0.0
1.2752999880909055,1.648558521190683,0.48400233723378,0.0,0.0
1.2752999880909055,1.710768276707313,0.48894548363523677,0.0,0.0
1.2752999880909055,1.7729780322239428,0.4939980519082278,0.0,0.0
1.2752999880909055,1.8351877877405718,0.4991434569895171,0.0,0.0
1.2752999880909055,1.8973975432572017,0.504362964558415,0.0,0.0
1.2752999880909055,1.9596072987738316,0.5096355805944053,0.0,0.0
1.2752999880909055,2.0218170542904605,0.514937969030232,0.0,0.0
1.2752999880909055,2.0840268098070904,0.520244406564896,0.0,0.0
1.2752999880909055,2.1462365653237194,0.5255267844959557,0.0,0.0
1.2752999880909055,2.2084463208403493,0.5307546678841795,0.0,0.0
1.2752999880909055,2.270656076356979,0.535895422324196,0.0,0.0
1.2752999880909055,2.332865831873608,0.5409144179013193,0.0,0.0
1.2752999880909055,2.395075587390238,0.5457753184126382,0.0,0.0
1.2752999880909055,2.457285342906868,0.550440461493363,0.0,0.0
1.2752999880909055,2.519495098423497,0.5548713318459803,0.0,0.0
1.2752999880909055,2.581704853940127,0.5590291253331061,0.0,0.0
1.2752999880909055,2.6439146094567567,0.5628753963905346,0.0,0.0
1.2752999880909055,2.7061243649733857,0.5663727753029371,0.0,0.0
1.2752999880909055,2.7683341204900156,0.5694857357575962,0.0,0.0
1.2752999880909055,2.8305438760066455,0.5721813872717688,0.0,0.0
1.2752999880909055,2.8927536315232745,0.5744302621808972,0.0,0.0
1.2752999880909055,2.9549633870399044,0.5762070635010289,0.0,0.0
1.2752999880909055,3.0171731425565333,0.5774913386975065,0.0,0.0
1.2752999880909055,3.0793828980731632,0.5782680456045567,0.0,0.0
1.3375097436075354,-3.141592653589793,0.58677408081295,0.0,0.0
1.3375097436075354,-3.0793828980731637,0.5865028768532649,0.0,0.0
1.3375097436075354,-3.017173142556534,0.5856925598755854,0.0,0.0
1.3375097436075354,-2.9549633870399044,0.5843529159344778,0.0,0.0
1.3375097436075354,-2.892753631523275,0.5824999320322004,0.0,0.0
1.3375097436075354,-2.8305438760066455,0.5801553310412211,0.0,0.0
1.3375097436075354,-2.7683341204900156,0.5773459578190121,0.0,0.0
1.3375097436075354,-2.706124364973386,0.5741030495988724,0.0,0.0
1.3375097436075354,-2.6439146094567567,0.5704614279108756,0.0,0.0
1.3375097436075354,-2.581704853940127,0.5664586504735029,0.0,0.0
1.3375097436075354,-2.5194950984234974,0.5621341599004236,0.0,0.0
1.3375097436075354,-2.457285342906868,0.5575284621592539,0.0,0.0
1.3375097436075354,-2.395075587390238,0.5526823621434827,0.0,0.0
1.3375097436075354,-2.3328658318736086,0.5476362771849242,0.0,0.0
1.3375097436075354,-2.270656076356979,0.5424296425219446,0.0,0.0
1.3375097436075354,-2.2084463208403498,0.5371004162257482,0.0,0.0
1.3375097436075354,-2.1462365653237203,0.5316846853051554,0.0,0.0
1.3375097436075354,-2.0840268098070904,0.5262163699319817,0.0,0.0
1.3375097436075354,-2.021817054290461,0.5207270190768977,0.0,0.0
1.3375097436075354,-1.9596072987738313,0.5152456883173063,0.0,0.0
1.3375097436075354,-1.897397543257202,0.50979888908058,0.0,0.0
1.3375097436075354,-1.8351877877405722,0.5044105979665007,0.0,0.0
1.3375097436075354,-1.7729780322239428,0.49910231487324713,0.0,0.0
1.3375097436075354,-1.7107682767073131,0.49389315924963284,0.0,0.0
1.3375097436075354,-1.6485585211906835,0.4887999947438786,0.0,0.0
1.3375097436075354,-1.586348765674054,0.48383757367085944,0.0,0.0
1.3375097436075354,-1.5241390101574244,0.4790186939584429,0.0,0.0
1.3375097436075354,-1.461929254640795,0.4743543624706278,0.0,0.0
1.3375097436075354,-1.3997194991241653,0.4698539597783276,0.0,0.0
1.3375097436075354,-1.3375097436075358,0.4655254025178087,0.0,0.0
1.3375097436075354,-1.2752999880909062,0.46137530042004093,0.0,0.0
1.3375097436075354,-1.2130902325742767,0.45740910590326994,0.0,0.0
1.3375097436075354,-1.150880477057647,0.45363125479749955,0.0,0.0
1.3375097436075354,-1.0886707215410176,0.45004529732128873,0.0,0.0
1.3375097436075354,-1.0264609660243877,0.4466540188702344,0.0,0.0
1.3375097436075354,-0.9642512105077583,0.44345955051650354,0.0,0.0
1.3375097436075354,-0.9020414549911289,0.44046346937409964,0.0,0.0
1.3375097436075354,-0.8398316994744994,0.4376668891689873,0.0,0.0
1.3375097436075354,-0.7776219439578695,0.4350705414795021,0.0,0.0
1.3375097436075354,-0.7154121884412401,0.43267484819199775,0.0,0.0
1.3375097436075354,-0.6532024329246107,0.43047998575925844,0.0,0.0
1.3375097436075354,-0.5909926774079808,0.42848594186316324,0.0,0.0
1.3375097436075354,-0.5287829218913513,0.4266925650753383,0.0,0.0
1.3375097436075354,-0.4665731663747219,0.42509960808567104,0.0,0.0
1.3375097436075354,-0.40436341085809246,0.4237067650330753,0.0,0.0
1.3375097436075354,-0.3421536553414626,0.4225137034292819,0.0,0.0
1.3375097436075354,-0.27994389982483314,0.42152009111735345,0.0,0.0
1.3375097436075354,-0.2177341443082037,0.420725618654093,0.0,0.0
1.3375097436075354,-0.15552438879157382,0.4201300174509616,0.0,0.0
1.3375097436075354,-0.09331463327494438,0.41973307395253073,0.0,0.0
1.3375097436075354,-0.03110487775831494,0.41953464007552643,0.0,0.0
1.3375097436075354,0.031104877758314498,0.41953464007552643,0.0,0.0
1.3375097436075354,0.09331463327494438,0.41973307395253073,0.0,0.0
1.3375097436075354,0.15552438879157382,0.4201300174509616,0.0,0.0
1.3375097436075354,0.21773414430820326,0.42072561865409297,0.0,0.0
1.3375097436075354,0.2799438998248327,0.42152009111735345,0.0,0.0
1.3375097436075354,0.3421536553414626,0.4225137034292819,0.0,0.0
1.3375097436075354,0.404363410858092,0.4237067650330753,0.0,0.0
1.3375097436075354,0.46657316637472146,0.42509960808567093,0.0,0.0
1.3375097436075354,0.5287829218913513,0.4266925650753383,0.0,0.0
1.3375097436075354,0.5909926774079808,0.42848594186316324,0.0,0.0
1.3375097436075354,0.6532024329246102,0.4304799857592584,0.0,0.0
1.3375097436075354,0.7154121884412397,0.43267484819199775,0.0,0.0
1.3375097436075354,0.7776219439578695,0.4350705414795021,0.0,0.0
1.3375097436075354,0.839831699474499,0.4376668891689873,0.0,0.0
1.3375097436075354,0.9020414549911289,0.44046346937409964,0.0,0.0
1.3375097436075354,0.9642512105077579,0.4434595505165035,0.0,0.0
1.3375097436075354,1.0264609660243877,0.4466540188702344,0.0,0.0
1.3375097436075354,1.0886707215410176,0.45004529732128873,0.0,0.0
1.3375097436075354,1.1508804770576466,0.45363125479749944,0.0,0.0
1.3375097436075354,1.2130902325742765,0.45740910590326994,0.0,0.0
1.3375097436075354,1.2752999880909055,0.4613753004200408,0.0,0.0
1.3375097436075354,1.3375097436075354,0.46552540251780866,0.0,0.0
1.3375097436075354,1.3997194991241653,0.4698539597783276,0.0,0.0
1.3375097436075354,1.4619292546407943,0.47435436247062773,0.0,0.0
1.3375097436075354,1.5241390101574241,0.4790186939584429,0.0,0.0
1.3375097436075354,1.586348765674054,0.48383757367085944,0.0,0.0
1.3375097436075354,1.648558521190683,0.4887999947438786,0.0,0.0
1.3375097436075354,1.710768276707313,0.49389315924963284,0.0,0.0
1.3375097436075354,1.7729780322239428,0.49910231487324713,0.0,0.0
1.3375097436075354,1.8351877877405718,0.5044105979665007,0.0,0.0
1.3375097436075354,1.8973975432572017,0.50979888908058,0.0,0.0
1.3375097436075354,1.9596072987738316,0.5152456883173063,0.0,0.0
1.3375097436075354,2.0218170542904605,0.5207270190768976,0.0,0.0
1.3375097436075354,2.0840268098070904,0.5262163699319817,0.0,0.0
1.3375097436075354,2.1462365653237194,0.5316846853051553,0.0,0.0
1.3375097436075354,2.2084463208403493,0.5371004162257482,0.0,0.0
1.3375097436075354,2.270656076356979,0.5424296425219446,0.0,0.0
1.3375097436075354,2.332865831873608,0.5476362771849242,0.0,0.0
1.3375097436075354,2.395075587390238,0.5526823621434827,0.0,0.0
1.3375097436075354,2.457285342906868,0.5575284621592539,0.0,0.0
1.3375097436075354,2.519495098423497,0.5621341599004236,0.0,0.0
1.3375097436075354,2.581704853940127,0.5664586504735029,0.0,0.0
1.3375097436075354,2.6439146094567567,0.5704614279108756,0.0,0.0
1.3375097436075354,2.7061243649733857,0.5741030495988723,0.0,0.0
1.3375097436075354,2.7683341204900156,0.5773459578190121,0.0,0.0
1.3375097436075354,2.8305438760066455,0.5801553310412211,0.0,0.0
1.3375097436075354,2.8927536315232745,0.5824999320322005,0.0,0.0
1.3375097436075354,2.9549633870399044,0.5843529159344778,0.0,0.0
1.3375097436075354,3.0171731425565333,0.5856925598755854,0.0,0.0
1.3375097436075354,3.0793828980731632,0.5865028768532649,0.0,0.0
1.3997194991241653,-3.141592653589793,0.5955142770919718,0.0,0.0
1.3997194991241653,-3.0793828980731637,0.5952307785958985,0.0,0.0
1.3997194991241653,-3.017173142556534,0.5943837976025664,0.0,0.0
1.3997194991241653,-2.9549633870399044,0.5929837698757847,0.0,0.0
1.3997194991241653,-2.892753631523275,0.5910477357034505,0.0,0.0
1.3997194991241653,-2.8305438760066455,0.5885988327581316,0.0,0.0
1.3997194991241653,-2.7683341204900156,0.585665627621986,0.0,0.0
1.3997194991241653,-2.706124364973386,0.5822813227744802,0.0,0.0
1.3997194991241653,-2.6439146094567567,0.5784828803462623,0.0,0.0
1.3997194991241653,-2.581704853940127,0.5743101050774627,0.0,0.0
1.3997194991241653,-2.5194950984234974,0.5698047269342438,0.0,0.0
1.3997194991241653,-2.457285342906868,0.5650095192897245,0.0,0.0
1.3997194991241653,-2.395075587390238,0.559967482210945,0.0,0.0
1.3997194991241653,-2.3328658318736086,0.5547211130250613,0.0,0.0
1.3997194991241653,-2.270656076356979,0.5493117787340168,0.0,0.0
1.3997194991241653,-2.2084463208403498,0.5437791976503153,0.0,0.0
1.3997194991241653,-2.1462365653237203,0.5381610313081466,0.0,0.0
1.3997194991241653,-2.0840268098070904,0.5324925825504193,0.0,0.0
1.3997194991241653,-2.021817054290461,0.5268065918196749,0.0,0.0
1.3997194991241653,-1.9596072987738313,0.5211331210671386,0.0,0.0
1.3997194991241653,-1.897397543257202,0.515499513217841,0.0,0.0
1.3997194991241653,-1.8351877877405722,0.509930414609402,0.0,0.0
1.3997194991241653,-1.7729780322239428,0.5044478480506059,0.0,0.0
1.3997194991241653,-1.7107682767073131,0.4990713249169558,0.0,0.0
1.3997194991241653,-1.6485585211906835,0.4938179858262897,0.0,0.0
1.3997194991241653,-1.586348765674054,0.48870276075949826,0.0,0.0
1.3997194991241653,-1.5241390101574244,0.48373854088360063,0.0,0.0
1.3997194991241653,-1.461929254640795,0.4789363557036136,0.0,0.0
1.3997194991241653,-1.3997194991241653,0.4743055504517762,0.0,0.0
1.3997194991241653,-1.3375097436075358,0.4698539597783276,0.0,0.0
1.3997194991241653,-1.2752999880909062,0.46558807481712355,0.0,0.0
1.3997194991241653,-1.2130902325742767,0.46151320155631304,0.0,0.0
1.3997194991241653,-1.150880477057647,0.45763360915353496,0.0,0.0
1.3997194991241653,-1.0886707215410176,0.45395266740756046,0.0,0.0
1.3997194991241653,-1.0264609660243877,0.45047297304857,0.0,0.0
1.3997194991241653,-0.9642512105077583,0.44719646485345416,0.0,0.0
1.3997194991241653,-0.9020414549911289,0.4441245278469081,0.0,0.0
1.3997194991241653,-0.8398316994744994,0.44125808702906666,0.0,0.0
1.3997194991241653,-0.7776219439578695,0.43859769118997916,0.0,0.0
1.3997194991241653,-0.7154121884412401,0.43614358744269255,0.0,0.0
1.3997194991241653,-0.6532024329246107,0.4338957871406183,0.0,0.0
1.3997194991241653,-0.5909926774079808,0.4318541238500628,0.0,0.0
1.3997194991241653,-0.5287829218913513,0.43001830403253083,0.0,0.0
1.3997194991241653,-0.4665731663747219,0.42838795105951244,0.0,0.0
1.3997194991241653,-0.40436341085809246,0.426962643139524,0.0,0.0
1.3997194991241653,-0.3421536553414626,0.4257419456867568,0.0,0.0
1.3997194991241653,-0.27994389982483314,0.4247254386054658,0.0,0.0
1.3997194991241653,-0.2177341443082037,0.42391273890617803,0.0,0.0
1.3997194991241653,-0.15552438879157382,0.42330351901029,0.0,0.0
1.3997194991241653,-0.09331463327494438,0.42289752103959405,0.0,0.0
1.3997194991241653,-0.03110487775831494,0.4226945673272789,0.0,0.0
1.3997194991241653,0.031104877758314498,0.4226945673272789,0.0,0.0
1.3997194991241653,0.09331463327494438,0.42289752103959405,0.0,0.0
1.3997194991241653,0.15552438879157382,0.42330351901029,0.0,0.0
1.3997194991241653,0.21773414430820326,0.42391273890617803,0.0,0.0
1.3997194991241653,0.2799438998248327,0.4247254386054658,0.0,0.0
1.3997194991241653,0.3421536553414626,0.4257419456867568,0.0,0.0
1.3997194991241653,0.404363410858092,0.426962643139524,0.0,0.0
1.3997194991241653,0.46657316637472146,0.4283879510595124,0.0,0.0
1.3997194991241653,0.5287829218913513,0.43001830403253083,0.0,0.0
1.3997194991241653,0.5909926774079808,0.4318541238500628,0.0,0.0
1.3997194991241653,0.6532024329246102,0.43389578714061827,0.0,0.0
1.3997194991241653,0.7154121884412397,0.4361435874426925,0.0,0.0
1.3997194991241653,0.7776219439578695,0.43859769118997916,0.0,0.0
1.3997194991241653,0.839831699474499,0.44125808702906666,0.0,0.0
1.3997194991241653,0.9020414549911289,0.4441245278469081,0.0,0.0
1.3997194991241653,0.9642512105077579,0.44719646485345405,0.0,0.0
1.3997194991241653,1.0264609660243877,0.45047297304857,0.0,0.0
1.3997194991241653,1.0886707215410176,0.45395266740756046,0.0,0.0
1.3997194991241653,1.1508804770576466,0.45763360915353496,0.0,0.0
1.3997194991241653,1.2130902325742765,0.46151320155631304,0.0,0.0
1.3997194991241653,1.2752999880909055,0.46558807481712355,0.0,0.0
1.3997194991241653,1.3375097436075354,0.4698539597783276,0.0,0.0
1.3997194991241653,1.3997194991241653,0.4743055504517762,0.0,0.0
1.3997194991241653,1.4619292546407943,0.4789363557036136,0.0,0.0
1.3997194991241653,1.5241390101574241,0.48373854088360063,0.0,0.0
1.3997194991241653,1.586348765674054,0.48870276075949826,0.0,0.0
1.3997194991241653,1.648558521190683,0.4938179858262897,0.0,0.0
1.3997194991241653,1.710768276707313,0.4990713249169558,0.0,0.0
1.3997194991241653,1.7729780322239428,0.5044478480506059,0.0,0.0
1.3997194991241653,1.8351877877405718,0.5099304146094019,0.0,0.0
1.3997194991241653,1.8973975432572017,0.515499513217841,0.0,0.0
1.3997194991241653,1.9596072987738316,0.5211331210671386,0.0,0.0
1.3997194991241653,2.0218170542904605,0.5268065918196748,0.0,0.0
1.3997194991241653,2.0840268098070904,0.5324925825504193,0.0,0.0
1.3997194991241653,2.1462365653237194,0.5381610313081466,0.0,0.0
1.3997194991241653,2.2084463208403493,0.5437791976503153,0.0,0.0
1.3997194991241653,2.270656076356979,0.5493117787340168,0.0,0.0
1.3997194991241653,2.332865831873608,0.5547211130250613,0.0,0.0
1.3997194991241653,2.395075587390238,0.559967482210945,0.0,0.0
1.3997194991241653,2.457285342906868,0.5650095192897245,0.0,0.0
1.3997194991241653,2.519495098423497,0.5698047269342437,0.0,0.0
1.3997194991241653,2.581704853940127,0.5743101050774627,0.0,0.0
1.3997194991241653,2.6439146094567567,0.5784828803462623,0.0,0.0
1.3997194991241653,2.7061243649733857,0.5822813227744802,0.0,0.0
1.3997194991241653,2.7683341204900156,0.585665627621986,0.0,0.0
1.3997194991241653,2.8305438760066455,0.5885988327581316,0.0,0.0
1.3997194991241653,2.8927536315232745,0.5910477357034505,0.0,0.0
1.3997194991241653,2.9549633870399044,0.5929837698757847,0.0,0.0
1.3997194991241653,3.0171731425565333,0.5943837976025664,0.0,0.0
1.3997194991241653,3.0793828980731632,0.5952307785958985,0.0,0.0
1.4619292546407943,-3.141592653589793,0.6047581857092593,0.0,0.0
1.4619292546407943,-3.0793828980731637,0.6044612859870652,0.0,0.0
1.4619292546407943,-3.017173142556534,0.6035743463996833,0.0,0.0
1.4619292546407943,-2.9549633870399044,0.6021085275905029,0.0,0.0
1.4619292546407943,-2.892753631523275,0.6000820441921847,0.0,0.0
1.4619292546407943,-2.8305438760066455,0.5975196096766174,0.0,0.0
1.4619292546407943,-2.7683341204900156,0.5944517056856394,0.0,0.0
1.4619292546407943,-2.706124364973386,0.5909137169657048,0.0,0.0
1.4619292546407943,-2.6439146094567567,0.5869449779041161,0.0,0.0
1.4619292546407943,-2.581704853940127,0.582587777713121,0.0,0.0
1.4619292546407943,-2.5194950984234974,0.5778863688438665,0.0,0.0
1.4619292546407943,-2.457285342906868,0.5728860178953704,0.0,0.0
1.4619292546407943,-2.395075587390238,0.5676321309850385,0.0,0.0
1.4619292546407943,-2.3328658318736086,0.5621694772020124,0.0,0.0
1.4619292546407943,-2.270656076356979,0.5565415252449993,0.0,0.0
1.4619292546407943,-2.2084463208403498,0.5507899003697363,0.0,0.0
1.4619292546407943,-2.1462365653237203,0.5449539618513018,0.0,0.0
1.4619292546407943,-2.0840268098070904,0.5390704956025676,0.0,0.0
1.4619292546407943,-2.021817054290461,0.5331735124880644,0.0,0.0
1.4619292546407943,-1.9596072987738313,0.5272941401841437,0.0,0.0
1.4619292546407943,-1.897397543257202,0.5214605950058714,0.0,0.0
1.4619292546407943,-1.8351877877405722,0.5156982197312824,0.0,0.0
1.4619292546407943,-1.7729780322239428,0.5100295738641349,0.0,0.0
1.4619292546407943,-1.7107682767073131,0.5044745637529718,0.0,0.0
1.4619292546407943,-1.6485585211906835,0.4990506013180923,0.0,0.0
1.4619292546407943,-1.586348765674054,0.4937727816553258,0.0,0.0
1.4619292546407943,-1.5241390101574244,0.4886540713513063,0.0,0.0
1.4619292546407943,-1.461929254640795,0.4837055008614185,0.0,0.0
1.4619292546407943,-1.3997194991241653,0.4789363557036136,0.0,0.0
1.4619292546407943,-1.3375097436075358,0.47435436247062773,0.0,0.0
1.4619292546407943,-1.2752999880909062,0.4699658667423828,0.0,0.0
1.4619292546407943,-1.2130902325742767,0.4657760008872424,0.0,0.0
1.4619292546407943,-1.150880477057647,0.4617888404833432,0.0,0.0
1.4619292546407943,-1.0886707215410176,0.4580075486837549,0.0,0.0
1.4619292546407943,-1.0264609660243877,0.45443450830940446,0.0,0.0
1.4619292546407943,-0.9642512105077583,0.45107144180030384,0.0,0.0
1.4619292546407943,-0.9020414549911289,0.44791951940710056,0.0,0.0
1.4619292546407943,-0.8398316994744994,0.44497945617848295,0.0,0.0
1.4619292546407943,-0.7776219439578695,0.4422515984108771,0.0,0.0
1.4619292546407943,-0.7154121884412401,0.4397360002885138,0.0,0.0
1.4619292546407943,-0.6532024329246107,0.43743249146561214,0.0,0.0
1.4619292546407943,-0.5909926774079808,0.43534073633747716,0.0,0.0
1.4619292546407943,-0.5287829218913513,0.43346028572132794,0.0,0.0
1.4619292546407943,-0.4665731663747219,0.4317906216267127,0.0,0.0
1.4619292546407943,-0.40436341085809246,0.43033119574411527,0.0,0.0
1.4619292546407943,-0.3421536553414626,0.42908146222243054,0.0,0.0
1.4619292546407943,-0.27994389982483314,0.4280409052440288,0.0,0.0
1.4619292546407943,-0.2177341443082037,0.4272090618420714,0.0,0.0
1.4619292546407943,-0.15552438879157382,0.4265855403398928,0.0,0.0
1.4619292546407943,-0.09331463327494438,0.42617003472746434,0.0,0.0
1.4619292546407943,-0.03110487775831494,0.4259623352256859,0.0,0.0
1.4619292546407943,0.031104877758314498,0.4259623352256859,0.0,0.0
1.4619292546407943,0.09331463327494438,0.42617003472746434,0.0,0.0
1.4619292546407943,0.15552438879157382,0.4265855403398928,0.0,0.0
1.4619292546407943,0.21773414430820326,0.4272090618420714,0.0,0.0
1.4619292546407943,0.2799438998248327,0.4280409052440288,0.0,0.0
1.4619292546407943,0.3421536553414626,0.42908146222243054,0.0,0.0
1.4619292546407943,0.404363410858092,0.43033119574411527,0.0,0.0
1.4619292546407943,0.46657316637472146,0.4317906216267126,0.0,0.0
1.4619292546407943,0.5287829218913513,0.43346028572132794,0.0,0.0
1.4619292546407943,0.5909926774079808,0.43534073633747716,0.0,0.0
1.4619292546407943,0.6532024329246102,0.4374324914656122,0.0,0.0
1.4619292546407943,0.7154121884412397,0.4397360002885137,0.0,0.0
1.4619292546407943,0.7776219439578695,0.4422515984108771,0.0,0.0
1.4619292546407943,0.839831699474499,0.44497945617848295,0.0,0.0
1.4619292546407943,0.9020414549911289,0.44791951940710056,0.0,0.0
1.4619292546407943,0.9642512105077579,0.45107144180030384,0.0,0.0
1.4619292546407943,1.0264609660243877,0.45443450830940446,0.0,0.0
1.4619292546407943,1.0886707215410176,0.4580075486837549,0.0,0.0
1.4619292546407943,1.1508804770576466,0.4617888404833431,0.0,0.0
1.4619292546407943,1.2130902325742765,0.4657760008872424,0.0,0.0
1.4619292546407943,1.2752999880909055,0.4699658667423827,0.0,0.0
1.4619292546407943,1.3375097436075354,0.47435436247062773,0.0,0.0
1.4619292546407943,1.3997194991241653,0.4789363557036136,0.0,0.0
1.4619292546407943,1.4619292546407943,0.4837055008614184,0.0,0.0
1.4619292546407943,1.5241390101574241,0.4886540713513063,0.0,0.0
1.4619292546407943,1.586348765674054,0.4937727816553258,0.0,0.0
1.4619292546407943,1.648558521190683,0.49905060131809226,0.0,0.0
1.4619292546407943,1.710768276707313,0.5044745637529718,0.0,0.0
1.4619292546407943,1.7729780322239428,0.5100295738641349,0.0,0.0
1.4619292546407943,1.8351877877405718,0.5156982197312824,0.0,0.0
1.4619292546407943,1.8973975432572017,0.5214605950058714,0.0,0.0
1.4619292546407943,1.9596072987738316,0.5272941401841437,0.0,0.0
1.4619292546407943,2.0218170542904605,0.5331735124880644,0.0,0.0
1.4619292546407943,2.0840268098070904,0.5390704956025676,0.0,0.0
1.4619292546407943,2.1462365653237194,0.5449539618513017,0.0,0.0
1.4619292546407943,2.2084463208403493,0.5507899003697362,0.0,0.0
1.4619292546407943,2.270656076356979,0.5565415252449993,0.0,0.0
1.4619292546407943,2.332865831873608,0.5621694772020124,0.0,0.0
1.4619292546407943,2.395075587390238,0.5676321309850385,0.0,0.0
1.4619292546407943,2.457285342906868,0.5728860178953704,0.0,0.0
1.4619292546407943,2.519495098423497,0.5778863688438665,0.0,0.0
1.4619292546407943,2.581704853940127,0.582587777713121,0.0,0.0
1.4619292546407943,2.6439146094567567,0.5869449779041161,0.0,0.0
1.4619292546407943,2.7061243649733857,0.5909137169657048,0.0,0.0
1.4619292546407943,2.7683341204900156,0.5944517056856394,0.0,0.0
1.4619292546407943,2.8305438760066455,0.5975196096766174,0.0,0.0
1.4619292546407943,2.8927536315232745,0.6000820441921847,0.0,0.0
1.4619292546407943,2.9549633870399044,0.6021085275905029,0.0,0.0
1.4619292546407943,3.0171731425565333,0.6035743463996833,0.0,0.0
1.4619292546407943,3.0793828980731632,0.6044612859870652,0.0,0.0
1.5241390101574241,-3.141592653589793,0.6145141022045648,0.0,0.0
1.5241390101574241,-3.0793828980731637,0.6142026082042314,0.0,0.0
1.5241390101574241,-3.017173142556534,0.6132721593717431,0.0,0.0
1.5241390101574241,-2.9549633870399044,0.6117347252409162,0.0,0.0
1.5241390101574241,-2.892753631523275,0.6096098299307893,0.0,0.0
1.5241390101574241,-2.8305438760066455,0.6069239421319844,0.0,0.0
1.5241390101574241,-2.7683341204900156,0.6037096735076621,0.0,0.0
1.5241390101574241,-2.706124364973386,0.6000048316768103,0.0,0.0
1.5241390101574241,-2.6439146094567567,0.5958513792282434,0.0,0.0
1.5241390101574241,-2.581704853940127,0.591294351129284,0.0,0.0
1.5241390101574241,-2.5194950984234974,0.586380779835101,0.0,0.0
1.5241390101574241,-2.457285342906868,0.5811586711618413,0.0,0.0
1.5241390101574241,-2.395075587390238,0.575676065580005,0.0,0.0
1.5241390101574241,-2.3328658318736086,0.5699802100950735,0.0,0.0
1.5241390101574241,-2.270656076356979,0.5641168563036976,0.0,0.0
1.5241390101574241,-2.2084463208403498,0.5581296913484518,0.0,0.0
1.5241390101574241,-2.1462365653237203,0.5520599009016993,0.0,0.0
1.5241390101574241,-2.0840268098070904,0.5459458572997261,0.0,0.0
1.5241390101574241,-2.021817054290461,0.539822921611616,0.0,0.0
1.5241390101574241,-1.9596072987738313,0.533723345681288,0.0,0.0
1.5241390101574241,-1.897397543257202,0.5276762588280193,0.0,0.0
1.5241390101574241,-1.8351877877405722,0.5217077236703515,0.0,0.0
1.5241390101574241,-1.7729780322239428,0.515840846171452,0.0,0.0
1.5241390101574241,-1.7107682767073131,0.5100959262247908,0.0,0.0
1.5241390101574241,-1.6485585211906835,0.5044906366746202,0.0,0.0
1.5241390101574241,-1.586348765674054,0.49904022040647383,0.0,0.0
1.5241390101574241,-1.5241390101574244,0.4937576969043443,0.0,0.0
1.5241390101574241,-1.461929254640795,0.4886540713513063,0.0,0.0
1.5241390101574241,-1.3997194991241653,0.48373854088360063,0.0,0.0
1.5241390101574241,-1.3375097436075358,0.4790186939584429,0.0,0.0
1.5241390101574241,-1.2752999880909062,0.4745006999491954,0.0,0.0
1.5241390101574241,-1.2130902325742767,0.4701894870399439,0.0,0.0
1.5241390101574241,-1.150880477057647,0.4660889072672186,0.0,0.0
1.5241390101574241,-1.0886707215410176,0.4622018881679196,0.0,0.0
1.5241390101574241,-1.0264609660243877,0.45853057096062755,0.0,0.0
1.5241390101574241,-0.9642512105077583,0.4550764355341758,0.0,0.0
1.5241390101574241,-0.9020414549911289,0.4518404127635079,0.0,0.0
1.5241390101574241,-0.8398316994744994,0.4488229848375159,0.0,0.0
1.5241390101574241,-0.7776219439578695,0.4460242743835864,0.0,0.0
1.5241390101574241,-0.7154121884412401,0.4434441232233798,0.0,0.0
1.5241390101574241,-0.6532024329246107,0.4410821616060147,0.0,0.0
1.5241390101574241,-0.5909926774079808,0.4389378687481828,0.0,0.0
1.5241390101574241,-0.5287829218913513,0.4370106254737187,0.0,0.0
1.5241390101574241,-0.4665731663747219,0.43529975969401075,0.0,0.0
1.5241390101574241,-0.40436341085809246,0.43380458541017475,0.0,0.0
1.5241390101574241,-0.3421536553414626,0.4325244358517099,0.0,0.0
1.5241390101574241,-0.27994389982483314,0.43145869129705827,0.0,0.0
1.5241390101574241,-0.2177341443082037,0.43060680205093355,0.0,0.0
1.5241390101574241,-0.15552438879157382,0.4299683069827021,0.0,0.0
1.5241390101574241,-0.09331463327494438,0.42954284796021996,0.0,0.0
1.5241390101574241,-0.03110487775831494,0.4293301804447237,0.0,0.0
1.5241390101574241,0.031104877758314498,0.4293301804447237,0.0,0.0
1.5241390101574241,0.09331463327494438,0.42954284796021996,0.0,0.0
1.5241390101574241,0.15552438879157382,0.4299683069827021,0.0,0.0
1.5241390101574241,0.21773414430820326,0.43060680205093343,0.0,0.0
1.5241390101574241,0.2799438998248327,0.43145869129705827,0.0,0.0
1.5241390101574241,0.3421536553414626,0.4325244358517099,0.0,0.0
1.5241390101574241,0.404363410858092,0.43380458541017475,0.0,0.0
1.5241390101574241,0.46657316637472146,0.43529975969401075,0.0,0.0
1.5241390101574241,0.5287829218913513,0.4370106254737187,0.0,0.0
1.5241390101574241,0.5909926774079808,0.4389378687481828,0.0,0.0
1.5241390101574241,0.6532024329246102,0.44108216160601466,0.0,0.0
1.5241390101574241,0.7154121884412397,0.4434441232233798,0.0,0.0
1.5241390101574241,0.7776219439578695,0.4460242743835864,0.0,0.0
1.5241390101574241,0.839831699474499,0.4488229848375159,0.0,0.0
1.5241390101574241,0.9020414549911289,0.4518404127635079,0.0,0.0
1.5241390101574241,0.9642512105077579,0.4550764355341758,0.0,0.0
1.5241390101574241,1.0264609660243877,0.45853057096062755,0.0,0.0
1.5241390101574241,1.0886707215410176,0.4622018881679196,0.0,0.0
1.5241390101574241,1.1508804770576466,0.46608890726721847,0.0,0.0
1.5241390101574241,1.2130902325742765,0.4701894870399439,0.0,0.0
1.5241390101574241,1.2752999880909055,0.47450069994919536,0.0,0.0
1.5241390101574241,1.3375097436075354,0.4790186939584429,0.0,0.0
1.5241390101574241,1.3997194991241653,0.48373854088360063,0.0,0.0
1.5241390101574241,1.4619292546407943,0.4886540713513063,0.0,0.0
1.5241390101574241,1.5241390101574241,0.4937576969043443,0.0,0.0
1.5241390101574241,1.586348765674054,0.49904022040647383,0.0,0.0
1.5241390101574241,1.648558521190683,0.5044906366746202,0.0,0.0
1.5241390101574241,1.710768276707313,0.5100959262247908,0.0,0.0
1.5241390101574241,1.7729780322239428,0.515840846171452,0.0,0.0
1.5241390101574241,1.8351877877405718,0.5217077236703515,0.0,0.0
1.5241390101574241,1.8973975432572017,0.5276762588280193,0.0,0.0
1.5241390101574241,1.9596072987738316,0.533723345681288,0.0,0.0
1.5241390101574241,2.0218170542904605,0.5398229216116159,0.0,0.0
1.5241390101574241,2.0840268098070904,0.5459458572997261,0.0,0.0
1.5241390101574241,2.1462365653237194,0.5520599009016992,0.0,0.0
1.5241390101574241,2.2084463208403493,0.5581296913484517,0.0,0.0
1.5241390101574241,2.270656076356979,0.5641168563036976,0.0,0.0
1.5241390101574241,2.332865831873608,0.5699802100950734,0.0,0.0
1.5241390101574241,2.395075587390238,0.575676065580005,0.0,0.0
1.5241390101574241,2.457285342906868,0.5811586711618413,0.0,0.0
1.5241390101574241,2.519495098423497,0.586380779835101,0.0,0.0
1.5241390101574241,2.581704853940127,0.591294351129284,0.0,0.0
1.5241390101574241,2.6439146094567567,0.5958513792282434,0.0,0.0
1.5241390101574241,2.7061243649733857,0.6000048316768103,0.0,0.0
1.5241390101574241,2.7683341204900156,0.6037096735076621,0.0,0.0
1.5241390101574241,2.8305438760066455,0.6069239421319844,0.0,0.0
1.5241390101574241,2.8927536315232745,0.6096098299307893,0.0,0.0
1.5241390101574241,2.9549633870399044,0.6117347252409162,0.0,0.0
1.5241390101574241,3.0171731425565333,0.6132721593717431,0.0,0.0
1.5241390101574241,3.0793828980731632,0.6142026082042314,0.0,0.0
1.586348765674054,-3.141592653589793,0.6247884869899918,0.0,0.0
1.586348765674054,-3.0793828980731637,0.6244611146013876,0.0,0.0
1.586348765674054,-3.017173142556534,0.62348333605626,0.0,0.0
1.586348765674054,-2.9549633870399044,0.6218680236289187,0.0,0.0
1.586348765674054,-2.892753631523275,0.6196361617101754,0.0,0.0
1.586348765674054,-2.8305438760066455,0.6168161740325836,0.0,0.0
1.586348765674054,-2.7683341204900156,0.6134430411047564,0.0,0.0
1.586348765674054,-2.706124364973386,0.6095572599172722,0.0,0.0
1.586348765674054,-2.6439146094567567,0.6052037037069502,0.0,0.0
1.586348765674054,-2.581704853940127,0.6004304402861522,0.0,0.0
1.586348765674054,-2.5194950984234974,0.5952875636504669,0.0,0.0
1.586348765674054,-2.457285342906868,0.5898260862185704,0.0,0.0
1.586348765674054,-2.395075587390238,0.5840969293353878,0.0,0.0
1.586348765674054,-2.3328658318736086,0.5781500388390007,0.0,0.0
1.586348765674054,-2.270656076356979,0.5720336416884024,0.0,0.0
1.586348765674054,-2.2084463208403498,0.5657936497724606,0.0,0.0
1.586348765674054,-2.1462365653237203,0.5594732086787852,0.0,0.0
1.586348765674054,-2.0840268098070904,0.553112382712048,0.0,0.0
1.586348765674054,-2.021817054290461,0.5467479628802017,0.0,0.0
1.586348765674054,-1.9596072987738313,0.5404133817885712,0.0,0.0
1.586348765674054,-1.897397543257202,0.5341387181466776,0.0,0.0
1.586348765674054,-1.8351877877405722,0.5279507735893639,0.0,0.0
1.586348765674054,-1.7729780322239428,0.5218732054181118,0.0,0.0
1.586348765674054,-1.7107682767073131,0.5159267003781828,0.0,0.0
1.586348765674054,-1.6485585211906835,0.5101291764433212,0.0,0.0
1.586348765674054,-1.586348765674054,0.5044960015752724,0.0,0.0
1.586348765674054,-1.5241390101574244,0.49904022040647383,0.0,0.0
1.586348765674054,-1.461929254640795,0.4937727816553259,0.0,0.0
1.586348765674054,-1.3997194991241653,0.48870276075949826,0.0,0.0
1.586348765674054,-1.3375097436075358,0.4838375736708595,0.0,0.0
1.586348765674054,-1.2752999880909062,0.47918317898651935,0.0,0.0
1.586348765674054,-1.2130902325742767,0.4747442666012442,0.0,0.0
1.586348765674054,-1.150880477057647,0.4705244318744293,0.0,0.0
1.586348765674054,-1.0886707215410176,0.46652633493288614,0.0,0.0
1.586348765674054,-1.0264609660243877,0.46275184520410745,0.0,0.0
1.586348765674054,-0.9642512105077583,0.459202171618538,0.0,0.0
1.586348765674054,-0.9020414549911289,0.45587797915724804,0.0,0.0
1.586348765674054,-0.8398316994744994,0.45277949257443995,0.0,0.0
1.586348765674054,-0.7776219439578695,0.4499065882108021,0.0,0.0
1.586348765674054,-0.7154121884412401,0.44725887484940186,0.0,0.0
1.586348765674054,-0.6532024329246107,0.44483576456343493,0.0,0.0
1.586348765674054,-0.5909926774079808,0.4426365344751151,0.0,0.0
1.586348765674054,-0.5287829218913513,0.44066038029552534,0.0,0.0
1.586348765674054,-0.4665731663747219,0.4389064624527678,0.0,0.0
1.586348765674054,-0.40436341085809246,0.43737394554508263,0.0,0.0
1.586348765674054,-0.3421536553414626,0.43606203178035974,0.0,0.0
1.586348765674054,-0.27994389982483314,0.4349699889861872,0.0,0.0
1.586348765674054,-0.2177341443082037,0.4340971736970348,0.0,0.0
1.586348765674054,-0.15552438879157382,0.43344304974845504,0.0,0.0
1.586348765674054,-0.09331463327494438,0.4330072027329201,0.0,0.0
1.586348765674054,-0.03110487775831494,0.43278935059833573,0.0,0.0
1.586348765674054,0.031104877758314498,0.43278935059833573,0.0,0.0
1.586348765674054,0.09331463327494438,0.4330072027329201,0.0,0.0
1.586348765674054,0.15552438879157382,0.43344304974845504,0.0,0.0
1.586348765674054,0.21773414430820326,0.4340971736970348,0.0,0.0
1.586348765674054,0.2799438998248327,0.4349699889861872,0.0,0.0
1.586348765674054,0.3421536553414626,0.43606203178035974,0.0,0.0
1.586348765674054,0.404363410858092,0.43737394554508263,0.0,0.0
1.586348765674054,0.46657316637472146,0.4389064624527678,0.0,0.0
1.586348765674054,0.5287829218913513,0.44066038029552534,0.0,0.0
1.586348765674054,0.5909926774079808,0.4426365344751151,0.0,0.0
1.586348765674054,0.6532024329246102,0.44483576456343493,0.0,0.0
1.586348765674054,0.7154121884412397,0.4472588748494018,0.0,0.0
1.586348765674054,0.7776219439578695,0.4499065882108021,0.0,0.0
1.586348765674054,0.839831699474499,0.45277949257443995,0.0,0.0
1.586348765674054,0.9020414549911289,0.45587797915724804,0.0,0.0
1.586348765674054,0.9642512105077579,0.45920217161853794,0.0,0.0
1.586348765674054,1.0264609660243877,0.46275184520410745,0.0,0.0
1.586348765674054,1.0886707215410176,0.46652633493288614,0.0,0.0
1.586348765674054,1.1508804770576466,0.4705244318744292,0.0,0.0
1.586348765674054,1.2130902325742765,0.4747442666012442,0.0,0.0
1.586348765674054,1.2752999880909055,0.47918317898651935,0.0,0.0
1.586348765674054,1.3375097436075354,0.48383757367085944,0.0,0.0
1.586348765674054,1.3997194991241653,0.48870276075949826,0.0,0.0
1.586348765674054,1.4619292546407943,0.4937727816553258,0.0,0.0
1.586348765674054,1.5241390101574241,0.49904022040647383,0.0,0.0
1.586348765674054,1.586348765674054,0.5044960015752724,0.0,0.0
1.586348765674054,1.648558521190683,0.5101291764433212,0.0,0.0
1.586348765674054,1.710768276707313,0.5159267003781828,0.0,0.0
1.586348765674054,1.7729780322239428,0.5218732054181118,0.0,0.0
1.586348765674054,1.8351877877405718,0.5279507735893639,0.0,0.0
1.586348765674054,1.8973975432572017,0.5341387181466776,0.0,0.0
1.586348765674054,1.9596072987738316,0.5404133817885713,0.0,0.0
1.586348765674054,2.0218170542904605,0.5467479628802016,0.0,0.0
1.586348765674054,2.0840268098070904,0.553112382712048,0.0,0.0
1.586348765674054,2.1462365653237194,0.5594732086787851,0.0,0.0
1.586348765674054,2.2084463208403493,0.5657936497724606,0.0,0.0
1.586348765674054,2.270656076356979,0.5720336416884024,0.0,0.0
1.586348765674054,2.332865831873608,0.5781500388390007,0.0,0.0
1.586348765674054,2.395075587390238,0.5840969293353878,0.0,0.0
1.586348765674054,2.457285342906868,0.5898260862185704,0.0,0.0
1.586348765674054,2.519495098423497,0.5952875636504669,0.0,0.0
1.586348765674054,2.581704853940127,0.6004304402861522,0.0,0.0
1.586348765674054,2.6439146094567567,0.6052037037069502,0.0,0.0
1.586348765674054,2.7061243649733857,0.609557259917272,0.0,0.0
1.586348765674054,2.7683341204900156,0.6134430411047564,0.0,0.0
1.586348765674054,2.8305438760066455,0.6168161740325836,0.0,0.0
1.586348765674054,2.8927536315232745,0.6196361617101754,0.0,0.0
1.586348765674054,2.9549633870399044,0.6218680236289187,0.0,0.0
1.586348765674054,3.0171731425565333,0.6234833360562599,0.0,0.0
1.586348765674054,3.0793828980731632,0.6244611146013876,0.0,0.0
1.648558521190683,-3.141592653589793,0.6355853476230435,0.0,0.0
1.648558521190683,-3.0793828980731637,0.6352407179040854,0.0,0.0
1.648558521190683,-3.017173142556534,0.6342115083998667,0.0,0.0
1.648558521190683,-2.9549633870399044,0.6325115988552739,0.0,0.0
1.648558521190683,-2.892753631523275,0.6301636019805471,0.0,0.0
1.648558521190683,-2.8305438760066455,0.6271981188162574,0.0,0.0
1.648558521190683,-2.7683341204900156,0.6236527636739476,0.0,0.0
1.648558521190683,-2.706124364973386,0.6195710176141976,0.0,0.0
1.648558521190683,-2.6439146094567567,0.6150009756286824,0.0,0.0
1.648558521190683,-2.581704853940127,0.6099940531338586,0.0,0.0
1.648558521190683,-2.5194950984234974,0.6046037126792676,0.0,0.0
1.648558521190683,-2.457285342906868,0.5988842630653968,0.0,0.0
1.648558521190683,-2.395075587390238,0.5928897717789718,0.0,0.0
1.648558521190683,-2.3328658318736086,0.5866731192502402,0.0,0.0
1.648558521190683,-2.270656076356979,0.5802852112182594,0.0,0.0
1.648558521190683,-2.2084463208403498,0.573774354464835,0.0,0.0
1.648558521190683,-2.1462365653237203,0.567185792005239,0.0,0.0
1.648558521190683,-2.0840268098070904,0.5605613868232177,0.0,0.0
1.648558521190683,-2.021817054290461,0.5539394384402849,0.0,0.0
1.648558521190683,-1.9596072987738313,0.5473546138340692,0.0,0.0
1.648558521190683,-1.897397543257202,0.5408379731551499,0.0,0.0
1.648558521190683,-1.8351877877405722,0.5344170709639087,0.0,0.0
1.648558521190683,-1.7729780322239428,0.528116114941769,0.0,0.0
1.648558521190683,-1.7107682767073131,0.52195616588176,0.0,0.0
1.648558521190683,-1.6485585211906835,0.5159553649435805,0.0,0.0
1.648558521190683,-1.586348765674054,0.5101291764433212,0.0,0.0
1.648558521190683,-1.5241390101574244,0.5044906366746202,0.0,0.0
1.648558521190683,-1.461929254640795,0.4990506013180923,0.0,0.0
1.648558521190683,-1.3997194991241653,0.4938179858262897,0.0,0.0
1.648558521190683,-1.3375097436075358,0.4887999947438786,0.0,0.0
1.648558521190683,-1.2752999880909062,0.4840023372337801,0.0,0.0
1.648558521190683,-1.2130902325742767,0.47942942714305437,0.0,0.0
1.648558521190683,-1.150880477057647,0.47508456678060307,0.0,0.0
1.648558521190683,-1.0886707215410176,0.4709701142206642,0.0,0.0
1.648558521190683,-1.0264609660243877,0.46708763442131807,0.0,0.0
1.648558521190683,-0.9642512105077583,0.4634380347846457,0.0,0.0
1.648558521190683,-0.9020414549911289,0.46002168601126914,0.0,0.0
1.648558521190683,-0.8398316994744994,0.4568385292401334,0.0,0.0
1.648558521190683,-0.7776219439578695,0.45388817053459607,0.0,0.0
1.648558521190683,-0.7154121884412401,0.45116996379488183,0.0,0.0
1.648558521190683,-0.6532024329246107,0.44868308315836836,0.0,0.0
1.648558521190683,-0.5909926774079808,0.44642658590389034,0.0,0.0
1.648558521190683,-0.5287829218913513,0.44439946681279524,0.0,0.0
1.648558521190683,-0.4665731663747219,0.4426007048643903,0.0,0.0
1.648558521190683,-0.40436341085809246,0.4410293030615426,0.0,0.0
1.648558521190683,-0.3421536553414626,0.4396843220970842,0.0,0.0
1.648558521190683,-0.27994389982483314,0.4385649084857819,0.0,0.0
1.648558521190683,-0.2177341443082037,0.43767031770159265,0.0,0.0
1.648558521190683,-0.15552438879157382,0.43699993277669447,0.0,0.0
1.648558521190683,-0.09331463327494438,0.43655327873784305,0.0,0.0
1.648558521190683,-0.03110487775831494,0.43633003317702934,0.0,0.0
1.648558521190683,0.031104877758314498,0.43633003317702934,0.0,0.0
1.648558521190683,0.09331463327494438,0.43655327873784305,0.0,0.0
1.648558521190683,0.15552438879157382,0.43699993277669447,0.0,0.0
1.648558521190683,0.21773414430820326,0.4376703177015926,0.0,0.0
1.648558521190683,0.2799438998248327,0.4385649084857819,0.0,0.0
1.648558521190683,0.3421536553414626,0.4396843220970842,0.0,0.0
1.648558521190683,0.404363410858092,0.4410293030615426,0.0,0.0
1.648558521190683,0.46657316637472146,0.4426007048643902,0.0,0.0
1.648558521190683,0.5287829218913513,0.44439946681279524,0.0,0.0
1.648558521190683,0.5909926774079808,0.44642658590389034,0.0,0.0
1.648558521190683,0.6532024329246102,0.44868308315836836,0.0,0.0
1.648558521190683,0.7154121884412397,0.4511699637948817,0.0,0.0
1.648558521190683,0.7776219439578695,0.45388817053459607,0.0,0.0
1.648558521190683,0.839831699474499,0.4568385292401335,0.0,0.0
1.648558521190683,0.9020414549911289,0.46002168601126914,0.0,0.0
1.648558521190683,0.9642512105077579,0.4634380347846457,0.0,0.0
1.648558521190683,1.0264609660243877,0.46708763442131807,0.0,0.0
1.648558521190683,1.0886707215410176,0.4709701142206642,0.0,0.0
1.648558521190683,1.1508804770576466,0.47508456678060307,0.0,0.0
1.648558521190683,1.2130902325742765,0.47942942714305437,0.0,0.0
1.648558521190683,1.2752999880909055,0.48400233723378,0.0,0.0
1.648558521190683,1.3375097436075354,0.4887999947438786,0.0,0.0
1.648558521190683,1.3997194991241653,0.4938179858262897,0.0,0.0
1.648558521190683,1.4619292546407943,0.49905060131809226,0.0,0.0
1.648558521190683,1.5241390101574241,0.5044906366746202,0.0,0.0
1.648558521190683,1.586348765674054,0.5101291764433212,0.0,0.0
1.648558521190683,1.648558521190683,0.5159553649435805,0.0,0.0
1.648558521190683,1.710768276707313,0.52195616588176,0.0,0.0
1.648558521190683,1.7729780322239428,0.528116114941769,0.0,0.0
1.648558521190683,1.8351877877405718,0.5344170709639086,0.0,0.0
1.648558521190683,1.8973975432572017,0.5408379731551499,0.0,0.0
1.648558521190683,1.9596072987738316,0.5473546138340692,0.0,0.0
1.648558521190683,2.0218170542904605,0.5539394384402848,0.0,0.0
1.648558521190683,2.0840268098070904,0.5605613868232177,0.0,0.0
1.648558521190683,2.1462365653237194,0.5671857920052389,0.0,0.0
1.648558521190683,2.2084463208403493,0.573774354464835,0.0,0.0
1.648558521190683,2.270656076356979,0.5802852112182594,0.0,0.0
1.648558521190683,2.332865831873608,0.5866731192502401,0.0,0.0
1.648558521190683,2.395075587390238,0.5928897717789718,0.0,0.0
1.648558521190683,2.457285342906868,0.5988842630653968,0.0,0.0
1.648558521190683,2.519495098423497,0.6046037126792675,0.0,0.0
1.648558521190683,2.581704853940127,0.6099940531338586,0.0,0.0
1.648558521190683,2.6439146094567567,0.6150009756286824,0.0,0.0
1.648558521190683,2.7061243649733857,0.6195710176141975,0.0,0.0
1.648558521190683,2.7683341204900156,0.6236527636739476,0.0,0.0
1.648558521190683,2.8305438760066455,0.6271981188162574,0.0,0.0
1.648558521190683,2.8927536315232745,0.6301636019805471,0.0,0.0
1.648558521190683,2.9549633870399044,0.6325115988552739,0.0,0.0
1.648558521190683,3.0171731425565333,0.6342115083998667,0.0,0.0
1.648558521190683,3.0793828980731632,0.6352407179040854,0.0,0.0
1.710768276707313,-3.141592653589793,0.6469055032261835,0.0,0.0
1.710768276707313,-3.0793828980731637,0.6465421400266897,0.0,0.0
1.710768276707313,-3.017173142556534,0.6454571107737932,0.0,0.0
1.710768276707313,-2.9549633870399044,0.6436654193452316,0.0,0.0
1.710768276707313,-2.892753631523275,0.6411914937053463,0.0,0.0
1.710768276707313,-2.8305438760066455,0.6380683589359181,0.0,0.0
1.710768276707313,-2.7683341204900156,0.6343365564597283,0.0,0.0
1.710768276707313,-2.706124364973386,0.6300428765041179,0.0,0.0
1.710768276707313,-2.6439146094567567,0.6252389775715395,0.0,0.0
1.710768276707313,-2.581704853940127,0.6199799667369807,0.0,0.0
1.710768276707313,-2.5194950984234974,0.6143230087575644,0.0,0.0
1.710768276707313,-2.457285342906868,0.6083260216418352,0.0,0.0
1.710768276707313,-2.395075587390238,0.602046503178548,0.0,0.0
1.710768276707313,-2.3328658318736086,0.5955405186778494,0.0,0.0
1.710768276707313,-2.270656076356979,0.5888618663257502,0.0,0.0
1.710768276707313,-2.2084463208403498,0.5820614242265844,0.0,0.0
1.710768276707313,-2.1462365653237203,0.5751866731194437,0.0,0.0
1.710768276707313,-2.0840268098070904,0.5682813812157347,0.0,0.0
1.710768276707313,-2.021817054290461,0.5613854325995313,0.0,0.0
1.710768276707313,-1.9596072987738313,0.5545347779092089,0.0,0.0
1.710768276707313,-1.897397543257202,0.5477614851885251,0.0,0.0
1.710768276707313,-1.8351877877405722,0.5410938694131754,0.0,0.0
1.710768276707313,-1.7729780322239428,0.534556680827708,0.0,0.0
1.710768276707313,-1.7107682767073131,0.5281713344784869,0.0,0.0
1.710768276707313,-1.6485585211906835,0.52195616588176,0.0,0.0
1.710768276707313,-1.586348765674054,0.5159267003781828,0.0,0.0
1.710768276707313,-1.5241390101574244,0.5100959262247908,0.0,0.0
1.710768276707313,-1.461929254640795,0.504474563752972,0.0,0.0
1.710768276707313,-1.3997194991241653,0.4990713249169558,0.0,0.0
1.710768276707313,-1.3375097436075358,0.49389315924963295,0.0,0.0
1.710768276707313,-1.2752999880909062,0.48894548363523677,0.0,0.0
1.710768276707313,-1.2130902325742767,0.48423239442244426,0.0,0.0
1.710768276707313,-1.150880477057647,0.47975686126710626,0.0,0.0
1.710768276707313,-1.0886707215410176,0.4755209027455891,0.0,0.0
1.710768276707313,-1.0264609660243877,0.4715257442524287,0.0,0.0
1.710768276707313,-0.9642512105077583,0.4677719590226305,0.0,0.0
1.710768276707313,-0.9020414549911289,0.4642595933291232,0.0,0.0
1.710768276707313,-0.8398316994744994,0.4609882770253588,0.0,0.0
1.710768276707313,-0.7776219439578695,0.45795732065357886,0.0,0.0
1.710768276707313,-0.7154121884412401,0.45516580033872023,0.0,0.0
1.710768276707313,-0.6532024329246107,0.45261263165072796,0.0,0.0
1.710768276707313,-0.5909926774079808,0.45029663355552024,0.0,0.0
1.710768276707313,-0.5287829218913513,0.4482165834957766,0.0,0.0
1.710768276707313,-0.4665731663747219,0.44637126455369297,0.0,0.0
1.710768276707313,-0.40436341085809246,0.4447595055537166,0.0,0.0
1.710768276707313,-0.3421536553414626,0.4433802148674746,0.0,0.0
1.710768276707313,-0.27994389982483314,0.44223240858796853,0.0,0.0
1.710768276707313,-0.2177341443082037,0.4413152336470862,0.0,0.0
1.710768276707313,-0.15552438879157382,0.4406279863603754,0.0,0.0
1.710768276707313,-0.09331463327494438,0.44017012679613365,0.0,0.0
1.710768276707313,-0.03110487775831494,0.43994128928210585,0.0,0.0
1.710768276707313,0.031104877758314498,0.43994128928210585,0.0,0.0
1.710768276707313,0.09331463327494438,0.44017012679613365,0.0,0.0
1.710768276707313,0.15552438879157382,0.4406279863603754,0.0,0.0
1.710768276707313,0.21773414430820326,0.4413152336470862,0.0,0.0
1.710768276707313,0.2799438998248327,0.44223240858796853,0.0,0.0
1.710768276707313,0.3421536553414626,0.4433802148674746,0.0,0.0
1.710768276707313,0.404363410858092,0.4447595055537166,0.0,0.0
1.710768276707313,0.46657316637472146,0.44637126455369297,0.0,0.0
1.710768276707313,0.5287829218913513,0.4482165834957766,0.0,0.0
1.710768276707313,0.5909926774079808,0.45029663355552024,0.0,0.0
1.710768276707313,0.6532024329246102,0.45261263165072785,0.0,0.0
1.710768276707313,0.7154121884412397,0.45516580033872023,0.0,0.0
1.710768276707313,0.7776219439578695,0.45795732065357886,0.0,0.0
1.710768276707313,0.839831699474499,0.4609882770253588,0.0,0.0
1.710768276707313,0.9020414549911289,0.4642595933291232,0.0,0.0
1.710768276707313,0.9642512105077579,0.4677719590226305,0.0,0.0
1.710768276707313,1.0264609660243877,0.4715257442524287,0.0,0.0
1.710768276707313,1.0886707215410176,0.4755209027455891,0.0,0.0
1.710768276707313,1.1508804770576466,0.47975686126710626,0.0,0.0
1.710768276707313,1.2130902325742765,0.48423239442244426,0.0,0.0
1.710768276707313,1.2752999880909055,0.48894548363523677,0.0,0.0
1.710768276707313,1.3375097436075354,0.49389315924963284,0.0,0.0
1.710768276707313,1.3997194991241653,0.4990713249169558,0.0,0.0
1.710768276707313,1.4619292546407943,0.5044745637529718,0.0,0.0
1.710768276707313,1.5241390101574241,0.5100959262247908,0.0,0.0
1.710768276707313,1.586348765674054,0.5159267003781828,0.0,0.0
1.710768276707313,1.648558521190683,0.52195616588176,0.0,0.0
1.710768276707313,1.710768276707313,0.5281713344784869,0.0,0.0
1.710768276707313,1.7729780322239428,0.534556680827708,0.0,0.0
1.710768276707313,1.8351877877405718,0.5410938694131754,0.0,0.0
1.710768276707313,1.8973975432572017,0.547761485188525,0.0,0.0
1.710768276707313,1.9596072987738316,0.5545347779092089,0.0,0.0
1.710768276707313,2.0218170542904605,0.5613854325995313,0.0,0.0
1.710768276707313,2.0840268098070904,0.5682813812157347,0.0,0.0
1.710768276707313,2.1462365653237194,0.5751866731194436,0.0,0.0
1.710768276707313,2.2084463208403493,0.5820614242265842,0.0,0.0
1.710768276707313,2.270656076356979,0.5888618663257502,0.0,0.0
1.710768276707313,2.332865831873608,0.5955405186778494,0.0,0.0
1.710768276707313,2.395075587390238,0.602046503178548,0.0,0.0
1.710768276707313,2.457285342906868,0.6083260216418352,0.0,0.0
1.710768276707313,2.519495098423497,0.6143230087575644,0.0,0.0
1.710768276707313,2.581704853940127,0.6199799667369807,0.0,0.0
1.710768276707313,2.6439146094567567,0.6252389775715395,0.0,0.0
1.710768276707313,2.7061243649733857,0.6300428765041179,0.0,0.0
1.710768276707313,2.7683341204900156,0.6343365564597283,0.0,0.0
1.710768276707313,2.8305438760066455,0.6380683589359181,0.0,0.0
1.710768276707313,2.8927536315232745,0.6411914937053463,0.0,0.0
1.710768276707313,2.9549633870399044,0.6436654193452316,0.0,0.0
1.710768276707313,3.0171731425565333,0.6454571107737932,0.0,0.0
1.710768276707313,3.0793828980731632,0.6465421400266897,0.0,0.0
1.7729780322239428,-3.141592653589793,0.6587457166922701,0.0,0.0
1.7729780322239428,-3.0793828980731637,0.658362046285361,0.0,0.0
1.7729780322239428,-3.017173142556534,0.6572165201988439,0.0,0.0
1.7729780322239428,-2.9549633870399044,0.6553253960543397,0.0,0.0
1.7729780322239428,-2.892753631523275,0.6527151244461462,0.0,0.0
1.7729780322239428,-2.8305438760066455,0.6494214276025118,0.0,0.0
1.7729780322239428,-2.7683341204900156,0.6454880977524496,0.0,0.0
1.7729780322239428,-2.706124364973386,0.6409655917301178,0.0,0.0
1.7729780322239428,-2.6439146094567567,0.63590950561244,0.0,0.0
1.7729780322239428,-2.581704853940127,0.6303790127073702,0.0,0.0
1.7729780322239428,-2.5194950984234974,0.6244353409749364,0.0,0.0
1.7729780322239428,-2.457285342906868,0.6181403536550373,0.0,0.0
1.7729780322239428,-2.395075587390238,0.6115552815154085,0.0,0.0
1.7729780322239428,-2.3328658318736086,0.6047396387266097,0.0,0.0
1.7729780322239428,-2.270656076356979,0.5977503386370115,0.0,0.0
1.7729780322239428,-2.2084463208403498,0.5906410119266678,0.0,0.0
1.7729780322239428,-2.1462365653237203,0.5834615185270532,0.0,0.0
1.7729780322239428,-2.0840268098070904,0.5762576365978554,0.0,0.0
1.7729780322239428,-2.021817054290461,0.5690709066709022,0.0,0.0
1.7729780322239428,-1.9596072987738313,0.5619386064651151,0.0,0.0
1.7729780322239428,-1.897397543257202,0.5548938313622411,0.0,0.0
1.7729780322239428,-1.8351877877405722,0.5479656565810995,0.0,0.0
1.7729780322239428,-1.7729780322239428,0.541179359191511,0.0,0.0
1.7729780322239428,-1.7107682767073131,0.534556680827708,0.0,0.0
1.7729780322239428,-1.6485585211906835,0.528116114941769,0.0,0.0
1.7729780322239428,-1.586348765674054,0.5218732054181118,0.0,0.0
1.7729780322239428,-1.5241390101574244,0.515840846171452,0.0,0.0
1.7729780322239428,-1.461929254640795,0.510029573864135,0.0,0.0
1.7729780322239428,-1.3997194991241653,0.5044478480506059,0.0,0.0
1.7729780322239428,-1.3375097436075358,0.49910231487324713,0.0,0.0
1.7729780322239428,-1.2752999880909062,0.4939980519082278,0.0,0.0
1.7729780322239428,-1.2130902325742767,0.4891387929222935,0.0,0.0
1.7729780322239428,-1.150880477057647,0.4845271321900831,0.0,0.0
1.7729780322239428,-1.0886707215410176,0.4801647086780392,0.0,0.0
1.7729780322239428,-1.0264609660243877,0.4760523708658264,0.0,0.0
1.7729780322239428,-0.9642512105077583,0.47219032328682686,0.0,0.0
1.7729780322239428,-0.9020414549911289,0.4685782560587715,0.0,0.0
1.7729780322239428,-0.8398316994744994,0.46521545877216536,0.0,0.0
1.7729780322239428,-0.7776219439578695,0.4621009201313235,0.0,0.0
1.7729780322239428,-0.7154121884412401,0.4592334147196463,0.0,0.0
1.7729780322239428,-0.6532024329246107,0.4566115782023413,0.0,0.0
1.7729780322239428,-0.5909926774079808,0.4542339721979159,0.0,0.0
1.7729780322239428,-0.5287829218913513,0.45209913995335466,0.0,0.0
1.7729780322239428,-0.4665731663747219,0.4502056538535835,0.0,0.0
1.7729780322239428,-0.40436341085809246,0.448552155688367,0.0,0.0
1.7729780322239428,-0.3421536553414626,0.4471373904924786,0.0,0.0
1.7729780322239428,-0.27994389982483314,0.4459602346699697,0.0,0.0
1.7729780322239428,-0.2177341443082037,0.4450197190118948,0.0,0.0
1.7729780322239428,-0.15552438879157382,0.4443150471195361,0.0,0.0
1.7729780322239428,-0.09331463327494438,0.44384560965208436,0.0,0.0
1.7729780322239428,-0.03110487775831494,0.4436109947286289,0.0,0.0
1.7729780322239428,0.031104877758314498,0.4436109947286289,0.0,0.0
1.7729780322239428,0.09331463327494438,0.44384560965208436,0.0,0.0
1.7729780322239428,0.15552438879157382,0.4443150471195361,0.0,0.0
1.7729780322239428,0.21773414430820326,0.44501971901189485,0.0,0.0
1.7729780322239428,0.2799438998248327,0.4459602346699697,0.0,0.0
1.7729780322239428,0.3421536553414626,0.4471373904924786,0.0,0.0
1.7729780322239428,0.404363410858092,0.4485521556883669,0.0,0.0
1.7729780322239428,0.46657316637472146,0.4502056538535834,0.0,0.0
1.7729780322239428,0.5287829218913513,0.45209913995335466,0.0,0.0
1.7729780322239428,0.5909926774079808,0.4542339721979159,0.0,0.0
1.7729780322239428,0.6532024329246102,0.4566115782023413,0.0,0.0
1.7729780322239428,0.7154121884412397,0.4592334147196463,0.0,0.0
1.7729780322239428,0.7776219439578695,0.4621009201313235,0.0,0.0
1.7729780322239428,0.839831699474499,0.46521545877216536,0.0,0.0
1.7729780322239428,0.9020414549911289,0.4685782560587715,0.0,0.0
1.7729780322239428,0.9642512105077579,0.47219032328682675,0.0,0.0
1.7729780322239428,1.0264609660243877,0.4760523708658264,0.0,0.0
1.7729780322239428,1.0886707215410176,0.4801647086780392,0.0,0.0
1.7729780322239428,1.1508804770576466,0.4845271321900831,0.0,0.0
1.7729780322239428,1.2130902325742765,0.4891387929222935,0.0,0.0
1.7729780322239428,1.2752999880909055,0.4939980519082278,0.0,0.0
1.7729780322239428,1.3375097436075354,0.49910231487324713,0.0,0.0
1.7729780322239428,1.3997194991241653,0.5044478480506059,0.0,0.0
1.7729780322239428,1.4619292546407943,0.5100295738641349,0.0,0.0
1.7729780322239428,1.5241390101574241,0.515840846171452,0.0,0.0
1.7729780322239428,1.586348765674054,0.5218732054181118,0.0,0.0
1.7729780322239428,1.648558521190683,0.528116114941769,0.0,0.0
1.7729780322239428,1.710768276707313,0.534556680827708,0.0,0.0
1.7729780322239428,1.7729780322239428,0.541179359191511,0.0,0.0
1.7729780322239428,1.8351877877405718,0.5479656565810995,0.0,0.0
1.7729780322239428,1.8973975432572017,0.554893831362241,0.0,0.0
1.7729780322239428,1.9596072987738316,0.5619386064651151,0.0,0.0
1.7729780322239428,2.0218170542904605,0.5690709066709021,0.0,0.0
1.7729780322239428,2.0840268098070904,0.5762576365978554,0.0,0.0
1.7729780322239428,2.1462365653237194,0.5834615185270531,0.0,0.0
1.7729780322239428,2.2084463208403493,0.5906410119266678,0.0,0.0
1.7729780322239428,2.270656076356979,0.5977503386370115,0.0,0.0
1.7729780322239428,2.332865831873608,0.6047396387266096,0.0,0.0
1.7729780322239428,2.395075587390238,0.6115552815154085,0.0,0.0
1.7729780322239428,2.457285342906868,0.6181403536550373,0.0,0.0
1.7729780322239428,2.519495098423497,0.6244353409749364,0.0,0.0
1.7729780322239428,2.581704853940127,0.6303790127073702,0.0,0.0
1.7729780322239428,2.6439146094567567,0.63590950561244,0.0,0.0
1.7729780322239428,2.7061243649733857,0.6409655917301178,0.0,0.0
1.7729780322239428,2.7683341204900156,0.6454880977524496,0.0,0.0
1.7729780322239428,2.8305438760066455,0.6494214276025118,0.0,0.0
1.7729780322239428,2.8927536315232745,0.6527151244461462,0.0,0.0
1.7729780322239428,2.9549633870399044,0.6553253960543397,0.0,0.0
1.7729780322239428,3.0171731425565333,0.6572165201988438,0.0,0.0
1.7729780322239428,3.0793828980731632,0.6583620462853609,0.0,0.0
1.8351877877405718,-3.141592653589793,0.6710976816619217,0.0,0.0
1.8351877877405718,-3.0793828980731637,0.670692035149711,0.0,0.0
1.8351877877405718,-3.017173142556534,0.6694810543861586,0.0,0.0
1.8351877877405718,-2.9549633870399044,0.6674823942091062,0.0,0.0
1.8351877877405718,-2.892753631523275,0.6647247570325986,0.0,0.0
1.8351877877405718,-2.8305438760066455,0.6612468633459752,0.0,0.0
1.8351877877405718,-2.7683341204900156,0.65709611194115,0.0,0.0
1.8351877877405718,-2.706124364973386,0.652327017531724,0.0,0.0
1.8351877877405718,-2.6439146094567567,0.6469995212548435,0.0,0.0
1.8351877877405718,-2.581704853940127,0.6411772683517829,0.0,0.0
1.8351877877405718,-2.5194950984234974,0.6349259383529141,0.0,0.0
1.8351877877405718,-2.457285342906868,0.6283116984030336,0.0,0.0
1.8351877877405718,-2.395075587390238,0.6213998323724421,0.0,0.0
1.8351877877405718,-2.3328658318736086,0.6142535794663667,0.0,0.0
1.8351877877405718,-2.270656076356979,0.6069331981489915,0.0,0.0
1.8351877877405718,-2.2084463208403498,0.5994952557554621,0.0,0.0
1.8351877877405718,-2.1462365653237203,0.5919921319844624,0.0,0.0
1.8351877877405718,-2.0840268098070904,0.5844717158044699,0.0,0.0
1.8351877877405718,-2.021817054290461,0.5769772700002158,0.0,0.0
1.8351877877405718,-1.9596072987738313,0.5695474351813642,0.0,0.0
1.8351877877405718,-1.897397543257202,0.5622163449771618,0.0,0.0
1.8351877877405718,-1.8351877877405722,0.5550138257189543,0.0,0.0
1.8351877877405718,-1.7729780322239428,0.5479656565810995,0.0,0.0
1.8351877877405718,-1.7107682767073131,0.5410938694131754,0.0,0.0
1.8351877877405718,-1.6485585211906835,0.5344170709639087,0.0,0.0
1.8351877877405718,-1.586348765674054,0.5279507735893639,0.0,0.0
1.8351877877405718,-1.5241390101574244,0.5217077236703515,0.0,0.0
1.8351877877405718,-1.461929254640795,0.5156982197312824,0.0,0.0
1.8351877877405718,-1.3997194991241653,0.509930414609402,0.0,0.0
1.8351877877405718,-1.3375097436075358,0.5044105979665007,0.0,0.0
1.8351877877405718,-1.2752999880909062,0.4991434569895171,0.0,0.0
1.8351877877405718,-1.2130902325742767,0.4941323143325143,0.0,0.0
1.8351877877405718,-1.150880477057647,0.48937934325824506,0.0,0.0
1.8351877877405718,-1.0886707215410176,0.48488576059222793,0.0,0.0
1.8351877877405718,-1.0264609660243877,0.4806519985527827,0.0,0.0
1.8351877877405718,-0.9642512105077583,0.4766778568091052,0.0,0.0
1.8351877877405718,-0.9020414549911289,0.4729626362828333,0.0,0.0
1.8351877877405718,-0.8398316994744994,0.4695052562775135,0.0,0.0
1.8351877877405718,-0.7776219439578695,0.466304356520149,0.0,0.0
1.8351877877405718,-0.7154121884412401,0.46335838564979775,0.0,0.0
1.8351877877405718,-0.6532024329246107,0.46066567760580707,0.0,0.0
1.8351877877405718,-0.5909926774079808,0.4582245172647999,0.0,0.0
1.8351877877405718,-0.5287829218913513,0.4560331965600219,0.0,0.0
1.8351877877405718,-0.4665731663747219,0.4540900621956805,0.0,0.0
1.8351877877405718,-0.40436341085809246,0.4523935559470665,0.0,0.0
1.8351877877405718,-0.3421536553414626,0.4509422484176383,0.0,0.0
1.8351877877405718,-0.27994389982483314,0.4497348670087618,0.0,0.0
1.8351877877405718,-0.2177341443082037,0.44877031874746715,0.0,0.0
1.8351877877405718,-0.15552438879157382,0.4480477085127513,0.0,0.0
1.8351877877405718,-0.09331463327494438,0.44756635310149184,0.0,0.0
1.8351877877405718,-0.03110487775831494,0.44732579148045654,0.0,0.0
1.8351877877405718,0.031104877758314498,0.44732579148045654,0.0,0.0
1.8351877877405718,0.09331463327494438,0.44756635310149184,0.0,0.0
1.8351877877405718,0.15552438879157382,0.4480477085127513,0.0,0.0
1.8351877877405718,0.21773414430820326,0.4487703187474671,0.0,0.0
1.8351877877405718,0.2799438998248327,0.4497348670087618,0.0,0.0
1.8351877877405718,0.3421536553414626,0.4509422484176383,0.0,0.0
1.8351877877405718,0.404363410858092,0.45239355594706654,0.0,0.0
1.8351877877405718,0.46657316637472146,0.4540900621956805,0.0,0.0
1.8351877877405718,0.5287829218913513,0.4560331965600219,0.0,0.0
1.8351877877405718,0.5909926774079808,0.4582245172647999,0.0,0.0
1.8351877877405718,0.6532024329246102,0.460665677605807,0.0,0.0
1.8351877877405718,0.7154121884412397,0.4633583856497977,0.0,0.0
1.8351877877405718,0.7776219439578695,0.466304356520149,0.0,0.0
1.8351877877405718,0.839831699474499,0.4695052562775135,0.0,0.0
1.8351877877405718,0.9020414549911289,0.4729626362828333,0.0,0.0
1.8351877877405718,0.9642512105077579,0.4766778568091052,0.0,0.0
1.8351877877405718,1.0264609660243877,0.4806519985527827,0.0,0.0
1.8351877877405718,1.0886707215410176,0.48488576059222793,0.0,0.0
1.8351877877405718,1.1508804770576466,0.48937934325824506,0.0,0.0
1.8351877877405718,1.2130902325742765,0.4941323143325142,0.0,0.0
1.8351877877405718,1.2752999880909055,0.4991434569895171,0.0,0.0
1.8351877877405718,1.3375097436075354,0.5044105979665007,0.0,0.0
1.8351877877405718,1.3997194991241653,0.509930414609402,0.0,0.0
1.8351877877405718,1.4619292546407943,0.5156982197312824,0.0,0.0
1.8351877877405718,1.5241390101574241,0.5217077236703515,0.0,0.0
1.8351877877405718,1.586348765674054,0.5279507735893639,0.0,0.0
1.8351877877405718,1.648558521190683,0.5344170709639087,0.0,0.0
1.8351877877405718,1.710768276707313,0.5410938694131754,0.0,0.0
1.8351877877405718,1.7729780322239428,0.5479656565810995,0.0,0.0
1.8351877877405718,1.8351877877405718,0.5550138257189543,0.0,0.0
1.8351877877405718,1.8973975432572017,0.5622163449771618,0.0,0.0
1.8351877877405718,1.9596072987738316,0.5695474351813642,0.0,0.0
1.8351877877405718,2.0218170542904605,0.5769772700002157,0.0,0.0
1.8351877877405718,2.0840268098070904,0.5844717158044699,0.0,0.0
1.8351877877405718,2.1462365653237194,0.5919921319844623,0.0,0.0
1.8351877877405718,2.2084463208403493,0.599495255755462,0.0,0.0
1.8351877877405718,2.270656076356979,0.6069331981489915,0.0,0.0
1.8351877877405718,2.332865831873608,0.6142535794663667,0.0,0.0
1.8351877877405718,2.395075587390238,0.6213998323724421,0.0,0.0
1.8351877877405718,2.457285342906868,0.6283116984030336,0.0,0.0
1.8351877877405718,2.519495098423497,0.634925938352914,0.0,0.0
1.8351877877405718,2.581704853940127,0.6411772683517829,0.0,0.0
1.8351877877405718,2.6439146094567567,0.6469995212548435,0.0,0.0
1.8351877877405718,2.7061243649733857,0.6523270175317238,0.0,0.0
1.8351877877405718,2.7683341204900156,0.65709611194115,0.0,0.0
1.8351877877405718,2.8305438760066455,0.6612468633459752,0.0,0.0
1.8351877877405718,2.8927536315232745,0.6647247570325986,0.0,0.0
1.8351877877405718,2.9549633870399044,0.6674823942091062,0.0,0.0
1.8351877877405718,3.0171731425565333,0.6694810543861586,0.0,0.0
1.8351877877405718,3.0793828980731632,0.670692035149711,0.0,0.0
1.8973975432572017,-3.141592653589793,0.6839468543419359,0.0,0.0
1.8973975432572017,-3.0793828980731637,0.6835174737794554,0.0,0.0
1.8973975432572017,-3.017173142556534,0.6822358183622773,0.0,0.0
1.8973975432572017,-2.9549633870399044,0.68012109819081,0.0,0.0
1.8973975432572017,-2.892753631523275,0.677204519539938,0.0,0.0
1.8973975432572017,-2.8305438760066455,0.673528131449942,0.0,0.0
1.8973975432572017,-2.7683341204900156,0.6691433281656436,0.0,0.0
1.8973975432572017,-2.706124364973386,0.6641091081508822,0.0,0.0
1.8973975432572017,-2.6439146094567567,0.6584901988014226,0.0,0.0
1.8973975432572017,-2.581704853940127,0.6523551538289641,0.0,0.0
1.8973975432572017,-2.5194950984234974,0.6457745191724802,0.0,0.0
1.8973975432572017,-2.457285342906868,0.6388191457278054,0.0,0.0
1.8973975432572017,-2.395075587390238,0.6315587060743992,0.0,0.0
1.8973975432572017,-2.3328658318736086,0.6240604504968521,0.0,0.0
1.8973975432572017,-2.270656076356979,0.6163882172261692,0.0,0.0
1.8973975432572017,-2.2084463208403498,0.6086016945415663,0.0,0.0
1.8973975432572017,-2.1462365653237203,0.6007559190237288,0.0,0.0
1.8973975432572017,-2.0840268098070904,0.59290098503741,0.0,0.0
1.8973975432572017,-2.021817054290461,0.58508193516185,0.0,0.0
1.8973975432572017,-1.9596072987738313,0.5773387991927921,0.0,0.0
1.8973975432572017,-1.897397543257202,0.5697067497784261,0.0,0.0
1.8973975432572017,-1.8351877877405722,0.5622163449771619,0.0,0.0
1.8973975432572017,-1.7729780322239428,0.554893831362241,0.0,0.0
1.8973975432572017,-1.7107682767073131,0.5477614851885251,0.0,0.0
1.8973975432572017,-1.6485585211906835,0.5408379731551499,0.0,0.0
1.8973975432572017,-1.586348765674054,0.5341387181466776,0.0,0.0
1.8973975432572017,-1.5241390101574244,0.5276762588280193,0.0,0.0
1.8973975432572017,-1.461929254640795,0.5214605950058714,0.0,0.0
1.8973975432572017,-1.3997194991241653,0.515499513217841,0.0,0.0
1.8973975432572017,-1.3375097436075358,0.5097988890805801,0.0,0.0
1.8973975432572017,-1.2752999880909062,0.504362964558415,0.0,0.0
1.8973975432572017,-1.2130902325742767,0.4991945995572834,0.0,0.0
1.8973975432572017,-1.150880477057647,0.4942954981639233,0.0,0.0
1.8973975432572017,-1.0886707215410176,0.4896664104952555,0.0,0.0
1.8973975432572017,-1.0264609660243877,0.48530731155150847,0.0,0.0
1.8973975432572017,-0.9642512105077583,0.4812175587263089,0.0,0.0
1.8973975432572017,-0.9020414549911289,0.477396029758118,0.0,0.0
1.8973975432572017,-0.8398316994744994,0.4738412429434984,0.0,0.0
1.8973975432572017,-0.7776219439578695,0.4705514614007094,0.0,0.0
1.8973975432572017,-0.7154121884412401,0.4675247830933279,0.0,0.0
1.8973975432572017,-0.6532024329246107,0.4647592182143533,0.0,0.0
1.8973975432572017,-0.5909926774079808,0.4622527554039205,0.0,0.0
1.8973975432572017,-0.5287829218913513,0.46000341813735335,0.0,0.0
1.8973975432572017,-0.4665731663747219,0.45800931248127996,0.0,0.0
1.8973975432572017,-0.40436341085809246,0.45626866727827925,0.0,0.0
1.8973975432572017,-0.3421536553414626,0.45477986768784584,0.0,0.0
1.8973975432572017,-0.27994389982483314,0.45354148288496754,0.0,0.0
1.8973975432572017,-0.2177341443082037,0.4525522885980267,0.0,0.0
1.8973975432572017,-0.15552438879157382,0.45181128505515344,0.0,0.0
1.8973975432572017,-0.09331463327494438,0.45131771080216193,0.0,0.0
1.8973975432572017,-0.03110487775831494,0.45107105275508197,0.0,0.0
1.8973975432572017,0.031104877758314498,0.45107105275508197,0.0,0.0
1.8973975432572017,0.09331463327494438,0.45131771080216193,0.0,0.0
1.8973975432572017,0.15552438879157382,0.45181128505515344,0.0,0.0
1.8973975432572017,0.21773414430820326,0.4525522885980267,0.0,0.0
1.8973975432572017,0.2799438998248327,0.45354148288496754,0.0,0.0
1.8973975432572017,0.3421536553414626,0.45477986768784584,0.0,0.0
1.8973975432572017,0.404363410858092,0.45626866727827925,0.0,0.0
1.8973975432572017,0.46657316637472146,0.4580093124812799,0.0,0.0
1.8973975432572017,0.5287829218913513,0.46000341813735335,0.0,0.0
1.8973975432572017,0.5909926774079808,0.4622527554039205,0.0,0.0
1.8973975432572017,0.6532024329246102,0.4647592182143533,0.0,0.0
1.8973975432572017,0.7154121884412397,0.4675247830933279,0.0,0.0
1.8973975432572017,0.7776219439578695,0.4705514614007094,0.0,0.0
1.8973975432572017,0.839831699474499,0.4738412429434984,0.0,0.0
1.8973975432572017,0.9020414549911289,0.477396029758118,0.0,0.0
1.8973975432572017,0.9642512105077579,0.4812175587263089,0.0,0.0
1.8973975432572017,1.0264609660243877,0.48530731155150847,0.0,0.0
1.8973975432572017,1.0886707215410176,0.4896664104952555,0.0,0.0
1.8973975432572017,1.1508804770576466,0.49429549816392326,0.0,0.0
1.8973975432572017,1.2130902325742765,0.4991945995572833,0.0,0.0
1.8973975432572017,1.2752999880909055,0.504362964558415,0.0,0.0
1.8973975432572017,1.3375097436075354,0.50979888908058,0.0,0.0
1.8973975432572017,1.3997194991241653,0.515499513217841,0.0,0.0
1.8973975432572017,1.4619292546407943,0.5214605950058714,0.0,0.0
1.8973975432572017,1.5241390101574241,0.5276762588280193,0.0,0.0
1.8973975432572017,1.586348765674054,0.5341387181466776,0.0,0.0
1.8973975432572017,1.648558521190683,0.5408379731551499,0.0,0.0
1.8973975432572017,1.710768276707313,0.547761485188525,0.0,0.0
1.8973975432572017,1.7729780322239428,0.554893831362241,0.0,0.0
1.8973975432572017,1.8351877877405718,0.5622163449771618,0.0,0.0
1.8973975432572017,1.8973975432572017,0.569706749778426,0.0,0.0
1.8973975432572017,1.9596072987738316,0.5773387991927922,0.0,0.0
1.8973975432572017,2.0218170542904605,0.58508193516185,0.0,0.0
1.8973975432572017,2.0840268098070904,0.59290098503741,0.0,0.0
1.8973975432572017,2.1462365653237194,0.6007559190237287,0.0,0.0
1.8973975432572017,2.2084463208403493,0.6086016945415662,0.0,0.0
1.8973975432572017,2.270656076356979,0.6163882172261692,0.0,0.0
1.8973975432572017,2.332865831873608,0.624060450496852,0.0,0.0
1.8973975432572017,2.395075587390238,0.6315587060743992,0.0,0.0
1.8973975432572017,2.457285342906868,0.6388191457278054,0.0,0.0
1.8973975432572017,2.519495098423497,0.6457745191724801,0.0,0.0
1.8973975432572017,2.581704853940127,0.6523551538289641,0.0,0.0
1.8973975432572017,2.6439146094567567,0.6584901988014226,0.0,0.0
1.8973975432572017,2.7061243649733857,0.6641091081508821,0.0,0.0
1.8973975432572017,2.7683341204900156,0.6691433281656436,0.0,0.0
1.8973975432572017,2.8305438760066455,0.673528131449942,0.0,0.0
1.8973975432572017,2.8927536315232745,0.6772045195399379,0.0,0.0
1.8973975432572017,2.9549633870399044,0.68012109819081,0.0,0.0
1.8973975432572017,3.0171731425565333,0.6822358183622773,0.0,0.0
1.8973975432572017,3.0793828980731632,0.6835174737794554,0.0,0.0
1.9596072987738316,-3.141592653589793,0.6972711257627052,0.0,0.0
1.9596072987738316,-3.0793828980731637,0.6968161751347496,0.0,0.0
1.9596072987738316,-3.017173142556534,0.6954583960277494,0.0,0.0
1.9596072987738316,-2.9549633870399044,0.6932187268081406,0.0,0.0
1.9596072987738316,-2.892753631523275,0.6901311529990203,0.0,0.0
1.9596072987738316,-2.8305438760066455,0.6862414120800499,0.0,0.0
1.9596072987738316,-2.7683341204900156,0.6816053159224742,0.0,0.0
1.9596072987738316,-2.706124364973386,0.6762868069053852,0.0,0.0
1.9596072987738316,-2.6439146094567567,0.6703558727075944,0.0,0.0
1.9596072987738316,-2.581704853940127,0.6638864413587683,0.0,0.0
1.9596072987738316,-2.5194950984234974,0.6569543643683864,0.0,0.0
1.9596072987738316,-2.457285342906868,0.6496355747199805,0.0,0.0
1.9596072987738316,-2.395075587390238,0.6420044817098646,0.0,0.0
1.9596072987738316,-2.3328658318736086,0.634132639297408,0.0,0.0
1.9596072987738316,-2.270656076356979,0.6260877014385741,0.0,0.0
1.9596072987738316,-2.2084463208403498,0.6179326585482284,0.0,0.0
1.9596072987738316,-2.1462365653237203,0.6097253346487824,0.0,0.0
1.9596072987738316,-2.0840268098070904,0.601518115028897,0.0,0.0
1.9596072987738316,-2.021817054290461,0.5933578689241005,0.0,0.0
1.9596072987738316,-1.9596072987738313,0.5852860300817533,0.0,0.0
1.9596072987738316,-1.897397543257202,0.5773387991927922,0.0,0.0
1.9596072987738316,-1.8351877877405722,0.5695474351813642,0.0,0.0
1.9596072987738316,-1.7729780322239428,0.5619386064651151,0.0,0.0
1.9596072987738316,-1.7107682767073131,0.5545347779092089,0.0,0.0
1.9596072987738316,-1.6485585211906835,0.5473546138340694,0.0,0.0
1.9596072987738316,-1.586348765674054,0.5404133817885713,0.0,0.0
1.9596072987738316,-1.5241390101574244,0.5337233456812881,0.0,0.0
1.9596072987738316,-1.461929254640795,0.5272941401841437,0.0,0.0
1.9596072987738316,-1.3997194991241653,0.5211331210671386,0.0,0.0
1.9596072987738316,-1.3375097436075358,0.5152456883173063,0.0,0.0
1.9596072987738316,-1.2752999880909062,0.5096355805944054,0.0,0.0
1.9596072987738316,-1.2130902325742767,0.5043051408475918,0.0,0.0
1.9596072987738316,-1.150880477057647,0.4992555538322544,0.0,0.0
1.9596072987738316,-1.0886707215410176,0.49448705689201766,0.0,0.0
1.9596072987738316,-1.0264609660243877,0.4899991257688352,0.0,0.0
1.9596072987738316,-0.9642512105077583,0.48579063742701034,0.0,0.0
1.9596072987738316,-0.9020414549911289,0.48186001196920997,0.0,0.0
1.9596072987738316,-0.8398316994744994,0.47820533572014934,0.0,0.0
1.9596072987738316,-0.7776219439578695,0.4748244674852531,0.0,0.0
1.9596072987738316,-0.7154121884412401,0.4717151298794735,0.0,0.0
1.9596072987738316,-0.6532024329246107,0.46887498748239737,0.0,0.0
1.9596072987738316,-0.5909926774079808,0.4663017134222721,0.0,0.0
1.9596072987738316,-0.5287829218913513,0.46399304583253853,0.0,0.0
1.9596072987738316,-0.4665731663747219,0.46194683546609955,0.0,0.0
1.9596072987738316,-0.40436341085809246,0.46016108559890667,0.0,0.0
1.9596072987738316,-0.3421536553414626,0.4586339852080108,0.0,0.0
1.9596072987738316,-0.27994389982483314,0.45736393627123917,0.0,0.0
1.9596072987738316,-0.2177341443082037,0.4563495759065267,0.0,0.0
1.9596072987738316,-0.15552438879157382,0.4555897939484057,0.0,0.0
1.9596072987738316,-0.09331463327494438,0.45508374644655386,0.0,0.0
1.9596072987738316,-0.03110487775831494,0.4548308654656242,0.0,0.0
1.9596072987738316,0.031104877758314498,0.4548308654656242,0.0,0.0
1.9596072987738316,0.09331463327494438,0.45508374644655386,0.0,0.0
1.9596072987738316,0.15552438879157382,0.4555897939484057,0.0,0.0
1.9596072987738316,0.21773414430820326,0.4563495759065267,0.0,0.0
1.9596072987738316,0.2799438998248327,0.45736393627123917,0.0,0.0
1.9596072987738316,0.3421536553414626,0.4586339852080108,0.0,0.0
1.9596072987738316,0.404363410858092,0.46016108559890667,0.0,0.0
1.9596072987738316,0.46657316637472146,0.46194683546609955,0.0,0.0
1.9596072987738316,0.5287829218913513,0.46399304583253853,0.0,0.0
1.9596072987738316,0.5909926774079808,0.4663017134222721,0.0,0.0
1.9596072987738316,0.6532024329246102,0.4688749874823975,0.0,0.0
1.9596072987738316,0.7154121884412397,0.4717151298794734,0.0,0.0
1.9596072987738316,0.7776219439578695,0.4748244674852531,0.0,0.0
1.9596072987738316,0.839831699474499,0.47820533572014934,0.0,0.0
1.9596072987738316,0.9020414549911289,0.48186001196920997,0.0,0.0
1.9596072987738316,0.9642512105077579,0.48579063742701034,0.0,0.0
1.9596072987738316,1.0264609660243877,0.4899991257688352,0.0,0.0
1.9596072987738316,1.0886707215410176,0.49448705689201766,0.0,0.0
1.9596072987738316,1.1508804770576466,0.4992555538322544,0.0,0.0
1.9596072987738316,1.2130902325742765,0.5043051408475918,0.0,0.0
1.9596072987738316,1.2752999880909055,0.5096355805944053,0.0,0.0
1.9596072987738316,1.3375097436075354,0.5152456883173063,0.0,0.0
1.9596072987738316,1.3997194991241653,0.5211331210671386,0.0,0.0
1.9596072987738316,1.4619292546407943,0.5272941401841437,0.0,0.0
1.9596072987738316,1.5241390101574241,0.533723345681288,0.0,0.0
1.9596072987738316,1.586348765674054,0.5404133817885713,0.0,0.0
1.9596072987738316,1.648558521190683,0.5473546138340692,0.0,0.0
1.9596072987738316,1.710768276707313,0.5545347779092089,0.0,0.0
1.9596072987738316,1.7729780322239428,0.5619386064651151,0.0,0.0
1.9596072987738316,1.8351877877405718,0.5695474351813642,0.0,0.0
1.9596072987738316,1.8973975432572017,0.5773387991927922,0.0,0.0
1.9596072987738316,1.9596072987738316,0.5852860300817533,0.0,0.0
1.9596072987738316,2.0218170542904605,0.5933578689241005,0.0,0.0
1.9596072987738316,2.0840268098070904,0.601518115028897,0.0,0.0
1.9596072987738316,2.1462365653237194,0.6097253346487823,0.0,0.0
1.9596072987738316,2.2084463208403493,0.6179326585482283,0.0,0.0
1.9596072987738316,2.270656076356979,0.6260877014385741,0.0,0.0
1.9596072987738316,2.332865831873608,0.634132639297408,0.0,0.0
1.9596072987738316,2.395075587390238,0.6420044817098646,0.0,0.0
1.9596072987738316,2.457285342906868,0.6496355747199805,0.0,0.0
1.9596072987738316,2.519495098423497,0.6569543643683864,0.0,0.0
1.9596072987738316,2.581704853940127,0.6638864413587683,0.0,0.0
1.9596072987738316,2.6439146094567567,0.6703558727075944,0.0,0.0
1.9596072987738316,2.7061243649733857,0.6762868069053852,0.0,0.0
1.9596072987738316,2.7683341204900156,0.6816053159224742,0.0,0.0
1.9596072987738316,2.8305438760066455,0.6862414120800499,0.0,0.0
1.9596072987738316,2.8927536315232745,0.6901311529990203,0.0,0.0
1.9596072987738316,2.9549633870399044,0.6932187268081406,0.0,0.0
1.9596072987738316,3.0171731425565333,0.6954583960277494,0.0,0.0
1.9596072987738316,3.0793828980731632,0.6968161751347496,0.0,0.0
2.0218170542904605,-3.141592653589793,0.7110393389012242,0.0,0.0
2.0218170542904605,-3.0793828980731637,0.7105569212778192,0.0,0.0
2.0218170542904605,-3.017173142556534,0.7091173918260265,0.0,0.0
2.0218170542904605,-2.9549633870399044,0.7067436050223417,0.0,0.0
2.0218170542904605,-2.892753631523275,0.7034726240548791,0.0,0.0
2.0218170542904605,-2.8305438760066455,0.6993542636612362,0.0,0.0
2.0218170542904605,-2.7683341204900156,0.6944492076201644,0.0,0.0
2.0218170542904605,-2.706124364973386,0.6888268348790113,0.0,0.0
2.0218170542904605,-2.6439146094567567,0.6825628977526358,0.0,0.0
2.0218170542904605,-2.581704853940127,0.6757371905732747,0.0,0.0
2.0218170542904605,-2.5194950984234974,0.6684313301473582,0.0,0.0
2.0218170542904605,-2.457285342906868,0.6607267441788427,0.0,0.0
2.0218170542904605,-2.395075587390238,0.6527029346476483,0.0,0.0
2.0218170542904605,-2.3328658318736086,0.6444360538441027,0.0,0.0
2.0218170542904605,-2.270656076356979,0.6359978043652001,0.0,0.0
2.0218170542904605,-2.2084463208403498,0.6274546528074996,0.0,0.0
2.0218170542904605,-2.1462365653237203,0.6188673310142269,0.0,0.0
2.0218170542904605,-2.0840268098070904,0.6102905885418302,0.0,0.0
2.0218170542904605,-2.021817054290461,0.6017731548803174,0.0,0.0
2.0218170542904605,-1.9596072987738313,0.5933578689241005,0.0,0.0
2.0218170542904605,-1.897397543257202,0.58508193516185,0.0,0.0
2.0218170542904605,-1.8351877877405722,0.5769772700002157,0.0,0.0
2.0218170542904605,-1.7729780322239428,0.5690709066709021,0.0,0.0
2.0218170542904605,-1.7107682767073131,0.5613854325995313,0.0,0.0
2.0218170542904605,-1.6485585211906835,0.5539394384402848,0.0,0.0
2.0218170542904605,-1.586348765674054,0.5467479628802016,0.0,0.0
2.0218170542904605,-1.5241390101574244,0.5398229216116159,0.0,0.0
2.0218170542904605,-1.461929254640795,0.5331735124880644,0.0,0.0
2.0218170542904605,-1.3997194991241653,0.5268065918196748,0.0,0.0
2.0218170542904605,-1.3375097436075358,0.5207270190768977,0.0,0.0
2.0218170542904605,-1.2752999880909062,0.514937969030232,0.0,0.0
2.0218170542904605,-1.2130902325742767,0.5094412116424116,0.0,0.0
2.0218170542904605,-1.150880477057647,0.5042373609326171,0.0,0.0
2.0218170542904605,-1.0886707215410176,0.49932609462794625,0.0,0.0
2.0218170542904605,-1.0264609660243877,0.4947063467746673,0.0,0.0
2.0218170542904605,-0.9642512105077583,0.4903764756593421,0.0,0.0
2.0218170542904605,-0.9020414549911289,0.48633440943594747,0.0,0.0
2.0218170542904605,-0.8398316994744994,0.4825777718082698,0.0,0.0
2.0218170542904605,-0.7776219439578695,0.4791039900072757,0.0,0.0
2.0218170542904605,-0.7154121884412401,0.4759103871538975,0.0,0.0
2.0218170542904605,-0.6532024329246107,0.4729942609258529,0.0,0.0
2.0218170542904605,-0.5909926774079808,0.4703529502651849,0.0,0.0
2.0218170542904605,-0.5287829218913513,0.4679838916798287,0.0,0.0
2.0218170542904605,-0.4665731663747219,0.4658846665135555,0.0,0.0
2.0218170542904605,-0.40436341085809246,0.46405304038773654,0.0,0.0
2.0218170542904605,-0.3421536553414626,0.46248699585757036,0.0,0.0
2.0218170542904605,-0.27994389982483314,0.4611847591755544,0.0,0.0
2.0218170542904605,-0.2177341443082037,0.4601448219160742,0.0,0.0
2.0218170542904605,-0.15552438879157382,0.4593659580864175,0.0,0.0
2.0218170542904605,-0.09331463327494438,0.4588472372302897,0.0,0.0
2.0218170542904605,-0.03110487775831494,0.4585880339187293,0.0,0.0
2.0218170542904605,0.031104877758314498,0.4585880339187293,0.0,0.0
2.0218170542904605,0.09331463327494438,0.4588472372302897,0.0,0.0
2.0218170542904605,0.15552438879157382,0.4593659580864175,0.0,0.0
2.0218170542904605,0.21773414430820326,0.4601448219160742,0.0,0.0
2.0218170542904605,0.2799438998248327,0.4611847591755544,0.0,0.0
2.0218170542904605,0.3421536553414626,0.46248699585757036,0.0,0.0
2.0218170542904605,0.404363410858092,0.46405304038773654,0.0,0.0
2.0218170542904605,0.46657316637472146,0.4658846665135554,0.0,0.0
2.0218170542904605,0.5287829218913513,0.4679838916798287,0.0,0.0
2.0218170542904605,0.5909926774079808,0.4703529502651849,0.0,0.0
2.0218170542904605,0.6532024329246102,0.4729942609258529,0.0,0.0
2.0218170542904605,0.7154121884412397,0.4759103871538975,0.0,0.0
2.0218170542904605,0.7776219439578695,0.4791039900072757,0.0,0.0
2.0218170542904605,0.839831699474499,0.4825777718082698,0.0,0.0
2.0218170542904605,0.9020414549911289,0.48633440943594747,0.0,0.0
2.0218170542904605,0.9642512105077579,0.49037647565934206,0.0,0.0
2.0218170542904605,1.0264609660243877,0.4947063467746673,0.0,0.0
2.0218170542904605,1.0886707215410176,0.49932609462794625,0.0,0.0
2.0218170542904605,1.1508804770576466,0.5042373609326171,0.0,0.0
2.0218170542904605,1.2130902325742765,0.5094412116424116,0.0,0.0
2.0218170542904605,1.2752999880909055,0.514937969030232,0.0,0.0
2.0218170542904605,1.3375097436075354,0.5207270190768976,0.0,0.0
2.0218170542904605,1.3997194991241653,0.5268065918196748,0.0,0.0
2.0218170542904605,1.4619292546407943,0.5331735124880644,0.0,0.0
2.0218170542904605,1.5241390101574241,0.5398229216116159,0.0,0.0
2.0218170542904605,1.586348765674054,0.5467479628802016,0.0,0.0
2.0218170542904605,1.648558521190683,0.5539394384402848,0.0,0.0
2.0218170542904605,1.710768276707313,0.5613854325995313,0.0,0.0
2.0218170542904605,1.7729780322239428,0.5690709066709021,0.0,0.0
2.0218170542904605,1.8351877877405718,0.5769772700002157,0.0,0.0
2.0218170542904605,1.8973975432572017,0.58508193516185,0.0,0.0
2.0218170542904605,1.9596072987738316,0.5933578689241005,0.0,0.0
2.0218170542904605,2.0218170542904605,0.6017731548803172,0.0,0.0
2.0218170542904605,2.0840268098070904,0.6102905885418302,0.0,0.0
2.0218170542904605,2.1462365653237194,0.6188673310142268,0.0,0.0
2.0218170542904605,2.2084463208403493,0.6274546528074995,0.0,0.0
2.0218170542904605,2.270656076356979,0.6359978043652001,0.0,0.0
2.0218170542904605,2.332865831873608,0.6444360538441027,0.0,0.0
2.0218170542904605,2.395075587390238,0.6527029346476483,0.0,0.0
2.0218170542904605,2.457285342906868,0.6607267441788427,0.0,0.0
2.0218170542904605,2.519495098423497,0.6684313301473581,0.0,0.0
2.0218170542904605,2.581704853940127,0.6757371905732747,0.0,0.0
2.0218170542904605,2.6439146094567567,0.6825628977526358,0.0,0.0
2.0218170542904605,2.7061243649733857,0.6888268348790112,0.0,0.0
2.0218170542904605,2.7683341204900156,0.6944492076201644,0.0,0.0
2.0218170542904605,2.8305438760066455,0.6993542636612362,0.0,0.0
2.0218170542904605,2.8927536315232745,0.7034726240548791,0.0,0.0
2.0218170542904605,2.9549633870399044,0.7067436050223417,0.0,0.0
2.0218170542904605,3.0171731425565333,0.7091173918260265,0.0,0.0
2.0218170542904605,3.0793828980731632,0.7105569212778192,0.0,0.0
2.0840268098070904,-3.141592653589793,0.7252096681844704,0.0,0.0
2.0840268098070904,-3.0793828980731637,0.7246978505495352,0.0,0.0
2.0840268098070904,-3.017173142556534,0.7231708406971494,0.0,0.0
2.0840268098070904,-2.9549633870399044,0.7206536110669227,0.0,0.0
2.0840268098070904,-2.892753631523275,0.7171866224905906,0.0,0.0
2.0840268098070904,-2.8305438760066455,0.7128241825170323,0.0,0.0
2.0840268098070904,-2.7683341204900156,0.7076323302219285,0.0,0.0
2.0840268098070904,-2.706124364973386,0.7016864024306192,0.0,0.0
2.0840268098070904,-2.6439146094567567,0.6950684461542465,0.0,0.0
2.0840268098070904,-2.581704853940127,0.687864634856171,0.0,0.0
2.0840268098070904,-2.5194950984234974,0.6801628251508693,0.0,0.0
2.0840268098070904,-2.457285342906868,0.6720503603547481,0.0,0.0
2.0840268098070904,-2.395075587390238,0.6636121930104009,0.0,0.0
2.0840268098070904,-2.3328658318736086,0.6549293646356805,0.0,0.0
2.0840268098070904,-2.270656076356979,0.6460778509518137,0.0,0.0
2.0840268098070904,-2.2084463208403498,0.6371277568317331,0.0,0.0
2.0840268098070904,-2.1462365653237203,0.6281428280184504,0.0,0.0
2.0840268098070904,-2.0840268098070904,0.6191802361115555,0.0,0.0
2.0840268098070904,-2.021817054290461,0.6102905885418302,0.0,0.0
2.0840268098070904,-1.9596072987738313,0.6015181150288968,0.0,0.0
2.0840268098070904,-1.897397543257202,0.59290098503741,0.0,0.0
2.0840268098070904,-1.8351877877405722,0.5844717158044701,0.0,0.0
2.0840268098070904,-1.7729780322239428,0.5762576365978554,0.0,0.0
2.0840268098070904,-1.7107682767073131,0.5682813812157348,0.0,0.0
2.0840268098070904,-1.6485585211906835,0.5605613868232177,0.0,0.0
2.0840268098070904,-1.586348765674054,0.553112382712048,0.0,0.0
2.0840268098070904,-1.5241390101574244,0.5459458572997261,0.0,0.0
2.0840268098070904,-1.461929254640795,0.5390704956025676,0.0,0.0
2.0840268098070904,-1.3997194991241653,0.5324925825504193,0.0,0.0
2.0840268098070904,-1.3375097436075358,0.5262163699319818,0.0,0.0
2.0840268098070904,-1.2752999880909062,0.520244406564896,0.0,0.0
2.0840268098070904,-1.2130902325742767,0.5145778325766133,0.0,0.0
2.0840268098070904,-1.150880477057647,0.509216639559693,0.0,0.0
2.0840268098070904,-1.0886707215410176,0.5041598989181691,0.0,0.0
2.0840268098070904,-1.0264609660243877,0.4994059610273583,0.0,0.0
2.0840268098070904,-0.9642512105077583,0.49495262795239814,0.0,0.0
2.0840268098070904,-0.9020414549911289,0.4907973024629909,0.0,0.0
2.0840268098070904,-0.8398316994744994,0.4869371159843291,0.0,0.0
2.0840268098070904,-0.7776219439578695,0.48336903796850533,0.0,0.0
2.0840268098070904,-0.7154121884412401,0.4800899689805155,0.0,0.0
2.0840268098070904,-0.6532024329246107,0.4770968195854897,0.0,0.0
2.0840268098070904,-0.5909926774079808,0.4743865769112592,0.0,0.0
2.0840268098070904,-0.5287829218913513,0.47195636055109114,0.0,0.0
2.0840268098070904,-0.4665731663747219,0.46980346927076255,0.0,0.0
2.0840268098070904,-0.40436341085809246,0.4679254197952182,0.0,0.0
2.0840268098070904,-0.3421536553414626,0.46631997877441406,0.0,0.0
2.0840268098070904,-0.27994389982483314,0.46498518886593476,0.0,0.0
2.0840268098070904,-0.2177341443082037,0.46391938972315916,0.0,0.0
2.0840268098070904,-0.15552438879157382,0.4631212345411269,0.0,0.0
2.0840268098070904,-0.09331463327494438,0.46258970268647104,0.0,0.0
2.0840268098070904,-0.03110487775831494,0.46232410882122266,0.0,0.0
2.0840268098070904,0.031104877758314498,0.46232410882122266,0.0,0.0
2.0840268098070904,0.09331463327494438,0.46258970268647104,0.0,0.0
2.0840268098070904,0.15552438879157382,0.4631212345411269,0.0,0.0
2.0840268098070904,0.21773414430820326,0.4639193897231591,0.0,0.0
2.0840268098070904,0.2799438998248327,0.46498518886593476,0.0,0.0
2.0840268098070904,0.3421536553414626,0.46631997877441406,0.0,0.0
2.0840268098070904,0.404363410858092,0.4679254197952182,0.0,0.0
2.0840268098070904,0.46657316637472146,0.4698034692707625,0.0,0.0
2.0840268098070904,0.5287829218913513,0.47195636055109114,0.0,0.0
2.0840268098070904,0.5909926774079808,0.4743865769112592,0.0,0.0
2.0840268098070904,0.6532024329246102,0.4770968195854897,0.0,0.0
2.0840268098070904,0.7154121884412397,0.48008996898051537,0.0,0.0
2.0840268098070904,0.7776219439578695,0.48336903796850533,0.0,0.0
2.0840268098070904,0.839831699474499,0.4869371159843291,0.0,0.0
2.0840268098070904,0.9020414549911289,0.4907973024629909,0.0,0.0
2.0840268098070904,0.9642512105077579,0.494952627952398,0.0,0.0
2.0840268098070904,1.0264609660243877,0.4994059610273583,0.0,0.0
2.0840268098070904,1.0886707215410176,0.5041598989181691,0.0,0.0
2.0840268098070904,1.1508804770576466,0.509216639559693,0.0,0.0
2.0840268098070904,1.2130902325742765,0.5145778325766133,0.0,0.0
2.0840268098070904,1.2752999880909055,0.520244406564896,0.0,0.0
2.0840268098070904,1.3375097436075354,0.5262163699319817,0.0,0.0
2.0840268098070904,1.3997194991241653,0.5324925825504193,0.0,0.0
2.0840268098070904,1.4619292546407943,0.5390704956025676,0.0,0.0
2.0840268098070904,1.5241390101574241,0.5459458572997261,0.0,0.0
2.0840268098070904,1.586348765674054,0.553112382712048,0.0,0.0
2.0840268098070904,1.648558521190683,0.5605613868232177,0.0,0.0
2.0840268098070904,1.710768276707313,0.5682813812157347,0.0,0.0
2.0840268098070904,1.7729780322239428,0.5762576365978554,0.0,0.0
2.0840268098070904,1.8351877877405718,0.5844717158044699,0.0,0.0
2.0840268098070904,1.8973975432572017,0.59290098503741,0.0,0.0
2.0840268098070904,1.9596072987738316,0.601518115028897,0.0,0.0
2.0840268098070904,2.0218170542904605,0.6102905885418302,0.0,0.0
2.0840268098070904,2.0840268098070904,0.6191802361115555,0.0,0.0
2.0840268098070904,2.1462365653237194,0.6281428280184503,0.0,0.0
2.0840268098070904,2.2084463208403493,0.6371277568317331,0.0,0.0
2.0840268098070904,2.270656076356979,0.6460778509518137,0.0,0.0
2.0840268098070904,2.332865831873608,0.6549293646356805,0.0,0.0
2.0840268098070904,2.395075587390238,0.6636121930104009,0.0,0.0
2.0840268098070904,2.457285342906868,0.6720503603547481,0.0,0.0
2.0840268098070904,2.519495098423497,0.6801628251508692,0.0,0.0
2.0840268098070904,2.581704853940127,0.687864634856171,0.0,0.0
2.0840268098070904,2.6439146094567567,0.6950684461542465,0.0,0.0
2.0840268098070904,2.7061243649733857,0.7016864024306192,0.0,0.0
2.0840268098070904,2.7683341204900156,0.7076323302219285,0.0,0.0
2.0840268098070904,2.8305438760066455,0.7128241825170323,0.0,0.0
2.0840268098070904,2.8927536315232745,0.7171866224905905,0.0,0.0
2.0840268098070904,2.9549633870399044,0.7206536110669227,0.0,0.0
2.0840268098070904,3.0171731425565333,0.7231708406971493,0.0,0.0
2.0840268098070904,3.0793828980731632,0.7246978505495352,0.0,0.0
2.1462365653237194,-3.141592653589793,0.7397278972053393,0.0,0.0
2.1462365653237194,-3.0793828980731637,0.7391847445653609,0.0,0.0
2.1462365653237194,-3.017173142556534,0.7375645225809755,0.0,0.0
2.1462365653237194,-2.9549633870399044,0.7348945357080584,0.0,0.0
2.1462365653237194,-2.892753631523275,0.7312189809339164,0.0,0.0
2.1462365653237194,-2.8305438760066455,0.7265970966639552,0.0,0.0
2.1462365653237194,-2.7683341204900156,0.7211007843594645,0.0,0.0
2.1462365653237194,-2.706124364973386,0.7148118822285746,0.0,0.0
2.1462365653237194,-2.6439146094567567,0.7078192804206387,0.0,0.0
2.1462365653237194,-2.581704853940127,0.7002160572708457,0.0,0.0
2.1462365653237194,-2.5194950984234974,0.6920967902651224,0.0,0.0
2.1462365653237194,-2.457285342906868,0.6835551592745562,0.0,0.0
2.1462365653237194,-2.395075587390238,0.6746819193195677,0.0,0.0
2.1462365653237194,-2.3328658318736086,0.6655632810064661,0.0,0.0
2.1462365653237194,-2.270656076356979,0.6562797027607846,0.0,0.0
2.1462365653237194,-2.2084463208403498,0.6469050723451243,0.0,0.0
2.1462365653237194,-2.1462365653237203,0.6375062366550215,0.0,0.0
2.1462365653237194,-2.0840268098070904,0.6281428280184503,0.0,0.0
2.1462365653237194,-2.021817054290461,0.6188673310142268,0.0,0.0
2.1462365653237194,-1.9596072987738313,0.6097253346487823,0.0,0.0
2.1462365653237194,-1.897397543257202,0.6007559190237287,0.0,0.0
2.1462365653237194,-1.8351877877405722,0.5919921319844624,0.0,0.0
2.1462365653237194,-1.7729780322239428,0.5834615185270531,0.0,0.0
2.1462365653237194,-1.7107682767073131,0.5751866731194436,0.0,0.0
2.1462365653237194,-1.6485585211906835,0.567185792005239,0.0,0.0
2.1462365653237194,-1.586348765674054,0.5594732086787851,0.0,0.0
2.1462365653237194,-1.5241390101574244,0.5520599009016993,0.0,0.0
2.1462365653237194,-1.461929254640795,0.5449539618513018,0.0,0.0
2.1462365653237194,-1.3997194991241653,0.5381610313081466,0.0,0.0
2.1462365653237194,-1.3375097436075358,0.5316846853051554,0.0,0.0
2.1462365653237194,-1.2752999880909062,0.5255267844959557,0.0,0.0
2.1462365653237194,-1.2130902325742767,0.5196877827782586,0.0,0.0
2.1462365653237194,-1.150880477057647,0.5141669985446785,0.0,0.0
2.1462365653237194,-1.0886707215410176,0.5089628514299098,0.0,0.0
2.1462365653237194,-1.0264609660243877,0.5040730676655377,0.0,0.0
2.1462365653237194,-0.9642512105077583,0.4994948572122568,0.0,0.0
2.1462365653237194,-0.9020414549911289,0.4952250657697051,0.0,0.0
2.1462365653237194,-0.8398316994744994,0.49126030460972425,0.0,0.0
2.1462365653237194,-0.7776219439578695,0.4875970609722658,0.0,0.0
2.1462365653237194,-0.7154121884412401,0.4842317915283688,0.0,0.0
2.1462365653237194,-0.6532024329246107,0.48116100116878757,0.0,0.0
2.1462365653237194,-0.5909926774079808,0.47838130913177274,0.0,0.0
2.1462365653237194,-0.5287829218913513,0.47588950424694415,0.0,0.0
2.1462365653237194,-0.4665731663747219,0.4736825908489073,0.0,0.0
2.1462365653237194,-0.40436341085809246,0.47175782670672306,0.0,0.0
2.1462365653237194,-0.3421536553414626,0.47011275412452536,0.0,0.0
2.1462365653237194,-0.27994389982483314,0.4687452251942622,0.0,0.0
2.1462365653237194,-0.2177341443082037,0.46765342202280336,0.0,0.0
2.1462365653237194,-0.15552438879157382,0.4668358726110685,0.0,0.0
2.1462365653237194,-0.09331463327494438,0.46629146293062884,0.0,0.0
2.1462365653237194,-0.03110487775831494,0.46601944562149644,0.0,0.0
2.1462365653237194,0.031104877758314498,0.46601944562149644,0.0,0.0
2.1462365653237194,0.09331463327494438,0.46629146293062884,0.0,0.0
2.1462365653237194,0.15552438879157382,0.4668358726110685,0.0,0.0
2.1462365653237194,0.21773414430820326,0.46765342202280336,0.0,0.0
2.1462365653237194,0.2799438998248327,0.46874522519426226,0.0,0.0
2.1462365653237194,0.3421536553414626,0.47011275412452536,0.0,0.0
2.1462365653237194,0.404363410858092,0.47175782670672295,0.0,0.0
2.1462365653237194,0.46657316637472146,0.4736825908489073,0.0,0.0
2.1462365653237194,0.5287829218913513,0.47588950424694415,0.0,0.0
2.1462365653237194,0.5909926774079808,0.47838130913177274,0.0,0.0
2.1462365653237194,0.6532024329246102,0.48116100116878757,0.0,0.0
2.1462365653237194,0.7154121884412397,0.48423179152836876,0.0,0.0
2.1462365653237194,0.7776219439578695,0.4875970609722658,0.0,0.0
2.1462365653237194,0.839831699474499,0.49126030460972425,0.0,0.0
2.1462365653237194,0.9020414549911289,0.4952250657697051,0.0,0.0
2.1462365653237194,0.9642512105077579,0.4994948572122568,0.0,0.0
2.1462365653237194,1.0264609660243877,0.5040730676655377,0.0,0.0
2.1462365653237194,1.0886707215410176,0.5089628514299098,0.0,0.0
2.1462365653237194,1.1508804770576466,0.5141669985446784,0.0,0.0
2.1462365653237194,1.2130902325742765,0.5196877827782586,0.0,0.0
2.1462365653237194,1.2752999880909055,0.5255267844959557,0.0,0.0
2.1462365653237194,1.3375097436075354,0.5316846853051553,0.0,0.0
2.1462365653237194,1.3997194991241653,0.5381610313081466,0.0,0.0
2.1462365653237194,1.4619292546407943,0.5449539618513018,0.0,0.0
2.1462365653237194,1.5241390101574241,0.5520599009016992,0.0,0.0
2.1462365653237194,1.586348765674054,0.5594732086787851,0.0,0.0
2.1462365653237194,1.648558521190683,0.5671857920052389,0.0,0.0
2.1462365653237194,1.710768276707313,0.5751866731194436,0.0,0.0
2.1462365653237194,1.7729780322239428,0.5834615185270531,0.0,0.0
2.1462365653237194,1.8351877877405718,0.5919921319844623,0.0,0.0
2.1462365653237194,1.8973975432572017,0.6007559190237287,0.0,0.0
2.1462365653237194,1.9596072987738316,0.6097253346487823,0.0,0.0
2.1462365653237194,2.0218170542904605,0.6188673310142268,0.0,0.0
2.1462365653237194,2.0840268098070904,0.6281428280184503,0.0,0.0
2.1462365653237194,2.1462365653237194,0.6375062366550214,0.0,0.0
2.1462365653237194,2.2084463208403493,0.6469050723451242,0.0,0.0
2.1462365653237194,2.270656076356979,0.6562797027607846,0.0,0.0
2.1462365653237194,2.332865831873608,0.665563281006466,0.0,0.0
2.1462365653237194,2.395075587390238,0.6746819193195677,0.0,0.0
2.1462365653237194,2.457285342906868,0.6835551592745562,0.0,0.0
2.1462365653237194,2.519495098423497,0.6920967902651224,0.0,0.0
2.1462365653237194,2.581704853940127,0.7002160572708457,0.0,0.0
2.1462365653237194,2.6439146094567567,0.7078192804206387,0.0,0.0
2.1462365653237194,2.7061243649733857,0.7148118822285744,0.0,0.0
2.1462365653237194,2.7683341204900156,0.7211007843594645,0.0,0.0
2.1462365653237194,2.8305438760066455,0.7265970966639552,0.0,0.0
2.1462365653237194,2.8927536315232745,0.7312189809339162,0.0,0.0
2.1462365653237194,2.9549633870399044,0.7348945357080584,0.0,0.0
2.1462365653237194,3.0171731425565333,0.7375645225809754,0.0,0.0
2.1462365653237194,3.0793828980731632,0.7391847445653609,0.0,0.0
2.2084463208403493,-3.141592653589793,0.7545256548292415,0.0,0.0
2.2084463208403493,-3.0793828980731637,0.7539492752153816,0.0,0.0
2.2084463208403493,-3.017173142556534,0.7522302416593988,0.0,0.0
2.2084463208403493,-2.9549633870399044,0.7493984137954777,0.0,0.0
2.2084463208403493,-2.892753631523275,0.745502076749688,0.0,0.0
2.2084463208403493,-2.8305438760066455,0.7406058534373423,0.0,0.0
2.2084463208403493,-2.7683341204900156,0.734788030016936,0.0,0.0
2.2084463208403493,-2.706124364973386,0.728137502023302,0.0,0.0
2.2084463208403493,-2.6439146094567567,0.7207505589193934,0.0,0.0
2.2084463208403493,-2.581704853940127,0.7127277114621041,0.0,0.0
2.2084463208403493,-2.5194950984234974,0.7041707345196503,0.0,0.0
2.2084463208403493,-2.457285342906868,0.6951800548328245,0.0,0.0
2.2084463208403493,-2.395075587390238,0.685852565971911,0.0,0.0
2.2084463208403493,-2.3328658318736086,0.6762799076625703,0.0,0.0
2.2084463208403493,-2.270656076356979,0.6665472081914369,0.0,0.0
2.2084463208403493,-2.2084463208403498,0.6567322591886767,0.0,0.0
2.2084463208403493,-2.1462365653237203,0.6469050723451243,0.0,0.0
2.2084463208403493,-2.0840268098070904,0.6371277568317331,0.0,0.0
2.2084463208403493,-2.021817054290461,0.6274546528074996,0.0,0.0
2.2084463208403493,-1.9596072987738313,0.6179326585482282,0.0,0.0
2.2084463208403493,-1.897397543257202,0.6086016945415662,0.0,0.0
2.2084463208403493,-1.8351877877405722,0.5994952557554621,0.0,0.0
2.2084463208403493,-1.7729780322239428,0.5906410119266678,0.0,0.0
2.2084463208403493,-1.7107682767073131,0.5820614242265842,0.0,0.0
2.2084463208403493,-1.6485585211906835,0.573774354464835,0.0,0.0
2.2084463208403493,-1.586348765674054,0.5657936497724606,0.0,0.0
2.2084463208403493,-1.5241390101574244,0.5581296913484518,0.0,0.0
2.2084463208403493,-1.461929254640795,0.5507899003697363,0.0,0.0
2.2084463208403493,-1.3997194991241653,0.5437791976503153,0.0,0.0
2.2084463208403493,-1.3375097436075358,0.5371004162257482,0.0,0.0
2.2084463208403493,-1.2752999880909062,0.5307546678841796,0.0,0.0
2.2084463208403493,-1.2130902325742767,0.5247416659105394,0.0,0.0
2.2084463208403493,-1.150880477057647,0.5190600070888091,0.0,0.0
2.2084463208403493,-1.0886707215410176,0.5137074164323966,0.0,0.0
2.2084463208403493,-1.0264609660243877,0.508680958279309,0.0,0.0
2.2084463208403493,-0.9642512105077583,0.5039772173728633,0.0,0.0
2.2084463208403493,-0.9020414549911289,0.4995924534094644,0.0,0.0
2.2084463208403493,-0.8398316994744994,0.49552273231759303,0.0,0.0
2.2084463208403493,-0.7776219439578695,0.491764037270027,0.0,0.0
2.2084463208403493,-0.7154121884412401,0.4883123621485343,0.0,0.0
2.2084463208403493,-0.6532024329246107,0.48516378989362235,0.0,0.0
2.2084463208403493,-0.5909926774079808,0.482314557892598,0.0,0.0
2.2084463208403493,-0.5287829218913513,0.4797611122942221,0.0,0.0
2.2084463208403493,-0.4665731663747219,0.4775001528916081,0.0,0.0
2.2084463208403493,-0.40436341085809246,0.47552866998848514,0.0,0.0
2.2084463208403493,-0.3421536553414626,0.47384397445777277,0.0,0.0
2.2084463208403493,-0.27994389982483314,0.4724437220148038,0.0,0.0
2.2084463208403493,-0.2177341443082037,0.47132593255898536,0.0,0.0
2.2084463208403493,-0.15552438879157382,0.47048900528531695,0.0,0.0
2.2084463208403493,-0.09331463327494438,0.4699317301288134,0.0,0.0
2.2084463208403493,-0.03110487775831494,0.46965329597823324,0.0,0.0
2.2084463208403493,0.031104877758314498,0.46965329597823324,0.0,0.0
2.2084463208403493,0.09331463327494438,0.4699317301288134,0.0,0.0
2.2084463208403493,0.15552438879157382,0.47048900528531695,0.0,0.0
2.2084463208403493,0.21773414430820326,0.47132593255898536,0.0,0.0
2.2084463208403493,0.2799438998248327,0.4724437220148038,0.0,0.0
2.2084463208403493,0.3421536553414626,0.47384397445777277,0.0,0.0
2.2084463208403493,0.404363410858092,0.47552866998848514,0.0,0.0
2.2084463208403493,0.46657316637472146,0.4775001528916081,0.0,0.0
2.2084463208403493,0.5287829218913513,0.4797611122942221,0.0,0.0
2.2084463208403493,0.5909926774079808,0.482314557892598,0.0,0.0
2.2084463208403493,0.6532024329246102,0.48516378989362235,0.0,0.0
2.2084463208403493,0.7154121884412397,0.48831236214853424,0.0,0.0
2.2084463208403493,0.7776219439578695,0.491764037270027,0.0,0.0
2.2084463208403493,0.839831699474499,0.49552273231759303,0.0,0.0
2.2084463208403493,0.9020414549911289,0.4995924534094644,0.0,0.0
2.2084463208403493,0.9642512105077579,0.5039772173728633,0.0,0.0
2.2084463208403493,1.0264609660243877,0.508680958279309,0.0,0.0
2.2084463208403493,1.0886707215410176,0.5137074164323966,0.0,0.0
2.2084463208403493,1.1508804770576466,0.519060007088809,0.0,0.0
2.2084463208403493,1.2130902325742765,0.5247416659105394,0.0,0.0
2.2084463208403493,1.2752999880909055,0.5307546678841795,0.0,0.0
2.2084463208403493,1.3375097436075354,0.5371004162257482,0.0,0.0
2.2084463208403493,1.3997194991241653,0.5437791976503153,0.0,0.0
2.2084463208403493,1.4619292546407943,0.5507899003697362,0.0,0.0
2.2084463208403493,1.5241390101574241,0.5581296913484517,0.0,0.0
2.2084463208403493,1.586348765674054,0.5657936497724606,0.0,0.0
2.2084463208403493,1.648558521190683,0.573774354464835,0.0,0.0
2.2084463208403493,1.710768276707313,0.5820614242265842,0.0,0.0
2.2084463208403493,1.7729780322239428,0.5906410119266678,0.0,0.0
2.2084463208403493,1.8351877877405718,0.599495255755462,0.0,0.0
2.2084463208403493,1.8973975432572017,0.6086016945415662,0.0,0.0
2.2084463208403493,1.9596072987738316,0.6179326585482283,0.0,0.0
2.2084463208403493,2.0218170542904605,0.6274546528074995,0.0,0.0
2.2084463208403493,2.0840268098070904,0.6371277568317331,0.0,0.0
2.2084463208403493,2.1462365653237194,0.6469050723451242,0.0,0.0
2.2084463208403493,2.2084463208403493,0.6567322591886767,0.0,0.0
2.2084463208403493,2.270656076356979,0.6665472081914369,0.0,0.0
2.2084463208403493,2.332865831873608,0.6762799076625702,0.0,0.0
2.2084463208403493,2.395075587390238,0.685852565971911,0.0,0.0
2.2084463208403493,2.457285342906868,0.6951800548328245,0.0,0.0
2.2084463208403493,2.519495098423497,0.7041707345196502,0.0,0.0
2.2084463208403493,2.581704853940127,0.7127277114621041,0.0,0.0
2.2084463208403493,2.6439146094567567,0.7207505589193934,0.0,0.0
2.2084463208403493,2.7061243649733857,0.7281375020233019,0.0,0.0
2.2084463208403493,2.7683341204900156,0.734788030016936,0.0,0.0
2.2084463208403493,2.8305438760066455,0.7406058534373423,0.0,0.0
2.2084463208403493,2.8927536315232745,0.745502076749688,0.0,0.0
2.2084463208403493,2.9549633870399044,0.7493984137954777,0.0,0.0
2.2084463208403493,3.0171731425565333,0.7522302416593988,0.0,0.0
2.2084463208403493,3.0793828980731632,0.7539492752153815,0.0,0.0
2.270656076356979,-3.141592653589793,0.769518700578906,0.0,0.0
2.270656076356979,-3.0793828980731637,0.7689073023921144,0.0,0.0
2.270656076356979,-3.017173142556534,0.7670841605594961,0.0,0.0
2.270656076356979,-2.9549633870399044,0.7640819174579678,0.0,0.0
2.270656076356979,-2.892753631523275,0.7599533041994684,0.0,0.0
2.270656076356979,-2.8305438760066455,0.7547687873135174,0.0,0.0
2.270656076356979,-2.7683341204900156,0.7486135629601837,0.0,0.0
2.270656076356979,-2.706124364973386,0.7415841386598847,0.0,0.0
2.270656076356979,-2.6439146094567567,0.7337847525231627,0.0,0.0
2.270656076356979,-2.581704853940127,0.7253238623215654,0.0,0.0
2.270656076356979,-2.5194950984234974,0.7163108979303201,0.0,0.0
2.270656076356979,-2.457285342906868,0.706853419287705,0.0,0.0
2.270656076356979,-2.395075587390238,0.6970547667793184,0.0,0.0
2.270656076356979,-2.3328658318736086,0.6870122391705452,0.0,0.0
2.270656076356979,-2.270656076356979,0.6768157908931917,0.0,0.0
2.270656076356979,-2.2084463208403498,0.6665472081914369,0.0,0.0
2.270656076356979,-2.1462365653237203,0.6562797027607847,0.0,0.0
2.270656076356979,-2.0840268098070904,0.6460778509518137,0.0,0.0
2.270656076356979,-2.021817054290461,0.6359978043652004,0.0,0.0
2.270656076356979,-1.9596072987738313,0.626087701438574,0.0,0.0
2.270656076356979,-1.897397543257202,0.6163882172261692,0.0,0.0
2.270656076356979,-1.8351877877405722,0.6069331981489915,0.0,0.0
2.270656076356979,-1.7729780322239428,0.5977503386370115,0.0,0.0
2.270656076356979,-1.7107682767073131,0.5888618663257502,0.0,0.0
2.270656076356979,-1.6485585211906835,0.5802852112182594,0.0,0.0
2.270656076356979,-1.586348765674054,0.5720336416884024,0.0,0.0
2.270656076356979,-1.5241390101574244,0.5641168563036976,0.0,0.0
2.270656076356979,-1.461929254640795,0.5565415252449994,0.0,0.0
2.270656076356979,-1.3997194991241653,0.5493117787340168,0.0,0.0
2.270656076356979,-1.3375097436075358,0.5424296425219447,0.0,0.0
2.270656076356979,-1.2752999880909062,0.535895422324196,0.0,0.0
2.270656076356979,-1.2130902325742767,0.5297080402775902,0.0,0.0
2.270656076356979,-1.150880477057647,0.5238653271977939,0.0,0.0
2.270656076356979,-1.0886707215410176,0.5183642747531347,0.0,0.0
2.270656076356979,-1.0264609660243877,0.5132012517492578,0.0,0.0
2.270656076356979,-0.9642512105077583,0.5083721886188324,0.0,0.0
2.270656076356979,-0.9020414549911289,0.5038727339940251,0.0,0.0
2.270656076356979,-0.8398316994744994,0.4996983869533752,0.0,0.0
2.270656076356979,-0.7776219439578695,0.4958446082128602,0.0,0.0
2.270656076356979,-0.7154121884412401,0.4923069131971985,0.0,0.0
2.270656076356979,-0.6532024329246107,0.48908094959791637,0.0,0.0
2.270656076356979,-0.5909926774079808,0.48616256170978855,0.0,0.0
2.270656076356979,-0.5287829218913513,0.4835478435430589,0.0,0.0
2.270656076356979,-0.4665731663747219,0.4812331824384411,0.0,0.0
2.270656076356979,-0.40436341085809246,0.4792152946662089,0.0,0.0
2.270656076356979,-0.3421536553414626,0.47749125426919226,0.0,0.0
2.270656076356979,-0.27994389982483314,0.4760585162107424,0.0,0.0
2.270656076356979,-0.2177341443082037,0.47491493471061286,0.0,0.0
2.270656076356979,-0.15552438879157382,0.4740587774918461,0.0,0.0
2.270656076356979,-0.09331463327494438,0.47348873651754075,0.0,0.0
2.270656076356979,-0.03110487775831494,0.47320393566515995,0.0,0.0
2.270656076356979,0.031104877758314498,0.47320393566515995,0.0,0.0
2.270656076356979,0.09331463327494438,0.47348873651754075,0.0,0.0
2.270656076356979,0.15552438879157382,0.4740587774918461,0.0,0.0
2.270656076356979,0.21773414430820326,0.47491493471061286,0.0,0.0
2.270656076356979,0.2799438998248327,0.4760585162107424,0.0,0.0
2.270656076356979,0.3421536553414626,0.47749125426919226,0.0,0.0
2.270656076356979,0.404363410858092,0.4792152946662089,0.0,0.0
2.270656076356979,0.46657316637472146,0.4812331824384411,0.0,0.0
2.270656076356979,0.5287829218913513,0.4835478435430589,0.0,0.0
2.270656076356979,0.5909926774079808,0.48616256170978855,0.0,0.0
2.270656076356979,0.6532024329246102,0.48908094959791637,0.0,0.0
2.270656076356979,0.7154121884412397,0.4923069131971984,0.0,0.0
2.270656076356979,0.7776219439578695,0.4958446082128602,0.0,0.0
2.270656076356979,0.839831699474499,0.4996983869533752,0.0,0.0
2.270656076356979,0.9020414549911289,0.5038727339940251,0.0,0.0
2.270656076356979,0.9642512105077579,0.5083721886188323,0.0,0.0
2.270656076356979,1.0264609660243877,0.5132012517492578,0.0,0.0
2.270656076356979,1.0886707215410176,0.5183642747531347,0.0,0.0
2.270656076356979,1.1508804770576466,0.5238653271977939,0.0,0.0
2.270656076356979,1.2130902325742765,0.5297080402775902,0.0,0.0
2.270656076356979,1.2752999880909055,0.535895422324196,0.0,0.0
2.270656076356979,1.3375097436075354,0.5424296425219446,0.0,0.0
2.270656076356979,1.3997194991241653,0.5493117787340168,0.0,0.0
2.270656076356979,1.4619292546407943,0.5565415252449994,0.0,0.0
2.270656076356979,1.5241390101574241,0.5641168563036976,0.0,0.0
2.270656076356979,1.586348765674054,0.5720336416884024,0.0,0.0
2.270656076356979,1.648558521190683,0.5802852112182594,0.0,0.0
2.270656076356979,1.710768276707313,0.5888618663257502,0.0,0.0
2.270656076356979,1.7729780322239428,0.5977503386370115,0.0,0.0
2.270656076356979,1.8351877877405718,0.6069331981489915,0.0,0.0
2.270656076356979,1.8973975432572017,0.6163882172261692,0.0,0.0
2.270656076356979,1.9596072987738316,0.6260877014385741,0.0,0.0
2.270656076356979,2.0218170542904605,0.6359978043652001,0.0,0.0
2.270656076356979,2.0840268098070904,0.6460778509518137,0.0,0.0
2.270656076356979,2.1462365653237194,0.6562797027607846,0.0,0.0
2.270656076356979,2.2084463208403493,0.6665472081914369,0.0,0.0
2.270656076356979,2.270656076356979,0.6768157908931917,0.0,0.0
2.270656076356979,2.332865831873608,0.6870122391705451,0.0,0.0
2.270656076356979,2.395075587390238,0.6970547667793184,0.0,0.0
2.270656076356979,2.457285342906868,0.706853419287705,0.0,0.0
2.270656076356979,2.519495098423497,0.7163108979303201,0.0,0.0
2.270656076356979,2.581704853940127,0.7253238623215654,0.0,0.0
2.270656076356979,2.6439146094567567,0.7337847525231627,0.0,0.0
2.270656076356979,2.7061243649733857,0.7415841386598846,0.0,0.0
2.270656076356979,2.7683341204900156,0.7486135629601837,0.0,0.0
2.270656076356979,2.8305438760066455,0.7547687873135174,0.0,0.0
2.270656076356979,2.8927536315232745,0.7599533041994683,0.0,0.0
2.270656076356979,2.9549633870399044,0.7640819174579678,0.0,0.0
2.270656076356979,3.0171731425565333,0.767084160559496,0.0,0.0
2.270656076356979,3.0793828980731632,0.7689073023921144,0.0,0.0
2.332865831873608,-3.141592653589793,0.7846053867001344,0.0,0.0
2.332865831873608,-3.0793828980731637,0.7839573494359326,0.0,0.0
2.332865831873608,-3.017173142556534,0.7820253152682428,0.0,0.0
2.332865831873608,-2.9549633870399044,0.7788449346295016,0.0,0.0
2.332865831873608,-2.892753631523275,0.7744737376722236,0.0,0.0
2.332865831873608,-2.8305438760066455,0.7689884850545119,0.0,0.0
2.332865831873608,-2.7683341204900156,0.7624817946087111,0.0,0.0
2.332865831873608,-2.706124364973386,0.7550583209186067,0.0,0.0
2.332865831873608,-2.6439146094567567,0.7468307742263848,0.0,0.0
2.332865831873608,-2.581704853940127,0.737916042153039,0.0,0.0
2.332865831873608,-2.5194950984234974,0.7284316305370101,0.0,0.0
2.332865831873608,-2.457285342906868,0.7184925787406014,0.0,0.0
2.332865831873608,-2.395075587390238,0.7082089404350805,0.0,0.0
2.332865831873608,-2.3328658318736086,0.6976838616308383,0.0,0.0
2.332865831873608,-2.270656076356979,0.6870122391705451,0.0,0.0
2.332865831873608,-2.2084463208403498,0.6762799076625703,0.0,0.0
2.332865831873608,-2.1462365653237203,0.6655632810064662,0.0,0.0
2.332865831873608,-2.0840268098070904,0.6549293646356805,0.0,0.0
2.332865831873608,-2.021817054290461,0.6444360538441027,0.0,0.0
2.332865831873608,-1.9596072987738313,0.634132639297408,0.0,0.0
2.332865831873608,-1.897397543257202,0.6240604504968521,0.0,0.0
2.332865831873608,-1.8351877877405722,0.6142535794663667,0.0,0.0
2.332865831873608,-1.7729780322239428,0.6047396387266096,0.0,0.0
2.332865831873608,-1.7107682767073131,0.5955405186778494,0.0,0.0
2.332865831873608,-1.6485585211906835,0.5866731192502402,0.0,0.0
2.332865831873608,-1.586348765674054,0.5781500388390007,0.0,0.0
2.332865831873608,-1.5241390101574244,0.5699802100950735,0.0,0.0
2.332865831873608,-1.461929254640795,0.5621694772020124,0.0,0.0
2.332865831873608,-1.3997194991241653,0.5547211130250613,0.0,0.0
2.332865831873608,-1.3375097436075358,0.5476362771849244,0.0,0.0
2.332865831873608,-1.2752999880909062,0.5409144179013193,0.0,0.0
2.332865831873608,-1.2130902325742767,0.5345536215659729,0.0,0.0
2.332865831873608,-1.150880477057647,0.528550914610184,0.0,0.0
2.332865831873608,-1.0886707215410176,0.5229025224680307,0.0,0.0
2.332865831873608,-1.0264609660243877,0.5176040904141079,0.0,0.0
2.332865831873608,-0.9642512105077583,0.5126508708607178,0.0,0.0
2.332865831873608,-0.9020414549911289,0.5080378813986721,0.0,0.0
2.332865831873608,-0.8398316994744994,0.5037600375059951,0.0,0.0
2.332865831873608,-0.7776219439578695,0.49981226346369545,0.0,0.0
2.332865831873608,-0.7154121884412401,0.49618958463064183,0.0,0.0
2.332865831873608,-0.6532024329246107,0.49288720385566226,0.0,0.0
2.332865831873608,-0.5909926774079808,0.48990056445357094,0.0,0.0
2.332865831873608,-0.5287829218913513,0.4872254018479485,0.0,0.0
2.332865831873608,-0.4665731663747219,0.4848577856891906,0.0,0.0
2.332865831873608,-0.40436341085809246,0.4827941539915803,0.0,0.0
2.332865831873608,-0.3421536553414626,0.4810313405965682,0.0,0.0
2.332865831873608,-0.27994389982483314,0.4795665970588588,0.0,0.0
2.332865831873608,-0.2177341443082037,0.4783976098646022,0.0,0.0
2.332865831873608,-0.15552438879157382,0.4775225137240385,0.0,0.0
2.332865831873608,-0.09331463327494438,0.47693990153129634,0.0,0.0
2.332865831873608,-0.03110487775831494,0.4766488314486778,0.0,0.0
2.332865831873608,0.031104877758314498,0.4766488314486778,0.0,0.0
2.332865831873608,0.09331463327494438,0.47693990153129634,0.0,0.0
2.332865831873608,0.15552438879157382,0.4775225137240385,0.0,0.0
2.332865831873608,0.21773414430820326,0.4783976098646022,0.0,0.0
2.332865831873608,0.2799438998248327,0.47956659705885885,0.0,0.0
2.332865831873608,0.3421536553414626,0.4810313405965682,0.0,0.0
2.332865831873608,0.404363410858092,0.48279415399158027,0.0,0.0
2.332865831873608,0.46657316637472146,0.4848577856891905,0.0,0.0
2.332865831873608,0.5287829218913513,0.4872254018479485,0.0,0.0
2.332865831873608,0.5909926774079808,0.48990056445357094,0.0,0.0
2.332865831873608,0.6532024329246102,0.49288720385566226,0.0,0.0
2.332865831873608,0.7154121884412397,0.49618958463064183,0.0,0.0
2.332865831873608,0.7776219439578695,0.49981226346369545,0.0,0.0
2.332865831873608,0.839831699474499,0.5037600375059951,0.0,0.0
2.332865831873608,0.9020414549911289,0.5080378813986721,0.0,0.0
2.332865831873608,0.9642512105077579,0.5126508708607178,0.0,0.0
2.332865831873608,1.0264609660243877,0.5176040904141079,0.0,0.0
2.332865831873608,1.0886707215410176,0.5229025224680307,0.0,0.0
2.332865831873608,1.1508804770576466,0.528550914610184,0.0,0.0
2.332865831873608,1.2130902325742765,0.5345536215659729,0.0,0.0
2.332865831873608,1.2752999880909055,0.5409144179013193,0.0,0.0
2.332865831873608,1.3375097436075354,0.5476362771849242,0.0,0.0
2.332865831873608,1.3997194991241653,0.5547211130250613,0.0,0.0
2.332865831873608,1.4619292546407943,0.5621694772020124,0.0,0.0
2.332865831873608,1.5241390101574241,0.5699802100950734,0.0,0.0
2.332865831873608,1.586348765674054,0.5781500388390007,0.0,0.0
2.332865831873608,1.648558521190683,0.5866731192502401,0.0,0.0
2.332865831873608,1.710768276707313,0.5955405186778494,0.0,0.0
2.332865831873608,1.7729780322239428,0.6047396387266096,0.0,0.0
2.332865831873608,1.8351877877405718,0.6142535794663667,0.0,0.0
2.332865831873608,1.8973975432572017,0.624060450496852,0.0,0.0
2.332865831873608,1.9596072987738316,0.634132639297408,0.0,0.0
2.332865831873608,2.0218170542904605,0.6444360538441027,0.0,0.0
2.332865831873608,2.0840268098070904,0.6549293646356805,0.0,0.0
2.332865831873608,2.1462365653237194,0.665563281006466,0.0,0.0
2.332865831873608,2.2084463208403493,0.6762799076625702,0.0,0.0
2.332865831873608,2.270656076356979,0.6870122391705451,0.0,0.0
2.332865831873608,2.332865831873608,0.6976838616308383,0.0,0.0
2.332865831873608,2.395075587390238,0.7082089404350805,0.0,0.0
2.332865831873608,2.457285342906868,0.7184925787406014,0.0,0.0
2.332865831873608,2.519495098423497,0.72843163053701,0.0,0.0
2.332865831873608,2.581704853940127,0.737916042153039,0.0,0.0
2.332865831873608,2.6439146094567567,0.7468307742263848,0.0,0.0
2.332865831873608,2.7061243649733857,0.7550583209186066,0.0,0.0
2.332865831873608,2.7683341204900156,0.7624817946087111,0.0,0.0
2.332865831873608,2.8305438760066455,0.7689884850545119,0.0,0.0
2.332865831873608,2.8927536315232745,0.7744737376722236,0.0,0.0
2.332865831873608,2.9549633870399044,0.7788449346295016,0.0,0.0
2.332865831873608,3.0171731425565333,0.7820253152682428,0.0,0.0
2.332865831873608,3.0793828980731632,0.7839573494359326,0.0,0.0
2.395075587390238,-3.141592653589793,0.7996654646256826,0.0,0.0
2.395075587390238,-3.0793828980731637,0.7989794232680294,0.0,0.0
2.395075587390238,-3.017173142556534,0.7969344755029328,0.0,0.0
2.395075587390238,-2.9549633870399044,0.7935694939944913,0.0,0.0
2.395075587390238,-2.892753631523275,0.7889471420725512,0.0,0.0
2.395075587390238,-2.8305438760066455,0.7831508980335145,0.0,0.0
2.395075587390238,-2.7683341204900156,0.7762812779097619,0.0,0.0
2.395075587390238,-2.706124364973386,0.7684515755614834,0.0,0.0
2.395075587390238,-2.6439146094567567,0.7597834472598076,0.0,0.0
2.395075587390238,-2.581704853940127,0.7504026385692989,0.0,0.0
2.395075587390238,-2.5194950984234974,0.7404350943544146,0.0,0.0
2.395075587390238,-2.457285342906868,0.7300036208021217,0.0,0.0
2.395075587390238,-2.395075587390238,0.7192251937822308,0.0,0.0
2.395075587390238,-2.3328658318736086,0.7082089404350808,0.0,0.0
2.395075587390238,-2.270656076356979,0.6970547667793184,0.0,0.0
2.395075587390238,-2.2084463208403498,0.6858525659719111,0.0,0.0
2.395075587390238,-2.1462365653237203,0.6746819193195678,0.0,0.0
2.395075587390238,-2.0840268098070904,0.6636121930104009,0.0,0.0
2.395075587390238,-2.021817054290461,0.6527029346476483,0.0,0.0
2.395075587390238,-1.9596072987738313,0.6420044817098646,0.0,0.0
2.395075587390238,-1.897397543257202,0.6315587060743993,0.0,0.0
2.395075587390238,-1.8351877877405722,0.6213998323724422,0.0,0.0
2.395075587390238,-1.7729780322239428,0.6115552815154085,0.0,0.0
2.395075587390238,-1.7107682767073131,0.602046503178548,0.0,0.0
2.395075587390238,-1.6485585211906835,0.5928897717789718,0.0,0.0
2.395075587390238,-1.586348765674054,0.5840969293353878,0.0,0.0
2.395075587390238,-1.5241390101574244,0.575676065580005,0.0,0.0
2.395075587390238,-1.461929254640795,0.5676321309850386,0.0,0.0
2.395075587390238,-1.3997194991241653,0.559967482210945,0.0,0.0
2.395075587390238,-1.3375097436075358,0.5526823621434827,0.0,0.0
2.395075587390238,-1.2752999880909062,0.5457753184126383,0.0,0.0
2.395075587390238,-1.2130902325742767,0.5392435653008714,0.0,0.0
2.395075587390238,-1.150880477057647,0.5330832944386652,0.0,0.0
2.395075587390238,-1.0886707215410176,0.527289939804004,0.0,0.0
2.395075587390238,-1.0264609660243877,0.5218584024083271,0.0,0.0
2.395075587390238,-0.9642512105077583,0.5167832397554111,0.0,0.0
2.395075587390238,-0.9020414549911289,0.512058824768579,0.0,0.0
2.395075587390238,-0.8398316994744994,0.5076794784438237,0.0,0.0
2.395075587390238,-0.7776219439578695,0.5036395800352633,0.0,0.0
2.395075587390238,-0.7154121884412401,0.49993365813715857,0.0,0.0
2.395075587390238,-0.6532024329246107,0.4965564656074559,0.0,0.0
2.395075587390238,-0.5909926774079808,0.4935030408895211,0.0,0.0
2.395075587390238,-0.5287829218913513,0.49076875793513824,0.0,0.0
2.395075587390238,-0.4665731663747219,0.48834936661385314,0.0,0.0
2.395075587390238,-0.40436341085809246,0.486241025210268,0.0,0.0
2.395075587390238,-0.3421536553414626,0.4844403263596924,0.0,0.0
2.395075587390238,-0.27994389982483314,0.48294431755062806,0.0,0.0
2.395075587390238,-0.2177341443082037,0.48175051712658407,0.0,0.0
2.395075587390238,-0.15552438879157382,0.48085692654617,0.0,0.0
2.395075587390238,-0.09331463327494438,0.48026203950581997,0.0,0.0
2.395075587390238,-0.03110487775831494,0.47996484839044035,0.0,0.0
2.395075587390238,0.031104877758314498,0.47996484839044035,0.0,0.0
2.395075587390238,0.09331463327494438,0.48026203950581997,0.0,0.0
2.395075587390238,0.15552438879157382,0.48085692654617,0.0,0.0
2.395075587390238,0.21773414430820326,0.481750517126584,0.0,0.0
2.395075587390238,0.2799438998248327,0.48294431755062806,0.0,0.0
2.395075587390238,0.3421536553414626,0.4844403263596924,0.0,0.0
2.395075587390238,0.404363410858092,0.486241025210268,0.0,0.0
2.395075587390238,0.46657316637472146,0.48834936661385303,0.0,0.0
2.395075587390238,0.5287829218913513,0.49076875793513824,0.0,0.0
2.395075587390238,0.5909926774079808,0.4935030408895211,0.0,0.0
2.395075587390238,0.6532024329246102,0.4965564656074559,0.0,0.0
2.395075587390238,0.7154121884412397,0.4999336581371585,0.0,0.0
2.395075587390238,0.7776219439578695,0.5036395800352633,0.0,0.0
2.395075587390238,0.839831699474499,0.5076794784438237,0.0,0.0
2.395075587390238,0.9020414549911289,0.512058824768579,0.0,0.0
2.395075587390238,0.9642512105077579,0.516783239755411,0.0,0.0
2.395075587390238,1.0264609660243877,0.5218584024083271,0.0,0.0
2.395075587390238,1.0886707215410176,0.527289939804004,0.0,0.0
2.395075587390238,1.1508804770576466,0.5330832944386652,0.0,0.0
2.395075587390238,1.2130902325742765,0.5392435653008714,0.0,0.0
2.395075587390238,1.2752999880909055,0.5457753184126382,0.0,0.0
2.395075587390238,1.3375097436075354,0.5526823621434827,0.0,0.0
2.395075587390238,1.3997194991241653,0.559967482210945,0.0,0.0
2.395075587390238,1.4619292546407943,0.5676321309850385,0.0,0.0
2.395075587390238,1.5241390101574241,0.575676065580005,0.0,0.0
2.395075587390238,1.586348765674054,0.5840969293353878,0.0,0.0
2.395075587390238,1.648558521190683,0.5928897717789718,0.0,0.0
2.395075587390238,1.710768276707313,0.602046503178548,0.0,0.0
2.395075587390238,1.7729780322239428,0.6115552815154085,0.0,0.0
2.395075587390238,1.8351877877405718,0.6213998323724421,0.0,0.0
2.395075587390238,1.8973975432572017,0.6315587060743992,0.0,0.0
2.395075587390238,1.9596072987738316,0.6420044817098646,0.0,0.0
2.395075587390238,2.0218170542904605,0.6527029346476483,0.0,0.0
2.395075587390238,2.0840268098070904,0.6636121930104009,0.0,0.0
2.395075587390238,2.1462365653237194,0.6746819193195677,0.0,0.0
2.395075587390238,2.2084463208403493,0.685852565971911,0.0,0.0
2.395075587390238,2.270656076356979,0.6970547667793184,0.0,0.0
2.395075587390238,2.332865831873608,0.7082089404350805,0.0,0.0
2.395075587390238,2.395075587390238,0.7192251937822308,0.0,0.0
2.395075587390238,2.457285342906868,0.7300036208021217,0.0,0.0
2.395075587390238,2.519495098423497,0.7404350943544146,0.0,0.0
2.395075587390238,2.581704853940127,0.7504026385692989,0.0,0.0
2.395075587390238,2.6439146094567567,0.7597834472598076,0.0,0.0
2.395075587390238,2.7061243649733857,0.7684515755614831,0.0,0.0
2.395075587390238,2.7683341204900156,0.7762812779097619,0.0,0.0
2.395075587390238,2.8305438760066455,0.7831508980335145,0.0,0.0
2.395075587390238,2.8927536315232745,0.7889471420725512,0.0,0.0
2.395075587390238,2.9549633870399044,0.7935694939944913,0.0,0.0
2.395075587390238,3.0171731425565333,0.7969344755029327,0.0,0.0
2.395075587390238,3.0793828980731632,0.7989794232680294,0.0,0.0
2.457285342906868,-3.141592653589793,0.8145594435907775,0.0,0.0
2.457285342906868,-3.0793828980731637,0.8138343858060818,0.0,0.0
2.457285342906868,-3.017173142556534,0.8116735536974679,0.0,0.0
2.457285342906868,-2.9549633870399044,0.8081192339192873,0.0,0.0
2.457285342906868,-2.892753631523275,0.8032395203747195,0.0,0.0
2.457285342906868,-2.8305438760066455,0.7971249824818449,0.0,0.0
2.457285342906868,-2.7683341204900156,0.7898844492883572,0.0,0.0
2.457285342906868,-2.706124364973386,0.7816402749363135,0.0,0.0
2.457285342906868,-2.6439146094567567,0.7725234576358537,0.0,0.0
2.457285342906868,-2.581704853940127,0.7626689472924538,0.0,0.0
2.457285342906868,-2.5194950984234974,0.7522114086343314,0.0,0.0
2.457285342906868,-2.457285342906868,0.7412816223451211,0.0,0.0
2.457285342906868,-2.395075587390238,0.7300036208021217,0.0,0.0
2.457285342906868,-2.3328658318736086,0.7184925787406014,0.0,0.0
2.457285342906868,-2.270656076356979,0.706853419287705,0.0,0.0
2.457285342906868,-2.2084463208403498,0.6951800548328246,0.0,0.0
2.457285342906868,-2.1462365653237203,0.6835551592745563,0.0,0.0
2.457285342906868,-2.0840268098070904,0.6720503603547481,0.0,0.0
2.457285342906868,-2.021817054290461,0.6607267441788429,0.0,0.0
2.457285342906868,-1.9596072987738313,0.6496355747199805,0.0,0.0
2.457285342906868,-1.897397543257202,0.6388191457278055,0.0,0.0
2.457285342906868,-1.8351877877405722,0.6283116984030336,0.0,0.0
2.457285342906868,-1.7729780322239428,0.6181403536550373,0.0,0.0
2.457285342906868,-1.7107682767073131,0.6083260216418354,0.0,0.0
2.457285342906868,-1.6485585211906835,0.5988842630653969,0.0,0.0
2.457285342906868,-1.586348765674054,0.5898260862185704,0.0,0.0
2.457285342906868,-1.5241390101574244,0.5811586711618413,0.0,0.0
2.457285342906868,-1.461929254640795,0.5728860178953704,0.0,0.0
2.457285342906868,-1.3997194991241653,0.5650095192897245,0.0,0.0
2.457285342906868,-1.3375097436075358,0.5575284621592539,0.0,0.0
2.457285342906868,-1.2752999880909062,0.5504404614933631,0.0,0.0
2.457285342906868,-1.2130902325742767,0.5437418337524061,0.0,0.0
2.457285342906868,-1.150880477057647,0.5374279154926732,0.0,0.0
2.457285342906868,-1.0886707215410176,0.5314933335727839,0.0,0.0
2.457285342906868,-1.0264609660243877,0.5259322329379742,0.0,0.0
2.457285342906868,-0.9642512105077583,0.5207384675736011,0.0,0.0
2.457285342906868,-0.9020414549911289,0.51590575973317,0.0,0.0
2.457285342906868,-0.8398316994744994,0.5114278320274409,0.0,0.0
2.457285342906868,-0.7776219439578695,0.5072985164422557,0.0,0.0
2.457285342906868,-0.7154121884412401,0.5035118438546096,0.0,0.0
2.457285342906868,-0.6532024329246107,0.5000621171516676,0.0,0.0
2.457285342906868,-0.5909926774079808,0.4969439706324018,0.0,0.0
2.457285342906868,-0.5287829218913513,0.49415241798865056,0.0,0.0
2.457285342906868,-0.4665731663747219,0.49168289082128674,0.0,0.0
2.457285342906868,-0.40436341085809246,0.4895312693456346,0.0,0.0
2.457285342906868,-0.3421536553414626,0.4876939066750943,0.0,0.0
2.457285342906868,-0.27994389982483314,0.4861676478393236,0.0,0.0
2.457285342906868,-0.2177341443082037,0.4849498444892639,0.0,0.0
2.457285342906868,-0.15552438879157382,0.4840383660617489,0.0,0.0
2.457285342906868,-0.09331463327494438,0.48343160801742485,0.0,0.0
2.457285342906868,-0.03110487775831494,0.48312849762346805,0.0,0.0
2.457285342906868,0.031104877758314498,0.48312849762346805,0.0,0.0
2.457285342906868,0.09331463327494438,0.48343160801742485,0.0,0.0
2.457285342906868,0.15552438879157382,0.4840383660617489,0.0,0.0
2.457285342906868,0.21773414430820326,0.4849498444892639,0.0,0.0
2.457285342906868,0.2799438998248327,0.4861676478393236,0.0,0.0
2.457285342906868,0.3421536553414626,0.4876939066750943,0.0,0.0
2.457285342906868,0.404363410858092,0.48953126934563457,0.0,0.0
2.457285342906868,0.46657316637472146,0.4916828908212867,0.0,0.0
2.457285342906868,0.5287829218913513,0.49415241798865056,0.0,0.0
2.457285342906868,0.5909926774079808,0.4969439706324018,0.0,0.0
2.457285342906868,0.6532024329246102,0.5000621171516676,0.0,0.0
2.457285342906868,0.7154121884412397,0.5035118438546095,0.0,0.0
2.457285342906868,0.7776219439578695,0.5072985164422557,0.0,0.0
2.457285342906868,0.839831699474499,0.5114278320274409,0.0,0.0
2.457285342906868,0.9020414549911289,0.51590575973317,0.0,0.0
2.457285342906868,0.9642512105077579,0.5207384675736011,0.0,0.0
2.457285342906868,1.0264609660243877,0.5259322329379742,0.0,0.0
2.457285342906868,1.0886707215410176,0.5314933335727839,0.0,0.0
2.457285342906868,1.1508804770576466,0.5374279154926732,0.0,0.0
2.457285342906868,1.2130902325742765,0.5437418337524061,0.0,0.0
2.457285342906868,1.2752999880909055,0.550440461493363,0.0,0.0
2.457285342906868,1.3375097436075354,0.5575284621592539,0.0,0.0
2.457285342906868,1.3997194991241653,0.5650095192897245,0.0,0.0
2.457285342906868,1.4619292546407943,0.5728860178953704,0.0,0.0
2.457285342906868,1.5241390101574241,0.5811586711618413,0.0,0.0
2.457285342906868,1.586348765674054,0.5898260862185704,0.0,0.0
2.457285342906868,1.648558521190683,0.5988842630653968,0.0,0.0
2.457285342906868,1.710768276707313,0.6083260216418352,0.0,0.0
2.457285342906868,1.7729780322239428,0.6181403536550373,0.0,0.0
2.457285342906868,1.8351877877405718,0.6283116984030336,0.0,0.0
2.457285342906868,1.8973975432572017,0.6388191457278054,0.0,0.0
2.457285342906868,1.9596072987738316,0.6496355747199805,0.0,0.0
2.457285342906868,2.0218170542904605,0.6607267441788427,0.0,0.0
2.457285342906868,2.0840268098070904,0.6720503603547481,0.0,0.0
2.457285342906868,2.1462365653237194,0.6835551592745562,0.0,0.0
2.457285342906868,2.2084463208403493,0.6951800548328245,0.0,0.0
2.457285342906868,2.270656076356979,0.706853419287705,0.0,0.0
2.457285342906868,2.332865831873608,0.7184925787406014,0.0,0.0
2.457285342906868,2.395075587390238,0.7300036208021217,0.0,0.0
2.457285342906868,2.457285342906868,0.7412816223451211,0.0,0.0
2.457285342906868,2.519495098423497,0.7522114086343314,0.0,0.0
2.457285342906868,2.581704853940127,0.7626689472924538,0.0,0.0
2.457285342906868,2.6439146094567567,0.7725234576358537,0.0,0.0
2.457285342906868,2.7061243649733857,0.7816402749363134,0.0,0.0
2.457285342906868,2.7683341204900156,0.7898844492883572,0.0,0.0
2.457285342906868,2.8305438760066455,0.7971249824818449,0.0,0.0
2.457285342906868,2.8927536315232745,0.8032395203747195,0.0,0.0
2.457285342906868,2.9549633870399044,0.8081192339192873,0.0,0.0
2.457285342906868,3.0171731425565333,0.8116735536974679,0.0,0.0
2.457285342906868,3.0793828980731632,0.8138343858060818,0.0,0.0
2.519495098423497,-3.141592653589793,0.8291287422264165,0.0,0.0
2.519495098423497,-3.0793828980731637,0.828364115876159,0.0,0.0
2.519495098423497,-3.017173142556534,0.8260857970518187,0.0,0.0
2.519495098423497,-2.9549633870399044,0.8223396421068374,0.0,0.0
2.519495098423497,-2.892753631523275,0.8171994147569152,0.0,0.0
2.519495098423497,-2.8305438760066455,0.8107630715673129,0.0,0.0
2.519495098423497,-2.7683341204900156,0.8031480763936985,0.0,0.0
2.519495098423497,-2.706124364973386,0.7944861605133824,0.0,0.0
2.519495098423497,-2.6439146094567567,0.7849179495247826,0.0,0.0
2.519495098423497,-2.581704853940127,0.7745878321439049,0.0,0.0
2.519495098423497,-2.5194950984234974,0.7636393649038057,0.0,0.0
2.519495098423497,-2.457285342906868,0.7522114086343314,0.0,0.0
2.519495098423497,-2.395075587390238,0.7404350943544146,0.0,0.0
2.519495098423497,-2.3328658318736086,0.7284316305370101,0.0,0.0
2.519495098423497,-2.270656076356979,0.7163108979303201,0.0,0.0
2.519495098423497,-2.2084463208403498,0.7041707345196503,0.0,0.0
2.519495098423497,-2.1462365653237203,0.6920967902651225,0.0,0.0
2.519495098423497,-2.0840268098070904,0.6801628251508692,0.0,0.0
2.519495098423497,-2.021817054290461,0.6684313301473583,0.0,0.0
2.519495098423497,-1.9596072987738313,0.6569543643683863,0.0,0.0
2.519495098423497,-1.897397543257202,0.6457745191724802,0.0,0.0
2.519495098423497,-1.8351877877405722,0.634925938352914,0.0,0.0
2.519495098423497,-1.7729780322239428,0.6244353409749364,0.0,0.0
2.519495098423497,-1.7107682767073131,0.6143230087575644,0.0,0.0
2.519495098423497,-1.6485585211906835,0.6046037126792676,0.0,0.0
2.519495098423497,-1.586348765674054,0.5952875636504669,0.0,0.0
2.519495098423497,-1.5241390101574244,0.586380779835101,0.0,0.0
2.519495098423497,-1.461929254640795,0.5778863688438666,0.0,0.0
2.519495098423497,-1.3997194991241653,0.5698047269342437,0.0,0.0
2.519495098423497,-1.3375097436075358,0.5621341599004236,0.0,0.0
2.519495098423497,-1.2752999880909062,0.5548713318459803,0.0,0.0
2.519495098423497,-1.2130902325742767,0.5480116487797874,0.0,0.0
2.519495098423497,-1.150880477057647,0.5415495841850044,0.0,0.0
2.519495098423497,-1.0886707215410176,0.5354789535568252,0.0,0.0
2.519495098423497,-1.0264609660243877,0.5297931445194067,0.0,0.0
2.519495098423497,-0.9642512105077583,0.5244853086132027,0.0,0.0
2.519495098423497,-0.9020414549911289,0.519548520259947,0.0,0.0
2.519495098423497,-0.8398316994744994,0.5149759078113332,0.0,0.0
2.519495098423497,-0.7776219439578695,0.5107607610002157,0.0,0.0
2.519495098423497,-0.7154121884412401,0.5068966185592547,0.0,0.0
2.519495098423497,-0.6532024329246107,0.5033773392620672,0.0,0.0
2.519495098423497,-0.5909926774079808,0.5001971591809825,0.0,0.0
2.519495098423497,-0.5287829218913513,0.4973507375442345,0.0,0.0
2.519495098423497,-0.4665731663747219,0.49483319321209884,0.0,0.0
2.519495098423497,-0.40436341085809246,0.49264013347278335,0.0,0.0
2.519495098423497,-0.3421536553414626,0.49076767658056375,0.0,0.0
2.519495098423497,-0.27994389982483314,0.48921246921615136,0.0,0.0
2.519495098423497,-0.2177341443082037,0.48797169983786465,0.0,0.0
2.519495098423497,-0.15552438879157382,0.48704310870725864,0.0,0.0
2.519495098423497,-0.09331463327494438,0.48642499521003657,0.0,0.0
2.519495098423497,-0.03110487775831494,0.48611622294815954,0.0,0.0
2.519495098423497,0.031104877758314498,0.48611622294815954,0.0,0.0
2.519495098423497,0.09331463327494438,0.48642499521003657,0.0,0.0
2.519495098423497,0.15552438879157382,0.48704310870725864,0.0,0.0
2.519495098423497,0.21773414430820326,0.48797169983786465,0.0,0.0
2.519495098423497,0.2799438998248327,0.48921246921615136,0.0,0.0
2.519495098423497,0.3421536553414626,0.49076767658056375,0.0,0.0
2.519495098423497,0.404363410858092,0.49264013347278335,0.0,0.0
2.519495098423497,0.46657316637472146,0.4948331932120988,0.0,0.0
2.519495098423497,0.5287829218913513,0.4973507375442345,0.0,0.0
2.519495098423497,0.5909926774079808,0.5001971591809825,0.0,0.0
2.519495098423497,0.6532024329246102,0.5033773392620671,0.0,0.0
2.519495098423497,0.7154121884412397,0.5068966185592546,0.0,0.0
2.519495098423497,0.7776219439578695,0.5107607610002157,0.0,0.0
2.519495098423497,0.839831699474499,0.5149759078113332,0.0,0.0
2.519495098423497,0.9020414549911289,0.519548520259947,0.0,0.0
2.519495098423497,0.9642512105077579,0.5244853086132027,0.0,0.0
2.519495098423497,1.0264609660243877,0.5297931445194067,0.0,0.0
2.519495098423497,1.0886707215410176,0.5354789535568252,0.0,0.0
2.519495098423497,1.1508804770576466,0.5415495841850044,0.0,0.0
2.519495098423497,1.2130902325742765,0.5480116487797873,0.0,0.0
2.519495098423497,1.2752999880909055,0.5548713318459803,0.0,0.0
2.519495098423497,1.3375097436075354,0.5621341599004236,0.0,0.0
2.519495098423497,1.3997194991241653,0.5698047269342437,0.0,0.0
2.519495098423497,1.4619292546407943,0.5778863688438665,0.0,0.0
2.519495098423497,1.5241390101574241,0.586380779835101,0.0,0.0
2.519495098423497,1.586348765674054,0.5952875636504669,0.0,0.0
2.519495098423497,1.648558521190683,0.6046037126792675,0.0,0.0
2.519495098423497,1.710768276707313,0.6143230087575644,0.0,0.0
2.519495098423497,1.7729780322239428,0.6244353409749364,0.0,0.0
2.519495098423497,1.8351877877405718,0.634925938352914,0.0,0.0
2.519495098423497,1.8973975432572017,0.6457745191724801,0.0,0.0
2.519495098423497,1.9596072987738316,0.6569543643683864,0.0,0.0
2.519495098423497,2.0218170542904605,0.6684313301473581,0.0,0.0
2.519495098423497,2.0840268098070904,0.6801628251508692,0.0,0.0
2.519495098423497,2.1462365653237194,0.6920967902651223,0.0,0.0
2.519495098423497,2.2084463208403493,0.7041707345196502,0.0,0.0
2.519495098423497,2.270656076356979,0.7163108979303201,0.0,0.0
2.519495098423497,2.332865831873608,0.72843163053701,0.0,0.0
2.519495098423497,2.395075587390238,0.7404350943544146,0.0,0.0
2.519495098423497,2.457285342906868,0.7522114086343314,0.0,0.0
2.519495098423497,2.519495098423497,0.7636393649038055,0.0,0.0
2.519495098423497,2.581704853940127,0.7745878321439049,0.0,0.0
2.519495098423497,2.6439146094567567,0.7849179495247826,0.0,0.0
2.519495098423497,2.7061243649733857,0.7944861605133823,0.0,0.0
2.519495098423497,2.7683341204900156,0.8031480763936985,0.0,0.0
2.519495098423497,2.8305438760066455,0.8107630715673129,0.0,0.0
2.519495098423497,2.8927536315232745,0.8171994147569152,0.0,0.0
2.519495098423497,2.9549633870399044,0.8223396421068374,0.0,0.0
2.519495098423497,3.0171731425565333,0.8260857970518187,0.0,0.0
2.519495098423497,3.0793828980731632,0.828364115876159,0.0,0.0
2.581704853940127,-3.141592653589793,0.8431968905852386,0.0,0.0
2.581704853940127,-3.0793828980731637,0.8423927170341312,0.0,0.0
2.581704853940127,-3.017173142556534,0.8399970120412885,0.0,0.0
2.581704853940127,-2.9549633870399044,0.8360593056930036,0.0,0.0
2.581704853940127,-2.892753631523275,0.8306591881843125,0.0,0.0
2.581704853940127,-2.8305438760066455,0.8239021907721887,0.0,0.0
2.581704853940127,-2.7683341204900156,0.8159146058579057,0.0,0.0
2.581704853940127,-2.706124364973386,0.8068377181861222,0.0,0.0
2.581704853940127,-2.6439146094567567,0.7968219204639612,0.0,0.0
2.581704853940127,-2.581704853940127,0.7860211305670407,0.0,0.0
2.581704853940127,-2.5194950984234974,0.7745878321439051,0.0,0.0
2.581704853940127,-2.457285342906868,0.7626689472924538,0.0,0.0
2.581704853940127,-2.395075587390238,0.7504026385692989,0.0,0.0
2.581704853940127,-2.3328658318736086,0.7379160421530391,0.0,0.0
2.581704853940127,-2.270656076356979,0.7253238623215654,0.0,0.0
2.581704853940127,-2.2084463208403498,0.7127277114621042,0.0,0.0
2.581704853940127,-2.1462365653237203,0.7002160572708459,0.0,0.0
2.581704853940127,-2.0840268098070904,0.687864634856171,0.0,0.0
2.581704853940127,-2.021817054290461,0.6757371905732749,0.0,0.0
2.581704853940127,-1.9596072987738313,0.6638864413587683,0.0,0.0
2.581704853940127,-1.897397543257202,0.6523551538289643,0.0,0.0
2.581704853940127,-1.8351877877405722,0.641177268351783,0.0,0.0
2.581704853940127,-1.7729780322239428,0.6303790127073702,0.0,0.0
2.581704853940127,-1.7107682767073131,0.6199799667369807,0.0,0.0
2.581704853940127,-1.6485585211906835,0.6099940531338586,0.0,0.0
2.581704853940127,-1.586348765674054,0.6004304402861522,0.0,0.0
2.581704853940127,-1.5241390101574244,0.591294351129284,0.0,0.0
2.581704853940127,-1.461929254640795,0.582587777713121,0.0,0.0
2.581704853940127,-1.3997194991241653,0.5743101050774627,0.0,0.0
2.581704853940127,-1.3375097436075358,0.566458650473503,0.0,0.0
2.581704853940127,-1.2752999880909062,0.5590291253331061,0.0,0.0
2.581704853940127,-1.2130902325742767,0.5520160279739922,0.0,0.0
2.581704853940127,-1.150880477057647,0.5454129750776261,0.0,0.0
2.581704853940127,-1.0886707215410176,0.5392129796724536,0.0,0.0
2.581704853940127,-1.0264609660243877,0.5334086828355555,0.0,0.0
2.581704853940127,-0.9642512105077583,0.5279925456899914,0.0,0.0
2.581704853940127,-0.9020414549911289,0.5229570075922357,0.0,0.0
2.581704853940127,-0.8398316994744994,0.5182946157205522,0.0,0.0
2.581704853940127,-0.7776219439578695,0.5139981306204361,0.0,0.0
2.581704853940127,-0.7154121884412401,0.510060611654707,0.0,0.0
2.581704853940127,-0.6532024329246107,0.5064754857523122,0.0,0.0
2.581704853940127,-0.5909926774079808,0.503236602354371,0.0,0.0
2.581704853940127,-0.5287829218913513,0.5003382770176906,0.0,0.0
2.581704853940127,-0.4665731663747219,0.49777532575173433,0.0,0.0
2.581704853940127,-0.40436341085809246,0.49554309183029116,0.0,0.0
2.581704853940127,-0.3421536553414626,0.49363746652869955,0.0,0.0
2.581704853940127,-0.27994389982483314,0.4920549049859661,0.0,0.0
2.581704853940127,-0.2177341443082037,0.49079243817314505,0.0,0.0
2.581704853940127,-0.15552438879157382,0.489847681759751,0.0,0.0
2.581704853940127,-0.09331463327494438,0.48921884250392184,0.0,0.0
2.581704853940127,-0.03110487775831494,0.48890472264500573,0.0,0.0
2.581704853940127,0.031104877758314498,0.48890472264500573,0.0,0.0
2.581704853940127,0.09331463327494438,0.48921884250392184,0.0,0.0
2.581704853940127,0.15552438879157382,0.489847681759751,0.0,0.0
2.581704853940127,0.21773414430820326,0.49079243817314494,0.0,0.0
2.581704853940127,0.2799438998248327,0.4920549049859661,0.0,0.0
2.581704853940127,0.3421536553414626,0.49363746652869955,0.0,0.0
2.581704853940127,0.404363410858092,0.49554309183029116,0.0,0.0
2.581704853940127,0.46657316637472146,0.49777532575173433,0.0,0.0
2.581704853940127,0.5287829218913513,0.5003382770176906,0.0,0.0
2.581704853940127,0.5909926774079808,0.503236602354371,0.0,0.0
2.581704853940127,0.6532024329246102,0.506475485752312,0.0,0.0
2.581704853940127,0.7154121884412397,0.510060611654707,0.0,0.0
2.581704853940127,0.7776219439578695,0.5139981306204361,0.0,0.0
2.581704853940127,0.839831699474499,0.5182946157205522,0.0,0.0
2.581704853940127,0.9020414549911289,0.5229570075922357,0.0,0.0
2.581704853940127,0.9642512105077579,0.5279925456899914,0.0,0.0
2.581704853940127,1.0264609660243877,0.5334086828355555,0.0,0.0
2.581704853940127,1.0886707215410176,0.5392129796724536,0.0,0.0
2.581704853940127,1.1508804770576466,0.545412975077626,0.0,0.0
2.581704853940127,1.2130902325742765,0.5520160279739922,0.0,0.0
2.581704853940127,1.2752999880909055,0.5590291253331061,0.0,0.0
2.581704853940127,1.3375097436075354,0.5664586504735029,0.0,0.0
2.581704853940127,1.3997194991241653,0.5743101050774627,0.0,0.0
2.581704853940127,1.4619292546407943,0.582587777713121,0.0,0.0
2.581704853940127,1.5241390101574241,0.591294351129284,0.0,0.0
2.581704853940127,1.586348765674054,0.6004304402861522,0.0,0.0
2.581704853940127,1.648558521190683,0.6099940531338586,0.0,0.0
2.581704853940127,1.710768276707313,0.6199799667369806,0.0,0.0
2.581704853940127,1.7729780322239428,0.6303790127073702,0.0,0.0
2.581704853940127,1.8351877877405718,0.6411772683517829,0.0,0.0
2.581704853940127,1.8973975432572017,0.6523551538289641,0.0,0.0
2.581704853940127,1.9596072987738316,0.6638864413587683,0.0,0.0
2.581704853940127,2.0218170542904605,0.6757371905732747,0.0,0.0
2.581704853940127,2.0840268098070904,0.687864634856171,0.0,0.0
2.581704853940127,2.1462365653237194,0.7002160572708457,0.0,0.0
2.581704853940127,2.2084463208403493,0.7127277114621041,0.0,0.0
2.581704853940127,2.270656076356979,0.7253238623215654,0.0,0.0
2.581704853940127,2.332865831873608,0.737916042153039,0.0,0.0
2.581704853940127,2.395075587390238,0.7504026385692989,0.0,0.0
2.581704853940127,2.457285342906868,0.7626689472924538,0.0,0.0
2.581704853940127,2.519495098423497,0.7745878321439049,0.0,0.0
2.581704853940127,2.581704853940127,0.7860211305670407,0.0,0.0
2.581704853940127,2.6439146094567567,0.7968219204639612,0.0,0.0
2.581704853940127,2.7061243649733857,0.806837718186122,0.0,0.0
2.581704853940127,2.7683341204900156,0.8159146058579057,0.0,0.0
2.581704853940127,2.8305438760066455,0.8239021907721887,0.0,0.0
2.581704853940127,2.8927536315232745,0.8306591881843124,0.0,0.0
2.581704853940127,2.9549633870399044,0.8360593056930036,0.0,0.0
2.581704853940127,3.0171731425565333,0.8399970120412885,0.0,0.0
2.581704853940127,3.0793828980731632,0.8423927170341312,0.0,0.0
2.6439146094567567,-3.141592653589793,0.856572028505453,0.0,0.0
2.6439146094567567,-3.0793828980731637,0.8557290148658746,0.0,0.0
2.6439146094567567,-3.017173142556534,0.8532180580893115,0.0,0.0
2.6439146094567567,-2.9549633870399044,0.8490923975063435,0.0,0.0
2.6439146094567567,-2.892753631523275,0.8434374977020435,0.0,0.0
2.6439146094567567,-2.8305438760066455,0.8363665106871112,0.0,0.0
2.6439146094567567,-2.7683341204900156,0.828014586228043,0.0,0.0
2.6439146094567567,-2.706124364973386,0.8185325606044804,0.0,0.0
2.6439146094567567,-2.6439146094567567,0.8080805516462664,0.0,0.0
2.6439146094567567,-2.581704853940127,0.7968219204639612,0.0,0.0
2.6439146094567567,-2.5194950984234974,0.7849179495247826,0.0,0.0
2.6439146094567567,-2.457285342906868,0.7725234576358537,0.0,0.0
2.6439146094567567,-2.395075587390238,0.7597834472598076,0.0,0.0
2.6439146094567567,-2.3328658318736086,0.7468307742263849,0.0,0.0
2.6439146094567567,-2.270656076356979,0.7337847525231627,0.0,0.0
2.6439146094567567,-2.2084463208403498,0.7207505589193934,0.0,0.0
2.6439146094567567,-2.1462365653237203,0.7078192804206389,0.0,0.0
2.6439146094567567,-2.0840268098070904,0.6950684461542465,0.0,0.0
2.6439146094567567,-2.021817054290461,0.682562897752636,0.0,0.0
2.6439146094567567,-1.9596072987738313,0.6703558727075943,0.0,0.0
2.6439146094567567,-1.897397543257202,0.6584901988014226,0.0,0.0
2.6439146094567567,-1.8351877877405722,0.6469995212548435,0.0,0.0
2.6439146094567567,-1.7729780322239428,0.63590950561244,0.0,0.0
2.6439146094567567,-1.7107682767073131,0.6252389775715396,0.0,0.0
2.6439146094567567,-1.6485585211906835,0.6150009756286824,0.0,0.0
2.6439146094567567,-1.586348765674054,0.6052037037069502,0.0,0.0
2.6439146094567567,-1.5241390101574244,0.5958513792282434,0.0,0.0
2.6439146094567567,-1.461929254640795,0.5869449779041161,0.0,0.0
2.6439146094567567,-1.3997194991241653,0.5784828803462623,0.0,0.0
2.6439146094567567,-1.3375097436075358,0.5704614279108756,0.0,0.0
2.6439146094567567,-1.2752999880909062,0.5628753963905347,0.0,0.0
2.6439146094567567,-1.2130902325742767,0.5557183965794068,0.0,0.0
2.6439146094567567,-1.150880477057647,0.5489832106179111,0.0,0.0
2.6439146094567567,-1.0886707215410176,0.5426620725647512,0.0,0.0
2.6439146094567567,-1.0264609660243877,0.5367469009888969,0.0,0.0
2.6439146094567567,-0.9642512105077583,0.5312294906219435,0.0,0.0
2.6439146094567567,-0.9020414549911289,0.5261016693308239,0.0,0.0
2.6439146094567567,-0.8398316994744994,0.5213554259068827,0.0,0.0
2.6439146094567567,-0.7776219439578695,0.5169830134472708,0.0,0.0
2.6439146094567567,-0.7154121884412401,0.5129770324437147,0.0,0.0
2.6439146094567567,-0.6532024329246107,0.5093304970986511,0.0,0.0
2.6439146094567567,-0.5909926774079808,0.5060368878606516,0.0,0.0
2.6439146094567567,-0.5287829218913513,0.5030901927075125,0.0,0.0
2.6439146094567567,-0.4665731663747219,0.5004849393017784,0.0,0.0
2.6439146094567567,-0.40436341085809246,0.4982162197940922,0.0,0.0
2.6439146094567567,-0.3421536553414626,0.49627970974843433,0.0,0.0
2.6439146094567567,-0.27994389982483314,0.49467168240379744,0.0,0.0
2.6439146094567567,-0.2177341443082037,0.4933890192631447,0.0,0.0
2.6439146094567567,-0.15552438879157382,0.49242921780692944,0.0,0.0
2.6439146094567567,-0.09331463327494438,0.49179039695976495,0.0,0.0
2.6439146094567567,-0.03110487775831494,0.49147130079017004,0.0,0.0
2.6439146094567567,0.031104877758314498,0.49147130079017004,0.0,0.0
2.6439146094567567,0.09331463327494438,0.49179039695976495,0.0,0.0
2.6439146094567567,0.15552438879157382,0.49242921780692944,0.0,0.0
2.6439146094567567,0.21773414430820326,0.49338901926314466,0.0,0.0
2.6439146094567567,0.2799438998248327,0.49467168240379744,0.0,0.0
2.6439146094567567,0.3421536553414626,0.49627970974843433,0.0,0.0
2.6439146094567567,0.404363410858092,0.4982162197940923,0.0,0.0
2.6439146094567567,0.46657316637472146,0.5004849393017783,0.0,0.0
2.6439146094567567,0.5287829218913513,0.5030901927075125,0.0,0.0
2.6439146094567567,0.5909926774079808,0.5060368878606516,0.0,0.0
2.6439146094567567,0.6532024329246102,0.5093304970986511,0.0,0.0
2.6439146094567567,0.7154121884412397,0.5129770324437146,0.0,0.0
2.6439146094567567,0.7776219439578695,0.5169830134472708,0.0,0.0
2.6439146094567567,0.839831699474499,0.5213554259068827,0.0,0.0
2.6439146094567567,0.9020414549911289,0.5261016693308239,0.0,0.0
2.6439146094567567,0.9642512105077579,0.5312294906219434,0.0,0.0
2.6439146094567567,1.0264609660243877,0.5367469009888969,0.0,0.0
2.6439146094567567,1.0886707215410176,0.5426620725647512,0.0,0.0
2.6439146094567567,1.1508804770576466,0.5489832106179111,0.0,0.0
2.6439146094567567,1.2130902325742765,0.5557183965794068,0.0,0.0
2.6439146094567567,1.2752999880909055,0.5628753963905346,0.0,0.0
2.6439146094567567,1.3375097436075354,0.5704614279108756,0.0,0.0
2.6439146094567567,1.3997194991241653,0.5784828803462623,0.0,0.0
2.6439146094567567,1.4619292546407943,0.5869449779041161,0.0,0.0
2.6439146094567567,1.5241390101574241,0.5958513792282434,0.0,0.0
2.6439146094567567,1.586348765674054,0.6052037037069502,0.0,0.0
2.6439146094567567,1.648558521190683,0.6150009756286824,0.0,0.0
2.6439146094567567,1.710768276707313,0.6252389775715395,0.0,0.0
2.6439146094567567,1.7729780322239428,0.63590950561244,0.0,0.0
2.6439146094567567,1.8351877877405718,0.6469995212548434,0.0,0.0
2.6439146094567567,1.8973975432572017,0.6584901988014226,0.0,0.0
2.6439146094567567,1.9596072987738316,0.6703558727075944,0.0,0.0
2.6439146094567567,2.0218170542904605,0.6825628977526358,0.0,0.0
2.6439146094567567,2.0840268098070904,0.6950684461542465,0.0,0.0
2.6439146094567567,2.1462365653237194,0.7078192804206387,0.0,0.0
2.6439146094567567,2.2084463208403493,0.7207505589193934,0.0,0.0
2.6439146094567567,2.270656076356979,0.7337847525231627,0.0,0.0
2.6439146094567567,2.332865831873608,0.7468307742263848,0.0,0.0
2.6439146094567567,2.395075587390238,0.7597834472598076,0.0,0.0
2.6439146094567567,2.457285342906868,0.7725234576358537,0.0,0.0
2.6439146094567567,2.519495098423497,0.7849179495247826,0.0,0.0
2.6439146094567567,2.581704853940127,0.7968219204639612,0.0,0.0
2.6439146094567567,2.6439146094567567,0.8080805516462664,0.0,0.0
2.6439146094567567,2.7061243649733857,0.8185325606044802,0.0,0.0
2.6439146094567567,2.7683341204900156,0.828014586228043,0.0,0.0
2.6439146094567567,2.8305438760066455,0.8363665106871112,0.0,0.0
2.6439146094567567,2.8927536315232745,0.8434374977020435,0.0,0.0
2.6439146094567567,2.9549633870399044,0.8490923975063435,0.0,0.0
2.6439146094567567,3.0171731425565333,0.8532180580893115,0.0,0.0
2.6439146094567567,3.0793828980731632,0.8557290148658746,0.0,0.0
2.7061243649733857,-3.141592653589793,0.8690508941833422,0.0,0.0
2.7061243649733857,-3.0793828980731637,0.8681705352839933,0.0,0.0
2.7061243649733857,-3.017173142556534,0.8655487950297281,0.0,0.0
2.7061243649733857,-2.9549633870399044,0.8612425721650081,0.0,0.0
2.7061243649733857,-2.892753631523275,0.8553431188294135,0.0,0.0
2.7061243649733857,-2.8305438760066455,0.8479710798953978,0.0,0.0
2.7061243649733857,-2.7683341204900156,0.8392702905561886,0.0,0.0
2.7061243649733857,-2.706124364973386,0.8294009222969294,0.0,0.0
2.7061243649733857,-2.6439146094567567,0.8185325606044802,0.0,0.0
2.7061243649733857,-2.581704853940127,0.806837718186122,0.0,0.0
2.7061243649733857,-2.5194950984234974,0.7944861605133823,0.0,0.0
2.7061243649733857,-2.457285342906868,0.7816402749363134,0.0,0.0
2.7061243649733857,-2.395075587390238,0.7684515755614831,0.0,0.0
2.7061243649733857,-2.3328658318736086,0.7550583209186066,0.0,0.0
2.7061243649733857,-2.270656076356979,0.7415841386598846,0.0,0.0
2.7061243649733857,-2.2084463208403498,0.728137502023302,0.0,0.0
2.7061243649733857,-2.1462365653237203,0.7148118822285747,0.0,0.0
2.7061243649733857,-2.0840268098070904,0.7016864024306192,0.0,0.0
2.7061243649733857,-2.021817054290461,0.6888268348790113,0.0,0.0
2.7061243649733857,-1.9596072987738313,0.6762868069053851,0.0,0.0
2.7061243649733857,-1.897397543257202,0.6641091081508822,0.0,0.0
2.7061243649733857,-1.8351877877405722,0.652327017531724,0.0,0.0
2.7061243649733857,-1.7729780322239428,0.6409655917301178,0.0,0.0
2.7061243649733857,-1.7107682767073131,0.6300428765041179,0.0,0.0
2.7061243649733857,-1.6485585211906835,0.6195710176141976,0.0,0.0
2.7061243649733857,-1.586348765674054,0.609557259917272,0.0,0.0
2.7061243649733857,-1.5241390101574244,0.6000048316768103,0.0,0.0
2.7061243649733857,-1.461929254640795,0.5909137169657048,0.0,0.0
2.7061243649733857,-1.3997194991241653,0.5822813227744802,0.0,0.0
2.7061243649733857,-1.3375097436075358,0.5741030495988724,0.0,0.0
2.7061243649733857,-1.2752999880909062,0.5663727753029372,0.0,0.0
2.7061243649733857,-1.2130902325742767,0.5590832622853438,0.0,0.0
2.7061243649733857,-1.150880477057647,0.5522264976862596,0.0,0.0
2.7061243649733857,-1.0886707215410176,0.5457939757605345,0.0,0.0
2.7061243649733857,-1.0264609660243877,0.5397769307541636,0.0,0.0
2.7061243649733857,-0.9642512105077583,0.5341665277558495,0.0,0.0
2.7061243649733857,-0.9020414549911289,0.5289540181212093,0.0,0.0
2.7061243649733857,-0.8398316994744994,0.5241308652265899,0.0,0.0
2.7061243649733857,-0.7776219439578695,0.5196888455277179,0.0,0.0
2.7061243649733857,-0.7154121884412401,0.5156201291884407,0.0,0.0
2.7061243649733857,-0.6532024329246107,0.5119173439111891,0.0,0.0
2.7061243649733857,-0.5909926774079808,0.508573625042734,0.0,0.0
2.7061243649733857,-0.5287829218913513,0.5055826545422074,0.0,0.0
2.7061243649733857,-0.4665731663747219,0.5029386909772514,0.0,0.0
2.7061243649733857,-0.40436341085809246,0.5006365923516608,0.0,0.0
2.7061243649733857,-0.3421536553414626,0.4986718332569086,0.0,0.0
2.7061243649733857,-0.27994389982483314,0.49704051757345974,0.0,0.0
2.7061243649733857,-0.2177341443082037,0.4957393877192018,0.0,0.0
2.7061243649733857,-0.15552438879157382,0.49476583124547113,0.0,0.0
2.7061243649733857,-0.09331463327494438,0.4941178854103973,0.0,0.0
2.7061243649733857,-0.03110487775831494,0.49379424020945434,0.0,0.0
2.7061243649733857,0.031104877758314498,0.49379424020945434,0.0,0.0
2.7061243649733857,0.09331463327494438,0.4941178854103973,0.0,0.0
2.7061243649733857,0.15552438879157382,0.49476583124547113,0.0,0.0
2.7061243649733857,0.21773414430820326,0.4957393877192018,0.0,0.0
2.7061243649733857,0.2799438998248327,0.49704051757345985,0.0,0.0
2.7061243649733857,0.3421536553414626,0.4986718332569086,0.0,0.0
2.7061243649733857,0.404363410858092,0.5006365923516608,0.0,0.0
2.7061243649733857,0.46657316637472146,0.5029386909772513,0.0,0.0
2.7061243649733857,0.5287829218913513,0.5055826545422074,0.0,0.0
2.7061243649733857,0.5909926774079808,0.508573625042734,0.0,0.0
2.7061243649733857,0.6532024329246102,0.5119173439111891,0.0,0.0
2.7061243649733857,0.7154121884412397,0.5156201291884407,0.0,0.0
2.7061243649733857,0.7776219439578695,0.5196888455277179,0.0,0.0
2.7061243649733857,0.839831699474499,0.5241308652265899,0.0,0.0
2.7061243649733857,0.9020414549911289,0.5289540181212093,0.0,0.0
2.7061243649733857,0.9642512105077579,0.5341665277558494,0.0,0.0
2.7061243649733857,1.0264609660243877,0.5397769307541636,0.0,0.0
2.7061243649733857,1.0886707215410176,0.5457939757605345,0.0,0.0
2.7061243649733857,1.1508804770576466,0.5522264976862595,0.0,0.0
2.7061243649733857,1.2130902325742765,0.5590832622853438,0.0,0.0
2.7061243649733857,1.2752999880909055,0.5663727753029371,0.0,0.0
2.7061243649733857,1.3375097436075354,0.5741030495988723,0.0,0.0
2.7061243649733857,1.3997194991241653,0.5822813227744802,0.0,0.0
2.7061243649733857,1.4619292546407943,0.5909137169657048,0.0,0.0
2.7061243649733857,1.5241390101574241,0.6000048316768103,0.0,0.0
2.7061243649733857,1.586348765674054,0.609557259917272,0.0,0.0
2.7061243649733857,1.648558521190683,0.6195710176141975,0.0,0.0
2.7061243649733857,1.710768276707313,0.6300428765041179,0.0,0.0
2.7061243649733857,1.7729780322239428,0.6409655917301178,0.0,0.0
2.7061243649733857,1.8351877877405718,0.6523270175317238,0.0,0.0
2.7061243649733857,1.8973975432572017,0.6641091081508821,0.0,0.0
2.7061243649733857,1.9596072987738316,0.6762868069053852,0.0,0.0
2.7061243649733857,2.0218170542904605,0.6888268348790112,0.0,0.0
2.7061243649733857,2.0840268098070904,0.7016864024306192,0.0,0.0
2.7061243649733857,2.1462365653237194,0.7148118822285744,0.0,0.0
2.7061243649733857,2.2084463208403493,0.7281375020233019,0.0,0.0
2.7061243649733857,2.270656076356979,0.7415841386598846,0.0,0.0
2.7061243649733857,2.332865831873608,0.7550583209186066,0.0,0.0
2.7061243649733857,2.395075587390238,0.7684515755614831,0.0,0.0
2.7061243649733857,2.457285342906868,0.7816402749363134,0.0,0.0
2.7061243649733857,2.519495098423497,0.7944861605133823,0.0,0.0
2.7061243649733857,2.581704853940127,0.806837718186122,0.0,0.0
2.7061243649733857,2.6439146094567567,0.8185325606044802,0.0,0.0
2.7061243649733857,2.7061243649733857,0.8294009222969292,0.0,0.0
2.7061243649733857,2.7683341204900156,0.8392702905561886,0.0,0.0
2.7061243649733857,2.8305438760066455,0.8479710798953978,0.0,0.0
2.7061243649733857,2.8927536315232745,0.8553431188294135,0.0,0.0
2.7061243649733857,2.9549633870399044,0.8612425721650081,0.0,0.0
2.7061243649733857,3.0171731425565333,0.865548795029728,0.0,0.0
2.7061243649733857,3.0793828980731632,0.8681705352839933,0.0,0.0
2.7683341204900156,-3.141592653589793,0.8804243945080626,0.0,0.0
2.7683341204900156,-3.0793828980731637,0.8795090534385414,0.0,0.0
2.7683341204900156,-3.017173142556534,0.8767835683326312,0.0,0.0
2.7683341204900156,-2.9549633870399044,0.8723083471061727,0.0,0.0
2.7683341204900156,-2.892753631523275,0.8661801847479534,0.0,0.0
2.7683341204900156,-2.8305438760066455,0.8585268885678256,0.0,0.0
2.7683341204900156,-2.7683341204900156,0.8495005754174225,0.0,0.0
2.7683341204900156,-2.706124364973386,0.8392702905561888,0.0,0.0
2.7683341204900156,-2.6439146094567567,0.828014586228043,0.0,0.0
2.7683341204900156,-2.581704853940127,0.8159146058579058,0.0,0.0
2.7683341204900156,-2.5194950984234974,0.8031480763936986,0.0,0.0
2.7683341204900156,-2.457285342906868,0.7898844492883572,0.0,0.0
2.7683341204900156,-2.395075587390238,0.7762812779097619,0.0,0.0
2.7683341204900156,-2.3328658318736086,0.7624817946087112,0.0,0.0
2.7683341204900156,-2.270656076356979,0.7486135629601837,0.0,0.0
2.7683341204900156,-2.2084463208403498,0.734788030016936,0.0,0.0
2.7683341204900156,-2.1462365653237203,0.7211007843594647,0.0,0.0
2.7683341204900156,-2.0840268098070904,0.7076323302219285,0.0,0.0
2.7683341204900156,-2.021817054290461,0.6944492076201645,0.0,0.0
2.7683341204900156,-1.9596072987738313,0.6816053159224742,0.0,0.0
2.7683341204900156,-1.897397543257202,0.6691433281656436,0.0,0.0
2.7683341204900156,-1.8351877877405722,0.65709611194115,0.0,0.0
2.7683341204900156,-1.7729780322239428,0.6454880977524496,0.0,0.0
2.7683341204900156,-1.7107682767073131,0.6343365564597284,0.0,0.0
2.7683341204900156,-1.6485585211906835,0.6236527636739477,0.0,0.0
2.7683341204900156,-1.586348765674054,0.6134430411047564,0.0,0.0
2.7683341204900156,-1.5241390101574244,0.6037096735076621,0.0,0.0
2.7683341204900156,-1.461929254640795,0.5944517056856394,0.0,0.0
2.7683341204900156,-1.3997194991241653,0.585665627621986,0.0,0.0
2.7683341204900156,-1.3375097436075358,0.5773459578190121,0.0,0.0
2.7683341204900156,-1.2752999880909062,0.5694857357575962,0.0,0.0
2.7683341204900156,-1.2130902325742767,0.562076934444285,0.0,0.0
2.7683341204900156,-1.150880477057647,0.5551108035557305,0.0,0.0
2.7683341204900156,-1.0886707215410176,0.548578152930825,0.0,0.0
2.7683341204900156,-1.0264609660243877,0.542469585245254,0.0,0.0
2.7683341204900156,-0.9642512105077583,0.5367756857315875,0.0,0.0
2.7683341204900156,-0.9020414549911289,0.5314871758461839,0.0,0.0
2.7683341204900156,-0.8398316994744994,0.5265950368726667,0.0,0.0
2.7683341204900156,-0.7776219439578695,0.5220906086133379,0.0,0.0
2.7683341204900156,-0.7154121884412401,0.517965667565197,0.0,0.0
2.7683341204900156,-0.6532024329246107,0.5142124883087189,0.0,0.0
2.7683341204900156,-0.5909926774079808,0.5108238912525703,0.0,0.0
2.7683341204900156,-0.5287829218913513,0.5077932793703165,0.0,0.0
2.7683341204900156,-0.4665731663747219,0.5051146661286241,0.0,0.0
2.7683341204900156,-0.40436341085809246,0.5027826964325283,0.0,0.0
2.7683341204900156,-0.3421536553414626,0.5007926620940202,0.0,0.0
2.7683341204900156,-0.27994389982483314,0.49914051305783796,0.0,0.0
2.7683341204900156,-0.2177341443082037,0.49782286538571263,0.0,0.0
2.7683341204900156,-0.15552438879157382,0.496837006800849,0.0,0.0
2.7683341204900156,-0.09331463327494438,0.4961809004221078,0.0,0.0
2.7683341204900156,-0.03110487775831494,0.49585318716674703,0.0,0.0
2.7683341204900156,0.031104877758314498,0.49585318716674703,0.0,0.0
2.7683341204900156,0.09331463327494438,0.4961809004221078,0.0,0.0
2.7683341204900156,0.15552438879157382,0.496837006800849,0.0,0.0
2.7683341204900156,0.21773414430820326,0.4978228653857125,0.0,0.0
2.7683341204900156,0.2799438998248327,0.4991405130578381,0.0,0.0
2.7683341204900156,0.3421536553414626,0.5007926620940202,0.0,0.0
2.7683341204900156,0.404363410858092,0.5027826964325284,0.0,0.0
2.7683341204900156,0.46657316637472146,0.505114666128624,0.0,0.0
2.7683341204900156,0.5287829218913513,0.5077932793703165,0.0,0.0
2.7683341204900156,0.5909926774079808,0.5108238912525703,0.0,0.0
2.7683341204900156,0.6532024329246102,0.5142124883087189,0.0,0.0
2.7683341204900156,0.7154121884412397,0.5179656675651968,0.0,0.0
2.7683341204900156,0.7776219439578695,0.5220906086133379,0.0,0.0
2.7683341204900156,0.839831699474499,0.5265950368726667,0.0,0.0
2.7683341204900156,0.9020414549911289,0.5314871758461839,0.0,0.0
2.7683341204900156,0.9642512105077579,0.5367756857315874,0.0,0.0
2.7683341204900156,1.0264609660243877,0.542469585245254,0.0,0.0
2.7683341204900156,1.0886707215410176,0.548578152930825,0.0,0.0
2.7683341204900156,1.1508804770576466,0.5551108035557305,0.0,0.0
2.7683341204900156,1.2130902325742765,0.562076934444285,0.0,0.0
2.7683341204900156,1.2752999880909055,0.5694857357575962,0.0,0.0
2.7683341204900156,1.3375097436075354,0.5773459578190121,0.0,0.0
2.7683341204900156,1.3997194991241653,0.585665627621986,0.0,0.0
2.7683341204900156,1.4619292546407943,0.5944517056856394,0.0,0.0
2.7683341204900156,1.5241390101574241,0.6037096735076621,0.0,0.0
2.7683341204900156,1.586348765674054,0.6134430411047564,0.0,0.0
2.7683341204900156,1.648558521190683,0.6236527636739476,0.0,0.0
2.7683341204900156,1.710768276707313,0.6343365564597283,0.0,0.0
2.7683341204900156,1.7729780322239428,0.6454880977524496,0.0,0.0
2.7683341204900156,1.8351877877405718,0.65709611194115,0.0,0.0
2.7683341204900156,1.8973975432572017,0.6691433281656436,0.0,0.0
2.7683341204900156,1.9596072987738316,0.6816053159224742,0.0,0.0
2.7683341204900156,2.0218170542904605,0.6944492076201644,0.0,0.0
2.7683341204900156,2.0840268098070904,0.7076323302219285,0.0,0.0
2.7683341204900156,2.1462365653237194,0.7211007843594645,0.0,0.0
2.7683341204900156,2.2084463208403493,0.734788030016936,0.0,0.0
2.7683341204900156,2.270656076356979,0.7486135629601837,0.0,0.0
2.7683341204900156,2.332865831873608,0.7624817946087111,0.0,0.0
2.7683341204900156,2.395075587390238,0.7762812779097619,0.0,0.0
2.7683341204900156,2.457285342906868,0.7898844492883572,0.0,0.0
2.7683341204900156,2.519495098423497,0.8031480763936985,0.0,0.0
2.7683341204900156,2.581704853940127,0.8159146058579058,0.0,0.0
2.7683341204900156,2.6439146094567567,0.828014586228043,0.0,0.0
2.7683341204900156,2.7061243649733857,0.8392702905561886,0.0,0.0
2.7683341204900156,2.7683341204900156,0.8495005754174225,0.0,0.0
2.7683341204900156,2.8305438760066455,0.8585268885678256,0.0,0.0
2.7683341204900156,2.8927536315232745,0.8661801847479534,0.0,0.0
2.7683341204900156,2.9549633870399044,0.8723083471061727,0.0,0.0
2.7683341204900156,3.0171731425565333,0.876783568332631,0.0,0.0
2.7683341204900156,3.0793828980731632,0.8795090534385414,0.0,0.0
2.8305438760066455,-3.141592653589793,0.8904846931607898,0.0,0.0
2.8305438760066455,-3.0793828980731637,0.8895376482777391,0.0,0.0
2.8305438760066455,-3.017173142556534,0.8867181643572505,0.0,0.0
2.8305438760066455,-2.9549633870399044,0.8820898965871918,0.0,0.0
2.8305438760066455,-2.892753631523275,0.8757547631694537,0.0,0.0
2.8305438760066455,-2.8305438760066455,0.8678471801784471,0.0,0.0
2.8305438760066455,-2.7683341204900156,0.8585268885678256,0.0,0.0
2.8305438760066455,-2.706124364973386,0.847971079895398,0.0,0.0
2.8305438760066455,-2.6439146094567567,0.8363665106871113,0.0,0.0
2.8305438760066455,-2.581704853940127,0.8239021907721887,0.0,0.0
2.8305438760066455,-2.5194950984234974,0.810763071567313,0.0,0.0
2.8305438760066455,-2.457285342906868,0.7971249824818449,0.0,0.0
2.8305438760066455,-2.395075587390238,0.7831508980335143,0.0,0.0
2.8305438760066455,-2.3328658318736086,0.768988485054512,0.0,0.0
2.8305438760066455,-2.270656076356979,0.7547687873135174,0.0,0.0
2.8305438760066455,-2.2084463208403498,0.7406058534373424,0.0,0.0
2.8305438760066455,-2.1462365653237203,0.7265970966639553,0.0,0.0
2.8305438760066455,-2.0840268098070904,0.7128241825170323,0.0,0.0
2.8305438760066455,-2.021817054290461,0.6993542636612363,0.0,0.0
2.8305438760066455,-1.9596072987738313,0.6862414120800499,0.0,0.0
2.8305438760066455,-1.897397543257202,0.6735281314499421,0.0,0.0
2.8305438760066455,-1.8351877877405722,0.6612468633459753,0.0,0.0
2.8305438760066455,-1.7729780322239428,0.6494214276025118,0.0,0.0
2.8305438760066455,-1.7107682767073131,0.6380683589359181,0.0,0.0
2.8305438760066455,-1.6485585211906835,0.6271981188162574,0.0,0.0
2.8305438760066455,-1.586348765674054,0.6168161740325836,0.0,0.0
2.8305438760066455,-1.5241390101574244,0.6069239421319844,0.0,0.0
2.8305438760066455,-1.461929254640795,0.5975196096766174,0.0,0.0
2.8305438760066455,-1.3997194991241653,0.5885988327581316,0.0,0.0
2.8305438760066455,-1.3375097436075358,0.5801553310412211,0.0,0.0
2.8305438760066455,-1.2752999880909062,0.5721813872717689,0.0,0.0
2.8305438760066455,-1.2130902325742767,0.5646682640656012,0.0,0.0
2.8305438760066455,-1.150880477057647,0.5576065491809509,0.0,0.0
2.8305438760066455,-1.0886707215410176,0.5509864395816229,0.0,0.0
2.8305438760066455,-1.0264609660243877,0.5447979735659657,0.0,0.0
2.8305438760066455,-0.9642512105077583,0.5390312191685046,0.0,0.0
2.8305438760066455,-0.9020414549911289,0.5336764260003448,0.0,0.0
2.8305438760066455,-0.8398316994744994,0.5287241467194944,0.0,0.0
2.8305438760066455,-0.7776219439578695,0.5241653334335316,0.0,0.0
2.8305438760066455,-0.7154121884412401,0.5199914135428885,0.0,0.0
2.8305438760066455,-0.6532024329246107,0.5161943488339366,0.0,0.0
2.8305438760066455,-0.5909926774079808,0.5127666810226682,0.0,0.0
2.8305438760066455,-0.5287829218913513,0.5097015664249278,0.0,0.0
2.8305438760066455,-0.4665731663747219,0.5069928019793801,0.0,0.0
2.8305438760066455,-0.40436341085809246,0.5046348444657673,0.0,0.0
2.8305438760066455,-0.3421536553414626,0.5026228244347354,0.0,0.0
2.8305438760066455,-0.27994389982483314,0.5009525560882676,0.0,0.0
2.8305438760066455,-0.2177341443082037,0.4996205441138863,0.0,0.0
2.8305438760066455,-0.15552438879157382,0.49862398827428117,0.0,0.0
2.8305438760066455,-0.09331463327494438,0.4979607863805851,0.0,0.0
2.8305438760066455,-0.03110487775831494,0.49762953612647515,0.0,0.0
2.8305438760066455,0.031104877758314498,0.49762953612647515,0.0,0.0
2.8305438760066455,0.09331463327494438,0.4979607863805851,0.0,0.0
2.8305438760066455,0.15552438879157382,0.49862398827428117,0.0,0.0
2.8305438760066455,0.21773414430820326,0.49962054411388623,0.0,0.0
2.8305438760066455,0.2799438998248327,0.5009525560882676,0.0,0.0
2.8305438760066455,0.3421536553414626,0.5026228244347354,0.0,0.0
2.8305438760066455,0.404363410858092,0.5046348444657673,0.0,0.0
2.8305438760066455,0.46657316637472146,0.50699280197938,0.0,0.0
2.8305438760066455,0.5287829218913513,0.5097015664249278,0.0,0.0
2.8305438760066455,0.5909926774079808,0.5127666810226682,0.0,0.0
2.8305438760066455,0.6532024329246102,0.5161943488339364,0.0,0.0
2.8305438760066455,0.7154121884412397,0.5199914135428884,0.0,0.0
2.8305438760066455,0.7776219439578695,0.5241653334335316,0.0,0.0
2.8305438760066455,0.839831699474499,0.5287241467194944,0.0,0.0
2.8305438760066455,0.9020414549911289,0.5336764260003448,0.0,0.0
2.8305438760066455,0.9642512105077579,0.5390312191685046,0.0,0.0
2.8305438760066455,1.0264609660243877,0.5447979735659657,0.0,0.0
2.8305438760066455,1.0886707215410176,0.5509864395816229,0.0,0.0
2.8305438760066455,1.1508804770576466,0.5576065491809509,0.0,0.0
2.8305438760066455,1.2130902325742765,0.5646682640656012,0.0,0.0
2.8305438760066455,1.2752999880909055,0.5721813872717688,0.0,0.0
2.8305438760066455,1.3375097436075354,0.5801553310412211,0.0,0.0
2.8305438760066455,1.3997194991241653,0.5885988327581316,0.0,0.0
2.8305438760066455,1.4619292546407943,0.5975196096766174,0.0,0.0
2.8305438760066455,1.5241390101574241,0.6069239421319844,0.0,0.0
2.8305438760066455,1.586348765674054,0.6168161740325836,0.0,0.0
2.8305438760066455,1.648558521190683,0.6271981188162574,0.0,0.0
2.8305438760066455,1.710768276707313,0.6380683589359181,0.0,0.0
2.8305438760066455,1.7729780322239428,0.6494214276025118,0.0,0.0
2.8305438760066455,1.8351877877405718,0.6612468633459752,0.0,0.0
2.8305438760066455,1.8973975432572017,0.673528131449942,0.0,0.0
2.8305438760066455,1.9596072987738316,0.6862414120800499,0.0,0.0
2.8305438760066455,2.0218170542904605,0.6993542636612362,0.0,0.0
2.8305438760066455,2.0840268098070904,0.7128241825170323,0.0,0.0
2.8305438760066455,2.1462365653237194,0.7265970966639552,0.0,0.0
2.8305438760066455,2.2084463208403493,0.7406058534373423,0.0,0.0
2.8305438760066455,2.270656076356979,0.7547687873135174,0.0,0.0
2.8305438760066455,2.332865831873608,0.7689884850545119,0.0,0.0
2.8305438760066455,2.395075587390238,0.7831508980335143,0.0,0.0
2.8305438760066455,2.457285342906868,0.7971249824818449,0.0,0.0
2.8305438760066455,2.519495098423497,0.8107630715673129,0.0,0.0
2.8305438760066455,2.581704853940127,0.8239021907721887,0.0,0.0
2.8305438760066455,2.6439146094567567,0.8363665106871113,0.0,0.0
2.8305438760066455,2.7061243649733857,0.8479710798953978,0.0,0.0
2.8305438760066455,2.7683341204900156,0.8585268885678256,0.0,0.0
2.8305438760066455,2.8305438760066455,0.8678471801784471,0.0,0.0
2.8305438760066455,2.8927536315232745,0.8757547631694537,0.0,0.0
2.8305438760066455,2.9549633870399044,0.8820898965871918,0.0,0.0
2.8305438760066455,3.0171731425565333,0.8867181643572505,0.0,0.0
2.8305438760066455,3.0793828980731632,0.8895376482777391,0.0,0.0
2.8927536315232745,-3.141592653589793,0.8990335522786694,0.0,0.0
2.8927536315232745,-3.0793828980731637,0.8980589991391109,0.0,0.0
2.8927536315232745,-3.017173142556534,0.8951579737911614,0.0,0.0
2.8927536315232745,-2.9549633870399044,0.8903969998992722,0.0,0.0
2.8927536315232745,-2.892753631523275,0.8838825166422148,0.0,0.0
2.8927536315232745,-2.8305438760066455,0.8757547631694537,0.0,0.0
2.8927536315232745,-2.7683341204900156,0.8661801847479534,0.0,0.0
2.8927536315232745,-2.706124364973386,0.8553431188294136,0.0,0.0
2.8927536315232745,-2.6439146094567567,0.8434374977020435,0.0,0.0
2.8927536315232745,-2.581704853940127,0.8306591881843124,0.0,0.0
2.8927536315232745,-2.5194950984234974,0.8171994147569154,0.0,0.0
2.8927536315232745,-2.457285342906868,0.8032395203747195,0.0,0.0
2.8927536315232745,-2.395075587390238,0.7889471420725512,0.0,0.0
2.8927536315232745,-2.3328658318736086,0.7744737376722237,0.0,0.0
2.8927536315232745,-2.270656076356979,0.7599533041994683,0.0,0.0
2.8927536315232745,-2.2084463208403498,0.745502076749688,0.0,0.0
2.8927536315232745,-2.1462365653237203,0.7312189809339166,0.0,0.0
2.8927536315232745,-2.0840268098070904,0.7171866224905905,0.0,0.0
2.8927536315232745,-2.021817054290461,0.7034726240548792,0.0,0.0
2.8927536315232745,-1.9596072987738313,0.6901311529990202,0.0,0.0
2.8927536315232745,-1.897397543257202,0.677204519539938,0.0,0.0
2.8927536315232745,-1.8351877877405722,0.6647247570325987,0.0,0.0
2.8927536315232745,-1.7729780322239428,0.6527151244461462,0.0,0.0
2.8927536315232745,-1.7107682767073131,0.6411914937053464,0.0,0.0
2.8927536315232745,-1.6485585211906835,0.6301636019805471,0.0,0.0
2.8927536315232745,-1.586348765674054,0.6196361617101754,0.0,0.0
2.8927536315232745,-1.5241390101574244,0.6096098299307894,0.0,0.0
2.8927536315232745,-1.461929254640795,0.6000820441921848,0.0,0.0
2.8927536315232745,-1.3997194991241653,0.5910477357034505,0.0,0.0
2.8927536315232745,-1.3375097436075358,0.5824999320322005,0.0,0.0
2.8927536315232745,-1.2752999880909062,0.5744302621808972,0.0,0.0
2.8927536315232745,-1.2130902325742767,0.5668293765906155,0.0,0.0
2.8927536315232745,-1.150880477057647,0.55968729387087,0.0,0.0
2.8927536315232745,-1.0886707215410176,0.5529936850376318,0.0,0.0
2.8927536315232745,-1.0264609660243877,0.546738104908216,0.0,0.0
2.8927536315232745,-0.9642512105077583,0.5409101791496699,0.0,0.0
2.8927536315232745,-0.9020414549911289,0.5354997543685529,0.0,0.0
2.8927536315232745,-0.8398316994744994,0.5304970176007326,0.0,0.0
2.8927536315232745,-0.7776219439578695,0.5258925906282501,0.0,0.0
2.8927536315232745,-0.7154121884412401,0.5216776037227786,0.0,0.0
2.8927536315232745,-0.6532024329246107,0.5178437526904,0.0,0.0
2.8927536315232745,-0.5909926774079808,0.5143833424644592,0.0,0.0
2.8927536315232745,-0.5287829218913513,0.511289319953719,0.0,0.0
2.8927536315232745,-0.4665731663747219,0.5085552983923818,0.0,0.0
2.8927536315232745,-0.40436341085809246,0.5061755750470001,0.0,0.0
2.8927536315232745,-0.3421536553414626,0.5041451438034045,0.0,0.0
2.8927536315232745,-0.27994389982483314,0.5024597038756863,0.0,0.0
2.8927536315232745,-0.2177341443082037,0.5011156656408657,0.0,0.0
2.8927536315232745,-0.15552438879157382,0.5001101543998714,0.0,0.0
2.8927536315232745,-0.09331463327494438,0.4994410126912584,0.0,0.0
2.8927536315232745,-0.03110487775831494,0.49910680163284643,0.0,0.0
2.8927536315232745,0.031104877758314498,0.49910680163284654,0.0,0.0
2.8927536315232745,0.09331463327494438,0.4994410126912584,0.0,0.0
2.8927536315232745,0.15552438879157382,0.5001101543998714,0.0,0.0
2.8927536315232745,0.21773414430820326,0.5011156656408657,0.0,0.0
2.8927536315232745,0.2799438998248327,0.5024597038756863,0.0,0.0
2.8927536315232745,0.3421536553414626,0.5041451438034045,0.0,0.0
2.8927536315232745,0.404363410858092,0.506175575047,0.0,0.0
2.8927536315232745,0.46657316637472146,0.5085552983923818,0.0,0.0
2.8927536315232745,0.5287829218913513,0.511289319953719,0.0,0.0
2.8927536315232745,0.5909926774079808,0.5143833424644592,0.0,0.0
2.8927536315232745,0.6532024329246102,0.5178437526904001,0.0,0.0
2.8927536315232745,0.7154121884412397,0.5216776037227786,0.0,0.0
2.8927536315232745,0.7776219439578695,0.5258925906282501,0.0,0.0
2.8927536315232745,0.839831699474499,0.5304970176007326,0.0,0.0
2.8927536315232745,0.9020414549911289,0.5354997543685529,0.0,0.0
2.8927536315232745,0.9642512105077579,0.5409101791496698,0.0,0.0
2.8927536315232745,1.0264609660243877,0.546738104908216,0.0,0.0
2.8927536315232745,1.0886707215410176,0.5529936850376318,0.0,0.0
2.8927536315232745,1.1508804770576466,0.55968729387087,0.0,0.0
2.8927536315232745,1.2130902325742765,0.5668293765906154,0.0,0.0
2.8927536315232745,1.2752999880909055,0.5744302621808972,0.0,0.0
2.8927536315232745,1.3375097436075354,0.5824999320322005,0.0,0.0
2.8927536315232745,1.3997194991241653,0.5910477357034505,0.0,0.0
2.8927536315232745,1.4619292546407943,0.6000820441921847,0.0,0.0
2.8927536315232745,1.5241390101574241,0.6096098299307893,0.0,0.0
2.8927536315232745,1.586348765674054,0.6196361617101754,0.0,0.0
2.8927536315232745,1.648558521190683,0.6301636019805471,0.0,0.0
2.8927536315232745,1.710768276707313,0.6411914937053463,0.0,0.0
2.8927536315232745,1.7729780322239428,0.6527151244461462,0.0,0.0
2.8927536315232745,1.8351877877405718,0.6647247570325986,0.0,0.0
2.8927536315232745,1.8973975432572017,0.6772045195399379,0.0,0.0
2.8927536315232745,1.9596072987738316,0.6901311529990203,0.0,0.0
2.8927536315232745,2.0218170542904605,0.7034726240548791,0.0,0.0
2.8927536315232745,2.0840268098070904,0.7171866224905905,0.0,0.0
2.8927536315232745,2.1462365653237194,0.7312189809339162,0.0,0.0
2.8927536315232745,2.2084463208403493,0.745502076749688,0.0,0.0
2.8927536315232745,2.270656076356979,0.7599533041994683,0.0,0.0
2.8927536315232745,2.332865831873608,0.7744737376722236,0.0,0.0
2.8927536315232745,2.395075587390238,0.7889471420725512,0.0,0.0
2.8927536315232745,2.457285342906868,0.8032395203747195,0.0,0.0
2.8927536315232745,2.519495098423497,0.8171994147569152,0.0,0.0
2.8927536315232745,2.581704853940127,0.8306591881843124,0.0,0.0
2.8927536315232745,2.6439146094567567,0.8434374977020435,0.0,0.0
2.8927536315232745,2.7061243649733857,0.8553431188294135,0.0,0.0
2.8927536315232745,2.7683341204900156,0.8661801847479534,0.0,0.0
2.8927536315232745,2.8305438760066455,0.8757547631694537,0.0,0.0
2.8927536315232745,2.8927536315232745,0.8838825166422148,0.0,0.0
2.8927536315232745,2.9549633870399044,0.8903969998992722,0.0,0.0
2.8927536315232745,3.0171731425565333,0.8951579737911614,0.0,0.0
2.8927536315232745,3.0793828980731632,0.8980589991391109,0.0,0.0
2.9549633870399044,-3.141592653589793,0.9058914420897225,0.0,0.0
2.9549633870399044,-3.0793828980731637,0.9048944413394892,0.0,0.0
2.9549633870399044,-3.017173142556534,0.9019268878398035,0.0,0.0
2.9549633870399044,-2.9549633870399044,0.8970576807157739,0.0,0.0
2.9549633870399044,-2.892753631523275,0.8903969998992723,0.0,0.0
2.9549633870399044,-2.8305438760066455,0.8820898965871918,0.0,0.0
2.9549633870399044,-2.7683341204900156,0.8723083471061727,0.0,0.0
2.9549633870399044,-2.706124364973386,0.8612425721650082,0.0,0.0
2.9549633870399044,-2.6439146094567567,0.8490923975063435,0.0,0.0
2.9549633870399044,-2.581704853940127,0.8360593056930036,0.0,0.0
2.9549633870399044,-2.5194950984234974,0.8223396421068374,0.0,0.0
2.9549633870399044,-2.457285342906868,0.8081192339192873,0.0,0.0
2.9549633870399044,-2.395075587390238,0.7935694939944912,0.0,0.0
2.9549633870399044,-2.3328658318736086,0.7788449346295017,0.0,0.0
2.9549633870399044,-2.270656076356979,0.7640819174579678,0.0,0.0
2.9549633870399044,-2.2084463208403498,0.7493984137954779,0.0,0.0
2.9549633870399044,-2.1462365653237203,0.7348945357080587,0.0,0.0
2.9549633870399044,-2.0840268098070904,0.7206536110669227,0.0,0.0
2.9549633870399044,-2.021817054290461,0.7067436050223418,0.0,0.0
2.9549633870399044,-1.9596072987738313,0.6932187268081403,0.0,0.0
2.9549633870399044,-1.897397543257202,0.68012109819081,0.0,0.0
2.9549633870399044,-1.8351877877405722,0.6674823942091062,0.0,0.0
2.9549633870399044,-1.7729780322239428,0.6553253960543397,0.0,0.0
2.9549633870399044,-1.7107682767073131,0.6436654193452316,0.0,0.0
2.9549633870399044,-1.6485585211906835,0.6325115988552739,0.0,0.0
2.9549633870399044,-1.586348765674054,0.6218680236289187,0.0,0.0
2.9549633870399044,-1.5241390101574244,0.6117347252409163,0.0,0.0
2.9549633870399044,-1.461929254640795,0.6021085275905032,0.0,0.0
2.9549633870399044,-1.3997194991241653,0.5929837698757847,0.0,0.0
2.9549633870399044,-1.3375097436075358,0.5843529159344778,0.0,0.0
2.9549633870399044,-1.2752999880909062,0.576207063501029,0.0,0.0
2.9549633870399044,-1.2130902325742767,0.5685363665271905,0.0,0.0
2.9549633870399044,-1.150880477057647,0.5613303828460329,0.0,0.0
2.9549633870399044,-1.0886707215410176,0.5545783583435723,0.0,0.0
2.9549633870399044,-1.0264609660243877,0.5482694575855661,0.0,0.0
2.9549633870399044,-0.9642512105077583,0.5423929496266923,0.0,0.0
2.9549633870399044,-0.9020414549911289,0.5369383565655262,0.0,0.0
2.9549633870399044,-0.8398316994744994,0.5318955713356796,0.0,0.0
2.9549633870399044,-0.7776219439578695,0.5272549502575267,0.0,0.0
2.9549633870399044,-0.7154121884412401,0.5230073850207763,0.0,0.0
2.9549633870399044,-0.6532024329246107,0.5191443580229229,0.0,0.0
2.9549633870399044,-0.5909926774079808,0.5156579843451942,0.0,0.0
2.9549633870399044,-0.5287829218913513,0.5125410430965209,0.0,0.0
2.9549633870399044,-0.4665731663747219,0.5097870003869134,0.0,0.0
2.9549633870399044,-0.40436341085809246,0.5073900257939583,0.0,0.0
2.9549633870399044,-0.3421536553414626,0.5053450038499632,0.0,0.0
2.9549633870399044,-0.27994389982483314,0.50364754179326,0.0,0.0
2.9549633870399044,-0.2177341443082037,0.5022939745869328,0.0,0.0
2.9549633870399044,-0.15552438879157382,0.5012813680041475,0.0,0.0
2.9549633870399044,-0.09331463327494438,0.5006075204045909,0.0,0.0
2.9549633870399044,-0.03110487775831494,0.500270963675228,0.0,0.0
2.9549633870399044,0.031104877758314498,0.500270963675228,0.0,0.0
2.9549633870399044,0.09331463327494438,0.5006075204045909,0.0,0.0
2.9549633870399044,0.15552438879157382,0.5012813680041475,0.0,0.0
2.9549633870399044,0.21773414430820326,0.5022939745869328,0.0,0.0
2.9549633870399044,0.2799438998248327,0.5036475417932601,0.0,0.0
2.9549633870399044,0.3421536553414626,0.5053450038499632,0.0,0.0
2.9549633870399044,0.404363410858092,0.5073900257939583,0.0,0.0
2.9549633870399044,0.46657316637472146,0.5097870003869134,0.0,0.0
2.9549633870399044,0.5287829218913513,0.5125410430965209,0.0,0.0
2.9549633870399044,0.5909926774079808,0.5156579843451942,0.0,0.0
2.9549633870399044,0.6532024329246102,0.5191443580229229,0.0,0.0
2.9549633870399044,0.7154121884412397,0.5230073850207761,0.0,0.0
2.9549633870399044,0.7776219439578695,0.5272549502575267,0.0,0.0
2.9549633870399044,0.839831699474499,0.5318955713356796,0.0,0.0
2.9549633870399044,0.9020414549911289,0.5369383565655262,0.0,0.0
2.9549633870399044,0.9642512105077579,0.5423929496266922,0.0,0.0
2.9549633870399044,1.0264609660243877,0.5482694575855661,0.0,0.0
2.9549633870399044,1.0886707215410176,0.5545783583435723,0.0,0.0
2.9549633870399044,1.1508804770576466,0.5613303828460328,0.0,0.0
2.9549633870399044,1.2130902325742765,0.5685363665271905,0.0,0.0
2.9549633870399044,1.2752999880909055,0.5762070635010289,0.0,0.0
2.9549633870399044,1.3375097436075354,0.5843529159344778,0.0,0.0
2.9549633870399044,1.3997194991241653,0.5929837698757847,0.0,0.0
2.9549633870399044,1.4619292546407943,0.602108527590503,0.0,0.0
2.9549633870399044,1.5241390101574241,0.6117347252409162,0.0,0.0
2.9549633870399044,1.586348765674054,0.6218680236289187,0.0,0.0
2.9549633870399044,1.648558521190683,0.6325115988552739,0.0,0.0
2.9549633870399044,1.710768276707313,0.6436654193452316,0.0,0.0
2.9549633870399044,1.7729780322239428,0.6553253960543397,0.0,0.0
2.9549633870399044,1.8351877877405718,0.6674823942091062,0.0,0.0
2.9549633870399044,1.8973975432572017,0.68012109819081,0.0,0.0
2.9549633870399044,1.9596072987738316,0.6932187268081406,0.0,0.0
2.9549633870399044,2.0218170542904605,0.7067436050223417,0.0,0.0
2.9549633870399044,2.0840268098070904,0.7206536110669227,0.0,0.0
2.9549633870399044,2.1462365653237194,0.7348945357080584,0.0,0.0
2.9549633870399044,2.2084463208403493,0.7493984137954777,0.0,0.0
2.9549633870399044,2.270656076356979,0.7640819174579678,0.0,0.0
2.9549633870399044,2.332865831873608,0.7788449346295016,0.0,0.0
2.9549633870399044,2.395075587390238,0.7935694939944912,0.0,0.0
2.9549633870399044,2.457285342906868,0.8081192339192873,0.0,0.0
2.9549633870399044,2.519495098423497,0.8223396421068374,0.0,0.0
2.9549633870399044,2.581704853940127,0.8360593056930036,0.0,0.0
2.9549633870399044,2.6439146094567567,0.8490923975063435,0.0,0.0
2.9549633870399044,2.7061243649733857,0.8612425721650081,0.0,0.0
2.9549633870399044,2.7683341204900156,0.8723083471061727,0.0,0.0
2.9549633870399044,2.8305438760066455,0.8820898965871918,0.0,0.0
2.9549633870399044,2.8927536315232745,0.8903969998992722,0.0,0.0
2.9549633870399044,2.9549633870399044,0.8970576807157739,0.0,0.0
2.9549633870399044,3.0171731425565333,0.9019268878398035,0.0,0.0
2.9549633870399044,3.0793828980731632,0.9048944413394889,0.0,0.0
3.0171731425565333,-3.141592653589793,0.9109067283953687,0.0,0.0
3.0171731425565333,-3.0793828980731637,0.9098930952887108,0.0,0.0
3.0171731425565333,-3.017173142556534,0.9068762553905326,0.0,0.0
3.0171731425565333,-2.9549633870399044,0.9019268878398033,0.0,0.0
3.0171731425565333,-2.892753631523275,0.8951579737911614,0.0,0.0
3.0171731425565333,-2.8305438760066455,0.8867181643572505,0.0,0.0
3.0171731425565333,-2.7683341204900156,0.876783568332631,0.0,0.0
3.0171731425565333,-2.706124364973386,0.8655487950297281,0.0,0.0
3.0171731425565333,-2.6439146094567567,0.8532180580893115,0.0,0.0
3.0171731425565333,-2.581704853940127,0.8399970120412885,0.0,0.0
3.0171731425565333,-2.5194950984234974,0.8260857970518187,0.0,0.0
3.0171731425565333,-2.457285342906868,0.8116735536974679,0.0,0.0
3.0171731425565333,-2.395075587390238,0.7969344755029327,0.0,0.0
3.0171731425565333,-2.3328658318736086,0.7820253152682429,0.0,0.0
3.0171731425565333,-2.270656076356979,0.7670841605594959,0.0,0.0
3.0171731425565333,-2.2084463208403498,0.7522302416593989,0.0,0.0
3.0171731425565333,-2.1462365653237203,0.7375645225809756,0.0,0.0
3.0171731425565333,-2.0840268098070904,0.7231708406971493,0.0,0.0
3.0171731425565333,-2.021817054290461,0.7091173918260266,0.0,0.0
3.0171731425565333,-1.9596072987738313,0.6954583960277493,0.0,0.0
3.0171731425565333,-1.897397543257202,0.6822358183622774,0.0,0.0
3.0171731425565333,-1.8351877877405722,0.6694810543861586,0.0,0.0
3.0171731425565333,-1.7729780322239428,0.6572165201988438,0.0,0.0
3.0171731425565333,-1.7107682767073131,0.6454571107737932,0.0,0.0
3.0171731425565333,-1.6485585211906835,0.6342115083998667,0.0,0.0
3.0171731425565333,-1.586348765674054,0.6234833360562599,0.0,0.0
3.0171731425565333,-1.5241390101574244,0.6132721593717431,0.0,0.0
3.0171731425565333,-1.461929254640795,0.6035743463996834,0.0,0.0
3.0171731425565333,-1.3997194991241653,0.5943837976025664,0.0,0.0
3.0171731425565333,-1.3375097436075358,0.5856925598755854,0.0,0.0
3.0171731425565333,-1.2752999880909062,0.5774913386975065,0.0,0.0
3.0171731425565333,-1.2130902325742767,0.5697699219962782,0.0,0.0
3.0171731425565333,-1.150880477057647,0.5625175283631489,0.0,0.0
3.0171731425565333,-1.0886707215410176,0.5557230910591665,0.0,0.0
3.0171731425565333,-1.0264609660243877,0.5493754879795316,0.0,0.0
3.0171731425565333,-0.9642512105077583,0.5434637264704705,0.0,0.0
3.0171731425565333,-0.9020414549911289,0.5379770906889519,0.0,0.0
3.0171731425565333,-0.8398316994744994,0.5329052580904022,0.0,0.0
3.0171731425565333,-0.7776219439578695,0.5282383906385434,0.0,0.0
3.0171731425565333,-0.7154121884412401,0.5239672054579065,0.0,0.0
3.0171731425565333,-0.6532024329246107,0.5200830288895496,0.0,0.0
3.0171731425565333,-0.5909926774079808,0.5165778372559303,0.0,0.0
3.0171731425565333,-0.5287829218913513,0.5134442870814976,0.0,0.0
3.0171731425565333,-0.4665731663747219,0.5106757370403511,0.0,0.0
3.0171731425565333,-0.40436341085809246,0.5082662635003039,0.0,0.0
3.0171731425565333,-0.3421536553414626,0.5062106711934681,0.0,0.0
3.0171731425565333,-0.27994389982483314,0.5045045002574438,0.0,0.0
3.0171731425565333,-0.2177341443082037,0.5031440306496796,0.0,0.0
3.0171731425565333,-0.15552438879157382,0.5021262847327861,0.0,0.0
3.0171731425565333,-0.09331463327494438,0.5014490286536345,0.0,0.0
3.0171731425565333,-0.03110487775831494,0.501110772987801,0.0,0.0
3.0171731425565333,0.031104877758314498,0.501110772987801,0.0,0.0
3.0171731425565333,0.09331463327494438,0.5014490286536345,0.0,0.0
3.0171731425565333,0.15552438879157382,0.5021262847327861,0.0,0.0
3.0171731425565333,0.21773414430820326,0.5031440306496796,0.0,0.0
3.0171731425565333,0.2799438998248327,0.5045045002574438,0.0,0.0
3.0171731425565333,0.3421536553414626,0.5062106711934681,0.0,0.0
3.0171731425565333,0.404363410858092,0.5082662635003039,0.0,0.0
3.0171731425565333,0.46657316637472146,0.5106757370403511,0.0,0.0
3.0171731425565333,0.5287829218913513,0.5134442870814976,0.0,0.0
3.0171731425565333,0.5909926774079808,0.5165778372559303,0.0,0.0
3.0171731425565333,0.6532024329246102,0.5200830288895495,0.0,0.0
3.0171731425565333,0.7154121884412397,0.5239672054579065,0.0,0.0
3.0171731425565333,0.7776219439578695,0.5282383906385434,0.0,0.0
3.0171731425565333,0.839831699474499,0.5329052580904022,0.0,0.0
3.0171731425565333,0.9020414549911289,0.5379770906889519,0.0,0.0
3.0171731425565333,0.9642512105077579,0.5434637264704704,0.0,0.0
3.0171731425565333,1.0264609660243877,0.5493754879795316,0.0,0.0
3.0171731425565333,1.0886707215410176,0.5557230910591665,0.0,0.0
3.0171731425565333,1.1508804770576466,0.5625175283631488,0.0,0.0
3.0171731425565333,1.2130902325742765,0.5697699219962782,0.0,0.0
3.0171731425565333,1.2752999880909055,0.5774913386975065,0.0,0.0
3.0171731425565333,1.3375097436075354,0.5856925598755854,0.0,0.0
3.0171731425565333,1.3997194991241653,0.5943837976025664,0.0,0.0
3.0171731425565333,1.4619292546407943,0.6035743463996833,0.0,0.0
3.0171731425565333,1.5241390101574241,0.6132721593717431,0.0,0.0
3.0171731425565333,1.586348765674054,0.6234833360562599,0.0,0.0
3.0171731425565333,1.648558521190683,0.6342115083998667,0.0,0.0
3.0171731425565333,1.710768276707313,0.6454571107737932,0.0,0.0
3.0171731425565333,1.7729780322239428,0.6572165201988438,0.0,0.0
3.0171731425565333,1.8351877877405718,0.6694810543861585,0.0,0.0
3.0171731425565333,1.8973975432572017,0.6822358183622773,0.0,0.0
3.0171731425565333,1.9596072987738316,0.6954583960277494,0.0,0.0
3.0171731425565333,2.0218170542904605,0.7091173918260265,0.0,0.0
3.0171731425565333,2.0840268098070904,0.7231708406971493,0.0,0.0
3.0171731425565333,2.1462365653237194,0.7375645225809754,0.0,0.0
3.0171731425565333,2.2084463208403493,0.7522302416593988,0.0,0.0
3.0171731425565333,2.270656076356979,0.7670841605594959,0.0,0.0
3.0171731425565333,2.332865831873608,0.7820253152682428,0.0,0.0
3.0171731425565333,2.395075587390238,0.7969344755029327,0.0,0.0
3.0171731425565333,2.457285342906868,0.8116735536974679,0.0,0.0
3.0171731425565333,2.519495098423497,0.8260857970518187,0.0,0.0
3.0171731425565333,2.581704853940127,0.8399970120412885,0.0,0.0
3.0171731425565333,2.6439146094567567,0.8532180580893115,0.0,0.0
3.0171731425565333,2.7061243649733857,0.865548795029728,0.0,0.0
3.0171731425565333,2.7683341204900156,0.876783568332631,0.0,0.0
3.0171731425565333,2.8305438760066455,0.8867181643572505,0.0,0.0
3.0171731425565333,2.8927536315232745,0.8951579737911614,0.0,0.0
3.0171731425565333,2.9549633870399044,0.9019268878398033,0.0,0.0
3.0171731425565333,3.0171731425565333,0.9068762553905325,0.0,0.0
3.0171731425565333,3.0793828980731632,0.9098930952887108,0.0,0.0
3.0793828980731632,-3.141592653589793,0.9139641070386163,0.0,0.0
3.0793828980731632,-3.0793828980731637,0.9129402446112984,0.0,0.0
3.0793828980731632,-3.017173142556534,0.9098930952887108,0.0,0.0
3.0793828980731632,-2.9549633870399044,0.9048944413394889,0.0,0.0
3.0793828980731632,-2.892753631523275,0.8980589991391109,0.0,0.0
3.0793828980731632,-2.8305438760066455,0.8895376482777391,0.0,0.0
3.0793828980731632,-2.7683341204900156,0.8795090534385414,0.0,0.0
3.0793828980731632,-2.706124364973386,0.8681705352839937,0.0,0.0
3.0793828980731632,-2.6439146094567567,0.8557290148658746,0.0,0.0
3.0793828980731632,-2.581704853940127,0.8423927170341312,0.0,0.0
3.0793828980731632,-2.5194950984234974,0.8283641158761591,0.0,0.0
3.0793828980731632,-2.457285342906868,0.8138343858060818,0.0,0.0
3.0793828980731632,-2.395075587390238,0.7989794232680294,0.0,0.0
3.0793828980731632,-2.3328658318736086,0.7839573494359326,0.0,0.0
3.0793828980731632,-2.270656076356979,0.7689073023921144,0.0,0.0
3.0793828980731632,-2.2084463208403498,0.7539492752153816,0.0,0.0
3.0793828980731632,-2.1462365653237203,0.7391847445653611,0.0,0.0
3.0793828980731632,-2.0840268098070904,0.7246978505495352,0.0,0.0
3.0793828980731632,-2.021817054290461,0.7105569212778193,0.0,0.0
3.0793828980731632,-1.9596072987738313,0.6968161751347495,0.0,0.0
3.0793828980731632,-1.897397543257202,0.6835174737794555,0.0,0.0
3.0793828980731632,-1.8351877877405722,0.670692035149711,0.0,0.0
3.0793828980731632,-1.7729780322239428,0.6583620462853609,0.0,0.0
3.0793828980731632,-1.7107682767073131,0.6465421400266897,0.0,0.0
3.0793828980731632,-1.6485585211906835,0.6352407179040855,0.0,0.0
3.0793828980731632,-1.586348765674054,0.6244611146013876,0.0,0.0
3.0793828980731632,-1.5241390101574244,0.6142026082042314,0.0,0.0
3.0793828980731632,-1.461929254640795,0.6044612859870653,0.0,0.0
3.0793828980731632,-1.3997194991241653,0.5952307785958985,0.0,0.0
3.0793828980731632,-1.3375097436075358,0.586502876853265,0.0,0.0
3.0793828980731632,-1.2752999880909062,0.5782680456045568,0.0,0.0
3.0793828980731632,-1.2130902325742767,0.5705158484632189,0.0,0.0
3.0793828980731632,-1.150880477057647,0.5632352963048839,0.0,0.0
3.0793828980731632,-1.0886707215410176,0.5564151311248805,0.0,0.0
3.0793828980731632,-1.0264609660243877,0.5500440555571121,0.0,0.0
3.0793828980731632,-0.9642512105077583,0.5441109170505187,0.0,0.0
3.0793828980731632,-0.9020414549911289,0.5386048544701778,0.0,0.0
3.0793828980731632,-0.8398316994744994,0.5335154137653257,0.0,0.0
3.0793828980731632,-0.7776219439578695,0.5288326383402635,0.0,0.0
3.0793828980731632,-0.7154121884412401,0.5245471388787563,0.0,0.0
3.0793828980731632,-0.6532024329246107,0.520650146603554,0.0,0.0
3.0793828980731632,-0.5909926774079808,0.5171335532913296,0.0,0.0
3.0793828980731632,-0.5287829218913513,0.5139899407989562,0.0,0.0
3.0793828980731632,-0.4665731663747219,0.5112126023781891,0.0,0.0
3.0793828980731632,-0.40436341085809246,0.5087955576512065,0.0,0.0
3.0793828980731632,-0.3421536553414626,0.5067335627784526,0.0,0.0
3.0793828980731632,-0.27994389982483314,0.5050221170629998,0.0,0.0
3.0793828980731632,-0.2177341443082037,0.5036574669933962,0.0,0.0
3.0793828980731632,-0.15552438879157382,0.5026366085217897,0.0,0.0
3.0793828980731632,-0.09331463327494438,0.50195728819903,0.0,0.0
3.0793828980731632,-0.03110487775831494,0.5016180036372154,0.0,0.0
3.0793828980731632,0.031104877758314498,0.5016180036372154,0.0,0.0
3.0793828980731632,0.09331463327494438,0.50195728819903,0.0,0.0
3.0793828980731632,0.15552438879157382,0.5026366085217897,0.0,0.0
3.0793828980731632,0.21773414430820326,0.5036574669933962,0.0,0.0
3.0793828980731632,0.2799438998248327,0.5050221170629998,0.0,0.0
3.0793828980731632,0.3421536553414626,0.5067335627784526,0.0,0.0
3.0793828980731632,0.404363410858092,0.5087955576512064,0.0,0.0
3.0793828980731632,0.46657316637472146,0.511212602378189,0.0,0.0
3.0793828980731632,0.5287829218913513,0.5139899407989562,0.0,0.0
3.0793828980731632,0.5909926774079808,0.5171335532913296,0.0,0.0
3.0793828980731632,0.6532024329246102,0.520650146603554,0.0,0.0
3.0793828980731632,0.7154121884412397,0.5245471388787563,0.0,0.0
3.0793828980731632,0.7776219439578695,0.5288326383402635,0.0,0.0
3.0793828980731632,0.839831699474499,0.5335154137653257,0.0,0.0
3.0793828980731632,0.9020414549911289,0.5386048544701778,0.0,0.0
3.0793828980731632,0.9642512105077579,0.5441109170505187,0.0,0.0
3.0793828980731632,1.0264609660243877,0.5500440555571121,0.0,0.0
3.0793828980731632,1.0886707215410176,0.5564151311248805,0.0,0.0
3.0793828980731632,1.1508804770576466,0.5632352963048838,0.0,0.0
3.0793828980731632,1.2130902325742765,0.5705158484632189,0.0,0.0
3.0793828980731632,1.2752999880909055,0.5782680456045567,0.0,0.0
3.0793828980731632,1.3375097436075354,0.5865028768532649,0.0,0.0
3.0793828980731632,1.3997194991241653,0.5952307785958985,0.0,0.0
3.0793828980731632,1.4619292546407943,0.6044612859870652,0.0,0.0
3.0793828980731632,1.5241390101574241,0.6142026082042314,0.0,0.0
3.0793828980731632,1.586348765674054,0.6244611146013876,0.0,0.0
3.0793828980731632,1.648558521190683,0.6352407179040854,0.0,0.0
3.0793828980731632,1.710768276707313,0.6465421400266897,0.0,0.0
3.0793828980731632,1.7729780322239428,0.6583620462853609,0.0,0.0
3.0793828980731632,1.8351877877405718,0.670692035149711,0.0,0.0
3.0793828980731632,1.8973975432572017,0.6835174737794554,0.0,0.0
3.0793828980731632,1.9596072987738316,0.6968161751347496,0.0,0.0
3.0793828980731632,2.0218170542904605,0.7105569212778192,0.0,0.0
3.0793828980731632,2.0840268098070904,0.7246978505495352,0.0,0.0
3.0793828980731632,2.1462365653237194,0.7391847445653609,0.0,0.0
3.0793828980731632,2.2084463208403493,0.7539492752153816,0.0,0.0
3.0793828980731632,2.270656076356979,0.7689073023921144,0.0,0.0
3.0793828980731632,2.332865831873608,0.7839573494359326,0.0,0.0
3.0793828980731632,2.395075587390238,0.7989794232680294,0.0,0.0
3.0793828980731632,2.457285342906868,0.8138343858060818,0.0,0.0
3.0793828980731632,2.519495098423497,0.828364115876159,0.0,0.0
3.0793828980731632,2.581704853940127,0.8423927170341312,0.0,0.0
3.0793828980731632,2.6439146094567567,0.8557290148658746,0.0,0.0
3.0793828980731632,2.7061243649733857,0.8681705352839933,0.0,0.0
3.0793828980731632,2.7683341204900156,0.8795090534385414,0.0,0.0
3.0793828980731632,2.8305438760066455,0.8895376482777391,0.0,0.0
3.0793828980731632,2.8927536315232745,0.8980589991391109,0.0,0.0
3.0793828980731632,2.9549633870399044,0.9048944413394889,0.0,0.0
3.0793828980731632,3.0171731425565333,0.9098930952887108,0.0,0.0
3.0793828980731632,3.0793828980731632,0.9129402446112984,0.0,0.0
