kx,ky,err_H0,err_H_chiral,block_reconstruction_err
-3.141592653589793,-3.141592653589793,1.2792042981336627,0.0,0.0
-3.141592653589793,-3.0793828980731637,1.27472881094507,0.0,0.0
-3.141592653589793,-3.017173142556534,1.2615957353933422,0.0,0.0
-3.141592653589793,-2.9549633870399044,1.2406342056727295,0.0,0.0
-3.141592653589793,-2.892753631523275,1.2130726345661833,0.0,0.0
-3.141592653589793,-2.8305438760066455,1.1803581631092117,0.0,0.0
-3.141592653589793,-2.7683341204900156,1.1439788432646214,0.0,0.0
-3.141592653589793,-2.706124364973386,1.1053230936797027,0.0,0.0
-3.141592653589793,-2.6439146094567567,1.0655911487897747,0.0,0.0
-3.141592653589793,-2.581704853940127,1.025756074981023,0.0,0.0
-3.141592653589793,-2.5194950984234974,0.986562361821162,0.0,0.0
-3.141592653589793,-2.457285342906868,0.9485477669945613,0.0,0.0
-3.141592653589793,-2.395075587390238,0.9120761888499761,0.0,0.0
-3.141592653589793,-2.3328658318736086,0.877373045716399,0.0,0.0
-3.141592653589793,-2.270656076356979,0.8445581878556724,0.0,0.0
-3.141592653589793,-2.2084463208403498,0.813674028131864,0.0,0.0
-3.141592653589793,-2.1462365653237203,0.784708271371973,0.0,0.0
-3.141592653589793,-2.0840268098070904,0.7576115485197044,0.0,0.0
-3.141592653589793,-2.021817054290461,0.732310673555762,0.0,0.0
-3.141592653589793,-1.9596072987738313,0.7087183506029271,0.0,0.0
-3.141592653589793,-1.897397543257202,0.6867401125138325,0.0,0.0
-3.141592653589793,-1.8351877877405722,0.6662791605811207,0.0,0.0
-3.141592653589793,-1.7729780322239428,0.6472396474213991,0.0,0.0
-3.141592653589793,-1.7107682767073131,0.6295288257301758,0.0,0.0
-3.141592653589793,-1.6485585211906835,0.6130583840656563,0.0,0.0
-3.141592653589793,-1.586348765674054,0.5977452090532855,0.0,0.0
-3.141592653589793,-1.5241390101574244,0.5835117498366202,0.0,0.0
-3.141592653589793,-1.461929254640795,0.5702861123546153,0.0,0.0
-3.141592653589793,-1.3997194991241653,0.5580019750304376,0.0,0.0
-3.141592653589793,-1.3375097436075358,0.5465983909422092,0.0,0.0
-3.141592653589793,-1.2752999880909062,0.5360195222079216,0.0,0.0
-3.141592653589793,-1.2130902325742767,0.5262143383278509,0.0,0.0
-3.141592653589793,-1.150880477057647,0.5171363001817741,0.0,0.0
-3.141592653589793,-1.0886707215410176,0.5087430442142613,0.0,0.0
-3.141592653589793,-1.0264609660243877,0.5009960762702603,0.0,0.0
-3.141592653589793,-0.9642512105077583,0.4938604809840522,0.0,0.0
-3.141592653589793,-0.9020414549911289,0.48730465015261043,0.0,0.0
-3.141592653589793,-0.8398316994744994,0.48130003183064574,0.0,0.0
-3.141592653589793,-0.7776219439578695,0.47582090074551464,0.0,0.0
-3.141592653589793,-0.7154121884412401,0.4708441498844101,0.0,0.0
-3.141592653589793,-0.6532024329246107,0.4663491026378255,0.0,0.0
-3.141592653589793,-0.5909926774079808,0.46231734460899176,0.0,0.0
-3.141592653589793,-0.5287829218913513,0.4587325740594191,0.0,0.0
-3.141592653589793,-0.4665731663747219,0.4555804699135242,0.0,0.0
-3.141592653589793,-0.40436341085809246,0.45284857626067904,0.0,0.0
-3.141592653589793,-0.3421536553414626,0.45052620234979873,0.0,0.0
-3.141592653589793,-0.27994389982483314,0.4486043371551709,0.0,0.0
-3.141592653589793,-0.2177341443082037,0.4470755776925045,0.0,0.0
-3.141592653589793,-0.15552438879157382,0.44593407037437294,0.0,0.0
-3.141592653589793,-0.09331463327494438,0.44517546480985115,0.0,0.0
-3.141592653589793,-0.03110487775831494,0.44479687957141406,0.0,0.0
-3.141592653589793,0.031104877758314498,0.44479687957141406,0.0,0.0
-3.141592653589793,0.09331463327494438,0.44517546480985115,0.0,0.0
-3.141592653589793,0.15552438879157382,0.44593407037437294,0.0,0.0
-3.141592653589793,0.21773414430820326,0.4470755776925045,0.0,0.0
-3.141592653589793,0.2799438998248327,0.44860433715517095,0.0,0.0
-3.141592653589793,0.3421536553414626,0.45052620234979873,0.0,0.0
-3.141592653589793,0.404363410858092,0.452848576260679,0.0,0.0
-3.141592653589793,0.46657316637472146,0.4555804699135242,0.0,0.0
-3.141592653589793,0.5287829218913513,0.4587325740594191,0.0,0.0
-3.141592653589793,0.5909926774079808,0.46231734460899176,0.0,0.0
-3.141592653589793,0.6532024329246102,0.4663491026378254,0.0,0.0
-3.141592653589793,0.7154121884412397,0.47084414988441003,0.0,0.0
-3.141592653589793,0.7776219439578695,0.47582090074551464,0.0,0.0
-3.141592653589793,0.839831699474499,0.48130003183064574,0.0,0.0
-3.141592653589793,0.9020414549911289,0.48730465015261043,0.0,0.0
-3.141592653589793,0.9642512105077579,0.4938604809840522,0.0,0.0
-3.141592653589793,1.0264609660243877,0.5009960762702603,0.0,0.0
-3.141592653589793,1.0886707215410176,0.5087430442142613,0.0,0.0
-3.141592653589793,1.1508804770576466,0.5171363001817741,0.0,0.0
-3.141592653589793,1.2130902325742765,0.5262143383278508,0.0,0.0
-3.141592653589793,1.2752999880909055,0.5360195222079215,0.0,0.0
-3.141592653589793,1.3375097436075354,0.5465983909422091,0.0,0.0
-3.141592653589793,1.3997194991241653,0.5580019750304376,0.0,0.0
-3.141592653589793,1.4619292546407943,0.5702861123546152,0.0,0.0
-3.141592653589793,1.5241390101574241,0.5835117498366202,0.0,0.0
-3.141592653589793,1.586348765674054,0.5977452090532855,0.0,0.0
-3.141592653589793,1.648558521190683,0.613058384065656,0.0,0.0
-3.141592653589793,1.710768276707313,0.6295288257301758,0.0,0.0
-3.141592653589793,1.7729780322239428,0.6472396474213991,0.0,0.0
-3.141592653589793,1.8351877877405718,0.6662791605811206,0.0,0.0
-3.141592653589793,1.8973975432572017,0.6867401125138324,0.0,0.0
-3.141592653589793,1.9596072987738316,0.7087183506029271,0.0,0.0
-3.141592653589793,2.0218170542904605,0.7323106735557617,0.0,0.0
-3.141592653589793,2.0840268098070904,0.7576115485197044,0.0,0.0
-3.141592653589793,2.1462365653237194,0.7847082713719726,0.0,0.0
-3.141592653589793,2.2084463208403493,0.8136740281318638,0.0,0.0
-3.141592653589793,2.270656076356979,0.8445581878556724,0.0,0.0
-3.141592653589793,2.332865831873608,0.8773730457163987,0.0,0.0
-3.141592653589793,2.395075587390238,0.9120761888499761,0.0,0.0
-3.141592653589793,2.457285342906868,0.9485477669945613,0.0,0.0
-3.141592653589793,2.519495098423497,0.9865623618211616,0.0,0.0
-3.141592653589793,2.581704853940127,1.025756074981023,0.0,0.0
-3.141592653589793,2.6439146094567567,1.0655911487897747,0.0,0.0
-3.141592653589793,2.7061243649733857,1.1053230936797023,0.0,0.0
-3.141592653589793,2.7683341204900156,1.1439788432646214,0.0,0.0
-3.141592653589793,2.8305438760066455,1.1803581631092117,0.0,0.0
-3.141592653589793,2.8927536315232745,1.2130726345661833,0.0,0.0
-3.141592653589793,2.9549633870399044,1.2406342056727295,0.0,0.0
-3.141592653589793,3.0171731425565333,1.2615957353933422,0.0,0.0
-3.141592653589793,3.0793828980731632,1.27472881094507,0.0,0.0
-3.0793828980731637,-3.141592653589793,1.27472881094507,0.0,0.0
-3.0793828980731637,-3.0793828980731637,1.270299971919861,0.0,0.0
-3.0793828980731637,-3.017173142556534,1.2573019189715775,0.0,0.0
-3.0793828980731637,-2.9549633870399044,1.2365501930263443,0.0,0.0
-3.0793828980731637,-2.892753631523275,1.2092539799946376,0.0,0.0
-3.0793828980731637,-2.8305438760066455,1.176839315989,0.0,0.0
-3.0793828980731637,-2.7683341204900156,1.1407745613272373,0.0,0.0
-3.0793828980731637,-2.706124364973386,1.1024319770361093,0.0,0.0
-3.0793828980731637,-2.6439146094567567,1.063000014579897,0.0,0.0
-3.0793828980731637,-2.581704853940127,1.0234441883472023,0.0,0.0
-3.0793828980731637,-2.5194950984234974,0.9845049659600789,0.0,0.0
-3.0793828980731637,-2.457285342906868,0.9467187216489362,0.0,0.0
-3.0793828980731637,-2.395075587390238,0.9104497606314391,0.0,0.0
-3.0793828980731637,-2.3328658318736086,0.8759250039542602,0.0,0.0
-3.0793828980731637,-2.270656076356979,0.8432663861933596,0.0,0.0
-3.0793828980731637,-2.2084463208403498,0.8125186344622095,0.0,0.0
-3.0793828980731637,-2.1462365653237203,0.7836717745471635,0.0,0.0
-3.0793828980731637,-2.0840268098070904,0.7566786349246843,0.0,0.0
-3.0793828980731637,-2.021817054290461,0.7314680367559208,0.0,0.0
-3.0793828980731637,-1.9596072987738313,0.7079544745981828,0.0,0.0
-3.0793828980731637,-1.897397543257202,0.686045053082806,0.0,0.0
-3.0793828980731637,-1.8351877877405722,0.6656443384233423,0.0,0.0
-3.0793828980731637,-1.7729780322239428,0.6466576598876486,0.0,0.0
-3.0793828980731637,-1.7107682767073131,0.6289932796834534,0.0,0.0
-3.0793828980731637,-1.6485585211906835,0.6125637499402834,0.0,0.0
-3.0793828980731637,-1.586348765674054,0.5972866948404554,0.0,0.0
-3.0793828980731637,-1.5241390101574244,0.5830851930887999,0.0,0.0
-3.0793828980731637,-1.461929254640795,0.5698878880842987,0.0,0.0
-3.0793828980731637,-1.3997194991241653,0.5576289173991759,0.0,0.0
-3.0793828980731637,-1.3375097436075358,0.54624772678062,0.0,0.0
-3.0793828980731637,-1.2752999880909062,0.5356888146081812,0.0,0.0
-3.0793828980731637,-1.2130902325742767,0.5259014387672644,0.0,0.0
-3.0793828980731637,-1.150880477057647,0.5168393078473886,0.0,0.0
-3.0793828980731637,-1.0886707215410176,0.5084602713930401,0.0,0.0
-3.0793828980731637,-1.0264609660243877,0.5007260188423615,0.0,0.0
-3.0793828980731637,-0.9642512105077583,0.4936017932072529,0.0,0.0
-3.0793828980731637,-0.9020414549911289,0.4870561230548586,0.0,0.0
-3.0793828980731637,-0.8398316994744994,0.481060574637039,0.0,0.0
-3.0793828980731637,-0.7776219439578695,0.47558952485799444,0.0,0.0
-3.0793828980731637,-0.7154121884412401,0.47061995500946924,0.0,0.0
-3.0793828980731637,-0.6532024329246107,0.4661312647217247,0.0,0.0
-3.0793828980731637,-0.5909926774079808,0.46210510529335597,0.0,0.0
-3.0793828980731637,-0.5287829218913513,0.45852523141433543,0.0,0.0
-3.0793828980731637,-0.4665731663747219,0.45537737024186936,0.0,0.0
-3.0793828980731637,-0.40436341085809246,0.4526491067975929,0.0,0.0
-3.0793828980731637,-0.3421536553414626,0.4503297847060329,0.0,0.0
-3.0793828980731637,-0.27994389982483314,0.44841042137332193,0.0,0.0
-3.0793828980731637,-0.2177341443082037,0.4468836368015952,0.0,0.0
-3.0793828980731637,-0.15552438879157382,0.4457435953414245,0.0,0.0
-3.0793828980731637,-0.09331463327494438,0.44498595979746053,0.0,0.0
-3.0793828980731637,-0.03110487775831494,0.4446078574182494,0.0,0.0
-3.0793828980731637,0.031104877758314498,0.4446078574182494,0.0,0.0
-3.0793828980731637,0.09331463327494438,0.44498595979746053,0.0,0.0
-3.0793828980731637,0.15552438879157382,0.4457435953414245,0.0,0.0
-3.0793828980731637,0.21773414430820326,0.4468836368015952,0.0,0.0
-3.0793828980731637,0.2799438998248327,0.44841042137332193,0.0,0.0
-3.0793828980731637,0.3421536553414626,0.4503297847060329,0.0,0.0
-3.0793828980731637,0.404363410858092,0.4526491067975929,0.0,0.0
-3.0793828980731637,0.46657316637472146,0.4553773702418695,0.0,0.0
-3.0793828980731637,0.5287829218913513,0.45852523141433543,0.0,0.0
-3.0793828980731637,0.5909926774079808,0.46210510529335597,0.0,0.0
-3.0793828980731637,0.6532024329246102,0.4661312647217246,0.0,0.0
-3.0793828980731637,0.7154121884412397,0.47061995500946924,0.0,0.0
-3.0793828980731637,0.7776219439578695,0.47558952485799444,0.0,0.0
-3.0793828980731637,0.839831699474499,0.4810605746370389,0.0,0.0
-3.0793828980731637,0.9020414549911289,0.4870561230548586,0.0,0.0
-3.0793828980731637,0.9642512105077579,0.49360179320725284,0.0,0.0
-3.0793828980731637,1.0264609660243877,0.5007260188423615,0.0,0.0
-3.0793828980731637,1.0886707215410176,0.5084602713930401,0.0,0.0
-3.0793828980731637,1.1508804770576466,0.5168393078473886,0.0,0.0
-3.0793828980731637,1.2130902325742765,0.5259014387672643,0.0,0.0
-3.0793828980731637,1.2752999880909055,0.5356888146081811,0.0,0.0
-3.0793828980731637,1.3375097436075354,0.5462477267806198,0.0,0.0
-3.0793828980731637,1.3997194991241653,0.5576289173991759,0.0,0.0
-3.0793828980731637,1.4619292546407943,0.5698878880842986,0.0,0.0
-3.0793828980731637,1.5241390101574241,0.5830851930887999,0.0,0.0
-3.0793828980731637,1.586348765674054,0.5972866948404554,0.0,0.0
-3.0793828980731637,1.648558521190683,0.6125637499402834,0.0,0.0
-3.0793828980731637,1.710768276707313,0.6289932796834533,0.0,0.0
-3.0793828980731637,1.7729780322239428,0.6466576598876486,0.0,0.0
-3.0793828980731637,1.8351877877405718,0.6656443384233423,0.0,0.0
-3.0793828980731637,1.8973975432572017,0.686045053082806,0.0,0.0
-3.0793828980731637,1.9596072987738316,0.707954474598183,0.0,0.0
-3.0793828980731637,2.0218170542904605,0.7314680367559205,0.0,0.0
-3.0793828980731637,2.0840268098070904,0.7566786349246843,0.0,0.0
-3.0793828980731637,2.1462365653237194,0.7836717745471632,0.0,0.0
-3.0793828980731637,2.2084463208403493,0.8125186344622094,0.0,0.0
-3.0793828980731637,2.270656076356979,0.8432663861933596,0.0,0.0
-3.0793828980731637,2.332865831873608,0.8759250039542599,0.0,0.0
-3.0793828980731637,2.395075587390238,0.9104497606314391,0.0,0.0
-3.0793828980731637,2.457285342906868,0.9467187216489362,0.0,0.0
-3.0793828980731637,2.519495098423497,0.9845049659600785,0.0,0.0
-3.0793828980731637,2.581704853940127,1.0234441883472023,0.0,0.0
-3.0793828980731637,2.6439146094567567,1.063000014579897,0.0,0.0
-3.0793828980731637,2.7061243649733857,1.1024319770361088,0.0,0.0
-3.0793828980731637,2.7683341204900156,1.1407745613272373,0.0,0.0
-3.0793828980731637,2.8305438760066455,1.176839315989,0.0,0.0
-3.0793828980731637,2.8927536315232745,1.2092539799946374,0.0,0.0
-3.0793828980731637,2.9549633870399044,1.2365501930263443,0.0,0.0
-3.0793828980731637,3.0171731425565333,1.2573019189715773,0.0,0.0
-3.0793828980731637,3.0793828980731632,1.2702999719198609,0.0,0.0
-3.017173142556534,-3.141592653589793,1.2615957353933425,0.0,0.0
-3.017173142556534,-3.0793828980731637,1.2573019189715775,0.0,0.0
-3.017173142556534,-3.017173142556534,1.2446948697780622,0.0,0.0
-3.017173142556534,-2.9549633870399044,1.2245512455243837,0.0,0.0
-3.017173142556534,-2.892753631523275,1.1980251193127534,0.0,0.0
-3.017173142556534,-2.8305438760066455,1.1664818448763146,0.0,0.0
-3.017173142556534,-2.7683341204900156,1.1313329334203486,0.0,0.0
-3.017173142556534,-2.706124364973386,1.0939037580378852,0.0,0.0
-3.017173142556534,-2.6439146094567567,1.055348347460443,0.0,0.0
-3.017173142556534,-2.581704853940127,1.016609942735859,0.0,0.0
-3.017173142556534,-2.5194950984234974,0.9784169473458322,0.0,0.0
-3.017173142556534,-2.457285342906868,0.9413013587053946,0.0,0.0
-3.017173142556534,-2.395075587390238,0.9056283655813525,0.0,0.0
-3.017173142556534,-2.3328658318736086,0.8716290279677313,0.0,0.0
-3.017173142556534,-2.270656076356979,0.8394311780134016,0.0,0.0
-3.017173142556534,-2.2084463208403498,0.8090861669924576,0.0,0.0
-3.017173142556534,-2.1462365653237203,0.7805907101418845,0.0,0.0
-3.017173142556534,-2.0840268098070904,0.7539040003706473,0.0,0.0
-3.017173142556534,-2.021817054290461,0.7289606934560912,0.0,0.0
-3.017173142556534,-1.9596072987738313,0.7056805039355766,0.0,0.0
-3.017173142556534,-1.897397543257202,0.683975130179463,0.0,0.0
-3.017173142556534,-1.8351877877405722,0.6637531358635147,0.0,0.0
-3.017173142556534,-1.7729780322239428,0.6449233024956434,0.0,0.0
-3.017173142556534,-1.7107682767073131,0.6273968587597903,0.0,0.0
-3.017173142556534,-1.6485585211906835,0.6110888978841885,0.0,0.0
-3.017173142556534,-1.586348765674054,0.5959192169750707,0.0,0.0
-3.017173142556534,-1.5241390101574244,0.5818127514935728,0.0,0.0
-3.017173142556534,-1.461929254640795,0.5686997314901234,0.0,0.0
-3.017173142556534,-1.3997194991241653,0.5565156511775903,0.0,0.0
-3.017173142556534,-1.3375097436075358,0.545201117421245,0.0,0.0
-3.017173142556534,-1.2752999880909062,0.5347016236230506,0.0,0.0
-3.017173142556534,-1.2130902325742767,0.5249672815656687,0.0,0.0
-3.017173142556534,-1.150880477057647,0.5159525337224908,0.0,0.0
-3.017173142556534,-1.0886707215410176,0.5076158613165518,0.0,0.0
-3.017173142556534,-1.0264609660243877,0.4999194982603411,0.0,0.0
-3.017173142556534,-0.9642512105077583,0.492829157464211,0.0,0.0
-3.017173142556534,-0.9020414549911289,0.4863137734466709,0.0,0.0
-3.017173142556534,-0.8398316994744994,0.48034526341060824,0.0,0.0
-3.017173142556534,-0.7776219439578695,0.47489830774339986,0.0,0.0
-3.017173142556534,-0.7154121884412401,0.46995015009497415,0.0,0.0
-3.017173142556534,-0.6532024329246107,0.4654804166696392,0.0,0.0
-3.017173142556534,-0.5909926774079808,0.4614709540509622,0.0,0.0
-3.017173142556534,-0.5287829218913513,0.4579056847037855,0.0,0.0
-3.017173142556534,-0.4665731663747219,0.4547704792203705,0.0,0.0
-3.017173142556534,-0.40436341085809246,0.4520530443678781,0.0,0.0
-3.017173142556534,-0.3421536553414626,0.44974282603005916,0.0,0.0
-3.017173142556534,-0.27994389982483314,0.4478309262018171,0.0,0.0
-3.017173142556534,-0.2177341443082037,0.44631003328051033,0.0,0.0
-3.017173142556534,-0.15552438879157382,0.445174364995194,0.0,0.0
-3.017173142556534,-0.09331463327494438,0.4444196234195251,0.0,0.0
-3.017173142556534,-0.03110487775831494,0.4440429616226035,0.0,0.0
-3.017173142556534,0.031104877758314498,0.4440429616226035,0.0,0.0
-3.017173142556534,0.09331463327494438,0.4444196234195251,0.0,0.0
-3.017173142556534,0.15552438879157382,0.445174364995194,0.0,0.0
-3.017173142556534,0.21773414430820326,0.44631003328051033,0.0,0.0
-3.017173142556534,0.2799438998248327,0.4478309262018171,0.0,0.0
-3.017173142556534,0.3421536553414626,0.44974282603005916,0.0,0.0
-3.017173142556534,0.404363410858092,0.45205304436787797,0.0,0.0
-3.017173142556534,0.46657316637472146,0.4547704792203705,0.0,0.0
-3.017173142556534,0.5287829218913513,0.4579056847037855,0.0,0.0
-3.017173142556534,0.5909926774079808,0.4614709540509622,0.0,0.0
-3.017173142556534,0.6532024329246102,0.4654804166696392,0.0,0.0
-3.017173142556534,0.7154121884412397,0.46995015009497415,0.0,0.0
-3.017173142556534,0.7776219439578695,0.47489830774339986,0.0,0.0
-3.017173142556534,0.839831699474499,0.4803452634106081,0.0,0.0
-3.017173142556534,0.9020414549911289,0.4863137734466709,0.0,0.0
-3.017173142556534,0.9642512105077579,0.4928291574642109,0.0,0.0
-3.017173142556534,1.0264609660243877,0.4999194982603411,0.0,0.0
-3.017173142556534,1.0886707215410176,0.5076158613165518,0.0,0.0
-3.017173142556534,1.1508804770576466,0.5159525337224908,0.0,0.0
-3.017173142556534,1.2130902325742765,0.5249672815656686,0.0,0.0
-3.017173142556534,1.2752999880909055,0.5347016236230505,0.0,0.0
-3.017173142556534,1.3375097436075354,0.545201117421245,0.0,0.0
-3.017173142556534,1.3997194991241653,0.5565156511775903,0.0,0.0
-3.017173142556534,1.4619292546407943,0.5686997314901233,0.0,0.0
-3.017173142556534,1.5241390101574241,0.5818127514935728,0.0,0.0
-3.017173142556534,1.586348765674054,0.5959192169750707,0.0,0.0
-3.017173142556534,1.648558521190683,0.6110888978841883,0.0,0.0
-3.017173142556534,1.710768276707313,0.6273968587597902,0.0,0.0
-3.017173142556534,1.7729780322239428,0.6449233024956434,0.0,0.0
-3.017173142556534,1.8351877877405718,0.6637531358635146,0.0,0.0
-3.017173142556534,1.8973975432572017,0.683975130179463,0.0,0.0
-3.017173142556534,1.9596072987738316,0.7056805039355766,0.0,0.0
-3.017173142556534,2.0218170542904605,0.7289606934560908,0.0,0.0
-3.017173142556534,2.0840268098070904,0.7539040003706473,0.0,0.0
-3.017173142556534,2.1462365653237194,0.7805907101418841,0.0,0.0
-3.017173142556534,2.2084463208403493,0.8090861669924573,0.0,0.0
-3.017173142556534,2.270656076356979,0.8394311780134016,0.0,0.0
-3.017173142556534,2.332865831873608,0.8716290279677311,0.0,0.0
-3.017173142556534,2.395075587390238,0.9056283655813525,0.0,0.0
-3.017173142556534,2.457285342906868,0.9413013587053946,0.0,0.0
-3.017173142556534,2.519495098423497,0.9784169473458318,0.0,0.0
-3.017173142556534,2.581704853940127,1.016609942735859,0.0,0.0
-3.017173142556534,2.6439146094567567,1.055348347460443,0.0,0.0
-3.017173142556534,2.7061243649733857,1.0939037580378848,0.0,0.0
-3.017173142556534,2.7683341204900156,1.1313329334203486,0.0,0.0
-3.017173142556534,2.8305438760066455,1.1664818448763146,0.0,0.0
-3.017173142556534,2.8927536315232745,1.1980251193127531,0.0,0.0
-3.017173142556534,2.9549633870399044,1.2245512455243837,0.0,0.0
-3.017173142556534,3.0171731425565333,1.244694869778062,0.0,0.0
-3.017173142556534,3.0793828980731632,1.2573019189715775,0.0,0.0
-2.9549633870399044,-3.141592653589793,1.2406342056727298,0.0,0.0
-2.9549633870399044,-3.0793828980731637,1.2365501930263443,0.0,0.0
-2.9549633870399044,-3.017173142556534,1.2245512455243837,0.0,0.0
-2.9549633870399044,-2.9549633870399044,1.2053549859233788,0.0,0.0
-2.9549633870399044,-2.892753631523275,1.180031475937306,0.0,0.0
-2.9549633870399044,-2.8305438760066455,1.1498530204702453,0.0,0.0
-2.9549633870399044,-2.7683341204900156,1.1161432782326763,0.0,0.0
-2.9549633870399044,-2.706124364973386,1.0801544437699446,0.0,0.0
-2.9549633870399044,-2.6439146094567567,1.0429861327200003,0.0,0.0
-2.9549633870399044,-2.581704853940127,1.0055457420884415,0.0,0.0
-2.9549633870399044,-2.5194950984234974,0.9685416522022205,0.0,0.0
-2.9549633870399044,-2.457285342906868,0.9324979206875869,0.0,0.0
-2.9549633870399044,-2.395075587390238,0.8977801989740376,0.0,0.0
-2.9549633870399044,-2.3328658318736086,0.8646253174994002,0.0,0.0
-2.9549633870399044,-2.270656076356979,0.8331698395831474,0.0,0.0
-2.9549633870399044,-2.2084463208403498,0.8034751641583022,0.0,0.0
-2.9549633870399044,-2.1462365653237203,0.7755482981280595,0.0,0.0
-2.9549633870399044,-2.0840268098070904,0.7493583225008781,0.0,0.0
-2.9549633870399044,-2.021817054290461,0.7248490254891656,0.0,0.0
-2.9549633870399044,-1.9596072987738313,0.7019483405551475,0.0,0.0
-2.9549633870399044,-1.897397543257202,0.6805752344518795,0.0,0.0
-2.9549633870399044,-1.8351877877405722,0.6606446220183856,0.0,0.0
-2.9549633870399044,-1.7729780322239428,0.6420707892281714,0.0,0.0
-2.9549633870399044,-1.7107682767073131,0.6247697093657009,0.0,0.0
-2.9549633870399044,-1.6485585211906835,0.6086605509742321,0.0,0.0
-2.9549633870399044,-1.586348765674054,0.5936666044032848,0.0,0.0
-2.9549633870399044,-1.5241390101574244,0.5797157964752679,0.0,0.0
-2.9549633870399044,-1.461929254640795,0.5667409183423762,0.0,0.0
-2.9549633870399044,-1.3997194991241653,0.5546796578132968,0.0,0.0
-2.9549633870399044,-1.3375097436075358,0.543474502112299,0.0,0.0
-2.9549633870399044,-1.2752999880909062,0.5330725582753303,0.0,0.0
-2.9549633870399044,-1.2130902325742767,0.5234253246120582,0.0,0.0
-2.9549633870399044,-1.150880477057647,0.5144884366213883,0.0,0.0
-2.9549633870399044,-1.0886707215410176,0.5062214034780486,0.0,0.0
-2.9549633870399044,-1.0264609660243877,0.4985873459794744,0.0,0.0
-2.9549633870399044,-0.9642512105077583,0.4915527431090215,0.0,0.0
-2.9549633870399044,-0.9020414549911289,0.4850871917279193,0.0,0.0
-2.9549633870399044,-0.8398316994744994,0.4791631820555009,0.0,0.0
-2.9549633870399044,-0.7776219439578695,0.47375589031580234,0.0,0.0
-2.9549633870399044,-0.7154121884412401,0.4688429890585024,0.0,0.0
-2.9549633870399044,-0.6532024329246107,0.46440447508671223,0.0,0.0
-2.9549633870399044,-0.5909926774079808,0.46042251455868943,0.0,0.0
-2.9549633870399044,-0.5287829218913513,0.4568813046138644,0.0,0.0
-2.9549633870399044,-0.4665731663747219,0.4537669507614191,0.0,0.0
-2.9549633870399044,-0.40436341085809246,0.45106735923031965,0.0,0.0
-2.9549633870399044,-0.3421536553414626,0.4487721434904395,0.0,0.0
-2.9549633870399044,-0.27994389982483314,0.44687254419910905,0.0,0.0
-2.9549633870399044,-0.2177341443082037,0.4453613618947335,0.0,0.0
-2.9549633870399044,-0.15552438879157382,0.44423290184110387,0.0,0.0
-2.9549633870399044,-0.09331463327494438,0.4434829305172978,0.0,0.0
-2.9549633870399044,-0.03110487775831494,0.44310864334496425,0.0,0.0
-2.9549633870399044,0.031104877758314498,0.44310864334496425,0.0,0.0
-2.9549633870399044,0.09331463327494438,0.4434829305172978,0.0,0.0
-2.9549633870399044,0.15552438879157382,0.44423290184110387,0.0,0.0
-2.9549633870399044,0.21773414430820326,0.4453613618947335,0.0,0.0
-2.9549633870399044,0.2799438998248327,0.44687254419910905,0.0,0.0
-2.9549633870399044,0.3421536553414626,0.4487721434904395,0.0,0.0
-2.9549633870399044,0.404363410858092,0.45106735923031965,0.0,0.0
-2.9549633870399044,0.46657316637472146,0.4537669507614191,0.0,0.0
-2.9549633870399044,0.5287829218913513,0.4568813046138644,0.0,0.0
-2.9549633870399044,0.5909926774079808,0.46042251455868943,0.0,0.0
-2.9549633870399044,0.6532024329246102,0.4644044750867122,0.0,0.0
-2.9549633870399044,0.7154121884412397,0.4688429890585024,0.0,0.0
-2.9549633870399044,0.7776219439578695,0.47375589031580234,0.0,0.0
-2.9549633870399044,0.839831699474499,0.4791631820555008,0.0,0.0
-2.9549633870399044,0.9020414549911289,0.4850871917279193,0.0,0.0
-2.9549633870399044,0.9642512105077579,0.4915527431090214,0.0,0.0
-2.9549633870399044,1.0264609660243877,0.4985873459794744,0.0,0.0
-2.9549633870399044,1.0886707215410176,0.5062214034780486,0.0,0.0
-2.9549633870399044,1.1508804770576466,0.5144884366213883,0.0,0.0
-2.9549633870399044,1.2130902325742765,0.523425324612058,0.0,0.0
-2.9549633870399044,1.2752999880909055,0.5330725582753303,0.0,0.0
-2.9549633870399044,1.3375097436075354,0.543474502112299,0.0,0.0
-2.9549633870399044,1.3997194991241653,0.5546796578132968,0.0,0.0
-2.9549633870399044,1.4619292546407943,0.566740918342376,0.0,0.0
-2.9549633870399044,1.5241390101574241,0.5797157964752678,0.0,0.0
-2.9549633870399044,1.586348765674054,0.5936666044032848,0.0,0.0
-2.9549633870399044,1.648558521190683,0.608660550974232,0.0,0.0
-2.9549633870399044,1.710768276707313,0.6247697093657008,0.0,0.0
-2.9549633870399044,1.7729780322239428,0.6420707892281714,0.0,0.0
-2.9549633870399044,1.8351877877405718,0.6606446220183855,0.0,0.0
-2.9549633870399044,1.8973975432572017,0.6805752344518795,0.0,0.0
-2.9549633870399044,1.9596072987738316,0.7019483405551477,0.0,0.0
-2.9549633870399044,2.0218170542904605,0.7248490254891654,0.0,0.0
-2.9549633870399044,2.0840268098070904,0.7493583225008781,0.0,0.0
-2.9549633870399044,2.1462365653237194,0.775548298128059,0.0,0.0
-2.9549633870399044,2.2084463208403493,0.803475164158302,0.0,0.0
-2.9549633870399044,2.270656076356979,0.8331698395831474,0.0,0.0
-2.9549633870399044,2.332865831873608,0.8646253174993999,0.0,0.0
-2.9549633870399044,2.395075587390238,0.8977801989740376,0.0,0.0
-2.9549633870399044,2.457285342906868,0.9324979206875869,0.0,0.0
-2.9549633870399044,2.519495098423497,0.9685416522022202,0.0,0.0
-2.9549633870399044,2.581704853940127,1.0055457420884415,0.0,0.0
-2.9549633870399044,2.6439146094567567,1.0429861327200003,0.0,0.0
-2.9549633870399044,2.7061243649733857,1.0801544437699442,0.0,0.0
-2.9549633870399044,2.7683341204900156,1.1161432782326763,0.0,0.0
-2.9549633870399044,2.8305438760066455,1.1498530204702453,0.0,0.0
-2.9549633870399044,2.8927536315232745,1.1800314759373058,0.0,0.0
-2.9549633870399044,2.9549633870399044,1.2053549859233788,0.0,0.0
-2.9549633870399044,3.0171731425565333,1.2245512455243837,0.0,0.0
-2.9549633870399044,3.0793828980731632,1.2365501930263443,0.0,0.0
-2.892753631523275,-3.141592653589793,1.2130726345661833,0.0,0.0
-2.892753631523275,-3.0793828980731637,1.2092539799946376,0.0,0.0
-2.892753631523275,-3.017173142556534,1.1980251193127534,0.0,0.0
-2.892753631523275,-2.9549633870399044,1.180031475937306,0.0,0.0
-2.892753631523275,-2.892753631523275,1.156239787357305,0.0,0.0
-2.892753631523275,-2.8305438760066455,1.1278069675609883,0.0,0.0
-2.892753631523275,-2.7683341204900156,1.0959465321666182,0.0,0.0
-2.892753631523275,-2.706124364973386,1.0618176534956374,0.0,0.0
-2.892753631523275,-2.6439146094567567,1.0264495457124971,0.0,0.0
-2.892753631523275,-2.581704853940127,0.9907020857387311,0.0,0.0
-2.892753631523275,-2.5194950984234974,0.9552560175574509,0.0,0.0
-2.892753631523275,-2.457285342906868,0.9206232564401937,0.0,0.0
-2.892753631523275,-2.395075587390238,0.8871683285732872,0.0,0.0
-2.892753631523275,-2.3328658318736086,0.8551340945215935,0.0,0.0
-2.892753631523275,-2.270656076356979,0.8246673070913277,0.0,0.0
-2.892753631523275,-2.2084463208403498,0.7958415676262439,0.0,0.0
-2.892753631523275,-2.1462365653237203,0.7686766635977454,0.0,0.0
-2.892753631523275,-2.0840268098070904,0.7431541417919213,0.0,0.0
-2.892753631523275,-2.021817054290461,0.7192294337714114,0.0,0.0
-2.892753631523275,-1.9596072987738313,0.6968410454460588,0.0,0.0
-2.892753631523275,-1.897397543257202,0.6759173620217664,0.0,0.0
-2.892753631523275,-1.8351877877405722,0.6563815792236097,0.0,0.0
-2.892753631523275,-1.7729780322239428,0.6381551980743027,0.0,0.0
-2.892753631523275,-1.7107682767073131,0.6211604395970515,0.0,0.0
-2.892753631523275,-1.6485585211906835,0.6053218604696725,0.0,0.0
-2.892753631523275,-1.586348765674054,0.5905673861180992,0.0,0.0
-2.892753631523275,-1.5241390101574244,0.5768289251378671,0.0,0.0
-2.892753631523275,-1.461929254640795,0.5640426874357521,0.0,0.0
-2.892753631523275,-1.3997194991241653,0.5521492964761917,0.0,0.0
-2.892753631523275,-1.3375097436075358,0.5410937617273314,0.0,0.0
-2.892753631523275,-1.2752999880909062,0.5308253591923541,0.0,0.0
-2.892753631523275,-1.2130902325742767,0.5212974543905334,0.0,0.0
-2.892753631523275,-1.150880477057647,0.512467292190514,0.0,0.0
-2.892753631523275,-1.0886707215410176,0.5042957706086787,0.0,0.0
-2.892753631523275,-1.0264609660243877,0.496747210385403,0.0,0.0
-2.892753631523275,-0.9642512105077583,0.4897891283237002,0.0,0.0
-2.892753631523275,-0.9020414549911289,0.48339201962949274,0.0,0.0
-2.892753631523275,-0.8398316994744994,0.4775291525409971,0.0,0.0
-2.892753631523275,-0.7776219439578695,0.4721763771620238,0.0,0.0
-2.892753631523275,-0.7154121884412401,0.46731194946228743,0.0,0.0
-2.892753631523275,-0.6532024329246107,0.4629163707609359,0.0,0.0
-2.892753631523275,-0.5909926774079808,0.45897224258238506,0.0,0.0
-2.892753631523275,-0.5287829218913513,0.4554641365040665,0.0,0.0
-2.892753631523275,-0.4665731663747219,0.45237847845862694,0.0,0.0
-2.892753631523275,-0.40436341085809246,0.44970344687565916,0.0,0.0
-2.892753631523275,-0.3421536553414626,0.4474288840264466,0.0,0.0
-2.892753631523275,-0.27994389982483314,0.4455462199524381,0.0,0.0
-2.892753631523275,-0.2177341443082037,0.44404840840202364,0.0,0.0
-2.892753631523275,-0.15552438879157382,0.442929874262025,0.0,0.0
-2.892753631523275,-0.09331463327494438,0.44218647204408906,0.0,0.0
-2.892753631523275,-0.03110487775831494,0.4418154550676713,0.0,0.0
-2.892753631523275,0.031104877758314498,0.4418154550676713,0.0,0.0
-2.892753631523275,0.09331463327494438,0.44218647204408906,0.0,0.0
-2.892753631523275,0.15552438879157382,0.442929874262025,0.0,0.0
-2.892753631523275,0.21773414430820326,0.44404840840202364,0.0,0.0
-2.892753631523275,0.2799438998248327,0.4455462199524381,0.0,0.0
-2.892753631523275,0.3421536553414626,0.4474288840264466,0.0,0.0
-2.892753631523275,0.404363410858092,0.44970344687565916,0.0,0.0
-2.892753631523275,0.46657316637472146,0.45237847845862694,0.0,0.0
-2.892753631523275,0.5287829218913513,0.4554641365040665,0.0,0.0
-2.892753631523275,0.5909926774079808,0.45897224258238506,0.0,0.0
-2.892753631523275,0.6532024329246102,0.46291637076093584,0.0,0.0
-2.892753631523275,0.7154121884412397,0.4673119494622873,0.0,0.0
-2.892753631523275,0.7776219439578695,0.4721763771620238,0.0,0.0
-2.892753631523275,0.839831699474499,0.47752915254099704,0.0,0.0
-2.892753631523275,0.9020414549911289,0.48339201962949274,0.0,0.0
-2.892753631523275,0.9642512105077579,0.4897891283237001,0.0,0.0
-2.892753631523275,1.0264609660243877,0.496747210385403,0.0,0.0
-2.892753631523275,1.0886707215410176,0.5042957706086787,0.0,0.0
-2.892753631523275,1.1508804770576466,0.512467292190514,0.0,0.0
-2.892753631523275,1.2130902325742765,0.5212974543905333,0.0,0.0
-2.892753631523275,1.2752999880909055,0.5308253591923541,0.0,0.0
-2.892753631523275,1.3375097436075354,0.5410937617273313,0.0,0.0
-2.892753631523275,1.3997194991241653,0.5521492964761917,0.0,0.0
-2.892753631523275,1.4619292546407943,0.564042687435752,0.0,0.0
-2.892753631523275,1.5241390101574241,0.576828925137867,0.0,0.0
-2.892753631523275,1.586348765674054,0.5905673861180992,0.0,0.0
-2.892753631523275,1.648558521190683,0.6053218604696725,0.0,0.0
-2.892753631523275,1.710768276707313,0.6211604395970514,0.0,0.0
-2.892753631523275,1.7729780322239428,0.6381551980743027,0.0,0.0
-2.892753631523275,1.8351877877405718,0.6563815792236096,0.0,0.0
-2.892753631523275,1.8973975432572017,0.6759173620217663,0.0,0.0
-2.892753631523275,1.9596072987738316,0.696841045446059,0.0,0.0
-2.892753631523275,2.0218170542904605,0.7192294337714111,0.0,0.0
-2.892753631523275,2.0840268098070904,0.7431541417919213,0.0,0.0
-2.892753631523275,2.1462365653237194,0.7686766635977451,0.0,0.0
-2.892753631523275,2.2084463208403493,0.7958415676262437,0.0,0.0
-2.892753631523275,2.270656076356979,0.8246673070913277,0.0,0.0
-2.892753631523275,2.332865831873608,0.8551340945215932,0.0,0.0
-2.892753631523275,2.395075587390238,0.8871683285732872,0.0,0.0
-2.892753631523275,2.457285342906868,0.9206232564401937,0.0,0.0
-2.892753631523275,2.519495098423497,0.9552560175574506,0.0,0.0
-2.892753631523275,2.581704853940127,0.9907020857387311,0.0,0.0
-2.892753631523275,2.6439146094567567,1.0264495457124971,0.0,0.0
-2.892753631523275,2.7061243649733857,1.0618176534956372,0.0,0.0
-2.892753631523275,2.7683341204900156,1.0959465321666182,0.0,0.0
-2.892753631523275,2.8305438760066455,1.1278069675609883,0.0,0.0
-2.892753631523275,2.8927536315232745,1.1562397873573047,0.0,0.0
-2.892753631523275,2.9549633870399044,1.180031475937306,0.0,0.0
-2.892753631523275,3.0171731425565333,1.1980251193127534,0.0,0.0
-2.892753631523275,3.0793828980731632,1.2092539799946376,0.0,0.0
-2.8305438760066455,-3.141592653589793,1.1803581631092117,0.0,0.0
-2.8305438760066455,-3.0793828980731637,1.176839315989,0.0,0.0
-2.8305438760066455,-3.017173142556534,1.1664818448763146,0.0,0.0
-2.8305438760066455,-2.9549633870399044,1.149853020470245,0.0,0.0
-2.8305438760066455,-2.892753631523275,1.1278069675609883,0.0,0.0
-2.8305438760066455,-2.8305438760066455,1.1013735598417753,0.0,0.0
-2.8305438760066455,-2.7683341204900156,1.0716434268971744,0.0,0.0
-2.8305438760066455,-2.706124364973386,1.0396702025432982,0.0,0.0
-2.8305438760066455,-2.6439146094567567,1.0064015125870962,0.0,0.0
-2.8305438760066455,-2.581704853940127,0.9726405628909152,0.0,0.0
-2.8305438760066455,-2.5194950984234974,0.9390336207447851,0.0,0.0
-2.8305438760066455,-2.457285342906868,0.9060758512884443,0.0,0.0
-2.8305438760066455,-2.395075587390238,0.8741279790282335,0.0,0.0
-2.8305438760066455,-2.3328658318736086,0.8434377500682558,0.0,0.0
-2.8305438760066455,-2.270656076356979,0.8141620879296121,0.0,0.0
-2.8305438760066455,-2.2084463208403498,0.7863875441772276,0.0,0.0
-2.8305438760066455,-2.1462365653237203,0.7601479111927297,0.0,0.0
-2.8305438760066455,-2.0840268098070904,0.7354386838816813,0.0,0.0
-2.8305438760066455,-2.021817054290461,0.7122285222813869,0.0,0.0
-2.8305438760066455,-1.9596072987738313,0.6904680885551617,0.0,0.0
-2.8305438760066455,-1.897397543257202,0.6700967034521236,0.0,0.0
-2.8305438760066455,-1.8351877877405722,0.6510472564357487,0.0,0.0
-2.8305438760066455,-1.7729780322239428,0.6332497538843797,0.0,0.0
-2.8305438760066455,-1.7107682767073131,0.6166338266943711,0.0,0.0
-2.8305438760066455,-1.6485585211906835,0.6011304559770636,0.0,0.0
-2.8305438760066455,-1.586348765674054,0.5866731197079601,0.0,0.0
-2.8305438760066455,-1.5241390101574244,0.5731985163662672,0.0,0.0
-2.8305438760066455,-1.461929254640795,0.5606469838301164,0.0,0.0
-2.8305438760066455,-1.3997194991241653,0.5489627021092164,0.0,0.0
-2.8305438760066455,-1.3375097436075358,0.5380937456023089,0.0,0.0
-2.8305438760066455,-1.2752999880909062,0.5279920331512655,0.0,0.0
-2.8305438760066455,-1.2130902325742767,0.518613211055448,0.0,0.0
-2.8305438760066455,-1.150880477057647,0.5099164944268271,0.0,0.0
-2.8305438760066455,-1.0886707215410176,0.5018644850165251,0.0,0.0
-2.8305438760066455,-1.0264609660243877,0.49442297830496673,0.0,0.0
-2.8305438760066455,-0.9642512105077583,0.4875607687407971,0.0,0.0
-2.8305438760066455,-0.9020414549911289,0.4812494591725505,0.0,0.0
-2.8305438760066455,-0.8398316994744994,0.47546327846576797,0.0,0.0
-2.8305438760066455,-0.7776219439578695,0.47017890983000415,0.0,0.0
-2.8305438760066455,-0.7154121884412401,0.46537533134066605,0.0,0.0
-2.8305438760066455,-0.6532024329246107,0.46103366941531587,0.0,0.0
-2.8305438760066455,-0.5909926774079808,0.45713706550817185,0.0,0.0
-2.8305438760066455,-0.5287829218913513,0.4536705559574529,0.0,0.0
-2.8305438760066455,-0.4665731663747219,0.45062096471189844,0.0,0.0
-2.8305438760066455,-0.40436341085809246,0.44797680854145655,0.0,0.0
-2.8305438760066455,-0.3421536553414626,0.44572821427804504,0.0,0.0
-2.8305438760066455,-0.27994389982483314,0.44386684761744166,0.0,0.0
-2.8305438760066455,-0.2177341443082037,0.4423858530296746,0.0,0.0
-2.8305438760066455,-0.15552438879157382,0.44127980436333425,0.0,0.0
-2.8305438760066455,-0.09331463327494438,0.4405446657822338,0.0,0.0
-2.8305438760066455,-0.03110487775831494,0.4401777627359954,0.0,0.0
-2.8305438760066455,0.031104877758314498,0.4401777627359954,0.0,0.0
-2.8305438760066455,0.09331463327494438,0.4405446657822338,0.0,0.0
-2.8305438760066455,0.15552438879157382,0.44127980436333425,0.0,0.0
-2.8305438760066455,0.21773414430820326,0.4423858530296746,0.0,0.0
-2.8305438760066455,0.2799438998248327,0.44386684761744166,0.0,0.0
-2.8305438760066455,0.3421536553414626,0.44572821427804504,0.0,0.0
-2.8305438760066455,0.404363410858092,0.44797680854145655,0.0,0.0
-2.8305438760066455,0.46657316637472146,0.45062096471189844,0.0,0.0
-2.8305438760066455,0.5287829218913513,0.4536705559574529,0.0,0.0
-2.8305438760066455,0.5909926774079808,0.45713706550817185,0.0,0.0
-2.8305438760066455,0.6532024329246102,0.4610336694153158,0.0,0.0
-2.8305438760066455,0.7154121884412397,0.465375331340666,0.0,0.0
-2.8305438760066455,0.7776219439578695,0.47017890983000415,0.0,0.0
-2.8305438760066455,0.839831699474499,0.47546327846576786,0.0,0.0
-2.8305438760066455,0.9020414549911289,0.4812494591725505,0.0,0.0
-2.8305438760066455,0.9642512105077579,0.487560768740797,0.0,0.0
-2.8305438760066455,1.0264609660243877,0.49442297830496673,0.0,0.0
-2.8305438760066455,1.0886707215410176,0.5018644850165251,0.0,0.0
-2.8305438760066455,1.1508804770576466,0.5099164944268271,0.0,0.0
-2.8305438760066455,1.2130902325742765,0.5186132110554479,0.0,0.0
-2.8305438760066455,1.2752999880909055,0.5279920331512654,0.0,0.0
-2.8305438760066455,1.3375097436075354,0.5380937456023089,0.0,0.0
-2.8305438760066455,1.3997194991241653,0.5489627021092164,0.0,0.0
-2.8305438760066455,1.4619292546407943,0.5606469838301162,0.0,0.0
-2.8305438760066455,1.5241390101574241,0.5731985163662671,0.0,0.0
-2.8305438760066455,1.586348765674054,0.5866731197079601,0.0,0.0
-2.8305438760066455,1.648558521190683,0.6011304559770635,0.0,0.0
-2.8305438760066455,1.710768276707313,0.6166338266943711,0.0,0.0
-2.8305438760066455,1.7729780322239428,0.6332497538843797,0.0,0.0
-2.8305438760066455,1.8351877877405718,0.6510472564357486,0.0,0.0
-2.8305438760066455,1.8973975432572017,0.6700967034521235,0.0,0.0
-2.8305438760066455,1.9596072987738316,0.6904680885551617,0.0,0.0
-2.8305438760066455,2.0218170542904605,0.7122285222813867,0.0,0.0
-2.8305438760066455,2.0840268098070904,0.7354386838816813,0.0,0.0
-2.8305438760066455,2.1462365653237194,0.7601479111927294,0.0,0.0
-2.8305438760066455,2.2084463208403493,0.7863875441772273,0.0,0.0
-2.8305438760066455,2.270656076356979,0.8141620879296121,0.0,0.0
-2.8305438760066455,2.332865831873608,0.8434377500682557,0.0,0.0
-2.8305438760066455,2.395075587390238,0.8741279790282335,0.0,0.0
-2.8305438760066455,2.457285342906868,0.9060758512884443,0.0,0.0
-2.8305438760066455,2.519495098423497,0.9390336207447848,0.0,0.0
-2.8305438760066455,2.581704853940127,0.9726405628909152,0.0,0.0
-2.8305438760066455,2.6439146094567567,1.0064015125870962,0.0,0.0
-2.8305438760066455,2.7061243649733857,1.0396702025432978,0.0,0.0
-2.8305438760066455,2.7683341204900156,1.0716434268971744,0.0,0.0
-2.8305438760066455,2.8305438760066455,1.1013735598417753,0.0,0.0
-2.8305438760066455,2.8927536315232745,1.1278069675609883,0.0,0.0
-2.8305438760066455,2.9549633870399044,1.149853020470245,0.0,0.0
-2.8305438760066455,3.0171731425565333,1.1664818448763146,0.0,0.0
-2.8305438760066455,3.0793828980731632,1.176839315989,0.0,0.0
-2.7683341204900156,-3.141592653589793,1.1439788432646214,0.0,0.0
-2.7683341204900156,-3.0793828980731637,1.1407745613272373,0.0,0.0
-2.7683341204900156,-3.017173142556534,1.1313329334203486,0.0,0.0
-2.7683341204900156,-2.9549633870399044,1.1161432782326763,0.0,0.0
-2.7683341204900156,-2.892753631523275,1.0959465321666182,0.0,0.0
-2.7683341204900156,-2.8305438760066455,1.0716434268971744,0.0,0.0
-2.7683341204900156,-2.7683341204900156,1.0441978001619663,0.0,0.0
-2.7683341204900156,-2.706124364973386,1.0145523395273446,0.0,0.0
-2.7683341204900156,-2.6439146094567567,0.9835668689120782,0.0,0.0
-2.7683341204900156,-2.581704853940127,0.9519816950672663,0.0,0.0
-2.7683341204900156,-2.5194950984234974,0.9204030124699664,0.0,0.0
-2.7683341204900156,-2.457285342906868,0.88930466378033,0.0,0.0
-2.7683341204900156,-2.395075587390238,0.8590401638768262,0.0,0.0
-2.7683341204900156,-2.3328658318736086,0.8298598545447569,0.0,0.0
-2.7683341204900156,-2.270656076356979,0.8019295031629139,0.0,0.0
-2.7683341204900156,-2.2084463208403498,0.775348049070936,0.0,0.0
-2.7683341204900156,-2.1462365653237203,0.7501632930889544,0.0,0.0
-2.7683341204900156,-2.0840268098070904,0.7263850731603553,0.0,0.0
-2.7683341204900156,-2.021817054290461,0.7039959226455212,0.0,0.0
-2.7683341204900156,-1.9596072987738313,0.6829594469225161,0.0,0.0
-2.7683341204900156,-1.897397543257202,0.6632267532810212,0.0,0.0
-2.7683341204900156,-1.8351877877405722,0.6447412860939746,0.0,0.0
-2.7683341204900156,-1.7729780322239428,0.6274423932072255,0.0,0.0
-2.7683341204900156,-1.7107682767073131,0.6112679049321514,0.0,0.0
-2.7683341204900156,-1.6485585211906835,0.5961559580137548,0.0,0.0
-2.7683341204900156,-1.586348765674054,0.5820462507352724,0.0,0.0
-2.7683341204900156,-1.5241390101574244,0.568880875073477,0.0,0.0
-2.7683341204900156,-1.461929254640795,0.5566048384091359,0.0,0.0
-2.7683341204900156,-1.3997194991241653,0.545166360428505,0.0,0.0
-2.7683341204900156,-1.3375097436075358,0.5345170097170109,0.0,0.0
-2.7683341204900156,-1.2752999880909062,0.5246117281875528,0.0,0.0
-2.7683341204900156,-1.2130902325742767,0.5154087789766058,0.0,0.0
-2.7683341204900156,-1.150880477057647,0.5068696439657817,0.0,0.0
-2.7683341204900156,-1.0886707215410176,0.49895888996390375,0.0,0.0
-2.7683341204900156,-1.0264609660243877,0.4916440172657595,0.0,0.0
-2.7683341204900156,-0.9642512105077583,0.4848953003554173,0.0,0.0
-2.7683341204900156,-0.9020414549911289,0.47868562760820493,0.0,0.0
-2.7683341204900156,-0.8398316994744994,0.47299034470837403,0.0,0.0
-2.7683341204900156,-0.7776219439578695,0.4677871049429573,0.0,0.0
-2.7683341204900156,-0.7154121884412401,0.4630557284082032,0.0,0.0
-2.7683341204900156,-0.6532024329246107,0.45877807136176046,0.0,0.0
-2.7683341204900156,-0.5909926774079808,0.4549379063879907,0.0,0.0
-2.7683341204900156,-0.5287829218913513,0.4515208136530725,0.0,0.0
-2.7683341204900156,-0.4665731663747219,0.4485140832644728,0.0,0.0
-2.7683341204900156,-0.40436341085809246,0.4459066285814454,0.0,0.0
-2.7683341204900156,-0.3421536553414626,0.4436889102239018,0.0,0.0
-2.7683341204900156,-0.27994389982483314,0.4418528704774322,0.0,0.0
-2.7683341204900156,-0.2177341443082037,0.4403918777785256,0.0,0.0
-2.7683341204900156,-0.15552438879157382,0.4393006809759374,0.0,0.0
-2.7683341204900156,-0.09331463327494438,0.4385753730942143,0.0,0.0
-2.7683341204900156,-0.03110487775831494,0.438213364368119,0.0,0.0
-2.7683341204900156,0.031104877758314498,0.438213364368119,0.0,0.0
-2.7683341204900156,0.09331463327494438,0.4385753730942143,0.0,0.0
-2.7683341204900156,0.15552438879157382,0.4393006809759374,0.0,0.0
-2.7683341204900156,0.21773414430820326,0.4403918777785256,0.0,0.0
-2.7683341204900156,0.2799438998248327,0.4418528704774322,0.0,0.0
-2.7683341204900156,0.3421536553414626,0.4436889102239018,0.0,0.0
-2.7683341204900156,0.404363410858092,0.4459066285814453,0.0,0.0
-2.7683341204900156,0.46657316637472146,0.4485140832644728,0.0,0.0
-2.7683341204900156,0.5287829218913513,0.4515208136530725,0.0,0.0
-2.7683341204900156,0.5909926774079808,0.4549379063879907,0.0,0.0
-2.7683341204900156,0.6532024329246102,0.4587780713617604,0.0,0.0
-2.7683341204900156,0.7154121884412397,0.4630557284082032,0.0,0.0
-2.7683341204900156,0.7776219439578695,0.4677871049429573,0.0,0.0
-2.7683341204900156,0.839831699474499,0.4729903447083739,0.0,0.0
-2.7683341204900156,0.9020414549911289,0.47868562760820493,0.0,0.0
-2.7683341204900156,0.9642512105077579,0.48489530035541717,0.0,0.0
-2.7683341204900156,1.0264609660243877,0.4916440172657595,0.0,0.0
-2.7683341204900156,1.0886707215410176,0.49895888996390375,0.0,0.0
-2.7683341204900156,1.1508804770576466,0.5068696439657817,0.0,0.0
-2.7683341204900156,1.2130902325742765,0.5154087789766056,0.0,0.0
-2.7683341204900156,1.2752999880909055,0.5246117281875526,0.0,0.0
-2.7683341204900156,1.3375097436075354,0.5345170097170109,0.0,0.0
-2.7683341204900156,1.3997194991241653,0.545166360428505,0.0,0.0
-2.7683341204900156,1.4619292546407943,0.5566048384091358,0.0,0.0
-2.7683341204900156,1.5241390101574241,0.5688808750734768,0.0,0.0
-2.7683341204900156,1.586348765674054,0.5820462507352724,0.0,0.0
-2.7683341204900156,1.648558521190683,0.5961559580137548,0.0,0.0
-2.7683341204900156,1.710768276707313,0.6112679049321514,0.0,0.0
-2.7683341204900156,1.7729780322239428,0.6274423932072255,0.0,0.0
-2.7683341204900156,1.8351877877405718,0.6447412860939746,0.0,0.0
-2.7683341204900156,1.8973975432572017,0.6632267532810211,0.0,0.0
-2.7683341204900156,1.9596072987738316,0.6829594469225161,0.0,0.0
-2.7683341204900156,2.0218170542904605,0.7039959226455211,0.0,0.0
-2.7683341204900156,2.0840268098070904,0.7263850731603553,0.0,0.0
-2.7683341204900156,2.1462365653237194,0.750163293088954,0.0,0.0
-2.7683341204900156,2.2084463208403493,0.7753480490709359,0.0,0.0
-2.7683341204900156,2.270656076356979,0.8019295031629139,0.0,0.0
-2.7683341204900156,2.332865831873608,0.8298598545447566,0.0,0.0
-2.7683341204900156,2.395075587390238,0.8590401638768262,0.0,0.0
-2.7683341204900156,2.457285342906868,0.88930466378033,0.0,0.0
-2.7683341204900156,2.519495098423497,0.920403012469966,0.0,0.0
-2.7683341204900156,2.581704853940127,0.9519816950672663,0.0,0.0
-2.7683341204900156,2.6439146094567567,0.9835668689120782,0.0,0.0
-2.7683341204900156,2.7061243649733857,1.0145523395273444,0.0,0.0
-2.7683341204900156,2.7683341204900156,1.0441978001619663,0.0,0.0
-2.7683341204900156,2.8305438760066455,1.0716434268971744,0.0,0.0
-2.7683341204900156,2.8927536315232745,1.095946532166618,0.0,0.0
-2.7683341204900156,2.9549633870399044,1.1161432782326763,0.0,0.0
-2.7683341204900156,3.0171731425565333,1.1313329334203484,0.0,0.0
-2.7683341204900156,3.0793828980731632,1.1407745613272373,0.0,0.0
-2.706124364973386,-3.141592653589793,1.1053230936797027,0.0,0.0
-2.706124364973386,-3.0793828980731637,1.1024319770361093,0.0,0.0
-2.706124364973386,-3.017173142556534,1.0939037580378852,0.0,0.0
-2.706124364973386,-2.9549633870399044,1.0801544437699446,0.0,0.0
-2.706124364973386,-2.892753631523275,1.0618176534956374,0.0,0.0
-2.706124364973386,-2.8305438760066455,1.0396702025432982,0.0,0.0
-2.706124364973386,-2.7683341204900156,1.0145523395273446,0.0,0.0
-2.706124364973386,-2.706124364973386,0.9872964610005337,0.0,0.0
-2.706124364973386,-2.6439146094567567,0.9586729506314083,0.0,0.0
-2.706124364973386,-2.581704853940127,0.9293559946701749,0.0,0.0
-2.706124364973386,-2.5194950984234974,0.8999077313454256,0.0,0.0
-2.706124364973386,-2.457285342906868,0.870776630342703,0.0,0.0
-2.706124364973386,-2.395075587390238,0.8423053487373412,0.0,0.0
-2.706124364973386,-2.3328658318736086,0.8147438229693746,0.0,0.0
-2.706124364973386,-2.270656076356979,0.7882643817839384,0.0,0.0
-2.706124364973386,-2.2084463208403498,0.7629767488597474,0.0,0.0
-2.706124364973386,-2.1462365653237203,0.738941712210628,0.0,0.0
-2.706124364973386,-2.0840268098070904,0.7161828971589562,0.0,0.0
-2.706124364973386,-2.021817054290461,0.6946965066274857,0.0,0.0
-2.706124364973386,-1.9596072987738313,0.6744591379490927,0.0,0.0
-2.706124364973386,-1.897397543257202,0.6554339051337116,0.0,0.0
-2.706124364973386,-1.8351877877405722,0.6375751362302229,0.0,0.0
-2.706124364973386,-1.7729780322239428,0.6208319111125499,0.0,0.0
-2.706124364973386,-1.7107682767073131,0.6051506782705057,0.0,0.0
-2.706124364973386,-1.6485585211906835,0.5904771538014658,0.0,0.0
-2.706124364973386,-1.586348765674054,0.576757669541511,0.0,0.0
-2.706124364973386,-1.5241390101574244,0.5639401040466052,0.0,0.0
-2.706124364973386,-1.461929254640795,0.5519745015315877,0.0,0.0
-2.706124364973386,-1.3997194991241653,0.5408134602119888,0.0,0.0
-2.706124364973386,-1.3375097436075358,0.530412352439899,0.0,0.0
-2.706124364973386,-1.2752999880909062,0.5207294239759859,0.0,0.0
-2.706124364973386,-1.2130902325742767,0.5117258080223203,0.0,0.0
-2.706124364973386,-1.150880477057647,0.5033654806165079,0.0,0.0
-2.706124364973386,-1.0886707215410176,0.4956151770974952,0.0,0.0
-2.706124364973386,-1.0264609660243877,0.4884442841299488,0.0,0.0
-2.706124364973386,-0.9642512105077583,0.4818247178384317,0.0,0.0
-2.706124364973386,-0.9020414549911289,0.47573079565393694,0.0,0.0
-2.706124364973386,-0.8398316994744994,0.47013910727844954,0.0,0.0
-2.706124364973386,-0.7776219439578695,0.4650283885460509,0.0,0.0
-2.706124364973386,-0.7154121884412401,0.46037940076195494,0.0,0.0
-2.706124364973386,-0.6532024329246107,0.4561748172271892,0.0,0.0
-2.706124364973386,-0.5909926774079808,0.45239911802548466,0.0,0.0
-2.706124364973386,-0.5287829218913513,0.4490384936991187,0.0,0.0
-2.706124364973386,-0.4665731663747219,0.4460807581257771,0.0,0.0
-2.706124364973386,-0.40436341085809246,0.4435152706942883,0.0,0.0
-2.706124364973386,-0.3421536553414626,0.44133286773723335,0.0,0.0
-2.706124364973386,-0.27994389982483314,0.43952580309348205,0.0,0.0
-2.706124364973386,-0.2177341443082037,0.4380876976290303,0.0,0.0
-2.706124364973386,-0.15552438879157382,0.43701349752925517,0.0,0.0
-2.706124364973386,-0.09331463327494438,0.4362994411817171,0.0,0.0
-2.706124364973386,-0.03110487775831494,0.43594303448986754,0.0,0.0
-2.706124364973386,0.031104877758314498,0.43594303448986754,0.0,0.0
-2.706124364973386,0.09331463327494438,0.4362994411817171,0.0,0.0
-2.706124364973386,0.15552438879157382,0.43701349752925517,0.0,0.0
-2.706124364973386,0.21773414430820326,0.43808769762903044,0.0,0.0
-2.706124364973386,0.2799438998248327,0.43952580309348205,0.0,0.0
-2.706124364973386,0.3421536553414626,0.44133286773723335,0.0,0.0
-2.706124364973386,0.404363410858092,0.4435152706942883,0.0,0.0
-2.706124364973386,0.46657316637472146,0.44608075812577713,0.0,0.0
-2.706124364973386,0.5287829218913513,0.4490384936991187,0.0,0.0
-2.706124364973386,0.5909926774079808,0.45239911802548466,0.0,0.0
-2.706124364973386,0.6532024329246102,0.45617481722718906,0.0,0.0
-2.706124364973386,0.7154121884412397,0.46037940076195494,0.0,0.0
-2.706124364973386,0.7776219439578695,0.4650283885460509,0.0,0.0
-2.706124364973386,0.839831699474499,0.47013910727844943,0.0,0.0
-2.706124364973386,0.9020414549911289,0.47573079565393694,0.0,0.0
-2.706124364973386,0.9642512105077579,0.4818247178384316,0.0,0.0
-2.706124364973386,1.0264609660243877,0.4884442841299488,0.0,0.0
-2.706124364973386,1.0886707215410176,0.4956151770974952,0.0,0.0
-2.706124364973386,1.1508804770576466,0.5033654806165079,0.0,0.0
-2.706124364973386,1.2130902325742765,0.5117258080223201,0.0,0.0
-2.706124364973386,1.2752999880909055,0.5207294239759858,0.0,0.0
-2.706124364973386,1.3375097436075354,0.5304123524398989,0.0,0.0
-2.706124364973386,1.3997194991241653,0.5408134602119888,0.0,0.0
-2.706124364973386,1.4619292546407943,0.5519745015315876,0.0,0.0
-2.706124364973386,1.5241390101574241,0.5639401040466052,0.0,0.0
-2.706124364973386,1.586348765674054,0.576757669541511,0.0,0.0
-2.706124364973386,1.648558521190683,0.5904771538014658,0.0,0.0
-2.706124364973386,1.710768276707313,0.6051506782705057,0.0,0.0
-2.706124364973386,1.7729780322239428,0.6208319111125499,0.0,0.0
-2.706124364973386,1.8351877877405718,0.6375751362302229,0.0,0.0
-2.706124364973386,1.8973975432572017,0.6554339051337114,0.0,0.0
-2.706124364973386,1.9596072987738316,0.6744591379490928,0.0,0.0
-2.706124364973386,2.0218170542904605,0.6946965066274856,0.0,0.0
-2.706124364973386,2.0840268098070904,0.7161828971589562,0.0,0.0
-2.706124364973386,2.1462365653237194,0.7389417122106277,0.0,0.0
-2.706124364973386,2.2084463208403493,0.7629767488597472,0.0,0.0
-2.706124364973386,2.270656076356979,0.7882643817839384,0.0,0.0
-2.706124364973386,2.332865831873608,0.8147438229693744,0.0,0.0
-2.706124364973386,2.395075587390238,0.8423053487373412,0.0,0.0
-2.706124364973386,2.457285342906868,0.870776630342703,0.0,0.0
-2.706124364973386,2.519495098423497,0.8999077313454252,0.0,0.0
-2.706124364973386,2.581704853940127,0.9293559946701749,0.0,0.0
-2.706124364973386,2.6439146094567567,0.9586729506314083,0.0,0.0
-2.706124364973386,2.7061243649733857,0.9872964610005333,0.0,0.0
-2.706124364973386,2.7683341204900156,1.0145523395273446,0.0,0.0
-2.706124364973386,2.8305438760066455,1.0396702025432982,0.0,0.0
-2.706124364973386,2.8927536315232745,1.0618176534956374,0.0,0.0
-2.706124364973386,2.9549633870399044,1.0801544437699446,0.0,0.0
-2.706124364973386,3.0171731425565333,1.093903758037885,0.0,0.0
-2.706124364973386,3.0793828980731632,1.1024319770361093,0.0,0.0
-2.6439146094567567,-3.141592653589793,1.0655911487897747,0.0,0.0
-2.6439146094567567,-3.0793828980731637,1.063000014579897,0.0,0.0
-2.6439146094567567,-3.017173142556534,1.055348347460443,0.0,0.0
-2.6439146094567567,-2.9549633870399044,1.0429861327200003,0.0,0.0
-2.6439146094567567,-2.892753631523275,1.0264495457124971,0.0,0.0
-2.6439146094567567,-2.8305438760066455,1.0064015125870962,0.0,0.0
-2.6439146094567567,-2.7683341204900156,0.9835668689120782,0.0,0.0
-2.6439146094567567,-2.706124364973386,0.9586729506314083,0.0,0.0
-2.6439146094567567,-2.6439146094567567,0.9324028352504705,0.0,0.0
-2.6439146094567567,-2.581704853940127,0.90536414353549,0.0,0.0
-2.6439146094567567,-2.5194950984234974,0.8780727525958828,0.0,0.0
-2.6439146094567567,-2.457285342906868,0.8509486192561678,0.0,0.0
-2.6439146094567567,-2.395075587390238,0.824320130693022,0.0,0.0
-2.6439146094567567,-2.3328658318736086,0.7984335808734275,0.0,0.0
-2.6439146094567567,-2.270656076356979,0.7734650470523938,0.0,0.0
-2.6439146094567567,-2.2084463208403498,0.7495327484372581,0.0,0.0
-2.6439146094567567,-2.1462365653237203,0.726708697910624,0.0,0.0
-2.6439146094567567,-2.0840268098070904,0.7050290205945542,0.0,0.0
-2.6439146094567567,-2.021817054290461,0.6845027007559235,0.0,0.0
-2.6439146094567567,-1.9596072987738313,0.6651187588712096,0.0,0.0
-2.6439146094567567,-1.897397543257202,0.6468519921847309,0.0,0.0
-2.6439146094567567,-1.8351877877405722,0.6296674707367177,0.0,0.0
-2.6439146094567567,-1.7729780322239428,0.6135239948042576,0.0,0.0
-2.6439146094567567,-1.7107682767073131,0.5983767088998287,0.0,0.0
-2.6439146094567567,-1.6485585211906835,0.5841790448773694,0.0,0.0
-2.6439146094567567,-1.586348765674054,0.5708841401463177,0.0,0.0
-2.6439146094567567,-1.5241390101574244,0.5584458508500038,0.0,0.0
-2.6439146094567567,-1.461929254640795,0.5468194562744519,0.0,0.0
-2.6439146094567567,-1.3997194991241653,0.5359621305455855,0.0,0.0
-2.6439146094567567,-1.3375097436075358,0.5258332409422121,0.0,0.0
-2.6439146094567567,-1.2752999880909062,0.516394518625782,0.0,0.0
-2.6439146094567567,-1.2130902325742767,0.5076101368393009,0.0,0.0
-2.6439146094567567,-1.150880477057647,0.4994467231965802,0.0,0.0
-2.6439146094567567,-1.0886707215410176,0.4918733261356875,0.0,0.0
-2.6439146094567567,-1.0264609660243877,0.4848613505667456,0.0,0.0
-2.6439146094567567,-0.9642512105077583,0.47838447388466887,0.0,0.0
-2.6439146094567567,-0.9020414549911289,0.47241855058113574,0.0,0.0
-2.6439146094567567,-0.8398316994744994,0.4669415114681823,0.0,0.0
-2.6439146094567567,-0.7776219439578695,0.4619332618533683,0.0,0.0
-2.6439146094567567,-0.7154121884412401,0.45737558175467324,0.0,0.0
-2.6439146094567567,-0.6532024329246107,0.4532520303122478,0.0,0.0
-2.6439146094567567,-0.5909926774079808,0.4495478558669129,0.0,0.0
-2.6439146094567567,-0.5287829218913513,0.44624991267283387,0.0,0.0
-2.6439146094567567,-0.4665731663747219,0.4433465848489642,0.0,0.0
-2.6439146094567567,-0.40436341085809246,0.440827717916287,0.0,0.0
-2.6439146094567567,-0.3421536553414626,0.43868455808940354,0.0,0.0
-2.6439146094567567,-0.27994389982483314,0.43690969937181884,0.0,0.0
-2.6439146094567567,-0.2177341443082037,0.43549703842926474,0.0,0.0
-2.6439146094567567,-0.15552438879157382,0.43444173717321755,0.0,0.0
-2.6439146094567567,-0.09331463327494438,0.43374019296871197,0.0,0.0
-2.6439146094567567,-0.03110487775831494,0.43339001638006125,0.0,0.0
-2.6439146094567567,0.031104877758314498,0.43339001638006125,0.0,0.0
-2.6439146094567567,0.09331463327494438,0.43374019296871197,0.0,0.0
-2.6439146094567567,0.15552438879157382,0.43444173717321755,0.0,0.0
-2.6439146094567567,0.21773414430820326,0.43549703842926474,0.0,0.0
-2.6439146094567567,0.2799438998248327,0.4369096993718188,0.0,0.0
-2.6439146094567567,0.3421536553414626,0.43868455808940354,0.0,0.0
-2.6439146094567567,0.404363410858092,0.44082771791628694,0.0,0.0
-2.6439146094567567,0.46657316637472146,0.4433465848489642,0.0,0.0
-2.6439146094567567,0.5287829218913513,0.44624991267283387,0.0,0.0
-2.6439146094567567,0.5909926774079808,0.4495478558669129,0.0,0.0
-2.6439146094567567,0.6532024329246102,0.45325203031224776,0.0,0.0
-2.6439146094567567,0.7154121884412397,0.45737558175467313,0.0,0.0
-2.6439146094567567,0.7776219439578695,0.4619332618533683,0.0,0.0
-2.6439146094567567,0.839831699474499,0.4669415114681823,0.0,0.0
-2.6439146094567567,0.9020414549911289,0.47241855058113574,0.0,0.0
-2.6439146094567567,0.9642512105077579,0.4783844738846688,0.0,0.0
-2.6439146094567567,1.0264609660243877,0.4848613505667456,0.0,0.0
-2.6439146094567567,1.0886707215410176,0.4918733261356875,0.0,0.0
-2.6439146094567567,1.1508804770576466,0.4994467231965802,0.0,0.0
-2.6439146094567567,1.2130902325742765,0.5076101368393008,0.0,0.0
-2.6439146094567567,1.2752999880909055,0.516394518625782,0.0,0.0
-2.6439146094567567,1.3375097436075354,0.525833240942212,0.0,0.0
-2.6439146094567567,1.3997194991241653,0.5359621305455855,0.0,0.0
-2.6439146094567567,1.4619292546407943,0.5468194562744518,0.0,0.0
-2.6439146094567567,1.5241390101574241,0.5584458508500036,0.0,0.0
-2.6439146094567567,1.586348765674054,0.5708841401463177,0.0,0.0
-2.6439146094567567,1.648558521190683,0.5841790448773692,0.0,0.0
-2.6439146094567567,1.710768276707313,0.5983767088998287,0.0,0.0
-2.6439146094567567,1.7729780322239428,0.6135239948042576,0.0,0.0
-2.6439146094567567,1.8351877877405718,0.6296674707367176,0.0,0.0
-2.6439146094567567,1.8973975432572017,0.6468519921847308,0.0,0.0
-2.6439146094567567,1.9596072987738316,0.6651187588712097,0.0,0.0
-2.6439146094567567,2.0218170542904605,0.6845027007559233,0.0,0.0
-2.6439146094567567,2.0840268098070904,0.7050290205945542,0.0,0.0
-2.6439146094567567,2.1462365653237194,0.7267086979106238,0.0,0.0
-2.6439146094567567,2.2084463208403493,0.7495327484372579,0.0,0.0
-2.6439146094567567,2.270656076356979,0.7734650470523938,0.0,0.0
-2.6439146094567567,2.332865831873608,0.7984335808734274,0.0,0.0
-2.6439146094567567,2.395075587390238,0.824320130693022,0.0,0.0
-2.6439146094567567,2.457285342906868,0.8509486192561678,0.0,0.0
-2.6439146094567567,2.519495098423497,0.8780727525958827,0.0,0.0
-2.6439146094567567,2.581704853940127,0.90536414353549,0.0,0.0
-2.6439146094567567,2.6439146094567567,0.9324028352504705,0.0,0.0
-2.6439146094567567,2.7061243649733857,0.9586729506314081,0.0,0.0
-2.6439146094567567,2.7683341204900156,0.9835668689120782,0.0,0.0
-2.6439146094567567,2.8305438760066455,1.0064015125870962,0.0,0.0
-2.6439146094567567,2.8927536315232745,1.026449545712497,0.0,0.0
-2.6439146094567567,2.9549633870399044,1.0429861327200003,0.0,0.0
-2.6439146094567567,3.0171731425565333,1.055348347460443,0.0,0.0
-2.6439146094567567,3.0793828980731632,1.063000014579897,0.0,0.0
-2.581704853940127,-3.141592653589793,1.025756074981023,0.0,0.0
-2.581704853940127,-3.0793828980731637,1.0234441883472023,0.0,0.0
-2.581704853940127,-3.017173142556534,1.016609942735859,0.0,0.0
-2.581704853940127,-2.9549633870399044,1.0055457420884415,0.0,0.0
-2.581704853940127,-2.892753631523275,0.9907020857387311,0.0,0.0
-2.581704853940127,-2.8305438760066455,0.9726405628909152,0.0,0.0
-2.581704853940127,-2.7683341204900156,0.9519816950672663,0.0,0.0
-2.581704853940127,-2.706124364973386,0.9293559946701749,0.0,0.0
-2.581704853940127,-2.6439146094567567,0.90536414353549,0.0,0.0
-2.581704853940127,-2.581704853940127,0.8805490614773606,0.0,0.0
-2.581704853940127,-2.5194950984234974,0.8553798812407659,0.0,0.0
-2.581704853940127,-2.457285342906868,0.8302460303530722,0.0,0.0
-2.581704853940127,-2.395075587390238,0.8054588079442917,0.0,0.0
-2.581704853940127,-2.3328658318736086,0.7812578019831498,0.0,0.0
-2.581704853940127,-2.270656076356979,0.7578198965242092,0.0,0.0
-2.581704853940127,-2.2084463208403498,0.7352691926781902,0.0,0.0
-2.581704853940127,-2.1462365653237203,0.7136867308442477,0.0,0.0
-2.581704853940127,-2.0840268098070904,0.6931193663070887,0.0,0.0
-2.581704853940127,-2.021817054290461,0.6735874903549861,0.0,0.0
-2.581704853940127,-1.9596072987738313,0.6550915144896418,0.0,0.0
-2.581704853940127,-1.897397543257202,0.6376171701405824,0.0,0.0
-2.581704853940127,-1.8351877877405722,0.6211397465754058,0.0,0.0
-2.581704853940127,-1.7729780322239428,0.6056274176824986,0.0,0.0
-2.581704853940127,-1.7107682767073131,0.5910438108181074,0.0,0.0
-2.581704853940127,-1.6485585211906835,0.5773499596118342,0.0,0.0
-2.581704853940127,-1.586348765674054,0.5645057650351633,0.0,0.0
-2.581704853940127,-1.5241390101574244,0.5524710696811854,0.0,0.0
-2.581704853940127,-1.461929254640795,0.5412064315826823,0.0,0.0
-2.581704853940127,-1.3997194991241653,0.530673667227237,0.0,0.0
-2.581704853940127,-1.3375097436075358,0.5208362191589718,0.0,0.0
-2.581704853940127,-1.2752999880909062,0.5116593917033153,0.0,0.0
-2.581704853940127,-1.2130902325742767,0.5031104887128548,0.0,0.0
-2.581704853940127,-1.150880477057647,0.4951588795174664,0.0,0.0
-2.581704853940127,-1.0886707215410176,0.487776013160193,0.0,0.0
-2.581704853940127,-1.0264609660243877,0.4809353962194806,0.0,0.0
-2.581704853940127,-0.9642512105077583,0.47461254580070866,0.0,0.0
-2.581704853940127,-0.9020414549911289,0.46878492640722674,0.0,0.0
-2.581704853940127,-0.8398316994744994,0.46343187719362455,0.0,0.0
-2.581704853940127,-0.7776219439578695,0.4585345344162931,0.0,0.0
-2.581704853940127,-0.7154121884412401,0.4540757526126205,0.0,0.0
-2.581704853940127,-0.6532024329246107,0.45004002706886453,0.0,0.0
-2.581704853940127,-0.5909926774079808,0.4464134194061932,0.0,0.0
-2.581704853940127,-0.5287829218913513,0.44318348756875686,0.0,0.0
-2.581704853940127,-0.4665731663747219,0.4403392210936565,0.0,0.0
-2.581704853940127,-0.40436341085809246,0.4378709822468838,0.0,0.0
-2.581704853940127,-0.3421536553414626,0.4357704533959352,0.0,0.0
-2.581704853940127,-0.27994389982483314,0.43403059083902773,0.0,0.0
-2.581704853940127,-0.2177341443082037,0.4326455852074292,0.0,0.0
-2.581704853940127,-0.15552438879157382,0.43161082848962595,0.0,0.0
-2.581704853940127,-0.09331463327494438,0.43092288768486353,0.0,0.0
-2.581704853940127,-0.03110487775831494,0.4305794850719855,0.0,0.0
-2.581704853940127,0.031104877758314498,0.4305794850719855,0.0,0.0
-2.581704853940127,0.09331463327494438,0.43092288768486353,0.0,0.0
-2.581704853940127,0.15552438879157382,0.43161082848962595,0.0,0.0
-2.581704853940127,0.21773414430820326,0.4326455852074292,0.0,0.0
-2.581704853940127,0.2799438998248327,0.43403059083902773,0.0,0.0
-2.581704853940127,0.3421536553414626,0.4357704533959352,0.0,0.0
-2.581704853940127,0.404363410858092,0.4378709822468838,0.0,0.0
-2.581704853940127,0.46657316637472146,0.4403392210936565,0.0,0.0
-2.581704853940127,0.5287829218913513,0.44318348756875686,0.0,0.0
-2.581704853940127,0.5909926774079808,0.4464134194061932,0.0,0.0
-2.581704853940127,0.6532024329246102,0.4500400270688645,0.0,0.0
-2.581704853940127,0.7154121884412397,0.4540757526126205,0.0,0.0
-2.581704853940127,0.7776219439578695,0.4585345344162931,0.0,0.0
-2.581704853940127,0.839831699474499,0.4634318771936245,0.0,0.0
-2.581704853940127,0.9020414549911289,0.46878492640722674,0.0,0.0
-2.581704853940127,0.9642512105077579,0.4746125458007086,0.0,0.0
-2.581704853940127,1.0264609660243877,0.4809353962194806,0.0,0.0
-2.581704853940127,1.0886707215410176,0.487776013160193,0.0,0.0
-2.581704853940127,1.1508804770576466,0.4951588795174664,0.0,0.0
-2.581704853940127,1.2130902325742765,0.5031104887128547,0.0,0.0
-2.581704853940127,1.2752999880909055,0.5116593917033152,0.0,0.0
-2.581704853940127,1.3375097436075354,0.5208362191589717,0.0,0.0
-2.581704853940127,1.3997194991241653,0.530673667227237,0.0,0.0
-2.581704853940127,1.4619292546407943,0.5412064315826822,0.0,0.0
-2.581704853940127,1.5241390101574241,0.5524710696811853,0.0,0.0
-2.581704853940127,1.586348765674054,0.5645057650351633,0.0,0.0
-2.581704853940127,1.648558521190683,0.5773499596118342,0.0,0.0
-2.581704853940127,1.710768276707313,0.5910438108181074,0.0,0.0
-2.581704853940127,1.7729780322239428,0.6056274176824986,0.0,0.0
-2.581704853940127,1.8351877877405718,0.6211397465754057,0.0,0.0
-2.581704853940127,1.8973975432572017,0.6376171701405823,0.0,0.0
-2.581704853940127,1.9596072987738316,0.6550915144896418,0.0,0.0
-2.581704853940127,2.0218170542904605,0.673587490354986,0.0,0.0
-2.581704853940127,2.0840268098070904,0.6931193663070887,0.0,0.0
-2.581704853940127,2.1462365653237194,0.7136867308442474,0.0,0.0
-2.581704853940127,2.2084463208403493,0.73526919267819,0.0,0.0
-2.581704853940127,2.270656076356979,0.7578198965242092,0.0,0.0
-2.581704853940127,2.332865831873608,0.7812578019831496,0.0,0.0
-2.581704853940127,2.395075587390238,0.8054588079442917,0.0,0.0
-2.581704853940127,2.457285342906868,0.8302460303530722,0.0,0.0
-2.581704853940127,2.519495098423497,0.8553798812407656,0.0,0.0
-2.581704853940127,2.581704853940127,0.8805490614773606,0.0,0.0
-2.581704853940127,2.6439146094567567,0.90536414353549,0.0,0.0
-2.581704853940127,2.7061243649733857,0.9293559946701746,0.0,0.0
-2.581704853940127,2.7683341204900156,0.9519816950672663,0.0,0.0
-2.581704853940127,2.8305438760066455,0.9726405628909152,0.0,0.0
-2.581704853940127,2.8927536315232745,0.9907020857387309,0.0,0.0
-2.581704853940127,2.9549633870399044,1.0055457420884415,0.0,0.0
-2.581704853940127,3.0171731425565333,1.016609942735859,0.0,0.0
-2.581704853940127,3.0793828980731632,1.0234441883472023,0.0,0.0
-2.5194950984234974,-3.141592653589793,0.986562361821162,0.0,0.0
-2.5194950984234974,-3.0793828980731637,0.9845049659600789,0.0,0.0
-2.5194950984234974,-3.017173142556534,0.9784169473458322,0.0,0.0
-2.5194950984234974,-2.9549633870399044,0.9685416522022205,0.0,0.0
-2.5194950984234974,-2.892753631523275,0.9552560175574509,0.0,0.0
-2.5194950984234974,-2.8305438760066455,0.9390336207447851,0.0,0.0
-2.5194950984234974,-2.7683341204900156,0.9204030124699664,0.0,0.0
-2.5194950984234974,-2.706124364973386,0.8999077313454256,0.0,0.0
-2.5194950984234974,-2.6439146094567567,0.8780727525958828,0.0,0.0
-2.5194950984234974,-2.581704853940127,0.8553798812407659,0.0,0.0
-2.5194950984234974,-2.5194950984234974,0.8322525099504249,0.0,0.0
-2.5194950984234974,-2.457285342906868,0.8090486733055567,0.0,0.0
-2.5194950984234974,-2.395075587390238,0.7860605563895458,0.0,0.0
-2.5194950984234974,-2.3328658318736086,0.7635184378992813,0.0,0.0
-2.5194950984234974,-2.270656076356979,0.7415972541537086,0.0,0.0
-2.5194950984234974,-2.2084463208403498,0.7204243570855162,0.0,0.0
-2.5194950984234974,-2.1462365653237203,0.7000874598644804,0.0,0.0
-2.5194950984234974,-2.0840268098070904,0.6806421351235622,0.0,0.0
-2.5194950984234974,-2.021817054290461,0.6621185194331622,0.0,0.0
-2.5194950984234974,-1.9596072987738313,0.644527081176169,0.0,0.0
-2.5194950984234974,-1.897397543257202,0.627863439965395,0.0,0.0
-2.5194950984234974,-1.8351877877405722,0.6121123016810023,0.0,0.0
-2.5194950984234974,-1.7729780322239428,0.5972506107830514,0.0,0.0
-2.5194950984234974,-1.7107682767073131,0.5832500343715686,0.0,0.0
-2.5194950984234974,-1.6485585211906835,0.5700788905602877,0.0,0.0
-2.5194950984234974,-1.586348765674054,0.5577036239827391,0.0,0.0
-2.5194950984234974,-1.5241390101574244,0.5460899180850214,0.0,0.0
-2.5194950984234974,-1.461929254640795,0.5352035199386483,0.0,0.0
-2.5194950984234974,-1.3997194991241653,0.5250108400999336,0.0,0.0
-2.5194950984234974,-1.3375097436075358,0.5154793782603392,0.0,0.0
-2.5194950984234974,-1.2752999880909062,0.5065780153270333,0.0,0.0
-2.5194950984234974,-1.2130902325742767,0.49827720413742643,0.0,0.0
-2.5194950984234974,-1.150880477057647,0.4905490841059198,0.0,0.0
-2.5194950984234974,-1.0886707215410176,0.4833675395298976,0.0,0.0
-2.5194950984234974,-1.0264609660243877,0.47670821683737097,0.0,0.0
-2.5194950984234974,-0.9642512105077583,0.4705485125441019,0.0,0.0
-2.5194950984234974,-0.9020414549911289,0.464867540928787,0.0,0.0
-2.5194950984234974,-0.8398316994744994,0.459646088281737,0.0,0.0
-2.5194950984234974,-0.7776219439578695,0.4548665589111886,0.0,0.0
-2.5194950984234974,-0.7154121884412401,0.45051291680047906,0.0,0.0
-2.5194950984234974,-0.6532024329246107,0.44657062581697665,0.0,0.0
-2.5194950984234974,-0.5909926774079808,0.4430265906146564,0.0,0.0
-2.5194950984234974,-0.5287829218913513,0.43986909979485256,0.0,0.0
-2.5194950984234974,-0.4665731663747219,0.4370877724533185,0.0,0.0
-2.5194950984234974,-0.40436341085809246,0.43467350891440687,0.0,0.0
-2.5194950984234974,-0.3421536553414626,0.4326184462100017,0.0,0.0
-2.5194950984234974,-0.27994389982483314,0.43091591868237583,0.0,0.0
-2.5194950984234974,-0.2177341443082037,0.42956042396124694,0.0,0.0
-2.5194950984234974,-0.15552438879157382,0.42854759447415863,0.0,0.0
-2.5194950984234974,-0.09331463327494438,0.42787417458667903,0.0,0.0
-2.5194950984234974,-0.03110487775831494,0.4275380034274934,0.0,0.0
-2.5194950984234974,0.031104877758314498,0.4275380034274934,0.0,0.0
-2.5194950984234974,0.09331463327494438,0.42787417458667903,0.0,0.0
-2.5194950984234974,0.15552438879157382,0.42854759447415863,0.0,0.0
-2.5194950984234974,0.21773414430820326,0.42956042396124694,0.0,0.0
-2.5194950984234974,0.2799438998248327,0.43091591868237583,0.0,0.0
-2.5194950984234974,0.3421536553414626,0.4326184462100017,0.0,0.0
-2.5194950984234974,0.404363410858092,0.43467350891440676,0.0,0.0
-2.5194950984234974,0.46657316637472146,0.4370877724533185,0.0,0.0
-2.5194950984234974,0.5287829218913513,0.43986909979485256,0.0,0.0
-2.5194950984234974,0.5909926774079808,0.4430265906146564,0.0,0.0
-2.5194950984234974,0.6532024329246102,0.4465706258169766,0.0,0.0
-2.5194950984234974,0.7154121884412397,0.450512916800479,0.0,0.0
-2.5194950984234974,0.7776219439578695,0.4548665589111886,0.0,0.0
-2.5194950984234974,0.839831699474499,0.45964608828173686,0.0,0.0
-2.5194950984234974,0.9020414549911289,0.464867540928787,0.0,0.0
-2.5194950984234974,0.9642512105077579,0.4705485125441018,0.0,0.0
-2.5194950984234974,1.0264609660243877,0.47670821683737097,0.0,0.0
-2.5194950984234974,1.0886707215410176,0.4833675395298976,0.0,0.0
-2.5194950984234974,1.1508804770576466,0.4905490841059198,0.0,0.0
-2.5194950984234974,1.2130902325742765,0.4982772041374263,0.0,0.0
-2.5194950984234974,1.2752999880909055,0.5065780153270333,0.0,0.0
-2.5194950984234974,1.3375097436075354,0.5154793782603391,0.0,0.0
-2.5194950984234974,1.3997194991241653,0.5250108400999336,0.0,0.0
-2.5194950984234974,1.4619292546407943,0.5352035199386482,0.0,0.0
-2.5194950984234974,1.5241390101574241,0.5460899180850214,0.0,0.0
-2.5194950984234974,1.586348765674054,0.5577036239827391,0.0,0.0
-2.5194950984234974,1.648558521190683,0.5700788905602877,0.0,0.0
-2.5194950984234974,1.710768276707313,0.5832500343715686,0.0,0.0
-2.5194950984234974,1.7729780322239428,0.5972506107830514,0.0,0.0
-2.5194950984234974,1.8351877877405718,0.6121123016810023,0.0,0.0
-2.5194950984234974,1.8973975432572017,0.627863439965395,0.0,0.0
-2.5194950984234974,1.9596072987738316,0.6445270811761691,0.0,0.0
-2.5194950984234974,2.0218170542904605,0.662118519433162,0.0,0.0
-2.5194950984234974,2.0840268098070904,0.6806421351235622,0.0,0.0
-2.5194950984234974,2.1462365653237194,0.7000874598644803,0.0,0.0
-2.5194950984234974,2.2084463208403493,0.7204243570855161,0.0,0.0
-2.5194950984234974,2.270656076356979,0.7415972541537086,0.0,0.0
-2.5194950984234974,2.332865831873608,0.7635184378992812,0.0,0.0
-2.5194950984234974,2.395075587390238,0.7860605563895458,0.0,0.0
-2.5194950984234974,2.457285342906868,0.8090486733055567,0.0,0.0
-2.5194950984234974,2.519495098423497,0.8322525099504248,0.0,0.0
-2.5194950984234974,2.581704853940127,0.8553798812407659,0.0,0.0
-2.5194950984234974,2.6439146094567567,0.8780727525958828,0.0,0.0
-2.5194950984234974,2.7061243649733857,0.8999077313454253,0.0,0.0
-2.5194950984234974,2.7683341204900156,0.9204030124699664,0.0,0.0
-2.5194950984234974,2.8305438760066455,0.9390336207447851,0.0,0.0
-2.5194950984234974,2.8927536315232745,0.9552560175574507,0.0,0.0
-2.5194950984234974,2.9549633870399044,0.9685416522022205,0.0,0.0
-2.5194950984234974,3.0171731425565333,0.978416947345832,0.0,0.0
-2.5194950984234974,3.0793828980731632,0.9845049659600789,0.0,0.0
-2.457285342906868,-3.141592653589793,0.9485477669945613,0.0,0.0
-2.457285342906868,-3.0793828980731637,0.9467187216489362,0.0,0.0
-2.457285342906868,-3.017173142556534,0.9413013587053946,0.0,0.0
-2.457285342906868,-2.9549633870399044,0.9324979206875869,0.0,0.0
-2.457285342906868,-2.892753631523275,0.9206232564401937,0.0,0.0
-2.457285342906868,-2.8305438760066455,0.9060758512884443,0.0,0.0
-2.457285342906868,-2.7683341204900156,0.88930466378033,0.0,0.0
-2.457285342906868,-2.706124364973386,0.870776630342703,0.0,0.0
-2.457285342906868,-2.6439146094567567,0.8509486192561678,0.0,0.0
-2.457285342906868,-2.581704853940127,0.8302460303530722,0.0,0.0
-2.457285342906868,-2.5194950984234974,0.8090486733055567,0.0,0.0
-2.457285342906868,-2.457285342906868,0.7876833650640589,0.0,0.0
-2.457285342906868,-2.395075587390238,0.7664219913163779,0.0,0.0
-2.457285342906868,-2.3328658318736086,0.7454835306425305,0.0,0.0
-2.457285342906868,-2.270656076356979,0.7250386108966302,0.0,0.0
-2.457285342906868,-2.2084463208403498,0.7052154111118647,0.0,0.0
-2.457285342906868,-2.1462365653237203,0.686106024351448,0.0,0.0
-2.457285342906868,-2.0840268098070904,0.6677726847565951,0.0,0.0
-2.457285342906868,-2.021817054290461,0.6502534998446078,0.0,0.0
-2.457285342906868,-1.9596072987738313,0.6335675067501743,0.0,0.0
-2.457285342906868,-1.897397543257202,0.6177189929099515,0.0,0.0
-2.457285342906868,-1.8351877877405722,0.6027010982342523,0.0,0.0
-2.457285342906868,-1.7729780322239428,0.588498758883235,0.0,0.0
-2.457285342906868,-1.7107682767073131,0.5750910728661839,0.0,0.0
-2.457285342906868,-1.6485585211906835,0.5624531730983562,0.0,0.0
-2.457285342906868,-1.586348765674054,0.5505576903118814,0.0,0.0
-2.457285342906868,-1.5241390101574244,0.5393758804408858,0.0,0.0
-2.457285342906868,-1.461929254640795,0.5288784814326435,0.0,0.0
-2.457285342906868,-1.3997194991241653,0.5190363544718284,0.0,0.0
-2.457285342906868,-1.3375097436075358,0.5098209552289055,0.0,0.0
-2.457285342906868,-1.2752999880909062,0.501204672384169,0.0,0.0
-2.457285342906868,-1.2130902325742767,0.49316106348458455,0.0,0.0
-2.457285342906868,-1.150880477057647,0.4856650121503456,0.0,0.0
-2.457285342906868,-1.0886707215410176,0.47869282566763255,0.0,0.0
-2.457285342906868,-1.0264609660243877,0.47222228795323695,0.0,0.0
-2.457285342906868,-0.9642512105077583,0.46623267961667336,0.0,0.0
-2.457285342906868,-0.9020414549911289,0.4607047742438068,0.0,0.0
-2.457285342906868,-0.8398316994744994,0.45562081796415027,0.0,0.0
-2.457285342906868,-0.7776219439578695,0.45096449773934916,0.0,0.0
-2.457285342906868,-0.7154121884412401,0.446720902536766,0.0,0.0
-2.457285342906868,-0.6532024329246107,0.44287648055834417,0.0,0.0
-2.457285342906868,-0.5909926774079808,0.4394189949230653,0.0,0.0
-2.457285342906868,-0.5287829218913513,0.4363374796045609,0.0,0.0
-2.457285342906868,-0.4665731663747219,0.4336221969663422,0.0,0.0
-2.457285342906868,-0.40436341085809246,0.43126459788588495,0.0,0.0
-2.457285342906868,-0.3421536553414626,0.42925728519178685,0.0,0.0
-2.457285342906868,-0.27994389982483314,0.4275939809367493,0.0,0.0
-2.457285342906868,-0.2177341443082037,0.4262694978784183,0.0,0.0
-2.457285342906868,-0.15552438879157382,0.42527971542850584,0.0,0.0
-2.457285342906868,-0.09331463327494438,0.42462156024881964,0.0,0.0
-2.457285342906868,-0.03110487775831494,0.4242929916134531,0.0,0.0
-2.457285342906868,0.031104877758314498,0.4242929916134531,0.0,0.0
-2.457285342906868,0.09331463327494438,0.42462156024881964,0.0,0.0
-2.457285342906868,0.15552438879157382,0.42527971542850584,0.0,0.0
-2.457285342906868,0.21773414430820326,0.4262694978784183,0.0,0.0
-2.457285342906868,0.2799438998248327,0.42759398093674933,0.0,0.0
-2.457285342906868,0.3421536553414626,0.42925728519178685,0.0,0.0
-2.457285342906868,0.404363410858092,0.43126459788588495,0.0,0.0
-2.457285342906868,0.46657316637472146,0.4336221969663422,0.0,0.0
-2.457285342906868,0.5287829218913513,0.4363374796045609,0.0,0.0
-2.457285342906868,0.5909926774079808,0.4394189949230653,0.0,0.0
-2.457285342906868,0.6532024329246102,0.44287648055834405,0.0,0.0
-2.457285342906868,0.7154121884412397,0.446720902536766,0.0,0.0
-2.457285342906868,0.7776219439578695,0.45096449773934916,0.0,0.0
-2.457285342906868,0.839831699474499,0.45562081796415027,0.0,0.0
-2.457285342906868,0.9020414549911289,0.4607047742438068,0.0,0.0
-2.457285342906868,0.9642512105077579,0.46623267961667336,0.0,0.0
-2.457285342906868,1.0264609660243877,0.47222228795323695,0.0,0.0
-2.457285342906868,1.0886707215410176,0.47869282566763255,0.0,0.0
-2.457285342906868,1.1508804770576466,0.4856650121503456,0.0,0.0
-2.457285342906868,1.2130902325742765,0.4931610634845845,0.0,0.0
-2.457285342906868,1.2752999880909055,0.5012046723841689,0.0,0.0
-2.457285342906868,1.3375097436075354,0.5098209552289055,0.0,0.0
-2.457285342906868,1.3997194991241653,0.5190363544718284,0.0,0.0
-2.457285342906868,1.4619292546407943,0.5288784814326434,0.0,0.0
-2.457285342906868,1.5241390101574241,0.5393758804408858,0.0,0.0
-2.457285342906868,1.586348765674054,0.5505576903118814,0.0,0.0
-2.457285342906868,1.648558521190683,0.5624531730983561,0.0,0.0
-2.457285342906868,1.710768276707313,0.5750910728661839,0.0,0.0
-2.457285342906868,1.7729780322239428,0.588498758883235,0.0,0.0
-2.457285342906868,1.8351877877405718,0.6027010982342522,0.0,0.0
-2.457285342906868,1.8973975432572017,0.6177189929099514,0.0,0.0
-2.457285342906868,1.9596072987738316,0.6335675067501743,0.0,0.0
-2.457285342906868,2.0218170542904605,0.6502534998446077,0.0,0.0
-2.457285342906868,2.0840268098070904,0.6677726847565951,0.0,0.0
-2.457285342906868,2.1462365653237194,0.6861060243514477,0.0,0.0
-2.457285342906868,2.2084463208403493,0.7052154111118646,0.0,0.0
-2.457285342906868,2.270656076356979,0.7250386108966302,0.0,0.0
-2.457285342906868,2.332865831873608,0.7454835306425304,0.0,0.0
-2.457285342906868,2.395075587390238,0.7664219913163779,0.0,0.0
-2.457285342906868,2.457285342906868,0.7876833650640589,0.0,0.0
-2.457285342906868,2.519495098423497,0.8090486733055565,0.0,0.0
-2.457285342906868,2.581704853940127,0.8302460303530722,0.0,0.0
-2.457285342906868,2.6439146094567567,0.8509486192561678,0.0,0.0
-2.457285342906868,2.7061243649733857,0.8707766303427028,0.0,0.0
-2.457285342906868,2.7683341204900156,0.88930466378033,0.0,0.0
-2.457285342906868,2.8305438760066455,0.9060758512884443,0.0,0.0
-2.457285342906868,2.8927536315232745,0.9206232564401935,0.0,0.0
-2.457285342906868,2.9549633870399044,0.9324979206875869,0.0,0.0
-2.457285342906868,3.0171731425565333,0.9413013587053946,0.0,0.0
-2.457285342906868,3.0793828980731632,0.9467187216489362,0.0,0.0
-2.395075587390238,-3.141592653589793,0.9120761888499761,0.0,0.0
-2.395075587390238,-3.0793828980731637,0.9104497606314391,0.0,0.0
-2.395075587390238,-3.017173142556534,0.9056283655813525,0.0,0.0
-2.395075587390238,-2.9549633870399044,0.8977801989740376,0.0,0.0
-2.395075587390238,-2.892753631523275,0.8871683285732872,0.0,0.0
-2.395075587390238,-2.8305438760066455,0.8741279790282335,0.0,0.0
-2.395075587390238,-2.7683341204900156,0.8590401638768262,0.0,0.0
-2.395075587390238,-2.706124364973386,0.8423053487373412,0.0,0.0
-2.395075587390238,-2.6439146094567567,0.824320130693022,0.0,0.0
-2.395075587390238,-2.581704853940127,0.8054588079442917,0.0,0.0
-2.395075587390238,-2.5194950984234974,0.7860605563895458,0.0,0.0
-2.395075587390238,-2.457285342906868,0.7664219913163779,0.0,0.0
-2.395075587390238,-2.395075587390238,0.7467942916067154,0.0,0.0
-2.395075587390238,-2.3328658318736086,0.7273837947487299,0.0,0.0
-2.395075587390238,-2.270656076356979,0.708354955598018,0.0,0.0
-2.395075587390238,-2.2084463208403498,0.6898347015501767,0.0,0.0
-2.395075587390238,-2.1462365653237203,0.6719174251659578,0.0,0.0
-2.395075587390238,-2.0840268098070904,0.6546700718741568,0.0,0.0
-2.395075587390238,-2.021817054290461,0.6381369709576289,0.0,0.0
-2.395075587390238,-1.9596072987738313,0.6223442085743128,0.0,0.0
-2.395075587390238,-1.897397543257202,0.6073034508272622,0.0,0.0
-2.395075587390238,-1.8351877877405722,0.5930151982225721,0.0,0.0
-2.395075587390238,-1.7729780322239428,0.5794714979793608,0.0,0.0
-2.395075587390238,-1.7107682767073131,0.5666581652952958,0.0,0.0
-2.395075587390238,-1.6485585211906835,0.5545565753890763,0.0,0.0
-2.395075587390238,-1.586348765674054,0.5431450900161257,0.0,0.0
-2.395075587390238,-1.5241390101574244,0.5324001788517079,0.0,0.0
-2.395075587390238,-1.461929254640795,0.5222972901551564,0.0,0.0
-2.395075587390238,-1.3997194991241653,0.5128115180807862,0.0,0.0
-2.395075587390238,-1.3375097436075358,0.503918106861789,0.0,0.0
-2.395075587390238,-1.2752999880909062,0.49559282540779176,0.0,0.0
-2.395075587390238,-1.2130902325742767,0.4878122398894993,0.0,0.0
-2.395075587390238,-1.150880477057647,0.4805539067263978,0.0,0.0
-2.395075587390238,-1.0886707215410176,0.47379650403676404,0.0,0.0
-2.395075587390238,-1.0264609660243877,0.4675199159905673,0.0,0.0
-2.395075587390238,-0.9642512105077583,0.46170528153875157,0.0,0.0
-2.395075587390238,-0.9020414549911289,0.45633501658390513,0.0,0.0
-2.395075587390238,-0.8398316994744994,0.4513928167180327,0.0,0.0
-2.395075587390238,-0.7776219439578695,0.4468636461019472,0.0,0.0
-2.395075587390238,-0.7154121884412401,0.4427337168269682,0.0,0.0
-2.395075587390238,-0.6532024329246107,0.4389904621230169,0.0,0.0
-2.395075587390238,-0.5909926774079808,0.4356225060076229,0.0,0.0
-2.395075587390238,-0.5287829218913513,0.4326196313664941,0.0,0.0
-2.395075587390238,-0.4665731663747219,0.4299727479843977,0.0,0.0
-2.395075587390238,-0.40436341085809246,0.4276738616779102,0.0,0.0
-2.395075587390238,-0.3421536553414626,0.4257160453971116,0.0,0.0
-2.395075587390238,-0.27994389982483314,0.4240934129439166,0.0,0.0
-2.395075587390238,-0.2177341443082037,0.42280109578631025,0.0,0.0
-2.395075587390238,-0.15552438879157382,0.42183522331896645,0.0,0.0
-2.395075587390238,-0.09331463327494438,0.42119290682247096,0.0,0.0
-2.395075587390238,-0.03110487775831494,0.4208722272982459,0.0,0.0
-2.395075587390238,0.031104877758314498,0.4208722272982459,0.0,0.0
-2.395075587390238,0.09331463327494438,0.42119290682247096,0.0,0.0
-2.395075587390238,0.15552438879157382,0.42183522331896645,0.0,0.0
-2.395075587390238,0.21773414430820326,0.42280109578631025,0.0,0.0
-2.395075587390238,0.2799438998248327,0.4240934129439166,0.0,0.0
-2.395075587390238,0.3421536553414626,0.4257160453971116,0.0,0.0
-2.395075587390238,0.404363410858092,0.42767386167791016,0.0,0.0
-2.395075587390238,0.46657316637472146,0.4299727479843977,0.0,0.0
-2.395075587390238,0.5287829218913513,0.4326196313664941,0.0,0.0
-2.395075587390238,0.5909926774079808,0.4356225060076229,0.0,0.0
-2.395075587390238,0.6532024329246102,0.4389904621230169,0.0,0.0
-2.395075587390238,0.7154121884412397,0.4427337168269682,0.0,0.0
-2.395075587390238,0.7776219439578695,0.4468636461019472,0.0,0.0
-2.395075587390238,0.839831699474499,0.4513928167180327,0.0,0.0
-2.395075587390238,0.9020414549911289,0.45633501658390513,0.0,0.0
-2.395075587390238,0.9642512105077579,0.4617052815387515,0.0,0.0
-2.395075587390238,1.0264609660243877,0.4675199159905673,0.0,0.0
-2.395075587390238,1.0886707215410176,0.47379650403676404,0.0,0.0
-2.395075587390238,1.1508804770576466,0.4805539067263978,0.0,0.0
-2.395075587390238,1.2130902325742765,0.4878122398894992,0.0,0.0
-2.395075587390238,1.2752999880909055,0.49559282540779165,0.0,0.0
-2.395075587390238,1.3375097436075354,0.5039181068617888,0.0,0.0
-2.395075587390238,1.3997194991241653,0.5128115180807862,0.0,0.0
-2.395075587390238,1.4619292546407943,0.5222972901551562,0.0,0.0
-2.395075587390238,1.5241390101574241,0.5324001788517079,0.0,0.0
-2.395075587390238,1.586348765674054,0.5431450900161257,0.0,0.0
-2.395075587390238,1.648558521190683,0.5545565753890762,0.0,0.0
-2.395075587390238,1.710768276707313,0.5666581652952958,0.0,0.0
-2.395075587390238,1.7729780322239428,0.5794714979793608,0.0,0.0
-2.395075587390238,1.8351877877405718,0.5930151982225719,0.0,0.0
-2.395075587390238,1.8973975432572017,0.6073034508272621,0.0,0.0
-2.395075587390238,1.9596072987738316,0.6223442085743128,0.0,0.0
-2.395075587390238,2.0218170542904605,0.6381369709576289,0.0,0.0
-2.395075587390238,2.0840268098070904,0.6546700718741568,0.0,0.0
-2.395075587390238,2.1462365653237194,0.6719174251659576,0.0,0.0
-2.395075587390238,2.2084463208403493,0.6898347015501766,0.0,0.0
-2.395075587390238,2.270656076356979,0.708354955598018,0.0,0.0
-2.395075587390238,2.332865831873608,0.7273837947487297,0.0,0.0
-2.395075587390238,2.395075587390238,0.7467942916067154,0.0,0.0
-2.395075587390238,2.457285342906868,0.7664219913163779,0.0,0.0
-2.395075587390238,2.519495098423497,0.7860605563895456,0.0,0.0
-2.395075587390238,2.581704853940127,0.8054588079442917,0.0,0.0
-2.395075587390238,2.6439146094567567,0.824320130693022,0.0,0.0
-2.395075587390238,2.7061243649733857,0.8423053487373412,0.0,0.0
-2.395075587390238,2.7683341204900156,0.8590401638768262,0.0,0.0
-2.395075587390238,2.8305438760066455,0.8741279790282335,0.0,0.0
-2.395075587390238,2.8927536315232745,0.887168328573287,0.0,0.0
-2.395075587390238,2.9549633870399044,0.8977801989740376,0.0,0.0
-2.395075587390238,3.0171731425565333,0.9056283655813525,0.0,0.0
-2.395075587390238,3.0793828980731632,0.9104497606314391,0.0,0.0
-2.3328658318736086,-3.141592653589793,0.877373045716399,0.0,0.0
-2.3328658318736086,-3.0793828980731637,0.8759250039542602,0.0,0.0
-2.3328658318736086,-3.017173142556534,0.8716290279677312,0.0,0.0
-2.3328658318736086,-2.9549633870399044,0.8646253174994,0.0,0.0
-2.3328658318736086,-2.892753631523275,0.8551340945215935,0.0,0.0
-2.3328658318736086,-2.8305438760066455,0.8434377500682558,0.0,0.0
-2.3328658318736086,-2.7683341204900156,0.8298598545447569,0.0,0.0
-2.3328658318736086,-2.706124364973386,0.8147438229693746,0.0,0.0
-2.3328658318736086,-2.6439146094567567,0.7984335808734275,0.0,0.0
-2.3328658318736086,-2.581704853940127,0.7812578019831498,0.0,0.0
-2.3328658318736086,-2.5194950984234974,0.7635184378992813,0.0,0.0
-2.3328658318736086,-2.457285342906868,0.7454835306425305,0.0,0.0
-2.3328658318736086,-2.395075587390238,0.7273837947487299,0.0,0.0
-2.3328658318736086,-2.3328658318736086,0.7094121918481313,0.0,0.0
-2.3328658318736086,-2.270656076356979,0.6917256551370703,0.0,0.0
-2.3328658318736086,-2.2084463208403498,0.6744481885151917,0.0,0.0
-2.3328658318736086,-2.1462365653237203,0.6576747021524575,0.0,0.0
-2.3328658318736086,-2.0840268098070904,0.6414751044775983,0.0,0.0
-2.3328658318736086,-2.021817054290461,0.625898319502338,0.0,0.0
-2.3328658318736086,-1.9596072987738313,0.6109760227232339,0.0,0.0
-2.3328658318736086,-1.897397543257202,0.5967259839551458,0.0,0.0
-2.3328658318736086,-1.8351877877405722,0.5831549729877644,0.0,0.0
-2.3328658318736086,-1.7729780322239428,0.5702612284846907,0.0,0.0
-2.3328658318736086,-1.7107682767073131,0.5580365174181702,0.0,0.0
-2.3328658318736086,-1.6485585211906835,0.5464678265359908,0.0,0.0
-2.3328658318736086,-1.586348765674054,0.5355387330068572,0.0,0.0
-2.3328658318736086,-1.5241390101574244,0.525230501629618,0.0,0.0
-2.3328658318736086,-1.461929254640795,0.5155229530792695,0.0,0.0
-2.3328658318736086,-1.3997194991241653,0.506395143139857,0.0,0.0
-2.3328658318736086,-1.3375097436075358,0.49782588773934533,0.0,0.0
-2.3328658318736086,-1.2752999880909062,0.48979416346319177,0.0,0.0
-2.3328658318736086,-1.2130902325742767,0.4822794084242081,0.0,0.0
-2.3328658318736086,-1.150880477057647,0.47526174407410204,0.0,0.0
-2.3328658318736086,-1.0886707215410176,0.4687221348151902,0.0,0.0
-2.3328658318736086,-1.0264609660243877,0.46264249910290345,0.0,0.0
-2.3328658318736086,-0.9642512105077583,0.4570057830795252,0.0,0.0
-2.3328658318736086,-0.9020414549911289,0.45179600558944794,0.0,0.0
-2.3328658318736086,-0.8398316994744994,0.44699828163362076,0.0,0.0
-2.3328658318736086,-0.7776219439578695,0.4425988298649435,0.0,0.0
-2.3328658318736086,-0.7154121884412401,0.4385849685514261,0.0,0.0
-2.3328658318736086,-0.6532024329246107,0.4349451034908338,0.0,0.0
-2.3328658318736086,-0.5909926774079808,0.43166871060703305,0.0,0.0
-2.3328658318736086,-0.5287829218913513,0.4287463153587276,0.0,0.0
-2.3328658318736086,-0.4665731663747219,0.4261694706160283,0.0,0.0
-2.3328658318736086,-0.40436341085809246,0.42393073428490763,0.0,0.0
-2.3328658318736086,-0.3421536553414626,0.42202364766398676,0.0,0.0
-2.3328658318736086,-0.27994389982483314,0.42044271528600075,0.0,0.0
-2.3328658318736086,-0.2177341443082037,0.41918338681439105,0.0,0.0
-2.3328658318736086,-0.15552438879157382,0.4182420414230148,0.0,0.0
-2.3328658318736086,-0.09331463327494438,0.41761597497512526,0.0,0.0
-2.3328658318736086,-0.03110487775831494,0.4173033902293488,0.0,0.0
-2.3328658318736086,0.031104877758314498,0.4173033902293488,0.0,0.0
-2.3328658318736086,0.09331463327494438,0.41761597497512526,0.0,0.0
-2.3328658318736086,0.15552438879157382,0.4182420414230148,0.0,0.0
-2.3328658318736086,0.21773414430820326,0.41918338681439105,0.0,0.0
-2.3328658318736086,0.2799438998248327,0.4204427152860007,0.0,0.0
-2.3328658318736086,0.3421536553414626,0.42202364766398676,0.0,0.0
-2.3328658318736086,0.404363410858092,0.4239307342849076,0.0,0.0
-2.3328658318736086,0.46657316637472146,0.42616947061602833,0.0,0.0
-2.3328658318736086,0.5287829218913513,0.4287463153587276,0.0,0.0
-2.3328658318736086,0.5909926774079808,0.43166871060703305,0.0,0.0
-2.3328658318736086,0.6532024329246102,0.43494510349083376,0.0,0.0
-2.3328658318736086,0.7154121884412397,0.4385849685514261,0.0,0.0
-2.3328658318736086,0.7776219439578695,0.4425988298649435,0.0,0.0
-2.3328658318736086,0.839831699474499,0.44699828163362076,0.0,0.0
-2.3328658318736086,0.9020414549911289,0.45179600558944794,0.0,0.0
-2.3328658318736086,0.9642512105077579,0.45700578307952516,0.0,0.0
-2.3328658318736086,1.0264609660243877,0.46264249910290345,0.0,0.0
-2.3328658318736086,1.0886707215410176,0.4687221348151902,0.0,0.0
-2.3328658318736086,1.1508804770576466,0.47526174407410204,0.0,0.0
-2.3328658318736086,1.2130902325742765,0.482279408424208,0.0,0.0
-2.3328658318736086,1.2752999880909055,0.48979416346319166,0.0,0.0
-2.3328658318736086,1.3375097436075354,0.4978258877393453,0.0,0.0
-2.3328658318736086,1.3997194991241653,0.506395143139857,0.0,0.0
-2.3328658318736086,1.4619292546407943,0.5155229530792695,0.0,0.0
-2.3328658318736086,1.5241390101574241,0.5252305016296179,0.0,0.0
-2.3328658318736086,1.586348765674054,0.5355387330068572,0.0,0.0
-2.3328658318736086,1.648558521190683,0.5464678265359907,0.0,0.0
-2.3328658318736086,1.710768276707313,0.5580365174181702,0.0,0.0
-2.3328658318736086,1.7729780322239428,0.5702612284846907,0.0,0.0
-2.3328658318736086,1.8351877877405718,0.5831549729877643,0.0,0.0
-2.3328658318736086,1.8973975432572017,0.5967259839551458,0.0,0.0
-2.3328658318736086,1.9596072987738316,0.6109760227232339,0.0,0.0
-2.3328658318736086,2.0218170542904605,0.6258983195023379,0.0,0.0
-2.3328658318736086,2.0840268098070904,0.6414751044775983,0.0,0.0
-2.3328658318736086,2.1462365653237194,0.6576747021524574,0.0,0.0
-2.3328658318736086,2.2084463208403493,0.6744481885151916,0.0,0.0
-2.3328658318736086,2.270656076356979,0.6917256551370703,0.0,0.0
-2.3328658318736086,2.332865831873608,0.7094121918481312,0.0,0.0
-2.3328658318736086,2.395075587390238,0.7273837947487299,0.0,0.0
-2.3328658318736086,2.457285342906868,0.7454835306425305,0.0,0.0
-2.3328658318736086,2.519495098423497,0.7635184378992812,0.0,0.0
-2.3328658318736086,2.581704853940127,0.7812578019831498,0.0,0.0
-2.3328658318736086,2.6439146094567567,0.7984335808734275,0.0,0.0
-2.3328658318736086,2.7061243649733857,0.8147438229693745,0.0,0.0
-2.3328658318736086,2.7683341204900156,0.8298598545447569,0.0,0.0
-2.3328658318736086,2.8305438760066455,0.8434377500682558,0.0,0.0
-2.3328658318736086,2.8927536315232745,0.8551340945215934,0.0,0.0
-2.3328658318736086,2.9549633870399044,0.8646253174994,0.0,0.0
-2.3328658318736086,3.0171731425565333,0.8716290279677312,0.0,0.0
-2.3328658318736086,3.0793828980731632,0.87592500395426,0.0,0.0
-2.270656076356979,-3.141592653589793,0.8445581878556724,0.0,0.0
-2.270656076356979,-3.0793828980731637,0.8432663861933596,0.0,0.0
-2.270656076356979,-3.017173142556534,0.8394311780134016,0.0,0.0
-2.270656076356979,-2.9549633870399044,0.8331698395831474,0.0,0.0
-2.270656076356979,-2.892753631523275,0.8246673070913277,0.0,0.0
-2.270656076356979,-2.8305438760066455,0.8141620879296121,0.0,0.0
-2.270656076356979,-2.7683341204900156,0.8019295031629139,0.0,0.0
-2.270656076356979,-2.706124364973386,0.7882643817839384,0.0,0.0
-2.270656076356979,-2.6439146094567567,0.7734650470523938,0.0,0.0
-2.270656076356979,-2.581704853940127,0.7578198965242092,0.0,0.0
-2.270656076356979,-2.5194950984234974,0.7415972541537086,0.0,0.0
-2.270656076356979,-2.457285342906868,0.7250386108966302,0.0,0.0
-2.270656076356979,-2.395075587390238,0.708354955598018,0.0,0.0
-2.270656076356979,-2.3328658318736086,0.6917256551370703,0.0,0.0
-2.270656076356979,-2.270656076356979,0.6752992519619215,0.0,0.0
-2.270656076356979,-2.2084463208403498,0.6591955665437655,0.0,0.0
-2.270656076356979,-2.1462365653237203,0.6435085767915031,0.0,0.0
-2.270656076356979,-2.0840268098070904,0.6283096585356083,0.0,0.0
-2.270656076356979,-2.021817054290461,0.6136508848420262,0.0,0.0
-2.270656076356979,-1.9596072987738313,0.59956818228387,0.0,0.0
-2.270656076356979,-1.897397543257202,0.58608422303459,0.0,0.0
-2.270656076356979,-1.8351877877405722,0.5732109919459057,0.0,0.0
-2.270656076356979,-1.7729780322239428,0.5609520098524118,0.0,0.0
-2.270656076356979,-1.7107682767073131,0.5493042216590875,0.0,0.0
-2.270656076356979,-1.6485585211906835,0.5382595739328395,0.0,0.0
-2.270656076356979,-1.586348765674054,0.5278063149501034,0.0,0.0
-2.270656076356979,-1.5241390101574244,0.5179300530509328,0.0,0.0
-2.270656076356979,-1.461929254640795,0.5086146086849186,0.0,0.0
-2.270656076356979,-1.3997194991241653,0.49984269311862906,0.0,0.0
-2.270656076356979,-1.3375097436075358,0.49159644337420205,0.0,0.0
-2.270656076356979,-1.2752999880909062,0.4838578392133536,0.0,0.0
-2.270656076356979,-1.2130902325742767,0.4766090242569738,0.0,0.0
-2.270656076356979,-1.150880477057647,0.46983254985703743,0.0,0.0
-2.270656076356979,-1.0886707215410176,0.46351155722329346,0.0,0.0
-2.270656076356979,-1.0264609660243877,0.45762991059037794,0.0,0.0
-2.270656076356979,-0.9642512105077583,0.4521722918876945,0.0,0.0
-2.270656076356979,-0.9020414549911289,0.4471242654172436,0.0,0.0
-2.270656076356979,-0.8398316994744994,0.4424723194149695,0.0,0.0
-2.270656076356979,-0.7776219439578695,0.43820389002671944,0.0,0.0
-2.270656076356979,-0.7154121884412401,0.43430737212892645,0.0,0.0
-2.270656076356979,-0.6532024329246107,0.4307721205280013,0.0,0.0
-2.270656076356979,-0.5909926774079808,0.4275884443467564,0.0,0.0
-2.270656076356979,-0.5287829218913513,0.4247475968210793,0.0,0.0
-2.270656076356979,-0.4665731663747219,0.4222417622600377,0.0,0.0
-2.270656076356979,-0.40436341085809246,0.42006404154617183,0.0,0.0
-2.270656076356979,-0.3421536553414626,0.41820843725200607,0.0,0.0
-2.270656076356979,-0.27994389982483314,0.41666983920898265,0.0,0.0
-2.270656076356979,-0.2177341443082037,0.4154440111738212,0.0,0.0
-2.270656076356979,-0.15552438879157382,0.41452757908466087,0.0,0.0
-2.270656076356979,-0.09331463327494438,0.4139180212768772,0.0,0.0
-2.270656076356979,-0.03110487775831494,0.4136136609292416,0.0,0.0
-2.270656076356979,0.031104877758314498,0.4136136609292416,0.0,0.0
-2.270656076356979,0.09331463327494438,0.4139180212768772,0.0,0.0
-2.270656076356979,0.15552438879157382,0.41452757908466087,0.0,0.0
-2.270656076356979,0.21773414430820326,0.4154440111738212,0.0,0.0
-2.270656076356979,0.2799438998248327,0.41666983920898265,0.0,0.0
-2.270656076356979,0.3421536553414626,0.41820843725200607,0.0,0.0
-2.270656076356979,0.404363410858092,0.42006404154617183,0.0,0.0
-2.270656076356979,0.46657316637472146,0.42224176226003773,0.0,0.0
-2.270656076356979,0.5287829218913513,0.4247475968210793,0.0,0.0
-2.270656076356979,0.5909926774079808,0.4275884443467564,0.0,0.0
-2.270656076356979,0.6532024329246102,0.43077212052800123,0.0,0.0
-2.270656076356979,0.7154121884412397,0.4343073721289264,0.0,0.0
-2.270656076356979,0.7776219439578695,0.43820389002671944,0.0,0.0
-2.270656076356979,0.839831699474499,0.44247231941496945,0.0,0.0
-2.270656076356979,0.9020414549911289,0.4471242654172436,0.0,0.0
-2.270656076356979,0.9642512105077579,0.45217229188769437,0.0,0.0
-2.270656076356979,1.0264609660243877,0.45762991059037794,0.0,0.0
-2.270656076356979,1.0886707215410176,0.46351155722329346,0.0,0.0
-2.270656076356979,1.1508804770576466,0.46983254985703743,0.0,0.0
-2.270656076356979,1.2130902325742765,0.4766090242569737,0.0,0.0
-2.270656076356979,1.2752999880909055,0.4838578392133536,0.0,0.0
-2.270656076356979,1.3375097436075354,0.49159644337420205,0.0,0.0
-2.270656076356979,1.3997194991241653,0.49984269311862906,0.0,0.0
-2.270656076356979,1.4619292546407943,0.5086146086849185,0.0,0.0
-2.270656076356979,1.5241390101574241,0.5179300530509326,0.0,0.0
-2.270656076356979,1.586348765674054,0.5278063149501034,0.0,0.0
-2.270656076356979,1.648558521190683,0.5382595739328394,0.0,0.0
-2.270656076356979,1.710768276707313,0.5493042216590875,0.0,0.0
-2.270656076356979,1.7729780322239428,0.5609520098524118,0.0,0.0
-2.270656076356979,1.8351877877405718,0.5732109919459056,0.0,0.0
-2.270656076356979,1.8973975432572017,0.58608422303459,0.0,0.0
-2.270656076356979,1.9596072987738316,0.59956818228387,0.0,0.0
-2.270656076356979,2.0218170542904605,0.6136508848420261,0.0,0.0
-2.270656076356979,2.0840268098070904,0.6283096585356083,0.0,0.0
-2.270656076356979,2.1462365653237194,0.6435085767915029,0.0,0.0
-2.270656076356979,2.2084463208403493,0.6591955665437654,0.0,0.0
-2.270656076356979,2.270656076356979,0.6752992519619215,0.0,0.0
-2.270656076356979,2.332865831873608,0.6917256551370702,0.0,0.0
-2.270656076356979,2.395075587390238,0.708354955598018,0.0,0.0
-2.270656076356979,2.457285342906868,0.7250386108966302,0.0,0.0
-2.270656076356979,2.519495098423497,0.7415972541537084,0.0,0.0
-2.270656076356979,2.581704853940127,0.7578198965242092,0.0,0.0
-2.270656076356979,2.6439146094567567,0.7734650470523938,0.0,0.0
-2.270656076356979,2.7061243649733857,0.7882643817839383,0.0,0.0
-2.270656076356979,2.7683341204900156,0.8019295031629139,0.0,0.0
-2.270656076356979,2.8305438760066455,0.8141620879296121,0.0,0.0
-2.270656076356979,2.8927536315232745,0.8246673070913276,0.0,0.0
-2.270656076356979,2.9549633870399044,0.8331698395831474,0.0,0.0
-2.270656076356979,3.0171731425565333,0.8394311780134016,0.0,0.0
-2.270656076356979,3.0793828980731632,0.8432663861933595,0.0,0.0
-2.2084463208403498,-3.141592653589793,0.813674028131864,0.0,0.0
-2.2084463208403498,-3.0793828980731637,0.8125186344622095,0.0,0.0
-2.2084463208403498,-3.017173142556534,0.8090861669924576,0.0,0.0
-2.2084463208403498,-2.9549633870399044,0.8034751641583022,0.0,0.0
-2.2084463208403498,-2.892753631523275,0.7958415676262439,0.0,0.0
-2.2084463208403498,-2.8305438760066455,0.7863875441772276,0.0,0.0
-2.2084463208403498,-2.7683341204900156,0.775348049070936,0.0,0.0
-2.2084463208403498,-2.706124364973386,0.7629767488597474,0.0,0.0
-2.2084463208403498,-2.6439146094567567,0.7495327484372581,0.0,0.0
-2.2084463208403498,-2.581704853940127,0.7352691926781902,0.0,0.0
-2.2084463208403498,-2.5194950984234974,0.7204243570855162,0.0,0.0
-2.2084463208403498,-2.457285342906868,0.7052154111118647,0.0,0.0
-2.2084463208403498,-2.395075587390238,0.6898347015501767,0.0,0.0
-2.2084463208403498,-2.3328658318736086,0.6744481885151917,0.0,0.0
-2.2084463208403498,-2.270656076356979,0.6591955665437655,0.0,0.0
-2.2084463208403498,-2.2084463208403498,0.6441915926537544,0.0,0.0
-2.2084463208403498,-2.1462365653237203,0.6295281903970664,0.0,0.0
-2.2084463208403498,-2.0840268098070904,0.6152769755845225,0.0,0.0
-2.2084463208403498,-2.021817054290461,0.6014919341371825,0.0,0.0
-2.2084463208403498,-1.9596072987738313,0.5882120619225768,0.0,0.0
-2.2084463208403498,-1.897397543257202,0.5754638435244662,0.0,0.0
-2.2084463208403498,-1.8351877877405722,0.5632634993963572,0.0,0.0
-2.2084463208403498,-1.7729780322239428,0.5516189693310626,0.0,0.0
-2.2084463208403498,-1.7107682767073131,0.5405316266408875,0.0,0.0
-2.2084463208403498,-1.6485585211906835,0.5299977343698195,0.0,0.0
-2.2084463208403498,-1.586348765674054,0.5200096646679999,0.0,0.0
-2.2084463208403498,-1.5241390101574244,0.510556907233361,0.0,0.0
-2.2084463208403498,-1.461929254640795,0.5016268941268692,0.0,0.0
-2.2084463208403498,-1.3997194991241653,0.49320566754671574,0.0,0.0
-2.2084463208403498,-1.3375097436075358,0.48527841519998094,0.0,0.0
-2.2084463208403498,-1.2752999880909062,0.4778298953531875,0.0,0.0
-2.2084463208403498,-1.2130902325742767,0.47084477087869214,0.0,0.0
-2.2084463208403498,-1.150880477057647,0.46430786889153325,0.0,0.0
-2.2084463208403498,-1.0886707215410176,0.45820438003399766,0.0,0.0
-2.2084463208403498,-1.0264609660243877,0.4525200091842344,0.0,0.0
-2.2084463208403498,-0.9642512105077583,0.4472410873663271,0.0,0.0
-2.2084463208403498,-0.9020414549911289,0.44235465291994847,0.0,0.0
-2.2084463208403498,-0.8398316994744994,0.43784850852984913,0.0,0.0
-2.2084463208403498,-0.7776219439578695,0.43371125949283584,0.0,0.0
-2.2084463208403498,-0.7154121884412401,0.42993233758358873,0.0,0.0
-2.2084463208403498,-0.6532024329246107,0.4265020140418047,0.0,0.0
-2.2084463208403498,-0.5909926774079808,0.42341140451474174,0.0,0.0
-2.2084463208403498,-0.5287829218913513,0.4206524682269528,0.0,0.0
-2.2084463208403498,-0.4665731663747219,0.4182180031914878,0.0,0.0
-2.2084463208403498,-0.40436341085809246,0.41610163890570045,0.0,0.0
-2.2084463208403498,-0.3421536553414626,0.4142978276743552,0.0,0.0
-2.2084463208403498,-0.27994389982483314,0.4128018354597557,0.0,0.0
-2.2084463208403498,-0.2177341443082037,0.41160973296202746,0.0,0.0
-2.2084463208403498,-0.15552438879157382,0.4107183874731741,0.0,0.0
-2.2084463208403498,-0.09331463327494438,0.4101254559182863,0.0,0.0
-2.2084463208403498,-0.03110487775831494,0.40982937938973935,0.0,0.0
-2.2084463208403498,0.031104877758314498,0.40982937938973935,0.0,0.0
-2.2084463208403498,0.09331463327494438,0.4101254559182863,0.0,0.0
-2.2084463208403498,0.15552438879157382,0.4107183874731741,0.0,0.0
-2.2084463208403498,0.21773414430820326,0.41160973296202746,0.0,0.0
-2.2084463208403498,0.2799438998248327,0.4128018354597557,0.0,0.0
-2.2084463208403498,0.3421536553414626,0.4142978276743552,0.0,0.0
-2.2084463208403498,0.404363410858092,0.4161016389057004,0.0,0.0
-2.2084463208403498,0.46657316637472146,0.4182180031914878,0.0,0.0
-2.2084463208403498,0.5287829218913513,0.4206524682269528,0.0,0.0
-2.2084463208403498,0.5909926774079808,0.42341140451474174,0.0,0.0
-2.2084463208403498,0.6532024329246102,0.42650201404180466,0.0,0.0
-2.2084463208403498,0.7154121884412397,0.4299323375835886,0.0,0.0
-2.2084463208403498,0.7776219439578695,0.43371125949283584,0.0,0.0
-2.2084463208403498,0.839831699474499,0.4378485085298491,0.0,0.0
-2.2084463208403498,0.9020414549911289,0.44235465291994847,0.0,0.0
-2.2084463208403498,0.9642512105077579,0.44724108736632706,0.0,0.0
-2.2084463208403498,1.0264609660243877,0.4525200091842344,0.0,0.0
-2.2084463208403498,1.0886707215410176,0.45820438003399766,0.0,0.0
-2.2084463208403498,1.1508804770576466,0.4643078688915332,0.0,0.0
-2.2084463208403498,1.2130902325742765,0.4708447708786921,0.0,0.0
-2.2084463208403498,1.2752999880909055,0.4778298953531875,0.0,0.0
-2.2084463208403498,1.3375097436075354,0.48527841519998094,0.0,0.0
-2.2084463208403498,1.3997194991241653,0.49320566754671574,0.0,0.0
-2.2084463208403498,1.4619292546407943,0.5016268941268691,0.0,0.0
-2.2084463208403498,1.5241390101574241,0.5105569072333609,0.0,0.0
-2.2084463208403498,1.586348765674054,0.5200096646679999,0.0,0.0
-2.2084463208403498,1.648558521190683,0.5299977343698193,0.0,0.0
-2.2084463208403498,1.710768276707313,0.5405316266408875,0.0,0.0
-2.2084463208403498,1.7729780322239428,0.5516189693310626,0.0,0.0
-2.2084463208403498,1.8351877877405718,0.5632634993963572,0.0,0.0
-2.2084463208403498,1.8973975432572017,0.5754638435244662,0.0,0.0
-2.2084463208403498,1.9596072987738316,0.5882120619225768,0.0,0.0
-2.2084463208403498,2.0218170542904605,0.6014919341371823,0.0,0.0
-2.2084463208403498,2.0840268098070904,0.6152769755845225,0.0,0.0
-2.2084463208403498,2.1462365653237194,0.6295281903970662,0.0,0.0
-2.2084463208403498,2.2084463208403493,0.6441915926537541,0.0,0.0
-2.2084463208403498,2.270656076356979,0.6591955665437655,0.0,0.0
-2.2084463208403498,2.332865831873608,0.6744481885151916,0.0,0.0
-2.2084463208403498,2.395075587390238,0.6898347015501767,0.0,0.0
-2.2084463208403498,2.457285342906868,0.7052154111118647,0.0,0.0
-2.2084463208403498,2.519495098423497,0.7204243570855161,0.0,0.0
-2.2084463208403498,2.581704853940127,0.7352691926781902,0.0,0.0
-2.2084463208403498,2.6439146094567567,0.7495327484372581,0.0,0.0
-2.2084463208403498,2.7061243649733857,0.7629767488597473,0.0,0.0
-2.2084463208403498,2.7683341204900156,0.775348049070936,0.0,0.0
-2.2084463208403498,2.8305438760066455,0.7863875441772276,0.0,0.0
-2.2084463208403498,2.8927536315232745,0.7958415676262437,0.0,0.0
-2.2084463208403498,2.9549633870399044,0.8034751641583022,0.0,0.0
-2.2084463208403498,3.0171731425565333,0.8090861669924575,0.0,0.0
-2.2084463208403498,3.0793828980731632,0.8125186344622095,0.0,0.0
-2.1462365653237203,-3.141592653589793,0.784708271371973,0.0,0.0
-2.1462365653237203,-3.0793828980731637,0.7836717745471635,0.0,0.0
-2.1462365653237203,-3.017173142556534,0.7805907101418845,0.0,0.0
-2.1462365653237203,-2.9549633870399044,0.7755482981280595,0.0,0.0
-2.1462365653237203,-2.892753631523275,0.7686766635977454,0.0,0.0
-2.1462365653237203,-2.8305438760066455,0.7601479111927297,0.0,0.0
-2.1462365653237203,-2.7683341204900156,0.7501632930889544,0.0,0.0
-2.1462365653237203,-2.706124364973386,0.738941712210628,0.0,0.0
-2.1462365653237203,-2.6439146094567567,0.726708697910624,0.0,0.0
-2.1462365653237203,-2.581704853940127,0.7136867308442477,0.0,0.0
-2.1462365653237203,-2.5194950984234974,0.7000874598644804,0.0,0.0
-2.1462365653237203,-2.457285342906868,0.686106024351448,0.0,0.0
-2.1462365653237203,-2.395075587390238,0.6719174251659578,0.0,0.0
-2.1462365653237203,-2.3328658318736086,0.6576747021524575,0.0,0.0
-2.1462365653237203,-2.270656076356979,0.6435085767915031,0.0,0.0
-2.1462365653237203,-2.2084463208403498,0.6295281903970664,0.0,0.0
-2.1462365653237203,-2.1462365653237203,0.615822589785106,0.0,0.0
-2.1462365653237203,-2.0840268098070904,0.6024626625112383,0.0,0.0
-2.1462365653237203,-2.021817054290461,0.589503285563846,0.0,0.0
-2.1462365653237203,-1.9596072987738313,0.5769855130776377,0.0,0.0
-2.1462365653237203,-1.897397543257202,0.5649386833823845,0.0,0.0
-2.1462365653237203,-1.8351877877405722,0.5533823704861127,0.0,0.0
-2.1462365653237203,-1.7729780322239428,0.5423281393983407,0.0,0.0
-2.1462365653237203,-1.7107682767073131,0.5317810894586658,0.0,0.0
-2.1462365653237203,-1.6485585211906835,0.5217411866388065,0.0,0.0
-2.1462365653237203,-1.586348765674054,0.5122043963752815,0.0,0.0
-2.1462365653237203,-1.5241390101574244,0.5031636344809277,0.0,0.0
-2.1462365653237203,-1.461929254640795,0.49460955643723514,0.0,0.0
-2.1462365653237203,-1.3997194991241653,0.48653120595963617,0.0,0.0
-2.1462365653237203,-1.3375097436075358,0.47891654295952263,0.0,0.0
-2.1462365653237203,-1.2752999880909062,0.47175286947783374,0.0,0.0
-2.1462365653237203,-1.2130902325742767,0.4650271702335148,0.0,0.0
-2.1462365653237203,-1.150880477057647,0.45872638237803265,0.0,0.0
-2.1462365653237203,-1.0886707215410176,0.45283760703786813,0.0,0.0
-2.1462365653237203,-1.0264609660243877,0.44734827335484856,0.0,0.0
-2.1462365653237203,-0.9642512105077583,0.4422462640470229,0.0,0.0
-2.1462365653237203,-0.9020414549911289,0.4375200100278505,0.0,0.0
-2.1462365653237203,-0.8398316994744994,0.43315856033734185,0.0,0.0
-2.1462365653237203,-0.7776219439578695,0.4291516325431318,0.0,0.0
-2.1462365653237203,-0.7154121884412401,0.42548964784441756,0.0,0.0
-2.1462365653237203,-0.6532024329246107,0.4221637543371599,0.0,0.0
-2.1462365653237203,-0.5909926774079808,0.4191658412547665,0.0,0.0
-2.1462365653237203,-0.5287829218913513,0.41648854646555056,0.0,0.0
-2.1462365653237203,-0.4665731663747219,0.4141252590692204,0.0,0.0
-2.1462365653237203,-0.40436341085809246,0.4120701185741011,0.0,0.0
-2.1462365653237203,-0.3421536553414626,0.41031801184126143,0.0,0.0
-2.1462365653237203,-0.27994389982483314,0.4088645687396689,0.0,0.0
-2.1462365653237203,-0.2177341443082037,0.40770615725801523,0.0,0.0
-2.1462365653237203,-0.15552438879157382,0.4068398786555283,0.0,0.0
-2.1462365653237203,-0.09331463327494438,0.40626356309873535,0.0,0.0
-2.1462365653237203,-0.03110487775831494,0.4059757661176208,0.0,0.0
-2.1462365653237203,0.031104877758314498,0.4059757661176208,0.0,0.0
-2.1462365653237203,0.09331463327494438,0.40626356309873535,0.0,0.0
-2.1462365653237203,0.15552438879157382,0.4068398786555283,0.0,0.0
-2.1462365653237203,0.21773414430820326,0.40770615725801523,0.0,0.0
-2.1462365653237203,0.2799438998248327,0.40886456873966887,0.0,0.0
-2.1462365653237203,0.3421536553414626,0.41031801184126143,0.0,0.0
-2.1462365653237203,0.404363410858092,0.4120701185741011,0.0,0.0
-2.1462365653237203,0.46657316637472146,0.4141252590692204,0.0,0.0
-2.1462365653237203,0.5287829218913513,0.41648854646555056,0.0,0.0
-2.1462365653237203,0.5909926774079808,0.4191658412547665,0.0,0.0
-2.1462365653237203,0.6532024329246102,0.4221637543371599,0.0,0.0
-2.1462365653237203,0.7154121884412397,0.42548964784441756,0.0,0.0
-2.1462365653237203,0.7776219439578695,0.4291516325431318,0.0,0.0
-2.1462365653237203,0.839831699474499,0.4331585603373418,0.0,0.0
-2.1462365653237203,0.9020414549911289,0.4375200100278505,0.0,0.0
-2.1462365653237203,0.9642512105077579,0.44224626404702283,0.0,0.0
-2.1462365653237203,1.0264609660243877,0.44734827335484856,0.0,0.0
-2.1462365653237203,1.0886707215410176,0.45283760703786813,0.0,0.0
-2.1462365653237203,1.1508804770576466,0.4587263823780326,0.0,0.0
-2.1462365653237203,1.2130902325742765,0.46502717023351475,0.0,0.0
-2.1462365653237203,1.2752999880909055,0.47175286947783374,0.0,0.0
-2.1462365653237203,1.3375097436075354,0.47891654295952263,0.0,0.0
-2.1462365653237203,1.3997194991241653,0.48653120595963617,0.0,0.0
-2.1462365653237203,1.4619292546407943,0.49460955643723503,0.0,0.0
-2.1462365653237203,1.5241390101574241,0.5031636344809276,0.0,0.0
-2.1462365653237203,1.586348765674054,0.5122043963752815,0.0,0.0
-2.1462365653237203,1.648558521190683,0.5217411866388064,0.0,0.0
-2.1462365653237203,1.710768276707313,0.5317810894586658,0.0,0.0
-2.1462365653237203,1.7729780322239428,0.5423281393983407,0.0,0.0
-2.1462365653237203,1.8351877877405718,0.5533823704861126,0.0,0.0
-2.1462365653237203,1.8973975432572017,0.5649386833823844,0.0,0.0
-2.1462365653237203,1.9596072987738316,0.5769855130776379,0.0,0.0
-2.1462365653237203,2.0218170542904605,0.5895032855638459,0.0,0.0
-2.1462365653237203,2.0840268098070904,0.6024626625112383,0.0,0.0
-2.1462365653237203,2.1462365653237194,0.6158225897851058,0.0,0.0
-2.1462365653237203,2.2084463208403493,0.6295281903970663,0.0,0.0
-2.1462365653237203,2.270656076356979,0.6435085767915031,0.0,0.0
-2.1462365653237203,2.332865831873608,0.6576747021524575,0.0,0.0
-2.1462365653237203,2.395075587390238,0.6719174251659578,0.0,0.0
-2.1462365653237203,2.457285342906868,0.686106024351448,0.0,0.0
-2.1462365653237203,2.519495098423497,0.7000874598644803,0.0,0.0
-2.1462365653237203,2.581704853940127,0.7136867308442477,0.0,0.0
-2.1462365653237203,2.6439146094567567,0.726708697910624,0.0,0.0
-2.1462365653237203,2.7061243649733857,0.738941712210628,0.0,0.0
-2.1462365653237203,2.7683341204900156,0.7501632930889544,0.0,0.0
-2.1462365653237203,2.8305438760066455,0.7601479111927297,0.0,0.0
-2.1462365653237203,2.8927536315232745,0.7686766635977453,0.0,0.0
-2.1462365653237203,2.9549633870399044,0.7755482981280595,0.0,0.0
-2.1462365653237203,3.0171731425565333,0.7805907101418845,0.0,0.0
-2.1462365653237203,3.0793828980731632,0.7836717745471635,0.0,0.0
-2.0840268098070904,-3.141592653589793,0.7576115485197044,0.0,0.0
-2.0840268098070904,-3.0793828980731637,0.7566786349246843,0.0,0.0
-2.0840268098070904,-3.017173142556534,0.7539040003706473,0.0,0.0
-2.0840268098070904,-2.9549633870399044,0.7493583225008781,0.0,0.0
-2.0840268098070904,-2.892753631523275,0.7431541417919213,0.0,0.0
-2.0840268098070904,-2.8305438760066455,0.7354386838816813,0.0,0.0
-2.0840268098070904,-2.7683341204900156,0.7263850731603552,0.0,0.0
-2.0840268098070904,-2.706124364973386,0.7161828971589562,0.0,0.0
-2.0840268098070904,-2.6439146094567567,0.7050290205945542,0.0,0.0
-2.0840268098070904,-2.581704853940127,0.6931193663070887,0.0,0.0
-2.0840268098070904,-2.5194950984234974,0.6806421351235622,0.0,0.0
-2.0840268098070904,-2.457285342906868,0.6677726847565951,0.0,0.0
-2.0840268098070904,-2.395075587390238,0.6546700718741568,0.0,0.0
-2.0840268098070904,-2.3328658318736086,0.6414751044775983,0.0,0.0
-2.0840268098070904,-2.270656076356979,0.6283096585356083,0.0,0.0
-2.0840268098070904,-2.2084463208403498,0.6152769755845225,0.0,0.0
-2.0840268098070904,-2.1462365653237203,0.6024626625112383,0.0,0.0
-2.0840268098070904,-2.0840268098070904,0.5899361456037706,0.0,0.0
-2.0840268098070904,-2.021817054290461,0.5777523748662137,0.0,0.0
-2.0840268098070904,-1.9596072987738313,0.5659536216897004,0.0,0.0
-2.0840268098070904,-1.897397543257202,0.5545712569571399,0.0,0.0
-2.0840268098070904,-1.8351877877405722,0.5436274342227421,0.0,0.0
-2.0840268098070904,-1.7729780322239428,0.5331366325796488,0.0,0.0
-2.0840268098070904,-1.7107682767073131,0.5231070363955032,0.0,0.0
-2.0840268098070904,-1.6485585211906835,0.5135417451654455,0.0,0.0
-2.0840268098070904,-1.586348765674054,0.5044398174998614,0.0,0.0
-2.0840268098070904,-1.5241390101574244,0.49579715994159085,0.0,0.0
-2.0840268098070904,-1.461929254640795,0.4876072749783241,0.0,0.0
-2.0840268098070904,-1.3997194991241653,0.47986188417815057,0.0,0.0
-2.0840268098070904,-1.3375097436075358,0.47255144253230436,0.0,0.0
-2.0840268098070904,-1.2752999880909062,0.4656655593646751,0.0,0.0
-2.0840268098070904,-1.2130902325742767,0.4591933399404175,0.0,0.0
-2.0840268098070904,-1.150880477057647,0.4531236604370412,0.0,0.0
-2.0840268098070904,-1.0886707215410176,0.4474453874035064,0.0,0.0
-2.0840268098070904,-1.0264609660243877,0.442147551334571,0.0,0.0
-2.0840268098070904,-0.9642512105077583,0.43721948259204946,0.0,0.0
-2.0840268098070904,-0.9020414549911289,0.43265091664391736,0.0,0.0
-2.0840268098070904,-0.8398316994744994,0.4284320744781699,0.0,0.0
-2.0840268098070904,-0.7776219439578695,0.4245537230800661,0.0,0.0
-2.0840268098070904,-0.7154121884412401,0.4210072200304235,0.0,0.0
-2.0840268098070904,-0.6532024329246107,0.4177845455765175,0.0,0.0
-2.0840268098070904,-0.5909926774079808,0.41487832493182625,0.0,0.0
-2.0840268098070904,-0.5287829218913513,0.4122818430620173,0.0,0.0
-2.0840268098070904,-0.4665731663747219,0.4099890537985484,0.0,0.0
-2.0840268098070904,-0.40436341085809246,0.40799458477549505,0.0,0.0
-2.0840268098070904,-0.3421536553414626,0.40629373939844116,0.0,0.0
-2.0840268098070904,-0.27994389982483314,0.4048824968165559,0.0,0.0
-2.0840268098070904,-0.2177341443082037,0.4037575106716578,0.0,0.0
-2.0840268098070904,-0.15552438879157382,0.402916107233625,0.0,0.0
-2.0840268098070904,-0.09331463327494438,0.40235628339344304,0.0,0.0
-2.0840268098070904,-0.03110487775831494,0.4020767048678351,0.0,0.0
-2.0840268098070904,0.031104877758314498,0.4020767048678351,0.0,0.0
-2.0840268098070904,0.09331463327494438,0.40235628339344304,0.0,0.0
-2.0840268098070904,0.15552438879157382,0.402916107233625,0.0,0.0
-2.0840268098070904,0.21773414430820326,0.40375751067165794,0.0,0.0
-2.0840268098070904,0.2799438998248327,0.4048824968165559,0.0,0.0
-2.0840268098070904,0.3421536553414626,0.40629373939844116,0.0,0.0
-2.0840268098070904,0.404363410858092,0.407994584775495,0.0,0.0
-2.0840268098070904,0.46657316637472146,0.4099890537985484,0.0,0.0
-2.0840268098070904,0.5287829218913513,0.4122818430620173,0.0,0.0
-2.0840268098070904,0.5909926774079808,0.41487832493182625,0.0,0.0
-2.0840268098070904,0.6532024329246102,0.41778454557651734,0.0,0.0
-2.0840268098070904,0.7154121884412397,0.42100722003042346,0.0,0.0
-2.0840268098070904,0.7776219439578695,0.4245537230800661,0.0,0.0
-2.0840268098070904,0.839831699474499,0.4284320744781698,0.0,0.0
-2.0840268098070904,0.9020414549911289,0.43265091664391736,0.0,0.0
-2.0840268098070904,0.9642512105077579,0.43721948259204935,0.0,0.0
-2.0840268098070904,1.0264609660243877,0.442147551334571,0.0,0.0
-2.0840268098070904,1.0886707215410176,0.4474453874035064,0.0,0.0
-2.0840268098070904,1.1508804770576466,0.4531236604370412,0.0,0.0
-2.0840268098070904,1.2130902325742765,0.45919333994041744,0.0,0.0
-2.0840268098070904,1.2752999880909055,0.4656655593646751,0.0,0.0
-2.0840268098070904,1.3375097436075354,0.47255144253230424,0.0,0.0
-2.0840268098070904,1.3997194991241653,0.47986188417815057,0.0,0.0
-2.0840268098070904,1.4619292546407943,0.48760727497832407,0.0,0.0
-2.0840268098070904,1.5241390101574241,0.49579715994159085,0.0,0.0
-2.0840268098070904,1.586348765674054,0.5044398174998614,0.0,0.0
-2.0840268098070904,1.648558521190683,0.5135417451654455,0.0,0.0
-2.0840268098070904,1.710768276707313,0.523107036395503,0.0,0.0
-2.0840268098070904,1.7729780322239428,0.5331366325796488,0.0,0.0
-2.0840268098070904,1.8351877877405718,0.5436274342227421,0.0,0.0
-2.0840268098070904,1.8973975432572017,0.5545712569571398,0.0,0.0
-2.0840268098070904,1.9596072987738316,0.5659536216897004,0.0,0.0
-2.0840268098070904,2.0218170542904605,0.5777523748662136,0.0,0.0
-2.0840268098070904,2.0840268098070904,0.5899361456037706,0.0,0.0
-2.0840268098070904,2.1462365653237194,0.6024626625112381,0.0,0.0
-2.0840268098070904,2.2084463208403493,0.6152769755845223,0.0,0.0
-2.0840268098070904,2.270656076356979,0.6283096585356083,0.0,0.0
-2.0840268098070904,2.332865831873608,0.6414751044775981,0.0,0.0
-2.0840268098070904,2.395075587390238,0.6546700718741568,0.0,0.0
-2.0840268098070904,2.457285342906868,0.6677726847565951,0.0,0.0
-2.0840268098070904,2.519495098423497,0.6806421351235622,0.0,0.0
-2.0840268098070904,2.581704853940127,0.6931193663070887,0.0,0.0
-2.0840268098070904,2.6439146094567567,0.7050290205945542,0.0,0.0
-2.0840268098070904,2.7061243649733857,0.7161828971589561,0.0,0.0
-2.0840268098070904,2.7683341204900156,0.7263850731603552,0.0,0.0
-2.0840268098070904,2.8305438760066455,0.7354386838816813,0.0,0.0
-2.0840268098070904,2.8927536315232745,0.7431541417919213,0.0,0.0
-2.0840268098070904,2.9549633870399044,0.7493583225008781,0.0,0.0
-2.0840268098070904,3.0171731425565333,0.7539040003706473,0.0,0.0
-2.0840268098070904,3.0793828980731632,0.7566786349246843,0.0,0.0
-2.021817054290461,-3.141592653589793,0.732310673555762,0.0,0.0
-2.021817054290461,-3.0793828980731637,0.7314680367559208,0.0,0.0
-2.021817054290461,-3.017173142556534,0.7289606934560912,0.0,0.0
-2.021817054290461,-2.9549633870399044,0.7248490254891656,0.0,0.0
-2.021817054290461,-2.892753631523275,0.7192294337714114,0.0,0.0
-2.021817054290461,-2.8305438760066455,0.7122285222813869,0.0,0.0
-2.021817054290461,-2.7683341204900156,0.7039959226455212,0.0,0.0
-2.021817054290461,-2.706124364973386,0.6946965066274857,0.0,0.0
-2.021817054290461,-2.6439146094567567,0.6845027007559235,0.0,0.0
-2.021817054290461,-2.581704853940127,0.6735874903549861,0.0,0.0
-2.021817054290461,-2.5194950984234974,0.6621185194331622,0.0,0.0
-2.021817054290461,-2.457285342906868,0.6502534998446078,0.0,0.0
-2.021817054290461,-2.395075587390238,0.6381369709576289,0.0,0.0
-2.021817054290461,-2.3328658318736086,0.625898319502338,0.0,0.0
-2.021817054290461,-2.270656076356979,0.6136508848420262,0.0,0.0
-2.021817054290461,-2.2084463208403498,0.6014919341371825,0.0,0.0
-2.021817054290461,-2.1462365653237203,0.589503285563846,0.0,0.0
-2.021817054290461,-2.0840268098070904,0.5777523748662137,0.0,0.0
-2.021817054290461,-2.021817054290461,0.566293590811243,0.0,0.0
-2.021817054290461,-1.9596072987738313,0.5551697404709108,0.0,0.0
-2.021817054290461,-1.897397543257202,0.5444135401139576,0.0,0.0
-2.021817054290461,-1.8351877877405722,0.5340490585581502,0.0,0.0
-2.021817054290461,-1.7729780322239428,0.5240930656010278,0.0,0.0
-2.021817054290461,-1.7107682767073131,0.5145562583027761,0.0,0.0
-2.021817054290461,-1.6485585211906835,0.5054443528497327,0.0,0.0
-2.021817054290461,-1.586348765674054,0.496759040245583,0.0,0.0
-2.021817054290461,-1.5241390101574244,0.48849881103425336,0.0,0.0
-2.021817054290461,-1.461929254640795,0.4806596584939228,0.0,0.0
-2.021817054290461,-1.3997194991241653,0.47323567198787503,0.0,0.0
-2.021817054290461,-1.3375097436075358,0.4662195330136086,0.0,0.0
-2.021817054290461,-1.2752999880909062,0.4596029264223596,0.0,0.0
-2.021817054290461,-1.2130902325742767,0.4533768786348142,0.0,0.0
-2.021817054290461,-1.150880477057647,0.4475320337055943,0.0,0.0
-2.021817054290461,-1.0886707215410176,0.44205887696266516,0.0,0.0
-2.021817054290461,-1.0264609660243877,0.436947914783553,0.0,0.0
-2.021817054290461,-0.9642512105077583,0.4321898179410621,0.0,0.0
-2.021817054290461,-0.9020414549911289,0.42777553489968995,0.0,0.0
-2.021817054290461,-0.8398316994744994,0.42369638049205866,0.0,0.0
-2.021817054290461,-0.7776219439578695,0.41994410456046494,0.0,0.0
-2.021817054290461,-0.7154121884412401,0.41651094441143677,0.0,0.0
-2.021817054290461,-0.6532024329246107,0.41338966429499135,0.0,0.0
-2.021817054290461,-0.5909926774079808,0.4105735845763608,0.0,0.0
-2.021817054290461,-0.5287829218913513,0.4080566028062188,0.0,0.0
-2.021817054290461,-0.4665731663747219,0.4058332085056273,0.0,0.0
-2.021817054290461,-0.40436341085809246,0.40389849315411047,0.0,0.0
-2.021817054290461,-0.3421536553414626,0.40224815659423513,0.0,0.0
-2.021817054290461,-0.27994389982483314,0.4008785108354813,0.0,0.0
-2.021817054290461,-0.2177341443082037,0.39978648204656053,0.0,0.0
-2.021817054290461,-0.15552438879157382,0.3989696113620897,0.0,0.0
-2.021817054290461,-0.09331463327494438,0.3984260549908371,0.0,0.0
-2.021817054290461,-0.03110487775831494,0.3981545839934897,0.0,0.0
-2.021817054290461,0.031104877758314498,0.3981545839934897,0.0,0.0
-2.021817054290461,0.09331463327494438,0.3984260549908371,0.0,0.0
-2.021817054290461,0.15552438879157382,0.3989696113620897,0.0,0.0
-2.021817054290461,0.21773414430820326,0.39978648204656053,0.0,0.0
-2.021817054290461,0.2799438998248327,0.4008785108354813,0.0,0.0
-2.021817054290461,0.3421536553414626,0.40224815659423513,0.0,0.0
-2.021817054290461,0.404363410858092,0.40389849315411047,0.0,0.0
-2.021817054290461,0.46657316637472146,0.4058332085056273,0.0,0.0
-2.021817054290461,0.5287829218913513,0.4080566028062188,0.0,0.0
-2.021817054290461,0.5909926774079808,0.4105735845763608,0.0,0.0
-2.021817054290461,0.6532024329246102,0.41338966429499135,0.0,0.0
-2.021817054290461,0.7154121884412397,0.41651094441143677,0.0,0.0
-2.021817054290461,0.7776219439578695,0.41994410456046494,0.0,0.0
-2.021817054290461,0.839831699474499,0.4236963804920586,0.0,0.0
-2.021817054290461,0.9020414549911289,0.42777553489968995,0.0,0.0
-2.021817054290461,0.9642512105077579,0.432189817941062,0.0,0.0
-2.021817054290461,1.0264609660243877,0.436947914783553,0.0,0.0
-2.021817054290461,1.0886707215410176,0.44205887696266516,0.0,0.0
-2.021817054290461,1.1508804770576466,0.4475320337055943,0.0,0.0
-2.021817054290461,1.2130902325742765,0.45337687863481413,0.0,0.0
-2.021817054290461,1.2752999880909055,0.4596029264223595,0.0,0.0
-2.021817054290461,1.3375097436075354,0.46621953301360847,0.0,0.0
-2.021817054290461,1.3997194991241653,0.47323567198787503,0.0,0.0
-2.021817054290461,1.4619292546407943,0.4806596584939227,0.0,0.0
-2.021817054290461,1.5241390101574241,0.4884988110342533,0.0,0.0
-2.021817054290461,1.586348765674054,0.496759040245583,0.0,0.0
-2.021817054290461,1.648558521190683,0.5054443528497325,0.0,0.0
-2.021817054290461,1.710768276707313,0.514556258302776,0.0,0.0
-2.021817054290461,1.7729780322239428,0.5240930656010278,0.0,0.0
-2.021817054290461,1.8351877877405718,0.5340490585581502,0.0,0.0
-2.021817054290461,1.8973975432572017,0.5444135401139576,0.0,0.0
-2.021817054290461,1.9596072987738316,0.5551697404709108,0.0,0.0
-2.021817054290461,2.0218170542904605,0.5662935908112429,0.0,0.0
-2.021817054290461,2.0840268098070904,0.5777523748662137,0.0,0.0
-2.021817054290461,2.1462365653237194,0.5895032855638458,0.0,0.0
-2.021817054290461,2.2084463208403493,0.6014919341371823,0.0,0.0
-2.021817054290461,2.270656076356979,0.6136508848420262,0.0,0.0
-2.021817054290461,2.332865831873608,0.6258983195023379,0.0,0.0
-2.021817054290461,2.395075587390238,0.6381369709576289,0.0,0.0
-2.021817054290461,2.457285342906868,0.6502534998446078,0.0,0.0
-2.021817054290461,2.519495098423497,0.6621185194331621,0.0,0.0
-2.021817054290461,2.581704853940127,0.6735874903549861,0.0,0.0
-2.021817054290461,2.6439146094567567,0.6845027007559235,0.0,0.0
-2.021817054290461,2.7061243649733857,0.6946965066274856,0.0,0.0
-2.021817054290461,2.7683341204900156,0.7039959226455212,0.0,0.0
-2.021817054290461,2.8305438760066455,0.7122285222813869,0.0,0.0
-2.021817054290461,2.8927536315232745,0.7192294337714112,0.0,0.0
-2.021817054290461,2.9549633870399044,0.7248490254891656,0.0,0.0
-2.021817054290461,3.0171731425565333,0.728960693456091,0.0,0.0
-2.021817054290461,3.0793828980731632,0.7314680367559206,0.0,0.0
-1.9596072987738313,-3.141592653589793,0.7087183506029271,0.0,0.0
-1.9596072987738313,-3.0793828980731637,0.7079544745981828,0.0,0.0
-1.9596072987738313,-3.017173142556534,0.7056805039355766,0.0,0.0
-1.9596072987738313,-2.9549633870399044,0.7019483405551475,0.0,0.0
-1.9596072987738313,-2.892753631523275,0.6968410454460588,0.0,0.0
-1.9596072987738313,-2.8305438760066455,0.6904680885551617,0.0,0.0
-1.9596072987738313,-2.7683341204900156,0.6829594469225161,0.0,0.0
-1.9596072987738313,-2.706124364973386,0.6744591379490927,0.0,0.0
-1.9596072987738313,-2.6439146094567567,0.6651187588712096,0.0,0.0
-1.9596072987738313,-2.581704853940127,0.6550915144896418,0.0,0.0
-1.9596072987738313,-2.5194950984234974,0.644527081176169,0.0,0.0
-1.9596072987738313,-2.457285342906868,0.6335675067501743,0.0,0.0
-1.9596072987738313,-2.395075587390238,0.6223442085743128,0.0,0.0
-1.9596072987738313,-2.3328658318736086,0.6109760227232339,0.0,0.0
-1.9596072987738313,-2.270656076356979,0.59956818228387,0.0,0.0
-1.9596072987738313,-2.2084463208403498,0.5882120619225768,0.0,0.0
-1.9596072987738313,-2.1462365653237203,0.5769855130776377,0.0,0.0
-1.9596072987738313,-2.0840268098070904,0.5659536216897004,0.0,0.0
-1.9596072987738313,-2.021817054290461,0.5551697404709108,0.0,0.0
-1.9596072987738313,-1.9596072987738313,0.544676673795689,0.0,0.0
-1.9596072987738313,-1.897397543257202,0.5345079205753724,0.0,0.0
-1.9596072987738313,-1.8351877877405722,0.5246889058781656,0.0,0.0
-1.9596072987738313,-1.7729780322239428,0.5152381539224862,0.0,0.0
-1.9596072987738313,-1.7107682767073131,0.5061683727925402,0.0,0.0
-1.9596072987738313,-1.6485585211906835,0.49748743485934277,0.0,0.0
-1.9596072987738313,-1.586348765674054,0.4891992468754762,0.0,0.0
-1.9596072987738313,-1.5241390101574244,0.4813045106505831,0.0,0.0
-1.9596072987738313,-1.461929254640795,0.4738013797391994,0.0,0.0
-1.9596072987738313,-1.3997194991241653,0.4666860202670813,0.0,0.0
-1.9596072987738313,-1.3375097436075358,0.4599530853856709,0.0,0.0
-1.9596072987738313,-1.2752999880909062,0.4535961132803424,0.0,0.0
-1.9596072987738313,-1.2130902325742767,0.4476078584790625,0.0,0.0
-1.9596072987738313,-1.150880477057647,0.44198056564723615,0.0,0.0
-1.9596072987738313,-1.0886707215410176,0.43670619427979834,0.0,0.0
-1.9596072987738313,-1.0264609660243877,0.43177660182987426,0.0,0.0
-1.9596072987738313,-0.9642512105077583,0.4271836919225685,0.0,0.0
-1.9596072987738313,-0.9020414549911289,0.42291953344212474,0.0,0.0
-1.9596072987738313,-0.8398316994744994,0.4189764554799126,0.0,0.0
-1.9596072987738313,-0.7776219439578695,0.4153471224044021,0.0,0.0
-1.9596072987738313,-0.7154121884412401,0.4120245926679802,0.0,0.0
-1.9596072987738313,-0.6532024329246107,0.40900236439854165,0.0,0.0
-1.9596072987738313,-0.5909926774079808,0.40627441033195894,0.0,0.0
-1.9596072987738313,-0.5287829218913513,0.4038352042184578,0.0,0.0
-1.9596072987738313,-0.4665731663747219,0.40167974047429905,0.0,0.0
-1.9596072987738313,-0.40436341085809246,0.39980354854248185,0.0,0.0
-1.9596072987738313,-0.3421536553414626,0.3982027031651063,0.0,0.0
-1.9596072987738313,-0.27994389982483314,0.39687383154870554,0.0,0.0
-1.9596072987738313,-0.2177341443082037,0.39581411821596435,0.0,0.0
-1.9596072987738313,-0.15552438879157382,0.39502130817708825,0.0,0.0
-1.9596072987738313,-0.09331463327494438,0.39449370891654095,0.0,0.0
-1.9596072987738313,-0.03110487775831494,0.3942301915713287,0.0,0.0
-1.9596072987738313,0.031104877758314498,0.3942301915713287,0.0,0.0
-1.9596072987738313,0.09331463327494438,0.39449370891654095,0.0,0.0
-1.9596072987738313,0.15552438879157382,0.39502130817708825,0.0,0.0
-1.9596072987738313,0.21773414430820326,0.39581411821596435,0.0,0.0
-1.9596072987738313,0.2799438998248327,0.39687383154870554,0.0,0.0
-1.9596072987738313,0.3421536553414626,0.3982027031651063,0.0,0.0
-1.9596072987738313,0.404363410858092,0.39980354854248185,0.0,0.0
-1.9596072987738313,0.46657316637472146,0.40167974047429905,0.0,0.0
-1.9596072987738313,0.5287829218913513,0.4038352042184578,0.0,0.0
-1.9596072987738313,0.5909926774079808,0.40627441033195894,0.0,0.0
-1.9596072987738313,0.6532024329246102,0.40900236439854165,0.0,0.0
-1.9596072987738313,0.7154121884412397,0.4120245926679802,0.0,0.0
-1.9596072987738313,0.7776219439578695,0.4153471224044021,0.0,0.0
-1.9596072987738313,0.839831699474499,0.4189764554799125,0.0,0.0
-1.9596072987738313,0.9020414549911289,0.42291953344212474,0.0,0.0
-1.9596072987738313,0.9642512105077579,0.42718369192256844,0.0,0.0
-1.9596072987738313,1.0264609660243877,0.43177660182987426,0.0,0.0
-1.9596072987738313,1.0886707215410176,0.43670619427979834,0.0,0.0
-1.9596072987738313,1.1508804770576466,0.44198056564723615,0.0,0.0
-1.9596072987738313,1.2130902325742765,0.4476078584790624,0.0,0.0
-1.9596072987738313,1.2752999880909055,0.45359611328034233,0.0,0.0
-1.9596072987738313,1.3375097436075354,0.4599530853856708,0.0,0.0
-1.9596072987738313,1.3997194991241653,0.4666860202670813,0.0,0.0
-1.9596072987738313,1.4619292546407943,0.4738013797391994,0.0,0.0
-1.9596072987738313,1.5241390101574241,0.4813045106505831,0.0,0.0
-1.9596072987738313,1.586348765674054,0.4891992468754762,0.0,0.0
-1.9596072987738313,1.648558521190683,0.49748743485934266,0.0,0.0
-1.9596072987738313,1.710768276707313,0.5061683727925402,0.0,0.0
-1.9596072987738313,1.7729780322239428,0.5152381539224862,0.0,0.0
-1.9596072987738313,1.8351877877405718,0.5246889058781655,0.0,0.0
-1.9596072987738313,1.8973975432572017,0.5345079205753723,0.0,0.0
-1.9596072987738313,1.9596072987738316,0.544676673795689,0.0,0.0
-1.9596072987738313,2.0218170542904605,0.5551697404709107,0.0,0.0
-1.9596072987738313,2.0840268098070904,0.5659536216897004,0.0,0.0
-1.9596072987738313,2.1462365653237194,0.5769855130776376,0.0,0.0
-1.9596072987738313,2.2084463208403493,0.5882120619225766,0.0,0.0
-1.9596072987738313,2.270656076356979,0.59956818228387,0.0,0.0
-1.9596072987738313,2.332865831873608,0.6109760227232338,0.0,0.0
-1.9596072987738313,2.395075587390238,0.6223442085743128,0.0,0.0
-1.9596072987738313,2.457285342906868,0.6335675067501743,0.0,0.0
-1.9596072987738313,2.519495098423497,0.644527081176169,0.0,0.0
-1.9596072987738313,2.581704853940127,0.6550915144896418,0.0,0.0
-1.9596072987738313,2.6439146094567567,0.6651187588712096,0.0,0.0
-1.9596072987738313,2.7061243649733857,0.6744591379490926,0.0,0.0
-1.9596072987738313,2.7683341204900156,0.6829594469225161,0.0,0.0
-1.9596072987738313,2.8305438760066455,0.6904680885551617,0.0,0.0
-1.9596072987738313,2.8927536315232745,0.6968410454460587,0.0,0.0
-1.9596072987738313,2.9549633870399044,0.7019483405551475,0.0,0.0
-1.9596072987738313,3.0171731425565333,0.7056805039355766,0.0,0.0
-1.9596072987738313,3.0793828980731632,0.7079544745981828,0.0,0.0
-1.897397543257202,-3.141592653589793,0.6867401125138325,0.0,0.0
-1.897397543257202,-3.0793828980731637,0.686045053082806,0.0,0.0
-1.897397543257202,-3.017173142556534,0.683975130179463,0.0,0.0
-1.897397543257202,-2.9549633870399044,0.6805752344518795,0.0,0.0
-1.897397543257202,-2.892753631523275,0.6759173620217664,0.0,0.0
-1.897397543257202,-2.8305438760066455,0.6700967034521236,0.0,0.0
-1.897397543257202,-2.7683341204900156,0.6632267532810211,0.0,0.0
-1.897397543257202,-2.706124364973386,0.6554339051337116,0.0,0.0
-1.897397543257202,-2.6439146094567567,0.6468519921847309,0.0,0.0
-1.897397543257202,-2.581704853940127,0.6376171701405824,0.0,0.0
-1.897397543257202,-2.5194950984234974,0.627863439965395,0.0,0.0
-1.897397543257202,-2.457285342906868,0.6177189929099515,0.0,0.0
-1.897397543257202,-2.395075587390238,0.6073034508272622,0.0,0.0
-1.897397543257202,-2.3328658318736086,0.5967259839551458,0.0,0.0
-1.897397543257202,-2.270656076356979,0.58608422303459,0.0,0.0
-1.897397543257202,-2.2084463208403498,0.5754638435244662,0.0,0.0
-1.897397543257202,-2.1462365653237203,0.5649386833823845,0.0,0.0
-1.897397543257202,-2.0840268098070904,0.5545712569571399,0.0,0.0
-1.897397543257202,-2.021817054290461,0.5444135401139576,0.0,0.0
-1.897397543257202,-1.9596072987738313,0.5345079205753724,0.0,0.0
-1.897397543257202,-1.897397543257202,0.5248882285602597,0.0,0.0
-1.897397543257202,-1.8351877877405722,0.5155807833624143,0.0,0.0
-1.897397543257202,-1.7729780322239428,0.5066054098744368,0.0,0.0
-1.897397543257202,-1.7107682767073131,0.49797639445148106,0.0,0.0
-1.897397543257202,-1.6485585211906835,0.48970336174632795,0.0,0.0
-1.897397543257202,-1.586348765674054,0.4817920634278971,0.0,0.0
-1.897397543257202,-1.5241390101574244,0.4742450764091516,0.0,0.0
-1.897397543257202,-1.461929254640795,0.4670624128178314,0.0,0.0
-1.897397543257202,-1.3997194991241653,0.4602420468995949,0.0,0.0
-1.897397543257202,-1.3375097436075358,0.45378036575598396,0.0,0.0
-1.897397543257202,-1.2752999880909062,0.4476725516322812,0.0,0.0
-1.897397543257202,-1.2130902325742767,0.4419129036579795,0.0,0.0
-1.897397543257202,-1.150880477057647,0.43649510671743,0.0,0.0
-1.897397543257202,-1.0886707215410176,0.4314124546485139,0.0,0.0
-1.897397543257202,-1.0264609660243877,0.42665803434696276,0.0,0.0
-1.897397543257202,-0.9642512105077583,0.42222487667280245,0.0,0.0
-1.897397543257202,-0.9020414549911289,0.4181060793665365,0.0,0.0
-1.897397543257202,-0.8398316994744994,0.41429490652003725,0.0,0.0
-1.897397543257202,-0.7776219439578695,0.4107848685306094,0.0,0.0
-1.897397543257202,-0.7154121884412401,0.4075697859066086,0.0,0.0
-1.897397543257202,-0.6532024329246107,0.40464383979301427,0.0,0.0
-1.897397543257202,-0.5909926774079808,0.40200161164489745,0.0,0.0
-1.897397543257202,-0.5287829218913513,0.39963811409259065,0.0,0.0
-1.897397543257202,-0.4665731663747219,0.39754881470986936,0.0,0.0
-1.897397543257202,-0.40436341085809246,0.39572965411019745,0.0,0.0
-1.897397543257202,-0.3421536553414626,0.394177059550459,0.0,0.0
-1.897397543257202,-0.27994389982483314,0.392887955011098,0.0,0.0
-1.897397543257202,-0.2177341443082037,0.39185976854099086,0.0,0.0
-1.897397543257202,-0.15552438879157382,0.39109043749982847,0.0,0.0
-1.897397543257202,-0.09331463327494438,0.3905784121958406,0.0,0.0
-1.897397543257202,-0.03110487775831494,0.39032265829825663,0.0,0.0
-1.897397543257202,0.031104877758314498,0.39032265829825663,0.0,0.0
-1.897397543257202,0.09331463327494438,0.3905784121958406,0.0,0.0
-1.897397543257202,0.15552438879157382,0.39109043749982847,0.0,0.0
-1.897397543257202,0.21773414430820326,0.39185976854099086,0.0,0.0
-1.897397543257202,0.2799438998248327,0.392887955011098,0.0,0.0
-1.897397543257202,0.3421536553414626,0.394177059550459,0.0,0.0
-1.897397543257202,0.404363410858092,0.3957296541101974,0.0,0.0
-1.897397543257202,0.46657316637472146,0.39754881470986936,0.0,0.0
-1.897397543257202,0.5287829218913513,0.39963811409259065,0.0,0.0
-1.897397543257202,0.5909926774079808,0.40200161164489745,0.0,0.0
-1.897397543257202,0.6532024329246102,0.40464383979301427,0.0,0.0
-1.897397543257202,0.7154121884412397,0.4075697859066086,0.0,0.0
-1.897397543257202,0.7776219439578695,0.4107848685306094,0.0,0.0
-1.897397543257202,0.839831699474499,0.41429490652003725,0.0,0.0
-1.897397543257202,0.9020414549911289,0.4181060793665365,0.0,0.0
-1.897397543257202,0.9642512105077579,0.42222487667280234,0.0,0.0
-1.897397543257202,1.0264609660243877,0.42665803434696276,0.0,0.0
-1.897397543257202,1.0886707215410176,0.4314124546485139,0.0,0.0
-1.897397543257202,1.1508804770576466,0.43649510671743,0.0,0.0
-1.897397543257202,1.2130902325742765,0.44191290365797936,0.0,0.0
-1.897397543257202,1.2752999880909055,0.4476725516322812,0.0,0.0
-1.897397543257202,1.3375097436075354,0.45378036575598385,0.0,0.0
-1.897397543257202,1.3997194991241653,0.4602420468995949,0.0,0.0
-1.897397543257202,1.4619292546407943,0.4670624128178313,0.0,0.0
-1.897397543257202,1.5241390101574241,0.4742450764091516,0.0,0.0
-1.897397543257202,1.586348765674054,0.4817920634278971,0.0,0.0
-1.897397543257202,1.648558521190683,0.48970336174632784,0.0,0.0
-1.897397543257202,1.710768276707313,0.49797639445148095,0.0,0.0
-1.897397543257202,1.7729780322239428,0.5066054098744368,0.0,0.0
-1.897397543257202,1.8351877877405718,0.5155807833624143,0.0,0.0
-1.897397543257202,1.8973975432572017,0.5248882285602596,0.0,0.0
-1.897397543257202,1.9596072987738316,0.5345079205753724,0.0,0.0
-1.897397543257202,2.0218170542904605,0.5444135401139576,0.0,0.0
-1.897397543257202,2.0840268098070904,0.5545712569571399,0.0,0.0
-1.897397543257202,2.1462365653237194,0.5649386833823844,0.0,0.0
-1.897397543257202,2.2084463208403493,0.5754638435244661,0.0,0.0
-1.897397543257202,2.270656076356979,0.58608422303459,0.0,0.0
-1.897397543257202,2.332865831873608,0.5967259839551456,0.0,0.0
-1.897397543257202,2.395075587390238,0.6073034508272622,0.0,0.0
-1.897397543257202,2.457285342906868,0.6177189929099515,0.0,0.0
-1.897397543257202,2.519495098423497,0.627863439965395,0.0,0.0
-1.897397543257202,2.581704853940127,0.6376171701405824,0.0,0.0
-1.897397543257202,2.6439146094567567,0.6468519921847309,0.0,0.0
-1.897397543257202,2.7061243649733857,0.6554339051337115,0.0,0.0
-1.897397543257202,2.7683341204900156,0.6632267532810211,0.0,0.0
-1.897397543257202,2.8305438760066455,0.6700967034521236,0.0,0.0
-1.897397543257202,2.8927536315232745,0.6759173620217663,0.0,0.0
-1.897397543257202,2.9549633870399044,0.6805752344518795,0.0,0.0
-1.897397543257202,3.0171731425565333,0.683975130179463,0.0,0.0
-1.897397543257202,3.0793828980731632,0.686045053082806,0.0,0.0
-1.8351877877405722,-3.141592653589793,0.6662791605811207,0.0,0.0
-1.8351877877405722,-3.0793828980731637,0.6656443384233423,0.0,0.0
-1.8351877877405722,-3.017173142556534,0.6637531358635147,0.0,0.0
-1.8351877877405722,-2.9549633870399044,0.6606446220183856,0.0,0.0
-1.8351877877405722,-2.892753631523275,0.6563815792236097,0.0,0.0
-1.8351877877405722,-2.8305438760066455,0.6510472564357487,0.0,0.0
-1.8351877877405722,-2.7683341204900156,0.6447412860939746,0.0,0.0
-1.8351877877405722,-2.706124364973386,0.6375751362302229,0.0,0.0
-1.8351877877405722,-2.6439146094567567,0.6296674707367177,0.0,0.0
-1.8351877877405722,-2.581704853940127,0.6211397465754058,0.0,0.0
-1.8351877877405722,-2.5194950984234974,0.6121123016810023,0.0,0.0
-1.8351877877405722,-2.457285342906868,0.6027010982342523,0.0,0.0
-1.8351877877405722,-2.395075587390238,0.5930151982225721,0.0,0.0
-1.8351877877405722,-2.3328658318736086,0.5831549729877644,0.0,0.0
-1.8351877877405722,-2.270656076356979,0.5732109919459057,0.0,0.0
-1.8351877877405722,-2.2084463208403498,0.5632634993963572,0.0,0.0
-1.8351877877405722,-2.1462365653237203,0.5533823704861127,0.0,0.0
-1.8351877877405722,-2.0840268098070904,0.5436274342227421,0.0,0.0
-1.8351877877405722,-2.021817054290461,0.5340490585581502,0.0,0.0
-1.8351877877405722,-1.9596072987738313,0.5246889058781656,0.0,0.0
-1.8351877877405722,-1.897397543257202,0.5155807833624143,0.0,0.0
-1.8351877877405722,-1.8351877877405722,0.5067515291771612,0.0,0.0
-1.8351877877405722,-1.7729780322239428,0.49822189075768586,0.0,0.0
-1.8351877877405722,-1.7107682767073131,0.4900073646721253,0.0,0.0
-1.8351877877405722,-1.6485585211906835,0.4821189784098718,0.0,0.0
-1.8351877877405722,-1.586348765674054,0.47456400292781115,0.0,0.0
-1.8351877877405722,-1.5241390101574244,0.467346591143004,0.0,0.0
-1.8351877877405722,-1.461929254640795,0.4604683421025324,0.0,0.0
-1.8351877877405722,-1.3997194991241653,0.45392879363610866,0.0,0.0
-1.8351877877405722,-1.3375097436075358,0.44772584823211165,0.0,0.0
-1.8351877877405722,-1.2752999880909062,0.4418561379598826,0.0,0.0
-1.8351877877405722,-1.2130902325742767,0.43631533472859296,0.0,0.0
-1.8351877877405722,-1.150880477057647,0.4310984122154129,0.0,0.0
-1.8351877877405722,-1.0886707215410176,0.4261998655588768,0.0,0.0
-1.8351877877405722,-1.0264609660243877,0.42161389450580355,0.0,0.0
-1.8351877877405722,-0.9642512105077583,0.4173345552002624,0.0,0.0
-1.8351877877405722,-0.9020414549911289,0.41335588526555167,0.0,0.0
-1.8351877877405722,-0.8398316994744994,0.4096720062917094,0.0,0.0
-1.8351877877405722,-0.7776219439578695,0.40627720732504585,0.0,0.0
-1.8351877877405722,-0.7154121884412401,0.4031660124763726,0.0,0.0
-1.8351877877405722,-0.6532024329246107,0.4003332353280146,0.0,0.0
-1.8351877877405722,-0.5909926774079808,0.39777402242873905,0.0,0.0
-1.8351877877405722,-0.5287829218913513,0.395483887819857,0.0,0.0
-1.8351877877405722,-0.4665731663747219,0.39345874023244776,0.0,0.0
-1.8351877877405722,-0.40436341085809246,0.3916949043314028,0.0,0.0
-1.8351877877405722,-0.3421536553414626,0.39018913715267184,0.0,0.0
-1.8351877877405722,-0.27994389982483314,0.38893864068146483,0.0,0.0
-1.8351877877405722,-0.2177341443082037,0.387941071346983,0.0,0.0
-1.8351877877405722,-0.15552438879157382,0.3871945470594686,0.0,0.0
-1.8351877877405722,-0.09331463327494438,0.38669765228415315,0.0,0.0
-1.8351877877405722,-0.03110487775831494,0.38644944153048355,0.0,0.0
-1.8351877877405722,0.031104877758314498,0.38644944153048355,0.0,0.0
-1.8351877877405722,0.09331463327494438,0.38669765228415315,0.0,0.0
-1.8351877877405722,0.15552438879157382,0.3871945470594686,0.0,0.0
-1.8351877877405722,0.21773414430820326,0.387941071346983,0.0,0.0
-1.8351877877405722,0.2799438998248327,0.3889386406814648,0.0,0.0
-1.8351877877405722,0.3421536553414626,0.39018913715267184,0.0,0.0
-1.8351877877405722,0.404363410858092,0.3916949043314028,0.0,0.0
-1.8351877877405722,0.46657316637472146,0.3934587402324478,0.0,0.0
-1.8351877877405722,0.5287829218913513,0.395483887819857,0.0,0.0
-1.8351877877405722,0.5909926774079808,0.39777402242873905,0.0,0.0
-1.8351877877405722,0.6532024329246102,0.40033323532801457,0.0,0.0
-1.8351877877405722,0.7154121884412397,0.4031660124763726,0.0,0.0
-1.8351877877405722,0.7776219439578695,0.40627720732504585,0.0,0.0
-1.8351877877405722,0.839831699474499,0.4096720062917094,0.0,0.0
-1.8351877877405722,0.9020414549911289,0.41335588526555167,0.0,0.0
-1.8351877877405722,0.9642512105077579,0.41733455520026236,0.0,0.0
-1.8351877877405722,1.0264609660243877,0.42161389450580355,0.0,0.0
-1.8351877877405722,1.0886707215410176,0.4261998655588768,0.0,0.0
-1.8351877877405722,1.1508804770576466,0.43109841221541284,0.0,0.0
-1.8351877877405722,1.2130902325742765,0.43631533472859296,0.0,0.0
-1.8351877877405722,1.2752999880909055,0.4418561379598826,0.0,0.0
-1.8351877877405722,1.3375097436075354,0.44772584823211165,0.0,0.0
-1.8351877877405722,1.3997194991241653,0.45392879363610866,0.0,0.0
-1.8351877877405722,1.4619292546407943,0.4604683421025323,0.0,0.0
-1.8351877877405722,1.5241390101574241,0.467346591143004,0.0,0.0
-1.8351877877405722,1.586348765674054,0.47456400292781115,0.0,0.0
-1.8351877877405722,1.648558521190683,0.48211897840987167,0.0,0.0
-1.8351877877405722,1.710768276707313,0.4900073646721252,0.0,0.0
-1.8351877877405722,1.7729780322239428,0.49822189075768586,0.0,0.0
-1.8351877877405722,1.8351877877405718,0.5067515291771612,0.0,0.0
-1.8351877877405722,1.8973975432572017,0.5155807833624143,0.0,0.0
-1.8351877877405722,1.9596072987738316,0.5246889058781656,0.0,0.0
-1.8351877877405722,2.0218170542904605,0.5340490585581501,0.0,0.0
-1.8351877877405722,2.0840268098070904,0.5436274342227421,0.0,0.0
-1.8351877877405722,2.1462365653237194,0.5533823704861125,0.0,0.0
-1.8351877877405722,2.2084463208403493,0.5632634993963572,0.0,0.0
-1.8351877877405722,2.270656076356979,0.5732109919459057,0.0,0.0
-1.8351877877405722,2.332865831873608,0.5831549729877643,0.0,0.0
-1.8351877877405722,2.395075587390238,0.5930151982225721,0.0,0.0
-1.8351877877405722,2.457285342906868,0.6027010982342523,0.0,0.0
-1.8351877877405722,2.519495098423497,0.6121123016810023,0.0,0.0
-1.8351877877405722,2.581704853940127,0.6211397465754058,0.0,0.0
-1.8351877877405722,2.6439146094567567,0.6296674707367177,0.0,0.0
-1.8351877877405722,2.7061243649733857,0.6375751362302229,0.0,0.0
-1.8351877877405722,2.7683341204900156,0.6447412860939746,0.0,0.0
-1.8351877877405722,2.8305438760066455,0.6510472564357487,0.0,0.0
-1.8351877877405722,2.8927536315232745,0.6563815792236096,0.0,0.0
-1.8351877877405722,2.9549633870399044,0.6606446220183856,0.0,0.0
-1.8351877877405722,3.0171731425565333,0.6637531358635147,0.0,0.0
-1.8351877877405722,3.0793828980731632,0.6656443384233423,0.0,0.0
-1.7729780322239428,-3.141592653589793,0.6472396474213991,0.0,0.0
-1.7729780322239428,-3.0793828980731637,0.6466576598876486,0.0,0.0
-1.7729780322239428,-3.017173142556534,0.6449233024956434,0.0,0.0
-1.7729780322239428,-2.9549633870399044,0.6420707892281714,0.0,0.0
-1.7729780322239428,-2.892753631523275,0.6381551980743027,0.0,0.0
-1.7729780322239428,-2.8305438760066455,0.6332497538843797,0.0,0.0
-1.7729780322239428,-2.7683341204900156,0.6274423932072255,0.0,0.0
-1.7729780322239428,-2.706124364973386,0.6208319111125499,0.0,0.0
-1.7729780322239428,-2.6439146094567567,0.6135239948042576,0.0,0.0
-1.7729780322239428,-2.581704853940127,0.6056274176824986,0.0,0.0
-1.7729780322239428,-2.5194950984234974,0.5972506107830514,0.0,0.0
-1.7729780322239428,-2.457285342906868,0.588498758883235,0.0,0.0
-1.7729780322239428,-2.395075587390238,0.5794714979793608,0.0,0.0
-1.7729780322239428,-2.3328658318736086,0.5702612284846907,0.0,0.0
-1.7729780322239428,-2.270656076356979,0.5609520098524118,0.0,0.0
-1.7729780322239428,-2.2084463208403498,0.5516189693310626,0.0,0.0
-1.7729780322239428,-2.1462365653237203,0.5423281393983406,0.0,0.0
-1.7729780322239428,-2.0840268098070904,0.5331366325796488,0.0,0.0
-1.7729780322239428,-2.021817054290461,0.5240930656010278,0.0,0.0
-1.7729780322239428,-1.9596072987738313,0.5152381539224862,0.0,0.0
-1.7729780322239428,-1.897397543257202,0.5066054098744368,0.0,0.0
-1.7729780322239428,-1.8351877877405722,0.49822189075768586,0.0,0.0
-1.7729780322239428,-1.7729780322239428,0.4901089559177856,0.0,0.0
-1.7729780322239428,-1.7107682767073131,0.48228300310287725,0.0,0.0
-1.7729780322239428,-1.6485585211906835,0.4747561639482071,0.0,0.0
-1.7729780322239428,-1.586348765674054,0.4675369461050343,0.0,0.0
-1.7729780322239428,-1.5241390101574244,0.4606308154506983,0.0,0.0
-1.7729780322239428,-1.461929254640795,0.45404071619225983,0.0,0.0
-1.7729780322239428,-1.3997194991241653,0.44776752976411216,0.0,0.0
-1.7729780322239428,-1.3375097436075358,0.441810475478158,0.0,0.0
-1.7729780322239428,-1.2752999880909062,0.43616745714982275,0.0,0.0
-1.7729780322239428,-1.2130902325742767,0.4308353605975287,0.0,0.0
-1.7729780322239428,-1.150880477057647,0.42581030716419344,0.0,0.0
-1.7729780322239428,-1.0886707215410176,0.42108786836891343,0.0,0.0
-1.7729780322239428,-1.0264609660243877,0.4166632465664632,0.0,0.0
-1.7729780322239428,-0.9642512105077583,0.4125314261468797,0.0,0.0
-1.7729780322239428,-0.9020414549911289,0.40868729940154275,0.0,0.0
-1.7729780322239428,-0.8398316994744994,0.40512577075377476,0.0,0.0
-1.7729780322239428,-0.7776219439578695,0.40184184262654843,0.0,0.0
-1.7729780322239428,-0.7154121884412401,0.3988306858136307,0.0,0.0
-1.7729780322239428,-0.6532024329246107,0.39608769684292877,0.0,0.0
-1.7729780322239428,-0.5909926774079808,0.39360854447670596,0.0,0.0
-1.7729780322239428,-0.5287829218913513,0.39138920718424824,0.0,0.0
-1.7729780322239428,-0.4665731663747219,0.38942600314785153,0.0,0.0
-1.7729780322239428,-0.40436341085809246,0.387715614120715,0.0,0.0
-1.7729780322239428,-0.3421536553414626,0.3862551042426784,0.0,0.0
-1.7729780322239428,-0.27994389982483314,0.38504193473358195,0.0,0.0
-1.7729780322239428,-0.2177341443082037,0.38407397522100384,0.0,0.0
-1.7729780322239428,-0.15552438879157382,0.38334951231593534,0.0,0.0
-1.7729780322239428,-0.09331463327494438,0.38286725592335047,0.0,0.0
-1.7729780322239428,-0.03110487775831494,0.38262634366153586,0.0,0.0
-1.7729780322239428,0.031104877758314498,0.38262634366153586,0.0,0.0
-1.7729780322239428,0.09331463327494438,0.38286725592335047,0.0,0.0
-1.7729780322239428,0.15552438879157382,0.38334951231593534,0.0,0.0
-1.7729780322239428,0.21773414430820326,0.38407397522100384,0.0,0.0
-1.7729780322239428,0.2799438998248327,0.38504193473358195,0.0,0.0
-1.7729780322239428,0.3421536553414626,0.3862551042426784,0.0,0.0
-1.7729780322239428,0.404363410858092,0.387715614120715,0.0,0.0
-1.7729780322239428,0.46657316637472146,0.38942600314785153,0.0,0.0
-1.7729780322239428,0.5287829218913513,0.39138920718424824,0.0,0.0
-1.7729780322239428,0.5909926774079808,0.39360854447670596,0.0,0.0
-1.7729780322239428,0.6532024329246102,0.3960876968429287,0.0,0.0
-1.7729780322239428,0.7154121884412397,0.3988306858136307,0.0,0.0
-1.7729780322239428,0.7776219439578695,0.40184184262654843,0.0,0.0
-1.7729780322239428,0.839831699474499,0.40512577075377476,0.0,0.0
-1.7729780322239428,0.9020414549911289,0.40868729940154275,0.0,0.0
-1.7729780322239428,0.9642512105077579,0.4125314261468797,0.0,0.0
-1.7729780322239428,1.0264609660243877,0.4166632465664632,0.0,0.0
-1.7729780322239428,1.0886707215410176,0.42108786836891343,0.0,0.0
-1.7729780322239428,1.1508804770576466,0.42581030716419344,0.0,0.0
-1.7729780322239428,1.2130902325742765,0.4308353605975286,0.0,0.0
-1.7729780322239428,1.2752999880909055,0.4361674571498227,0.0,0.0
-1.7729780322239428,1.3375097436075354,0.44181047547815794,0.0,0.0
-1.7729780322239428,1.3997194991241653,0.44776752976411216,0.0,0.0
-1.7729780322239428,1.4619292546407943,0.45404071619225983,0.0,0.0
-1.7729780322239428,1.5241390101574241,0.4606308154506983,0.0,0.0
-1.7729780322239428,1.586348765674054,0.4675369461050343,0.0,0.0
-1.7729780322239428,1.648558521190683,0.4747561639482071,0.0,0.0
-1.7729780322239428,1.710768276707313,0.48228300310287725,0.0,0.0
-1.7729780322239428,1.7729780322239428,0.4901089559177856,0.0,0.0
-1.7729780322239428,1.8351877877405718,0.49822189075768575,0.0,0.0
-1.7729780322239428,1.8973975432572017,0.5066054098744368,0.0,0.0
-1.7729780322239428,1.9596072987738316,0.5152381539224862,0.0,0.0
-1.7729780322239428,2.0218170542904605,0.5240930656010276,0.0,0.0
-1.7729780322239428,2.0840268098070904,0.5331366325796488,0.0,0.0
-1.7729780322239428,2.1462365653237194,0.5423281393983405,0.0,0.0
-1.7729780322239428,2.2084463208403493,0.5516189693310625,0.0,0.0
-1.7729780322239428,2.270656076356979,0.5609520098524118,0.0,0.0
-1.7729780322239428,2.332865831873608,0.5702612284846907,0.0,0.0
-1.7729780322239428,2.395075587390238,0.5794714979793608,0.0,0.0
-1.7729780322239428,2.457285342906868,0.588498758883235,0.0,0.0
-1.7729780322239428,2.519495098423497,0.5972506107830513,0.0,0.0
-1.7729780322239428,2.581704853940127,0.6056274176824986,0.0,0.0
-1.7729780322239428,2.6439146094567567,0.6135239948042576,0.0,0.0
-1.7729780322239428,2.7061243649733857,0.6208319111125498,0.0,0.0
-1.7729780322239428,2.7683341204900156,0.6274423932072255,0.0,0.0
-1.7729780322239428,2.8305438760066455,0.6332497538843797,0.0,0.0
-1.7729780322239428,2.8927536315232745,0.6381551980743027,0.0,0.0
-1.7729780322239428,2.9549633870399044,0.6420707892281714,0.0,0.0
-1.7729780322239428,3.0171731425565333,0.6449233024956433,0.0,0.0
-1.7729780322239428,3.0793828980731632,0.6466576598876485,0.0,0.0
-1.7107682767073131,-3.141592653589793,0.6295288257301758,0.0,0.0
-1.7107682767073131,-3.0793828980731637,0.6289932796834534,0.0,0.0
-1.7107682767073131,-3.017173142556534,0.6273968587597903,0.0,0.0
-1.7107682767073131,-2.9549633870399044,0.6247697093657009,0.0,0.0
-1.7107682767073131,-2.892753631523275,0.6211604395970515,0.0,0.0
-1.7107682767073131,-2.8305438760066455,0.6166338266943711,0.0,0.0
-1.7107682767073131,-2.7683341204900156,0.6112679049321514,0.0,0.0
-1.7107682767073131,-2.706124364973386,0.6051506782705057,0.0,0.0
-1.7107682767073131,-2.6439146094567567,0.5983767088998287,0.0,0.0
-1.7107682767073131,-2.581704853940127,0.5910438108181074,0.0,0.0
-1.7107682767073131,-2.5194950984234974,0.5832500343715686,0.0,0.0
-1.7107682767073131,-2.457285342906868,0.5750910728661839,0.0,0.0
-1.7107682767073131,-2.395075587390238,0.5666581652952958,0.0,0.0
-1.7107682767073131,-2.3328658318736086,0.5580365174181702,0.0,0.0
-1.7107682767073131,-2.270656076356979,0.5493042216590875,0.0,0.0
-1.7107682767073131,-2.2084463208403498,0.5405316266408875,0.0,0.0
-1.7107682767073131,-2.1462365653237203,0.5317810894586658,0.0,0.0
-1.7107682767073131,-2.0840268098070904,0.5231070363955032,0.0,0.0
-1.7107682767073131,-2.021817054290461,0.5145562583027761,0.0,0.0
-1.7107682767073131,-1.9596072987738313,0.5061683727925402,0.0,0.0
-1.7107682767073131,-1.897397543257202,0.49797639445148106,0.0,0.0
-1.7107682767073131,-1.8351877877405722,0.4900073646721253,0.0,0.0
-1.7107682767073131,-1.7729780322239428,0.48228300310287725,0.0,0.0
-1.7107682767073131,-1.7107682767073131,0.4748203523079268,0.0,0.0
-1.7107682767073131,-1.6485585211906835,0.4676323955468026,0.0,0.0
-1.7107682767073131,-1.586348765674054,0.4607286344582454,0.0,0.0
-1.7107682767073131,-1.5241390101574244,0.45411561887937807,0.0,0.0
-1.7107682767073131,-1.461929254640795,0.447797425176054,0.0,0.0
-1.7107682767073131,-1.3997194991241653,0.4417760824862998,0.0,0.0
-1.7107682767073131,-1.3375097436075358,0.43605194838503997,0.0,0.0
-1.7107682767073131,-1.2752999880909062,0.43062403685650924,0.0,0.0
-1.7107682767073131,-1.2130902325742767,0.4254903022820837,0.0,0.0
-1.7107682767073131,-1.150880477057647,0.4206478835606957,0.0,0.0
-1.7107682767073131,-1.0886707215410176,0.41609331259456867,0.0,0.0
-1.7107682767073131,-1.0264609660243877,0.41182269128756915,0.0,0.0
-1.7107682767073131,-0.9642512105077583,0.40783184098801906,0.0,0.0
-1.7107682767073131,-0.9020414549911289,0.40411642801502595,0.0,0.0
-1.7107682767073131,-0.8398316994744994,0.40067206857532034,0.0,0.0
-1.7107682767073131,-0.7776219439578695,0.3974944160327743,0.0,0.0
-1.7107682767073131,-0.7154121884412401,0.3945792331530283,0.0,0.0
-1.7107682767073131,-0.6532024329246107,0.3919224516222774,0.0,0.0
-1.7107682767073131,-0.5909926774079808,0.38952022083882637,0.0,0.0
-1.7107682767073131,-0.5287829218913513,0.3873689477017437,0.0,0.0
-1.7107682767073131,-0.4665731663747219,0.38546532887370827,0.0,0.0
-1.7107682767073131,-0.40436341085809246,0.38380637677432605,0.0,0.0
-1.7107682767073131,-0.3421536553414626,0.38238944036414946,0.0,0.0
-1.7107682767073131,-0.27994389982483314,0.3812122216061596,0.0,0.0
-1.7107682767073131,-0.2177341443082037,0.3802727883380277,0.0,0.0
-1.7107682767073131,-0.15552438879157382,0.3795695841524057,0.0,0.0
-1.7107682767073131,-0.09331463327494438,0.3791014357611191,0.0,0.0
-1.7107682767073131,-0.03110487775831494,0.37886755820981616,0.0,0.0
-1.7107682767073131,0.031104877758314498,0.37886755820981616,0.0,0.0
-1.7107682767073131,0.09331463327494438,0.3791014357611191,0.0,0.0
-1.7107682767073131,0.15552438879157382,0.3795695841524057,0.0,0.0
-1.7107682767073131,0.21773414430820326,0.3802727883380277,0.0,0.0
-1.7107682767073131,0.2799438998248327,0.3812122216061596,0.0,0.0
-1.7107682767073131,0.3421536553414626,0.38238944036414946,0.0,0.0
-1.7107682767073131,0.404363410858092,0.38380637677432605,0.0,0.0
-1.7107682767073131,0.46657316637472146,0.3854653288737083,0.0,0.0
-1.7107682767073131,0.5287829218913513,0.3873689477017437,0.0,0.0
-1.7107682767073131,0.5909926774079808,0.38952022083882637,0.0,0.0
-1.7107682767073131,0.6532024329246102,0.39192245162227735,0.0,0.0
-1.7107682767073131,0.7154121884412397,0.3945792331530283,0.0,0.0
-1.7107682767073131,0.7776219439578695,0.3974944160327743,0.0,0.0
-1.7107682767073131,0.839831699474499,0.40067206857532034,0.0,0.0
-1.7107682767073131,0.9020414549911289,0.40411642801502595,0.0,0.0
-1.7107682767073131,0.9642512105077579,0.40783184098801906,0.0,0.0
-1.7107682767073131,1.0264609660243877,0.41182269128756915,0.0,0.0
-1.7107682767073131,1.0886707215410176,0.41609331259456867,0.0,0.0
-1.7107682767073131,1.1508804770576466,0.4206478835606956,0.0,0.0
-1.7107682767073131,1.2130902325742765,0.4254903022820836,0.0,0.0
-1.7107682767073131,1.2752999880909055,0.43062403685650924,0.0,0.0
-1.7107682767073131,1.3375097436075354,0.4360519483850399,0.0,0.0
-1.7107682767073131,1.3997194991241653,0.4417760824862998,0.0,0.0
-1.7107682767073131,1.4619292546407943,0.4477974251760539,0.0,0.0
-1.7107682767073131,1.5241390101574241,0.45411561887937807,0.0,0.0
-1.7107682767073131,1.586348765674054,0.4607286344582454,0.0,0.0
-1.7107682767073131,1.648558521190683,0.4676323955468025,0.0,0.0
-1.7107682767073131,1.710768276707313,0.47482035230792674,0.0,0.0
-1.7107682767073131,1.7729780322239428,0.48228300310287725,0.0,0.0
-1.7107682767073131,1.8351877877405718,0.4900073646721252,0.0,0.0
-1.7107682767073131,1.8973975432572017,0.49797639445148095,0.0,0.0
-1.7107682767073131,1.9596072987738316,0.5061683727925402,0.0,0.0
-1.7107682767073131,2.0218170542904605,0.514556258302776,0.0,0.0
-1.7107682767073131,2.0840268098070904,0.5231070363955032,0.0,0.0
-1.7107682767073131,2.1462365653237194,0.5317810894586656,0.0,0.0
-1.7107682767073131,2.2084463208403493,0.5405316266408875,0.0,0.0
-1.7107682767073131,2.270656076356979,0.5493042216590875,0.0,0.0
-1.7107682767073131,2.332865831873608,0.5580365174181702,0.0,0.0
-1.7107682767073131,2.395075587390238,0.5666581652952958,0.0,0.0
-1.7107682767073131,2.457285342906868,0.5750910728661839,0.0,0.0
-1.7107682767073131,2.519495098423497,0.5832500343715686,0.0,0.0
-1.7107682767073131,2.581704853940127,0.5910438108181074,0.0,0.0
-1.7107682767073131,2.6439146094567567,0.5983767088998287,0.0,0.0
-1.7107682767073131,2.7061243649733857,0.6051506782705057,0.0,0.0
-1.7107682767073131,2.7683341204900156,0.6112679049321514,0.0,0.0
-1.7107682767073131,2.8305438760066455,0.6166338266943711,0.0,0.0
-1.7107682767073131,2.8927536315232745,0.6211604395970515,0.0,0.0
-1.7107682767073131,2.9549633870399044,0.6247697093657009,0.0,0.0
-1.7107682767073131,3.0171731425565333,0.6273968587597903,0.0,0.0
-1.7107682767073131,3.0793828980731632,0.6289932796834534,0.0,0.0
-1.6485585211906835,-3.141592653589793,0.6130583840656563,0.0,0.0
-1.6485585211906835,-3.0793828980731637,0.6125637499402834,0.0,0.0
-1.6485585211906835,-3.017173142556534,0.6110888978841885,0.0,0.0
-1.6485585211906835,-2.9549633870399044,0.6086605509742321,0.0,0.0
-1.6485585211906835,-2.892753631523275,0.6053218604696725,0.0,0.0
-1.6485585211906835,-2.8305438760066455,0.6011304559770636,0.0,0.0
-1.6485585211906835,-2.7683341204900156,0.5961559580137548,0.0,0.0
-1.6485585211906835,-2.706124364973386,0.5904771538014658,0.0,0.0
-1.6485585211906835,-2.6439146094567567,0.5841790448773694,0.0,0.0
-1.6485585211906835,-2.581704853940127,0.5773499596118342,0.0,0.0
-1.6485585211906835,-2.5194950984234974,0.5700788905602877,0.0,0.0
-1.6485585211906835,-2.457285342906868,0.5624531730983562,0.0,0.0
-1.6485585211906835,-2.395075587390238,0.5545565753890763,0.0,0.0
-1.6485585211906835,-2.3328658318736086,0.5464678265359908,0.0,0.0
-1.6485585211906835,-2.270656076356979,0.5382595739328395,0.0,0.0
-1.6485585211906835,-2.2084463208403498,0.5299977343698195,0.0,0.0
-1.6485585211906835,-2.1462365653237203,0.5217411866388065,0.0,0.0
-1.6485585211906835,-2.0840268098070904,0.5135417451654455,0.0,0.0
-1.6485585211906835,-2.021817054290461,0.5054443528497327,0.0,0.0
-1.6485585211906835,-1.9596072987738313,0.49748743485934277,0.0,0.0
-1.6485585211906835,-1.897397543257202,0.48970336174632795,0.0,0.0
-1.6485585211906835,-1.8351877877405722,0.4821189784098718,0.0,0.0
-1.6485585211906835,-1.7729780322239428,0.4747561639482071,0.0,0.0
-1.6485585211906835,-1.7107682767073131,0.4676323955468026,0.0,0.0
-1.6485585211906835,-1.6485585211906835,0.4607612967710482,0.0,0.0
-1.6485585211906835,-1.586348765674054,0.4541531567491696,0.0,0.0
-1.6485585211906835,-1.5241390101574244,0.4478154116973712,0.0,0.0
-1.6485585211906835,-1.461929254640795,0.44175308411697595,0.0,0.0
-1.6485585211906835,-1.3997194991241653,0.43596917790668555,0.0,0.0
-1.6485585211906835,-1.3375097436075358,0.43046502973232154,0.0,0.0
-1.6485585211906835,-1.2752999880909062,0.42524061843482863,0.0,0.0
-1.6485585211906835,-1.2130902325742767,0.4202948351774318,0.0,0.0
-1.6485585211906835,-1.150880477057647,0.41562571755926164,0.0,0.0
-1.6485585211906835,-1.0886707215410176,0.41123065115976004,0.0,0.0
-1.6485585211906835,-1.0264609660243877,0.4071065420099043,0.0,0.0
-1.6485585211906835,-0.9642512105077583,0.40324996337865054,0.0,0.0
-1.6485585211906835,-0.9020414549911289,0.3996572800661953,0.0,0.0
-1.6485585211906835,-0.8398316994744994,0.3963247531469238,0.0,0.0
-1.6485585211906835,-0.7776219439578695,0.39324862783104386,0.0,0.0
-1.6485585211906835,-0.7154121884412401,0.39042520683360854,0.0,0.0
-1.6485585211906835,-0.6532024329246107,0.3878509113654012,0.0,0.0
-1.6485585211906835,-0.5909926774079808,0.3855223315998743,0.0,0.0
-1.6485585211906835,-0.5287829218913513,0.383436268228519,0.0,0.0
-1.6485585211906835,-0.4665731663747219,0.38158976649580684,0.0,0.0
-1.6485585211906835,-0.40436341085809246,0.37998014390464807,0.0,0.0
-1.6485585211906835,-0.3421536553414626,0.3786050126034698,0.0,0.0
-1.6485585211906835,-0.27994389982483314,0.3774622973051599,0.0,0.0
-1.6485585211906835,-0.2177341443082037,0.37655024944440957,0.0,0.0
-1.6485585211906835,-0.15552438879157382,0.3758674581513487,0.0,0.0
-1.6485585211906835,-0.09331463327494438,0.37541285850362716,0.0,0.0
-1.6485585211906835,-0.03110487775831494,0.3751857374140174,0.0,0.0
-1.6485585211906835,0.031104877758314498,0.3751857374140174,0.0,0.0
-1.6485585211906835,0.09331463327494438,0.37541285850362716,0.0,0.0
-1.6485585211906835,0.15552438879157382,0.3758674581513487,0.0,0.0
-1.6485585211906835,0.21773414430820326,0.37655024944440957,0.0,0.0
-1.6485585211906835,0.2799438998248327,0.3774622973051599,0.0,0.0
-1.6485585211906835,0.3421536553414626,0.3786050126034698,0.0,0.0
-1.6485585211906835,0.404363410858092,0.37998014390464807,0.0,0.0
-1.6485585211906835,0.46657316637472146,0.38158976649580684,0.0,0.0
-1.6485585211906835,0.5287829218913513,0.383436268228519,0.0,0.0
-1.6485585211906835,0.5909926774079808,0.3855223315998743,0.0,0.0
-1.6485585211906835,0.6532024329246102,0.3878509113654012,0.0,0.0
-1.6485585211906835,0.7154121884412397,0.39042520683360854,0.0,0.0
-1.6485585211906835,0.7776219439578695,0.39324862783104386,0.0,0.0
-1.6485585211906835,0.839831699474499,0.3963247531469237,0.0,0.0
-1.6485585211906835,0.9020414549911289,0.3996572800661953,0.0,0.0
-1.6485585211906835,0.9642512105077579,0.4032499633786505,0.0,0.0
-1.6485585211906835,1.0264609660243877,0.4071065420099043,0.0,0.0
-1.6485585211906835,1.0886707215410176,0.41123065115976004,0.0,0.0
-1.6485585211906835,1.1508804770576466,0.41562571755926164,0.0,0.0
-1.6485585211906835,1.2130902325742765,0.42029483517743177,0.0,0.0
-1.6485585211906835,1.2752999880909055,0.4252406184348286,0.0,0.0
-1.6485585211906835,1.3375097436075354,0.4304650297323215,0.0,0.0
-1.6485585211906835,1.3997194991241653,0.43596917790668555,0.0,0.0
-1.6485585211906835,1.4619292546407943,0.4417530841169759,0.0,0.0
-1.6485585211906835,1.5241390101574241,0.4478154116973712,0.0,0.0
-1.6485585211906835,1.586348765674054,0.4541531567491696,0.0,0.0
-1.6485585211906835,1.648558521190683,0.46076129677104816,0.0,0.0
-1.6485585211906835,1.710768276707313,0.4676323955468025,0.0,0.0
-1.6485585211906835,1.7729780322239428,0.4747561639482071,0.0,0.0
-1.6485585211906835,1.8351877877405718,0.48211897840987167,0.0,0.0
-1.6485585211906835,1.8973975432572017,0.48970336174632784,0.0,0.0
-1.6485585211906835,1.9596072987738316,0.49748743485934277,0.0,0.0
-1.6485585211906835,2.0218170542904605,0.5054443528497325,0.0,0.0
-1.6485585211906835,2.0840268098070904,0.5135417451654455,0.0,0.0
-1.6485585211906835,2.1462365653237194,0.5217411866388064,0.0,0.0
-1.6485585211906835,2.2084463208403493,0.5299977343698193,0.0,0.0
-1.6485585211906835,2.270656076356979,0.5382595739328395,0.0,0.0
-1.6485585211906835,2.332865831873608,0.5464678265359907,0.0,0.0
-1.6485585211906835,2.395075587390238,0.5545565753890763,0.0,0.0
-1.6485585211906835,2.457285342906868,0.5624531730983562,0.0,0.0
-1.6485585211906835,2.519495098423497,0.5700788905602877,0.0,0.0
-1.6485585211906835,2.581704853940127,0.5773499596118342,0.0,0.0
-1.6485585211906835,2.6439146094567567,0.5841790448773694,0.0,0.0
-1.6485585211906835,2.7061243649733857,0.5904771538014658,0.0,0.0
-1.6485585211906835,2.7683341204900156,0.5961559580137548,0.0,0.0
-1.6485585211906835,2.8305438760066455,0.6011304559770636,0.0,0.0
-1.6485585211906835,2.8927536315232745,0.6053218604696725,0.0,0.0
-1.6485585211906835,2.9549633870399044,0.6086605509742321,0.0,0.0
-1.6485585211906835,3.0171731425565333,0.6110888978841884,0.0,0.0
-1.6485585211906835,3.0793828980731632,0.6125637499402834,0.0,0.0
-1.586348765674054,-3.141592653589793,0.5977452090532855,0.0,0.0
-1.586348765674054,-3.0793828980731637,0.5972866948404554,0.0,0.0
-1.586348765674054,-3.017173142556534,0.5959192169750707,0.0,0.0
-1.586348765674054,-2.9549633870399044,0.5936666044032848,0.0,0.0
-1.586348765674054,-2.892753631523275,0.5905673861180992,0.0,0.0
-1.586348765674054,-2.8305438760066455,0.5866731197079601,0.0,0.0
-1.586348765674054,-2.7683341204900156,0.5820462507352724,0.0,0.0
-1.586348765674054,-2.706124364973386,0.576757669541511,0.0,0.0
-1.586348765674054,-2.6439146094567567,0.5708841401463177,0.0,0.0
-1.586348765674054,-2.581704853940127,0.5645057650351633,0.0,0.0
-1.586348765674054,-2.5194950984234974,0.5577036239827391,0.0,0.0
-1.586348765674054,-2.457285342906868,0.5505576903118814,0.0,0.0
-1.586348765674054,-2.395075587390238,0.5431450900161257,0.0,0.0
-1.586348765674054,-2.3328658318736086,0.5355387330068572,0.0,0.0
-1.586348765674054,-2.270656076356979,0.5278063149501034,0.0,0.0
-1.586348765674054,-2.2084463208403498,0.5200096646679999,0.0,0.0
-1.586348765674054,-2.1462365653237203,0.5122043963752815,0.0,0.0
-1.586348765674054,-2.0840268098070904,0.5044398174998614,0.0,0.0
-1.586348765674054,-2.021817054290461,0.496759040245583,0.0,0.0
-1.586348765674054,-1.9596072987738313,0.4891992468754762,0.0,0.0
-1.586348765674054,-1.897397543257202,0.4817920634278971,0.0,0.0
-1.586348765674054,-1.8351877877405722,0.47456400292781115,0.0,0.0
-1.586348765674054,-1.7729780322239428,0.4675369461050343,0.0,0.0
-1.586348765674054,-1.7107682767073131,0.4607286344582454,0.0,0.0
-1.586348765674054,-1.6485585211906835,0.4541531567491696,0.0,0.0
-1.586348765674054,-1.586348765674054,0.44782141542871184,0.0,0.0
-1.586348765674054,-1.5241390101574244,0.4417415639954742,0.0,0.0
-1.586348765674054,-1.461929254640795,0.43591940988172045,0.0,0.0
-1.586348765674054,-1.3997194991241653,0.4303587802306114,0.0,0.0
-1.586348765674054,-1.3375097436075358,0.4250618499817429,0.0,0.0
-1.586348765674054,-1.2752999880909062,0.4200294331404102,0.0,0.0
-1.586348765674054,-1.2130902325742767,0.415261239086953,0.0,0.0
-1.586348765674054,-1.150880477057647,0.4107560963921179,0.0,0.0
-1.586348765674054,-1.0886707215410176,0.40651214693385296,0.0,0.0
-1.586348765674054,-1.0264609660243877,0.40252701323581375,0.0,0.0
-1.586348765674054,-0.9642512105077583,0.39879794192861645,0.0,0.0
-1.586348765674054,-0.9020414549911289,0.39532192611866224,0.0,0.0
-1.586348765674054,-0.8398316994744994,0.3920958092719993,0.0,0.0
-1.586348765674054,-0.7776219439578695,0.3891163730086454,0.0,0.0
-1.586348765674054,-0.7154121884412401,0.38638041097510367,0.0,0.0
-1.586348765674054,-0.6532024329246107,0.38388479073269005,0.0,0.0
-1.586348765674054,-0.5909926774079808,0.3816265053755452,0.0,0.0
-1.586348765674054,-0.5287829218913513,0.37960271638032794,0.0,0.0
-1.586348765674054,-0.4665731663747219,0.3778107889926334,0.0,0.0
-1.586348765674054,-0.40436341085809246,0.3762483212745094,0.0,0.0
-1.586348765674054,-0.3421536553414626,0.37491316777316985,0.0,0.0
-1.586348765674054,-0.27994389982483314,0.3738034586224561,0.0,0.0
-1.586348765674054,-0.2177341443082037,0.3729176147545478,0.0,0.0
-1.586348765674054,-0.15552438879157382,0.37225435977832555,0.0,0.0
-1.586348765674054,-0.09331463327494438,0.3718127289708995,0.0,0.0
-1.586348765674054,-0.03110487775831494,0.37159207572830094,0.0,0.0
-1.586348765674054,0.031104877758314498,0.37159207572830094,0.0,0.0
-1.586348765674054,0.09331463327494438,0.3718127289708995,0.0,0.0
-1.586348765674054,0.15552438879157382,0.37225435977832555,0.0,0.0
-1.586348765674054,0.21773414430820326,0.3729176147545478,0.0,0.0
-1.586348765674054,0.2799438998248327,0.37380345862245606,0.0,0.0
-1.586348765674054,0.3421536553414626,0.37491316777316985,0.0,0.0
-1.586348765674054,0.404363410858092,0.3762483212745094,0.0,0.0
-1.586348765674054,0.46657316637472146,0.37781078899263343,0.0,0.0
-1.586348765674054,0.5287829218913513,0.37960271638032794,0.0,0.0
-1.586348765674054,0.5909926774079808,0.3816265053755452,0.0,0.0
-1.586348765674054,0.6532024329246102,0.38388479073269005,0.0,0.0
-1.586348765674054,0.7154121884412397,0.3863804109751036,0.0,0.0
-1.586348765674054,0.7776219439578695,0.3891163730086454,0.0,0.0
-1.586348765674054,0.839831699474499,0.3920958092719992,0.0,0.0
-1.586348765674054,0.9020414549911289,0.39532192611866224,0.0,0.0
-1.586348765674054,0.9642512105077579,0.39879794192861645,0.0,0.0
-1.586348765674054,1.0264609660243877,0.40252701323581375,0.0,0.0
-1.586348765674054,1.0886707215410176,0.40651214693385296,0.0,0.0
-1.586348765674054,1.1508804770576466,0.4107560963921179,0.0,0.0
-1.586348765674054,1.2130902325742765,0.41526123908695295,0.0,0.0
-1.586348765674054,1.2752999880909055,0.4200294331404102,0.0,0.0
-1.586348765674054,1.3375097436075354,0.4250618499817429,0.0,0.0
-1.586348765674054,1.3997194991241653,0.4303587802306114,0.0,0.0
-1.586348765674054,1.4619292546407943,0.4359194098817204,0.0,0.0
-1.586348765674054,1.5241390101574241,0.4417415639954742,0.0,0.0
-1.586348765674054,1.586348765674054,0.44782141542871184,0.0,0.0
-1.586348765674054,1.648558521190683,0.45415315674916956,0.0,0.0
-1.586348765674054,1.710768276707313,0.4607286344582454,0.0,0.0
-1.586348765674054,1.7729780322239428,0.4675369461050343,0.0,0.0
-1.586348765674054,1.8351877877405718,0.47456400292781115,0.0,0.0
-1.586348765674054,1.8973975432572017,0.48179206342789704,0.0,0.0
-1.586348765674054,1.9596072987738316,0.4891992468754762,0.0,0.0
-1.586348765674054,2.0218170542904605,0.4967590402455829,0.0,0.0
-1.586348765674054,2.0840268098070904,0.5044398174998614,0.0,0.0
-1.586348765674054,2.1462365653237194,0.5122043963752814,0.0,0.0
-1.586348765674054,2.2084463208403493,0.5200096646679999,0.0,0.0
-1.586348765674054,2.270656076356979,0.5278063149501034,0.0,0.0
-1.586348765674054,2.332865831873608,0.5355387330068572,0.0,0.0
-1.586348765674054,2.395075587390238,0.5431450900161257,0.0,0.0
-1.586348765674054,2.457285342906868,0.5505576903118814,0.0,0.0
-1.586348765674054,2.519495098423497,0.557703623982739,0.0,0.0
-1.586348765674054,2.581704853940127,0.5645057650351633,0.0,0.0
-1.586348765674054,2.6439146094567567,0.5708841401463177,0.0,0.0
-1.586348765674054,2.7061243649733857,0.576757669541511,0.0,0.0
-1.586348765674054,2.7683341204900156,0.5820462507352724,0.0,0.0
-1.586348765674054,2.8305438760066455,0.5866731197079601,0.0,0.0
-1.586348765674054,2.8927536315232745,0.5905673861180992,0.0,0.0
-1.586348765674054,2.9549633870399044,0.5936666044032848,0.0,0.0
-1.586348765674054,3.0171731425565333,0.5959192169750707,0.0,0.0
-1.586348765674054,3.0793828980731632,0.5972866948404554,0.0,0.0
-1.5241390101574244,-3.141592653589793,0.5835117498366202,0.0,0.0
-1.5241390101574244,-3.0793828980731637,0.5830851930887999,0.0,0.0
-1.5241390101574244,-3.017173142556534,0.5818127514935728,0.0,0.0
-1.5241390101574244,-2.9549633870399044,0.5797157964752679,0.0,0.0
-1.5241390101574244,-2.892753631523275,0.5768289251378671,0.0,0.0
-1.5241390101574244,-2.8305438760066455,0.5731985163662672,0.0,0.0
-1.5241390101574244,-2.7683341204900156,0.568880875073477,0.0,0.0
-1.5241390101574244,-2.706124364973386,0.5639401040466052,0.0,0.0
-1.5241390101574244,-2.6439146094567567,0.5584458508500038,0.0,0.0
-1.5241390101574244,-2.581704853940127,0.5524710696811854,0.0,0.0
-1.5241390101574244,-2.5194950984234974,0.5460899180850214,0.0,0.0
-1.5241390101574244,-2.457285342906868,0.5393758804408858,0.0,0.0
-1.5241390101574244,-2.395075587390238,0.5324001788517079,0.0,0.0
-1.5241390101574244,-2.3328658318736086,0.525230501629618,0.0,0.0
-1.5241390101574244,-2.270656076356979,0.5179300530509328,0.0,0.0
-1.5241390101574244,-2.2084463208403498,0.510556907233361,0.0,0.0
-1.5241390101574244,-2.1462365653237203,0.5031636344809277,0.0,0.0
-1.5241390101574244,-2.0840268098070904,0.49579715994159085,0.0,0.0
-1.5241390101574244,-2.021817054290461,0.48849881103425336,0.0,0.0
-1.5241390101574244,-1.9596072987738313,0.4813045106505831,0.0,0.0
-1.5241390101574244,-1.897397543257202,0.4742450764091516,0.0,0.0
-1.5241390101574244,-1.8351877877405722,0.467346591143004,0.0,0.0
-1.5241390101574244,-1.7729780322239428,0.4606308154506983,0.0,0.0
-1.5241390101574244,-1.7107682767073131,0.45411561887937807,0.0,0.0
-1.5241390101574244,-1.6485585211906835,0.4478154116973712,0.0,0.0
-1.5241390101574244,-1.586348765674054,0.4417415639954742,0.0,0.0
-1.5241390101574244,-1.5241390101574244,0.43590280291203326,0.0,0.0
-1.5241390101574244,-1.461929254640795,0.43030558208681874,0.0,0.0
-1.5241390101574244,-1.3997194991241653,0.42495442005508305,0.0,0.0
-1.5241390101574244,-1.3375097436075358,0.4198522062740833,0.0,0.0
-1.5241390101574244,-1.2752999880909062,0.4150004749232133,0.0,0.0
-1.5241390101574244,-1.2130902325742767,0.4103996476313449,0.0,0.0
-1.5241390101574244,-1.150880477057647,0.40604924695062805,0.0,0.0
-1.5241390101574244,-1.0886707215410176,0.4019480827940784,0.0,0.0
-1.5241390101574244,-1.0264609660243877,0.3980944142519726,0.0,0.0
-1.5241390101574244,-0.9642512105077583,0.3944860892543908,0.0,0.0
-1.5241390101574244,-0.9020414549911289,0.3911206644980176,0.0,0.0
-1.5241390101574244,-0.8398316994744994,0.38799550793852305,0.0,0.0
-1.5241390101574244,-0.7776219439578695,0.3851078859911998,0.0,0.0
-1.5241390101574244,-0.7154121884412401,0.38245503740098996,0.0,0.0
-1.5241390101574244,-0.6532024329246107,0.38003423555216875,0.0,0.0
-1.5241390101574244,-0.5909926774079808,0.37784284079714386,0.0,0.0
-1.5241390101574244,-0.5287829218913513,0.37587834419927585,0.0,0.0
-1.5241390101574244,-0.4665731663747219,0.37413840391011827,0.0,0.0
-1.5241390101574244,-0.40436341085809246,0.37262087523907944,0.0,0.0
-1.5241390101574244,-0.3421536553414626,0.3713238353239878,0.0,0.0
-1.5241390101574244,-0.27994389982483314,0.37024560317433286,0.0,0.0
-1.5241390101574244,-0.2177341443082037,0.36938475573433227,0.0,0.0
-1.5241390101574244,-0.15552438879157382,0.36874014049936765,0.0,0.0
-1.5241390101574244,-0.09331463327494438,0.36831088511537613,0.0,0.0
-1.5241390101574244,-0.03110487775831494,0.36809640429498924,0.0,0.0
-1.5241390101574244,0.031104877758314498,0.36809640429498924,0.0,0.0
-1.5241390101574244,0.09331463327494438,0.36831088511537613,0.0,0.0
-1.5241390101574244,0.15552438879157382,0.36874014049936765,0.0,0.0
-1.5241390101574244,0.21773414430820326,0.36938475573433227,0.0,0.0
-1.5241390101574244,0.2799438998248327,0.37024560317433286,0.0,0.0
-1.5241390101574244,0.3421536553414626,0.3713238353239878,0.0,0.0
-1.5241390101574244,0.404363410858092,0.3726208752390794,0.0,0.0
-1.5241390101574244,0.46657316637472146,0.37413840391011827,0.0,0.0
-1.5241390101574244,0.5287829218913513,0.37587834419927585,0.0,0.0
-1.5241390101574244,0.5909926774079808,0.37784284079714386,0.0,0.0
-1.5241390101574244,0.6532024329246102,0.3800342355521687,0.0,0.0
-1.5241390101574244,0.7154121884412397,0.38245503740098996,0.0,0.0
-1.5241390101574244,0.7776219439578695,0.3851078859911998,0.0,0.0
-1.5241390101574244,0.839831699474499,0.38799550793852305,0.0,0.0
-1.5241390101574244,0.9020414549911289,0.3911206644980176,0.0,0.0
-1.5241390101574244,0.9642512105077579,0.39448608925439077,0.0,0.0
-1.5241390101574244,1.0264609660243877,0.3980944142519726,0.0,0.0
-1.5241390101574244,1.0886707215410176,0.4019480827940784,0.0,0.0
-1.5241390101574244,1.1508804770576466,0.40604924695062805,0.0,0.0
-1.5241390101574244,1.2130902325742765,0.4103996476313449,0.0,0.0
-1.5241390101574244,1.2752999880909055,0.41500047492321324,0.0,0.0
-1.5241390101574244,1.3375097436075354,0.41985220627408326,0.0,0.0
-1.5241390101574244,1.3997194991241653,0.42495442005508305,0.0,0.0
-1.5241390101574244,1.4619292546407943,0.4303055820868187,0.0,0.0
-1.5241390101574244,1.5241390101574241,0.43590280291203326,0.0,0.0
-1.5241390101574244,1.586348765674054,0.4417415639954742,0.0,0.0
-1.5241390101574244,1.648558521190683,0.4478154116973712,0.0,0.0
-1.5241390101574244,1.710768276707313,0.45411561887937807,0.0,0.0
-1.5241390101574244,1.7729780322239428,0.4606308154506983,0.0,0.0
-1.5241390101574244,1.8351877877405718,0.467346591143004,0.0,0.0
-1.5241390101574244,1.8973975432572017,0.4742450764091516,0.0,0.0
-1.5241390101574244,1.9596072987738316,0.48130451065058316,0.0,0.0
-1.5241390101574244,2.0218170542904605,0.4884988110342533,0.0,0.0
-1.5241390101574244,2.0840268098070904,0.49579715994159085,0.0,0.0
-1.5241390101574244,2.1462365653237194,0.5031636344809276,0.0,0.0
-1.5241390101574244,2.2084463208403493,0.5105569072333609,0.0,0.0
-1.5241390101574244,2.270656076356979,0.5179300530509328,0.0,0.0
-1.5241390101574244,2.332865831873608,0.5252305016296179,0.0,0.0
-1.5241390101574244,2.395075587390238,0.5324001788517079,0.0,0.0
-1.5241390101574244,2.457285342906868,0.5393758804408858,0.0,0.0
-1.5241390101574244,2.519495098423497,0.5460899180850214,0.0,0.0
-1.5241390101574244,2.581704853940127,0.5524710696811854,0.0,0.0
-1.5241390101574244,2.6439146094567567,0.5584458508500038,0.0,0.0
-1.5241390101574244,2.7061243649733857,0.5639401040466052,0.0,0.0
-1.5241390101574244,2.7683341204900156,0.568880875073477,0.0,0.0
-1.5241390101574244,2.8305438760066455,0.5731985163662672,0.0,0.0
-1.5241390101574244,2.8927536315232745,0.5768289251378671,0.0,0.0
-1.5241390101574244,2.9549633870399044,0.5797157964752679,0.0,0.0
-1.5241390101574244,3.0171731425565333,0.5818127514935728,0.0,0.0
-1.5241390101574244,3.0793828980731632,0.5830851930887999,0.0,0.0
-1.461929254640795,-3.141592653589793,0.5702861123546153,0.0,0.0
-1.461929254640795,-3.0793828980731637,0.5698878880842987,0.0,0.0
-1.461929254640795,-3.017173142556534,0.5686997314901234,0.0,0.0
-1.461929254640795,-2.9549633870399044,0.5667409183423762,0.0,0.0
-1.461929254640795,-2.892753631523275,0.5640426874357521,0.0,0.0
-1.461929254640795,-2.8305438760066455,0.5606469838301164,0.0,0.0
-1.461929254640795,-2.7683341204900156,0.5566048384091359,0.0,0.0
-1.461929254640795,-2.706124364973386,0.5519745015315877,0.0,0.0
-1.461929254640795,-2.6439146094567567,0.5468194562744519,0.0,0.0
-1.461929254640795,-2.581704853940127,0.5412064315826823,0.0,0.0
-1.461929254640795,-2.5194950984234974,0.5352035199386483,0.0,0.0
-1.461929254640795,-2.457285342906868,0.5288784814326435,0.0,0.0
-1.461929254640795,-2.395075587390238,0.5222972901551564,0.0,0.0
-1.461929254640795,-2.3328658318736086,0.5155229530792695,0.0,0.0
-1.461929254640795,-2.270656076356979,0.5086146086849186,0.0,0.0
-1.461929254640795,-2.2084463208403498,0.5016268941268692,0.0,0.0
-1.461929254640795,-2.1462365653237203,0.49460955643723514,0.0,0.0
-1.461929254640795,-2.0840268098070904,0.4876072749783241,0.0,0.0
-1.461929254640795,-2.021817054290461,0.4806596584939228,0.0,0.0
-1.461929254640795,-1.9596072987738313,0.4738013797391994,0.0,0.0
-1.461929254640795,-1.897397543257202,0.4670624128178314,0.0,0.0
-1.461929254640795,-1.8351877877405722,0.4604683421025324,0.0,0.0
-1.461929254640795,-1.7729780322239428,0.4540407161922599,0.0,0.0
-1.461929254640795,-1.7107682767073131,0.447797425176054,0.0,0.0
-1.461929254640795,-1.6485585211906835,0.44175308411697595,0.0,0.0
-1.461929254640795,-1.586348765674054,0.43591940988172045,0.0,0.0
-1.461929254640795,-1.5241390101574244,0.43030558208681874,0.0,0.0
-1.461929254640795,-1.461929254640795,0.42491858196562604,0.0,0.0
-1.461929254640795,-1.3997194991241653,0.4197635053968873,0.0,0.0
-1.461929254640795,-1.3375097436075358,0.4148438482277434,0.0,0.0
-1.461929254640795,-1.2752999880909062,0.41016176344247723,0.0,0.0
-1.461929254640795,-1.2130902325742767,0.40571829075016796,0.0,0.0
-1.461929254640795,-1.150880477057647,0.40151355986481435,0.0,0.0
-1.461929254640795,-1.0886707215410176,0.39754696919877736,0.0,0.0
-1.461929254640795,-1.0264609660243877,0.3938173419439496,0.0,0.0
-1.461929254640795,-0.9642512105077583,0.39032306162460684,0.0,0.0
-1.461929254640795,-0.9020414549911289,0.3870621892117755,0.0,0.0
-1.461929254640795,-0.8398316994744994,0.38403256382313006,0.0,0.0
-1.461929254640795,-0.7776219439578695,0.3812318889195467,0.0,0.0
-1.461929254640795,-0.7154121884412401,0.3786578057680723,0.0,0.0
-1.461929254640795,-0.6532024329246107,0.3763079557848467,0.0,0.0
-1.461929254640795,-0.5909926774079808,0.3741800332101624,0.0,0.0
-1.461929254640795,-0.5287829218913513,0.37227182940802633,0.0,0.0
-1.461929254640795,-0.4665731663747219,0.37058126992863705,0.0,0.0
-1.461929254640795,-0.40436341085809246,0.36910644532672526,0.0,0.0
-1.461929254640795,-0.3421536553414626,0.3678456365930272,0.0,0.0
-1.461929254640795,-0.27994389982483314,0.36679733593068214,0.0,0.0
-1.461929254640795,-0.2177341443082037,0.3659602634928076,0.0,0.0
-1.461929254640795,-0.15552438879157382,0.3653333805912069,0.0,0.0
-1.461929254640795,-0.09331463327494438,0.3649158997881066,0.0,0.0
-1.461929254640795,-0.03110487775831494,0.3647072921918021,0.0,0.0
-1.461929254640795,0.031104877758314498,0.3647072921918021,0.0,0.0
-1.461929254640795,0.09331463327494438,0.3649158997881066,0.0,0.0
-1.461929254640795,0.15552438879157382,0.3653333805912069,0.0,0.0
-1.461929254640795,0.21773414430820326,0.3659602634928076,0.0,0.0
-1.461929254640795,0.2799438998248327,0.36679733593068214,0.0,0.0
-1.461929254640795,0.3421536553414626,0.3678456365930272,0.0,0.0
-1.461929254640795,0.404363410858092,0.3691064453267252,0.0,0.0
-1.461929254640795,0.46657316637472146,0.37058126992863705,0.0,0.0
-1.461929254640795,0.5287829218913513,0.37227182940802633,0.0,0.0
-1.461929254640795,0.5909926774079808,0.3741800332101624,0.0,0.0
-1.461929254640795,0.6532024329246102,0.3763079557848467,0.0,0.0
-1.461929254640795,0.7154121884412397,0.37865780576807223,0.0,0.0
-1.461929254640795,0.7776219439578695,0.3812318889195467,0.0,0.0
-1.461929254640795,0.839831699474499,0.38403256382313,0.0,0.0
-1.461929254640795,0.9020414549911289,0.3870621892117755,0.0,0.0
-1.461929254640795,0.9642512105077579,0.3903230616246068,0.0,0.0
-1.461929254640795,1.0264609660243877,0.3938173419439496,0.0,0.0
-1.461929254640795,1.0886707215410176,0.39754696919877736,0.0,0.0
-1.461929254640795,1.1508804770576466,0.4015135598648144,0.0,0.0
-1.461929254640795,1.2130902325742765,0.4057182907501679,0.0,0.0
-1.461929254640795,1.2752999880909055,0.41016176344247723,0.0,0.0
-1.461929254640795,1.3375097436075354,0.41484384822774334,0.0,0.0
-1.461929254640795,1.3997194991241653,0.4197635053968873,0.0,0.0
-1.461929254640795,1.4619292546407943,0.42491858196562593,0.0,0.0
-1.461929254640795,1.5241390101574241,0.43030558208681874,0.0,0.0
-1.461929254640795,1.586348765674054,0.43591940988172045,0.0,0.0
-1.461929254640795,1.648558521190683,0.4417530841169759,0.0,0.0
-1.461929254640795,1.710768276707313,0.447797425176054,0.0,0.0
-1.461929254640795,1.7729780322239428,0.4540407161922599,0.0,0.0
-1.461929254640795,1.8351877877405718,0.4604683421025324,0.0,0.0
-1.461929254640795,1.8973975432572017,0.4670624128178314,0.0,0.0
-1.461929254640795,1.9596072987738316,0.4738013797391995,0.0,0.0
-1.461929254640795,2.0218170542904605,0.4806596584939227,0.0,0.0
-1.461929254640795,2.0840268098070904,0.4876072749783241,0.0,0.0
-1.461929254640795,2.1462365653237194,0.49460955643723503,0.0,0.0
-1.461929254640795,2.2084463208403493,0.5016268941268691,0.0,0.0
-1.461929254640795,2.270656076356979,0.5086146086849186,0.0,0.0
-1.461929254640795,2.332865831873608,0.5155229530792695,0.0,0.0
-1.461929254640795,2.395075587390238,0.5222972901551564,0.0,0.0
-1.461929254640795,2.457285342906868,0.5288784814326435,0.0,0.0
-1.461929254640795,2.519495098423497,0.5352035199386482,0.0,0.0
-1.461929254640795,2.581704853940127,0.5412064315826823,0.0,0.0
-1.461929254640795,2.6439146094567567,0.5468194562744519,0.0,0.0
-1.461929254640795,2.7061243649733857,0.5519745015315877,0.0,0.0
-1.461929254640795,2.7683341204900156,0.5566048384091359,0.0,0.0
-1.461929254640795,2.8305438760066455,0.5606469838301164,0.0,0.0
-1.461929254640795,2.8927536315232745,0.564042687435752,0.0,0.0
-1.461929254640795,2.9549633870399044,0.5667409183423762,0.0,0.0
-1.461929254640795,3.0171731425565333,0.5686997314901234,0.0,0.0
-1.461929254640795,3.0793828980731632,0.5698878880842987,0.0,0.0
-1.3997194991241653,-3.141592653589793,0.5580019750304376,0.0,0.0
-1.3997194991241653,-3.0793828980731637,0.5576289173991759,0.0,0.0
-1.3997194991241653,-3.017173142556534,0.5565156511775903,0.0,0.0
-1.3997194991241653,-2.9549633870399044,0.5546796578132968,0.0,0.0
-1.3997194991241653,-2.892753631523275,0.5521492964761917,0.0,0.0
-1.3997194991241653,-2.8305438760066455,0.5489627021092164,0.0,0.0
-1.3997194991241653,-2.7683341204900156,0.545166360428505,0.0,0.0
-1.3997194991241653,-2.706124364973386,0.5408134602119888,0.0,0.0
-1.3997194991241653,-2.6439146094567567,0.5359621305455855,0.0,0.0
-1.3997194991241653,-2.581704853940127,0.530673667227237,0.0,0.0
-1.3997194991241653,-2.5194950984234974,0.5250108400999337,0.0,0.0
-1.3997194991241653,-2.457285342906868,0.5190363544718284,0.0,0.0
-1.3997194991241653,-2.395075587390238,0.5128115180807862,0.0,0.0
-1.3997194991241653,-2.3328658318736086,0.506395143139857,0.0,0.0
-1.3997194991241653,-2.270656076356979,0.49984269311862906,0.0,0.0
-1.3997194991241653,-2.2084463208403498,0.49320566754671574,0.0,0.0
-1.3997194991241653,-2.1462365653237203,0.48653120595963617,0.0,0.0
-1.3997194991241653,-2.0840268098070904,0.47986188417815057,0.0,0.0
-1.3997194991241653,-2.021817054290461,0.47323567198787503,0.0,0.0
-1.3997194991241653,-1.9596072987738313,0.46668602026708134,0.0,0.0
-1.3997194991241653,-1.897397543257202,0.46024204689959497,0.0,0.0
-1.3997194991241653,-1.8351877877405722,0.45392879363610866,0.0,0.0
-1.3997194991241653,-1.7729780322239428,0.44776752976411216,0.0,0.0
-1.3997194991241653,-1.7107682767073131,0.4417760824862998,0.0,0.0
-1.3997194991241653,-1.6485585211906835,0.43596917790668555,0.0,0.0
-1.3997194991241653,-1.586348765674054,0.4303587802306114,0.0,0.0
-1.3997194991241653,-1.5241390101574244,0.42495442005508305,0.0,0.0
-1.3997194991241653,-1.461929254640795,0.4197635053968872,0.0,0.0
-1.3997194991241653,-1.3997194991241653,0.4147916113726601,0.0,0.0
-1.3997194991241653,-1.3375097436075358,0.4100427462391773,0.0,0.0
-1.3997194991241653,-1.2752999880909062,0.40551959287600764,0.0,0.0
-1.3997194991241653,-1.2130902325742767,0.4012237258076912,0.0,0.0
-1.3997194991241653,-1.150880477057647,0.3971558045812558,0.0,0.0
-1.3997194991241653,-1.0886707215410176,0.3933157447958449,0.0,0.0
-1.3997194991241653,-1.0264609660243877,0.3897028683767197,0.0,0.0
-1.3997194991241653,-0.9642512105077583,0.3863160348405663,0.0,0.0
-1.3997194991241653,-0.9020414549911289,0.38315375534983076,0.0,0.0
-1.3997194991241653,-0.8398316994744994,0.3802142913305274,0.0,0.0
-1.3997194991241653,-0.7776219439578695,0.37749573935401437,0.0,0.0
-1.3997194991241653,-0.7154121884412401,0.3749961038765995,0.0,0.0
-1.3997194991241653,-0.6532024329246107,0.3727133593050017,0.0,0.0
-1.3997194991241653,-0.5909926774079808,0.37064550272049746,0.0,0.0
-1.3997194991241653,-0.5287829218913513,0.3687905984569866,0.0,0.0
-1.3997194991241653,-0.4665731663747219,0.3671468155929463,0.0,0.0
-1.3997194991241653,-0.40436341085809246,0.3657124592873327,0.0,0.0
-1.3997194991241653,-0.3421536553414626,0.3644859967666693,0.0,0.0
-1.3997194991241653,-0.27994389982483314,0.3634660786556491,0.0,0.0
-1.3997194991241653,-0.2177341443082037,0.3626515562366668,0.0,0.0
-1.3997194991241653,-0.15552438879157382,0.3620414951244575,0.0,0.0
-1.3997194991241653,-0.09331463327494438,0.36163518574971537,0.0,0.0
-1.3997194991241653,-0.03110487775831494,0.36143215095929804,0.0,0.0
-1.3997194991241653,0.031104877758314498,0.36143215095929804,0.0,0.0
-1.3997194991241653,0.09331463327494438,0.36163518574971537,0.0,0.0
-1.3997194991241653,0.15552438879157382,0.3620414951244575,0.0,0.0
-1.3997194991241653,0.21773414430820326,0.3626515562366668,0.0,0.0
-1.3997194991241653,0.2799438998248327,0.3634660786556491,0.0,0.0
-1.3997194991241653,0.3421536553414626,0.3644859967666693,0.0,0.0
-1.3997194991241653,0.404363410858092,0.3657124592873326,0.0,0.0
-1.3997194991241653,0.46657316637472146,0.3671468155929463,0.0,0.0
-1.3997194991241653,0.5287829218913513,0.3687905984569866,0.0,0.0
-1.3997194991241653,0.5909926774079808,0.37064550272049746,0.0,0.0
-1.3997194991241653,0.6532024329246102,0.37271335930500166,0.0,0.0
-1.3997194991241653,0.7154121884412397,0.3749961038765995,0.0,0.0
-1.3997194991241653,0.7776219439578695,0.37749573935401437,0.0,0.0
-1.3997194991241653,0.839831699474499,0.38021429133052737,0.0,0.0
-1.3997194991241653,0.9020414549911289,0.38315375534983076,0.0,0.0
-1.3997194991241653,0.9642512105077579,0.38631603484056626,0.0,0.0
-1.3997194991241653,1.0264609660243877,0.3897028683767197,0.0,0.0
-1.3997194991241653,1.0886707215410176,0.3933157447958449,0.0,0.0
-1.3997194991241653,1.1508804770576466,0.3971558045812558,0.0,0.0
-1.3997194991241653,1.2130902325742765,0.40122372580769117,0.0,0.0
-1.3997194991241653,1.2752999880909055,0.4055195928760076,0.0,0.0
-1.3997194991241653,1.3375097436075354,0.41004274623917725,0.0,0.0
-1.3997194991241653,1.3997194991241653,0.4147916113726601,0.0,0.0
-1.3997194991241653,1.4619292546407943,0.41976350539688717,0.0,0.0
-1.3997194991241653,1.5241390101574241,0.424954420055083,0.0,0.0
-1.3997194991241653,1.586348765674054,0.4303587802306114,0.0,0.0
-1.3997194991241653,1.648558521190683,0.43596917790668555,0.0,0.0
-1.3997194991241653,1.710768276707313,0.4417760824862998,0.0,0.0
-1.3997194991241653,1.7729780322239428,0.44776752976411216,0.0,0.0
-1.3997194991241653,1.8351877877405718,0.45392879363610866,0.0,0.0
-1.3997194991241653,1.8973975432572017,0.4602420468995949,0.0,0.0
-1.3997194991241653,1.9596072987738316,0.46668602026708134,0.0,0.0
-1.3997194991241653,2.0218170542904605,0.47323567198787503,0.0,0.0
-1.3997194991241653,2.0840268098070904,0.47986188417815057,0.0,0.0
-1.3997194991241653,2.1462365653237194,0.48653120595963606,0.0,0.0
-1.3997194991241653,2.2084463208403493,0.49320566754671574,0.0,0.0
-1.3997194991241653,2.270656076356979,0.49984269311862906,0.0,0.0
-1.3997194991241653,2.332865831873608,0.506395143139857,0.0,0.0
-1.3997194991241653,2.395075587390238,0.5128115180807862,0.0,0.0
-1.3997194991241653,2.457285342906868,0.5190363544718284,0.0,0.0
-1.3997194991241653,2.519495098423497,0.5250108400999336,0.0,0.0
-1.3997194991241653,2.581704853940127,0.530673667227237,0.0,0.0
-1.3997194991241653,2.6439146094567567,0.5359621305455855,0.0,0.0
-1.3997194991241653,2.7061243649733857,0.5408134602119888,0.0,0.0
-1.3997194991241653,2.7683341204900156,0.545166360428505,0.0,0.0
-1.3997194991241653,2.8305438760066455,0.5489627021092164,0.0,0.0
-1.3997194991241653,2.8927536315232745,0.5521492964761917,0.0,0.0
-1.3997194991241653,2.9549633870399044,0.5546796578132968,0.0,0.0
-1.3997194991241653,3.0171731425565333,0.5565156511775903,0.0,0.0
-1.3997194991241653,3.0793828980731632,0.5576289173991759,0.0,0.0
-1.3375097436075358,-3.141592653589793,0.5465983909422092,0.0,0.0
-1.3375097436075358,-3.0793828980731637,0.54624772678062,0.0,0.0
-1.3375097436075358,-3.017173142556534,0.5452011174212451,0.0,0.0
-1.3375097436075358,-2.9549633870399044,0.5434745021122991,0.0,0.0
-1.3375097436075358,-2.892753631523275,0.5410937617273314,0.0,0.0
-1.3375097436075358,-2.8305438760066455,0.538093745602309,0.0,0.0
-1.3375097436075358,-2.7683341204900156,0.534517009717011,0.0,0.0
-1.3375097436075358,-2.706124364973386,0.530412352439899,0.0,0.0
-1.3375097436075358,-2.6439146094567567,0.5258332409422121,0.0,0.0
-1.3375097436075358,-2.581704853940127,0.5208362191589718,0.0,0.0
-1.3375097436075358,-2.5194950984234974,0.5154793782603392,0.0,0.0
-1.3375097436075358,-2.457285342906868,0.5098209552289055,0.0,0.0
-1.3375097436075358,-2.395075587390238,0.503918106861789,0.0,0.0
-1.3375097436075358,-2.3328658318736086,0.49782588773934533,0.0,0.0
-1.3375097436075358,-2.270656076356979,0.49159644337420205,0.0,0.0
-1.3375097436075358,-2.2084463208403498,0.48527841519998094,0.0,0.0
-1.3375097436075358,-2.1462365653237203,0.47891654295952263,0.0,0.0
-1.3375097436075358,-2.0840268098070904,0.47255144253230436,0.0,0.0
-1.3375097436075358,-2.021817054290461,0.4662195330136086,0.0,0.0
-1.3375097436075358,-1.9596072987738313,0.4599530853856709,0.0,0.0
-1.3375097436075358,-1.897397543257202,0.45378036575598396,0.0,0.0
-1.3375097436075358,-1.8351877877405722,0.44772584823211165,0.0,0.0
-1.3375097436075358,-1.7729780322239428,0.441810475478158,0.0,0.0
-1.3375097436075358,-1.7107682767073131,0.43605194838503997,0.0,0.0
-1.3375097436075358,-1.6485585211906835,0.43046502973232154,0.0,0.0
-1.3375097436075358,-1.586348765674054,0.425061849981743,0.0,0.0
-1.3375097436075358,-1.5241390101574244,0.4198522062740833,0.0,0.0
-1.3375097436075358,-1.461929254640795,0.4148438482277434,0.0,0.0
-1.3375097436075358,-1.3997194991241653,0.4100427462391773,0.0,0.0
-1.3375097436075358,-1.3375097436075358,0.4054533396777048,0.0,0.0
-1.3375097436075358,-1.2752999880909062,0.4010787636876106,0.0,0.0
-1.3375097436075358,-1.2130902325742767,0.3969210543070172,0.0,0.0
-1.3375097436075358,-1.150880477057647,0.3929813323374375,0.0,0.0
-1.3375097436075358,-1.0886707215410176,0.38925996690028675,0.0,0.0
-1.3375097436075358,-1.0264609660243877,0.3857567199427181,0.0,0.0
-1.3375097436075358,-0.9642512105077583,0.382470873144861,0.0,0.0
-1.3375097436075358,-0.9020414549911289,0.3794013387675695,0.0,0.0
-1.3375097436075358,-0.8398316994744994,0.37654675599175264,0.0,0.0
-1.3375097436075358,-0.7776219439578695,0.3739055742593206,0.0,0.0
-1.3375097436075358,-0.7154121884412401,0.3714761250490077,0.0,0.0
-1.3375097436075358,-0.6532024329246107,0.36925668342098295,0.0,0.0
-1.3375097436075358,-0.5909926774079808,0.3672455205520546,0.0,0.0
-1.3375097436075358,-0.5287829218913513,0.36544094836553054,0.0,0.0
-1.3375097436075358,-0.4665731663747219,0.3638413572414005,0.0,0.0
-1.3375097436075358,-0.40436341085809246,0.36244524767679,0.0,0.0
-1.3375097436075358,-0.3421536553414626,0.3612512566556731,0.0,0.0
-1.3375097436075358,-0.27994389982483314,0.36025817938175625,0.0,0.0
-1.3375097436075358,-0.2177341443082037,0.35946498692967616,0.0,0.0
-1.3375097436075358,-0.15552438879157382,0.3588708402771267,0.0,0.0
-1.3375097436075358,-0.09331463327494438,0.35847510109379394,0.0,0.0
-1.3375097436075358,-0.03110487775831494,0.3582773395813475,0.0,0.0
-1.3375097436075358,0.031104877758314498,0.3582773395813475,0.0,0.0
-1.3375097436075358,0.09331463327494438,0.35847510109379394,0.0,0.0
-1.3375097436075358,0.15552438879157382,0.3588708402771267,0.0,0.0
-1.3375097436075358,0.21773414430820326,0.35946498692967616,0.0,0.0
-1.3375097436075358,0.2799438998248327,0.36025817938175625,0.0,0.0
-1.3375097436075358,0.3421536553414626,0.3612512566556731,0.0,0.0
-1.3375097436075358,0.404363410858092,0.36244524767679,0.0,0.0
-1.3375097436075358,0.46657316637472146,0.36384135724140054,0.0,0.0
-1.3375097436075358,0.5287829218913513,0.36544094836553054,0.0,0.0
-1.3375097436075358,0.5909926774079808,0.3672455205520546,0.0,0.0
-1.3375097436075358,0.6532024329246102,0.36925668342098295,0.0,0.0
-1.3375097436075358,0.7154121884412397,0.3714761250490077,0.0,0.0
-1.3375097436075358,0.7776219439578695,0.3739055742593206,0.0,0.0
-1.3375097436075358,0.839831699474499,0.37654675599175264,0.0,0.0
-1.3375097436075358,0.9020414549911289,0.3794013387675695,0.0,0.0
-1.3375097436075358,0.9642512105077579,0.38247087314486095,0.0,0.0
-1.3375097436075358,1.0264609660243877,0.3857567199427181,0.0,0.0
-1.3375097436075358,1.0886707215410176,0.38925996690028675,0.0,0.0
-1.3375097436075358,1.1508804770576466,0.39298133233743754,0.0,0.0
-1.3375097436075358,1.2130902325742765,0.3969210543070172,0.0,0.0
-1.3375097436075358,1.2752999880909055,0.4010787636876105,0.0,0.0
-1.3375097436075358,1.3375097436075354,0.4054533396777048,0.0,0.0
-1.3375097436075358,1.3997194991241653,0.4100427462391773,0.0,0.0
-1.3375097436075358,1.4619292546407943,0.41484384822774334,0.0,0.0
-1.3375097436075358,1.5241390101574241,0.41985220627408326,0.0,0.0
-1.3375097436075358,1.586348765674054,0.425061849981743,0.0,0.0
-1.3375097436075358,1.648558521190683,0.43046502973232154,0.0,0.0
-1.3375097436075358,1.710768276707313,0.4360519483850399,0.0,0.0
-1.3375097436075358,1.7729780322239428,0.441810475478158,0.0,0.0
-1.3375097436075358,1.8351877877405718,0.44772584823211165,0.0,0.0
-1.3375097436075358,1.8973975432572017,0.45378036575598396,0.0,0.0
-1.3375097436075358,1.9596072987738316,0.4599530853856709,0.0,0.0
-1.3375097436075358,2.0218170542904605,0.46621953301360847,0.0,0.0
-1.3375097436075358,2.0840268098070904,0.47255144253230436,0.0,0.0
-1.3375097436075358,2.1462365653237194,0.47891654295952263,0.0,0.0
-1.3375097436075358,2.2084463208403493,0.48527841519998094,0.0,0.0
-1.3375097436075358,2.270656076356979,0.49159644337420205,0.0,0.0
-1.3375097436075358,2.332865831873608,0.4978258877393453,0.0,0.0
-1.3375097436075358,2.395075587390238,0.503918106861789,0.0,0.0
-1.3375097436075358,2.457285342906868,0.5098209552289055,0.0,0.0
-1.3375097436075358,2.519495098423497,0.5154793782603391,0.0,0.0
-1.3375097436075358,2.581704853940127,0.5208362191589718,0.0,0.0
-1.3375097436075358,2.6439146094567567,0.5258332409422121,0.0,0.0
-1.3375097436075358,2.7061243649733857,0.5304123524398989,0.0,0.0
-1.3375097436075358,2.7683341204900156,0.534517009717011,0.0,0.0
-1.3375097436075358,2.8305438760066455,0.538093745602309,0.0,0.0
-1.3375097436075358,2.8927536315232745,0.5410937617273314,0.0,0.0
-1.3375097436075358,2.9549633870399044,0.5434745021122991,0.0,0.0
-1.3375097436075358,3.0171731425565333,0.545201117421245,0.0,0.0
-1.3375097436075358,3.0793828980731632,0.54624772678062,0.0,0.0
-1.2752999880909062,-3.141592653589793,0.5360195222079216,0.0,0.0
-1.2752999880909062,-3.0793828980731637,0.5356888146081812,0.0,0.0
-1.2752999880909062,-3.017173142556534,0.5347016236230506,0.0,0.0
-1.2752999880909062,-2.9549633870399044,0.5330725582753303,0.0,0.0
-1.2752999880909062,-2.892753631523275,0.5308253591923541,0.0,0.0
-1.2752999880909062,-2.8305438760066455,0.5279920331512655,0.0,0.0
-1.2752999880909062,-2.7683341204900156,0.5246117281875528,0.0,0.0
-1.2752999880909062,-2.706124364973386,0.5207294239759859,0.0,0.0
-1.2752999880909062,-2.6439146094567567,0.516394518625782,0.0,0.0
-1.2752999880909062,-2.581704853940127,0.5116593917033153,0.0,0.0
-1.2752999880909062,-2.5194950984234974,0.5065780153270333,0.0,0.0
-1.2752999880909062,-2.457285342906868,0.501204672384169,0.0,0.0
-1.2752999880909062,-2.395075587390238,0.49559282540779176,0.0,0.0
-1.2752999880909062,-2.3328658318736086,0.48979416346319177,0.0,0.0
-1.2752999880909062,-2.270656076356979,0.4838578392133536,0.0,0.0
-1.2752999880909062,-2.2084463208403498,0.4778298953531875,0.0,0.0
-1.2752999880909062,-2.1462365653237203,0.47175286947783374,0.0,0.0
-1.2752999880909062,-2.0840268098070904,0.4656655593646751,0.0,0.0
-1.2752999880909062,-2.021817054290461,0.4596029264223596,0.0,0.0
-1.2752999880909062,-1.9596072987738313,0.4535961132803424,0.0,0.0
-1.2752999880909062,-1.897397543257202,0.4476725516322812,0.0,0.0
-1.2752999880909062,-1.8351877877405722,0.4418561379598826,0.0,0.0
-1.2752999880909062,-1.7729780322239428,0.43616745714982275,0.0,0.0
-1.2752999880909062,-1.7107682767073131,0.43062403685650924,0.0,0.0
-1.2752999880909062,-1.6485585211906835,0.42524061843482863,0.0,0.0
-1.2752999880909062,-1.586348765674054,0.4200294331404102,0.0,0.0
-1.2752999880909062,-1.5241390101574244,0.4150004749232133,0.0,0.0
-1.2752999880909062,-1.461929254640795,0.41016176344247723,0.0,0.0
-1.2752999880909062,-1.3997194991241653,0.40551959287600764,0.0,0.0
-1.2752999880909062,-1.3375097436075358,0.4010787636876106,0.0,0.0
-1.2752999880909062,-1.2752999880909062,0.39684279577838527,0.0,0.0
-1.2752999880909062,-1.2130902325742767,0.39281412241781155,0.0,0.0
-1.2752999880909062,-1.150880477057647,0.3889942650715013,0.0,0.0
-1.2752999880909062,-1.0886707215410176,0.38538398975675714,0.0,0.0
-1.2752999880909062,-1.0264609660243877,0.38198344590464756,0.0,0.0
-1.2752999880909062,-0.9642512105077583,0.3787922889237762,0.0,0.0
-1.2752999880909062,-0.9020414549911289,0.37580978777687957,0.0,0.0
-1.2752999880909062,-0.8398316994744994,0.3730349189223263,0.0,0.0
-1.2752999880909062,-0.7776219439578695,0.37046644795921463,0.0,0.0
-1.2752999880909062,-0.7154121884412401,0.36810300026351334,0.0,0.0
-1.2752999880909062,-0.6532024329246107,0.36594312182631633,0.0,0.0
-1.2752999880909062,-0.5909926774079808,0.36398533141345696,0.0,0.0
-1.2752999880909062,-0.5287829218913513,0.36222816506562006,0.0,0.0
-1.2752999880909062,-0.4665731663747219,0.3606702138548333,0.0,0.0
-1.2752999880909062,-0.40436341085809246,0.3593101557103813,0.0,0.0
-1.2752999880909062,-0.3421536553414626,0.3581467820270785,0.0,0.0
-1.2752999880909062,-0.27994389982483314,0.3571790196728625,0.0,0.0
-1.2752999880909062,-0.2177341443082037,0.35640594892150634,0.0,0.0
-1.2752999880909062,-0.15552438879157382,0.3558268177500621,0.0,0.0
-1.2752999880909062,-0.09331463327494438,0.35544105285921973,0.0,0.0
-1.2752999880909062,-0.03110487775831494,0.3552482676976219,0.0,0.0
-1.2752999880909062,0.031104877758314498,0.3552482676976219,0.0,0.0
-1.2752999880909062,0.09331463327494438,0.35544105285921973,0.0,0.0
-1.2752999880909062,0.15552438879157382,0.3558268177500621,0.0,0.0
-1.2752999880909062,0.21773414430820326,0.35640594892150634,0.0,0.0
-1.2752999880909062,0.2799438998248327,0.3571790196728625,0.0,0.0
-1.2752999880909062,0.3421536553414626,0.3581467820270785,0.0,0.0
-1.2752999880909062,0.404363410858092,0.3593101557103813,0.0,0.0
-1.2752999880909062,0.46657316637472146,0.3606702138548333,0.0,0.0
-1.2752999880909062,0.5287829218913513,0.36222816506562006,0.0,0.0
-1.2752999880909062,0.5909926774079808,0.36398533141345696,0.0,0.0
-1.2752999880909062,0.6532024329246102,0.36594312182631633,0.0,0.0
-1.2752999880909062,0.7154121884412397,0.3681030002635133,0.0,0.0
-1.2752999880909062,0.7776219439578695,0.37046644795921463,0.0,0.0
-1.2752999880909062,0.839831699474499,0.3730349189223263,0.0,0.0
-1.2752999880909062,0.9020414549911289,0.37580978777687957,0.0,0.0
-1.2752999880909062,0.9642512105077579,0.37879228892377614,0.0,0.0
-1.2752999880909062,1.0264609660243877,0.38198344590464756,0.0,0.0
-1.2752999880909062,1.0886707215410176,0.38538398975675714,0.0,0.0
-1.2752999880909062,1.1508804770576466,0.3889942650715013,0.0,0.0
-1.2752999880909062,1.2130902325742765,0.3928141224178115,0.0,0.0
-1.2752999880909062,1.2752999880909055,0.39684279577838516,0.0,0.0
-1.2752999880909062,1.3375097436075354,0.4010787636876105,0.0,0.0
-1.2752999880909062,1.3997194991241653,0.40551959287600764,0.0,0.0
-1.2752999880909062,1.4619292546407943,0.41016176344247723,0.0,0.0
-1.2752999880909062,1.5241390101574241,0.4150004749232133,0.0,0.0
-1.2752999880909062,1.586348765674054,0.4200294331404102,0.0,0.0
-1.2752999880909062,1.648558521190683,0.4252406184348286,0.0,0.0
-1.2752999880909062,1.710768276707313,0.43062403685650924,0.0,0.0
-1.2752999880909062,1.7729780322239428,0.43616745714982275,0.0,0.0
-1.2752999880909062,1.8351877877405718,0.4418561379598826,0.0,0.0
-1.2752999880909062,1.8973975432572017,0.4476725516322812,0.0,0.0
-1.2752999880909062,1.9596072987738316,0.4535961132803424,0.0,0.0
-1.2752999880909062,2.0218170542904605,0.4596029264223595,0.0,0.0
-1.2752999880909062,2.0840268098070904,0.4656655593646751,0.0,0.0
-1.2752999880909062,2.1462365653237194,0.4717528694778337,0.0,0.0
-1.2752999880909062,2.2084463208403493,0.4778298953531875,0.0,0.0
-1.2752999880909062,2.270656076356979,0.4838578392133536,0.0,0.0
-1.2752999880909062,2.332865831873608,0.48979416346319177,0.0,0.0
-1.2752999880909062,2.395075587390238,0.49559282540779176,0.0,0.0
-1.2752999880909062,2.457285342906868,0.501204672384169,0.0,0.0
-1.2752999880909062,2.519495098423497,0.5065780153270333,0.0,0.0
-1.2752999880909062,2.581704853940127,0.5116593917033153,0.0,0.0
-1.2752999880909062,2.6439146094567567,0.516394518625782,0.0,0.0
-1.2752999880909062,2.7061243649733857,0.5207294239759858,0.0,0.0
-1.2752999880909062,2.7683341204900156,0.5246117281875528,0.0,0.0
-1.2752999880909062,2.8305438760066455,0.5279920331512655,0.0,0.0
-1.2752999880909062,2.8927536315232745,0.5308253591923541,0.0,0.0
-1.2752999880909062,2.9549633870399044,0.5330725582753303,0.0,0.0
-1.2752999880909062,3.0171731425565333,0.5347016236230506,0.0,0.0
-1.2752999880909062,3.0793828980731632,0.5356888146081812,0.0,0.0
-1.2130902325742767,-3.141592653589793,0.5262143383278509,0.0,0.0
-1.2130902325742767,-3.0793828980731637,0.5259014387672644,0.0,0.0
-1.2130902325742767,-3.017173142556534,0.5249672815656687,0.0,0.0
-1.2130902325742767,-2.9549633870399044,0.5234253246120582,0.0,0.0
-1.2130902325742767,-2.892753631523275,0.5212974543905334,0.0,0.0
-1.2130902325742767,-2.8305438760066455,0.518613211055448,0.0,0.0
-1.2130902325742767,-2.7683341204900156,0.5154087789766058,0.0,0.0
-1.2130902325742767,-2.706124364973386,0.5117258080223203,0.0,0.0
-1.2130902325742767,-2.6439146094567567,0.507610136839301,0.0,0.0
-1.2130902325742767,-2.581704853940127,0.5031104887128548,0.0,0.0
-1.2130902325742767,-2.5194950984234974,0.49827720413742643,0.0,0.0
-1.2130902325742767,-2.457285342906868,0.49316106348458455,0.0,0.0
-1.2130902325742767,-2.395075587390238,0.4878122398894993,0.0,0.0
-1.2130902325742767,-2.3328658318736086,0.4822794084242081,0.0,0.0
-1.2130902325742767,-2.270656076356979,0.4766090242569738,0.0,0.0
-1.2130902325742767,-2.2084463208403498,0.47084477087869214,0.0,0.0
-1.2130902325742767,-2.1462365653237203,0.4650271702335148,0.0,0.0
-1.2130902325742767,-2.0840268098070904,0.4591933399404175,0.0,0.0
-1.2130902325742767,-2.021817054290461,0.4533768786348142,0.0,0.0
-1.2130902325742767,-1.9596072987738313,0.4476078584790625,0.0,0.0
-1.2130902325742767,-1.897397543257202,0.4419129036579795,0.0,0.0
-1.2130902325742767,-1.8351877877405722,0.43631533472859296,0.0,0.0
-1.2130902325742767,-1.7729780322239428,0.4308353605975287,0.0,0.0
-1.2130902325742767,-1.7107682767073131,0.4254903022820837,0.0,0.0
-1.2130902325742767,-1.6485585211906835,0.4202948351774318,0.0,0.0
-1.2130902325742767,-1.586348765674054,0.415261239086953,0.0,0.0
-1.2130902325742767,-1.5241390101574244,0.41039964763134495,0.0,0.0
-1.2130902325742767,-1.461929254640795,0.40571829075016796,0.0,0.0
-1.2130902325742767,-1.3997194991241653,0.4012237258076912,0.0,0.0
-1.2130902325742767,-1.3375097436075358,0.3969210543070172,0.0,0.0
-1.2130902325742767,-1.2752999880909062,0.39281412241781155,0.0,0.0
-1.2130902325742767,-1.2130902325742767,0.38890570446178707,0.0,0.0
-1.2130902325742767,-1.150880477057647,0.3851976692108778,0.0,0.0
-1.2130902325742767,-1.0886707215410176,0.3816911293719438,0.0,0.0
-1.2130902325742767,-1.0264609660243877,0.37838657499367656,0.0,0.0
-1.2130902325742767,-0.9642512105077583,0.3752839917678328,0.0,0.0
-1.2130902325742767,-0.9020414549911289,0.37238296533570486,0.0,0.0
-1.2130902325742767,-0.8398316994744994,0.36968277277533157,0.0,0.0
-1.2130902325742767,-0.7776219439578695,0.36718246245468167,0.0,0.0
-1.2130902325742767,-0.7154121884412401,0.36488092340651007,0.0,0.0
-1.2130902325742767,-0.6532024329246107,0.362776945324042,0.0,0.0
-1.2130902325742767,-0.5909926774079808,0.3608692702025541,0.0,0.0
-1.2130902325742767,-0.5287829218913513,0.359156636567403,0.0,0.0
-1.2130902325742767,-0.4665731663747219,0.35763781713932635,0.0,0.0
-1.2130902325742767,-0.40436341085809246,0.35631165069661447,0.0,0.0
-1.2130902325742767,-0.3421536553414626,0.3551770688035317,0.0,0.0
-1.2130902325742767,-0.27994389982483314,0.3542331179867581,0.0,0.0
-1.2130902325742767,-0.2177341443082037,0.3534789778575113,0.0,0.0
-1.2130902325742767,-0.15552438879157382,0.3529139755967655,0.0,0.0
-1.2130902325742767,-0.09331463327494438,0.3525375971445817,0.0,0.0
-1.2130902325742767,-0.03110487775831494,0.3523494953616993,0.0,0.0
-1.2130902325742767,0.031104877758314498,0.3523494953616993,0.0,0.0
-1.2130902325742767,0.09331463327494438,0.3525375971445817,0.0,0.0
-1.2130902325742767,0.15552438879157382,0.3529139755967655,0.0,0.0
-1.2130902325742767,0.21773414430820326,0.3534789778575113,0.0,0.0
-1.2130902325742767,0.2799438998248327,0.35423311798675805,0.0,0.0
-1.2130902325742767,0.3421536553414626,0.3551770688035317,0.0,0.0
-1.2130902325742767,0.404363410858092,0.35631165069661447,0.0,0.0
-1.2130902325742767,0.46657316637472146,0.35763781713932635,0.0,0.0
-1.2130902325742767,0.5287829218913513,0.359156636567403,0.0,0.0
-1.2130902325742767,0.5909926774079808,0.3608692702025541,0.0,0.0
-1.2130902325742767,0.6532024329246102,0.362776945324042,0.0,0.0
-1.2130902325742767,0.7154121884412397,0.36488092340651007,0.0,0.0
-1.2130902325742767,0.7776219439578695,0.36718246245468167,0.0,0.0
-1.2130902325742767,0.839831699474499,0.3696827727753315,0.0,0.0
-1.2130902325742767,0.9020414549911289,0.37238296533570486,0.0,0.0
-1.2130902325742767,0.9642512105077579,0.3752839917678328,0.0,0.0
-1.2130902325742767,1.0264609660243877,0.37838657499367656,0.0,0.0
-1.2130902325742767,1.0886707215410176,0.3816911293719438,0.0,0.0
-1.2130902325742767,1.1508804770576466,0.3851976692108778,0.0,0.0
-1.2130902325742767,1.2130902325742765,0.388905704461787,0.0,0.0
-1.2130902325742767,1.2752999880909055,0.39281412241781155,0.0,0.0
-1.2130902325742767,1.3375097436075354,0.3969210543070172,0.0,0.0
-1.2130902325742767,1.3997194991241653,0.4012237258076912,0.0,0.0
-1.2130902325742767,1.4619292546407943,0.4057182907501679,0.0,0.0
-1.2130902325742767,1.5241390101574241,0.4103996476313449,0.0,0.0
-1.2130902325742767,1.586348765674054,0.415261239086953,0.0,0.0
-1.2130902325742767,1.648558521190683,0.42029483517743177,0.0,0.0
-1.2130902325742767,1.710768276707313,0.4254903022820837,0.0,0.0
-1.2130902325742767,1.7729780322239428,0.4308353605975287,0.0,0.0
-1.2130902325742767,1.8351877877405718,0.43631533472859296,0.0,0.0
-1.2130902325742767,1.8973975432572017,0.4419129036579795,0.0,0.0
-1.2130902325742767,1.9596072987738316,0.4476078584790625,0.0,0.0
-1.2130902325742767,2.0218170542904605,0.45337687863481413,0.0,0.0
-1.2130902325742767,2.0840268098070904,0.4591933399404175,0.0,0.0
-1.2130902325742767,2.1462365653237194,0.46502717023351475,0.0,0.0
-1.2130902325742767,2.2084463208403493,0.4708447708786921,0.0,0.0
-1.2130902325742767,2.270656076356979,0.4766090242569738,0.0,0.0
-1.2130902325742767,2.332865831873608,0.4822794084242081,0.0,0.0
-1.2130902325742767,2.395075587390238,0.4878122398894993,0.0,0.0
-1.2130902325742767,2.457285342906868,0.49316106348458455,0.0,0.0
-1.2130902325742767,2.519495098423497,0.4982772041374263,0.0,0.0
-1.2130902325742767,2.581704853940127,0.5031104887128548,0.0,0.0
-1.2130902325742767,2.6439146094567567,0.507610136839301,0.0,0.0
-1.2130902325742767,2.7061243649733857,0.5117258080223203,0.0,0.0
-1.2130902325742767,2.7683341204900156,0.5154087789766058,0.0,0.0
-1.2130902325742767,2.8305438760066455,0.518613211055448,0.0,0.0
-1.2130902325742767,2.8927536315232745,0.5212974543905334,0.0,0.0
-1.2130902325742767,2.9549633870399044,0.5234253246120582,0.0,0.0
-1.2130902325742767,3.0171731425565333,0.5249672815656687,0.0,0.0
-1.2130902325742767,3.0793828980731632,0.5259014387672644,0.0,0.0
-1.150880477057647,-3.141592653589793,0.5171363001817741,0.0,0.0
-1.150880477057647,-3.0793828980731637,0.5168393078473886,0.0,0.0
-1.150880477057647,-3.017173142556534,0.5159525337224908,0.0,0.0
-1.150880477057647,-2.9549633870399044,0.5144884366213883,0.0,0.0
-1.150880477057647,-2.892753631523275,0.512467292190514,0.0,0.0
-1.150880477057647,-2.8305438760066455,0.5099164944268271,0.0,0.0
-1.150880477057647,-2.7683341204900156,0.5068696439657817,0.0,0.0
-1.150880477057647,-2.706124364973386,0.503365480616508,0.0,0.0
-1.150880477057647,-2.6439146094567567,0.4994467231965802,0.0,0.0
-1.150880477057647,-2.581704853940127,0.4951588795174664,0.0,0.0
-1.150880477057647,-2.5194950984234974,0.4905490841059198,0.0,0.0
-1.150880477057647,-2.457285342906868,0.4856650121503456,0.0,0.0
-1.150880477057647,-2.395075587390238,0.4805539067263978,0.0,0.0
-1.150880477057647,-2.3328658318736086,0.47526174407410215,0.0,0.0
-1.150880477057647,-2.270656076356979,0.46983254985703743,0.0,0.0
-1.150880477057647,-2.2084463208403498,0.46430786889153325,0.0,0.0
-1.150880477057647,-2.1462365653237203,0.45872638237803265,0.0,0.0
-1.150880477057647,-2.0840268098070904,0.4531236604370412,0.0,0.0
-1.150880477057647,-2.021817054290461,0.4475320337055943,0.0,0.0
-1.150880477057647,-1.9596072987738313,0.44198056564723615,0.0,0.0
-1.150880477057647,-1.897397543257202,0.43649510671743,0.0,0.0
-1.150880477057647,-1.8351877877405722,0.4310984122154129,0.0,0.0
-1.150880477057647,-1.7729780322239428,0.42581030716419344,0.0,0.0
-1.150880477057647,-1.7107682767073131,0.4206478835606957,0.0,0.0
-1.150880477057647,-1.6485585211906835,0.41562571755926164,0.0,0.0
-1.150880477057647,-1.586348765674054,0.41075609639211796,0.0,0.0
-1.150880477057647,-1.5241390101574244,0.40604924695062805,0.0,0.0
-1.150880477057647,-1.461929254640795,0.40151355986481435,0.0,0.0
-1.150880477057647,-1.3997194991241653,0.3971558045812558,0.0,0.0
-1.150880477057647,-1.3375097436075358,0.3929813323374375,0.0,0.0
-1.150880477057647,-1.2752999880909062,0.3889942650715013,0.0,0.0
-1.150880477057647,-1.2130902325742767,0.3851976692108778,0.0,0.0
-1.150880477057647,-1.150880477057647,0.38159371397931996,0.0,0.0
-1.150880477057647,-1.0886707215410176,0.37818381437996035,0.0,0.0
-1.150880477057647,-1.0264609660243877,0.37496875938246255,0.0,0.0
-1.150880477057647,-0.9642512105077583,0.3719488260933131,0.0,0.0
-1.150880477057647,-0.9020414549911289,0.3691238808448742,0.0,0.0
-1.150880477057647,-0.8398316994744994,0.36649346822256545,0.0,0.0
-1.150880477057647,-0.7776219439578695,0.36405688907848094,0.0,0.0
-1.150880477057647,-0.7154121884412401,0.36181326856860585,0.0,0.0
-1.150880477057647,-0.6532024329246107,0.3597616152113069,0.0,0.0
-1.150880477057647,-0.5909926774079808,0.35790087190613284,0.0,0.0
-1.150880477057647,-0.5287829218913513,0.35622995978117206,0.0,0.0
-1.150880477057647,-0.4665731663747219,0.35474781565952296,0.0,0.0
-1.150880477057647,-0.40436341085809246,0.3534534238546367,0.0,0.0
-1.150880477057647,-0.3421536553414626,0.35234584292302845,0.0,0.0
-1.150880477057647,-0.27994389982483314,0.35142422792289446,0.0,0.0
-1.150880477057647,-0.2177341443082037,0.3506878486495611,0.0,0.0
-1.150880477057647,-0.15552438879157382,0.35013610424398256,0.0,0.0
-1.150880477057647,-0.09331463327494438,0.3497685344988142,0.0,0.0
-1.150880477057647,-0.03110487775831494,0.34958482811778346,0.0,0.0
-1.150880477057647,0.031104877758314498,0.34958482811778346,0.0,0.0
-1.150880477057647,0.09331463327494438,0.3497685344988142,0.0,0.0
-1.150880477057647,0.15552438879157382,0.35013610424398256,0.0,0.0
-1.150880477057647,0.21773414430820326,0.3506878486495611,0.0,0.0
-1.150880477057647,0.2799438998248327,0.35142422792289446,0.0,0.0
-1.150880477057647,0.3421536553414626,0.35234584292302845,0.0,0.0
-1.150880477057647,0.404363410858092,0.35345342385463663,0.0,0.0
-1.150880477057647,0.46657316637472146,0.354747815659523,0.0,0.0
-1.150880477057647,0.5287829218913513,0.35622995978117206,0.0,0.0
-1.150880477057647,0.5909926774079808,0.35790087190613284,0.0,0.0
-1.150880477057647,0.6532024329246102,0.35976161521130684,0.0,0.0
-1.150880477057647,0.7154121884412397,0.3618132685686058,0.0,0.0
-1.150880477057647,0.7776219439578695,0.36405688907848094,0.0,0.0
-1.150880477057647,0.839831699474499,0.3664934682225654,0.0,0.0
-1.150880477057647,0.9020414549911289,0.3691238808448742,0.0,0.0
-1.150880477057647,0.9642512105077579,0.37194882609331303,0.0,0.0
-1.150880477057647,1.0264609660243877,0.37496875938246255,0.0,0.0
-1.150880477057647,1.0886707215410176,0.37818381437996035,0.0,0.0
-1.150880477057647,1.1508804770576466,0.38159371397931996,0.0,0.0
-1.150880477057647,1.2130902325742765,0.3851976692108778,0.0,0.0
-1.150880477057647,1.2752999880909055,0.3889942650715012,0.0,0.0
-1.150880477057647,1.3375097436075354,0.3929813323374375,0.0,0.0
-1.150880477057647,1.3997194991241653,0.3971558045812558,0.0,0.0
-1.150880477057647,1.4619292546407943,0.40151355986481435,0.0,0.0
-1.150880477057647,1.5241390101574241,0.40604924695062805,0.0,0.0
-1.150880477057647,1.586348765674054,0.41075609639211796,0.0,0.0
-1.150880477057647,1.648558521190683,0.41562571755926164,0.0,0.0
-1.150880477057647,1.710768276707313,0.4206478835606956,0.0,0.0
-1.150880477057647,1.7729780322239428,0.42581030716419344,0.0,0.0
-1.150880477057647,1.8351877877405718,0.43109841221541284,0.0,0.0
-1.150880477057647,1.8973975432572017,0.43649510671743,0.0,0.0
-1.150880477057647,1.9596072987738316,0.44198056564723615,0.0,0.0
-1.150880477057647,2.0218170542904605,0.4475320337055942,0.0,0.0
-1.150880477057647,2.0840268098070904,0.4531236604370412,0.0,0.0
-1.150880477057647,2.1462365653237194,0.4587263823780326,0.0,0.0
-1.150880477057647,2.2084463208403493,0.4643078688915332,0.0,0.0
-1.150880477057647,2.270656076356979,0.46983254985703743,0.0,0.0
-1.150880477057647,2.332865831873608,0.47526174407410204,0.0,0.0
-1.150880477057647,2.395075587390238,0.4805539067263978,0.0,0.0
-1.150880477057647,2.457285342906868,0.4856650121503456,0.0,0.0
-1.150880477057647,2.519495098423497,0.4905490841059197,0.0,0.0
-1.150880477057647,2.581704853940127,0.4951588795174664,0.0,0.0
-1.150880477057647,2.6439146094567567,0.4994467231965802,0.0,0.0
-1.150880477057647,2.7061243649733857,0.5033654806165079,0.0,0.0
-1.150880477057647,2.7683341204900156,0.5068696439657817,0.0,0.0
-1.150880477057647,2.8305438760066455,0.5099164944268271,0.0,0.0
-1.150880477057647,2.8927536315232745,0.512467292190514,0.0,0.0
-1.150880477057647,2.9549633870399044,0.5144884366213883,0.0,0.0
-1.150880477057647,3.0171731425565333,0.5159525337224908,0.0,0.0
-1.150880477057647,3.0793828980731632,0.5168393078473886,0.0,0.0
-1.0886707215410176,-3.141592653589793,0.5087430442142613,0.0,0.0
-1.0886707215410176,-3.0793828980731637,0.5084602713930401,0.0,0.0
-1.0886707215410176,-3.017173142556534,0.5076158613165518,0.0,0.0
-1.0886707215410176,-2.9549633870399044,0.5062214034780486,0.0,0.0
-1.0886707215410176,-2.892753631523275,0.5042957706086787,0.0,0.0
-1.0886707215410176,-2.8305438760066455,0.5018644850165251,0.0,0.0
-1.0886707215410176,-2.7683341204900156,0.49895888996390375,0.0,0.0
-1.0886707215410176,-2.706124364973386,0.4956151770974952,0.0,0.0
-1.0886707215410176,-2.6439146094567567,0.4918733261356876,0.0,0.0
-1.0886707215410176,-2.581704853940127,0.487776013160193,0.0,0.0
-1.0886707215410176,-2.5194950984234974,0.4833675395298976,0.0,0.0
-1.0886707215410176,-2.457285342906868,0.47869282566763255,0.0,0.0
-1.0886707215410176,-2.395075587390238,0.47379650403676404,0.0,0.0
-1.0886707215410176,-2.3328658318736086,0.4687221348151902,0.0,0.0
-1.0886707215410176,-2.270656076356979,0.46351155722329346,0.0,0.0
-1.0886707215410176,-2.2084463208403498,0.45820438003399766,0.0,0.0
-1.0886707215410176,-2.1462365653237203,0.45283760703786813,0.0,0.0
-1.0886707215410176,-2.0840268098070904,0.4474453874035064,0.0,0.0
-1.0886707215410176,-2.021817054290461,0.44205887696266516,0.0,0.0
-1.0886707215410176,-1.9596072987738313,0.4367061942797984,0.0,0.0
-1.0886707215410176,-1.897397543257202,0.4314124546485139,0.0,0.0
-1.0886707215410176,-1.8351877877405722,0.4261998655588768,0.0,0.0
-1.0886707215410176,-1.7729780322239428,0.4210878683689135,0.0,0.0
-1.0886707215410176,-1.7107682767073131,0.41609331259456867,0.0,0.0
-1.0886707215410176,-1.6485585211906835,0.41123065115976004,0.0,0.0
-1.0886707215410176,-1.586348765674054,0.40651214693385296,0.0,0.0
-1.0886707215410176,-1.5241390101574244,0.4019480827940784,0.0,0.0
-1.0886707215410176,-1.461929254640795,0.39754696919877736,0.0,0.0
-1.0886707215410176,-1.3997194991241653,0.3933157447958449,0.0,0.0
-1.0886707215410176,-1.3375097436075358,0.38925996690028675,0.0,0.0
-1.0886707215410176,-1.2752999880909062,0.38538398975675714,0.0,0.0
-1.0886707215410176,-1.2130902325742767,0.3816911293719438,0.0,0.0
-1.0886707215410176,-1.150880477057647,0.37818381437996035,0.0,0.0
-1.0886707215410176,-1.0886707215410176,0.37486372291725345,0.0,0.0
-1.0886707215410176,-1.0264609660243877,0.37173190585824134,0.0,0.0
-1.0886707215410176,-0.9642512105077583,0.368788897024038,0.0,0.0
-1.0886707215410176,-0.9020414549911289,0.3660348111468476,0.0,0.0
-1.0886707215410176,-0.8398316994744994,0.36346943047175506,0.0,0.0
-1.0886707215410176,-0.7776219439578695,0.3610922809224537,0.0,0.0
-1.0886707215410176,-0.7154121884412401,0.35890269876182296,0.0,0.0
-1.0886707215410176,-0.6532024329246107,0.3568998886533953,0.0,0.0
-1.0886707215410176,-0.5909926774079808,0.3550829739845136,0.0,0.0
-1.0886707215410176,-0.5287829218913513,0.35345104025324453,0.0,0.0
-1.0886707215410176,-0.4665731663747219,0.352003172254086,0.0,0.0
-1.0886707215410176,-0.40436341085809246,0.3507384857260366,0.0,0.0
-1.0886707215410176,-0.3421536553414626,0.349656154053413,0.0,0.0
-1.0886707215410176,-0.27994389982483314,0.34875543053679514,0.0,0.0
-1.0886707215410176,-0.2177341443082037,0.34803566667983776,0.0,0.0
-1.0886707215410176,-0.15552438879157382,0.34749632686808235,0.0,0.0
-1.0886707215410176,-0.09331463327494438,0.34713699974861817,0.0,0.0
-1.0886707215410176,-0.03110487775831494,0.3469574065544437,0.0,0.0
-1.0886707215410176,0.031104877758314498,0.3469574065544437,0.0,0.0
-1.0886707215410176,0.09331463327494438,0.34713699974861817,0.0,0.0
-1.0886707215410176,0.15552438879157382,0.34749632686808235,0.0,0.0
-1.0886707215410176,0.21773414430820326,0.34803566667983776,0.0,0.0
-1.0886707215410176,0.2799438998248327,0.34875543053679514,0.0,0.0
-1.0886707215410176,0.3421536553414626,0.349656154053413,0.0,0.0
-1.0886707215410176,0.404363410858092,0.35073848572603655,0.0,0.0
-1.0886707215410176,0.46657316637472146,0.352003172254086,0.0,0.0
-1.0886707215410176,0.5287829218913513,0.35345104025324453,0.0,0.0
-1.0886707215410176,0.5909926774079808,0.3550829739845136,0.0,0.0
-1.0886707215410176,0.6532024329246102,0.3568998886533953,0.0,0.0
-1.0886707215410176,0.7154121884412397,0.35890269876182296,0.0,0.0
-1.0886707215410176,0.7776219439578695,0.3610922809224537,0.0,0.0
-1.0886707215410176,0.839831699474499,0.363469430471755,0.0,0.0
-1.0886707215410176,0.9020414549911289,0.3660348111468476,0.0,0.0
-1.0886707215410176,0.9642512105077579,0.368788897024038,0.0,0.0
-1.0886707215410176,1.0264609660243877,0.37173190585824134,0.0,0.0
-1.0886707215410176,1.0886707215410176,0.37486372291725345,0.0,0.0
-1.0886707215410176,1.1508804770576466,0.37818381437996035,0.0,0.0
-1.0886707215410176,1.2130902325742765,0.3816911293719437,0.0,0.0
-1.0886707215410176,1.2752999880909055,0.3853839897567571,0.0,0.0
-1.0886707215410176,1.3375097436075354,0.38925996690028675,0.0,0.0
-1.0886707215410176,1.3997194991241653,0.3933157447958449,0.0,0.0
-1.0886707215410176,1.4619292546407943,0.3975469691987773,0.0,0.0
-1.0886707215410176,1.5241390101574241,0.4019480827940784,0.0,0.0
-1.0886707215410176,1.586348765674054,0.40651214693385296,0.0,0.0
-1.0886707215410176,1.648558521190683,0.41123065115975993,0.0,0.0
-1.0886707215410176,1.710768276707313,0.41609331259456867,0.0,0.0
-1.0886707215410176,1.7729780322239428,0.4210878683689135,0.0,0.0
-1.0886707215410176,1.8351877877405718,0.4261998655588767,0.0,0.0
-1.0886707215410176,1.8973975432572017,0.4314124546485138,0.0,0.0
-1.0886707215410176,1.9596072987738316,0.4367061942797984,0.0,0.0
-1.0886707215410176,2.0218170542904605,0.4420588769626651,0.0,0.0
-1.0886707215410176,2.0840268098070904,0.4474453874035064,0.0,0.0
-1.0886707215410176,2.1462365653237194,0.4528376070378681,0.0,0.0
-1.0886707215410176,2.2084463208403493,0.45820438003399766,0.0,0.0
-1.0886707215410176,2.270656076356979,0.46351155722329346,0.0,0.0
-1.0886707215410176,2.332865831873608,0.46872213481519015,0.0,0.0
-1.0886707215410176,2.395075587390238,0.47379650403676404,0.0,0.0
-1.0886707215410176,2.457285342906868,0.47869282566763255,0.0,0.0
-1.0886707215410176,2.519495098423497,0.48336753952989747,0.0,0.0
-1.0886707215410176,2.581704853940127,0.487776013160193,0.0,0.0
-1.0886707215410176,2.6439146094567567,0.4918733261356876,0.0,0.0
-1.0886707215410176,2.7061243649733857,0.4956151770974952,0.0,0.0
-1.0886707215410176,2.7683341204900156,0.49895888996390375,0.0,0.0
-1.0886707215410176,2.8305438760066455,0.5018644850165251,0.0,0.0
-1.0886707215410176,2.8927536315232745,0.5042957706086787,0.0,0.0
-1.0886707215410176,2.9549633870399044,0.5062214034780486,0.0,0.0
-1.0886707215410176,3.0171731425565333,0.5076158613165518,0.0,0.0
-1.0886707215410176,3.0793828980731632,0.5084602713930401,0.0,0.0
-1.0264609660243877,-3.141592653589793,0.5009960762702603,0.0,0.0
-1.0264609660243877,-3.0793828980731637,0.5007260188423615,0.0,0.0
-1.0264609660243877,-3.017173142556534,0.4999194982603411,0.0,0.0
-1.0264609660243877,-2.9549633870399044,0.4985873459794744,0.0,0.0
-1.0264609660243877,-2.892753631523275,0.496747210385403,0.0,0.0
-1.0264609660243877,-2.8305438760066455,0.49442297830496673,0.0,0.0
-1.0264609660243877,-2.7683341204900156,0.4916440172657595,0.0,0.0
-1.0264609660243877,-2.706124364973386,0.4884442841299488,0.0,0.0
-1.0264609660243877,-2.6439146094567567,0.4848613505667456,0.0,0.0
-1.0264609660243877,-2.581704853940127,0.4809353962194806,0.0,0.0
-1.0264609660243877,-2.5194950984234974,0.47670821683737097,0.0,0.0
-1.0264609660243877,-2.457285342906868,0.47222228795323695,0.0,0.0
-1.0264609660243877,-2.395075587390238,0.4675199159905672,0.0,0.0
-1.0264609660243877,-2.3328658318736086,0.46264249910290345,0.0,0.0
-1.0264609660243877,-2.270656076356979,0.45762991059037794,0.0,0.0
-1.0264609660243877,-2.2084463208403498,0.4525200091842344,0.0,0.0
-1.0264609660243877,-2.1462365653237203,0.44734827335484856,0.0,0.0
-1.0264609660243877,-2.0840268098070904,0.442147551334571,0.0,0.0
-1.0264609660243877,-2.021817054290461,0.436947914783553,0.0,0.0
-1.0264609660243877,-1.9596072987738313,0.43177660182987426,0.0,0.0
-1.0264609660243877,-1.897397543257202,0.42665803434696276,0.0,0.0
-1.0264609660243877,-1.8351877877405722,0.42161389450580355,0.0,0.0
-1.0264609660243877,-1.7729780322239428,0.4166632465664632,0.0,0.0
-1.0264609660243877,-1.7107682767073131,0.41182269128756915,0.0,0.0
-1.0264609660243877,-1.6485585211906835,0.4071065420099043,0.0,0.0
-1.0264609660243877,-1.586348765674054,0.40252701323581375,0.0,0.0
-1.0264609660243877,-1.5241390101574244,0.3980944142519726,0.0,0.0
-1.0264609660243877,-1.461929254640795,0.3938173419439496,0.0,0.0
-1.0264609660243877,-1.3997194991241653,0.3897028683767197,0.0,0.0
-1.0264609660243877,-1.3375097436075358,0.3857567199427181,0.0,0.0
-1.0264609660243877,-1.2752999880909062,0.38198344590464756,0.0,0.0
-1.0264609660243877,-1.2130902325742767,0.37838657499367656,0.0,0.0
-1.0264609660243877,-1.150880477057647,0.37496875938246255,0.0,0.0
-1.0264609660243877,-1.0886707215410176,0.37173190585824134,0.0,0.0
-1.0264609660243877,-1.0264609660243877,0.36867729439691166,0.0,0.0
-1.0264609660243877,-0.9642512105077583,0.36580568460689233,0.0,0.0
-1.0264609660243877,-0.9020414549911289,0.36311741069206194,0.0,0.0
-1.0264609660243877,-0.8398316994744994,0.36061246569449407,0.0,0.0
-1.0264609660243877,-0.7776219439578695,0.3582905758355758,0.0,0.0
-1.0264609660243877,-0.7154121884412401,0.35615126579150325,0.0,0.0
-1.0264609660243877,-0.6532024329246107,0.35419391572675823,0.0,0.0
-1.0264609660243877,-0.5909926774079808,0.35241781087552526,0.0,0.0
-1.0264609660243877,-0.5287829218913513,0.35082218441281404,0.0,0.0
-1.0264609660243877,-0.4665731663747219,0.349406254299446,0.0,0.0
-1.0264609660243877,-0.40436341085809246,0.3481692547219006,0.0,0.0
-1.0264609660243877,-0.3421536553414626,0.34711046268209683,0.0,0.0
-1.0264609660243877,-0.27994389982483314,0.3462292202254778,0.0,0.0
-1.0264609660243877,-0.2177341443082037,0.34552495272956485,0.0,0.0
-1.0264609660243877,-0.15552438879157382,0.3449971836102486,0.0,0.0
-1.0264609660243877,-0.09331463327494438,0.34464554573987005,0.0,0.0
-1.0264609660243877,-0.03110487775831494,0.34446978980970766,0.0,0.0
-1.0264609660243877,0.031104877758314498,0.34446978980970766,0.0,0.0
-1.0264609660243877,0.09331463327494438,0.34464554573987005,0.0,0.0
-1.0264609660243877,0.15552438879157382,0.3449971836102486,0.0,0.0
-1.0264609660243877,0.21773414430820326,0.34552495272956485,0.0,0.0
-1.0264609660243877,0.2799438998248327,0.34622922022547786,0.0,0.0
-1.0264609660243877,0.3421536553414626,0.34711046268209683,0.0,0.0
-1.0264609660243877,0.404363410858092,0.3481692547219005,0.0,0.0
-1.0264609660243877,0.46657316637472146,0.349406254299446,0.0,0.0
-1.0264609660243877,0.5287829218913513,0.35082218441281404,0.0,0.0
-1.0264609660243877,0.5909926774079808,0.35241781087552526,0.0,0.0
-1.0264609660243877,0.6532024329246102,0.3541939157267582,0.0,0.0
-1.0264609660243877,0.7154121884412397,0.35615126579150325,0.0,0.0
-1.0264609660243877,0.7776219439578695,0.3582905758355758,0.0,0.0
-1.0264609660243877,0.839831699474499,0.360612465694494,0.0,0.0
-1.0264609660243877,0.9020414549911289,0.36311741069206194,0.0,0.0
-1.0264609660243877,0.9642512105077579,0.3658056846068923,0.0,0.0
-1.0264609660243877,1.0264609660243877,0.36867729439691166,0.0,0.0
-1.0264609660243877,1.0886707215410176,0.37173190585824134,0.0,0.0
-1.0264609660243877,1.1508804770576466,0.37496875938246255,0.0,0.0
-1.0264609660243877,1.2130902325742765,0.37838657499367656,0.0,0.0
-1.0264609660243877,1.2752999880909055,0.38198344590464756,0.0,0.0
-1.0264609660243877,1.3375097436075354,0.3857567199427181,0.0,0.0
-1.0264609660243877,1.3997194991241653,0.3897028683767197,0.0,0.0
-1.0264609660243877,1.4619292546407943,0.3938173419439496,0.0,0.0
-1.0264609660243877,1.5241390101574241,0.3980944142519725,0.0,0.0
-1.0264609660243877,1.586348765674054,0.40252701323581375,0.0,0.0
-1.0264609660243877,1.648558521190683,0.4071065420099043,0.0,0.0
-1.0264609660243877,1.710768276707313,0.41182269128756915,0.0,0.0
-1.0264609660243877,1.7729780322239428,0.4166632465664632,0.0,0.0
-1.0264609660243877,1.8351877877405718,0.42161389450580355,0.0,0.0
-1.0264609660243877,1.8973975432572017,0.42665803434696276,0.0,0.0
-1.0264609660243877,1.9596072987738316,0.43177660182987426,0.0,0.0
-1.0264609660243877,2.0218170542904605,0.4369479147835529,0.0,0.0
-1.0264609660243877,2.0840268098070904,0.442147551334571,0.0,0.0
-1.0264609660243877,2.1462365653237194,0.4473482733548485,0.0,0.0
-1.0264609660243877,2.2084463208403493,0.4525200091842344,0.0,0.0
-1.0264609660243877,2.270656076356979,0.45762991059037794,0.0,0.0
-1.0264609660243877,2.332865831873608,0.4626424991029034,0.0,0.0
-1.0264609660243877,2.395075587390238,0.4675199159905672,0.0,0.0
-1.0264609660243877,2.457285342906868,0.47222228795323695,0.0,0.0
-1.0264609660243877,2.519495098423497,0.47670821683737086,0.0,0.0
-1.0264609660243877,2.581704853940127,0.4809353962194806,0.0,0.0
-1.0264609660243877,2.6439146094567567,0.4848613505667456,0.0,0.0
-1.0264609660243877,2.7061243649733857,0.4884442841299487,0.0,0.0
-1.0264609660243877,2.7683341204900156,0.4916440172657595,0.0,0.0
-1.0264609660243877,2.8305438760066455,0.49442297830496673,0.0,0.0
-1.0264609660243877,2.8927536315232745,0.496747210385403,0.0,0.0
-1.0264609660243877,2.9549633870399044,0.4985873459794744,0.0,0.0
-1.0264609660243877,3.0171731425565333,0.4999194982603411,0.0,0.0
-1.0264609660243877,3.0793828980731632,0.5007260188423615,0.0,0.0
-0.9642512105077583,-3.141592653589793,0.4938604809840522,0.0,0.0
-0.9642512105077583,-3.0793828980731637,0.4936017932072529,0.0,0.0
-0.9642512105077583,-3.017173142556534,0.492829157464211,0.0,0.0
-0.9642512105077583,-2.9549633870399044,0.4915527431090215,0.0,0.0
-0.9642512105077583,-2.892753631523275,0.4897891283237002,0.0,0.0
-0.9642512105077583,-2.8305438760066455,0.4875607687407971,0.0,0.0
-0.9642512105077583,-2.7683341204900156,0.4848953003554173,0.0,0.0
-0.9642512105077583,-2.706124364973386,0.4818247178384317,0.0,0.0
-0.9642512105077583,-2.6439146094567567,0.47838447388466887,0.0,0.0
-0.9642512105077583,-2.581704853940127,0.47461254580070866,0.0,0.0
-0.9642512105077583,-2.5194950984234974,0.4705485125441019,0.0,0.0
-0.9642512105077583,-2.457285342906868,0.46623267961667336,0.0,0.0
-0.9642512105077583,-2.395075587390238,0.46170528153875157,0.0,0.0
-0.9642512105077583,-2.3328658318736086,0.4570057830795252,0.0,0.0
-0.9642512105077583,-2.270656076356979,0.4521722918876945,0.0,0.0
-0.9642512105077583,-2.2084463208403498,0.4472410873663271,0.0,0.0
-0.9642512105077583,-2.1462365653237203,0.4422462640470229,0.0,0.0
-0.9642512105077583,-2.0840268098070904,0.43721948259204946,0.0,0.0
-0.9642512105077583,-2.021817054290461,0.4321898179410621,0.0,0.0
-0.9642512105077583,-1.9596072987738313,0.4271836919225685,0.0,0.0
-0.9642512105077583,-1.897397543257202,0.42222487667280245,0.0,0.0
-0.9642512105077583,-1.8351877877405722,0.4173345552002624,0.0,0.0
-0.9642512105077583,-1.7729780322239428,0.4125314261468797,0.0,0.0
-0.9642512105077583,-1.7107682767073131,0.40783184098801906,0.0,0.0
-0.9642512105077583,-1.6485585211906835,0.40324996337865054,0.0,0.0
-0.9642512105077583,-1.586348765674054,0.39879794192861645,0.0,0.0
-0.9642512105077583,-1.5241390101574244,0.3944860892543908,0.0,0.0
-0.9642512105077583,-1.461929254640795,0.39032306162460684,0.0,0.0
-0.9642512105077583,-1.3997194991241653,0.3863160348405663,0.0,0.0
-0.9642512105077583,-1.3375097436075358,0.38247087314486095,0.0,0.0
-0.9642512105077583,-1.2752999880909062,0.3787922889237762,0.0,0.0
-0.9642512105077583,-1.2130902325742767,0.3752839917678328,0.0,0.0
-0.9642512105077583,-1.150880477057647,0.3719488260933131,0.0,0.0
-0.9642512105077583,-1.0886707215410176,0.368788897024038,0.0,0.0
-0.9642512105077583,-1.0264609660243877,0.36580568460689233,0.0,0.0
-0.9642512105077583,-0.9642512105077583,0.3630001467064809,0.0,0.0
-0.9642512105077583,-0.9020414549911289,0.36037281111242,0.0,0.0
-0.9642512105077583,-0.8398316994744994,0.3579238575138539,0.0,0.0
-0.9642512105077583,-0.7776219439578695,0.35565319006434387,0.0,0.0
-0.9642512105077583,-0.7154121884412401,0.35356050128859684,0.0,0.0
-0.9642512105077583,-0.6532024329246107,0.3516453280807396,0.0,0.0
-0.9642512105077583,-0.5909926774079808,0.3499071005201995,0.0,0.0
-0.9642512105077583,-0.5287829218913513,0.3483451841922549,0.0,0.0
-0.9642512105077583,-0.4665731663747219,0.346958916651003,0.0,0.0
-0.9642512105077583,-0.40436341085809246,0.34574763860671043,0.0,0.0
-0.9642512105077583,-0.3421536553414626,0.3447107203600891,0.0,0.0
-0.9642512105077583,-0.27994389982483314,0.34384758394501136,0.0,0.0
-0.9642512105077583,-0.2177341443082037,0.34315772137992284,0.0,0.0
-0.9642512105077583,-0.15552438879157382,0.34264070936761254,0.0,0.0
-0.9642512105077583,-0.09331463327494438,0.3422962207235369,0.0,0.0
-0.9642512105077583,-0.03110487775831494,0.3421240327547638,0.0,0.0
-0.9642512105077583,0.031104877758314498,0.3421240327547638,0.0,0.0
-0.9642512105077583,0.09331463327494438,0.3422962207235369,0.0,0.0
-0.9642512105077583,0.15552438879157382,0.34264070936761254,0.0,0.0
-0.9642512105077583,0.21773414430820326,0.34315772137992284,0.0,0.0
-0.9642512105077583,0.2799438998248327,0.34384758394501136,0.0,0.0
-0.9642512105077583,0.3421536553414626,0.3447107203600891,0.0,0.0
-0.9642512105077583,0.404363410858092,0.3457476386067104,0.0,0.0
-0.9642512105077583,0.46657316637472146,0.346958916651003,0.0,0.0
-0.9642512105077583,0.5287829218913513,0.3483451841922549,0.0,0.0
-0.9642512105077583,0.5909926774079808,0.3499071005201995,0.0,0.0
-0.9642512105077583,0.6532024329246102,0.3516453280807396,0.0,0.0
-0.9642512105077583,0.7154121884412397,0.35356050128859684,0.0,0.0
-0.9642512105077583,0.7776219439578695,0.35565319006434387,0.0,0.0
-0.9642512105077583,0.839831699474499,0.3579238575138539,0.0,0.0
-0.9642512105077583,0.9020414549911289,0.36037281111242,0.0,0.0
-0.9642512105077583,0.9642512105077579,0.3630001467064809,0.0,0.0
-0.9642512105077583,1.0264609660243877,0.36580568460689233,0.0,0.0
-0.9642512105077583,1.0886707215410176,0.368788897024038,0.0,0.0
-0.9642512105077583,1.1508804770576466,0.3719488260933131,0.0,0.0
-0.9642512105077583,1.2130902325742765,0.3752839917678328,0.0,0.0
-0.9642512105077583,1.2752999880909055,0.3787922889237762,0.0,0.0
-0.9642512105077583,1.3375097436075354,0.38247087314486095,0.0,0.0
-0.9642512105077583,1.3997194991241653,0.3863160348405663,0.0,0.0
-0.9642512105077583,1.4619292546407943,0.3903230616246068,0.0,0.0
-0.9642512105077583,1.5241390101574241,0.3944860892543908,0.0,0.0
-0.9642512105077583,1.586348765674054,0.39879794192861645,0.0,0.0
-0.9642512105077583,1.648558521190683,0.4032499633786505,0.0,0.0
-0.9642512105077583,1.710768276707313,0.40783184098801906,0.0,0.0
-0.9642512105077583,1.7729780322239428,0.4125314261468797,0.0,0.0
-0.9642512105077583,1.8351877877405718,0.41733455520026236,0.0,0.0
-0.9642512105077583,1.8973975432572017,0.42222487667280245,0.0,0.0
-0.9642512105077583,1.9596072987738316,0.42718369192256855,0.0,0.0
-0.9642512105077583,2.0218170542904605,0.432189817941062,0.0,0.0
-0.9642512105077583,2.0840268098070904,0.43721948259204946,0.0,0.0
-0.9642512105077583,2.1462365653237194,0.44224626404702283,0.0,0.0
-0.9642512105077583,2.2084463208403493,0.4472410873663271,0.0,0.0
-0.9642512105077583,2.270656076356979,0.4521722918876945,0.0,0.0
-0.9642512105077583,2.332865831873608,0.4570057830795252,0.0,0.0
-0.9642512105077583,2.395075587390238,0.46170528153875157,0.0,0.0
-0.9642512105077583,2.457285342906868,0.46623267961667336,0.0,0.0
-0.9642512105077583,2.519495098423497,0.4705485125441018,0.0,0.0
-0.9642512105077583,2.581704853940127,0.47461254580070866,0.0,0.0
-0.9642512105077583,2.6439146094567567,0.47838447388466887,0.0,0.0
-0.9642512105077583,2.7061243649733857,0.4818247178384316,0.0,0.0
-0.9642512105077583,2.7683341204900156,0.4848953003554173,0.0,0.0
-0.9642512105077583,2.8305438760066455,0.4875607687407971,0.0,0.0
-0.9642512105077583,2.8927536315232745,0.4897891283237002,0.0,0.0
-0.9642512105077583,2.9549633870399044,0.4915527431090215,0.0,0.0
-0.9642512105077583,3.0171731425565333,0.4928291574642109,0.0,0.0
-0.9642512105077583,3.0793828980731632,0.4936017932072529,0.0,0.0
-0.9020414549911289,-3.141592653589793,0.48730465015261043,0.0,0.0
-0.9020414549911289,-3.0793828980731637,0.4870561230548586,0.0,0.0
-0.9020414549911289,-3.017173142556534,0.4863137734466709,0.0,0.0
-0.9020414549911289,-2.9549633870399044,0.4850871917279192,0.0,0.0
-0.9020414549911289,-2.892753631523275,0.48339201962949263,0.0,0.0
-0.9020414549911289,-2.8305438760066455,0.4812494591725505,0.0,0.0
-0.9020414549911289,-2.7683341204900156,0.4786856276082048,0.0,0.0
-0.9020414549911289,-2.706124364973386,0.47573079565393694,0.0,0.0
-0.9020414549911289,-2.6439146094567567,0.47241855058113574,0.0,0.0
-0.9020414549911289,-2.581704853940127,0.46878492640722674,0.0,0.0
-0.9020414549911289,-2.5194950984234974,0.464867540928787,0.0,0.0
-0.9020414549911289,-2.457285342906868,0.4607047742438068,0.0,0.0
-0.9020414549911289,-2.395075587390238,0.45633501658390513,0.0,0.0
-0.9020414549911289,-2.3328658318736086,0.45179600558944794,0.0,0.0
-0.9020414549911289,-2.270656076356979,0.4471242654172436,0.0,0.0
-0.9020414549911289,-2.2084463208403498,0.44235465291994847,0.0,0.0
-0.9020414549911289,-2.1462365653237203,0.4375200100278505,0.0,0.0
-0.9020414549911289,-2.0840268098070904,0.43265091664391736,0.0,0.0
-0.9020414549911289,-2.021817054290461,0.42777553489968995,0.0,0.0
-0.9020414549911289,-1.9596072987738313,0.42291953344212474,0.0,0.0
-0.9020414549911289,-1.897397543257202,0.4181060793665365,0.0,0.0
-0.9020414549911289,-1.8351877877405722,0.41335588526555167,0.0,0.0
-0.9020414549911289,-1.7729780322239428,0.40868729940154275,0.0,0.0
-0.9020414549911289,-1.7107682767073131,0.40411642801502595,0.0,0.0
-0.9020414549911289,-1.6485585211906835,0.39965728006619516,0.0,0.0
-0.9020414549911289,-1.586348765674054,0.39532192611866224,0.0,0.0
-0.9020414549911289,-1.5241390101574244,0.3911206644980176,0.0,0.0
-0.9020414549911289,-1.461929254640795,0.3870621892117755,0.0,0.0
-0.9020414549911289,-1.3997194991241653,0.38315375534983076,0.0,0.0
-0.9020414549911289,-1.3375097436075358,0.3794013387675695,0.0,0.0
-0.9020414549911289,-1.2752999880909062,0.37580978777687957,0.0,0.0
-0.9020414549911289,-1.2130902325742767,0.37238296533570486,0.0,0.0
-0.9020414549911289,-1.150880477057647,0.3691238808448742,0.0,0.0
-0.9020414549911289,-1.0886707215410176,0.3660348111468476,0.0,0.0
-0.9020414549911289,-1.0264609660243877,0.36311741069206194,0.0,0.0
-0.9020414549911289,-0.9642512105077583,0.36037281111242,0.0,0.0
-0.9020414549911289,-0.9020414549911289,0.3578017106350261,0.0,0.0
-0.9020414549911289,-0.8398316994744994,0.355404453897916,0.0,0.0
-0.9020414549911289,-0.7776219439578695,0.3531811028067794,0.0,0.0
-0.9020414549911289,-0.7154121884412401,0.351131499109106,0.0,0.0
-0.9020414549911289,-0.6532024329246107,0.3492553193694336,0.0,0.0
-0.9020414549911289,-0.5909926774079808,0.3475521230143505,0.0,0.0
-0.9020414549911289,-0.5287829218913513,0.3460213940848934,0.0,0.0
-0.9020414549911289,-0.4665731663747219,0.3446625772919489,0.0,0.0
-0.9020414549911289,-0.40436341085809246,0.3434751089210177,0.0,0.0
-0.9020414549911289,-0.3421536553414626,0.3424584430790697,0.0,0.0
-0.9020414549911289,-0.27994389982483314,0.34161207372029373,0.0,0.0
-0.9020414549911289,-0.2177341443082037,0.34093555283076127,0.0,0.0
-0.9020414549911289,-0.15552438879157382,0.34042850509533884,0.0,0.0
-0.9020414549911289,-0.09331463327494438,0.3400906393141617,0.0,0.0
-0.9020414549911289,-0.03110487775831494,0.3399217567808939,0.0,0.0
-0.9020414549911289,0.031104877758314498,0.3399217567808939,0.0,0.0
-0.9020414549911289,0.09331463327494438,0.3400906393141617,0.0,0.0
-0.9020414549911289,0.15552438879157382,0.34042850509533884,0.0,0.0
-0.9020414549911289,0.21773414430820326,0.34093555283076127,0.0,0.0
-0.9020414549911289,0.2799438998248327,0.3416120737202937,0.0,0.0
-0.9020414549911289,0.3421536553414626,0.3424584430790697,0.0,0.0
-0.9020414549911289,0.404363410858092,0.3434751089210177,0.0,0.0
-0.9020414549911289,0.46657316637472146,0.3446625772919489,0.0,0.0
-0.9020414549911289,0.5287829218913513,0.3460213940848934,0.0,0.0
-0.9020414549911289,0.5909926774079808,0.3475521230143505,0.0,0.0
-0.9020414549911289,0.6532024329246102,0.3492553193694336,0.0,0.0
-0.9020414549911289,0.7154121884412397,0.351131499109106,0.0,0.0
-0.9020414549911289,0.7776219439578695,0.3531811028067794,0.0,0.0
-0.9020414549911289,0.839831699474499,0.35540445389791586,0.0,0.0
-0.9020414549911289,0.9020414549911289,0.3578017106350261,0.0,0.0
-0.9020414549911289,0.9642512105077579,0.3603728111124199,0.0,0.0
-0.9020414549911289,1.0264609660243877,0.36311741069206194,0.0,0.0
-0.9020414549911289,1.0886707215410176,0.3660348111468476,0.0,0.0
-0.9020414549911289,1.1508804770576466,0.3691238808448742,0.0,0.0
-0.9020414549911289,1.2130902325742765,0.37238296533570486,0.0,0.0
-0.9020414549911289,1.2752999880909055,0.3758097877768795,0.0,0.0
-0.9020414549911289,1.3375097436075354,0.37940133876756943,0.0,0.0
-0.9020414549911289,1.3997194991241653,0.38315375534983076,0.0,0.0
-0.9020414549911289,1.4619292546407943,0.38706218921177543,0.0,0.0
-0.9020414549911289,1.5241390101574241,0.3911206644980176,0.0,0.0
-0.9020414549911289,1.586348765674054,0.39532192611866224,0.0,0.0
-0.9020414549911289,1.648558521190683,0.39965728006619516,0.0,0.0
-0.9020414549911289,1.710768276707313,0.40411642801502595,0.0,0.0
-0.9020414549911289,1.7729780322239428,0.40868729940154275,0.0,0.0
-0.9020414549911289,1.8351877877405718,0.4133558852655516,0.0,0.0
-0.9020414549911289,1.8973975432572017,0.41810607936653643,0.0,0.0
-0.9020414549911289,1.9596072987738316,0.42291953344212485,0.0,0.0
-0.9020414549911289,2.0218170542904605,0.42777553489968995,0.0,0.0
-0.9020414549911289,2.0840268098070904,0.43265091664391736,0.0,0.0
-0.9020414549911289,2.1462365653237194,0.43752001002785046,0.0,0.0
-0.9020414549911289,2.2084463208403493,0.44235465291994847,0.0,0.0
-0.9020414549911289,2.270656076356979,0.4471242654172436,0.0,0.0
-0.9020414549911289,2.332865831873608,0.45179600558944794,0.0,0.0
-0.9020414549911289,2.395075587390238,0.45633501658390513,0.0,0.0
-0.9020414549911289,2.457285342906868,0.4607047742438068,0.0,0.0
-0.9020414549911289,2.519495098423497,0.464867540928787,0.0,0.0
-0.9020414549911289,2.581704853940127,0.46878492640722674,0.0,0.0
-0.9020414549911289,2.6439146094567567,0.47241855058113574,0.0,0.0
-0.9020414549911289,2.7061243649733857,0.47573079565393694,0.0,0.0
-0.9020414549911289,2.7683341204900156,0.4786856276082048,0.0,0.0
-0.9020414549911289,2.8305438760066455,0.4812494591725505,0.0,0.0
-0.9020414549911289,2.8927536315232745,0.48339201962949263,0.0,0.0
-0.9020414549911289,2.9549633870399044,0.4850871917279192,0.0,0.0
-0.9020414549911289,3.0171731425565333,0.4863137734466709,0.0,0.0
-0.9020414549911289,3.0793828980731632,0.4870561230548586,0.0,0.0
-0.8398316994744994,-3.141592653589793,0.48130003183064574,0.0,0.0
-0.8398316994744994,-3.0793828980731637,0.481060574637039,0.0,0.0
-0.8398316994744994,-3.017173142556534,0.4803452634106081,0.0,0.0
-0.8398316994744994,-2.9549633870399044,0.4791631820555009,0.0,0.0
-0.8398316994744994,-2.892753631523275,0.4775291525409971,0.0,0.0
-0.8398316994744994,-2.8305438760066455,0.47546327846576797,0.0,0.0
-0.8398316994744994,-2.7683341204900156,0.47299034470837403,0.0,0.0
-0.8398316994744994,-2.706124364973386,0.47013910727844954,0.0,0.0
-0.8398316994744994,-2.6439146094567567,0.4669415114681823,0.0,0.0
-0.8398316994744994,-2.581704853940127,0.4634318771936245,0.0,0.0
-0.8398316994744994,-2.5194950984234974,0.459646088281737,0.0,0.0
-0.8398316994744994,-2.457285342906868,0.45562081796415027,0.0,0.0
-0.8398316994744994,-2.395075587390238,0.4513928167180327,0.0,0.0
-0.8398316994744994,-2.3328658318736086,0.44699828163362076,0.0,0.0
-0.8398316994744994,-2.270656076356979,0.4424723194149695,0.0,0.0
-0.8398316994744994,-2.2084463208403498,0.43784850852984913,0.0,0.0
-0.8398316994744994,-2.1462365653237203,0.43315856033734185,0.0,0.0
-0.8398316994744994,-2.0840268098070904,0.4284320744781699,0.0,0.0
-0.8398316994744994,-2.021817054290461,0.42369638049205866,0.0,0.0
-0.8398316994744994,-1.9596072987738313,0.4189764554799126,0.0,0.0
-0.8398316994744994,-1.897397543257202,0.41429490652003725,0.0,0.0
-0.8398316994744994,-1.8351877877405722,0.4096720062917094,0.0,0.0
-0.8398316994744994,-1.7729780322239428,0.40512577075377476,0.0,0.0
-0.8398316994744994,-1.7107682767073131,0.40067206857532034,0.0,0.0
-0.8398316994744994,-1.6485585211906835,0.3963247531469238,0.0,0.0
-0.8398316994744994,-1.586348765674054,0.3920958092719993,0.0,0.0
-0.8398316994744994,-1.5241390101574244,0.38799550793852305,0.0,0.0
-0.8398316994744994,-1.461929254640795,0.38403256382313006,0.0,0.0
-0.8398316994744994,-1.3997194991241653,0.3802142913305274,0.0,0.0
-0.8398316994744994,-1.3375097436075358,0.37654675599175264,0.0,0.0
-0.8398316994744994,-1.2752999880909062,0.3730349189223263,0.0,0.0
-0.8398316994744994,-1.2130902325742767,0.36968277277533157,0.0,0.0
-0.8398316994744994,-1.150880477057647,0.3664934682225654,0.0,0.0
-0.8398316994744994,-1.0886707215410176,0.36346943047175506,0.0,0.0
-0.8398316994744994,-1.0264609660243877,0.36061246569449407,0.0,0.0
-0.8398316994744994,-0.9642512105077583,0.3579238575138539,0.0,0.0
-0.8398316994744994,-0.9020414549911289,0.355404453897916,0.0,0.0
-0.8398316994744994,-0.8398316994744994,0.35305474493995115,0.0,0.0
-0.8398316994744994,-0.7776219439578695,0.35087493209026344,0.0,0.0
-0.8398316994744994,-0.7154121884412401,0.34886498944970984,0.0,0.0
-0.8398316994744994,-0.6532024329246107,0.34702471774980326,0.0,0.0
-0.8398316994744994,-0.5909926774079808,0.3453537916366535,0.0,0.0
-0.8398316994744994,-0.5287829218913513,0.3438518008519293,0.0,0.0
-0.8398316994744994,-0.4665731663747219,0.3425182858683623,0.0,0.0
-0.8398316994744994,-0.40436341085809246,0.34135276849382545,0.0,0.0
-0.8398316994744994,-0.3421536553414626,0.34035477790953916,0.0,0.0
-0.8398316994744994,-0.27994389982483314,0.3395238725565973,0.0,0.0
-0.8398316994744994,-0.2177341443082037,0.3388596582322466,0.0,0.0
-0.8398316994744994,-0.15552438879157382,0.3383618027042181,0.0,0.0
-0.8398316994744994,-0.09331463327494438,0.33803004709851814,0.0,0.0
-0.8398316994744994,-0.03110487775831494,0.33786421426379365,0.0,0.0
-0.8398316994744994,0.031104877758314498,0.33786421426379365,0.0,0.0
-0.8398316994744994,0.09331463327494438,0.33803004709851814,0.0,0.0
-0.8398316994744994,0.15552438879157382,0.3383618027042181,0.0,0.0
-0.8398316994744994,0.21773414430820326,0.3388596582322466,0.0,0.0
-0.8398316994744994,0.2799438998248327,0.3395238725565972,0.0,0.0
-0.8398316994744994,0.3421536553414626,0.34035477790953916,0.0,0.0
-0.8398316994744994,0.404363410858092,0.34135276849382545,0.0,0.0
-0.8398316994744994,0.46657316637472146,0.3425182858683623,0.0,0.0
-0.8398316994744994,0.5287829218913513,0.3438518008519293,0.0,0.0
-0.8398316994744994,0.5909926774079808,0.3453537916366535,0.0,0.0
-0.8398316994744994,0.6532024329246102,0.3470247177498032,0.0,0.0
-0.8398316994744994,0.7154121884412397,0.34886498944970984,0.0,0.0
-0.8398316994744994,0.7776219439578695,0.35087493209026344,0.0,0.0
-0.8398316994744994,0.839831699474499,0.35305474493995115,0.0,0.0
-0.8398316994744994,0.9020414549911289,0.355404453897916,0.0,0.0
-0.8398316994744994,0.9642512105077579,0.3579238575138539,0.0,0.0
-0.8398316994744994,1.0264609660243877,0.36061246569449407,0.0,0.0
-0.8398316994744994,1.0886707215410176,0.36346943047175506,0.0,0.0
-0.8398316994744994,1.1508804770576466,0.3664934682225654,0.0,0.0
-0.8398316994744994,1.2130902325742765,0.36968277277533146,0.0,0.0
-0.8398316994744994,1.2752999880909055,0.3730349189223263,0.0,0.0
-0.8398316994744994,1.3375097436075354,0.37654675599175264,0.0,0.0
-0.8398316994744994,1.3997194991241653,0.3802142913305274,0.0,0.0
-0.8398316994744994,1.4619292546407943,0.38403256382313,0.0,0.0
-0.8398316994744994,1.5241390101574241,0.38799550793852305,0.0,0.0
-0.8398316994744994,1.586348765674054,0.3920958092719993,0.0,0.0
-0.8398316994744994,1.648558521190683,0.3963247531469237,0.0,0.0
-0.8398316994744994,1.710768276707313,0.40067206857532034,0.0,0.0
-0.8398316994744994,1.7729780322239428,0.40512577075377476,0.0,0.0
-0.8398316994744994,1.8351877877405718,0.4096720062917094,0.0,0.0
-0.8398316994744994,1.8973975432572017,0.41429490652003725,0.0,0.0
-0.8398316994744994,1.9596072987738316,0.4189764554799126,0.0,0.0
-0.8398316994744994,2.0218170542904605,0.4236963804920586,0.0,0.0
-0.8398316994744994,2.0840268098070904,0.4284320744781699,0.0,0.0
-0.8398316994744994,2.1462365653237194,0.4331585603373418,0.0,0.0
-0.8398316994744994,2.2084463208403493,0.4378485085298491,0.0,0.0
-0.8398316994744994,2.270656076356979,0.4424723194149695,0.0,0.0
-0.8398316994744994,2.332865831873608,0.44699828163362076,0.0,0.0
-0.8398316994744994,2.395075587390238,0.4513928167180327,0.0,0.0
-0.8398316994744994,2.457285342906868,0.45562081796415027,0.0,0.0
-0.8398316994744994,2.519495098423497,0.459646088281737,0.0,0.0
-0.8398316994744994,2.581704853940127,0.4634318771936245,0.0,0.0
-0.8398316994744994,2.6439146094567567,0.4669415114681823,0.0,0.0
-0.8398316994744994,2.7061243649733857,0.47013910727844943,0.0,0.0
-0.8398316994744994,2.7683341204900156,0.47299034470837403,0.0,0.0
-0.8398316994744994,2.8305438760066455,0.47546327846576797,0.0,0.0
-0.8398316994744994,2.8927536315232745,0.4775291525409971,0.0,0.0
-0.8398316994744994,2.9549633870399044,0.4791631820555009,0.0,0.0
-0.8398316994744994,3.0171731425565333,0.4803452634106081,0.0,0.0
-0.8398316994744994,3.0793828980731632,0.481060574637039,0.0,0.0
-0.7776219439578695,-3.141592653589793,0.47582090074551464,0.0,0.0
-0.7776219439578695,-3.0793828980731637,0.47558952485799444,0.0,0.0
-0.7776219439578695,-3.017173142556534,0.47489830774339986,0.0,0.0
-0.7776219439578695,-2.9549633870399044,0.47375589031580223,0.0,0.0
-0.7776219439578695,-2.892753631523275,0.47217637716202376,0.0,0.0
-0.7776219439578695,-2.8305438760066455,0.47017890983000415,0.0,0.0
-0.7776219439578695,-2.7683341204900156,0.4677871049429573,0.0,0.0
-0.7776219439578695,-2.706124364973386,0.4650283885460509,0.0,0.0
-0.7776219439578695,-2.6439146094567567,0.4619332618533683,0.0,0.0
-0.7776219439578695,-2.581704853940127,0.4585345344162931,0.0,0.0
-0.7776219439578695,-2.5194950984234974,0.4548665589111886,0.0,0.0
-0.7776219439578695,-2.457285342906868,0.45096449773934916,0.0,0.0
-0.7776219439578695,-2.395075587390238,0.4468636461019472,0.0,0.0
-0.7776219439578695,-2.3328658318736086,0.4425988298649435,0.0,0.0
-0.7776219439578695,-2.270656076356979,0.43820389002671944,0.0,0.0
-0.7776219439578695,-2.2084463208403498,0.43371125949283584,0.0,0.0
-0.7776219439578695,-2.1462365653237203,0.4291516325431318,0.0,0.0
-0.7776219439578695,-2.0840268098070904,0.4245537230800661,0.0,0.0
-0.7776219439578695,-2.021817054290461,0.41994410456046494,0.0,0.0
-0.7776219439578695,-1.9596072987738313,0.4153471224044021,0.0,0.0
-0.7776219439578695,-1.897397543257202,0.4107848685306094,0.0,0.0
-0.7776219439578695,-1.8351877877405722,0.40627720732504585,0.0,0.0
-0.7776219439578695,-1.7729780322239428,0.40184184262654843,0.0,0.0
-0.7776219439578695,-1.7107682767073131,0.3974944160327743,0.0,0.0
-0.7776219439578695,-1.6485585211906835,0.39324862783104386,0.0,0.0
-0.7776219439578695,-1.586348765674054,0.3891163730086453,0.0,0.0
-0.7776219439578695,-1.5241390101574244,0.3851078859911998,0.0,0.0
-0.7776219439578695,-1.461929254640795,0.3812318889195467,0.0,0.0
-0.7776219439578695,-1.3997194991241653,0.37749573935401437,0.0,0.0
-0.7776219439578695,-1.3375097436075358,0.3739055742593206,0.0,0.0
-0.7776219439578695,-1.2752999880909062,0.37046644795921463,0.0,0.0
-0.7776219439578695,-1.2130902325742767,0.36718246245468167,0.0,0.0
-0.7776219439578695,-1.150880477057647,0.36405688907848094,0.0,0.0
-0.7776219439578695,-1.0886707215410176,0.3610922809224537,0.0,0.0
-0.7776219439578695,-1.0264609660243877,0.3582905758355758,0.0,0.0
-0.7776219439578695,-0.9642512105077583,0.35565319006434387,0.0,0.0
-0.7776219439578695,-0.9020414549911289,0.3531811028067794,0.0,0.0
-0.7776219439578695,-0.8398316994744994,0.35087493209026344,0.0,0.0
-0.7776219439578695,-0.7776219439578695,0.34873500247336153,0.0,0.0
-0.7776219439578695,-0.7154121884412401,0.34676140512307213,0.0,0.0
-0.7776219439578695,-0.6532024329246107,0.344954050840265,0.0,0.0
-0.7776219439578695,-0.5909926774079808,0.3433127166047478,0.0,0.0
-0.7776219439578695,-0.5287829218913513,0.341837086193321,0.0,0.0
-0.7776219439578695,-0.4665731663747219,0.3405267853940773,0.0,0.0
-0.7776219439578695,-0.40436341085809246,0.33938141230178276,0.0,0.0
-0.7776219439578695,-0.3421536553414626,0.3384005631352531,0.0,0.0
-0.7776219439578695,-0.27994389982483314,0.3375838539703464,0.0,0.0
-0.7776219439578695,-0.2177341443082037,0.3369309387330436,0.0,0.0
-0.7776219439578695,-0.15552438879157382,0.33644152374714903,0.0,0.0
-0.7776219439578695,-0.09331463327494438,0.3361153790810992,0.0,0.0
-0.7776219439578695,-0.03110487775831494,0.3359523468886099,0.0,0.0
-0.7776219439578695,0.031104877758314498,0.3359523468886099,0.0,0.0
-0.7776219439578695,0.09331463327494438,0.3361153790810992,0.0,0.0
-0.7776219439578695,0.15552438879157382,0.33644152374714903,0.0,0.0
-0.7776219439578695,0.21773414430820326,0.3369309387330436,0.0,0.0
-0.7776219439578695,0.2799438998248327,0.3375838539703464,0.0,0.0
-0.7776219439578695,0.3421536553414626,0.3384005631352531,0.0,0.0
-0.7776219439578695,0.404363410858092,0.3393814123017827,0.0,0.0
-0.7776219439578695,0.46657316637472146,0.3405267853940773,0.0,0.0
-0.7776219439578695,0.5287829218913513,0.341837086193321,0.0,0.0
-0.7776219439578695,0.5909926774079808,0.3433127166047478,0.0,0.0
-0.7776219439578695,0.6532024329246102,0.3449540508402649,0.0,0.0
-0.7776219439578695,0.7154121884412397,0.3467614051230721,0.0,0.0
-0.7776219439578695,0.7776219439578695,0.34873500247336153,0.0,0.0
-0.7776219439578695,0.839831699474499,0.35087493209026344,0.0,0.0
-0.7776219439578695,0.9020414549911289,0.3531811028067794,0.0,0.0
-0.7776219439578695,0.9642512105077579,0.3556531900643438,0.0,0.0
-0.7776219439578695,1.0264609660243877,0.3582905758355758,0.0,0.0
-0.7776219439578695,1.0886707215410176,0.3610922809224537,0.0,0.0
-0.7776219439578695,1.1508804770576466,0.364056889078481,0.0,0.0
-0.7776219439578695,1.2130902325742765,0.3671824624546816,0.0,0.0
-0.7776219439578695,1.2752999880909055,0.37046644795921463,0.0,0.0
-0.7776219439578695,1.3375097436075354,0.37390557425932053,0.0,0.0
-0.7776219439578695,1.3997194991241653,0.37749573935401437,0.0,0.0
-0.7776219439578695,1.4619292546407943,0.3812318889195467,0.0,0.0
-0.7776219439578695,1.5241390101574241,0.3851078859911998,0.0,0.0
-0.7776219439578695,1.586348765674054,0.3891163730086453,0.0,0.0
-0.7776219439578695,1.648558521190683,0.39324862783104386,0.0,0.0
-0.7776219439578695,1.710768276707313,0.3974944160327743,0.0,0.0
-0.7776219439578695,1.7729780322239428,0.40184184262654843,0.0,0.0
-0.7776219439578695,1.8351877877405718,0.40627720732504585,0.0,0.0
-0.7776219439578695,1.8973975432572017,0.4107848685306094,0.0,0.0
-0.7776219439578695,1.9596072987738316,0.4153471224044021,0.0,0.0
-0.7776219439578695,2.0218170542904605,0.41994410456046494,0.0,0.0
-0.7776219439578695,2.0840268098070904,0.4245537230800661,0.0,0.0
-0.7776219439578695,2.1462365653237194,0.4291516325431318,0.0,0.0
-0.7776219439578695,2.2084463208403493,0.43371125949283584,0.0,0.0
-0.7776219439578695,2.270656076356979,0.43820389002671944,0.0,0.0
-0.7776219439578695,2.332865831873608,0.4425988298649435,0.0,0.0
-0.7776219439578695,2.395075587390238,0.4468636461019472,0.0,0.0
-0.7776219439578695,2.457285342906868,0.45096449773934916,0.0,0.0
-0.7776219439578695,2.519495098423497,0.45486655891118855,0.0,0.0
-0.7776219439578695,2.581704853940127,0.4585345344162931,0.0,0.0
-0.7776219439578695,2.6439146094567567,0.4619332618533683,0.0,0.0
-0.7776219439578695,2.7061243649733857,0.4650283885460508,0.0,0.0
-0.7776219439578695,2.7683341204900156,0.4677871049429573,0.0,0.0
-0.7776219439578695,2.8305438760066455,0.47017890983000415,0.0,0.0
-0.7776219439578695,2.8927536315232745,0.47217637716202376,0.0,0.0
-0.7776219439578695,2.9549633870399044,0.47375589031580223,0.0,0.0
-0.7776219439578695,3.0171731425565333,0.47489830774339986,0.0,0.0
-0.7776219439578695,3.0793828980731632,0.47558952485799444,0.0,0.0
-0.7154121884412401,-3.141592653589793,0.4708441498844101,0.0,0.0
-0.7154121884412401,-3.0793828980731637,0.47061995500946924,0.0,0.0
-0.7154121884412401,-3.017173142556534,0.46995015009497415,0.0,0.0
-0.7154121884412401,-2.9549633870399044,0.4688429890585024,0.0,0.0
-0.7154121884412401,-2.892753631523275,0.4673119494622873,0.0,0.0
-0.7154121884412401,-2.8305438760066455,0.465375331340666,0.0,0.0
-0.7154121884412401,-2.7683341204900156,0.4630557284082032,0.0,0.0
-0.7154121884412401,-2.706124364973386,0.46037940076195494,0.0,0.0
-0.7154121884412401,-2.6439146094567567,0.45737558175467324,0.0,0.0
-0.7154121884412401,-2.581704853940127,0.4540757526126205,0.0,0.0
-0.7154121884412401,-2.5194950984234974,0.45051291680047906,0.0,0.0
-0.7154121884412401,-2.457285342906868,0.446720902536766,0.0,0.0
-0.7154121884412401,-2.395075587390238,0.4427337168269682,0.0,0.0
-0.7154121884412401,-2.3328658318736086,0.4385849685514261,0.0,0.0
-0.7154121884412401,-2.270656076356979,0.4343073721289264,0.0,0.0
-0.7154121884412401,-2.2084463208403498,0.42993233758358873,0.0,0.0
-0.7154121884412401,-2.1462365653237203,0.42548964784441756,0.0,0.0
-0.7154121884412401,-2.0840268098070904,0.4210072200304235,0.0,0.0
-0.7154121884412401,-2.021817054290461,0.41651094441143677,0.0,0.0
-0.7154121884412401,-1.9596072987738313,0.4120245926679802,0.0,0.0
-0.7154121884412401,-1.897397543257202,0.4075697859066086,0.0,0.0
-0.7154121884412401,-1.8351877877405722,0.4031660124763726,0.0,0.0
-0.7154121884412401,-1.7729780322239428,0.3988306858136307,0.0,0.0
-0.7154121884412401,-1.7107682767073131,0.3945792331530283,0.0,0.0
-0.7154121884412401,-1.6485585211906835,0.39042520683360854,0.0,0.0
-0.7154121884412401,-1.586348765674054,0.3863804109751036,0.0,0.0
-0.7154121884412401,-1.5241390101574244,0.38245503740098996,0.0,0.0
-0.7154121884412401,-1.461929254640795,0.3786578057680723,0.0,0.0
-0.7154121884412401,-1.3997194991241653,0.3749961038765995,0.0,0.0
-0.7154121884412401,-1.3375097436075358,0.3714761250490077,0.0,0.0
-0.7154121884412401,-1.2752999880909062,0.3681030002635133,0.0,0.0
-0.7154121884412401,-1.2130902325742767,0.36488092340651007,0.0,0.0
-0.7154121884412401,-1.150880477057647,0.36181326856860585,0.0,0.0
-0.7154121884412401,-1.0886707215410176,0.35890269876182296,0.0,0.0
-0.7154121884412401,-1.0264609660243877,0.35615126579150325,0.0,0.0
-0.7154121884412401,-0.9642512105077583,0.35356050128859684,0.0,0.0
-0.7154121884412401,-0.9020414549911289,0.351131499109106,0.0,0.0
-0.7154121884412401,-0.8398316994744994,0.34886498944970984,0.0,0.0
-0.7154121884412401,-0.7776219439578695,0.34676140512307213,0.0,0.0
-0.7154121884412401,-0.7154121884412401,0.3448209404927835,0.0,0.0
-0.7154121884412401,-0.6532024329246107,0.3430436035946469,0.0,0.0
-0.7154121884412401,-0.5909926774079808,0.34142926197507645,0.0,0.0
-0.7154121884412401,-0.5287829218913513,0.3399776827644691,0.0,0.0
-0.7154121884412401,-0.4665731663747219,0.3386885674781432,0.0,0.0
-0.7154121884412401,-0.40436341085809246,0.33756158200344777,0.0,0.0
-0.7154121884412401,-0.3421536553414626,0.3365963821917509,0.0,0.0
-0.7154121884412401,-0.27994389982483314,0.33579263543032345,0.0,0.0
-0.7154121884412401,-0.2177341443082037,0.3351500385232072,0.0,0.0
-0.7154121884412401,-0.15552438879157382,0.33466833216308506,0.0,0.0
-0.7154121884412401,-0.09331463327494438,0.3343473122286852,0.0,0.0
-0.7154121884412401,-0.03110487775831494,0.3341868380947984,0.0,0.0
-0.7154121884412401,0.031104877758314498,0.3341868380947984,0.0,0.0
-0.7154121884412401,0.09331463327494438,0.3343473122286852,0.0,0.0
-0.7154121884412401,0.15552438879157382,0.33466833216308506,0.0,0.0
-0.7154121884412401,0.21773414430820326,0.3351500385232072,0.0,0.0
-0.7154121884412401,0.2799438998248327,0.33579263543032345,0.0,0.0
-0.7154121884412401,0.3421536553414626,0.3365963821917509,0.0,0.0
-0.7154121884412401,0.404363410858092,0.33756158200344777,0.0,0.0
-0.7154121884412401,0.46657316637472146,0.33868856747814324,0.0,0.0
-0.7154121884412401,0.5287829218913513,0.3399776827644691,0.0,0.0
-0.7154121884412401,0.5909926774079808,0.34142926197507645,0.0,0.0
-0.7154121884412401,0.6532024329246102,0.3430436035946469,0.0,0.0
-0.7154121884412401,0.7154121884412397,0.34482094049278345,0.0,0.0
-0.7154121884412401,0.7776219439578695,0.34676140512307213,0.0,0.0
-0.7154121884412401,0.839831699474499,0.34886498944970984,0.0,0.0
-0.7154121884412401,0.9020414549911289,0.351131499109106,0.0,0.0
-0.7154121884412401,0.9642512105077579,0.35356050128859684,0.0,0.0
-0.7154121884412401,1.0264609660243877,0.35615126579150325,0.0,0.0
-0.7154121884412401,1.0886707215410176,0.35890269876182296,0.0,0.0
-0.7154121884412401,1.1508804770576466,0.3618132685686058,0.0,0.0
-0.7154121884412401,1.2130902325742765,0.36488092340650996,0.0,0.0
-0.7154121884412401,1.2752999880909055,0.3681030002635133,0.0,0.0
-0.7154121884412401,1.3375097436075354,0.3714761250490077,0.0,0.0
-0.7154121884412401,1.3997194991241653,0.3749961038765995,0.0,0.0
-0.7154121884412401,1.4619292546407943,0.37865780576807223,0.0,0.0
-0.7154121884412401,1.5241390101574241,0.3824550374009899,0.0,0.0
-0.7154121884412401,1.586348765674054,0.3863804109751036,0.0,0.0
-0.7154121884412401,1.648558521190683,0.39042520683360854,0.0,0.0
-0.7154121884412401,1.710768276707313,0.3945792331530283,0.0,0.0
-0.7154121884412401,1.7729780322239428,0.3988306858136307,0.0,0.0
-0.7154121884412401,1.8351877877405718,0.4031660124763726,0.0,0.0
-0.7154121884412401,1.8973975432572017,0.4075697859066086,0.0,0.0
-0.7154121884412401,1.9596072987738316,0.4120245926679802,0.0,0.0
-0.7154121884412401,2.0218170542904605,0.41651094441143677,0.0,0.0
-0.7154121884412401,2.0840268098070904,0.4210072200304235,0.0,0.0
-0.7154121884412401,2.1462365653237194,0.4254896478444175,0.0,0.0
-0.7154121884412401,2.2084463208403493,0.4299323375835886,0.0,0.0
-0.7154121884412401,2.270656076356979,0.4343073721289264,0.0,0.0
-0.7154121884412401,2.332865831873608,0.43858496855142604,0.0,0.0
-0.7154121884412401,2.395075587390238,0.4427337168269682,0.0,0.0
-0.7154121884412401,2.457285342906868,0.446720902536766,0.0,0.0
-0.7154121884412401,2.519495098423497,0.450512916800479,0.0,0.0
-0.7154121884412401,2.581704853940127,0.4540757526126205,0.0,0.0
-0.7154121884412401,2.6439146094567567,0.45737558175467324,0.0,0.0
-0.7154121884412401,2.7061243649733857,0.46037940076195494,0.0,0.0
-0.7154121884412401,2.7683341204900156,0.4630557284082032,0.0,0.0
-0.7154121884412401,2.8305438760066455,0.465375331340666,0.0,0.0
-0.7154121884412401,2.8927536315232745,0.4673119494622873,0.0,0.0
-0.7154121884412401,2.9549633870399044,0.4688429890585024,0.0,0.0
-0.7154121884412401,3.0171731425565333,0.46995015009497415,0.0,0.0
-0.7154121884412401,3.0793828980731632,0.47061995500946924,0.0,0.0
-0.6532024329246107,-3.141592653589793,0.4663491026378255,0.0,0.0
-0.6532024329246107,-3.0793828980731637,0.4661312647217247,0.0,0.0
-0.6532024329246107,-3.017173142556534,0.4654804166696392,0.0,0.0
-0.6532024329246107,-2.9549633870399044,0.4644044750867122,0.0,0.0
-0.6532024329246107,-2.892753631523275,0.46291637076093584,0.0,0.0
-0.6532024329246107,-2.8305438760066455,0.46103366941531587,0.0,0.0
-0.6532024329246107,-2.7683341204900156,0.4587780713617604,0.0,0.0
-0.6532024329246107,-2.706124364973386,0.4561748172271892,0.0,0.0
-0.6532024329246107,-2.6439146094567567,0.4532520303122478,0.0,0.0
-0.6532024329246107,-2.581704853940127,0.45004002706886453,0.0,0.0
-0.6532024329246107,-2.5194950984234974,0.44657062581697665,0.0,0.0
-0.6532024329246107,-2.457285342906868,0.44287648055834417,0.0,0.0
-0.6532024329246107,-2.395075587390238,0.4389904621230169,0.0,0.0
-0.6532024329246107,-2.3328658318736086,0.43494510349083376,0.0,0.0
-0.6532024329246107,-2.270656076356979,0.4307721205280013,0.0,0.0
-0.6532024329246107,-2.2084463208403498,0.4265020140418047,0.0,0.0
-0.6532024329246107,-2.1462365653237203,0.4221637543371599,0.0,0.0
-0.6532024329246107,-2.0840268098070904,0.4177845455765175,0.0,0.0
-0.6532024329246107,-2.021817054290461,0.41338966429499135,0.0,0.0
-0.6532024329246107,-1.9596072987738313,0.40900236439854165,0.0,0.0
-0.6532024329246107,-1.897397543257202,0.40464383979301427,0.0,0.0
-0.6532024329246107,-1.8351877877405722,0.4003332353280146,0.0,0.0
-0.6532024329246107,-1.7729780322239428,0.39608769684292877,0.0,0.0
-0.6532024329246107,-1.7107682767073131,0.3919224516222774,0.0,0.0
-0.6532024329246107,-1.6485585211906835,0.3878509113654012,0.0,0.0
-0.6532024329246107,-1.586348765674054,0.38388479073269005,0.0,0.0
-0.6532024329246107,-1.5241390101574244,0.38003423555216875,0.0,0.0
-0.6532024329246107,-1.461929254640795,0.3763079557848467,0.0,0.0
-0.6532024329246107,-1.3997194991241653,0.3727133593050017,0.0,0.0
-0.6532024329246107,-1.3375097436075358,0.36925668342098295,0.0,0.0
-0.6532024329246107,-1.2752999880909062,0.36594312182631633,0.0,0.0
-0.6532024329246107,-1.2130902325742767,0.362776945324042,0.0,0.0
-0.6532024329246107,-1.150880477057647,0.3597616152113069,0.0,0.0
-0.6532024329246107,-1.0886707215410176,0.3568998886533952,0.0,0.0
-0.6532024329246107,-1.0264609660243877,0.35419391572675823,0.0,0.0
-0.6532024329246107,-0.9642512105077583,0.3516453280807396,0.0,0.0
-0.6532024329246107,-0.9020414549911289,0.3492553193694336,0.0,0.0
-0.6532024329246107,-0.8398316994744994,0.34702471774980326,0.0,0.0
-0.6532024329246107,-0.7776219439578695,0.344954050840265,0.0,0.0
-0.6532024329246107,-0.7154121884412401,0.3430436035946469,0.0,0.0
-0.6532024329246107,-0.6532024329246107,0.34129346957773754,0.0,0.0
-0.6532024329246107,-0.5909926774079808,0.33970359613727885,0.0,0.0
-0.6532024329246107,-0.5287829218913513,0.3382738239587949,0.0,0.0
-0.6532024329246107,-0.4665731663747219,0.33700392146855596,0.0,0.0
-0.6532024329246107,-0.40436341085809246,0.3358936145198683,0.0,0.0
-0.6532024329246107,-0.3421536553414626,0.33494261176150214,0.0,0.0
-0.6532024329246107,-0.27994389982483314,0.3341506260465674,0.0,0.0
-0.6532024329246107,-0.2177341443082037,0.3335173921970709,0.0,0.0
-0.6532024329246107,-0.15552438879157382,0.33304268139487375,0.0,0.0
-0.6532024329246107,-0.09331463327494438,0.3327263124245784,0.0,0.0
-0.6532024329246107,-0.03110487775831494,0.3325681599484882,0.0,0.0
-0.6532024329246107,0.031104877758314498,0.3325681599484882,0.0,0.0
-0.6532024329246107,0.09331463327494438,0.3327263124245784,0.0,0.0
-0.6532024329246107,0.15552438879157382,0.33304268139487375,0.0,0.0
-0.6532024329246107,0.21773414430820326,0.3335173921970709,0.0,0.0
-0.6532024329246107,0.2799438998248327,0.3341506260465674,0.0,0.0
-0.6532024329246107,0.3421536553414626,0.33494261176150214,0.0,0.0
-0.6532024329246107,0.404363410858092,0.3358936145198683,0.0,0.0
-0.6532024329246107,0.46657316637472146,0.337003921468556,0.0,0.0
-0.6532024329246107,0.5287829218913513,0.3382738239587949,0.0,0.0
-0.6532024329246107,0.5909926774079808,0.33970359613727885,0.0,0.0
-0.6532024329246107,0.6532024329246102,0.34129346957773743,0.0,0.0
-0.6532024329246107,0.7154121884412397,0.3430436035946469,0.0,0.0
-0.6532024329246107,0.7776219439578695,0.344954050840265,0.0,0.0
-0.6532024329246107,0.839831699474499,0.3470247177498032,0.0,0.0
-0.6532024329246107,0.9020414549911289,0.3492553193694336,0.0,0.0
-0.6532024329246107,0.9642512105077579,0.3516453280807396,0.0,0.0
-0.6532024329246107,1.0264609660243877,0.35419391572675823,0.0,0.0
-0.6532024329246107,1.0886707215410176,0.3568998886533952,0.0,0.0
-0.6532024329246107,1.1508804770576466,0.3597616152113069,0.0,0.0
-0.6532024329246107,1.2130902325742765,0.362776945324042,0.0,0.0
-0.6532024329246107,1.2752999880909055,0.36594312182631633,0.0,0.0
-0.6532024329246107,1.3375097436075354,0.36925668342098295,0.0,0.0
-0.6532024329246107,1.3997194991241653,0.3727133593050017,0.0,0.0
-0.6532024329246107,1.4619292546407943,0.37630795578484666,0.0,0.0
-0.6532024329246107,1.5241390101574241,0.38003423555216875,0.0,0.0
-0.6532024329246107,1.586348765674054,0.38388479073269005,0.0,0.0
-0.6532024329246107,1.648558521190683,0.3878509113654012,0.0,0.0
-0.6532024329246107,1.710768276707313,0.39192245162227735,0.0,0.0
-0.6532024329246107,1.7729780322239428,0.39608769684292877,0.0,0.0
-0.6532024329246107,1.8351877877405718,0.40033323532801457,0.0,0.0
-0.6532024329246107,1.8973975432572017,0.40464383979301427,0.0,0.0
-0.6532024329246107,1.9596072987738316,0.40900236439854165,0.0,0.0
-0.6532024329246107,2.0218170542904605,0.41338966429499135,0.0,0.0
-0.6532024329246107,2.0840268098070904,0.4177845455765175,0.0,0.0
-0.6532024329246107,2.1462365653237194,0.4221637543371599,0.0,0.0
-0.6532024329246107,2.2084463208403493,0.42650201404180466,0.0,0.0
-0.6532024329246107,2.270656076356979,0.4307721205280013,0.0,0.0
-0.6532024329246107,2.332865831873608,0.43494510349083376,0.0,0.0
-0.6532024329246107,2.395075587390238,0.4389904621230169,0.0,0.0
-0.6532024329246107,2.457285342906868,0.44287648055834417,0.0,0.0
-0.6532024329246107,2.519495098423497,0.4465706258169766,0.0,0.0
-0.6532024329246107,2.581704853940127,0.45004002706886453,0.0,0.0
-0.6532024329246107,2.6439146094567567,0.4532520303122478,0.0,0.0
-0.6532024329246107,2.7061243649733857,0.4561748172271891,0.0,0.0
-0.6532024329246107,2.7683341204900156,0.4587780713617604,0.0,0.0
-0.6532024329246107,2.8305438760066455,0.46103366941531587,0.0,0.0
-0.6532024329246107,2.8927536315232745,0.46291637076093584,0.0,0.0
-0.6532024329246107,2.9549633870399044,0.4644044750867122,0.0,0.0
-0.6532024329246107,3.0171731425565333,0.4654804166696392,0.0,0.0
-0.6532024329246107,3.0793828980731632,0.4661312647217247,0.0,0.0
-0.5909926774079808,-3.141592653589793,0.46231734460899176,0.0,0.0
-0.5909926774079808,-3.0793828980731637,0.46210510529335597,0.0,0.0
-0.5909926774079808,-3.017173142556534,0.46147095405096217,0.0,0.0
-0.5909926774079808,-2.9549633870399044,0.46042251455868943,0.0,0.0
-0.5909926774079808,-2.892753631523275,0.45897224258238506,0.0,0.0
-0.5909926774079808,-2.8305438760066455,0.45713706550817185,0.0,0.0
-0.5909926774079808,-2.7683341204900156,0.4549379063879907,0.0,0.0
-0.5909926774079808,-2.706124364973386,0.45239911802548466,0.0,0.0
-0.5909926774079808,-2.6439146094567567,0.4495478558669129,0.0,0.0
-0.5909926774079808,-2.581704853940127,0.4464134194061932,0.0,0.0
-0.5909926774079808,-2.5194950984234974,0.4430265906146564,0.0,0.0
-0.5909926774079808,-2.457285342906868,0.4394189949230653,0.0,0.0
-0.5909926774079808,-2.395075587390238,0.4356225060076229,0.0,0.0
-0.5909926774079808,-2.3328658318736086,0.43166871060703305,0.0,0.0
-0.5909926774079808,-2.270656076356979,0.4275884443467564,0.0,0.0
-0.5909926774079808,-2.2084463208403498,0.42341140451474174,0.0,0.0
-0.5909926774079808,-2.1462365653237203,0.4191658412547665,0.0,0.0
-0.5909926774079808,-2.0840268098070904,0.41487832493182625,0.0,0.0
-0.5909926774079808,-2.021817054290461,0.4105735845763608,0.0,0.0
-0.5909926774079808,-1.9596072987738313,0.40627441033195894,0.0,0.0
-0.5909926774079808,-1.897397543257202,0.40200161164489745,0.0,0.0
-0.5909926774079808,-1.8351877877405722,0.39777402242873905,0.0,0.0
-0.5909926774079808,-1.7729780322239428,0.39360854447670596,0.0,0.0
-0.5909926774079808,-1.7107682767073131,0.38952022083882637,0.0,0.0
-0.5909926774079808,-1.6485585211906835,0.3855223315998743,0.0,0.0
-0.5909926774079808,-1.586348765674054,0.3816265053755452,0.0,0.0
-0.5909926774079808,-1.5241390101574244,0.37784284079714386,0.0,0.0
-0.5909926774079808,-1.461929254640795,0.3741800332101624,0.0,0.0
-0.5909926774079808,-1.3997194991241653,0.37064550272049746,0.0,0.0
-0.5909926774079808,-1.3375097436075358,0.3672455205520546,0.0,0.0
-0.5909926774079808,-1.2752999880909062,0.36398533141345696,0.0,0.0
-0.5909926774079808,-1.2130902325742767,0.3608692702025541,0.0,0.0
-0.5909926774079808,-1.150880477057647,0.35790087190613284,0.0,0.0
-0.5909926774079808,-1.0886707215410176,0.3550829739845136,0.0,0.0
-0.5909926774079808,-1.0264609660243877,0.35241781087552526,0.0,0.0
-0.5909926774079808,-0.9642512105077583,0.3499071005201995,0.0,0.0
-0.5909926774079808,-0.9020414549911289,0.3475521230143505,0.0,0.0
-0.5909926774079808,-0.8398316994744994,0.3453537916366535,0.0,0.0
-0.5909926774079808,-0.7776219439578695,0.3433127166047478,0.0,0.0
-0.5909926774079808,-0.7154121884412401,0.34142926197507645,0.0,0.0
-0.5909926774079808,-0.6532024329246107,0.33970359613727885,0.0,0.0
-0.5909926774079808,-0.5909926774079808,0.33813573636647354,0.0,0.0
-0.5909926774079808,-0.5287829218913513,0.3367255878920932,0.0,0.0
-0.5909926774079808,-0.4665731663747219,0.33547297792445585,0.0,0.0
-0.5909926774079808,-0.40436341085809246,0.33437768505349846,0.0,0.0
-0.5909926774079808,-0.3421536553414626,0.3334394644008003,0.0,0.0
-0.5909926774079808,-0.27994389982483314,0.3326580688683093,0.0,0.0
-0.5909926774079808,-0.2177341443082037,0.3320332667866281,0.0,0.0
-0.5909926774079808,-0.15552438879157382,0.3315648562234615,0.0,0.0
-0.5909926774079808,-0.09331463327494438,0.3312526761696763,0.0,0.0
-0.5909926774079808,-0.03110487775831494,0.3310966147768886,0.0,0.0
-0.5909926774079808,0.031104877758314498,0.3310966147768886,0.0,0.0
-0.5909926774079808,0.09331463327494438,0.3312526761696763,0.0,0.0
-0.5909926774079808,0.15552438879157382,0.3315648562234615,0.0,0.0
-0.5909926774079808,0.21773414430820326,0.3320332667866281,0.0,0.0
-0.5909926774079808,0.2799438998248327,0.3326580688683093,0.0,0.0
-0.5909926774079808,0.3421536553414626,0.3334394644008003,0.0,0.0
-0.5909926774079808,0.404363410858092,0.33437768505349846,0.0,0.0
-0.5909926774079808,0.46657316637472146,0.3354729779244559,0.0,0.0
-0.5909926774079808,0.5287829218913513,0.3367255878920932,0.0,0.0
-0.5909926774079808,0.5909926774079808,0.33813573636647354,0.0,0.0
-0.5909926774079808,0.6532024329246102,0.3397035961372788,0.0,0.0
-0.5909926774079808,0.7154121884412397,0.34142926197507645,0.0,0.0
-0.5909926774079808,0.7776219439578695,0.3433127166047478,0.0,0.0
-0.5909926774079808,0.839831699474499,0.3453537916366535,0.0,0.0
-0.5909926774079808,0.9020414549911289,0.3475521230143505,0.0,0.0
-0.5909926774079808,0.9642512105077579,0.3499071005201995,0.0,0.0
-0.5909926774079808,1.0264609660243877,0.35241781087552526,0.0,0.0
-0.5909926774079808,1.0886707215410176,0.3550829739845136,0.0,0.0
-0.5909926774079808,1.1508804770576466,0.35790087190613284,0.0,0.0
-0.5909926774079808,1.2130902325742765,0.36086927020255405,0.0,0.0
-0.5909926774079808,1.2752999880909055,0.36398533141345696,0.0,0.0
-0.5909926774079808,1.3375097436075354,0.36724552055205456,0.0,0.0
-0.5909926774079808,1.3997194991241653,0.37064550272049746,0.0,0.0
-0.5909926774079808,1.4619292546407943,0.37418003321016235,0.0,0.0
-0.5909926774079808,1.5241390101574241,0.37784284079714386,0.0,0.0
-0.5909926774079808,1.586348765674054,0.3816265053755452,0.0,0.0
-0.5909926774079808,1.648558521190683,0.3855223315998743,0.0,0.0
-0.5909926774079808,1.710768276707313,0.38952022083882637,0.0,0.0
-0.5909926774079808,1.7729780322239428,0.39360854447670596,0.0,0.0
-0.5909926774079808,1.8351877877405718,0.39777402242873905,0.0,0.0
-0.5909926774079808,1.8973975432572017,0.4020016116448974,0.0,0.0
-0.5909926774079808,1.9596072987738316,0.40627441033195894,0.0,0.0
-0.5909926774079808,2.0218170542904605,0.4105735845763607,0.0,0.0
-0.5909926774079808,2.0840268098070904,0.41487832493182625,0.0,0.0
-0.5909926774079808,2.1462365653237194,0.41916584125476647,0.0,0.0
-0.5909926774079808,2.2084463208403493,0.4234114045147417,0.0,0.0
-0.5909926774079808,2.270656076356979,0.4275884443467564,0.0,0.0
-0.5909926774079808,2.332865831873608,0.43166871060703305,0.0,0.0
-0.5909926774079808,2.395075587390238,0.4356225060076229,0.0,0.0
-0.5909926774079808,2.457285342906868,0.4394189949230653,0.0,0.0
-0.5909926774079808,2.519495098423497,0.4430265906146563,0.0,0.0
-0.5909926774079808,2.581704853940127,0.4464134194061932,0.0,0.0
-0.5909926774079808,2.6439146094567567,0.4495478558669129,0.0,0.0
-0.5909926774079808,2.7061243649733857,0.4523991180254846,0.0,0.0
-0.5909926774079808,2.7683341204900156,0.4549379063879907,0.0,0.0
-0.5909926774079808,2.8305438760066455,0.45713706550817185,0.0,0.0
-0.5909926774079808,2.8927536315232745,0.45897224258238506,0.0,0.0
-0.5909926774079808,2.9549633870399044,0.46042251455868943,0.0,0.0
-0.5909926774079808,3.0171731425565333,0.46147095405096217,0.0,0.0
-0.5909926774079808,3.0793828980731632,0.46210510529335597,0.0,0.0
-0.5287829218913513,-3.141592653589793,0.4587325740594191,0.0,0.0
-0.5287829218913513,-3.0793828980731637,0.45852523141433543,0.0,0.0
-0.5287829218913513,-3.017173142556534,0.4579056847037855,0.0,0.0
-0.5287829218913513,-2.9549633870399044,0.4568813046138644,0.0,0.0
-0.5287829218913513,-2.892753631523275,0.4554641365040664,0.0,0.0
-0.5287829218913513,-2.8305438760066455,0.4536705559574529,0.0,0.0
-0.5287829218913513,-2.7683341204900156,0.4515208136530725,0.0,0.0
-0.5287829218913513,-2.706124364973386,0.4490384936991187,0.0,0.0
-0.5287829218913513,-2.6439146094567567,0.44624991267283387,0.0,0.0
-0.5287829218913513,-2.581704853940127,0.44318348756875686,0.0,0.0
-0.5287829218913513,-2.5194950984234974,0.43986909979485256,0.0,0.0
-0.5287829218913513,-2.457285342906868,0.4363374796045609,0.0,0.0
-0.5287829218913513,-2.395075587390238,0.4326196313664941,0.0,0.0
-0.5287829218913513,-2.3328658318736086,0.4287463153587276,0.0,0.0
-0.5287829218913513,-2.270656076356979,0.4247475968210793,0.0,0.0
-0.5287829218913513,-2.2084463208403498,0.4206524682269528,0.0,0.0
-0.5287829218913513,-2.1462365653237203,0.41648854646555056,0.0,0.0
-0.5287829218913513,-2.0840268098070904,0.4122818430620173,0.0,0.0
-0.5287829218913513,-2.021817054290461,0.4080566028062188,0.0,0.0
-0.5287829218913513,-1.9596072987738313,0.4038352042184578,0.0,0.0
-0.5287829218913513,-1.897397543257202,0.39963811409259065,0.0,0.0
-0.5287829218913513,-1.8351877877405722,0.395483887819857,0.0,0.0
-0.5287829218913513,-1.7729780322239428,0.39138920718424824,0.0,0.0
-0.5287829218913513,-1.7107682767073131,0.3873689477017437,0.0,0.0
-0.5287829218913513,-1.6485585211906835,0.38343626822851895,0.0,0.0
-0.5287829218913513,-1.586348765674054,0.37960271638032794,0.0,0.0
-0.5287829218913513,-1.5241390101574244,0.37587834419927585,0.0,0.0
-0.5287829218913513,-1.461929254640795,0.37227182940802633,0.0,0.0
-0.5287829218913513,-1.3997194991241653,0.3687905984569866,0.0,0.0
-0.5287829218913513,-1.3375097436075358,0.36544094836553054,0.0,0.0
-0.5287829218913513,-1.2752999880909062,0.36222816506562006,0.0,0.0
-0.5287829218913513,-1.2130902325742767,0.359156636567403,0.0,0.0
-0.5287829218913513,-1.150880477057647,0.35622995978117206,0.0,0.0
-0.5287829218913513,-1.0886707215410176,0.35345104025324453,0.0,0.0
-0.5287829218913513,-1.0264609660243877,0.35082218441281404,0.0,0.0
-0.5287829218913513,-0.9642512105077583,0.3483451841922549,0.0,0.0
-0.5287829218913513,-0.9020414549911289,0.3460213940848934,0.0,0.0
-0.5287829218913513,-0.8398316994744994,0.3438518008519293,0.0,0.0
-0.5287829218913513,-0.7776219439578695,0.341837086193321,0.0,0.0
-0.5287829218913513,-0.7154121884412401,0.3399776827644691,0.0,0.0
-0.5287829218913513,-0.6532024329246107,0.3382738239587949,0.0,0.0
-0.5287829218913513,-0.5909926774079808,0.3367255878920932,0.0,0.0
-0.5287829218913513,-0.5287829218913513,0.3353329360230912,0.0,0.0
-0.5287829218913513,-0.4665731663747219,0.3340957468302541,0.0,0.0
-0.5287829218913513,-0.40436341085809246,0.333013844941011,0.0,0.0
-0.5287829218913513,-0.3421536553414626,0.3320870260789436,0.0,0.0
-0.5287829218913513,-0.27994389982483314,0.3313150781591912,0.0,0.0
-0.5287829218913513,-0.2177341443082037,0.3306977988239722,0.0,0.0
-0.5287829218913513,-0.15552438879157382,0.3302350096698516,0.0,0.0
-0.5287829218913513,-0.09331463327494438,0.3299265673770299,0.0,0.0
-0.5287829218913513,-0.03110487775831494,0.3297723719090265,0.0,0.0
-0.5287829218913513,0.031104877758314498,0.3297723719090265,0.0,0.0
-0.5287829218913513,0.09331463327494438,0.3299265673770299,0.0,0.0
-0.5287829218913513,0.15552438879157382,0.3302350096698516,0.0,0.0
-0.5287829218913513,0.21773414430820326,0.3306977988239722,0.0,0.0
-0.5287829218913513,0.2799438998248327,0.3313150781591912,0.0,0.0
-0.5287829218913513,0.3421536553414626,0.3320870260789436,0.0,0.0
-0.5287829218913513,0.404363410858092,0.333013844941011,0.0,0.0
-0.5287829218913513,0.46657316637472146,0.3340957468302541,0.0,0.0
-0.5287829218913513,0.5287829218913513,0.3353329360230912,0.0,0.0
-0.5287829218913513,0.5909926774079808,0.3367255878920932,0.0,0.0
-0.5287829218913513,0.6532024329246102,0.3382738239587949,0.0,0.0
-0.5287829218913513,0.7154121884412397,0.3399776827644691,0.0,0.0
-0.5287829218913513,0.7776219439578695,0.341837086193321,0.0,0.0
-0.5287829218913513,0.839831699474499,0.34385180085192923,0.0,0.0
-0.5287829218913513,0.9020414549911289,0.3460213940848934,0.0,0.0
-0.5287829218913513,0.9642512105077579,0.3483451841922549,0.0,0.0
-0.5287829218913513,1.0264609660243877,0.35082218441281404,0.0,0.0
-0.5287829218913513,1.0886707215410176,0.35345104025324453,0.0,0.0
-0.5287829218913513,1.1508804770576466,0.35622995978117206,0.0,0.0
-0.5287829218913513,1.2130902325742765,0.35915663656740293,0.0,0.0
-0.5287829218913513,1.2752999880909055,0.36222816506562006,0.0,0.0
-0.5287829218913513,1.3375097436075354,0.3654409483655305,0.0,0.0
-0.5287829218913513,1.3997194991241653,0.3687905984569866,0.0,0.0
-0.5287829218913513,1.4619292546407943,0.3722718294080263,0.0,0.0
-0.5287829218913513,1.5241390101574241,0.3758783441992758,0.0,0.0
-0.5287829218913513,1.586348765674054,0.37960271638032794,0.0,0.0
-0.5287829218913513,1.648558521190683,0.38343626822851895,0.0,0.0
-0.5287829218913513,1.710768276707313,0.3873689477017437,0.0,0.0
-0.5287829218913513,1.7729780322239428,0.39138920718424824,0.0,0.0
-0.5287829218913513,1.8351877877405718,0.39548388781985694,0.0,0.0
-0.5287829218913513,1.8973975432572017,0.39963811409259065,0.0,0.0
-0.5287829218913513,1.9596072987738316,0.4038352042184578,0.0,0.0
-0.5287829218913513,2.0218170542904605,0.4080566028062188,0.0,0.0
-0.5287829218913513,2.0840268098070904,0.4122818430620173,0.0,0.0
-0.5287829218913513,2.1462365653237194,0.4164885464655505,0.0,0.0
-0.5287829218913513,2.2084463208403493,0.4206524682269528,0.0,0.0
-0.5287829218913513,2.270656076356979,0.4247475968210793,0.0,0.0
-0.5287829218913513,2.332865831873608,0.42874631535872754,0.0,0.0
-0.5287829218913513,2.395075587390238,0.4326196313664941,0.0,0.0
-0.5287829218913513,2.457285342906868,0.4363374796045609,0.0,0.0
-0.5287829218913513,2.519495098423497,0.43986909979485245,0.0,0.0
-0.5287829218913513,2.581704853940127,0.44318348756875686,0.0,0.0
-0.5287829218913513,2.6439146094567567,0.44624991267283387,0.0,0.0
-0.5287829218913513,2.7061243649733857,0.4490384936991187,0.0,0.0
-0.5287829218913513,2.7683341204900156,0.4515208136530725,0.0,0.0
-0.5287829218913513,2.8305438760066455,0.4536705559574529,0.0,0.0
-0.5287829218913513,2.8927536315232745,0.4554641365040664,0.0,0.0
-0.5287829218913513,2.9549633870399044,0.4568813046138644,0.0,0.0
-0.5287829218913513,3.0171731425565333,0.4579056847037855,0.0,0.0
-0.5287829218913513,3.0793828980731632,0.4585252314143353,0.0,0.0
-0.4665731663747219,-3.141592653589793,0.4555804699135242,0.0,0.0
-0.4665731663747219,-3.0793828980731637,0.45537737024186936,0.0,0.0
-0.4665731663747219,-3.017173142556534,0.4547704792203705,0.0,0.0
-0.4665731663747219,-2.9549633870399044,0.4537669507614191,0.0,0.0
-0.4665731663747219,-2.892753631523275,0.45237847845862694,0.0,0.0
-0.4665731663747219,-2.8305438760066455,0.45062096471189844,0.0,0.0
-0.4665731663747219,-2.7683341204900156,0.4485140832644728,0.0,0.0
-0.4665731663747219,-2.706124364973386,0.4460807581257771,0.0,0.0
-0.4665731663747219,-2.6439146094567567,0.4433465848489642,0.0,0.0
-0.4665731663747219,-2.581704853940127,0.4403392210936565,0.0,0.0
-0.4665731663747219,-2.5194950984234974,0.4370877724533185,0.0,0.0
-0.4665731663747219,-2.457285342906868,0.4336221969663422,0.0,0.0
-0.4665731663747219,-2.395075587390238,0.4299727479843977,0.0,0.0
-0.4665731663747219,-2.3328658318736086,0.4261694706160283,0.0,0.0
-0.4665731663747219,-2.270656076356979,0.4222417622600377,0.0,0.0
-0.4665731663747219,-2.2084463208403498,0.4182180031914878,0.0,0.0
-0.4665731663747219,-2.1462365653237203,0.4141252590692204,0.0,0.0
-0.4665731663747219,-2.0840268098070904,0.4099890537985484,0.0,0.0
-0.4665731663747219,-2.021817054290461,0.4058332085056273,0.0,0.0
-0.4665731663747219,-1.9596072987738313,0.40167974047429905,0.0,0.0
-0.4665731663747219,-1.897397543257202,0.39754881470986936,0.0,0.0
-0.4665731663747219,-1.8351877877405722,0.39345874023244776,0.0,0.0
-0.4665731663747219,-1.7729780322239428,0.38942600314785153,0.0,0.0
-0.4665731663747219,-1.7107682767073131,0.38546532887370827,0.0,0.0
-0.4665731663747219,-1.6485585211906835,0.38158976649580684,0.0,0.0
-0.4665731663747219,-1.586348765674054,0.3778107889926334,0.0,0.0
-0.4665731663747219,-1.5241390101574244,0.37413840391011827,0.0,0.0
-0.4665731663747219,-1.461929254640795,0.37058126992863705,0.0,0.0
-0.4665731663747219,-1.3997194991241653,0.3671468155929463,0.0,0.0
-0.4665731663747219,-1.3375097436075358,0.3638413572414005,0.0,0.0
-0.4665731663747219,-1.2752999880909062,0.3606702138548333,0.0,0.0
-0.4665731663747219,-1.2130902325742767,0.35763781713932635,0.0,0.0
-0.4665731663747219,-1.150880477057647,0.35474781565952296,0.0,0.0
-0.4665731663747219,-1.0886707215410176,0.352003172254086,0.0,0.0
-0.4665731663747219,-1.0264609660243877,0.349406254299446,0.0,0.0
-0.4665731663747219,-0.9642512105077583,0.346958916651003,0.0,0.0
-0.4665731663747219,-0.9020414549911289,0.3446625772919489,0.0,0.0
-0.4665731663747219,-0.8398316994744994,0.3425182858683623,0.0,0.0
-0.4665731663747219,-0.7776219439578695,0.3405267853940773,0.0,0.0
-0.4665731663747219,-0.7154121884412401,0.3386885674781432,0.0,0.0
-0.4665731663747219,-0.6532024329246107,0.33700392146855596,0.0,0.0
-0.4665731663747219,-0.5909926774079808,0.33547297792445585,0.0,0.0
-0.4665731663747219,-0.5287829218913513,0.3340957468302541,0.0,0.0
-0.4665731663747219,-0.4665731663747219,0.33287215095338735,0.0,0.0
-0.4665731663747219,-0.40436341085809246,0.3318020547259979,0.0,0.0
-0.4665731663747219,-0.3421536553414626,0.3308852890024919,0.0,0.0
-0.4665731663747219,-0.27994389982483314,0.33012167201174053,0.0,0.0
-0.4665731663747219,-0.2177341443082037,0.3295110267862281,0.0,0.0
-0.4665731663747219,-0.15552438879157382,0.3290531953119163,0.0,0.0
-0.4665731663747219,-0.09331463327494438,0.3287480496027973,0.0,0.0
-0.4665731663747219,-0.03110487775831494,0.3285954998636394,0.0,0.0
-0.4665731663747219,0.031104877758314498,0.3285954998636394,0.0,0.0
-0.4665731663747219,0.09331463327494438,0.3287480496027973,0.0,0.0
-0.4665731663747219,0.15552438879157382,0.3290531953119163,0.0,0.0
-0.4665731663747219,0.21773414430820326,0.3295110267862281,0.0,0.0
-0.4665731663747219,0.2799438998248327,0.33012167201174053,0.0,0.0
-0.4665731663747219,0.3421536553414626,0.3308852890024919,0.0,0.0
-0.4665731663747219,0.404363410858092,0.33180205472599783,0.0,0.0
-0.4665731663747219,0.46657316637472146,0.33287215095338735,0.0,0.0
-0.4665731663747219,0.5287829218913513,0.3340957468302541,0.0,0.0
-0.4665731663747219,0.5909926774079808,0.33547297792445585,0.0,0.0
-0.4665731663747219,0.6532024329246102,0.33700392146855596,0.0,0.0
-0.4665731663747219,0.7154121884412397,0.3386885674781432,0.0,0.0
-0.4665731663747219,0.7776219439578695,0.3405267853940773,0.0,0.0
-0.4665731663747219,0.839831699474499,0.3425182858683623,0.0,0.0
-0.4665731663747219,0.9020414549911289,0.3446625772919489,0.0,0.0
-0.4665731663747219,0.9642512105077579,0.346958916651003,0.0,0.0
-0.4665731663747219,1.0264609660243877,0.349406254299446,0.0,0.0
-0.4665731663747219,1.0886707215410176,0.352003172254086,0.0,0.0
-0.4665731663747219,1.1508804770576466,0.354747815659523,0.0,0.0
-0.4665731663747219,1.2130902325742765,0.35763781713932624,0.0,0.0
-0.4665731663747219,1.2752999880909055,0.3606702138548332,0.0,0.0
-0.4665731663747219,1.3375097436075354,0.36384135724140054,0.0,0.0
-0.4665731663747219,1.3997194991241653,0.3671468155929463,0.0,0.0
-0.4665731663747219,1.4619292546407943,0.37058126992863694,0.0,0.0
-0.4665731663747219,1.5241390101574241,0.37413840391011827,0.0,0.0
-0.4665731663747219,1.586348765674054,0.3778107889926334,0.0,0.0
-0.4665731663747219,1.648558521190683,0.38158976649580684,0.0,0.0
-0.4665731663747219,1.710768276707313,0.38546532887370827,0.0,0.0
-0.4665731663747219,1.7729780322239428,0.38942600314785153,0.0,0.0
-0.4665731663747219,1.8351877877405718,0.3934587402324477,0.0,0.0
-0.4665731663747219,1.8973975432572017,0.39754881470986936,0.0,0.0
-0.4665731663747219,1.9596072987738316,0.40167974047429905,0.0,0.0
-0.4665731663747219,2.0218170542904605,0.4058332085056273,0.0,0.0
-0.4665731663747219,2.0840268098070904,0.4099890537985484,0.0,0.0
-0.4665731663747219,2.1462365653237194,0.4141252590692203,0.0,0.0
-0.4665731663747219,2.2084463208403493,0.4182180031914877,0.0,0.0
-0.4665731663747219,2.270656076356979,0.4222417622600377,0.0,0.0
-0.4665731663747219,2.332865831873608,0.4261694706160283,0.0,0.0
-0.4665731663747219,2.395075587390238,0.4299727479843977,0.0,0.0
-0.4665731663747219,2.457285342906868,0.4336221969663422,0.0,0.0
-0.4665731663747219,2.519495098423497,0.4370877724533184,0.0,0.0
-0.4665731663747219,2.581704853940127,0.4403392210936565,0.0,0.0
-0.4665731663747219,2.6439146094567567,0.4433465848489642,0.0,0.0
-0.4665731663747219,2.7061243649733857,0.4460807581257771,0.0,0.0
-0.4665731663747219,2.7683341204900156,0.4485140832644728,0.0,0.0
-0.4665731663747219,2.8305438760066455,0.45062096471189844,0.0,0.0
-0.4665731663747219,2.8927536315232745,0.45237847845862694,0.0,0.0
-0.4665731663747219,2.9549633870399044,0.4537669507614191,0.0,0.0
-0.4665731663747219,3.0171731425565333,0.4547704792203704,0.0,0.0
-0.4665731663747219,3.0793828980731632,0.45537737024186936,0.0,0.0
-0.40436341085809246,-3.141592653589793,0.45284857626067904,0.0,0.0
-0.40436341085809246,-3.0793828980731637,0.4526491067975929,0.0,0.0
-0.40436341085809246,-3.017173142556534,0.4520530443678781,0.0,0.0
-0.40436341085809246,-2.9549633870399044,0.45106735923031965,0.0,0.0
-0.40436341085809246,-2.892753631523275,0.44970344687565916,0.0,0.0
-0.40436341085809246,-2.8305438760066455,0.44797680854145655,0.0,0.0
-0.40436341085809246,-2.7683341204900156,0.4459066285814453,0.0,0.0
-0.40436341085809246,-2.706124364973386,0.4435152706942883,0.0,0.0
-0.40436341085809246,-2.6439146094567567,0.440827717916287,0.0,0.0
-0.40436341085809246,-2.581704853940127,0.4378709822468838,0.0,0.0
-0.40436341085809246,-2.5194950984234974,0.43467350891440687,0.0,0.0
-0.40436341085809246,-2.457285342906868,0.43126459788588495,0.0,0.0
-0.40436341085809246,-2.395075587390238,0.4276738616779102,0.0,0.0
-0.40436341085809246,-2.3328658318736086,0.4239307342849076,0.0,0.0
-0.40436341085809246,-2.270656076356979,0.42006404154617183,0.0,0.0
-0.40436341085809246,-2.2084463208403498,0.41610163890570045,0.0,0.0
-0.40436341085809246,-2.1462365653237203,0.4120701185741011,0.0,0.0
-0.40436341085809246,-2.0840268098070904,0.40799458477549505,0.0,0.0
-0.40436341085809246,-2.021817054290461,0.40389849315411047,0.0,0.0
-0.40436341085809246,-1.9596072987738313,0.39980354854248185,0.0,0.0
-0.40436341085809246,-1.897397543257202,0.39572965411019745,0.0,0.0
-0.40436341085809246,-1.8351877877405722,0.3916949043314028,0.0,0.0
-0.40436341085809246,-1.7729780322239428,0.387715614120715,0.0,0.0
-0.40436341085809246,-1.7107682767073131,0.38380637677432605,0.0,0.0
-0.40436341085809246,-1.6485585211906835,0.37998014390464807,0.0,0.0
-0.40436341085809246,-1.586348765674054,0.3762483212745094,0.0,0.0
-0.40436341085809246,-1.5241390101574244,0.37262087523907944,0.0,0.0
-0.40436341085809246,-1.461929254640795,0.36910644532672526,0.0,0.0
-0.40436341085809246,-1.3997194991241653,0.3657124592873327,0.0,0.0
-0.40436341085809246,-1.3375097436075358,0.36244524767679,0.0,0.0
-0.40436341085809246,-1.2752999880909062,0.3593101557103813,0.0,0.0
-0.40436341085809246,-1.2130902325742767,0.35631165069661447,0.0,0.0
-0.40436341085809246,-1.150880477057647,0.3534534238546367,0.0,0.0
-0.40436341085809246,-1.0886707215410176,0.3507384857260366,0.0,0.0
-0.40436341085809246,-1.0264609660243877,0.3481692547219006,0.0,0.0
-0.40436341085809246,-0.9642512105077583,0.34574763860671043,0.0,0.0
-0.40436341085809246,-0.9020414549911289,0.3434751089210177,0.0,0.0
-0.40436341085809246,-0.8398316994744994,0.34135276849382545,0.0,0.0
-0.40436341085809246,-0.7776219439578695,0.33938141230178276,0.0,0.0
-0.40436341085809246,-0.7154121884412401,0.33756158200344777,0.0,0.0
-0.40436341085809246,-0.6532024329246107,0.3358936145198683,0.0,0.0
-0.40436341085809246,-0.5909926774079808,0.33437768505349846,0.0,0.0
-0.40436341085809246,-0.5287829218913513,0.333013844941011,0.0,0.0
-0.40436341085809246,-0.4665731663747219,0.3318020547259979,0.0,0.0
-0.40436341085809246,-0.40436341085809246,0.3307422128182382,0.0,0.0
-0.40436341085809246,-0.3421536553414626,0.3298341800798073,0.0,0.0
-0.40436341085809246,-0.27994389982483314,0.329077800646889,0.0,0.0
-0.40436341085809246,-0.2177341443082037,0.3284729192613272,0.0,0.0
-0.40436341085809246,-0.15552438879157382,0.32801939534888824,0.0,0.0
-0.40436341085809246,-0.09331463327494438,0.32771711404276,0.0,0.0
-0.40436341085809246,-0.03110487775831494,0.32756599431157196,0.0,0.0
-0.40436341085809246,0.031104877758314498,0.32756599431157196,0.0,0.0
-0.40436341085809246,0.09331463327494438,0.32771711404276,0.0,0.0
-0.40436341085809246,0.15552438879157382,0.32801939534888824,0.0,0.0
-0.40436341085809246,0.21773414430820326,0.3284729192613272,0.0,0.0
-0.40436341085809246,0.2799438998248327,0.329077800646889,0.0,0.0
-0.40436341085809246,0.3421536553414626,0.3298341800798073,0.0,0.0
-0.40436341085809246,0.404363410858092,0.3307422128182382,0.0,0.0
-0.40436341085809246,0.46657316637472146,0.3318020547259979,0.0,0.0
-0.40436341085809246,0.5287829218913513,0.333013844941011,0.0,0.0
-0.40436341085809246,0.5909926774079808,0.33437768505349846,0.0,0.0
-0.40436341085809246,0.6532024329246102,0.3358936145198683,0.0,0.0
-0.40436341085809246,0.7154121884412397,0.33756158200344777,0.0,0.0
-0.40436341085809246,0.7776219439578695,0.33938141230178276,0.0,0.0
-0.40436341085809246,0.839831699474499,0.34135276849382545,0.0,0.0
-0.40436341085809246,0.9020414549911289,0.3434751089210177,0.0,0.0
-0.40436341085809246,0.9642512105077579,0.3457476386067104,0.0,0.0
-0.40436341085809246,1.0264609660243877,0.3481692547219006,0.0,0.0
-0.40436341085809246,1.0886707215410176,0.3507384857260366,0.0,0.0
-0.40436341085809246,1.1508804770576466,0.35345342385463663,0.0,0.0
-0.40436341085809246,1.2130902325742765,0.3563116506966144,0.0,0.0
-0.40436341085809246,1.2752999880909055,0.3593101557103813,0.0,0.0
-0.40436341085809246,1.3375097436075354,0.36244524767679,0.0,0.0
-0.40436341085809246,1.3997194991241653,0.3657124592873327,0.0,0.0
-0.40436341085809246,1.4619292546407943,0.3691064453267252,0.0,0.0
-0.40436341085809246,1.5241390101574241,0.3726208752390794,0.0,0.0
-0.40436341085809246,1.586348765674054,0.3762483212745094,0.0,0.0
-0.40436341085809246,1.648558521190683,0.37998014390464807,0.0,0.0
-0.40436341085809246,1.710768276707313,0.38380637677432605,0.0,0.0
-0.40436341085809246,1.7729780322239428,0.387715614120715,0.0,0.0
-0.40436341085809246,1.8351877877405718,0.3916949043314028,0.0,0.0
-0.40436341085809246,1.8973975432572017,0.39572965411019745,0.0,0.0
-0.40436341085809246,1.9596072987738316,0.39980354854248185,0.0,0.0
-0.40436341085809246,2.0218170542904605,0.40389849315411047,0.0,0.0
-0.40436341085809246,2.0840268098070904,0.40799458477549505,0.0,0.0
-0.40436341085809246,2.1462365653237194,0.41207011857410103,0.0,0.0
-0.40436341085809246,2.2084463208403493,0.4161016389057004,0.0,0.0
-0.40436341085809246,2.270656076356979,0.42006404154617183,0.0,0.0
-0.40436341085809246,2.332865831873608,0.4239307342849076,0.0,0.0
-0.40436341085809246,2.395075587390238,0.4276738616779102,0.0,0.0
-0.40436341085809246,2.457285342906868,0.43126459788588495,0.0,0.0
-0.40436341085809246,2.519495098423497,0.43467350891440676,0.0,0.0
-0.40436341085809246,2.581704853940127,0.4378709822468838,0.0,0.0
-0.40436341085809246,2.6439146094567567,0.440827717916287,0.0,0.0
-0.40436341085809246,2.7061243649733857,0.4435152706942883,0.0,0.0
-0.40436341085809246,2.7683341204900156,0.4459066285814453,0.0,0.0
-0.40436341085809246,2.8305438760066455,0.44797680854145655,0.0,0.0
-0.40436341085809246,2.8927536315232745,0.44970344687565916,0.0,0.0
-0.40436341085809246,2.9549633870399044,0.45106735923031965,0.0,0.0
-0.40436341085809246,3.0171731425565333,0.4520530443678781,0.0,0.0
-0.40436341085809246,3.0793828980731632,0.4526491067975929,0.0,0.0
-0.3421536553414626,-3.141592653589793,0.45052620234979873,0.0,0.0
-0.3421536553414626,-3.0793828980731637,0.4503297847060329,0.0,0.0
-0.3421536553414626,-3.017173142556534,0.44974282603005916,0.0,0.0
-0.3421536553414626,-2.9549633870399044,0.4487721434904394,0.0,0.0
-0.3421536553414626,-2.892753631523275,0.4474288840264466,0.0,0.0
-0.3421536553414626,-2.8305438760066455,0.44572821427804504,0.0,0.0
-0.3421536553414626,-2.7683341204900156,0.44368891022390167,0.0,0.0
-0.3421536553414626,-2.706124364973386,0.44133286773723335,0.0,0.0
-0.3421536553414626,-2.6439146094567567,0.43868455808940354,0.0,0.0
-0.3421536553414626,-2.581704853940127,0.4357704533959352,0.0,0.0
-0.3421536553414626,-2.5194950984234974,0.4326184462100017,0.0,0.0
-0.3421536553414626,-2.457285342906868,0.42925728519178685,0.0,0.0
-0.3421536553414626,-2.395075587390238,0.4257160453971116,0.0,0.0
-0.3421536553414626,-2.3328658318736086,0.42202364766398676,0.0,0.0
-0.3421536553414626,-2.270656076356979,0.41820843725200607,0.0,0.0
-0.3421536553414626,-2.2084463208403498,0.4142978276743552,0.0,0.0
-0.3421536553414626,-2.1462365653237203,0.41031801184126143,0.0,0.0
-0.3421536553414626,-2.0840268098070904,0.40629373939844116,0.0,0.0
-0.3421536553414626,-2.021817054290461,0.40224815659423513,0.0,0.0
-0.3421536553414626,-1.9596072987738313,0.3982027031651063,0.0,0.0
-0.3421536553414626,-1.897397543257202,0.394177059550459,0.0,0.0
-0.3421536553414626,-1.8351877877405722,0.39018913715267184,0.0,0.0
-0.3421536553414626,-1.7729780322239428,0.3862551042426784,0.0,0.0
-0.3421536553414626,-1.7107682767073131,0.38238944036414946,0.0,0.0
-0.3421536553414626,-1.6485585211906835,0.37860501260346974,0.0,0.0
-0.3421536553414626,-1.586348765674054,0.37491316777316985,0.0,0.0
-0.3421536553414626,-1.5241390101574244,0.37132383532398777,0.0,0.0
-0.3421536553414626,-1.461929254640795,0.3678456365930272,0.0,0.0
-0.3421536553414626,-1.3997194991241653,0.3644859967666693,0.0,0.0
-0.3421536553414626,-1.3375097436075358,0.3612512566556731,0.0,0.0
-0.3421536553414626,-1.2752999880909062,0.3581467820270785,0.0,0.0
-0.3421536553414626,-1.2130902325742767,0.3551770688035317,0.0,0.0
-0.3421536553414626,-1.150880477057647,0.35234584292302845,0.0,0.0
-0.3421536553414626,-1.0886707215410176,0.349656154053413,0.0,0.0
-0.3421536553414626,-1.0264609660243877,0.34711046268209683,0.0,0.0
-0.3421536553414626,-0.9642512105077583,0.3447107203600891,0.0,0.0
-0.3421536553414626,-0.9020414549911289,0.3424584430790697,0.0,0.0
-0.3421536553414626,-0.8398316994744994,0.34035477790953916,0.0,0.0
-0.3421536553414626,-0.7776219439578695,0.3384005631352531,0.0,0.0
-0.3421536553414626,-0.7154121884412401,0.3365963821917509,0.0,0.0
-0.3421536553414626,-0.6532024329246107,0.33494261176150214,0.0,0.0
-0.3421536553414626,-0.5909926774079808,0.3334394644008003,0.0,0.0
-0.3421536553414626,-0.5287829218913513,0.3320870260789436,0.0,0.0
-0.3421536553414626,-0.4665731663747219,0.3308852890024919,0.0,0.0
-0.3421536553414626,-0.40436341085809246,0.3298341800798073,0.0,0.0
-0.3421536553414626,-0.3421536553414626,0.3289335853562964,0.0,0.0
-0.3421536553414626,-0.27994389982483314,0.32818337072085224,0.0,0.0
-0.3421536553414626,-0.2177341443082037,0.3275833991505303,0.0,0.0
-0.3421536553414626,-0.15552438879157382,0.3271335447246738,0.0,0.0
-0.3421536553414626,-0.09331463327494438,0.32683370360239133,0.0,0.0
-0.3421536553414626,-0.03110487775831494,0.3266838021190912,0.0,0.0
-0.3421536553414626,0.031104877758314498,0.3266838021190912,0.0,0.0
-0.3421536553414626,0.09331463327494438,0.32683370360239133,0.0,0.0
-0.3421536553414626,0.15552438879157382,0.3271335447246738,0.0,0.0
-0.3421536553414626,0.21773414430820326,0.3275833991505303,0.0,0.0
-0.3421536553414626,0.2799438998248327,0.32818337072085224,0.0,0.0
-0.3421536553414626,0.3421536553414626,0.3289335853562964,0.0,0.0
-0.3421536553414626,0.404363410858092,0.3298341800798073,0.0,0.0
-0.3421536553414626,0.46657316637472146,0.3308852890024919,0.0,0.0
-0.3421536553414626,0.5287829218913513,0.3320870260789436,0.0,0.0
-0.3421536553414626,0.5909926774079808,0.3334394644008003,0.0,0.0
-0.3421536553414626,0.6532024329246102,0.3349426117615021,0.0,0.0
-0.3421536553414626,0.7154121884412397,0.3365963821917509,0.0,0.0
-0.3421536553414626,0.7776219439578695,0.3384005631352531,0.0,0.0
-0.3421536553414626,0.839831699474499,0.34035477790953916,0.0,0.0
-0.3421536553414626,0.9020414549911289,0.3424584430790697,0.0,0.0
-0.3421536553414626,0.9642512105077579,0.3447107203600891,0.0,0.0
-0.3421536553414626,1.0264609660243877,0.34711046268209683,0.0,0.0
-0.3421536553414626,1.0886707215410176,0.349656154053413,0.0,0.0
-0.3421536553414626,1.1508804770576466,0.35234584292302845,0.0,0.0
-0.3421536553414626,1.2130902325742765,0.3551770688035317,0.0,0.0
-0.3421536553414626,1.2752999880909055,0.3581467820270785,0.0,0.0
-0.3421536553414626,1.3375097436075354,0.3612512566556731,0.0,0.0
-0.3421536553414626,1.3997194991241653,0.3644859967666693,0.0,0.0
-0.3421536553414626,1.4619292546407943,0.36784563659302716,0.0,0.0
-0.3421536553414626,1.5241390101574241,0.37132383532398777,0.0,0.0
-0.3421536553414626,1.586348765674054,0.37491316777316985,0.0,0.0
-0.3421536553414626,1.648558521190683,0.37860501260346974,0.0,0.0
-0.3421536553414626,1.710768276707313,0.38238944036414946,0.0,0.0
-0.3421536553414626,1.7729780322239428,0.3862551042426784,0.0,0.0
-0.3421536553414626,1.8351877877405718,0.3901891371526718,0.0,0.0
-0.3421536553414626,1.8973975432572017,0.3941770595504589,0.0,0.0
-0.3421536553414626,1.9596072987738316,0.39820270316510636,0.0,0.0
-0.3421536553414626,2.0218170542904605,0.40224815659423513,0.0,0.0
-0.3421536553414626,2.0840268098070904,0.40629373939844116,0.0,0.0
-0.3421536553414626,2.1462365653237194,0.41031801184126143,0.0,0.0
-0.3421536553414626,2.2084463208403493,0.4142978276743552,0.0,0.0
-0.3421536553414626,2.270656076356979,0.41820843725200607,0.0,0.0
-0.3421536553414626,2.332865831873608,0.4220236476639867,0.0,0.0
-0.3421536553414626,2.395075587390238,0.4257160453971116,0.0,0.0
-0.3421536553414626,2.457285342906868,0.42925728519178685,0.0,0.0
-0.3421536553414626,2.519495098423497,0.4326184462100016,0.0,0.0
-0.3421536553414626,2.581704853940127,0.4357704533959352,0.0,0.0
-0.3421536553414626,2.6439146094567567,0.43868455808940354,0.0,0.0
-0.3421536553414626,2.7061243649733857,0.44133286773723335,0.0,0.0
-0.3421536553414626,2.7683341204900156,0.44368891022390167,0.0,0.0
-0.3421536553414626,2.8305438760066455,0.44572821427804504,0.0,0.0
-0.3421536553414626,2.8927536315232745,0.4474288840264466,0.0,0.0
-0.3421536553414626,2.9549633870399044,0.4487721434904394,0.0,0.0
-0.3421536553414626,3.0171731425565333,0.44974282603005916,0.0,0.0
-0.3421536553414626,3.0793828980731632,0.4503297847060329,0.0,0.0
-0.27994389982483314,-3.141592653589793,0.4486043371551709,0.0,0.0
-0.27994389982483314,-3.0793828980731637,0.44841042137332193,0.0,0.0
-0.27994389982483314,-3.017173142556534,0.44783092620181697,0.0,0.0
-0.27994389982483314,-2.9549633870399044,0.44687254419910905,0.0,0.0
-0.27994389982483314,-2.892753631523275,0.4455462199524381,0.0,0.0
-0.27994389982483314,-2.8305438760066455,0.44386684761744166,0.0,0.0
-0.27994389982483314,-2.7683341204900156,0.4418528704774322,0.0,0.0
-0.27994389982483314,-2.706124364973386,0.43952580309348205,0.0,0.0
-0.27994389982483314,-2.6439146094567567,0.43690969937181884,0.0,0.0
-0.27994389982483314,-2.581704853940127,0.43403059083902773,0.0,0.0
-0.27994389982483314,-2.5194950984234974,0.43091591868237583,0.0,0.0
-0.27994389982483314,-2.457285342906868,0.4275939809367493,0.0,0.0
-0.27994389982483314,-2.395075587390238,0.4240934129439166,0.0,0.0
-0.27994389982483314,-2.3328658318736086,0.42044271528600075,0.0,0.0
-0.27994389982483314,-2.270656076356979,0.41666983920898265,0.0,0.0
-0.27994389982483314,-2.2084463208403498,0.4128018354597557,0.0,0.0
-0.27994389982483314,-2.1462365653237203,0.4088645687396689,0.0,0.0
-0.27994389982483314,-2.0840268098070904,0.4048824968165559,0.0,0.0
-0.27994389982483314,-2.021817054290461,0.4008785108354813,0.0,0.0
-0.27994389982483314,-1.9596072987738313,0.39687383154870554,0.0,0.0
-0.27994389982483314,-1.897397543257202,0.392887955011098,0.0,0.0
-0.27994389982483314,-1.8351877877405722,0.3889386406814648,0.0,0.0
-0.27994389982483314,-1.7729780322239428,0.38504193473358195,0.0,0.0
-0.27994389982483314,-1.7107682767073131,0.3812122216061596,0.0,0.0
-0.27994389982483314,-1.6485585211906835,0.3774622973051599,0.0,0.0
-0.27994389982483314,-1.586348765674054,0.3738034586224561,0.0,0.0
-0.27994389982483314,-1.5241390101574244,0.37024560317433286,0.0,0.0
-0.27994389982483314,-1.461929254640795,0.36679733593068214,0.0,0.0
-0.27994389982483314,-1.3997194991241653,0.36346607865564906,0.0,0.0
-0.27994389982483314,-1.3375097436075358,0.36025817938175625,0.0,0.0
-0.27994389982483314,-1.2752999880909062,0.3571790196728625,0.0,0.0
-0.27994389982483314,-1.2130902325742767,0.3542331179867581,0.0,0.0
-0.27994389982483314,-1.150880477057647,0.35142422792289446,0.0,0.0
-0.27994389982483314,-1.0886707215410176,0.34875543053679514,0.0,0.0
-0.27994389982483314,-1.0264609660243877,0.3462292202254778,0.0,0.0
-0.27994389982483314,-0.9642512105077583,0.34384758394501136,0.0,0.0
-0.27994389982483314,-0.9020414549911289,0.34161207372029373,0.0,0.0
-0.27994389982483314,-0.8398316994744994,0.3395238725565973,0.0,0.0
-0.27994389982483314,-0.7776219439578695,0.3375838539703464,0.0,0.0
-0.27994389982483314,-0.7154121884412401,0.33579263543032345,0.0,0.0
-0.27994389982483314,-0.6532024329246107,0.3341506260465674,0.0,0.0
-0.27994389982483314,-0.5909926774079808,0.3326580688683093,0.0,0.0
-0.27994389982483314,-0.5287829218913513,0.3313150781591912,0.0,0.0
-0.27994389982483314,-0.4665731663747219,0.33012167201174053,0.0,0.0
-0.27994389982483314,-0.40436341085809246,0.329077800646889,0.0,0.0
-0.27994389982483314,-0.3421536553414626,0.32818337072085224,0.0,0.0
-0.27994389982483314,-0.27994389982483314,0.32743826593298286,0.0,0.0
-0.27994389982483314,-0.2177341443082037,0.32684236419586193,0.0,0.0
-0.27994389982483314,-0.15552438879157382,0.3263955515940936,0.0,0.0
-0.27994389982483314,-0.09331463327494438,0.32609773332189107,0.0,0.0
-0.27994389982483314,-0.03110487775831494,0.32594884175219746,0.0,0.0
-0.27994389982483314,0.031104877758314498,0.32594884175219746,0.0,0.0
-0.27994389982483314,0.09331463327494438,0.32609773332189107,0.0,0.0
-0.27994389982483314,0.15552438879157382,0.3263955515940936,0.0,0.0
-0.27994389982483314,0.21773414430820326,0.32684236419586193,0.0,0.0
-0.27994389982483314,0.2799438998248327,0.3274382659329828,0.0,0.0
-0.27994389982483314,0.3421536553414626,0.32818337072085224,0.0,0.0
-0.27994389982483314,0.404363410858092,0.329077800646889,0.0,0.0
-0.27994389982483314,0.46657316637472146,0.33012167201174053,0.0,0.0
-0.27994389982483314,0.5287829218913513,0.3313150781591912,0.0,0.0
-0.27994389982483314,0.5909926774079808,0.3326580688683093,0.0,0.0
-0.27994389982483314,0.6532024329246102,0.3341506260465674,0.0,0.0
-0.27994389982483314,0.7154121884412397,0.33579263543032345,0.0,0.0
-0.27994389982483314,0.7776219439578695,0.3375838539703464,0.0,0.0
-0.27994389982483314,0.839831699474499,0.3395238725565972,0.0,0.0
-0.27994389982483314,0.9020414549911289,0.34161207372029373,0.0,0.0
-0.27994389982483314,0.9642512105077579,0.34384758394501136,0.0,0.0
-0.27994389982483314,1.0264609660243877,0.3462292202254778,0.0,0.0
-0.27994389982483314,1.0886707215410176,0.34875543053679514,0.0,0.0
-0.27994389982483314,1.1508804770576466,0.35142422792289446,0.0,0.0
-0.27994389982483314,1.2130902325742765,0.35423311798675805,0.0,0.0
-0.27994389982483314,1.2752999880909055,0.3571790196728624,0.0,0.0
-0.27994389982483314,1.3375097436075354,0.36025817938175625,0.0,0.0
-0.27994389982483314,1.3997194991241653,0.36346607865564906,0.0,0.0
-0.27994389982483314,1.4619292546407943,0.36679733593068214,0.0,0.0
-0.27994389982483314,1.5241390101574241,0.3702456031743328,0.0,0.0
-0.27994389982483314,1.586348765674054,0.3738034586224561,0.0,0.0
-0.27994389982483314,1.648558521190683,0.37746229730515984,0.0,0.0
-0.27994389982483314,1.710768276707313,0.3812122216061596,0.0,0.0
-0.27994389982483314,1.7729780322239428,0.38504193473358195,0.0,0.0
-0.27994389982483314,1.8351877877405718,0.3889386406814648,0.0,0.0
-0.27994389982483314,1.8973975432572017,0.392887955011098,0.0,0.0
-0.27994389982483314,1.9596072987738316,0.39687383154870554,0.0,0.0
-0.27994389982483314,2.0218170542904605,0.40087851083548126,0.0,0.0
-0.27994389982483314,2.0840268098070904,0.4048824968165559,0.0,0.0
-0.27994389982483314,2.1462365653237194,0.4088645687396688,0.0,0.0
-0.27994389982483314,2.2084463208403493,0.41280183545975563,0.0,0.0
-0.27994389982483314,2.270656076356979,0.41666983920898265,0.0,0.0
-0.27994389982483314,2.332865831873608,0.4204427152860007,0.0,0.0
-0.27994389982483314,2.395075587390238,0.4240934129439166,0.0,0.0
-0.27994389982483314,2.457285342906868,0.4275939809367493,0.0,0.0
-0.27994389982483314,2.519495098423497,0.43091591868237583,0.0,0.0
-0.27994389982483314,2.581704853940127,0.43403059083902773,0.0,0.0
-0.27994389982483314,2.6439146094567567,0.43690969937181884,0.0,0.0
-0.27994389982483314,2.7061243649733857,0.43952580309348205,0.0,0.0
-0.27994389982483314,2.7683341204900156,0.4418528704774322,0.0,0.0
-0.27994389982483314,2.8305438760066455,0.44386684761744166,0.0,0.0
-0.27994389982483314,2.8927536315232745,0.4455462199524381,0.0,0.0
-0.27994389982483314,2.9549633870399044,0.44687254419910905,0.0,0.0
-0.27994389982483314,3.0171731425565333,0.44783092620181697,0.0,0.0
-0.27994389982483314,3.0793828980731632,0.44841042137332193,0.0,0.0
-0.2177341443082037,-3.141592653589793,0.4470755776925045,0.0,0.0
-0.2177341443082037,-3.0793828980731637,0.4468836368015952,0.0,0.0
-0.2177341443082037,-3.017173142556534,0.44631003328051033,0.0,0.0
-0.2177341443082037,-2.9549633870399044,0.4453613618947335,0.0,0.0
-0.2177341443082037,-2.892753631523275,0.44404840840202364,0.0,0.0
-0.2177341443082037,-2.8305438760066455,0.4423858530296746,0.0,0.0
-0.2177341443082037,-2.7683341204900156,0.4403918777785256,0.0,0.0
-0.2177341443082037,-2.706124364973386,0.4380876976290303,0.0,0.0
-0.2177341443082037,-2.6439146094567567,0.43549703842926474,0.0,0.0
-0.2177341443082037,-2.581704853940127,0.43264558520742913,0.0,0.0
-0.2177341443082037,-2.5194950984234974,0.42956042396124694,0.0,0.0
-0.2177341443082037,-2.457285342906868,0.4262694978784183,0.0,0.0
-0.2177341443082037,-2.395075587390238,0.42280109578631025,0.0,0.0
-0.2177341443082037,-2.3328658318736086,0.41918338681439105,0.0,0.0
-0.2177341443082037,-2.270656076356979,0.4154440111738212,0.0,0.0
-0.2177341443082037,-2.2084463208403498,0.41160973296202746,0.0,0.0
-0.2177341443082037,-2.1462365653237203,0.40770615725801523,0.0,0.0
-0.2177341443082037,-2.0840268098070904,0.4037575106716578,0.0,0.0
-0.2177341443082037,-2.021817054290461,0.39978648204656053,0.0,0.0
-0.2177341443082037,-1.9596072987738313,0.39581411821596435,0.0,0.0
-0.2177341443082037,-1.897397543257202,0.39185976854099086,0.0,0.0
-0.2177341443082037,-1.8351877877405722,0.387941071346983,0.0,0.0
-0.2177341443082037,-1.7729780322239428,0.38407397522100384,0.0,0.0
-0.2177341443082037,-1.7107682767073131,0.38027278833802763,0.0,0.0
-0.2177341443082037,-1.6485585211906835,0.37655024944440957,0.0,0.0
-0.2177341443082037,-1.586348765674054,0.3729176147545478,0.0,0.0
-0.2177341443082037,-1.5241390101574244,0.36938475573433227,0.0,0.0
-0.2177341443082037,-1.461929254640795,0.3659602634928076,0.0,0.0
-0.2177341443082037,-1.3997194991241653,0.36265155623666673,0.0,0.0
-0.2177341443082037,-1.3375097436075358,0.35946498692967616,0.0,0.0
-0.2177341443082037,-1.2752999880909062,0.35640594892150634,0.0,0.0
-0.2177341443082037,-1.2130902325742767,0.3534789778575113,0.0,0.0
-0.2177341443082037,-1.150880477057647,0.3506878486495611,0.0,0.0
-0.2177341443082037,-1.0886707215410176,0.34803566667983776,0.0,0.0
-0.2177341443082037,-1.0264609660243877,0.34552495272956485,0.0,0.0
-0.2177341443082037,-0.9642512105077583,0.34315772137992284,0.0,0.0
-0.2177341443082037,-0.9020414549911289,0.34093555283076127,0.0,0.0
-0.2177341443082037,-0.8398316994744994,0.3388596582322466,0.0,0.0
-0.2177341443082037,-0.7776219439578695,0.3369309387330436,0.0,0.0
-0.2177341443082037,-0.7154121884412401,0.3351500385232072,0.0,0.0
-0.2177341443082037,-0.6532024329246107,0.3335173921970709,0.0,0.0
-0.2177341443082037,-0.5909926774079808,0.3320332667866281,0.0,0.0
-0.2177341443082037,-0.5287829218913513,0.3306977988239722,0.0,0.0
-0.2177341443082037,-0.4665731663747219,0.3295110267862281,0.0,0.0
-0.2177341443082037,-0.40436341085809246,0.3284729192613272,0.0,0.0
-0.2177341443082037,-0.3421536553414626,0.3275833991505303,0.0,0.0
-0.2177341443082037,-0.27994389982483314,0.32684236419586193,0.0,0.0
-0.2177341443082037,-0.2177341443082037,0.3262497040891451,0.0,0.0
-0.2177341443082037,-0.15552438879157382,0.32580531438533633,0.0,0.0
-0.2177341443082037,-0.09331463327494438,0.32550910740721667,0.0,0.0
-0.2177341443082037,-0.03110487775831494,0.325361020291835,0.0,0.0
-0.2177341443082037,0.031104877758314498,0.325361020291835,0.0,0.0
-0.2177341443082037,0.09331463327494438,0.32550910740721667,0.0,0.0
-0.2177341443082037,0.15552438879157382,0.32580531438533633,0.0,0.0
-0.2177341443082037,0.21773414430820326,0.3262497040891451,0.0,0.0
-0.2177341443082037,0.2799438998248327,0.32684236419586193,0.0,0.0
-0.2177341443082037,0.3421536553414626,0.3275833991505303,0.0,0.0
-0.2177341443082037,0.404363410858092,0.3284729192613272,0.0,0.0
-0.2177341443082037,0.46657316637472146,0.3295110267862281,0.0,0.0
-0.2177341443082037,0.5287829218913513,0.3306977988239722,0.0,0.0
-0.2177341443082037,0.5909926774079808,0.3320332667866281,0.0,0.0
-0.2177341443082037,0.6532024329246102,0.3335173921970709,0.0,0.0
-0.2177341443082037,0.7154121884412397,0.3351500385232071,0.0,0.0
-0.2177341443082037,0.7776219439578695,0.3369309387330436,0.0,0.0
-0.2177341443082037,0.839831699474499,0.3388596582322466,0.0,0.0
-0.2177341443082037,0.9020414549911289,0.34093555283076127,0.0,0.0
-0.2177341443082037,0.9642512105077579,0.34315772137992284,0.0,0.0
-0.2177341443082037,1.0264609660243877,0.34552495272956485,0.0,0.0
-0.2177341443082037,1.0886707215410176,0.34803566667983776,0.0,0.0
-0.2177341443082037,1.1508804770576466,0.3506878486495611,0.0,0.0
-0.2177341443082037,1.2130902325742765,0.3534789778575112,0.0,0.0
-0.2177341443082037,1.2752999880909055,0.3564059489215063,0.0,0.0
-0.2177341443082037,1.3375097436075354,0.35946498692967616,0.0,0.0
-0.2177341443082037,1.3997194991241653,0.36265155623666673,0.0,0.0
-0.2177341443082037,1.4619292546407943,0.3659602634928076,0.0,0.0
-0.2177341443082037,1.5241390101574241,0.3693847557343322,0.0,0.0
-0.2177341443082037,1.586348765674054,0.3729176147545478,0.0,0.0
-0.2177341443082037,1.648558521190683,0.37655024944440957,0.0,0.0
-0.2177341443082037,1.710768276707313,0.38027278833802763,0.0,0.0
-0.2177341443082037,1.7729780322239428,0.38407397522100384,0.0,0.0
-0.2177341443082037,1.8351877877405718,0.387941071346983,0.0,0.0
-0.2177341443082037,1.8973975432572017,0.3918597685409908,0.0,0.0
-0.2177341443082037,1.9596072987738316,0.39581411821596435,0.0,0.0
-0.2177341443082037,2.0218170542904605,0.3997864820465605,0.0,0.0
-0.2177341443082037,2.0840268098070904,0.4037575106716578,0.0,0.0
-0.2177341443082037,2.1462365653237194,0.4077061572580151,0.0,0.0
-0.2177341443082037,2.2084463208403493,0.41160973296202735,0.0,0.0
-0.2177341443082037,2.270656076356979,0.4154440111738212,0.0,0.0
-0.2177341443082037,2.332865831873608,0.41918338681439105,0.0,0.0
-0.2177341443082037,2.395075587390238,0.42280109578631025,0.0,0.0
-0.2177341443082037,2.457285342906868,0.4262694978784183,0.0,0.0
-0.2177341443082037,2.519495098423497,0.4295604239612469,0.0,0.0
-0.2177341443082037,2.581704853940127,0.43264558520742913,0.0,0.0
-0.2177341443082037,2.6439146094567567,0.43549703842926474,0.0,0.0
-0.2177341443082037,2.7061243649733857,0.4380876976290303,0.0,0.0
-0.2177341443082037,2.7683341204900156,0.4403918777785256,0.0,0.0
-0.2177341443082037,2.8305438760066455,0.4423858530296746,0.0,0.0
-0.2177341443082037,2.8927536315232745,0.44404840840202364,0.0,0.0
-0.2177341443082037,2.9549633870399044,0.4453613618947335,0.0,0.0
-0.2177341443082037,3.0171731425565333,0.44631003328051033,0.0,0.0
-0.2177341443082037,3.0793828980731632,0.4468836368015952,0.0,0.0
-0.15552438879157382,-3.141592653589793,0.44593407037437294,0.0,0.0
-0.15552438879157382,-3.0793828980731637,0.4457435953414245,0.0,0.0
-0.15552438879157382,-3.017173142556534,0.445174364995194,0.0,0.0
-0.15552438879157382,-2.9549633870399044,0.4442329018411038,0.0,0.0
-0.15552438879157382,-2.892753631523275,0.442929874262025,0.0,0.0
-0.15552438879157382,-2.8305438760066455,0.44127980436333425,0.0,0.0
-0.15552438879157382,-2.7683341204900156,0.4393006809759374,0.0,0.0
-0.15552438879157382,-2.706124364973386,0.43701349752925517,0.0,0.0
-0.15552438879157382,-2.6439146094567567,0.43444173717321755,0.0,0.0
-0.15552438879157382,-2.581704853940127,0.43161082848962595,0.0,0.0
-0.15552438879157382,-2.5194950984234974,0.42854759447415863,0.0,0.0
-0.15552438879157382,-2.457285342906868,0.42527971542850584,0.0,0.0
-0.15552438879157382,-2.395075587390238,0.42183522331896645,0.0,0.0
-0.15552438879157382,-2.3328658318736086,0.4182420414230148,0.0,0.0
-0.15552438879157382,-2.270656076356979,0.41452757908466087,0.0,0.0
-0.15552438879157382,-2.2084463208403498,0.4107183874731741,0.0,0.0
-0.15552438879157382,-2.1462365653237203,0.4068398786555283,0.0,0.0
-0.15552438879157382,-2.0840268098070904,0.402916107233625,0.0,0.0
-0.15552438879157382,-2.021817054290461,0.3989696113620897,0.0,0.0
-0.15552438879157382,-1.9596072987738313,0.39502130817708825,0.0,0.0
-0.15552438879157382,-1.897397543257202,0.39109043749982847,0.0,0.0
-0.15552438879157382,-1.8351877877405722,0.3871945470594686,0.0,0.0
-0.15552438879157382,-1.7729780322239428,0.38334951231593534,0.0,0.0
-0.15552438879157382,-1.7107682767073131,0.3795695841524057,0.0,0.0
-0.15552438879157382,-1.6485585211906835,0.37586745815134864,0.0,0.0
-0.15552438879157382,-1.586348765674054,0.37225435977832555,0.0,0.0
-0.15552438879157382,-1.5241390101574244,0.36874014049936765,0.0,0.0
-0.15552438879157382,-1.461929254640795,0.3653333805912069,0.0,0.0
-0.15552438879157382,-1.3997194991241653,0.3620414951244575,0.0,0.0
-0.15552438879157382,-1.3375097436075358,0.3588708402771267,0.0,0.0
-0.15552438879157382,-1.2752999880909062,0.3558268177500621,0.0,0.0
-0.15552438879157382,-1.2130902325742767,0.3529139755967655,0.0,0.0
-0.15552438879157382,-1.150880477057647,0.35013610424398256,0.0,0.0
-0.15552438879157382,-1.0886707215410176,0.34749632686808235,0.0,0.0
-0.15552438879157382,-1.0264609660243877,0.3449971836102486,0.0,0.0
-0.15552438879157382,-0.9642512105077583,0.34264070936761254,0.0,0.0
-0.15552438879157382,-0.9020414549911289,0.34042850509533884,0.0,0.0
-0.15552438879157382,-0.8398316994744994,0.3383618027042181,0.0,0.0
-0.15552438879157382,-0.7776219439578695,0.33644152374714903,0.0,0.0
-0.15552438879157382,-0.7154121884412401,0.33466833216308506,0.0,0.0
-0.15552438879157382,-0.6532024329246107,0.33304268139487375,0.0,0.0
-0.15552438879157382,-0.5909926774079808,0.3315648562234615,0.0,0.0
-0.15552438879157382,-0.5287829218913513,0.3302350096698516,0.0,0.0
-0.15552438879157382,-0.4665731663747219,0.3290531953119163,0.0,0.0
-0.15552438879157382,-0.40436341085809246,0.32801939534888824,0.0,0.0
-0.15552438879157382,-0.3421536553414626,0.3271335447246738,0.0,0.0
-0.15552438879157382,-0.27994389982483314,0.3263955515940936,0.0,0.0
-0.15552438879157382,-0.2177341443082037,0.32580531438533633,0.0,0.0
-0.15552438879157382,-0.15552438879157382,0.325362735678517,0.0,0.0
-0.15552438879157382,-0.09331463327494438,0.3250677330851393,0.0,0.0
-0.15552438879157382,-0.03110487775831494,0.32492024727710234,0.0,0.0
-0.15552438879157382,0.031104877758314498,0.32492024727710234,0.0,0.0
-0.15552438879157382,0.09331463327494438,0.3250677330851393,0.0,0.0
-0.15552438879157382,0.15552438879157382,0.325362735678517,0.0,0.0
-0.15552438879157382,0.21773414430820326,0.32580531438533633,0.0,0.0
-0.15552438879157382,0.2799438998248327,0.3263955515940936,0.0,0.0
-0.15552438879157382,0.3421536553414626,0.3271335447246738,0.0,0.0
-0.15552438879157382,0.404363410858092,0.32801939534888824,0.0,0.0
-0.15552438879157382,0.46657316637472146,0.3290531953119163,0.0,0.0
-0.15552438879157382,0.5287829218913513,0.3302350096698516,0.0,0.0
-0.15552438879157382,0.5909926774079808,0.3315648562234615,0.0,0.0
-0.15552438879157382,0.6532024329246102,0.33304268139487375,0.0,0.0
-0.15552438879157382,0.7154121884412397,0.33466833216308506,0.0,0.0
-0.15552438879157382,0.7776219439578695,0.33644152374714903,0.0,0.0
-0.15552438879157382,0.839831699474499,0.3383618027042181,0.0,0.0
-0.15552438879157382,0.9020414549911289,0.34042850509533884,0.0,0.0
-0.15552438879157382,0.9642512105077579,0.34264070936761243,0.0,0.0
-0.15552438879157382,1.0264609660243877,0.3449971836102486,0.0,0.0
-0.15552438879157382,1.0886707215410176,0.34749632686808235,0.0,0.0
-0.15552438879157382,1.1508804770576466,0.3501361042439825,0.0,0.0
-0.15552438879157382,1.2130902325742765,0.35291397559676546,0.0,0.0
-0.15552438879157382,1.2752999880909055,0.3558268177500621,0.0,0.0
-0.15552438879157382,1.3375097436075354,0.3588708402771267,0.0,0.0
-0.15552438879157382,1.3997194991241653,0.3620414951244575,0.0,0.0
-0.15552438879157382,1.4619292546407943,0.3653333805912069,0.0,0.0
-0.15552438879157382,1.5241390101574241,0.3687401404993676,0.0,0.0
-0.15552438879157382,1.586348765674054,0.37225435977832555,0.0,0.0
-0.15552438879157382,1.648558521190683,0.37586745815134864,0.0,0.0
-0.15552438879157382,1.710768276707313,0.3795695841524057,0.0,0.0
-0.15552438879157382,1.7729780322239428,0.38334951231593534,0.0,0.0
-0.15552438879157382,1.8351877877405718,0.3871945470594686,0.0,0.0
-0.15552438879157382,1.8973975432572017,0.39109043749982847,0.0,0.0
-0.15552438879157382,1.9596072987738316,0.39502130817708825,0.0,0.0
-0.15552438879157382,2.0218170542904605,0.3989696113620897,0.0,0.0
-0.15552438879157382,2.0840268098070904,0.402916107233625,0.0,0.0
-0.15552438879157382,2.1462365653237194,0.4068398786555282,0.0,0.0
-0.15552438879157382,2.2084463208403493,0.410718387473174,0.0,0.0
-0.15552438879157382,2.270656076356979,0.41452757908466087,0.0,0.0
-0.15552438879157382,2.332865831873608,0.4182420414230148,0.0,0.0
-0.15552438879157382,2.395075587390238,0.42183522331896645,0.0,0.0
-0.15552438879157382,2.457285342906868,0.42527971542850584,0.0,0.0
-0.15552438879157382,2.519495098423497,0.42854759447415863,0.0,0.0
-0.15552438879157382,2.581704853940127,0.43161082848962595,0.0,0.0
-0.15552438879157382,2.6439146094567567,0.43444173717321755,0.0,0.0
-0.15552438879157382,2.7061243649733857,0.43701349752925506,0.0,0.0
-0.15552438879157382,2.7683341204900156,0.4393006809759374,0.0,0.0
-0.15552438879157382,2.8305438760066455,0.44127980436333425,0.0,0.0
-0.15552438879157382,2.8927536315232745,0.44292987426202496,0.0,0.0
-0.15552438879157382,2.9549633870399044,0.4442329018411038,0.0,0.0
-0.15552438879157382,3.0171731425565333,0.445174364995194,0.0,0.0
-0.15552438879157382,3.0793828980731632,0.4457435953414245,0.0,0.0
-0.09331463327494438,-3.141592653589793,0.44517546480985115,0.0,0.0
-0.09331463327494438,-3.0793828980731637,0.44498595979746053,0.0,0.0
-0.09331463327494438,-3.017173142556534,0.44441962341952507,0.0,0.0
-0.09331463327494438,-2.9549633870399044,0.4434829305172978,0.0,0.0
-0.09331463327494438,-2.892753631523275,0.44218647204408906,0.0,0.0
-0.09331463327494438,-2.8305438760066455,0.4405446657822338,0.0,0.0
-0.09331463327494438,-2.7683341204900156,0.4385753730942143,0.0,0.0
-0.09331463327494438,-2.706124364973386,0.4362994411817171,0.0,0.0
-0.09331463327494438,-2.6439146094567567,0.43374019296871197,0.0,0.0
-0.09331463327494438,-2.581704853940127,0.43092288768486353,0.0,0.0
-0.09331463327494438,-2.5194950984234974,0.42787417458667903,0.0,0.0
-0.09331463327494438,-2.457285342906868,0.42462156024881964,0.0,0.0
-0.09331463327494438,-2.395075587390238,0.42119290682247096,0.0,0.0
-0.09331463327494438,-2.3328658318736086,0.41761597497512526,0.0,0.0
-0.09331463327494438,-2.270656076356979,0.4139180212768772,0.0,0.0
-0.09331463327494438,-2.2084463208403498,0.4101254559182863,0.0,0.0
-0.09331463327494438,-2.1462365653237203,0.40626356309873535,0.0,0.0
-0.09331463327494438,-2.0840268098070904,0.40235628339344304,0.0,0.0
-0.09331463327494438,-2.021817054290461,0.3984260549908371,0.0,0.0
-0.09331463327494438,-1.9596072987738313,0.39449370891654095,0.0,0.0
-0.09331463327494438,-1.897397543257202,0.3905784121958406,0.0,0.0
-0.09331463327494438,-1.8351877877405722,0.38669765228415315,0.0,0.0
-0.09331463327494438,-1.7729780322239428,0.38286725592335047,0.0,0.0
-0.09331463327494438,-1.7107682767073131,0.3791014357611191,0.0,0.0
-0.09331463327494438,-1.6485585211906835,0.37541285850362716,0.0,0.0
-0.09331463327494438,-1.586348765674054,0.3718127289708995,0.0,0.0
-0.09331463327494438,-1.5241390101574244,0.36831088511537613,0.0,0.0
-0.09331463327494438,-1.461929254640795,0.3649158997881066,0.0,0.0
-0.09331463327494438,-1.3997194991241653,0.36163518574971537,0.0,0.0
-0.09331463327494438,-1.3375097436075358,0.35847510109379394,0.0,0.0
-0.09331463327494438,-1.2752999880909062,0.35544105285921973,0.0,0.0
-0.09331463327494438,-1.2130902325742767,0.3525375971445817,0.0,0.0
-0.09331463327494438,-1.150880477057647,0.3497685344988142,0.0,0.0
-0.09331463327494438,-1.0886707215410176,0.34713699974861817,0.0,0.0
-0.09331463327494438,-1.0264609660243877,0.34464554573987005,0.0,0.0
-0.09331463327494438,-0.9642512105077583,0.3422962207235369,0.0,0.0
-0.09331463327494438,-0.9020414549911289,0.3400906393141617,0.0,0.0
-0.09331463327494438,-0.8398316994744994,0.33803004709851814,0.0,0.0
-0.09331463327494438,-0.7776219439578695,0.3361153790810992,0.0,0.0
-0.09331463327494438,-0.7154121884412401,0.3343473122286852,0.0,0.0
-0.09331463327494438,-0.6532024329246107,0.3327263124245784,0.0,0.0
-0.09331463327494438,-0.5909926774079808,0.3312526761696763,0.0,0.0
-0.09331463327494438,-0.5287829218913513,0.3299265673770299,0.0,0.0
-0.09331463327494438,-0.4665731663747219,0.3287480496027973,0.0,0.0
-0.09331463327494438,-0.40436341085809246,0.32771711404276,0.0,0.0
-0.09331463327494438,-0.3421536553414626,0.32683370360239133,0.0,0.0
-0.09331463327494438,-0.27994389982483314,0.32609773332189107,0.0,0.0
-0.09331463327494438,-0.2177341443082037,0.32550910740721667,0.0,0.0
-0.09331463327494438,-0.15552438879157382,0.3250677330851393,0.0,0.0
-0.09331463327494438,-0.09331463327494438,0.3247735314656245,0.0,0.0
-0.09331463327494438,-0.03110487775831494,0.3246264455590151,0.0,0.0
-0.09331463327494438,0.031104877758314498,0.3246264455590151,0.0,0.0
-0.09331463327494438,0.09331463327494438,0.3247735314656245,0.0,0.0
-0.09331463327494438,0.15552438879157382,0.3250677330851393,0.0,0.0
-0.09331463327494438,0.21773414430820326,0.3255091074072167,0.0,0.0
-0.09331463327494438,0.2799438998248327,0.32609773332189107,0.0,0.0
-0.09331463327494438,0.3421536553414626,0.32683370360239133,0.0,0.0
-0.09331463327494438,0.404363410858092,0.32771711404276,0.0,0.0
-0.09331463327494438,0.46657316637472146,0.3287480496027973,0.0,0.0
-0.09331463327494438,0.5287829218913513,0.3299265673770299,0.0,0.0
-0.09331463327494438,0.5909926774079808,0.3312526761696763,0.0,0.0
-0.09331463327494438,0.6532024329246102,0.33272631242457834,0.0,0.0
-0.09331463327494438,0.7154121884412397,0.3343473122286852,0.0,0.0
-0.09331463327494438,0.7776219439578695,0.3361153790810992,0.0,0.0
-0.09331463327494438,0.839831699474499,0.3380300470985181,0.0,0.0
-0.09331463327494438,0.9020414549911289,0.3400906393141617,0.0,0.0
-0.09331463327494438,0.9642512105077579,0.3422962207235368,0.0,0.0
-0.09331463327494438,1.0264609660243877,0.34464554573987005,0.0,0.0
-0.09331463327494438,1.0886707215410176,0.34713699974861817,0.0,0.0
-0.09331463327494438,1.1508804770576466,0.3497685344988142,0.0,0.0
-0.09331463327494438,1.2130902325742765,0.35253759714458166,0.0,0.0
-0.09331463327494438,1.2752999880909055,0.35544105285921973,0.0,0.0
-0.09331463327494438,1.3375097436075354,0.3584751010937939,0.0,0.0
-0.09331463327494438,1.3997194991241653,0.36163518574971537,0.0,0.0
-0.09331463327494438,1.4619292546407943,0.3649158997881066,0.0,0.0
-0.09331463327494438,1.5241390101574241,0.36831088511537613,0.0,0.0
-0.09331463327494438,1.586348765674054,0.3718127289708995,0.0,0.0
-0.09331463327494438,1.648558521190683,0.3754128585036271,0.0,0.0
-0.09331463327494438,1.710768276707313,0.3791014357611191,0.0,0.0
-0.09331463327494438,1.7729780322239428,0.38286725592335047,0.0,0.0
-0.09331463327494438,1.8351877877405718,0.38669765228415315,0.0,0.0
-0.09331463327494438,1.8973975432572017,0.39057841219584055,0.0,0.0
-0.09331463327494438,1.9596072987738316,0.39449370891654095,0.0,0.0
-0.09331463327494438,2.0218170542904605,0.39842605499083705,0.0,0.0
-0.09331463327494438,2.0840268098070904,0.40235628339344304,0.0,0.0
-0.09331463327494438,2.1462365653237194,0.40626356309873524,0.0,0.0
-0.09331463327494438,2.2084463208403493,0.4101254559182863,0.0,0.0
-0.09331463327494438,2.270656076356979,0.4139180212768772,0.0,0.0
-0.09331463327494438,2.332865831873608,0.4176159749751252,0.0,0.0
-0.09331463327494438,2.395075587390238,0.42119290682247096,0.0,0.0
-0.09331463327494438,2.457285342906868,0.42462156024881964,0.0,0.0
-0.09331463327494438,2.519495098423497,0.427874174586679,0.0,0.0
-0.09331463327494438,2.581704853940127,0.43092288768486353,0.0,0.0
-0.09331463327494438,2.6439146094567567,0.43374019296871197,0.0,0.0
-0.09331463327494438,2.7061243649733857,0.4362994411817171,0.0,0.0
-0.09331463327494438,2.7683341204900156,0.4385753730942143,0.0,0.0
-0.09331463327494438,2.8305438760066455,0.4405446657822338,0.0,0.0
-0.09331463327494438,2.8927536315232745,0.44218647204408906,0.0,0.0
-0.09331463327494438,2.9549633870399044,0.4434829305172978,0.0,0.0
-0.09331463327494438,3.0171731425565333,0.44441962341952507,0.0,0.0
-0.09331463327494438,3.0793828980731632,0.44498595979746053,0.0,0.0
-0.03110487775831494,-3.141592653589793,0.44479687957141406,0.0,0.0
-0.03110487775831494,-3.0793828980731637,0.4446078574182494,0.0,0.0
-0.03110487775831494,-3.017173142556534,0.4440429616226035,0.0,0.0
-0.03110487775831494,-2.9549633870399044,0.44310864334496425,0.0,0.0
-0.03110487775831494,-2.892753631523275,0.4418154550676713,0.0,0.0
-0.03110487775831494,-2.8305438760066455,0.44017776273599535,0.0,0.0
-0.03110487775831494,-2.7683341204900156,0.438213364368119,0.0,0.0
-0.03110487775831494,-2.706124364973386,0.43594303448986754,0.0,0.0
-0.03110487775831494,-2.6439146094567567,0.43339001638006125,0.0,0.0
-0.03110487775831494,-2.581704853940127,0.4305794850719855,0.0,0.0
-0.03110487775831494,-2.5194950984234974,0.4275380034274934,0.0,0.0
-0.03110487775831494,-2.457285342906868,0.4242929916134531,0.0,0.0
-0.03110487775831494,-2.395075587390238,0.4208722272982459,0.0,0.0
-0.03110487775831494,-2.3328658318736086,0.41730339022934876,0.0,0.0
-0.03110487775831494,-2.270656076356979,0.41361366092924157,0.0,0.0
-0.03110487775831494,-2.2084463208403498,0.40982937938973935,0.0,0.0
-0.03110487775831494,-2.1462365653237203,0.4059757661176208,0.0,0.0
-0.03110487775831494,-2.0840268098070904,0.4020767048678351,0.0,0.0
-0.03110487775831494,-2.021817054290461,0.3981545839934897,0.0,0.0
-0.03110487775831494,-1.9596072987738313,0.3942301915713287,0.0,0.0
-0.03110487775831494,-1.897397543257202,0.39032265829825663,0.0,0.0
-0.03110487775831494,-1.8351877877405722,0.38644944153048355,0.0,0.0
-0.03110487775831494,-1.7729780322239428,0.38262634366153586,0.0,0.0
-0.03110487775831494,-1.7107682767073131,0.37886755820981616,0.0,0.0
-0.03110487775831494,-1.6485585211906835,0.3751857374140174,0.0,0.0
-0.03110487775831494,-1.586348765674054,0.37159207572830094,0.0,0.0
-0.03110487775831494,-1.5241390101574244,0.36809640429498924,0.0,0.0
-0.03110487775831494,-1.461929254640795,0.3647072921918021,0.0,0.0
-0.03110487775831494,-1.3997194991241653,0.36143215095929804,0.0,0.0
-0.03110487775831494,-1.3375097436075358,0.3582773395813475,0.0,0.0
-0.03110487775831494,-1.2752999880909062,0.3552482676976219,0.0,0.0
-0.03110487775831494,-1.2130902325742767,0.3523494953616993,0.0,0.0
-0.03110487775831494,-1.150880477057647,0.34958482811778346,0.0,0.0
-0.03110487775831494,-1.0886707215410176,0.3469574065544436,0.0,0.0
-0.03110487775831494,-1.0264609660243877,0.34446978980970766,0.0,0.0
-0.03110487775831494,-0.9642512105077583,0.3421240327547638,0.0,0.0
-0.03110487775831494,-0.9020414549911289,0.3399217567808939,0.0,0.0
-0.03110487775831494,-0.8398316994744994,0.33786421426379365,0.0,0.0
-0.03110487775831494,-0.7776219439578695,0.3359523468886099,0.0,0.0
-0.03110487775831494,-0.7154121884412401,0.3341868380947984,0.0,0.0
-0.03110487775831494,-0.6532024329246107,0.3325681599484882,0.0,0.0
-0.03110487775831494,-0.5909926774079808,0.3310966147768886,0.0,0.0
-0.03110487775831494,-0.5287829218913513,0.3297723719090265,0.0,0.0
-0.03110487775831494,-0.4665731663747219,0.3285954998636394,0.0,0.0
-0.03110487775831494,-0.40436341085809246,0.32756599431157196,0.0,0.0
-0.03110487775831494,-0.3421536553414626,0.3266838021190912,0.0,0.0
-0.03110487775831494,-0.27994389982483314,0.32594884175219746,0.0,0.0
-0.03110487775831494,-0.2177341443082037,0.325361020291835,0.0,0.0
-0.03110487775831494,-0.15552438879157382,0.32492024727710234,0.0,0.0
-0.03110487775831494,-0.09331463327494438,0.3246264455590151,0.0,0.0
-0.03110487775831494,-0.03110487775831494,0.3244795593117176,0.0,0.0
-0.03110487775831494,0.031104877758314498,0.3244795593117176,0.0,0.0
-0.03110487775831494,0.09331463327494438,0.3246264455590151,0.0,0.0
-0.03110487775831494,0.15552438879157382,0.32492024727710234,0.0,0.0
-0.03110487775831494,0.21773414430820326,0.325361020291835,0.0,0.0
-0.03110487775831494,0.2799438998248327,0.32594884175219746,0.0,0.0
-0.03110487775831494,0.3421536553414626,0.3266838021190912,0.0,0.0
-0.03110487775831494,0.404363410858092,0.32756599431157196,0.0,0.0
-0.03110487775831494,0.46657316637472146,0.3285954998636394,0.0,0.0
-0.03110487775831494,0.5287829218913513,0.3297723719090265,0.0,0.0
-0.03110487775831494,0.5909926774079808,0.3310966147768886,0.0,0.0
-0.03110487775831494,0.6532024329246102,0.33256815994848815,0.0,0.0
-0.03110487775831494,0.7154121884412397,0.3341868380947984,0.0,0.0
-0.03110487775831494,0.7776219439578695,0.3359523468886099,0.0,0.0
-0.03110487775831494,0.839831699474499,0.33786421426379365,0.0,0.0
-0.03110487775831494,0.9020414549911289,0.3399217567808939,0.0,0.0
-0.03110487775831494,0.9642512105077579,0.3421240327547638,0.0,0.0
-0.03110487775831494,1.0264609660243877,0.34446978980970766,0.0,0.0
-0.03110487775831494,1.0886707215410176,0.3469574065544436,0.0,0.0
-0.03110487775831494,1.1508804770576466,0.34958482811778346,0.0,0.0
-0.03110487775831494,1.2130902325742765,0.3523494953616993,0.0,0.0
-0.03110487775831494,1.2752999880909055,0.3552482676976219,0.0,0.0
-0.03110487775831494,1.3375097436075354,0.35827733958134744,0.0,0.0
-0.03110487775831494,1.3997194991241653,0.36143215095929804,0.0,0.0
-0.03110487775831494,1.4619292546407943,0.36470729219180203,0.0,0.0
-0.03110487775831494,1.5241390101574241,0.36809640429498924,0.0,0.0
-0.03110487775831494,1.586348765674054,0.37159207572830094,0.0,0.0
-0.03110487775831494,1.648558521190683,0.3751857374140174,0.0,0.0
-0.03110487775831494,1.710768276707313,0.3788675582098161,0.0,0.0
-0.03110487775831494,1.7729780322239428,0.38262634366153586,0.0,0.0
-0.03110487775831494,1.8351877877405718,0.38644944153048355,0.0,0.0
-0.03110487775831494,1.8973975432572017,0.39032265829825663,0.0,0.0
-0.03110487775831494,1.9596072987738316,0.39423019157132877,0.0,0.0
-0.03110487775831494,2.0218170542904605,0.39815458399348963,0.0,0.0
-0.03110487775831494,2.0840268098070904,0.4020767048678351,0.0,0.0
-0.03110487775831494,2.1462365653237194,0.40597576611762076,0.0,0.0
-0.03110487775831494,2.2084463208403493,0.40982937938973935,0.0,0.0
-0.03110487775831494,2.270656076356979,0.41361366092924157,0.0,0.0
-0.03110487775831494,2.332865831873608,0.41730339022934876,0.0,0.0
-0.03110487775831494,2.395075587390238,0.4208722272982459,0.0,0.0
-0.03110487775831494,2.457285342906868,0.4242929916134531,0.0,0.0
-0.03110487775831494,2.519495098423497,0.4275380034274934,0.0,0.0
-0.03110487775831494,2.581704853940127,0.4305794850719855,0.0,0.0
-0.03110487775831494,2.6439146094567567,0.43339001638006125,0.0,0.0
-0.03110487775831494,2.7061243649733857,0.43594303448986754,0.0,0.0
-0.03110487775831494,2.7683341204900156,0.438213364368119,0.0,0.0
-0.03110487775831494,2.8305438760066455,0.44017776273599535,0.0,0.0
-0.03110487775831494,2.8927536315232745,0.4418154550676712,0.0,0.0
-0.03110487775831494,2.9549633870399044,0.44310864334496425,0.0,0.0
-0.03110487775831494,3.0171731425565333,0.4440429616226035,0.0,0.0
-0.03110487775831494,3.0793828980731632,0.4446078574182494,0.0,0.0
0.031104877758314498,-3.141592653589793,0.44479687957141406,0.0,0.0
0.031104877758314498,-3.0793828980731637,0.4446078574182494,0.0,0.0
0.031104877758314498,-3.017173142556534,0.4440429616226035,0.0,0.0
0.031104877758314498,-2.9549633870399044,0.44310864334496425,0.0,0.0
0.031104877758314498,-2.892753631523275,0.4418154550676713,0.0,0.0
0.031104877758314498,-2.8305438760066455,0.44017776273599535,0.0,0.0
0.031104877758314498,-2.7683341204900156,0.438213364368119,0.0,0.0
0.031104877758314498,-2.706124364973386,0.43594303448986754,0.0,0.0
0.031104877758314498,-2.6439146094567567,0.43339001638006125,0.0,0.0
0.031104877758314498,-2.581704853940127,0.4305794850719855,0.0,0.0
0.031104877758314498,-2.5194950984234974,0.4275380034274934,0.0,0.0
0.031104877758314498,-2.457285342906868,0.4242929916134531,0.0,0.0
0.031104877758314498,-2.395075587390238,0.4208722272982459,0.0,0.0
0.031104877758314498,-2.3328658318736086,0.41730339022934876,0.0,0.0
0.031104877758314498,-2.270656076356979,0.41361366092924157,0.0,0.0
0.031104877758314498,-2.2084463208403498,0.40982937938973935,0.0,0.0
0.031104877758314498,-2.1462365653237203,0.4059757661176208,0.0,0.0
0.031104877758314498,-2.0840268098070904,0.4020767048678351,0.0,0.0
0.031104877758314498,-2.021817054290461,0.3981545839934897,0.0,0.0
0.031104877758314498,-1.9596072987738313,0.3942301915713287,0.0,0.0
0.031104877758314498,-1.897397543257202,0.39032265829825663,0.0,0.0
0.031104877758314498,-1.8351877877405722,0.38644944153048355,0.0,0.0
0.031104877758314498,-1.7729780322239428,0.38262634366153586,0.0,0.0
0.031104877758314498,-1.7107682767073131,0.37886755820981616,0.0,0.0
0.031104877758314498,-1.6485585211906835,0.3751857374140174,0.0,0.0
0.031104877758314498,-1.586348765674054,0.37159207572830094,0.0,0.0
0.031104877758314498,-1.5241390101574244,0.36809640429498924,0.0,0.0
0.031104877758314498,-1.461929254640795,0.3647072921918021,0.0,0.0
0.031104877758314498,-1.3997194991241653,0.36143215095929804,0.0,0.0
0.031104877758314498,-1.3375097436075358,0.3582773395813475,0.0,0.0
0.031104877758314498,-1.2752999880909062,0.3552482676976219,0.0,0.0
0.031104877758314498,-1.2130902325742767,0.3523494953616993,0.0,0.0
0.031104877758314498,-1.150880477057647,0.34958482811778346,0.0,0.0
0.031104877758314498,-1.0886707215410176,0.3469574065544436,0.0,0.0
0.031104877758314498,-1.0264609660243877,0.34446978980970766,0.0,0.0
0.031104877758314498,-0.9642512105077583,0.3421240327547638,0.0,0.0
0.031104877758314498,-0.9020414549911289,0.3399217567808939,0.0,0.0
0.031104877758314498,-0.8398316994744994,0.33786421426379365,0.0,0.0
0.031104877758314498,-0.7776219439578695,0.3359523468886099,0.0,0.0
0.031104877758314498,-0.7154121884412401,0.3341868380947984,0.0,0.0
0.031104877758314498,-0.6532024329246107,0.3325681599484882,0.0,0.0
0.031104877758314498,-0.5909926774079808,0.3310966147768886,0.0,0.0
0.031104877758314498,-0.5287829218913513,0.3297723719090265,0.0,0.0
0.031104877758314498,-0.4665731663747219,0.3285954998636394,0.0,0.0
0.031104877758314498,-0.40436341085809246,0.32756599431157196,0.0,0.0
0.031104877758314498,-0.3421536553414626,0.3266838021190912,0.0,0.0
0.031104877758314498,-0.27994389982483314,0.32594884175219746,0.0,0.0
0.031104877758314498,-0.2177341443082037,0.325361020291835,0.0,0.0
0.031104877758314498,-0.15552438879157382,0.32492024727710234,0.0,0.0
0.031104877758314498,-0.09331463327494438,0.3246264455590151,0.0,0.0
0.031104877758314498,-0.03110487775831494,0.3244795593117176,0.0,0.0
0.031104877758314498,0.031104877758314498,0.3244795593117176,0.0,0.0
0.031104877758314498,0.09331463327494438,0.3246264455590151,0.0,0.0
0.031104877758314498,0.15552438879157382,0.32492024727710234,0.0,0.0
0.031104877758314498,0.21773414430820326,0.325361020291835,0.0,0.0
0.031104877758314498,0.2799438998248327,0.32594884175219746,0.0,0.0
0.031104877758314498,0.3421536553414626,0.3266838021190912,0.0,0.0
0.031104877758314498,0.404363410858092,0.32756599431157196,0.0,0.0
0.031104877758314498,0.46657316637472146,0.3285954998636394,0.0,0.0
0.031104877758314498,0.5287829218913513,0.3297723719090265,0.0,0.0
0.031104877758314498,0.5909926774079808,0.3310966147768886,0.0,0.0
0.031104877758314498,0.6532024329246102,0.33256815994848815,0.0,0.0
0.031104877758314498,0.7154121884412397,0.3341868380947984,0.0,0.0
0.031104877758314498,0.7776219439578695,0.3359523468886099,0.0,0.0
0.031104877758314498,0.839831699474499,0.33786421426379365,0.0,0.0
0.031104877758314498,0.9020414549911289,0.3399217567808939,0.0,0.0
0.031104877758314498,0.9642512105077579,0.3421240327547638,0.0,0.0
0.031104877758314498,1.0264609660243877,0.34446978980970766,0.0,0.0
0.031104877758314498,1.0886707215410176,0.3469574065544436,0.0,0.0
0.031104877758314498,1.1508804770576466,0.34958482811778346,0.0,0.0
0.031104877758314498,1.2130902325742765,0.3523494953616993,0.0,0.0
0.031104877758314498,1.2752999880909055,0.3552482676976219,0.0,0.0
0.031104877758314498,1.3375097436075354,0.35827733958134744,0.0,0.0
0.031104877758314498,1.3997194991241653,0.36143215095929804,0.0,0.0
0.031104877758314498,1.4619292546407943,0.36470729219180203,0.0,0.0
0.031104877758314498,1.5241390101574241,0.36809640429498924,0.0,0.0
0.031104877758314498,1.586348765674054,0.37159207572830094,0.0,0.0
0.031104877758314498,1.648558521190683,0.3751857374140174,0.0,0.0
0.031104877758314498,1.710768276707313,0.3788675582098161,0.0,0.0
0.031104877758314498,1.7729780322239428,0.38262634366153586,0.0,0.0
0.031104877758314498,1.8351877877405718,0.38644944153048355,0.0,0.0
0.031104877758314498,1.8973975432572017,0.39032265829825663,0.0,0.0
0.031104877758314498,1.9596072987738316,0.39423019157132877,0.0,0.0
0.031104877758314498,2.0218170542904605,0.39815458399348963,0.0,0.0
0.031104877758314498,2.0840268098070904,0.4020767048678351,0.0,0.0
0.031104877758314498,2.1462365653237194,0.40597576611762076,0.0,0.0
0.031104877758314498,2.2084463208403493,0.40982937938973935,0.0,0.0
0.031104877758314498,2.270656076356979,0.41361366092924157,0.0,0.0
0.031104877758314498,2.332865831873608,0.41730339022934876,0.0,0.0
0.031104877758314498,2.395075587390238,0.4208722272982459,0.0,0.0
0.031104877758314498,2.457285342906868,0.4242929916134531,0.0,0.0
0.031104877758314498,2.519495098423497,0.4275380034274934,0.0,0.0
0.031104877758314498,2.581704853940127,0.4305794850719855,0.0,0.0
0.031104877758314498,2.6439146094567567,0.43339001638006125,0.0,0.0
0.031104877758314498,2.7061243649733857,0.43594303448986754,0.0,0.0
0.031104877758314498,2.7683341204900156,0.438213364368119,0.0,0.0
0.031104877758314498,2.8305438760066455,0.44017776273599535,0.0,0.0
0.031104877758314498,2.8927536315232745,0.4418154550676713,0.0,0.0
0.031104877758314498,2.9549633870399044,0.44310864334496425,0.0,0.0
0.031104877758314498,3.0171731425565333,0.4440429616226035,0.0,0.0
0.031104877758314498,3.0793828980731632,0.4446078574182494,0.0,0.0
0.09331463327494438,-3.141592653589793,0.44517546480985115,0.0,0.0
0.09331463327494438,-3.0793828980731637,0.44498595979746053,0.0,0.0
0.09331463327494438,-3.017173142556534,0.44441962341952507,0.0,0.0
0.09331463327494438,-2.9549633870399044,0.4434829305172978,0.0,0.0
0.09331463327494438,-2.892753631523275,0.44218647204408906,0.0,0.0
0.09331463327494438,-2.8305438760066455,0.4405446657822338,0.0,0.0
0.09331463327494438,-2.7683341204900156,0.4385753730942143,0.0,0.0
0.09331463327494438,-2.706124364973386,0.4362994411817171,0.0,0.0
0.09331463327494438,-2.6439146094567567,0.43374019296871197,0.0,0.0
0.09331463327494438,-2.581704853940127,0.43092288768486353,0.0,0.0
0.09331463327494438,-2.5194950984234974,0.42787417458667903,0.0,0.0
0.09331463327494438,-2.457285342906868,0.42462156024881964,0.0,0.0
0.09331463327494438,-2.395075587390238,0.42119290682247096,0.0,0.0
0.09331463327494438,-2.3328658318736086,0.41761597497512526,0.0,0.0
0.09331463327494438,-2.270656076356979,0.4139180212768772,0.0,0.0
0.09331463327494438,-2.2084463208403498,0.4101254559182863,0.0,0.0
0.09331463327494438,-2.1462365653237203,0.40626356309873535,0.0,0.0
0.09331463327494438,-2.0840268098070904,0.40235628339344304,0.0,0.0
0.09331463327494438,-2.021817054290461,0.3984260549908371,0.0,0.0
0.09331463327494438,-1.9596072987738313,0.39449370891654095,0.0,0.0
0.09331463327494438,-1.897397543257202,0.3905784121958406,0.0,0.0
0.09331463327494438,-1.8351877877405722,0.38669765228415315,0.0,0.0
0.09331463327494438,-1.7729780322239428,0.38286725592335047,0.0,0.0
0.09331463327494438,-1.7107682767073131,0.3791014357611191,0.0,0.0
0.09331463327494438,-1.6485585211906835,0.37541285850362716,0.0,0.0
0.09331463327494438,-1.586348765674054,0.3718127289708995,0.0,0.0
0.09331463327494438,-1.5241390101574244,0.36831088511537613,0.0,0.0
0.09331463327494438,-1.461929254640795,0.3649158997881066,0.0,0.0
0.09331463327494438,-1.3997194991241653,0.36163518574971537,0.0,0.0
0.09331463327494438,-1.3375097436075358,0.35847510109379394,0.0,0.0
0.09331463327494438,-1.2752999880909062,0.35544105285921973,0.0,0.0
0.09331463327494438,-1.2130902325742767,0.3525375971445817,0.0,0.0
0.09331463327494438,-1.150880477057647,0.3497685344988142,0.0,0.0
0.09331463327494438,-1.0886707215410176,0.34713699974861817,0.0,0.0
0.09331463327494438,-1.0264609660243877,0.34464554573987005,0.0,0.0
0.09331463327494438,-0.9642512105077583,0.3422962207235369,0.0,0.0
0.09331463327494438,-0.9020414549911289,0.3400906393141617,0.0,0.0
0.09331463327494438,-0.8398316994744994,0.33803004709851814,0.0,0.0
0.09331463327494438,-0.7776219439578695,0.3361153790810992,0.0,0.0
0.09331463327494438,-0.7154121884412401,0.3343473122286852,0.0,0.0
0.09331463327494438,-0.6532024329246107,0.3327263124245784,0.0,0.0
0.09331463327494438,-0.5909926774079808,0.3312526761696763,0.0,0.0
0.09331463327494438,-0.5287829218913513,0.3299265673770299,0.0,0.0
0.09331463327494438,-0.4665731663747219,0.3287480496027973,0.0,0.0
0.09331463327494438,-0.40436341085809246,0.32771711404276,0.0,0.0
0.09331463327494438,-0.3421536553414626,0.32683370360239133,0.0,0.0
0.09331463327494438,-0.27994389982483314,0.32609773332189107,0.0,0.0
0.09331463327494438,-0.2177341443082037,0.32550910740721667,0.0,0.0
0.09331463327494438,-0.15552438879157382,0.3250677330851393,0.0,0.0
0.09331463327494438,-0.09331463327494438,0.3247735314656245,0.0,0.0
0.09331463327494438,-0.03110487775831494,0.3246264455590151,0.0,0.0
0.09331463327494438,0.031104877758314498,0.3246264455590151,0.0,0.0
0.09331463327494438,0.09331463327494438,0.3247735314656245,0.0,0.0
0.09331463327494438,0.15552438879157382,0.3250677330851393,0.0,0.0
0.09331463327494438,0.21773414430820326,0.3255091074072167,0.0,0.0
0.09331463327494438,0.2799438998248327,0.32609773332189107,0.0,0.0
0.09331463327494438,0.3421536553414626,0.32683370360239133,0.0,0.0
0.09331463327494438,0.404363410858092,0.32771711404276,0.0,0.0
0.09331463327494438,0.46657316637472146,0.3287480496027973,0.0,0.0
0.09331463327494438,0.5287829218913513,0.3299265673770299,0.0,0.0
0.09331463327494438,0.5909926774079808,0.3312526761696763,0.0,0.0
0.09331463327494438,0.6532024329246102,0.33272631242457834,0.0,0.0
0.09331463327494438,0.7154121884412397,0.3343473122286852,0.0,0.0
0.09331463327494438,0.7776219439578695,0.3361153790810992,0.0,0.0
0.09331463327494438,0.839831699474499,0.3380300470985181,0.0,0.0
0.09331463327494438,0.9020414549911289,0.3400906393141617,0.0,0.0
0.09331463327494438,0.9642512105077579,0.3422962207235368,0.0,0.0
0.09331463327494438,1.0264609660243877,0.34464554573987005,0.0,0.0
0.09331463327494438,1.0886707215410176,0.34713699974861817,0.0,0.0
0.09331463327494438,1.1508804770576466,0.3497685344988142,0.0,0.0
0.09331463327494438,1.2130902325742765,0.35253759714458166,0.0,0.0
0.09331463327494438,1.2752999880909055,0.35544105285921973,0.0,0.0
0.09331463327494438,1.3375097436075354,0.3584751010937939,0.0,0.0
0.09331463327494438,1.3997194991241653,0.36163518574971537,0.0,0.0
0.09331463327494438,1.4619292546407943,0.3649158997881066,0.0,0.0
0.09331463327494438,1.5241390101574241,0.36831088511537613,0.0,0.0
0.09331463327494438,1.586348765674054,0.3718127289708995,0.0,0.0
0.09331463327494438,1.648558521190683,0.3754128585036271,0.0,0.0
0.09331463327494438,1.710768276707313,0.3791014357611191,0.0,0.0
0.09331463327494438,1.7729780322239428,0.38286725592335047,0.0,0.0
0.09331463327494438,1.8351877877405718,0.38669765228415315,0.0,0.0
0.09331463327494438,1.8973975432572017,0.39057841219584055,0.0,0.0
0.09331463327494438,1.9596072987738316,0.39449370891654095,0.0,0.0
0.09331463327494438,2.0218170542904605,0.39842605499083705,0.0,0.0
0.09331463327494438,2.0840268098070904,0.40235628339344304,0.0,0.0
0.09331463327494438,2.1462365653237194,0.40626356309873524,0.0,0.0
0.09331463327494438,2.2084463208403493,0.4101254559182863,0.0,0.0
0.09331463327494438,2.270656076356979,0.4139180212768772,0.0,0.0
0.09331463327494438,2.332865831873608,0.4176159749751252,0.0,0.0
0.09331463327494438,2.395075587390238,0.42119290682247096,0.0,0.0
0.09331463327494438,2.457285342906868,0.42462156024881964,0.0,0.0
0.09331463327494438,2.519495098423497,0.427874174586679,0.0,0.0
0.09331463327494438,2.581704853940127,0.43092288768486353,0.0,0.0
0.09331463327494438,2.6439146094567567,0.43374019296871197,0.0,0.0
0.09331463327494438,2.7061243649733857,0.4362994411817171,0.0,0.0
0.09331463327494438,2.7683341204900156,0.4385753730942143,0.0,0.0
0.09331463327494438,2.8305438760066455,0.4405446657822338,0.0,0.0
0.09331463327494438,2.8927536315232745,0.44218647204408906,0.0,0.0
0.09331463327494438,2.9549633870399044,0.4434829305172978,0.0,0.0
0.09331463327494438,3.0171731425565333,0.44441962341952507,0.0,0.0
0.09331463327494438,3.0793828980731632,0.44498595979746053,0.0,0.0
0.15552438879157382,-3.141592653589793,0.44593407037437294,0.0,0.0
0.15552438879157382,-3.0793828980731637,0.4457435953414245,0.0,0.0
0.15552438879157382,-3.017173142556534,0.445174364995194,0.0,0.0
0.15552438879157382,-2.9549633870399044,0.4442329018411038,0.0,0.0
0.15552438879157382,-2.892753631523275,0.442929874262025,0.0,0.0
0.15552438879157382,-2.8305438760066455,0.44127980436333425,0.0,0.0
0.15552438879157382,-2.7683341204900156,0.4393006809759374,0.0,0.0
0.15552438879157382,-2.706124364973386,0.43701349752925517,0.0,0.0
0.15552438879157382,-2.6439146094567567,0.43444173717321755,0.0,0.0
0.15552438879157382,-2.581704853940127,0.43161082848962595,0.0,0.0
0.15552438879157382,-2.5194950984234974,0.42854759447415863,0.0,0.0
0.15552438879157382,-2.457285342906868,0.42527971542850584,0.0,0.0
0.15552438879157382,-2.395075587390238,0.42183522331896645,0.0,0.0
0.15552438879157382,-2.3328658318736086,0.4182420414230148,0.0,0.0
0.15552438879157382,-2.270656076356979,0.41452757908466087,0.0,0.0
0.15552438879157382,-2.2084463208403498,0.4107183874731741,0.0,0.0
0.15552438879157382,-2.1462365653237203,0.4068398786555283,0.0,0.0
0.15552438879157382,-2.0840268098070904,0.402916107233625,0.0,0.0
0.15552438879157382,-2.021817054290461,0.3989696113620897,0.0,0.0
0.15552438879157382,-1.9596072987738313,0.39502130817708825,0.0,0.0
0.15552438879157382,-1.897397543257202,0.39109043749982847,0.0,0.0
0.15552438879157382,-1.8351877877405722,0.3871945470594686,0.0,0.0
0.15552438879157382,-1.7729780322239428,0.38334951231593534,0.0,0.0
0.15552438879157382,-1.7107682767073131,0.3795695841524057,0.0,0.0
0.15552438879157382,-1.6485585211906835,0.37586745815134864,0.0,0.0
0.15552438879157382,-1.586348765674054,0.37225435977832555,0.0,0.0
0.15552438879157382,-1.5241390101574244,0.36874014049936765,0.0,0.0
0.15552438879157382,-1.461929254640795,0.3653333805912069,0.0,0.0
0.15552438879157382,-1.3997194991241653,0.3620414951244575,0.0,0.0
0.15552438879157382,-1.3375097436075358,0.3588708402771267,0.0,0.0
0.15552438879157382,-1.2752999880909062,0.3558268177500621,0.0,0.0
0.15552438879157382,-1.2130902325742767,0.3529139755967655,0.0,0.0
0.15552438879157382,-1.150880477057647,0.35013610424398256,0.0,0.0
0.15552438879157382,-1.0886707215410176,0.34749632686808235,0.0,0.0
0.15552438879157382,-1.0264609660243877,0.3449971836102486,0.0,0.0
0.15552438879157382,-0.9642512105077583,0.34264070936761254,0.0,0.0
0.15552438879157382,-0.9020414549911289,0.34042850509533884,0.0,0.0
0.15552438879157382,-0.8398316994744994,0.3383618027042181,0.0,0.0
0.15552438879157382,-0.7776219439578695,0.33644152374714903,0.0,0.0
0.15552438879157382,-0.7154121884412401,0.33466833216308506,0.0,0.0
0.15552438879157382,-0.6532024329246107,0.33304268139487375,0.0,0.0
0.15552438879157382,-0.5909926774079808,0.3315648562234615,0.0,0.0
0.15552438879157382,-0.5287829218913513,0.3302350096698516,0.0,0.0
0.15552438879157382,-0.4665731663747219,0.3290531953119163,0.0,0.0
0.15552438879157382,-0.40436341085809246,0.32801939534888824,0.0,0.0
0.15552438879157382,-0.3421536553414626,0.3271335447246738,0.0,0.0
0.15552438879157382,-0.27994389982483314,0.3263955515940936,0.0,0.0
0.15552438879157382,-0.2177341443082037,0.32580531438533633,0.0,0.0
0.15552438879157382,-0.15552438879157382,0.325362735678517,0.0,0.0
0.15552438879157382,-0.09331463327494438,0.3250677330851393,0.0,0.0
0.15552438879157382,-0.03110487775831494,0.32492024727710234,0.0,0.0
0.15552438879157382,0.031104877758314498,0.32492024727710234,0.0,0.0
0.15552438879157382,0.09331463327494438,0.3250677330851393,0.0,0.0
0.15552438879157382,0.15552438879157382,0.325362735678517,0.0,0.0
0.15552438879157382,0.21773414430820326,0.32580531438533633,0.0,0.0
0.15552438879157382,0.2799438998248327,0.3263955515940936,0.0,0.0
0.15552438879157382,0.3421536553414626,0.3271335447246738,0.0,0.0
0.15552438879157382,0.404363410858092,0.32801939534888824,0.0,0.0
0.15552438879157382,0.46657316637472146,0.3290531953119163,0.0,0.0
0.15552438879157382,0.5287829218913513,0.3302350096698516,0.0,0.0
0.15552438879157382,0.5909926774079808,0.3315648562234615,0.0,0.0
0.15552438879157382,0.6532024329246102,0.33304268139487375,0.0,0.0
0.15552438879157382,0.7154121884412397,0.33466833216308506,0.0,0.0
0.15552438879157382,0.7776219439578695,0.33644152374714903,0.0,0.0
0.15552438879157382,0.839831699474499,0.3383618027042181,0.0,0.0
0.15552438879157382,0.9020414549911289,0.34042850509533884,0.0,0.0
0.15552438879157382,0.9642512105077579,0.34264070936761243,0.0,0.0
0.15552438879157382,1.0264609660243877,0.3449971836102486,0.0,0.0
0.15552438879157382,1.0886707215410176,0.34749632686808235,0.0,0.0
0.15552438879157382,1.1508804770576466,0.3501361042439825,0.0,0.0
0.15552438879157382,1.2130902325742765,0.35291397559676546,0.0,0.0
0.15552438879157382,1.2752999880909055,0.3558268177500621,0.0,0.0
0.15552438879157382,1.3375097436075354,0.3588708402771267,0.0,0.0
0.15552438879157382,1.3997194991241653,0.3620414951244575,0.0,0.0
0.15552438879157382,1.4619292546407943,0.3653333805912069,0.0,0.0
0.15552438879157382,1.5241390101574241,0.3687401404993676,0.0,0.0
0.15552438879157382,1.586348765674054,0.37225435977832555,0.0,0.0
0.15552438879157382,1.648558521190683,0.37586745815134864,0.0,0.0
0.15552438879157382,1.710768276707313,0.3795695841524057,0.0,0.0
0.15552438879157382,1.7729780322239428,0.38334951231593534,0.0,0.0
0.15552438879157382,1.8351877877405718,0.3871945470594686,0.0,0.0
0.15552438879157382,1.8973975432572017,0.39109043749982847,0.0,0.0
0.15552438879157382,1.9596072987738316,0.39502130817708825,0.0,0.0
0.15552438879157382,2.0218170542904605,0.3989696113620897,0.0,0.0
0.15552438879157382,2.0840268098070904,0.402916107233625,0.0,0.0
0.15552438879157382,2.1462365653237194,0.4068398786555282,0.0,0.0
0.15552438879157382,2.2084463208403493,0.410718387473174,0.0,0.0
0.15552438879157382,2.270656076356979,0.41452757908466087,0.0,0.0
0.15552438879157382,2.332865831873608,0.4182420414230148,0.0,0.0
0.15552438879157382,2.395075587390238,0.42183522331896645,0.0,0.0
0.15552438879157382,2.457285342906868,0.42527971542850584,0.0,0.0
0.15552438879157382,2.519495098423497,0.42854759447415863,0.0,0.0
0.15552438879157382,2.581704853940127,0.43161082848962595,0.0,0.0
0.15552438879157382,2.6439146094567567,0.43444173717321755,0.0,0.0
0.15552438879157382,2.7061243649733857,0.43701349752925506,0.0,0.0
0.15552438879157382,2.7683341204900156,0.4393006809759374,0.0,0.0
0.15552438879157382,2.8305438760066455,0.44127980436333425,0.0,0.0
0.15552438879157382,2.8927536315232745,0.44292987426202496,0.0,0.0
0.15552438879157382,2.9549633870399044,0.4442329018411038,0.0,0.0
0.15552438879157382,3.0171731425565333,0.445174364995194,0.0,0.0
0.15552438879157382,3.0793828980731632,0.4457435953414245,0.0,0.0
0.21773414430820326,-3.141592653589793,0.4470755776925045,0.0,0.0
0.21773414430820326,-3.0793828980731637,0.4468836368015952,0.0,0.0
0.21773414430820326,-3.017173142556534,0.44631003328051033,0.0,0.0
0.21773414430820326,-2.9549633870399044,0.4453613618947335,0.0,0.0
0.21773414430820326,-2.892753631523275,0.44404840840202364,0.0,0.0
0.21773414430820326,-2.8305438760066455,0.4423858530296746,0.0,0.0
0.21773414430820326,-2.7683341204900156,0.4403918777785256,0.0,0.0
0.21773414430820326,-2.706124364973386,0.43808769762903044,0.0,0.0
0.21773414430820326,-2.6439146094567567,0.43549703842926474,0.0,0.0
0.21773414430820326,-2.581704853940127,0.4326455852074292,0.0,0.0
0.21773414430820326,-2.5194950984234974,0.42956042396124694,0.0,0.0
0.21773414430820326,-2.457285342906868,0.4262694978784183,0.0,0.0
0.21773414430820326,-2.395075587390238,0.42280109578631025,0.0,0.0
0.21773414430820326,-2.3328658318736086,0.41918338681439105,0.0,0.0
0.21773414430820326,-2.270656076356979,0.4154440111738212,0.0,0.0
0.21773414430820326,-2.2084463208403498,0.41160973296202746,0.0,0.0
0.21773414430820326,-2.1462365653237203,0.40770615725801523,0.0,0.0
0.21773414430820326,-2.0840268098070904,0.40375751067165794,0.0,0.0
0.21773414430820326,-2.021817054290461,0.39978648204656053,0.0,0.0
0.21773414430820326,-1.9596072987738313,0.39581411821596435,0.0,0.0
0.21773414430820326,-1.897397543257202,0.39185976854099086,0.0,0.0
0.21773414430820326,-1.8351877877405722,0.387941071346983,0.0,0.0
0.21773414430820326,-1.7729780322239428,0.38407397522100384,0.0,0.0
0.21773414430820326,-1.7107682767073131,0.38027278833802763,0.0,0.0
0.21773414430820326,-1.6485585211906835,0.37655024944440957,0.0,0.0
0.21773414430820326,-1.586348765674054,0.3729176147545478,0.0,0.0
0.21773414430820326,-1.5241390101574244,0.36938475573433227,0.0,0.0
0.21773414430820326,-1.461929254640795,0.3659602634928076,0.0,0.0
0.21773414430820326,-1.3997194991241653,0.36265155623666673,0.0,0.0
0.21773414430820326,-1.3375097436075358,0.35946498692967616,0.0,0.0
0.21773414430820326,-1.2752999880909062,0.35640594892150634,0.0,0.0
0.21773414430820326,-1.2130902325742767,0.3534789778575113,0.0,0.0
0.21773414430820326,-1.150880477057647,0.3506878486495611,0.0,0.0
0.21773414430820326,-1.0886707215410176,0.34803566667983776,0.0,0.0
0.21773414430820326,-1.0264609660243877,0.34552495272956485,0.0,0.0
0.21773414430820326,-0.9642512105077583,0.34315772137992284,0.0,0.0
0.21773414430820326,-0.9020414549911289,0.34093555283076127,0.0,0.0
0.21773414430820326,-0.8398316994744994,0.3388596582322466,0.0,0.0
0.21773414430820326,-0.7776219439578695,0.3369309387330436,0.0,0.0
0.21773414430820326,-0.7154121884412401,0.3351500385232072,0.0,0.0
0.21773414430820326,-0.6532024329246107,0.3335173921970709,0.0,0.0
0.21773414430820326,-0.5909926774079808,0.3320332667866281,0.0,0.0
0.21773414430820326,-0.5287829218913513,0.3306977988239722,0.0,0.0
0.21773414430820326,-0.4665731663747219,0.3295110267862281,0.0,0.0
0.21773414430820326,-0.40436341085809246,0.3284729192613272,0.0,0.0
0.21773414430820326,-0.3421536553414626,0.3275833991505303,0.0,0.0
0.21773414430820326,-0.27994389982483314,0.32684236419586193,0.0,0.0
0.21773414430820326,-0.2177341443082037,0.3262497040891451,0.0,0.0
0.21773414430820326,-0.15552438879157382,0.32580531438533633,0.0,0.0
0.21773414430820326,-0.09331463327494438,0.3255091074072167,0.0,0.0
0.21773414430820326,-0.03110487775831494,0.325361020291835,0.0,0.0
0.21773414430820326,0.031104877758314498,0.325361020291835,0.0,0.0
0.21773414430820326,0.09331463327494438,0.3255091074072167,0.0,0.0
0.21773414430820326,0.15552438879157382,0.32580531438533633,0.0,0.0
0.21773414430820326,0.21773414430820326,0.3262497040891451,0.0,0.0
0.21773414430820326,0.2799438998248327,0.32684236419586193,0.0,0.0
0.21773414430820326,0.3421536553414626,0.3275833991505303,0.0,0.0
0.21773414430820326,0.404363410858092,0.3284729192613272,0.0,0.0
0.21773414430820326,0.46657316637472146,0.3295110267862281,0.0,0.0
0.21773414430820326,0.5287829218913513,0.3306977988239722,0.0,0.0
0.21773414430820326,0.5909926774079808,0.3320332667866281,0.0,0.0
0.21773414430820326,0.6532024329246102,0.3335173921970709,0.0,0.0
0.21773414430820326,0.7154121884412397,0.3351500385232071,0.0,0.0
0.21773414430820326,0.7776219439578695,0.3369309387330436,0.0,0.0
0.21773414430820326,0.839831699474499,0.3388596582322466,0.0,0.0
0.21773414430820326,0.9020414549911289,0.34093555283076127,0.0,0.0
0.21773414430820326,0.9642512105077579,0.34315772137992284,0.0,0.0
0.21773414430820326,1.0264609660243877,0.34552495272956485,0.0,0.0
0.21773414430820326,1.0886707215410176,0.34803566667983776,0.0,0.0
0.21773414430820326,1.1508804770576466,0.3506878486495611,0.0,0.0
0.21773414430820326,1.2130902325742765,0.3534789778575112,0.0,0.0
0.21773414430820326,1.2752999880909055,0.3564059489215063,0.0,0.0
0.21773414430820326,1.3375097436075354,0.35946498692967616,0.0,0.0
0.21773414430820326,1.3997194991241653,0.36265155623666673,0.0,0.0
0.21773414430820326,1.4619292546407943,0.3659602634928076,0.0,0.0
0.21773414430820326,1.5241390101574241,0.3693847557343322,0.0,0.0
0.21773414430820326,1.586348765674054,0.3729176147545478,0.0,0.0
0.21773414430820326,1.648558521190683,0.37655024944440957,0.0,0.0
0.21773414430820326,1.710768276707313,0.38027278833802763,0.0,0.0
0.21773414430820326,1.7729780322239428,0.38407397522100384,0.0,0.0
0.21773414430820326,1.8351877877405718,0.387941071346983,0.0,0.0
0.21773414430820326,1.8973975432572017,0.3918597685409908,0.0,0.0
0.21773414430820326,1.9596072987738316,0.39581411821596435,0.0,0.0
0.21773414430820326,2.0218170542904605,0.3997864820465605,0.0,0.0
0.21773414430820326,2.0840268098070904,0.40375751067165794,0.0,0.0
0.21773414430820326,2.1462365653237194,0.4077061572580151,0.0,0.0
0.21773414430820326,2.2084463208403493,0.4116097329620274,0.0,0.0
0.21773414430820326,2.270656076356979,0.4154440111738212,0.0,0.0
0.21773414430820326,2.332865831873608,0.41918338681439105,0.0,0.0
0.21773414430820326,2.395075587390238,0.42280109578631025,0.0,0.0
0.21773414430820326,2.457285342906868,0.4262694978784183,0.0,0.0
0.21773414430820326,2.519495098423497,0.4295604239612469,0.0,0.0
0.21773414430820326,2.581704853940127,0.4326455852074292,0.0,0.0
0.21773414430820326,2.6439146094567567,0.43549703842926474,0.0,0.0
0.21773414430820326,2.7061243649733857,0.4380876976290303,0.0,0.0
0.21773414430820326,2.7683341204900156,0.4403918777785256,0.0,0.0
0.21773414430820326,2.8305438760066455,0.4423858530296746,0.0,0.0
0.21773414430820326,2.8927536315232745,0.44404840840202364,0.0,0.0
0.21773414430820326,2.9549633870399044,0.4453613618947335,0.0,0.0
0.21773414430820326,3.0171731425565333,0.44631003328051033,0.0,0.0
0.21773414430820326,3.0793828980731632,0.4468836368015952,0.0,0.0
0.2799438998248327,-3.141592653589793,0.44860433715517095,0.0,0.0
0.2799438998248327,-3.0793828980731637,0.44841042137332193,0.0,0.0
0.2799438998248327,-3.017173142556534,0.4478309262018171,0.0,0.0
0.2799438998248327,-2.9549633870399044,0.446872544199109,0.0,0.0
0.2799438998248327,-2.892753631523275,0.4455462199524381,0.0,0.0
0.2799438998248327,-2.8305438760066455,0.44386684761744166,0.0,0.0
0.2799438998248327,-2.7683341204900156,0.4418528704774322,0.0,0.0
0.2799438998248327,-2.706124364973386,0.43952580309348205,0.0,0.0
0.2799438998248327,-2.6439146094567567,0.4369096993718188,0.0,0.0
0.2799438998248327,-2.581704853940127,0.43403059083902773,0.0,0.0
0.2799438998248327,-2.5194950984234974,0.43091591868237583,0.0,0.0
0.2799438998248327,-2.457285342906868,0.42759398093674933,0.0,0.0
0.2799438998248327,-2.395075587390238,0.4240934129439166,0.0,0.0
0.2799438998248327,-2.3328658318736086,0.4204427152860007,0.0,0.0
0.2799438998248327,-2.270656076356979,0.41666983920898265,0.0,0.0
0.2799438998248327,-2.2084463208403498,0.4128018354597557,0.0,0.0
0.2799438998248327,-2.1462365653237203,0.40886456873966887,0.0,0.0
0.2799438998248327,-2.0840268098070904,0.4048824968165559,0.0,0.0
0.2799438998248327,-2.021817054290461,0.4008785108354813,0.0,0.0
0.2799438998248327,-1.9596072987738313,0.39687383154870554,0.0,0.0
0.2799438998248327,-1.897397543257202,0.392887955011098,0.0,0.0
0.2799438998248327,-1.8351877877405722,0.3889386406814648,0.0,0.0
0.2799438998248327,-1.7729780322239428,0.38504193473358195,0.0,0.0
0.2799438998248327,-1.7107682767073131,0.3812122216061596,0.0,0.0
0.2799438998248327,-1.6485585211906835,0.37746229730515984,0.0,0.0
0.2799438998248327,-1.586348765674054,0.37380345862245606,0.0,0.0
0.2799438998248327,-1.5241390101574244,0.3702456031743328,0.0,0.0
0.2799438998248327,-1.461929254640795,0.36679733593068214,0.0,0.0
0.2799438998248327,-1.3997194991241653,0.3634660786556491,0.0,0.0
0.2799438998248327,-1.3375097436075358,0.36025817938175625,0.0,0.0
0.2799438998248327,-1.2752999880909062,0.3571790196728625,0.0,0.0
0.2799438998248327,-1.2130902325742767,0.35423311798675805,0.0,0.0
0.2799438998248327,-1.150880477057647,0.35142422792289446,0.0,0.0
0.2799438998248327,-1.0886707215410176,0.34875543053679514,0.0,0.0
0.2799438998248327,-1.0264609660243877,0.34622922022547786,0.0,0.0
0.2799438998248327,-0.9642512105077583,0.34384758394501136,0.0,0.0
0.2799438998248327,-0.9020414549911289,0.3416120737202937,0.0,0.0
0.2799438998248327,-0.8398316994744994,0.3395238725565972,0.0,0.0
0.2799438998248327,-0.7776219439578695,0.3375838539703464,0.0,0.0
0.2799438998248327,-0.7154121884412401,0.33579263543032345,0.0,0.0
0.2799438998248327,-0.6532024329246107,0.3341506260465674,0.0,0.0
0.2799438998248327,-0.5909926774079808,0.3326580688683093,0.0,0.0
0.2799438998248327,-0.5287829218913513,0.3313150781591912,0.0,0.0
0.2799438998248327,-0.4665731663747219,0.33012167201174053,0.0,0.0
0.2799438998248327,-0.40436341085809246,0.329077800646889,0.0,0.0
0.2799438998248327,-0.3421536553414626,0.32818337072085224,0.0,0.0
0.2799438998248327,-0.27994389982483314,0.3274382659329828,0.0,0.0
0.2799438998248327,-0.2177341443082037,0.32684236419586193,0.0,0.0
0.2799438998248327,-0.15552438879157382,0.3263955515940936,0.0,0.0
0.2799438998248327,-0.09331463327494438,0.32609773332189107,0.0,0.0
0.2799438998248327,-0.03110487775831494,0.32594884175219746,0.0,0.0
0.2799438998248327,0.031104877758314498,0.32594884175219746,0.0,0.0
0.2799438998248327,0.09331463327494438,0.32609773332189107,0.0,0.0
0.2799438998248327,0.15552438879157382,0.3263955515940936,0.0,0.0
0.2799438998248327,0.21773414430820326,0.32684236419586193,0.0,0.0
0.2799438998248327,0.2799438998248327,0.32743826593298286,0.0,0.0
0.2799438998248327,0.3421536553414626,0.32818337072085224,0.0,0.0
0.2799438998248327,0.404363410858092,0.329077800646889,0.0,0.0
0.2799438998248327,0.46657316637472146,0.33012167201174053,0.0,0.0
0.2799438998248327,0.5287829218913513,0.3313150781591912,0.0,0.0
0.2799438998248327,0.5909926774079808,0.3326580688683093,0.0,0.0
0.2799438998248327,0.6532024329246102,0.3341506260465674,0.0,0.0
0.2799438998248327,0.7154121884412397,0.33579263543032345,0.0,0.0
0.2799438998248327,0.7776219439578695,0.3375838539703464,0.0,0.0
0.2799438998248327,0.839831699474499,0.3395238725565972,0.0,0.0
0.2799438998248327,0.9020414549911289,0.3416120737202937,0.0,0.0
0.2799438998248327,0.9642512105077579,0.34384758394501136,0.0,0.0
0.2799438998248327,1.0264609660243877,0.34622922022547786,0.0,0.0
0.2799438998248327,1.0886707215410176,0.34875543053679514,0.0,0.0
0.2799438998248327,1.1508804770576466,0.35142422792289446,0.0,0.0
0.2799438998248327,1.2130902325742765,0.35423311798675805,0.0,0.0
0.2799438998248327,1.2752999880909055,0.3571790196728624,0.0,0.0
0.2799438998248327,1.3375097436075354,0.36025817938175625,0.0,0.0
0.2799438998248327,1.3997194991241653,0.3634660786556491,0.0,0.0
0.2799438998248327,1.4619292546407943,0.36679733593068214,0.0,0.0
0.2799438998248327,1.5241390101574241,0.3702456031743328,0.0,0.0
0.2799438998248327,1.586348765674054,0.37380345862245606,0.0,0.0
0.2799438998248327,1.648558521190683,0.37746229730515984,0.0,0.0
0.2799438998248327,1.710768276707313,0.3812122216061596,0.0,0.0
0.2799438998248327,1.7729780322239428,0.38504193473358195,0.0,0.0
0.2799438998248327,1.8351877877405718,0.3889386406814648,0.0,0.0
0.2799438998248327,1.8973975432572017,0.392887955011098,0.0,0.0
0.2799438998248327,1.9596072987738316,0.39687383154870554,0.0,0.0
0.2799438998248327,2.0218170542904605,0.40087851083548126,0.0,0.0
0.2799438998248327,2.0840268098070904,0.4048824968165559,0.0,0.0
0.2799438998248327,2.1462365653237194,0.4088645687396688,0.0,0.0
0.2799438998248327,2.2084463208403493,0.41280183545975563,0.0,0.0
0.2799438998248327,2.270656076356979,0.41666983920898265,0.0,0.0
0.2799438998248327,2.332865831873608,0.4204427152860007,0.0,0.0
0.2799438998248327,2.395075587390238,0.4240934129439166,0.0,0.0
0.2799438998248327,2.457285342906868,0.42759398093674933,0.0,0.0
0.2799438998248327,2.519495098423497,0.43091591868237583,0.0,0.0
0.2799438998248327,2.581704853940127,0.43403059083902773,0.0,0.0
0.2799438998248327,2.6439146094567567,0.4369096993718188,0.0,0.0
0.2799438998248327,2.7061243649733857,0.43952580309348205,0.0,0.0
0.2799438998248327,2.7683341204900156,0.4418528704774322,0.0,0.0
0.2799438998248327,2.8305438760066455,0.44386684761744166,0.0,0.0
0.2799438998248327,2.8927536315232745,0.4455462199524381,0.0,0.0
0.2799438998248327,2.9549633870399044,0.446872544199109,0.0,0.0
0.2799438998248327,3.0171731425565333,0.4478309262018171,0.0,0.0
0.2799438998248327,3.0793828980731632,0.44841042137332193,0.0,0.0
0.3421536553414626,-3.141592653589793,0.45052620234979873,0.0,0.0
0.3421536553414626,-3.0793828980731637,0.4503297847060329,0.0,0.0
0.3421536553414626,-3.017173142556534,0.44974282603005916,0.0,0.0
0.3421536553414626,-2.9549633870399044,0.4487721434904394,0.0,0.0
0.3421536553414626,-2.892753631523275,0.4474288840264466,0.0,0.0
0.3421536553414626,-2.8305438760066455,0.44572821427804504,0.0,0.0
0.3421536553414626,-2.7683341204900156,0.44368891022390167,0.0,0.0
0.3421536553414626,-2.706124364973386,0.44133286773723335,0.0,0.0
0.3421536553414626,-2.6439146094567567,0.43868455808940354,0.0,0.0
0.3421536553414626,-2.581704853940127,0.4357704533959352,0.0,0.0
0.3421536553414626,-2.5194950984234974,0.4326184462100017,0.0,0.0
0.3421536553414626,-2.457285342906868,0.42925728519178685,0.0,0.0
0.3421536553414626,-2.395075587390238,0.4257160453971116,0.0,0.0
0.3421536553414626,-2.3328658318736086,0.42202364766398676,0.0,0.0
0.3421536553414626,-2.270656076356979,0.41820843725200607,0.0,0.0
0.3421536553414626,-2.2084463208403498,0.4142978276743552,0.0,0.0
0.3421536553414626,-2.1462365653237203,0.41031801184126143,0.0,0.0
0.3421536553414626,-2.0840268098070904,0.40629373939844116,0.0,0.0
0.3421536553414626,-2.021817054290461,0.40224815659423513,0.0,0.0
0.3421536553414626,-1.9596072987738313,0.3982027031651063,0.0,0.0
0.3421536553414626,-1.897397543257202,0.394177059550459,0.0,0.0
0.3421536553414626,-1.8351877877405722,0.39018913715267184,0.0,0.0
0.3421536553414626,-1.7729780322239428,0.3862551042426784,0.0,0.0
0.3421536553414626,-1.7107682767073131,0.38238944036414946,0.0,0.0
0.3421536553414626,-1.6485585211906835,0.37860501260346974,0.0,0.0
0.3421536553414626,-1.586348765674054,0.37491316777316985,0.0,0.0
0.3421536553414626,-1.5241390101574244,0.37132383532398777,0.0,0.0
0.3421536553414626,-1.461929254640795,0.3678456365930272,0.0,0.0
0.3421536553414626,-1.3997194991241653,0.3644859967666693,0.0,0.0
0.3421536553414626,-1.3375097436075358,0.3612512566556731,0.0,0.0
0.3421536553414626,-1.2752999880909062,0.3581467820270785,0.0,0.0
0.3421536553414626,-1.2130902325742767,0.3551770688035317,0.0,0.0
0.3421536553414626,-1.150880477057647,0.35234584292302845,0.0,0.0
0.3421536553414626,-1.0886707215410176,0.349656154053413,0.0,0.0
0.3421536553414626,-1.0264609660243877,0.34711046268209683,0.0,0.0
0.3421536553414626,-0.9642512105077583,0.3447107203600891,0.0,0.0
0.3421536553414626,-0.9020414549911289,0.3424584430790697,0.0,0.0
0.3421536553414626,-0.8398316994744994,0.34035477790953916,0.0,0.0
0.3421536553414626,-0.7776219439578695,0.3384005631352531,0.0,0.0
0.3421536553414626,-0.7154121884412401,0.3365963821917509,0.0,0.0
0.3421536553414626,-0.6532024329246107,0.33494261176150214,0.0,0.0
0.3421536553414626,-0.5909926774079808,0.3334394644008003,0.0,0.0
0.3421536553414626,-0.5287829218913513,0.3320870260789436,0.0,0.0
0.3421536553414626,-0.4665731663747219,0.3308852890024919,0.0,0.0
0.3421536553414626,-0.40436341085809246,0.3298341800798073,0.0,0.0
0.3421536553414626,-0.3421536553414626,0.3289335853562964,0.0,0.0
0.3421536553414626,-0.27994389982483314,0.32818337072085224,0.0,0.0
0.3421536553414626,-0.2177341443082037,0.3275833991505303,0.0,0.0
0.3421536553414626,-0.15552438879157382,0.3271335447246738,0.0,0.0
0.3421536553414626,-0.09331463327494438,0.32683370360239133,0.0,0.0
0.3421536553414626,-0.03110487775831494,0.3266838021190912,0.0,0.0
0.3421536553414626,0.031104877758314498,0.3266838021190912,0.0,0.0
0.3421536553414626,0.09331463327494438,0.32683370360239133,0.0,0.0
0.3421536553414626,0.15552438879157382,0.3271335447246738,0.0,0.0
0.3421536553414626,0.21773414430820326,0.3275833991505303,0.0,0.0
0.3421536553414626,0.2799438998248327,0.32818337072085224,0.0,0.0
0.3421536553414626,0.3421536553414626,0.3289335853562964,0.0,0.0
0.3421536553414626,0.404363410858092,0.3298341800798073,0.0,0.0
0.3421536553414626,0.46657316637472146,0.3308852890024919,0.0,0.0
0.3421536553414626,0.5287829218913513,0.3320870260789436,0.0,0.0
0.3421536553414626,0.5909926774079808,0.3334394644008003,0.0,0.0
0.3421536553414626,0.6532024329246102,0.3349426117615021,0.0,0.0
0.3421536553414626,0.7154121884412397,0.3365963821917509,0.0,0.0
0.3421536553414626,0.7776219439578695,0.3384005631352531,0.0,0.0
0.3421536553414626,0.839831699474499,0.34035477790953916,0.0,0.0
0.3421536553414626,0.9020414549911289,0.3424584430790697,0.0,0.0
0.3421536553414626,0.9642512105077579,0.3447107203600891,0.0,0.0
0.3421536553414626,1.0264609660243877,0.34711046268209683,0.0,0.0
0.3421536553414626,1.0886707215410176,0.349656154053413,0.0,0.0
0.3421536553414626,1.1508804770576466,0.35234584292302845,0.0,0.0
0.3421536553414626,1.2130902325742765,0.3551770688035317,0.0,0.0
0.3421536553414626,1.2752999880909055,0.3581467820270785,0.0,0.0
0.3421536553414626,1.3375097436075354,0.3612512566556731,0.0,0.0
0.3421536553414626,1.3997194991241653,0.3644859967666693,0.0,0.0
0.3421536553414626,1.4619292546407943,0.36784563659302716,0.0,0.0
0.3421536553414626,1.5241390101574241,0.37132383532398777,0.0,0.0
0.3421536553414626,1.586348765674054,0.37491316777316985,0.0,0.0
0.3421536553414626,1.648558521190683,0.37860501260346974,0.0,0.0
0.3421536553414626,1.710768276707313,0.38238944036414946,0.0,0.0
0.3421536553414626,1.7729780322239428,0.3862551042426784,0.0,0.0
0.3421536553414626,1.8351877877405718,0.3901891371526718,0.0,0.0
0.3421536553414626,1.8973975432572017,0.3941770595504589,0.0,0.0
0.3421536553414626,1.9596072987738316,0.39820270316510636,0.0,0.0
0.3421536553414626,2.0218170542904605,0.40224815659423513,0.0,0.0
0.3421536553414626,2.0840268098070904,0.40629373939844116,0.0,0.0
0.3421536553414626,2.1462365653237194,0.41031801184126143,0.0,0.0
0.3421536553414626,2.2084463208403493,0.4142978276743552,0.0,0.0
0.3421536553414626,2.270656076356979,0.41820843725200607,0.0,0.0
0.3421536553414626,2.332865831873608,0.4220236476639867,0.0,0.0
0.3421536553414626,2.395075587390238,0.4257160453971116,0.0,0.0
0.3421536553414626,2.457285342906868,0.42925728519178685,0.0,0.0
0.3421536553414626,2.519495098423497,0.4326184462100016,0.0,0.0
0.3421536553414626,2.581704853940127,0.4357704533959352,0.0,0.0
0.3421536553414626,2.6439146094567567,0.43868455808940354,0.0,0.0
0.3421536553414626,2.7061243649733857,0.44133286773723335,0.0,0.0
0.3421536553414626,2.7683341204900156,0.44368891022390167,0.0,0.0
0.3421536553414626,2.8305438760066455,0.44572821427804504,0.0,0.0
0.3421536553414626,2.8927536315232745,0.4474288840264466,0.0,0.0
0.3421536553414626,2.9549633870399044,0.4487721434904394,0.0,0.0
0.3421536553414626,3.0171731425565333,0.44974282603005916,0.0,0.0
0.3421536553414626,3.0793828980731632,0.4503297847060329,0.0,0.0
0.404363410858092,-3.141592653589793,0.452848576260679,0.0,0.0
0.404363410858092,-3.0793828980731637,0.4526491067975929,0.0,0.0
0.404363410858092,-3.017173142556534,0.45205304436787797,0.0,0.0
0.404363410858092,-2.9549633870399044,0.45106735923031965,0.0,0.0
0.404363410858092,-2.892753631523275,0.44970344687565916,0.0,0.0
0.404363410858092,-2.8305438760066455,0.4479768085414565,0.0,0.0
0.404363410858092,-2.7683341204900156,0.4459066285814453,0.0,0.0
0.404363410858092,-2.706124364973386,0.4435152706942883,0.0,0.0
0.404363410858092,-2.6439146094567567,0.44082771791628694,0.0,0.0
0.404363410858092,-2.581704853940127,0.4378709822468838,0.0,0.0
0.404363410858092,-2.5194950984234974,0.43467350891440676,0.0,0.0
0.404363410858092,-2.457285342906868,0.43126459788588495,0.0,0.0
0.404363410858092,-2.395075587390238,0.42767386167791016,0.0,0.0
0.404363410858092,-2.3328658318736086,0.4239307342849076,0.0,0.0
0.404363410858092,-2.270656076356979,0.4200640415461717,0.0,0.0
0.404363410858092,-2.2084463208403498,0.4161016389057004,0.0,0.0
0.404363410858092,-2.1462365653237203,0.4120701185741011,0.0,0.0
0.404363410858092,-2.0840268098070904,0.407994584775495,0.0,0.0
0.404363410858092,-2.021817054290461,0.40389849315411047,0.0,0.0
0.404363410858092,-1.9596072987738313,0.39980354854248185,0.0,0.0
0.404363410858092,-1.897397543257202,0.3957296541101974,0.0,0.0
0.404363410858092,-1.8351877877405722,0.3916949043314028,0.0,0.0
0.404363410858092,-1.7729780322239428,0.387715614120715,0.0,0.0
0.404363410858092,-1.7107682767073131,0.38380637677432605,0.0,0.0
0.404363410858092,-1.6485585211906835,0.37998014390464807,0.0,0.0
0.404363410858092,-1.586348765674054,0.37624832127450936,0.0,0.0
0.404363410858092,-1.5241390101574244,0.3726208752390794,0.0,0.0
0.404363410858092,-1.461929254640795,0.3691064453267252,0.0,0.0
0.404363410858092,-1.3997194991241653,0.3657124592873326,0.0,0.0
0.404363410858092,-1.3375097436075358,0.36244524767679,0.0,0.0
0.404363410858092,-1.2752999880909062,0.3593101557103813,0.0,0.0
0.404363410858092,-1.2130902325742767,0.3563116506966144,0.0,0.0
0.404363410858092,-1.150880477057647,0.35345342385463663,0.0,0.0
0.404363410858092,-1.0886707215410176,0.35073848572603655,0.0,0.0
0.404363410858092,-1.0264609660243877,0.3481692547219005,0.0,0.0
0.404363410858092,-0.9642512105077583,0.3457476386067104,0.0,0.0
0.404363410858092,-0.9020414549911289,0.3434751089210177,0.0,0.0
0.404363410858092,-0.8398316994744994,0.34135276849382545,0.0,0.0
0.404363410858092,-0.7776219439578695,0.3393814123017827,0.0,0.0
0.404363410858092,-0.7154121884412401,0.33756158200344777,0.0,0.0
0.404363410858092,-0.6532024329246107,0.3358936145198683,0.0,0.0
0.404363410858092,-0.5909926774079808,0.33437768505349846,0.0,0.0
0.404363410858092,-0.5287829218913513,0.333013844941011,0.0,0.0
0.404363410858092,-0.4665731663747219,0.33180205472599783,0.0,0.0
0.404363410858092,-0.40436341085809246,0.3307422128182382,0.0,0.0
0.404363410858092,-0.3421536553414626,0.3298341800798073,0.0,0.0
0.404363410858092,-0.27994389982483314,0.329077800646889,0.0,0.0
0.404363410858092,-0.2177341443082037,0.3284729192613272,0.0,0.0
0.404363410858092,-0.15552438879157382,0.32801939534888824,0.0,0.0
0.404363410858092,-0.09331463327494438,0.32771711404276,0.0,0.0
0.404363410858092,-0.03110487775831494,0.32756599431157196,0.0,0.0
0.404363410858092,0.031104877758314498,0.32756599431157196,0.0,0.0
0.404363410858092,0.09331463327494438,0.32771711404276,0.0,0.0
0.404363410858092,0.15552438879157382,0.32801939534888824,0.0,0.0
0.404363410858092,0.21773414430820326,0.3284729192613272,0.0,0.0
0.404363410858092,0.2799438998248327,0.329077800646889,0.0,0.0
0.404363410858092,0.3421536553414626,0.3298341800798073,0.0,0.0
0.404363410858092,0.404363410858092,0.3307422128182382,0.0,0.0
0.404363410858092,0.46657316637472146,0.33180205472599783,0.0,0.0
0.404363410858092,0.5287829218913513,0.333013844941011,0.0,0.0
0.404363410858092,0.5909926774079808,0.33437768505349846,0.0,0.0
0.404363410858092,0.6532024329246102,0.33589361451986827,0.0,0.0
0.404363410858092,0.7154121884412397,0.33756158200344777,0.0,0.0
0.404363410858092,0.7776219439578695,0.3393814123017827,0.0,0.0
0.404363410858092,0.839831699474499,0.3413527684938254,0.0,0.0
0.404363410858092,0.9020414549911289,0.3434751089210177,0.0,0.0
0.404363410858092,0.9642512105077579,0.3457476386067104,0.0,0.0
0.404363410858092,1.0264609660243877,0.3481692547219005,0.0,0.0
0.404363410858092,1.0886707215410176,0.35073848572603655,0.0,0.0
0.404363410858092,1.1508804770576466,0.3534534238546367,0.0,0.0
0.404363410858092,1.2130902325742765,0.3563116506966144,0.0,0.0
0.404363410858092,1.2752999880909055,0.3593101557103813,0.0,0.0
0.404363410858092,1.3375097436075354,0.36244524767678993,0.0,0.0
0.404363410858092,1.3997194991241653,0.3657124592873326,0.0,0.0
0.404363410858092,1.4619292546407943,0.36910644532672515,0.0,0.0
0.404363410858092,1.5241390101574241,0.3726208752390794,0.0,0.0
0.404363410858092,1.586348765674054,0.37624832127450936,0.0,0.0
0.404363410858092,1.648558521190683,0.37998014390464807,0.0,0.0
0.404363410858092,1.710768276707313,0.383806376774326,0.0,0.0
0.404363410858092,1.7729780322239428,0.387715614120715,0.0,0.0
0.404363410858092,1.8351877877405718,0.3916949043314028,0.0,0.0
0.404363410858092,1.8973975432572017,0.3957296541101974,0.0,0.0
0.404363410858092,1.9596072987738316,0.39980354854248185,0.0,0.0
0.404363410858092,2.0218170542904605,0.40389849315411047,0.0,0.0
0.404363410858092,2.0840268098070904,0.407994584775495,0.0,0.0
0.404363410858092,2.1462365653237194,0.41207011857410103,0.0,0.0
0.404363410858092,2.2084463208403493,0.4161016389057004,0.0,0.0
0.404363410858092,2.270656076356979,0.4200640415461717,0.0,0.0
0.404363410858092,2.332865831873608,0.4239307342849076,0.0,0.0
0.404363410858092,2.395075587390238,0.42767386167791016,0.0,0.0
0.404363410858092,2.457285342906868,0.43126459788588495,0.0,0.0
0.404363410858092,2.519495098423497,0.43467350891440676,0.0,0.0
0.404363410858092,2.581704853940127,0.4378709822468838,0.0,0.0
0.404363410858092,2.6439146094567567,0.44082771791628694,0.0,0.0
0.404363410858092,2.7061243649733857,0.4435152706942882,0.0,0.0
0.404363410858092,2.7683341204900156,0.4459066285814453,0.0,0.0
0.404363410858092,2.8305438760066455,0.4479768085414565,0.0,0.0
0.404363410858092,2.8927536315232745,0.4497034468756591,0.0,0.0
0.404363410858092,2.9549633870399044,0.45106735923031965,0.0,0.0
0.404363410858092,3.0171731425565333,0.45205304436787797,0.0,0.0
0.404363410858092,3.0793828980731632,0.4526491067975929,0.0,0.0
0.46657316637472146,-3.141592653589793,0.4555804699135242,0.0,0.0
0.46657316637472146,-3.0793828980731637,0.4553773702418695,0.0,0.0
0.46657316637472146,-3.017173142556534,0.4547704792203705,0.0,0.0
0.46657316637472146,-2.9549633870399044,0.4537669507614191,0.0,0.0
0.46657316637472146,-2.892753631523275,0.45237847845862694,0.0,0.0
0.46657316637472146,-2.8305438760066455,0.45062096471189844,0.0,0.0
0.46657316637472146,-2.7683341204900156,0.4485140832644728,0.0,0.0
0.46657316637472146,-2.706124364973386,0.44608075812577713,0.0,0.0
0.46657316637472146,-2.6439146094567567,0.4433465848489642,0.0,0.0
0.46657316637472146,-2.581704853940127,0.4403392210936565,0.0,0.0
0.46657316637472146,-2.5194950984234974,0.4370877724533185,0.0,0.0
0.46657316637472146,-2.457285342906868,0.4336221969663422,0.0,0.0
0.46657316637472146,-2.395075587390238,0.4299727479843977,0.0,0.0
0.46657316637472146,-2.3328658318736086,0.42616947061602833,0.0,0.0
0.46657316637472146,-2.270656076356979,0.42224176226003773,0.0,0.0
0.46657316637472146,-2.2084463208403498,0.4182180031914878,0.0,0.0
0.46657316637472146,-2.1462365653237203,0.4141252590692204,0.0,0.0
0.46657316637472146,-2.0840268098070904,0.4099890537985484,0.0,0.0
0.46657316637472146,-2.021817054290461,0.4058332085056273,0.0,0.0
0.46657316637472146,-1.9596072987738313,0.40167974047429905,0.0,0.0
0.46657316637472146,-1.897397543257202,0.39754881470986936,0.0,0.0
0.46657316637472146,-1.8351877877405722,0.39345874023244776,0.0,0.0
0.46657316637472146,-1.7729780322239428,0.38942600314785153,0.0,0.0
0.46657316637472146,-1.7107682767073131,0.38546532887370827,0.0,0.0
0.46657316637472146,-1.6485585211906835,0.38158976649580684,0.0,0.0
0.46657316637472146,-1.586348765674054,0.37781078899263343,0.0,0.0
0.46657316637472146,-1.5241390101574244,0.37413840391011827,0.0,0.0
0.46657316637472146,-1.461929254640795,0.37058126992863705,0.0,0.0
0.46657316637472146,-1.3997194991241653,0.3671468155929463,0.0,0.0
0.46657316637472146,-1.3375097436075358,0.36384135724140054,0.0,0.0
0.46657316637472146,-1.2752999880909062,0.3606702138548333,0.0,0.0
0.46657316637472146,-1.2130902325742767,0.35763781713932635,0.0,0.0
0.46657316637472146,-1.150880477057647,0.354747815659523,0.0,0.0
0.46657316637472146,-1.0886707215410176,0.352003172254086,0.0,0.0
0.46657316637472146,-1.0264609660243877,0.349406254299446,0.0,0.0
0.46657316637472146,-0.9642512105077583,0.346958916651003,0.0,0.0
0.46657316637472146,-0.9020414549911289,0.3446625772919489,0.0,0.0
0.46657316637472146,-0.8398316994744994,0.3425182858683623,0.0,0.0
0.46657316637472146,-0.7776219439578695,0.3405267853940773,0.0,0.0
0.46657316637472146,-0.7154121884412401,0.33868856747814324,0.0,0.0
0.46657316637472146,-0.6532024329246107,0.337003921468556,0.0,0.0
0.46657316637472146,-0.5909926774079808,0.3354729779244559,0.0,0.0
0.46657316637472146,-0.5287829218913513,0.3340957468302541,0.0,0.0
0.46657316637472146,-0.4665731663747219,0.33287215095338735,0.0,0.0
0.46657316637472146,-0.40436341085809246,0.3318020547259979,0.0,0.0
0.46657316637472146,-0.3421536553414626,0.3308852890024919,0.0,0.0
0.46657316637472146,-0.27994389982483314,0.33012167201174053,0.0,0.0
0.46657316637472146,-0.2177341443082037,0.3295110267862281,0.0,0.0
0.46657316637472146,-0.15552438879157382,0.3290531953119163,0.0,0.0
0.46657316637472146,-0.09331463327494438,0.3287480496027973,0.0,0.0
0.46657316637472146,-0.03110487775831494,0.3285954998636394,0.0,0.0
0.46657316637472146,0.031104877758314498,0.3285954998636394,0.0,0.0
0.46657316637472146,0.09331463327494438,0.3287480496027973,0.0,0.0
0.46657316637472146,0.15552438879157382,0.3290531953119163,0.0,0.0
0.46657316637472146,0.21773414430820326,0.3295110267862281,0.0,0.0
0.46657316637472146,0.2799438998248327,0.33012167201174053,0.0,0.0
0.46657316637472146,0.3421536553414626,0.3308852890024919,0.0,0.0
0.46657316637472146,0.404363410858092,0.33180205472599783,0.0,0.0
0.46657316637472146,0.46657316637472146,0.33287215095338735,0.0,0.0
0.46657316637472146,0.5287829218913513,0.3340957468302541,0.0,0.0
0.46657316637472146,0.5909926774079808,0.3354729779244559,0.0,0.0
0.46657316637472146,0.6532024329246102,0.33700392146855596,0.0,0.0
0.46657316637472146,0.7154121884412397,0.3386885674781432,0.0,0.0
0.46657316637472146,0.7776219439578695,0.3405267853940773,0.0,0.0
0.46657316637472146,0.839831699474499,0.3425182858683623,0.0,0.0
0.46657316637472146,0.9020414549911289,0.3446625772919489,0.0,0.0
0.46657316637472146,0.9642512105077579,0.346958916651003,0.0,0.0
0.46657316637472146,1.0264609660243877,0.349406254299446,0.0,0.0
0.46657316637472146,1.0886707215410176,0.352003172254086,0.0,0.0
0.46657316637472146,1.1508804770576466,0.354747815659523,0.0,0.0
0.46657316637472146,1.2130902325742765,0.3576378171393263,0.0,0.0
0.46657316637472146,1.2752999880909055,0.3606702138548332,0.0,0.0
0.46657316637472146,1.3375097436075354,0.36384135724140054,0.0,0.0
0.46657316637472146,1.3997194991241653,0.3671468155929463,0.0,0.0
0.46657316637472146,1.4619292546407943,0.370581269928637,0.0,0.0
0.46657316637472146,1.5241390101574241,0.37413840391011827,0.0,0.0
0.46657316637472146,1.586348765674054,0.37781078899263343,0.0,0.0
0.46657316637472146,1.648558521190683,0.38158976649580684,0.0,0.0
0.46657316637472146,1.710768276707313,0.38546532887370827,0.0,0.0
0.46657316637472146,1.7729780322239428,0.38942600314785153,0.0,0.0
0.46657316637472146,1.8351877877405718,0.39345874023244776,0.0,0.0
0.46657316637472146,1.8973975432572017,0.39754881470986936,0.0,0.0
0.46657316637472146,1.9596072987738316,0.4016797404742991,0.0,0.0
0.46657316637472146,2.0218170542904605,0.4058332085056273,0.0,0.0
0.46657316637472146,2.0840268098070904,0.4099890537985484,0.0,0.0
0.46657316637472146,2.1462365653237194,0.4141252590692203,0.0,0.0
0.46657316637472146,2.2084463208403493,0.4182180031914877,0.0,0.0
0.46657316637472146,2.270656076356979,0.42224176226003773,0.0,0.0
0.46657316637472146,2.332865831873608,0.4261694706160283,0.0,0.0
0.46657316637472146,2.395075587390238,0.4299727479843977,0.0,0.0
0.46657316637472146,2.457285342906868,0.4336221969663422,0.0,0.0
0.46657316637472146,2.519495098423497,0.4370877724533184,0.0,0.0
0.46657316637472146,2.581704853940127,0.4403392210936565,0.0,0.0
0.46657316637472146,2.6439146094567567,0.4433465848489642,0.0,0.0
0.46657316637472146,2.7061243649733857,0.4460807581257771,0.0,0.0
0.46657316637472146,2.7683341204900156,0.4485140832644728,0.0,0.0
0.46657316637472146,2.8305438760066455,0.45062096471189844,0.0,0.0
0.46657316637472146,2.8927536315232745,0.45237847845862694,0.0,0.0
0.46657316637472146,2.9549633870399044,0.4537669507614191,0.0,0.0
0.46657316637472146,3.0171731425565333,0.4547704792203705,0.0,0.0
0.46657316637472146,3.0793828980731632,0.45537737024186936,0.0,0.0
0.5287829218913513,-3.141592653589793,0.4587325740594191,0.0,0.0
0.5287829218913513,-3.0793828980731637,0.45852523141433543,0.0,0.0
0.5287829218913513,-3.017173142556534,0.4579056847037855,0.0,0.0
0.5287829218913513,-2.9549633870399044,0.4568813046138644,0.0,0.0
0.5287829218913513,-2.892753631523275,0.4554641365040664,0.0,0.0
0.5287829218913513,-2.8305438760066455,0.4536705559574529,0.0,0.0
0.5287829218913513,-2.7683341204900156,0.4515208136530725,0.0,0.0
0.5287829218913513,-2.706124364973386,0.4490384936991187,0.0,0.0
0.5287829218913513,-2.6439146094567567,0.44624991267283387,0.0,0.0
0.5287829218913513,-2.581704853940127,0.44318348756875686,0.0,0.0
0.5287829218913513,-2.5194950984234974,0.43986909979485256,0.0,0.0
0.5287829218913513,-2.457285342906868,0.4363374796045609,0.0,0.0
0.5287829218913513,-2.395075587390238,0.4326196313664941,0.0,0.0
0.5287829218913513,-2.3328658318736086,0.4287463153587276,0.0,0.0
0.5287829218913513,-2.270656076356979,0.4247475968210793,0.0,0.0
0.5287829218913513,-2.2084463208403498,0.4206524682269528,0.0,0.0
0.5287829218913513,-2.1462365653237203,0.41648854646555056,0.0,0.0
0.5287829218913513,-2.0840268098070904,0.4122818430620173,0.0,0.0
0.5287829218913513,-2.021817054290461,0.4080566028062188,0.0,0.0
0.5287829218913513,-1.9596072987738313,0.4038352042184578,0.0,0.0
0.5287829218913513,-1.897397543257202,0.39963811409259065,0.0,0.0
0.5287829218913513,-1.8351877877405722,0.395483887819857,0.0,0.0
0.5287829218913513,-1.7729780322239428,0.39138920718424824,0.0,0.0
0.5287829218913513,-1.7107682767073131,0.3873689477017437,0.0,0.0
0.5287829218913513,-1.6485585211906835,0.38343626822851895,0.0,0.0
0.5287829218913513,-1.586348765674054,0.37960271638032794,0.0,0.0
0.5287829218913513,-1.5241390101574244,0.37587834419927585,0.0,0.0
0.5287829218913513,-1.461929254640795,0.37227182940802633,0.0,0.0
0.5287829218913513,-1.3997194991241653,0.3687905984569866,0.0,0.0
0.5287829218913513,-1.3375097436075358,0.36544094836553054,0.0,0.0
0.5287829218913513,-1.2752999880909062,0.36222816506562006,0.0,0.0
0.5287829218913513,-1.2130902325742767,0.359156636567403,0.0,0.0
0.5287829218913513,-1.150880477057647,0.35622995978117206,0.0,0.0
0.5287829218913513,-1.0886707215410176,0.35345104025324453,0.0,0.0
0.5287829218913513,-1.0264609660243877,0.35082218441281404,0.0,0.0
0.5287829218913513,-0.9642512105077583,0.3483451841922549,0.0,0.0
0.5287829218913513,-0.9020414549911289,0.3460213940848934,0.0,0.0
0.5287829218913513,-0.8398316994744994,0.3438518008519293,0.0,0.0
0.5287829218913513,-0.7776219439578695,0.341837086193321,0.0,0.0
0.5287829218913513,-0.7154121884412401,0.3399776827644691,0.0,0.0
0.5287829218913513,-0.6532024329246107,0.3382738239587949,0.0,0.0
0.5287829218913513,-0.5909926774079808,0.3367255878920932,0.0,0.0
0.5287829218913513,-0.5287829218913513,0.3353329360230912,0.0,0.0
0.5287829218913513,-0.4665731663747219,0.3340957468302541,0.0,0.0
0.5287829218913513,-0.40436341085809246,0.333013844941011,0.0,0.0
0.5287829218913513,-0.3421536553414626,0.3320870260789436,0.0,0.0
0.5287829218913513,-0.27994389982483314,0.3313150781591912,0.0,0.0
0.5287829218913513,-0.2177341443082037,0.3306977988239722,0.0,0.0
0.5287829218913513,-0.15552438879157382,0.3302350096698516,0.0,0.0
0.5287829218913513,-0.09331463327494438,0.3299265673770299,0.0,0.0
0.5287829218913513,-0.03110487775831494,0.3297723719090265,0.0,0.0
0.5287829218913513,0.031104877758314498,0.3297723719090265,0.0,0.0
0.5287829218913513,0.09331463327494438,0.3299265673770299,0.0,0.0
0.5287829218913513,0.15552438879157382,0.3302350096698516,0.0,0.0
0.5287829218913513,0.21773414430820326,0.3306977988239722,0.0,0.0
0.5287829218913513,0.2799438998248327,0.3313150781591912,0.0,0.0
0.5287829218913513,0.3421536553414626,0.3320870260789436,0.0,0.0
0.5287829218913513,0.404363410858092,0.333013844941011,0.0,0.0
0.5287829218913513,0.46657316637472146,0.3340957468302541,0.0,0.0
0.5287829218913513,0.5287829218913513,0.3353329360230912,0.0,0.0
0.5287829218913513,0.5909926774079808,0.3367255878920932,0.0,0.0
0.5287829218913513,0.6532024329246102,0.3382738239587949,0.0,0.0
0.5287829218913513,0.7154121884412397,0.3399776827644691,0.0,0.0
0.5287829218913513,0.7776219439578695,0.341837086193321,0.0,0.0
0.5287829218913513,0.839831699474499,0.34385180085192923,0.0,0.0
0.5287829218913513,0.9020414549911289,0.3460213940848934,0.0,0.0
0.5287829218913513,0.9642512105077579,0.3483451841922549,0.0,0.0
0.5287829218913513,1.0264609660243877,0.35082218441281404,0.0,0.0
0.5287829218913513,1.0886707215410176,0.35345104025324453,0.0,0.0
0.5287829218913513,1.1508804770576466,0.35622995978117206,0.0,0.0
0.5287829218913513,1.2130902325742765,0.35915663656740293,0.0,0.0
0.5287829218913513,1.2752999880909055,0.36222816506562006,0.0,0.0
0.5287829218913513,1.3375097436075354,0.3654409483655305,0.0,0.0
0.5287829218913513,1.3997194991241653,0.3687905984569866,0.0,0.0
0.5287829218913513,1.4619292546407943,0.3722718294080263,0.0,0.0
0.5287829218913513,1.5241390101574241,0.3758783441992758,0.0,0.0
0.5287829218913513,1.586348765674054,0.37960271638032794,0.0,0.0
0.5287829218913513,1.648558521190683,0.38343626822851895,0.0,0.0
0.5287829218913513,1.710768276707313,0.3873689477017437,0.0,0.0
0.5287829218913513,1.7729780322239428,0.39138920718424824,0.0,0.0
0.5287829218913513,1.8351877877405718,0.39548388781985694,0.0,0.0
0.5287829218913513,1.8973975432572017,0.39963811409259065,0.0,0.0
0.5287829218913513,1.9596072987738316,0.4038352042184578,0.0,0.0
0.5287829218913513,2.0218170542904605,0.4080566028062188,0.0,0.0
0.5287829218913513,2.0840268098070904,0.4122818430620173,0.0,0.0
0.5287829218913513,2.1462365653237194,0.4164885464655505,0.0,0.0
0.5287829218913513,2.2084463208403493,0.4206524682269528,0.0,0.0
0.5287829218913513,2.270656076356979,0.4247475968210793,0.0,0.0
0.5287829218913513,2.332865831873608,0.42874631535872754,0.0,0.0
0.5287829218913513,2.395075587390238,0.4326196313664941,0.0,0.0
0.5287829218913513,2.457285342906868,0.4363374796045609,0.0,0.0
0.5287829218913513,2.519495098423497,0.43986909979485245,0.0,0.0
0.5287829218913513,2.581704853940127,0.44318348756875686,0.0,0.0
0.5287829218913513,2.6439146094567567,0.44624991267283387,0.0,0.0
0.5287829218913513,2.7061243649733857,0.4490384936991187,0.0,0.0
0.5287829218913513,2.7683341204900156,0.4515208136530725,0.0,0.0
0.5287829218913513,2.8305438760066455,0.4536705559574529,0.0,0.0
0.5287829218913513,2.8927536315232745,0.4554641365040664,0.0,0.0
0.5287829218913513,2.9549633870399044,0.4568813046138644,0.0,0.0
0.5287829218913513,3.0171731425565333,0.4579056847037855,0.0,0.0
0.5287829218913513,3.0793828980731632,0.4585252314143353,0.0,0.0
0.5909926774079808,-3.141592653589793,0.46231734460899176,0.0,0.0
0.5909926774079808,-3.0793828980731637,0.46210510529335597,0.0,0.0
0.5909926774079808,-3.017173142556534,0.46147095405096217,0.0,0.0
0.5909926774079808,-2.9549633870399044,0.46042251455868943,0.0,0.0
0.5909926774079808,-2.892753631523275,0.45897224258238506,0.0,0.0
0.5909926774079808,-2.8305438760066455,0.45713706550817185,0.0,0.0
0.5909926774079808,-2.7683341204900156,0.4549379063879907,0.0,0.0
0.5909926774079808,-2.706124364973386,0.45239911802548466,0.0,0.0
0.5909926774079808,-2.6439146094567567,0.4495478558669129,0.0,0.0
0.5909926774079808,-2.581704853940127,0.4464134194061932,0.0,0.0
0.5909926774079808,-2.5194950984234974,0.4430265906146564,0.0,0.0
0.5909926774079808,-2.457285342906868,0.4394189949230653,0.0,0.0
0.5909926774079808,-2.395075587390238,0.4356225060076229,0.0,0.0
0.5909926774079808,-2.3328658318736086,0.43166871060703305,0.0,0.0
0.5909926774079808,-2.270656076356979,0.4275884443467564,0.0,0.0
0.5909926774079808,-2.2084463208403498,0.42341140451474174,0.0,0.0
0.5909926774079808,-2.1462365653237203,0.4191658412547665,0.0,0.0
0.5909926774079808,-2.0840268098070904,0.41487832493182625,0.0,0.0
0.5909926774079808,-2.021817054290461,0.4105735845763608,0.0,0.0
0.5909926774079808,-1.9596072987738313,0.40627441033195894,0.0,0.0
0.5909926774079808,-1.897397543257202,0.40200161164489745,0.0,0.0
0.5909926774079808,-1.8351877877405722,0.39777402242873905,0.0,0.0
0.5909926774079808,-1.7729780322239428,0.39360854447670596,0.0,0.0
0.5909926774079808,-1.7107682767073131,0.38952022083882637,0.0,0.0
0.5909926774079808,-1.6485585211906835,0.3855223315998743,0.0,0.0
0.5909926774079808,-1.586348765674054,0.3816265053755452,0.0,0.0
0.5909926774079808,-1.5241390101574244,0.37784284079714386,0.0,0.0
0.5909926774079808,-1.461929254640795,0.3741800332101624,0.0,0.0
0.5909926774079808,-1.3997194991241653,0.37064550272049746,0.0,0.0
0.5909926774079808,-1.3375097436075358,0.3672455205520546,0.0,0.0
0.5909926774079808,-1.2752999880909062,0.36398533141345696,0.0,0.0
0.5909926774079808,-1.2130902325742767,0.3608692702025541,0.0,0.0
0.5909926774079808,-1.150880477057647,0.35790087190613284,0.0,0.0
0.5909926774079808,-1.0886707215410176,0.3550829739845136,0.0,0.0
0.5909926774079808,-1.0264609660243877,0.35241781087552526,0.0,0.0
0.5909926774079808,-0.9642512105077583,0.3499071005201995,0.0,0.0
0.5909926774079808,-0.9020414549911289,0.3475521230143505,0.0,0.0
0.5909926774079808,-0.8398316994744994,0.3453537916366535,0.0,0.0
0.5909926774079808,-0.7776219439578695,0.3433127166047478,0.0,0.0
0.5909926774079808,-0.7154121884412401,0.34142926197507645,0.0,0.0
0.5909926774079808,-0.6532024329246107,0.33970359613727885,0.0,0.0
0.5909926774079808,-0.5909926774079808,0.33813573636647354,0.0,0.0
0.5909926774079808,-0.5287829218913513,0.3367255878920932,0.0,0.0
0.5909926774079808,-0.4665731663747219,0.33547297792445585,0.0,0.0
0.5909926774079808,-0.40436341085809246,0.33437768505349846,0.0,0.0
0.5909926774079808,-0.3421536553414626,0.3334394644008003,0.0,0.0
0.5909926774079808,-0.27994389982483314,0.3326580688683093,0.0,0.0
0.5909926774079808,-0.2177341443082037,0.3320332667866281,0.0,0.0
0.5909926774079808,-0.15552438879157382,0.3315648562234615,0.0,0.0
0.5909926774079808,-0.09331463327494438,0.3312526761696763,0.0,0.0
0.5909926774079808,-0.03110487775831494,0.3310966147768886,0.0,0.0
0.5909926774079808,0.031104877758314498,0.3310966147768886,0.0,0.0
0.5909926774079808,0.09331463327494438,0.3312526761696763,0.0,0.0
0.5909926774079808,0.15552438879157382,0.3315648562234615,0.0,0.0
0.5909926774079808,0.21773414430820326,0.3320332667866281,0.0,0.0
0.5909926774079808,0.2799438998248327,0.3326580688683093,0.0,0.0
0.5909926774079808,0.3421536553414626,0.3334394644008003,0.0,0.0
0.5909926774079808,0.404363410858092,0.33437768505349846,0.0,0.0
0.5909926774079808,0.46657316637472146,0.3354729779244559,0.0,0.0
0.5909926774079808,0.5287829218913513,0.3367255878920932,0.0,0.0
0.5909926774079808,0.5909926774079808,0.33813573636647354,0.0,0.0
0.5909926774079808,0.6532024329246102,0.3397035961372788,0.0,0.0
0.5909926774079808,0.7154121884412397,0.34142926197507645,0.0,0.0
0.5909926774079808,0.7776219439578695,0.3433127166047478,0.0,0.0
0.5909926774079808,0.839831699474499,0.3453537916366535,0.0,0.0
0.5909926774079808,0.9020414549911289,0.3475521230143505,0.0,0.0
0.5909926774079808,0.9642512105077579,0.3499071005201995,0.0,0.0
0.5909926774079808,1.0264609660243877,0.35241781087552526,0.0,0.0
0.5909926774079808,1.0886707215410176,0.3550829739845136,0.0,0.0
0.5909926774079808,1.1508804770576466,0.35790087190613284,0.0,0.0
0.5909926774079808,1.2130902325742765,0.36086927020255405,0.0,0.0
0.5909926774079808,1.2752999880909055,0.36398533141345696,0.0,0.0
0.5909926774079808,1.3375097436075354,0.36724552055205456,0.0,0.0
0.5909926774079808,1.3997194991241653,0.37064550272049746,0.0,0.0
0.5909926774079808,1.4619292546407943,0.37418003321016235,0.0,0.0
0.5909926774079808,1.5241390101574241,0.37784284079714386,0.0,0.0
0.5909926774079808,1.586348765674054,0.3816265053755452,0.0,0.0
0.5909926774079808,1.648558521190683,0.3855223315998743,0.0,0.0
0.5909926774079808,1.710768276707313,0.38952022083882637,0.0,0.0
0.5909926774079808,1.7729780322239428,0.39360854447670596,0.0,0.0
0.5909926774079808,1.8351877877405718,0.39777402242873905,0.0,0.0
0.5909926774079808,1.8973975432572017,0.4020016116448974,0.0,0.0
0.5909926774079808,1.9596072987738316,0.40627441033195894,0.0,0.0
0.5909926774079808,2.0218170542904605,0.4105735845763607,0.0,0.0
0.5909926774079808,2.0840268098070904,0.41487832493182625,0.0,0.0
0.5909926774079808,2.1462365653237194,0.41916584125476647,0.0,0.0
0.5909926774079808,2.2084463208403493,0.4234114045147417,0.0,0.0
0.5909926774079808,2.270656076356979,0.4275884443467564,0.0,0.0
0.5909926774079808,2.332865831873608,0.43166871060703305,0.0,0.0
0.5909926774079808,2.395075587390238,0.4356225060076229,0.0,0.0
0.5909926774079808,2.457285342906868,0.4394189949230653,0.0,0.0
0.5909926774079808,2.519495098423497,0.4430265906146563,0.0,0.0
0.5909926774079808,2.581704853940127,0.4464134194061932,0.0,0.0
0.5909926774079808,2.6439146094567567,0.4495478558669129,0.0,0.0
0.5909926774079808,2.7061243649733857,0.4523991180254846,0.0,0.0
0.5909926774079808,2.7683341204900156,0.4549379063879907,0.0,0.0
0.5909926774079808,2.8305438760066455,0.45713706550817185,0.0,0.0
0.5909926774079808,2.8927536315232745,0.45897224258238506,0.0,0.0
0.5909926774079808,2.9549633870399044,0.46042251455868943,0.0,0.0
0.5909926774079808,3.0171731425565333,0.46147095405096217,0.0,0.0
0.5909926774079808,3.0793828980731632,0.46210510529335597,0.0,0.0
0.6532024329246102,-3.141592653589793,0.4663491026378254,0.0,0.0
0.6532024329246102,-3.0793828980731637,0.4661312647217246,0.0,0.0
0.6532024329246102,-3.017173142556534,0.46548041666963913,0.0,0.0
0.6532024329246102,-2.9549633870399044,0.4644044750867122,0.0,0.0
0.6532024329246102,-2.892753631523275,0.46291637076093584,0.0,0.0
0.6532024329246102,-2.8305438760066455,0.4610336694153158,0.0,0.0
0.6532024329246102,-2.7683341204900156,0.4587780713617604,0.0,0.0
0.6532024329246102,-2.706124364973386,0.45617481722718906,0.0,0.0
0.6532024329246102,-2.6439146094567567,0.45325203031224776,0.0,0.0
0.6532024329246102,-2.581704853940127,0.4500400270688644,0.0,0.0
0.6532024329246102,-2.5194950984234974,0.4465706258169766,0.0,0.0
0.6532024329246102,-2.457285342906868,0.44287648055834405,0.0,0.0
0.6532024329246102,-2.395075587390238,0.4389904621230169,0.0,0.0
0.6532024329246102,-2.3328658318736086,0.43494510349083376,0.0,0.0
0.6532024329246102,-2.270656076356979,0.43077212052800123,0.0,0.0
0.6532024329246102,-2.2084463208403498,0.42650201404180466,0.0,0.0
0.6532024329246102,-2.1462365653237203,0.4221637543371599,0.0,0.0
0.6532024329246102,-2.0840268098070904,0.41778454557651734,0.0,0.0
0.6532024329246102,-2.021817054290461,0.41338966429499135,0.0,0.0
0.6532024329246102,-1.9596072987738313,0.40900236439854165,0.0,0.0
0.6532024329246102,-1.897397543257202,0.40464383979301427,0.0,0.0
0.6532024329246102,-1.8351877877405722,0.4003332353280145,0.0,0.0
0.6532024329246102,-1.7729780322239428,0.3960876968429287,0.0,0.0
0.6532024329246102,-1.7107682767073131,0.3919224516222773,0.0,0.0
0.6532024329246102,-1.6485585211906835,0.3878509113654012,0.0,0.0
0.6532024329246102,-1.586348765674054,0.38388479073269005,0.0,0.0
0.6532024329246102,-1.5241390101574244,0.3800342355521687,0.0,0.0
0.6532024329246102,-1.461929254640795,0.3763079557848467,0.0,0.0
0.6532024329246102,-1.3997194991241653,0.37271335930500166,0.0,0.0
0.6532024329246102,-1.3375097436075358,0.36925668342098295,0.0,0.0
0.6532024329246102,-1.2752999880909062,0.36594312182631633,0.0,0.0
0.6532024329246102,-1.2130902325742767,0.362776945324042,0.0,0.0
0.6532024329246102,-1.150880477057647,0.35976161521130684,0.0,0.0
0.6532024329246102,-1.0886707215410176,0.3568998886533953,0.0,0.0
0.6532024329246102,-1.0264609660243877,0.3541939157267582,0.0,0.0
0.6532024329246102,-0.9642512105077583,0.3516453280807396,0.0,0.0
0.6532024329246102,-0.9020414549911289,0.3492553193694336,0.0,0.0
0.6532024329246102,-0.8398316994744994,0.3470247177498032,0.0,0.0
0.6532024329246102,-0.7776219439578695,0.3449540508402649,0.0,0.0
0.6532024329246102,-0.7154121884412401,0.3430436035946469,0.0,0.0
0.6532024329246102,-0.6532024329246107,0.34129346957773743,0.0,0.0
0.6532024329246102,-0.5909926774079808,0.3397035961372788,0.0,0.0
0.6532024329246102,-0.5287829218913513,0.3382738239587949,0.0,0.0
0.6532024329246102,-0.4665731663747219,0.33700392146855596,0.0,0.0
0.6532024329246102,-0.40436341085809246,0.3358936145198683,0.0,0.0
0.6532024329246102,-0.3421536553414626,0.3349426117615021,0.0,0.0
0.6532024329246102,-0.27994389982483314,0.3341506260465674,0.0,0.0
0.6532024329246102,-0.2177341443082037,0.3335173921970709,0.0,0.0
0.6532024329246102,-0.15552438879157382,0.33304268139487375,0.0,0.0
0.6532024329246102,-0.09331463327494438,0.33272631242457834,0.0,0.0
0.6532024329246102,-0.03110487775831494,0.33256815994848815,0.0,0.0
0.6532024329246102,0.031104877758314498,0.33256815994848815,0.0,0.0
0.6532024329246102,0.09331463327494438,0.33272631242457834,0.0,0.0
0.6532024329246102,0.15552438879157382,0.33304268139487375,0.0,0.0
0.6532024329246102,0.21773414430820326,0.3335173921970709,0.0,0.0
0.6532024329246102,0.2799438998248327,0.3341506260465674,0.0,0.0
0.6532024329246102,0.3421536553414626,0.3349426117615021,0.0,0.0
0.6532024329246102,0.404363410858092,0.33589361451986827,0.0,0.0
0.6532024329246102,0.46657316637472146,0.33700392146855596,0.0,0.0
0.6532024329246102,0.5287829218913513,0.3382738239587949,0.0,0.0
0.6532024329246102,0.5909926774079808,0.3397035961372788,0.0,0.0
0.6532024329246102,0.6532024329246102,0.34129346957773743,0.0,0.0
0.6532024329246102,0.7154121884412397,0.3430436035946469,0.0,0.0
0.6532024329246102,0.7776219439578695,0.3449540508402649,0.0,0.0
0.6532024329246102,0.839831699474499,0.3470247177498032,0.0,0.0
0.6532024329246102,0.9020414549911289,0.3492553193694336,0.0,0.0
0.6532024329246102,0.9642512105077579,0.3516453280807396,0.0,0.0
0.6532024329246102,1.0264609660243877,0.3541939157267582,0.0,0.0
0.6532024329246102,1.0886707215410176,0.3568998886533953,0.0,0.0
0.6532024329246102,1.1508804770576466,0.35976161521130684,0.0,0.0
0.6532024329246102,1.2130902325742765,0.362776945324042,0.0,0.0
0.6532024329246102,1.2752999880909055,0.3659431218263163,0.0,0.0
0.6532024329246102,1.3375097436075354,0.36925668342098295,0.0,0.0
0.6532024329246102,1.3997194991241653,0.37271335930500166,0.0,0.0
0.6532024329246102,1.4619292546407943,0.3763079557848466,0.0,0.0
0.6532024329246102,1.5241390101574241,0.3800342355521687,0.0,0.0
0.6532024329246102,1.586348765674054,0.38388479073269005,0.0,0.0
0.6532024329246102,1.648558521190683,0.38785091136540106,0.0,0.0
0.6532024329246102,1.710768276707313,0.3919224516222773,0.0,0.0
0.6532024329246102,1.7729780322239428,0.3960876968429287,0.0,0.0
0.6532024329246102,1.8351877877405718,0.4003332353280145,0.0,0.0
0.6532024329246102,1.8973975432572017,0.4046438397930142,0.0,0.0
0.6532024329246102,1.9596072987738316,0.40900236439854165,0.0,0.0
0.6532024329246102,2.0218170542904605,0.41338966429499124,0.0,0.0
0.6532024329246102,2.0840268098070904,0.41778454557651734,0.0,0.0
0.6532024329246102,2.1462365653237194,0.42216375433715975,0.0,0.0
0.6532024329246102,2.2084463208403493,0.42650201404180466,0.0,0.0
0.6532024329246102,2.270656076356979,0.43077212052800123,0.0,0.0
0.6532024329246102,2.332865831873608,0.43494510349083376,0.0,0.0
0.6532024329246102,2.395075587390238,0.4389904621230169,0.0,0.0
0.6532024329246102,2.457285342906868,0.44287648055834405,0.0,0.0
0.6532024329246102,2.519495098423497,0.4465706258169766,0.0,0.0
0.6532024329246102,2.581704853940127,0.4500400270688644,0.0,0.0
0.6532024329246102,2.6439146094567567,0.45325203031224776,0.0,0.0
0.6532024329246102,2.7061243649733857,0.45617481722718906,0.0,0.0
0.6532024329246102,2.7683341204900156,0.4587780713617604,0.0,0.0
0.6532024329246102,2.8305438760066455,0.4610336694153158,0.0,0.0
0.6532024329246102,2.8927536315232745,0.4629163707609357,0.0,0.0
0.6532024329246102,2.9549633870399044,0.4644044750867122,0.0,0.0
0.6532024329246102,3.0171731425565333,0.46548041666963913,0.0,0.0
0.6532024329246102,3.0793828980731632,0.4661312647217246,0.0,0.0
0.7154121884412397,-3.141592653589793,0.47084414988441003,0.0,0.0
0.7154121884412397,-3.0793828980731637,0.47061995500946924,0.0,0.0
0.7154121884412397,-3.017173142556534,0.46995015009497415,0.0,0.0
0.7154121884412397,-2.9549633870399044,0.4688429890585024,0.0,0.0
0.7154121884412397,-2.892753631523275,0.4673119494622873,0.0,0.0
0.7154121884412397,-2.8305438760066455,0.465375331340666,0.0,0.0
0.7154121884412397,-2.7683341204900156,0.4630557284082031,0.0,0.0
0.7154121884412397,-2.706124364973386,0.46037940076195494,0.0,0.0
0.7154121884412397,-2.6439146094567567,0.45737558175467313,0.0,0.0
0.7154121884412397,-2.581704853940127,0.4540757526126205,0.0,0.0
0.7154121884412397,-2.5194950984234974,0.450512916800479,0.0,0.0
0.7154121884412397,-2.457285342906868,0.446720902536766,0.0,0.0
0.7154121884412397,-2.395075587390238,0.4427337168269682,0.0,0.0
0.7154121884412397,-2.3328658318736086,0.43858496855142604,0.0,0.0
0.7154121884412397,-2.270656076356979,0.4343073721289264,0.0,0.0
0.7154121884412397,-2.2084463208403498,0.4299323375835886,0.0,0.0
0.7154121884412397,-2.1462365653237203,0.42548964784441756,0.0,0.0
0.7154121884412397,-2.0840268098070904,0.42100722003042346,0.0,0.0
0.7154121884412397,-2.021817054290461,0.41651094441143677,0.0,0.0
0.7154121884412397,-1.9596072987738313,0.4120245926679802,0.0,0.0
0.7154121884412397,-1.897397543257202,0.4075697859066086,0.0,0.0
0.7154121884412397,-1.8351877877405722,0.4031660124763726,0.0,0.0
0.7154121884412397,-1.7729780322239428,0.3988306858136307,0.0,0.0
0.7154121884412397,-1.7107682767073131,0.3945792331530283,0.0,0.0
0.7154121884412397,-1.6485585211906835,0.3904252068336085,0.0,0.0
0.7154121884412397,-1.586348765674054,0.3863804109751036,0.0,0.0
0.7154121884412397,-1.5241390101574244,0.38245503740098996,0.0,0.0
0.7154121884412397,-1.461929254640795,0.37865780576807223,0.0,0.0
0.7154121884412397,-1.3997194991241653,0.3749961038765995,0.0,0.0
0.7154121884412397,-1.3375097436075358,0.3714761250490077,0.0,0.0
0.7154121884412397,-1.2752999880909062,0.3681030002635133,0.0,0.0
0.7154121884412397,-1.2130902325742767,0.36488092340650996,0.0,0.0
0.7154121884412397,-1.150880477057647,0.3618132685686058,0.0,0.0
0.7154121884412397,-1.0886707215410176,0.3589026987618229,0.0,0.0
0.7154121884412397,-1.0264609660243877,0.35615126579150325,0.0,0.0
0.7154121884412397,-0.9642512105077583,0.35356050128859684,0.0,0.0
0.7154121884412397,-0.9020414549911289,0.351131499109106,0.0,0.0
0.7154121884412397,-0.8398316994744994,0.34886498944970984,0.0,0.0
0.7154121884412397,-0.7776219439578695,0.3467614051230721,0.0,0.0
0.7154121884412397,-0.7154121884412401,0.34482094049278345,0.0,0.0
0.7154121884412397,-0.6532024329246107,0.3430436035946469,0.0,0.0
0.7154121884412397,-0.5909926774079808,0.34142926197507645,0.0,0.0
0.7154121884412397,-0.5287829218913513,0.3399776827644691,0.0,0.0
0.7154121884412397,-0.4665731663747219,0.3386885674781432,0.0,0.0
0.7154121884412397,-0.40436341085809246,0.33756158200344777,0.0,0.0
0.7154121884412397,-0.3421536553414626,0.3365963821917509,0.0,0.0
0.7154121884412397,-0.27994389982483314,0.33579263543032345,0.0,0.0
0.7154121884412397,-0.2177341443082037,0.3351500385232071,0.0,0.0
0.7154121884412397,-0.15552438879157382,0.33466833216308506,0.0,0.0
0.7154121884412397,-0.09331463327494438,0.3343473122286852,0.0,0.0
0.7154121884412397,-0.03110487775831494,0.3341868380947984,0.0,0.0
0.7154121884412397,0.031104877758314498,0.3341868380947984,0.0,0.0
0.7154121884412397,0.09331463327494438,0.3343473122286852,0.0,0.0
0.7154121884412397,0.15552438879157382,0.33466833216308506,0.0,0.0
0.7154121884412397,0.21773414430820326,0.3351500385232071,0.0,0.0
0.7154121884412397,0.2799438998248327,0.33579263543032345,0.0,0.0
0.7154121884412397,0.3421536553414626,0.3365963821917509,0.0,0.0
0.7154121884412397,0.404363410858092,0.33756158200344777,0.0,0.0
0.7154121884412397,0.46657316637472146,0.3386885674781432,0.0,0.0
0.7154121884412397,0.5287829218913513,0.3399776827644691,0.0,0.0
0.7154121884412397,0.5909926774079808,0.34142926197507645,0.0,0.0
0.7154121884412397,0.6532024329246102,0.3430436035946469,0.0,0.0
0.7154121884412397,0.7154121884412397,0.34482094049278345,0.0,0.0
0.7154121884412397,0.7776219439578695,0.3467614051230721,0.0,0.0
0.7154121884412397,0.839831699474499,0.3488649894497098,0.0,0.0
0.7154121884412397,0.9020414549911289,0.351131499109106,0.0,0.0
0.7154121884412397,0.9642512105077579,0.3535605012885968,0.0,0.0
0.7154121884412397,1.0264609660243877,0.35615126579150325,0.0,0.0
0.7154121884412397,1.0886707215410176,0.3589026987618229,0.0,0.0
0.7154121884412397,1.1508804770576466,0.36181326856860585,0.0,0.0
0.7154121884412397,1.2130902325742765,0.36488092340650996,0.0,0.0
0.7154121884412397,1.2752999880909055,0.3681030002635132,0.0,0.0
0.7154121884412397,1.3375097436075354,0.3714761250490076,0.0,0.0
0.7154121884412397,1.3997194991241653,0.3749961038765995,0.0,0.0
0.7154121884412397,1.4619292546407943,0.37865780576807223,0.0,0.0
0.7154121884412397,1.5241390101574241,0.3824550374009899,0.0,0.0
0.7154121884412397,1.586348765674054,0.3863804109751036,0.0,0.0
0.7154121884412397,1.648558521190683,0.3904252068336085,0.0,0.0
0.7154121884412397,1.710768276707313,0.3945792331530283,0.0,0.0
0.7154121884412397,1.7729780322239428,0.3988306858136307,0.0,0.0
0.7154121884412397,1.8351877877405718,0.40316601247637257,0.0,0.0
0.7154121884412397,1.8973975432572017,0.4075697859066085,0.0,0.0
0.7154121884412397,1.9596072987738316,0.4120245926679802,0.0,0.0
0.7154121884412397,2.0218170542904605,0.41651094441143677,0.0,0.0
0.7154121884412397,2.0840268098070904,0.42100722003042346,0.0,0.0
0.7154121884412397,2.1462365653237194,0.4254896478444175,0.0,0.0
0.7154121884412397,2.2084463208403493,0.4299323375835886,0.0,0.0
0.7154121884412397,2.270656076356979,0.4343073721289264,0.0,0.0
0.7154121884412397,2.332865831873608,0.43858496855142604,0.0,0.0
0.7154121884412397,2.395075587390238,0.4427337168269682,0.0,0.0
0.7154121884412397,2.457285342906868,0.446720902536766,0.0,0.0
0.7154121884412397,2.519495098423497,0.450512916800479,0.0,0.0
0.7154121884412397,2.581704853940127,0.4540757526126205,0.0,0.0
0.7154121884412397,2.6439146094567567,0.45737558175467313,0.0,0.0
0.7154121884412397,2.7061243649733857,0.46037940076195494,0.0,0.0
0.7154121884412397,2.7683341204900156,0.4630557284082031,0.0,0.0
0.7154121884412397,2.8305438760066455,0.465375331340666,0.0,0.0
0.7154121884412397,2.8927536315232745,0.4673119494622873,0.0,0.0
0.7154121884412397,2.9549633870399044,0.4688429890585024,0.0,0.0
0.7154121884412397,3.0171731425565333,0.46995015009497415,0.0,0.0
0.7154121884412397,3.0793828980731632,0.47061995500946924,0.0,0.0
0.7776219439578695,-3.141592653589793,0.47582090074551464,0.0,0.0
0.7776219439578695,-3.0793828980731637,0.47558952485799444,0.0,0.0
0.7776219439578695,-3.017173142556534,0.47489830774339986,0.0,0.0
0.7776219439578695,-2.9549633870399044,0.47375589031580223,0.0,0.0
0.7776219439578695,-2.892753631523275,0.47217637716202376,0.0,0.0
0.7776219439578695,-2.8305438760066455,0.47017890983000415,0.0,0.0
0.7776219439578695,-2.7683341204900156,0.4677871049429573,0.0,0.0
0.7776219439578695,-2.706124364973386,0.4650283885460509,0.0,0.0
0.7776219439578695,-2.6439146094567567,0.4619332618533683,0.0,0.0
0.7776219439578695,-2.581704853940127,0.4585345344162931,0.0,0.0
0.7776219439578695,-2.5194950984234974,0.4548665589111886,0.0,0.0
0.7776219439578695,-2.457285342906868,0.45096449773934916,0.0,0.0
0.7776219439578695,-2.395075587390238,0.4468636461019472,0.0,0.0
0.7776219439578695,-2.3328658318736086,0.4425988298649435,0.0,0.0
0.7776219439578695,-2.270656076356979,0.43820389002671944,0.0,0.0
0.7776219439578695,-2.2084463208403498,0.43371125949283584,0.0,0.0
0.7776219439578695,-2.1462365653237203,0.4291516325431318,0.0,0.0
0.7776219439578695,-2.0840268098070904,0.4245537230800661,0.0,0.0
0.7776219439578695,-2.021817054290461,0.41994410456046494,0.0,0.0
0.7776219439578695,-1.9596072987738313,0.4153471224044021,0.0,0.0
0.7776219439578695,-1.897397543257202,0.4107848685306094,0.0,0.0
0.7776219439578695,-1.8351877877405722,0.40627720732504585,0.0,0.0
0.7776219439578695,-1.7729780322239428,0.40184184262654843,0.0,0.0
0.7776219439578695,-1.7107682767073131,0.3974944160327743,0.0,0.0
0.7776219439578695,-1.6485585211906835,0.39324862783104386,0.0,0.0
0.7776219439578695,-1.586348765674054,0.3891163730086453,0.0,0.0
0.7776219439578695,-1.5241390101574244,0.3851078859911998,0.0,0.0
0.7776219439578695,-1.461929254640795,0.3812318889195467,0.0,0.0
0.7776219439578695,-1.3997194991241653,0.37749573935401437,0.0,0.0
0.7776219439578695,-1.3375097436075358,0.3739055742593206,0.0,0.0
0.7776219439578695,-1.2752999880909062,0.37046644795921463,0.0,0.0
0.7776219439578695,-1.2130902325742767,0.36718246245468167,0.0,0.0
0.7776219439578695,-1.150880477057647,0.36405688907848094,0.0,0.0
0.7776219439578695,-1.0886707215410176,0.3610922809224537,0.0,0.0
0.7776219439578695,-1.0264609660243877,0.3582905758355758,0.0,0.0
0.7776219439578695,-0.9642512105077583,0.35565319006434387,0.0,0.0
0.7776219439578695,-0.9020414549911289,0.3531811028067794,0.0,0.0
0.7776219439578695,-0.8398316994744994,0.35087493209026344,0.0,0.0
0.7776219439578695,-0.7776219439578695,0.34873500247336153,0.0,0.0
0.7776219439578695,-0.7154121884412401,0.34676140512307213,0.0,0.0
0.7776219439578695,-0.6532024329246107,0.344954050840265,0.0,0.0
0.7776219439578695,-0.5909926774079808,0.3433127166047478,0.0,0.0
0.7776219439578695,-0.5287829218913513,0.341837086193321,0.0,0.0
0.7776219439578695,-0.4665731663747219,0.3405267853940773,0.0,0.0
0.7776219439578695,-0.40436341085809246,0.33938141230178276,0.0,0.0
0.7776219439578695,-0.3421536553414626,0.3384005631352531,0.0,0.0
0.7776219439578695,-0.27994389982483314,0.3375838539703464,0.0,0.0
0.7776219439578695,-0.2177341443082037,0.3369309387330436,0.0,0.0
0.7776219439578695,-0.15552438879157382,0.33644152374714903,0.0,0.0
0.7776219439578695,-0.09331463327494438,0.3361153790810992,0.0,0.0
0.7776219439578695,-0.03110487775831494,0.3359523468886099,0.0,0.0
0.7776219439578695,0.031104877758314498,0.3359523468886099,0.0,0.0
0.7776219439578695,0.09331463327494438,0.3361153790810992,0.0,0.0
0.7776219439578695,0.15552438879157382,0.33644152374714903,0.0,0.0
0.7776219439578695,0.21773414430820326,0.3369309387330436,0.0,0.0
0.7776219439578695,0.2799438998248327,0.3375838539703464,0.0,0.0
0.7776219439578695,0.3421536553414626,0.3384005631352531,0.0,0.0
0.7776219439578695,0.404363410858092,0.3393814123017827,0.0,0.0
0.7776219439578695,0.46657316637472146,0.3405267853940773,0.0,0.0
0.7776219439578695,0.5287829218913513,0.341837086193321,0.0,0.0
0.7776219439578695,0.5909926774079808,0.3433127166047478,0.0,0.0
0.7776219439578695,0.6532024329246102,0.3449540508402649,0.0,0.0
0.7776219439578695,0.7154121884412397,0.3467614051230721,0.0,0.0
0.7776219439578695,0.7776219439578695,0.34873500247336153,0.0,0.0
0.7776219439578695,0.839831699474499,0.35087493209026344,0.0,0.0
0.7776219439578695,0.9020414549911289,0.3531811028067794,0.0,0.0
0.7776219439578695,0.9642512105077579,0.3556531900643438,0.0,0.0
0.7776219439578695,1.0264609660243877,0.3582905758355758,0.0,0.0
0.7776219439578695,1.0886707215410176,0.3610922809224537,0.0,0.0
0.7776219439578695,1.1508804770576466,0.364056889078481,0.0,0.0
0.7776219439578695,1.2130902325742765,0.3671824624546816,0.0,0.0
0.7776219439578695,1.2752999880909055,0.37046644795921463,0.0,0.0
0.7776219439578695,1.3375097436075354,0.37390557425932053,0.0,0.0
0.7776219439578695,1.3997194991241653,0.37749573935401437,0.0,0.0
0.7776219439578695,1.4619292546407943,0.3812318889195467,0.0,0.0
0.7776219439578695,1.5241390101574241,0.3851078859911998,0.0,0.0
0.7776219439578695,1.586348765674054,0.3891163730086453,0.0,0.0
0.7776219439578695,1.648558521190683,0.39324862783104386,0.0,0.0
0.7776219439578695,1.710768276707313,0.3974944160327743,0.0,0.0
0.7776219439578695,1.7729780322239428,0.40184184262654843,0.0,0.0
0.7776219439578695,1.8351877877405718,0.40627720732504585,0.0,0.0
0.7776219439578695,1.8973975432572017,0.4107848685306094,0.0,0.0
0.7776219439578695,1.9596072987738316,0.4153471224044021,0.0,0.0
0.7776219439578695,2.0218170542904605,0.41994410456046494,0.0,0.0
0.7776219439578695,2.0840268098070904,0.4245537230800661,0.0,0.0
0.7776219439578695,2.1462365653237194,0.4291516325431318,0.0,0.0
0.7776219439578695,2.2084463208403493,0.43371125949283584,0.0,0.0
0.7776219439578695,2.270656076356979,0.43820389002671944,0.0,0.0
0.7776219439578695,2.332865831873608,0.4425988298649435,0.0,0.0
0.7776219439578695,2.395075587390238,0.4468636461019472,0.0,0.0
0.7776219439578695,2.457285342906868,0.45096449773934916,0.0,0.0
0.7776219439578695,2.519495098423497,0.45486655891118855,0.0,0.0
0.7776219439578695,2.581704853940127,0.4585345344162931,0.0,0.0
0.7776219439578695,2.6439146094567567,0.4619332618533683,0.0,0.0
0.7776219439578695,2.7061243649733857,0.4650283885460508,0.0,0.0
0.7776219439578695,2.7683341204900156,0.4677871049429573,0.0,0.0
0.7776219439578695,2.8305438760066455,0.47017890983000415,0.0,0.0
0.7776219439578695,2.8927536315232745,0.47217637716202376,0.0,0.0
0.7776219439578695,2.9549633870399044,0.47375589031580223,0.0,0.0
0.7776219439578695,3.0171731425565333,0.47489830774339986,0.0,0.0
0.7776219439578695,3.0793828980731632,0.47558952485799444,0.0,0.0
0.839831699474499,-3.141592653589793,0.48130003183064574,0.0,0.0
0.839831699474499,-3.0793828980731637,0.4810605746370389,0.0,0.0
0.839831699474499,-3.017173142556534,0.4803452634106081,0.0,0.0
0.839831699474499,-2.9549633870399044,0.4791631820555008,0.0,0.0
0.839831699474499,-2.892753631523275,0.4775291525409969,0.0,0.0
0.839831699474499,-2.8305438760066455,0.47546327846576786,0.0,0.0
0.839831699474499,-2.7683341204900156,0.4729903447083739,0.0,0.0
0.839831699474499,-2.706124364973386,0.47013910727844943,0.0,0.0
0.839831699474499,-2.6439146094567567,0.4669415114681823,0.0,0.0
0.839831699474499,-2.581704853940127,0.4634318771936245,0.0,0.0
0.839831699474499,-2.5194950984234974,0.45964608828173686,0.0,0.0
0.839831699474499,-2.457285342906868,0.45562081796415027,0.0,0.0
0.839831699474499,-2.395075587390238,0.4513928167180327,0.0,0.0
0.839831699474499,-2.3328658318736086,0.4469982816336207,0.0,0.0
0.839831699474499,-2.270656076356979,0.44247231941496945,0.0,0.0
0.839831699474499,-2.2084463208403498,0.4378485085298491,0.0,0.0
0.839831699474499,-2.1462365653237203,0.4331585603373418,0.0,0.0
0.839831699474499,-2.0840268098070904,0.4284320744781698,0.0,0.0
0.839831699474499,-2.021817054290461,0.4236963804920586,0.0,0.0
0.839831699474499,-1.9596072987738313,0.4189764554799125,0.0,0.0
0.839831699474499,-1.897397543257202,0.41429490652003725,0.0,0.0
0.839831699474499,-1.8351877877405722,0.4096720062917094,0.0,0.0
0.839831699474499,-1.7729780322239428,0.40512577075377476,0.0,0.0
0.839831699474499,-1.7107682767073131,0.40067206857532034,0.0,0.0
0.839831699474499,-1.6485585211906835,0.3963247531469237,0.0,0.0
0.839831699474499,-1.586348765674054,0.3920958092719992,0.0,0.0
0.839831699474499,-1.5241390101574244,0.38799550793852305,0.0,0.0
0.839831699474499,-1.461929254640795,0.38403256382313,0.0,0.0
0.839831699474499,-1.3997194991241653,0.38021429133052737,0.0,0.0
0.839831699474499,-1.3375097436075358,0.37654675599175264,0.0,0.0
0.839831699474499,-1.2752999880909062,0.3730349189223263,0.0,0.0
0.839831699474499,-1.2130902325742767,0.3696827727753315,0.0,0.0
0.839831699474499,-1.150880477057647,0.3664934682225654,0.0,0.0
0.839831699474499,-1.0886707215410176,0.363469430471755,0.0,0.0
0.839831699474499,-1.0264609660243877,0.360612465694494,0.0,0.0
0.839831699474499,-0.9642512105077583,0.3579238575138539,0.0,0.0
0.839831699474499,-0.9020414549911289,0.35540445389791586,0.0,0.0
0.839831699474499,-0.8398316994744994,0.35305474493995115,0.0,0.0
0.839831699474499,-0.7776219439578695,0.35087493209026344,0.0,0.0
0.839831699474499,-0.7154121884412401,0.34886498944970984,0.0,0.0
0.839831699474499,-0.6532024329246107,0.3470247177498032,0.0,0.0
0.839831699474499,-0.5909926774079808,0.3453537916366535,0.0,0.0
0.839831699474499,-0.5287829218913513,0.34385180085192923,0.0,0.0
0.839831699474499,-0.4665731663747219,0.3425182858683623,0.0,0.0
0.839831699474499,-0.40436341085809246,0.34135276849382545,0.0,0.0
0.839831699474499,-0.3421536553414626,0.34035477790953916,0.0,0.0
0.839831699474499,-0.27994389982483314,0.3395238725565972,0.0,0.0
0.839831699474499,-0.2177341443082037,0.3388596582322466,0.0,0.0
0.839831699474499,-0.15552438879157382,0.3383618027042181,0.0,0.0
0.839831699474499,-0.09331463327494438,0.3380300470985181,0.0,0.0
0.839831699474499,-0.03110487775831494,0.33786421426379365,0.0,0.0
0.839831699474499,0.031104877758314498,0.33786421426379365,0.0,0.0
0.839831699474499,0.09331463327494438,0.3380300470985181,0.0,0.0
0.839831699474499,0.15552438879157382,0.3383618027042181,0.0,0.0
0.839831699474499,0.21773414430820326,0.3388596582322466,0.0,0.0
0.839831699474499,0.2799438998248327,0.3395238725565972,0.0,0.0
0.839831699474499,0.3421536553414626,0.34035477790953916,0.0,0.0
0.839831699474499,0.404363410858092,0.3413527684938254,0.0,0.0
0.839831699474499,0.46657316637472146,0.3425182858683623,0.0,0.0
0.839831699474499,0.5287829218913513,0.34385180085192923,0.0,0.0
0.839831699474499,0.5909926774079808,0.3453537916366535,0.0,0.0
0.839831699474499,0.6532024329246102,0.3470247177498032,0.0,0.0
0.839831699474499,0.7154121884412397,0.3488649894497098,0.0,0.0
0.839831699474499,0.7776219439578695,0.35087493209026344,0.0,0.0
0.839831699474499,0.839831699474499,0.3530547449399511,0.0,0.0
0.839831699474499,0.9020414549911289,0.35540445389791586,0.0,0.0
0.839831699474499,0.9642512105077579,0.35792385751385386,0.0,0.0
0.839831699474499,1.0264609660243877,0.360612465694494,0.0,0.0
0.839831699474499,1.0886707215410176,0.363469430471755,0.0,0.0
0.839831699474499,1.1508804770576466,0.3664934682225654,0.0,0.0
0.839831699474499,1.2130902325742765,0.36968277277533146,0.0,0.0
0.839831699474499,1.2752999880909055,0.37303491892232626,0.0,0.0
0.839831699474499,1.3375097436075354,0.3765467559917526,0.0,0.0
0.839831699474499,1.3997194991241653,0.38021429133052737,0.0,0.0
0.839831699474499,1.4619292546407943,0.38403256382313,0.0,0.0
0.839831699474499,1.5241390101574241,0.38799550793852305,0.0,0.0
0.839831699474499,1.586348765674054,0.3920958092719992,0.0,0.0
0.839831699474499,1.648558521190683,0.3963247531469237,0.0,0.0
0.839831699474499,1.710768276707313,0.4006720685753203,0.0,0.0
0.839831699474499,1.7729780322239428,0.40512577075377476,0.0,0.0
0.839831699474499,1.8351877877405718,0.4096720062917094,0.0,0.0
0.839831699474499,1.8973975432572017,0.41429490652003725,0.0,0.0
0.839831699474499,1.9596072987738316,0.4189764554799126,0.0,0.0
0.839831699474499,2.0218170542904605,0.4236963804920586,0.0,0.0
0.839831699474499,2.0840268098070904,0.4284320744781698,0.0,0.0
0.839831699474499,2.1462365653237194,0.4331585603373418,0.0,0.0
0.839831699474499,2.2084463208403493,0.43784850852984897,0.0,0.0
0.839831699474499,2.270656076356979,0.44247231941496945,0.0,0.0
0.839831699474499,2.332865831873608,0.4469982816336207,0.0,0.0
0.839831699474499,2.395075587390238,0.4513928167180327,0.0,0.0
0.839831699474499,2.457285342906868,0.45562081796415027,0.0,0.0
0.839831699474499,2.519495098423497,0.45964608828173686,0.0,0.0
0.839831699474499,2.581704853940127,0.4634318771936245,0.0,0.0
0.839831699474499,2.6439146094567567,0.4669415114681823,0.0,0.0
0.839831699474499,2.7061243649733857,0.47013910727844943,0.0,0.0
0.839831699474499,2.7683341204900156,0.4729903447083739,0.0,0.0
0.839831699474499,2.8305438760066455,0.47546327846576786,0.0,0.0
0.839831699474499,2.8927536315232745,0.4775291525409969,0.0,0.0
0.839831699474499,2.9549633870399044,0.4791631820555008,0.0,0.0
0.839831699474499,3.0171731425565333,0.4803452634106081,0.0,0.0
0.839831699474499,3.0793828980731632,0.4810605746370389,0.0,0.0
0.9020414549911289,-3.141592653589793,0.48730465015261043,0.0,0.0
0.9020414549911289,-3.0793828980731637,0.4870561230548586,0.0,0.0
0.9020414549911289,-3.017173142556534,0.4863137734466709,0.0,0.0
0.9020414549911289,-2.9549633870399044,0.4850871917279192,0.0,0.0
0.9020414549911289,-2.892753631523275,0.48339201962949263,0.0,0.0
0.9020414549911289,-2.8305438760066455,0.4812494591725505,0.0,0.0
0.9020414549911289,-2.7683341204900156,0.4786856276082048,0.0,0.0
0.9020414549911289,-2.706124364973386,0.47573079565393694,0.0,0.0
0.9020414549911289,-2.6439146094567567,0.47241855058113574,0.0,0.0
0.9020414549911289,-2.581704853940127,0.46878492640722674,0.0,0.0
0.9020414549911289,-2.5194950984234974,0.464867540928787,0.0,0.0
0.9020414549911289,-2.457285342906868,0.4607047742438068,0.0,0.0
0.9020414549911289,-2.395075587390238,0.45633501658390513,0.0,0.0
0.9020414549911289,-2.3328658318736086,0.45179600558944794,0.0,0.0
0.9020414549911289,-2.270656076356979,0.4471242654172436,0.0,0.0
0.9020414549911289,-2.2084463208403498,0.44235465291994847,0.0,0.0
0.9020414549911289,-2.1462365653237203,0.4375200100278505,0.0,0.0
0.9020414549911289,-2.0840268098070904,0.43265091664391736,0.0,0.0
0.9020414549911289,-2.021817054290461,0.42777553489968995,0.0,0.0
0.9020414549911289,-1.9596072987738313,0.42291953344212474,0.0,0.0
0.9020414549911289,-1.897397543257202,0.4181060793665365,0.0,0.0
0.9020414549911289,-1.8351877877405722,0.41335588526555167,0.0,0.0
0.9020414549911289,-1.7729780322239428,0.40868729940154275,0.0,0.0
0.9020414549911289,-1.7107682767073131,0.40411642801502595,0.0,0.0
0.9020414549911289,-1.6485585211906835,0.39965728006619516,0.0,0.0
0.9020414549911289,-1.586348765674054,0.39532192611866224,0.0,0.0
0.9020414549911289,-1.5241390101574244,0.3911206644980176,0.0,0.0
0.9020414549911289,-1.461929254640795,0.3870621892117755,0.0,0.0
0.9020414549911289,-1.3997194991241653,0.38315375534983076,0.0,0.0
0.9020414549911289,-1.3375097436075358,0.3794013387675695,0.0,0.0
0.9020414549911289,-1.2752999880909062,0.37580978777687957,0.0,0.0
0.9020414549911289,-1.2130902325742767,0.37238296533570486,0.0,0.0
0.9020414549911289,-1.150880477057647,0.3691238808448742,0.0,0.0
0.9020414549911289,-1.0886707215410176,0.3660348111468476,0.0,0.0
0.9020414549911289,-1.0264609660243877,0.36311741069206194,0.0,0.0
0.9020414549911289,-0.9642512105077583,0.36037281111242,0.0,0.0
0.9020414549911289,-0.9020414549911289,0.3578017106350261,0.0,0.0
0.9020414549911289,-0.8398316994744994,0.355404453897916,0.0,0.0
0.9020414549911289,-0.7776219439578695,0.3531811028067794,0.0,0.0
0.9020414549911289,-0.7154121884412401,0.351131499109106,0.0,0.0
0.9020414549911289,-0.6532024329246107,0.3492553193694336,0.0,0.0
0.9020414549911289,-0.5909926774079808,0.3475521230143505,0.0,0.0
0.9020414549911289,-0.5287829218913513,0.3460213940848934,0.0,0.0
0.9020414549911289,-0.4665731663747219,0.3446625772919489,0.0,0.0
0.9020414549911289,-0.40436341085809246,0.3434751089210177,0.0,0.0
0.9020414549911289,-0.3421536553414626,0.3424584430790697,0.0,0.0
0.9020414549911289,-0.27994389982483314,0.34161207372029373,0.0,0.0
0.9020414549911289,-0.2177341443082037,0.34093555283076127,0.0,0.0
0.9020414549911289,-0.15552438879157382,0.34042850509533884,0.0,0.0
0.9020414549911289,-0.09331463327494438,0.3400906393141617,0.0,0.0
0.9020414549911289,-0.03110487775831494,0.3399217567808939,0.0,0.0
0.9020414549911289,0.031104877758314498,0.3399217567808939,0.0,0.0
0.9020414549911289,0.09331463327494438,0.3400906393141617,0.0,0.0
0.9020414549911289,0.15552438879157382,0.34042850509533884,0.0,0.0
0.9020414549911289,0.21773414430820326,0.34093555283076127,0.0,0.0
0.9020414549911289,0.2799438998248327,0.3416120737202937,0.0,0.0
0.9020414549911289,0.3421536553414626,0.3424584430790697,0.0,0.0
0.9020414549911289,0.404363410858092,0.3434751089210177,0.0,0.0
0.9020414549911289,0.46657316637472146,0.3446625772919489,0.0,0.0
0.9020414549911289,0.5287829218913513,0.3460213940848934,0.0,0.0
0.9020414549911289,0.5909926774079808,0.3475521230143505,0.0,0.0
0.9020414549911289,0.6532024329246102,0.3492553193694336,0.0,0.0
0.9020414549911289,0.7154121884412397,0.351131499109106,0.0,0.0
0.9020414549911289,0.7776219439578695,0.3531811028067794,0.0,0.0
0.9020414549911289,0.839831699474499,0.35540445389791586,0.0,0.0
0.9020414549911289,0.9020414549911289,0.3578017106350261,0.0,0.0
0.9020414549911289,0.9642512105077579,0.3603728111124199,0.0,0.0
0.9020414549911289,1.0264609660243877,0.36311741069206194,0.0,0.0
0.9020414549911289,1.0886707215410176,0.3660348111468476,0.0,0.0
0.9020414549911289,1.1508804770576466,0.3691238808448742,0.0,0.0
0.9020414549911289,1.2130902325742765,0.37238296533570486,0.0,0.0
0.9020414549911289,1.2752999880909055,0.3758097877768795,0.0,0.0
0.9020414549911289,1.3375097436075354,0.37940133876756943,0.0,0.0
0.9020414549911289,1.3997194991241653,0.38315375534983076,0.0,0.0
0.9020414549911289,1.4619292546407943,0.38706218921177543,0.0,0.0
0.9020414549911289,1.5241390101574241,0.3911206644980176,0.0,0.0
0.9020414549911289,1.586348765674054,0.39532192611866224,0.0,0.0
0.9020414549911289,1.648558521190683,0.39965728006619516,0.0,0.0
0.9020414549911289,1.710768276707313,0.40411642801502595,0.0,0.0
0.9020414549911289,1.7729780322239428,0.40868729940154275,0.0,0.0
0.9020414549911289,1.8351877877405718,0.4133558852655516,0.0,0.0
0.9020414549911289,1.8973975432572017,0.41810607936653643,0.0,0.0
0.9020414549911289,1.9596072987738316,0.42291953344212485,0.0,0.0
0.9020414549911289,2.0218170542904605,0.42777553489968995,0.0,0.0
0.9020414549911289,2.0840268098070904,0.43265091664391736,0.0,0.0
0.9020414549911289,2.1462365653237194,0.43752001002785046,0.0,0.0
0.9020414549911289,2.2084463208403493,0.44235465291994847,0.0,0.0
0.9020414549911289,2.270656076356979,0.4471242654172436,0.0,0.0
0.9020414549911289,2.332865831873608,0.45179600558944794,0.0,0.0
0.9020414549911289,2.395075587390238,0.45633501658390513,0.0,0.0
0.9020414549911289,2.457285342906868,0.4607047742438068,0.0,0.0
0.9020414549911289,2.519495098423497,0.464867540928787,0.0,0.0
0.9020414549911289,2.581704853940127,0.46878492640722674,0.0,0.0
0.9020414549911289,2.6439146094567567,0.47241855058113574,0.0,0.0
0.9020414549911289,2.7061243649733857,0.47573079565393694,0.0,0.0
0.9020414549911289,2.7683341204900156,0.4786856276082048,0.0,0.0
0.9020414549911289,2.8305438760066455,0.4812494591725505,0.0,0.0
0.9020414549911289,2.8927536315232745,0.48339201962949263,0.0,0.0
0.9020414549911289,2.9549633870399044,0.4850871917279192,0.0,0.0
0.9020414549911289,3.0171731425565333,0.4863137734466709,0.0,0.0
0.9020414549911289,3.0793828980731632,0.4870561230548586,0.0,0.0
0.9642512105077579,-3.141592653589793,0.4938604809840522,0.0,0.0
0.9642512105077579,-3.0793828980731637,0.49360179320725284,0.0,0.0
0.9642512105077579,-3.017173142556534,0.4928291574642109,0.0,0.0
0.9642512105077579,-2.9549633870399044,0.4915527431090213,0.0,0.0
0.9642512105077579,-2.892753631523275,0.4897891283237,0.0,0.0
0.9642512105077579,-2.8305438760066455,0.487560768740797,0.0,0.0
0.9642512105077579,-2.7683341204900156,0.4848953003554171,0.0,0.0
0.9642512105077579,-2.706124364973386,0.4818247178384316,0.0,0.0
0.9642512105077579,-2.6439146094567567,0.4783844738846688,0.0,0.0
0.9642512105077579,-2.581704853940127,0.4746125458007086,0.0,0.0
0.9642512105077579,-2.5194950984234974,0.4705485125441018,0.0,0.0
0.9642512105077579,-2.457285342906868,0.46623267961667336,0.0,0.0
0.9642512105077579,-2.395075587390238,0.4617052815387515,0.0,0.0
0.9642512105077579,-2.3328658318736086,0.45700578307952516,0.0,0.0
0.9642512105077579,-2.270656076356979,0.45217229188769437,0.0,0.0
0.9642512105077579,-2.2084463208403498,0.44724108736632706,0.0,0.0
0.9642512105077579,-2.1462365653237203,0.44224626404702283,0.0,0.0
0.9642512105077579,-2.0840268098070904,0.43721948259204935,0.0,0.0
0.9642512105077579,-2.021817054290461,0.432189817941062,0.0,0.0
0.9642512105077579,-1.9596072987738313,0.42718369192256844,0.0,0.0
0.9642512105077579,-1.897397543257202,0.42222487667280234,0.0,0.0
0.9642512105077579,-1.8351877877405722,0.41733455520026236,0.0,0.0
0.9642512105077579,-1.7729780322239428,0.4125314261468797,0.0,0.0
0.9642512105077579,-1.7107682767073131,0.40783184098801906,0.0,0.0
0.9642512105077579,-1.6485585211906835,0.4032499633786505,0.0,0.0
0.9642512105077579,-1.586348765674054,0.39879794192861645,0.0,0.0
0.9642512105077579,-1.5241390101574244,0.39448608925439077,0.0,0.0
0.9642512105077579,-1.461929254640795,0.3903230616246068,0.0,0.0
0.9642512105077579,-1.3997194991241653,0.38631603484056626,0.0,0.0
0.9642512105077579,-1.3375097436075358,0.38247087314486095,0.0,0.0
0.9642512105077579,-1.2752999880909062,0.37879228892377614,0.0,0.0
0.9642512105077579,-1.2130902325742767,0.3752839917678328,0.0,0.0
0.9642512105077579,-1.150880477057647,0.37194882609331303,0.0,0.0
0.9642512105077579,-1.0886707215410176,0.368788897024038,0.0,0.0
0.9642512105077579,-1.0264609660243877,0.3658056846068923,0.0,0.0
0.9642512105077579,-0.9642512105077583,0.3630001467064809,0.0,0.0
0.9642512105077579,-0.9020414549911289,0.3603728111124199,0.0,0.0
0.9642512105077579,-0.8398316994744994,0.3579238575138539,0.0,0.0
0.9642512105077579,-0.7776219439578695,0.3556531900643438,0.0,0.0
0.9642512105077579,-0.7154121884412401,0.35356050128859684,0.0,0.0
0.9642512105077579,-0.6532024329246107,0.3516453280807396,0.0,0.0
0.9642512105077579,-0.5909926774079808,0.3499071005201995,0.0,0.0
0.9642512105077579,-0.5287829218913513,0.3483451841922549,0.0,0.0
0.9642512105077579,-0.4665731663747219,0.346958916651003,0.0,0.0
0.9642512105077579,-0.40436341085809246,0.3457476386067104,0.0,0.0
0.9642512105077579,-0.3421536553414626,0.3447107203600891,0.0,0.0
0.9642512105077579,-0.27994389982483314,0.34384758394501136,0.0,0.0
0.9642512105077579,-0.2177341443082037,0.34315772137992284,0.0,0.0
0.9642512105077579,-0.15552438879157382,0.34264070936761243,0.0,0.0
0.9642512105077579,-0.09331463327494438,0.3422962207235368,0.0,0.0
0.9642512105077579,-0.03110487775831494,0.3421240327547638,0.0,0.0
0.9642512105077579,0.031104877758314498,0.3421240327547638,0.0,0.0
0.9642512105077579,0.09331463327494438,0.3422962207235368,0.0,0.0
0.9642512105077579,0.15552438879157382,0.34264070936761243,0.0,0.0
0.9642512105077579,0.21773414430820326,0.34315772137992284,0.0,0.0
0.9642512105077579,0.2799438998248327,0.34384758394501136,0.0,0.0
0.9642512105077579,0.3421536553414626,0.3447107203600891,0.0,0.0
0.9642512105077579,0.404363410858092,0.3457476386067104,0.0,0.0
0.9642512105077579,0.46657316637472146,0.346958916651003,0.0,0.0
0.9642512105077579,0.5287829218913513,0.3483451841922549,0.0,0.0
0.9642512105077579,0.5909926774079808,0.3499071005201995,0.0,0.0
0.9642512105077579,0.6532024329246102,0.3516453280807396,0.0,0.0
0.9642512105077579,0.7154121884412397,0.3535605012885968,0.0,0.0
0.9642512105077579,0.7776219439578695,0.3556531900643438,0.0,0.0
0.9642512105077579,0.839831699474499,0.35792385751385386,0.0,0.0
0.9642512105077579,0.9020414549911289,0.3603728111124199,0.0,0.0
0.9642512105077579,0.9642512105077579,0.36300014670648084,0.0,0.0
0.9642512105077579,1.0264609660243877,0.3658056846068923,0.0,0.0
0.9642512105077579,1.0886707215410176,0.368788897024038,0.0,0.0
0.9642512105077579,1.1508804770576466,0.37194882609331303,0.0,0.0
0.9642512105077579,1.2130902325742765,0.3752839917678327,0.0,0.0
0.9642512105077579,1.2752999880909055,0.37879228892377614,0.0,0.0
0.9642512105077579,1.3375097436075354,0.3824708731448609,0.0,0.0
0.9642512105077579,1.3997194991241653,0.38631603484056626,0.0,0.0
0.9642512105077579,1.4619292546407943,0.3903230616246067,0.0,0.0
0.9642512105077579,1.5241390101574241,0.3944860892543907,0.0,0.0
0.9642512105077579,1.586348765674054,0.39879794192861645,0.0,0.0
0.9642512105077579,1.648558521190683,0.4032499633786505,0.0,0.0
0.9642512105077579,1.710768276707313,0.40783184098801906,0.0,0.0
0.9642512105077579,1.7729780322239428,0.4125314261468797,0.0,0.0
0.9642512105077579,1.8351877877405718,0.41733455520026236,0.0,0.0
0.9642512105077579,1.8973975432572017,0.42222487667280234,0.0,0.0
0.9642512105077579,1.9596072987738316,0.4271836919225685,0.0,0.0
0.9642512105077579,2.0218170542904605,0.432189817941062,0.0,0.0
0.9642512105077579,2.0840268098070904,0.43721948259204935,0.0,0.0
0.9642512105077579,2.1462365653237194,0.4422462640470227,0.0,0.0
0.9642512105077579,2.2084463208403493,0.44724108736632706,0.0,0.0
0.9642512105077579,2.270656076356979,0.45217229188769437,0.0,0.0
0.9642512105077579,2.332865831873608,0.45700578307952516,0.0,0.0
0.9642512105077579,2.395075587390238,0.4617052815387515,0.0,0.0
0.9642512105077579,2.457285342906868,0.46623267961667336,0.0,0.0
0.9642512105077579,2.519495098423497,0.47054851254410174,0.0,0.0
0.9642512105077579,2.581704853940127,0.4746125458007086,0.0,0.0
0.9642512105077579,2.6439146094567567,0.4783844738846688,0.0,0.0
0.9642512105077579,2.7061243649733857,0.4818247178384316,0.0,0.0
0.9642512105077579,2.7683341204900156,0.4848953003554171,0.0,0.0
0.9642512105077579,2.8305438760066455,0.487560768740797,0.0,0.0
0.9642512105077579,2.8927536315232745,0.4897891283237,0.0,0.0
0.9642512105077579,2.9549633870399044,0.4915527431090213,0.0,0.0
0.9642512105077579,3.0171731425565333,0.4928291574642109,0.0,0.0
0.9642512105077579,3.0793828980731632,0.49360179320725284,0.0,0.0
1.0264609660243877,-3.141592653589793,0.5009960762702603,0.0,0.0
1.0264609660243877,-3.0793828980731637,0.5007260188423615,0.0,0.0
1.0264609660243877,-3.017173142556534,0.4999194982603411,0.0,0.0
1.0264609660243877,-2.9549633870399044,0.4985873459794744,0.0,0.0
1.0264609660243877,-2.892753631523275,0.496747210385403,0.0,0.0
1.0264609660243877,-2.8305438760066455,0.49442297830496673,0.0,0.0
1.0264609660243877,-2.7683341204900156,0.4916440172657595,0.0,0.0
1.0264609660243877,-2.706124364973386,0.4884442841299488,0.0,0.0
1.0264609660243877,-2.6439146094567567,0.4848613505667456,0.0,0.0
1.0264609660243877,-2.581704853940127,0.4809353962194806,0.0,0.0
1.0264609660243877,-2.5194950984234974,0.47670821683737097,0.0,0.0
1.0264609660243877,-2.457285342906868,0.47222228795323695,0.0,0.0
1.0264609660243877,-2.395075587390238,0.4675199159905672,0.0,0.0
1.0264609660243877,-2.3328658318736086,0.46264249910290345,0.0,0.0
1.0264609660243877,-2.270656076356979,0.45762991059037794,0.0,0.0
1.0264609660243877,-2.2084463208403498,0.4525200091842344,0.0,0.0
1.0264609660243877,-2.1462365653237203,0.44734827335484856,0.0,0.0
1.0264609660243877,-2.0840268098070904,0.442147551334571,0.0,0.0
1.0264609660243877,-2.021817054290461,0.436947914783553,0.0,0.0
1.0264609660243877,-1.9596072987738313,0.43177660182987426,0.0,0.0
1.0264609660243877,-1.897397543257202,0.42665803434696276,0.0,0.0
1.0264609660243877,-1.8351877877405722,0.42161389450580355,0.0,0.0
1.0264609660243877,-1.7729780322239428,0.4166632465664632,0.0,0.0
1.0264609660243877,-1.7107682767073131,0.41182269128756915,0.0,0.0
1.0264609660243877,-1.6485585211906835,0.4071065420099043,0.0,0.0
1.0264609660243877,-1.586348765674054,0.40252701323581375,0.0,0.0
1.0264609660243877,-1.5241390101574244,0.3980944142519726,0.0,0.0
1.0264609660243877,-1.461929254640795,0.3938173419439496,0.0,0.0
1.0264609660243877,-1.3997194991241653,0.3897028683767197,0.0,0.0
1.0264609660243877,-1.3375097436075358,0.3857567199427181,0.0,0.0
1.0264609660243877,-1.2752999880909062,0.38198344590464756,0.0,0.0
1.0264609660243877,-1.2130902325742767,0.37838657499367656,0.0,0.0
1.0264609660243877,-1.150880477057647,0.37496875938246255,0.0,0.0
1.0264609660243877,-1.0886707215410176,0.37173190585824134,0.0,0.0
1.0264609660243877,-1.0264609660243877,0.36867729439691166,0.0,0.0
1.0264609660243877,-0.9642512105077583,0.36580568460689233,0.0,0.0
1.0264609660243877,-0.9020414549911289,0.36311741069206194,0.0,0.0
1.0264609660243877,-0.8398316994744994,0.36061246569449407,0.0,0.0
1.0264609660243877,-0.7776219439578695,0.3582905758355758,0.0,0.0
1.0264609660243877,-0.7154121884412401,0.35615126579150325,0.0,0.0
1.0264609660243877,-0.6532024329246107,0.35419391572675823,0.0,0.0
1.0264609660243877,-0.5909926774079808,0.35241781087552526,0.0,0.0
1.0264609660243877,-0.5287829218913513,0.35082218441281404,0.0,0.0
1.0264609660243877,-0.4665731663747219,0.349406254299446,0.0,0.0
1.0264609660243877,-0.40436341085809246,0.3481692547219006,0.0,0.0
1.0264609660243877,-0.3421536553414626,0.34711046268209683,0.0,0.0
1.0264609660243877,-0.27994389982483314,0.3462292202254778,0.0,0.0
1.0264609660243877,-0.2177341443082037,0.34552495272956485,0.0,0.0
1.0264609660243877,-0.15552438879157382,0.3449971836102486,0.0,0.0
1.0264609660243877,-0.09331463327494438,0.34464554573987005,0.0,0.0
1.0264609660243877,-0.03110487775831494,0.34446978980970766,0.0,0.0
1.0264609660243877,0.031104877758314498,0.34446978980970766,0.0,0.0
1.0264609660243877,0.09331463327494438,0.34464554573987005,0.0,0.0
1.0264609660243877,0.15552438879157382,0.3449971836102486,0.0,0.0
1.0264609660243877,0.21773414430820326,0.34552495272956485,0.0,0.0
1.0264609660243877,0.2799438998248327,0.34622922022547786,0.0,0.0
1.0264609660243877,0.3421536553414626,0.34711046268209683,0.0,0.0
1.0264609660243877,0.404363410858092,0.3481692547219005,0.0,0.0
1.0264609660243877,0.46657316637472146,0.349406254299446,0.0,0.0
1.0264609660243877,0.5287829218913513,0.35082218441281404,0.0,0.0
1.0264609660243877,0.5909926774079808,0.35241781087552526,0.0,0.0
1.0264609660243877,0.6532024329246102,0.3541939157267582,0.0,0.0
1.0264609660243877,0.7154121884412397,0.35615126579150325,0.0,0.0
1.0264609660243877,0.7776219439578695,0.3582905758355758,0.0,0.0
1.0264609660243877,0.839831699474499,0.360612465694494,0.0,0.0
1.0264609660243877,0.9020414549911289,0.36311741069206194,0.0,0.0
1.0264609660243877,0.9642512105077579,0.3658056846068923,0.0,0.0
1.0264609660243877,1.0264609660243877,0.36867729439691166,0.0,0.0
1.0264609660243877,1.0886707215410176,0.37173190585824134,0.0,0.0
1.0264609660243877,1.1508804770576466,0.37496875938246255,0.0,0.0
1.0264609660243877,1.2130902325742765,0.37838657499367656,0.0,0.0
1.0264609660243877,1.2752999880909055,0.38198344590464756,0.0,0.0
1.0264609660243877,1.3375097436075354,0.3857567199427181,0.0,0.0
1.0264609660243877,1.3997194991241653,0.3897028683767197,0.0,0.0
1.0264609660243877,1.4619292546407943,0.3938173419439496,0.0,0.0
1.0264609660243877,1.5241390101574241,0.3980944142519725,0.0,0.0
1.0264609660243877,1.586348765674054,0.40252701323581375,0.0,0.0
1.0264609660243877,1.648558521190683,0.4071065420099043,0.0,0.0
1.0264609660243877,1.710768276707313,0.41182269128756915,0.0,0.0
1.0264609660243877,1.7729780322239428,0.4166632465664632,0.0,0.0
1.0264609660243877,1.8351877877405718,0.42161389450580355,0.0,0.0
1.0264609660243877,1.8973975432572017,0.42665803434696276,0.0,0.0
1.0264609660243877,1.9596072987738316,0.43177660182987426,0.0,0.0
1.0264609660243877,2.0218170542904605,0.4369479147835529,0.0,0.0
1.0264609660243877,2.0840268098070904,0.442147551334571,0.0,0.0
1.0264609660243877,2.1462365653237194,0.4473482733548485,0.0,0.0
1.0264609660243877,2.2084463208403493,0.4525200091842344,0.0,0.0
1.0264609660243877,2.270656076356979,0.45762991059037794,0.0,0.0
1.0264609660243877,2.332865831873608,0.4626424991029034,0.0,0.0
1.0264609660243877,2.395075587390238,0.4675199159905672,0.0,0.0
1.0264609660243877,2.457285342906868,0.47222228795323695,0.0,0.0
1.0264609660243877,2.519495098423497,0.47670821683737086,0.0,0.0
1.0264609660243877,2.581704853940127,0.4809353962194806,0.0,0.0
1.0264609660243877,2.6439146094567567,0.4848613505667456,0.0,0.0
1.0264609660243877,2.7061243649733857,0.4884442841299487,0.0,0.0
1.0264609660243877,2.7683341204900156,0.4916440172657595,0.0,0.0
1.0264609660243877,2.8305438760066455,0.49442297830496673,0.0,0.0
1.0264609660243877,2.8927536315232745,0.496747210385403,0.0,0.0
1.0264609660243877,2.9549633870399044,0.4985873459794744,0.0,0.0
1.0264609660243877,3.0171731425565333,0.4999194982603411,0.0,0.0
1.0264609660243877,3.0793828980731632,0.5007260188423615,0.0,0.0
1.0886707215410176,-3.141592653589793,0.5087430442142613,0.0,0.0
1.0886707215410176,-3.0793828980731637,0.5084602713930401,0.0,0.0
1.0886707215410176,-3.017173142556534,0.5076158613165518,0.0,0.0
1.0886707215410176,-2.9549633870399044,0.5062214034780486,0.0,0.0
1.0886707215410176,-2.892753631523275,0.5042957706086787,0.0,0.0
1.0886707215410176,-2.8305438760066455,0.5018644850165251,0.0,0.0
1.0886707215410176,-2.7683341204900156,0.49895888996390375,0.0,0.0
1.0886707215410176,-2.706124364973386,0.4956151770974952,0.0,0.0
1.0886707215410176,-2.6439146094567567,0.4918733261356876,0.0,0.0
1.0886707215410176,-2.581704853940127,0.487776013160193,0.0,0.0
1.0886707215410176,-2.5194950984234974,0.4833675395298976,0.0,0.0
1.0886707215410176,-2.457285342906868,0.47869282566763255,0.0,0.0
1.0886707215410176,-2.395075587390238,0.47379650403676404,0.0,0.0
1.0886707215410176,-2.3328658318736086,0.4687221348151902,0.0,0.0
1.0886707215410176,-2.270656076356979,0.46351155722329346,0.0,0.0
1.0886707215410176,-2.2084463208403498,0.45820438003399766,0.0,0.0
1.0886707215410176,-2.1462365653237203,0.45283760703786813,0.0,0.0
1.0886707215410176,-2.0840268098070904,0.4474453874035064,0.0,0.0
1.0886707215410176,-2.021817054290461,0.44205887696266516,0.0,0.0
1.0886707215410176,-1.9596072987738313,0.4367061942797984,0.0,0.0
1.0886707215410176,-1.897397543257202,0.4314124546485139,0.0,0.0
1.0886707215410176,-1.8351877877405722,0.4261998655588768,0.0,0.0
1.0886707215410176,-1.7729780322239428,0.4210878683689135,0.0,0.0
1.0886707215410176,-1.7107682767073131,0.41609331259456867,0.0,0.0
1.0886707215410176,-1.6485585211906835,0.41123065115976004,0.0,0.0
1.0886707215410176,-1.586348765674054,0.40651214693385296,0.0,0.0
1.0886707215410176,-1.5241390101574244,0.4019480827940784,0.0,0.0
1.0886707215410176,-1.461929254640795,0.39754696919877736,0.0,0.0
1.0886707215410176,-1.3997194991241653,0.3933157447958449,0.0,0.0
1.0886707215410176,-1.3375097436075358,0.38925996690028675,0.0,0.0
1.0886707215410176,-1.2752999880909062,0.38538398975675714,0.0,0.0
1.0886707215410176,-1.2130902325742767,0.3816911293719438,0.0,0.0
1.0886707215410176,-1.150880477057647,0.37818381437996035,0.0,0.0
1.0886707215410176,-1.0886707215410176,0.37486372291725345,0.0,0.0
1.0886707215410176,-1.0264609660243877,0.37173190585824134,0.0,0.0
1.0886707215410176,-0.9642512105077583,0.368788897024038,0.0,0.0
1.0886707215410176,-0.9020414549911289,0.3660348111468476,0.0,0.0
1.0886707215410176,-0.8398316994744994,0.36346943047175506,0.0,0.0
1.0886707215410176,-0.7776219439578695,0.3610922809224537,0.0,0.0
1.0886707215410176,-0.7154121884412401,0.35890269876182296,0.0,0.0
1.0886707215410176,-0.6532024329246107,0.3568998886533953,0.0,0.0
1.0886707215410176,-0.5909926774079808,0.3550829739845136,0.0,0.0
1.0886707215410176,-0.5287829218913513,0.35345104025324453,0.0,0.0
1.0886707215410176,-0.4665731663747219,0.352003172254086,0.0,0.0
1.0886707215410176,-0.40436341085809246,0.3507384857260366,0.0,0.0
1.0886707215410176,-0.3421536553414626,0.349656154053413,0.0,0.0
1.0886707215410176,-0.27994389982483314,0.34875543053679514,0.0,0.0
1.0886707215410176,-0.2177341443082037,0.34803566667983776,0.0,0.0
1.0886707215410176,-0.15552438879157382,0.34749632686808235,0.0,0.0
1.0886707215410176,-0.09331463327494438,0.34713699974861817,0.0,0.0
1.0886707215410176,-0.03110487775831494,0.3469574065544437,0.0,0.0
1.0886707215410176,0.031104877758314498,0.3469574065544437,0.0,0.0
1.0886707215410176,0.09331463327494438,0.34713699974861817,0.0,0.0
1.0886707215410176,0.15552438879157382,0.34749632686808235,0.0,0.0
1.0886707215410176,0.21773414430820326,0.34803566667983776,0.0,0.0
1.0886707215410176,0.2799438998248327,0.34875543053679514,0.0,0.0
1.0886707215410176,0.3421536553414626,0.349656154053413,0.0,0.0
1.0886707215410176,0.404363410858092,0.35073848572603655,0.0,0.0
1.0886707215410176,0.46657316637472146,0.352003172254086,0.0,0.0
1.0886707215410176,0.5287829218913513,0.35345104025324453,0.0,0.0
1.0886707215410176,0.5909926774079808,0.3550829739845136,0.0,0.0
1.0886707215410176,0.6532024329246102,0.3568998886533953,0.0,0.0
1.0886707215410176,0.7154121884412397,0.35890269876182296,0.0,0.0
1.0886707215410176,0.7776219439578695,0.3610922809224537,0.0,0.0
1.0886707215410176,0.839831699474499,0.363469430471755,0.0,0.0
1.0886707215410176,0.9020414549911289,0.3660348111468476,0.0,0.0
1.0886707215410176,0.9642512105077579,0.368788897024038,0.0,0.0
1.0886707215410176,1.0264609660243877,0.37173190585824134,0.0,0.0
1.0886707215410176,1.0886707215410176,0.37486372291725345,0.0,0.0
1.0886707215410176,1.1508804770576466,0.37818381437996035,0.0,0.0
1.0886707215410176,1.2130902325742765,0.3816911293719437,0.0,0.0
1.0886707215410176,1.2752999880909055,0.3853839897567571,0.0,0.0
1.0886707215410176,1.3375097436075354,0.38925996690028675,0.0,0.0
1.0886707215410176,1.3997194991241653,0.3933157447958449,0.0,0.0
1.0886707215410176,1.4619292546407943,0.3975469691987773,0.0,0.0
1.0886707215410176,1.5241390101574241,0.4019480827940784,0.0,0.0
1.0886707215410176,1.586348765674054,0.40651214693385296,0.0,0.0
1.0886707215410176,1.648558521190683,0.41123065115975993,0.0,0.0
1.0886707215410176,1.710768276707313,0.41609331259456867,0.0,0.0
1.0886707215410176,1.7729780322239428,0.4210878683689135,0.0,0.0
1.0886707215410176,1.8351877877405718,0.4261998655588767,0.0,0.0
1.0886707215410176,1.8973975432572017,0.4314124546485138,0.0,0.0
1.0886707215410176,1.9596072987738316,0.4367061942797984,0.0,0.0
1.0886707215410176,2.0218170542904605,0.4420588769626651,0.0,0.0
1.0886707215410176,2.0840268098070904,0.4474453874035064,0.0,0.0
1.0886707215410176,2.1462365653237194,0.4528376070378681,0.0,0.0
1.0886707215410176,2.2084463208403493,0.45820438003399766,0.0,0.0
1.0886707215410176,2.270656076356979,0.46351155722329346,0.0,0.0
1.0886707215410176,2.332865831873608,0.46872213481519015,0.0,0.0
1.0886707215410176,2.395075587390238,0.47379650403676404,0.0,0.0
1.0886707215410176,2.457285342906868,0.47869282566763255,0.0,0.0
1.0886707215410176,2.519495098423497,0.48336753952989747,0.0,0.0
1.0886707215410176,2.581704853940127,0.487776013160193,0.0,0.0
1.0886707215410176,2.6439146094567567,0.4918733261356876,0.0,0.0
1.0886707215410176,2.7061243649733857,0.4956151770974952,0.0,0.0
1.0886707215410176,2.7683341204900156,0.49895888996390375,0.0,0.0
1.0886707215410176,2.8305438760066455,0.5018644850165251,0.0,0.0
1.0886707215410176,2.8927536315232745,0.5042957706086787,0.0,0.0
1.0886707215410176,2.9549633870399044,0.5062214034780486,0.0,0.0
1.0886707215410176,3.0171731425565333,0.5076158613165518,0.0,0.0
1.0886707215410176,3.0793828980731632,0.5084602713930401,0.0,0.0
1.1508804770576466,-3.141592653589793,0.5171363001817741,0.0,0.0
1.1508804770576466,-3.0793828980731637,0.5168393078473886,0.0,0.0
1.1508804770576466,-3.017173142556534,0.5159525337224908,0.0,0.0
1.1508804770576466,-2.9549633870399044,0.5144884366213883,0.0,0.0
1.1508804770576466,-2.892753631523275,0.512467292190514,0.0,0.0
1.1508804770576466,-2.8305438760066455,0.5099164944268271,0.0,0.0
1.1508804770576466,-2.7683341204900156,0.5068696439657817,0.0,0.0
1.1508804770576466,-2.706124364973386,0.5033654806165079,0.0,0.0
1.1508804770576466,-2.6439146094567567,0.4994467231965802,0.0,0.0
1.1508804770576466,-2.581704853940127,0.4951588795174664,0.0,0.0
1.1508804770576466,-2.5194950984234974,0.4905490841059198,0.0,0.0
1.1508804770576466,-2.457285342906868,0.4856650121503456,0.0,0.0
1.1508804770576466,-2.395075587390238,0.4805539067263978,0.0,0.0
1.1508804770576466,-2.3328658318736086,0.47526174407410204,0.0,0.0
1.1508804770576466,-2.270656076356979,0.46983254985703743,0.0,0.0
1.1508804770576466,-2.2084463208403498,0.4643078688915332,0.0,0.0
1.1508804770576466,-2.1462365653237203,0.4587263823780326,0.0,0.0
1.1508804770576466,-2.0840268098070904,0.4531236604370412,0.0,0.0
1.1508804770576466,-2.021817054290461,0.4475320337055943,0.0,0.0
1.1508804770576466,-1.9596072987738313,0.44198056564723615,0.0,0.0
1.1508804770576466,-1.897397543257202,0.43649510671743,0.0,0.0
1.1508804770576466,-1.8351877877405722,0.4310984122154129,0.0,0.0
1.1508804770576466,-1.7729780322239428,0.42581030716419344,0.0,0.0
1.1508804770576466,-1.7107682767073131,0.4206478835606957,0.0,0.0
1.1508804770576466,-1.6485585211906835,0.41562571755926164,0.0,0.0
1.1508804770576466,-1.586348765674054,0.4107560963921179,0.0,0.0
1.1508804770576466,-1.5241390101574244,0.40604924695062805,0.0,0.0
1.1508804770576466,-1.461929254640795,0.4015135598648144,0.0,0.0
1.1508804770576466,-1.3997194991241653,0.3971558045812558,0.0,0.0
1.1508804770576466,-1.3375097436075358,0.39298133233743754,0.0,0.0
1.1508804770576466,-1.2752999880909062,0.3889942650715013,0.0,0.0
1.1508804770576466,-1.2130902325742767,0.3851976692108778,0.0,0.0
1.1508804770576466,-1.150880477057647,0.38159371397931996,0.0,0.0
1.1508804770576466,-1.0886707215410176,0.37818381437996035,0.0,0.0
1.1508804770576466,-1.0264609660243877,0.37496875938246255,0.0,0.0
1.1508804770576466,-0.9642512105077583,0.3719488260933131,0.0,0.0
1.1508804770576466,-0.9020414549911289,0.36912388084487424,0.0,0.0
1.1508804770576466,-0.8398316994744994,0.3664934682225654,0.0,0.0
1.1508804770576466,-0.7776219439578695,0.364056889078481,0.0,0.0
1.1508804770576466,-0.7154121884412401,0.3618132685686058,0.0,0.0
1.1508804770576466,-0.6532024329246107,0.3597616152113069,0.0,0.0
1.1508804770576466,-0.5909926774079808,0.35790087190613284,0.0,0.0
1.1508804770576466,-0.5287829218913513,0.35622995978117206,0.0,0.0
1.1508804770576466,-0.4665731663747219,0.354747815659523,0.0,0.0
1.1508804770576466,-0.40436341085809246,0.35345342385463663,0.0,0.0
1.1508804770576466,-0.3421536553414626,0.35234584292302845,0.0,0.0
1.1508804770576466,-0.27994389982483314,0.35142422792289446,0.0,0.0
1.1508804770576466,-0.2177341443082037,0.3506878486495611,0.0,0.0
1.1508804770576466,-0.15552438879157382,0.3501361042439825,0.0,0.0
1.1508804770576466,-0.09331463327494438,0.3497685344988142,0.0,0.0
1.1508804770576466,-0.03110487775831494,0.34958482811778346,0.0,0.0
1.1508804770576466,0.031104877758314498,0.34958482811778346,0.0,0.0
1.1508804770576466,0.09331463327494438,0.3497685344988142,0.0,0.0
1.1508804770576466,0.15552438879157382,0.3501361042439825,0.0,0.0
1.1508804770576466,0.21773414430820326,0.3506878486495611,0.0,0.0
1.1508804770576466,0.2799438998248327,0.35142422792289446,0.0,0.0
1.1508804770576466,0.3421536553414626,0.35234584292302845,0.0,0.0
1.1508804770576466,0.404363410858092,0.3534534238546367,0.0,0.0
1.1508804770576466,0.46657316637472146,0.354747815659523,0.0,0.0
1.1508804770576466,0.5287829218913513,0.35622995978117206,0.0,0.0
1.1508804770576466,0.5909926774079808,0.35790087190613284,0.0,0.0
1.1508804770576466,0.6532024329246102,0.35976161521130684,0.0,0.0
1.1508804770576466,0.7154121884412397,0.36181326856860585,0.0,0.0
1.1508804770576466,0.7776219439578695,0.364056889078481,0.0,0.0
1.1508804770576466,0.839831699474499,0.3664934682225654,0.0,0.0
1.1508804770576466,0.9020414549911289,0.36912388084487424,0.0,0.0
1.1508804770576466,0.9642512105077579,0.3719488260933131,0.0,0.0
1.1508804770576466,1.0264609660243877,0.37496875938246255,0.0,0.0
1.1508804770576466,1.0886707215410176,0.37818381437996035,0.0,0.0
1.1508804770576466,1.1508804770576466,0.38159371397931996,0.0,0.0
1.1508804770576466,1.2130902325742765,0.3851976692108778,0.0,0.0
1.1508804770576466,1.2752999880909055,0.38899426507150126,0.0,0.0
1.1508804770576466,1.3375097436075354,0.3929813323374375,0.0,0.0
1.1508804770576466,1.3997194991241653,0.3971558045812558,0.0,0.0
1.1508804770576466,1.4619292546407943,0.40151355986481435,0.0,0.0
1.1508804770576466,1.5241390101574241,0.40604924695062805,0.0,0.0
1.1508804770576466,1.586348765674054,0.4107560963921179,0.0,0.0
1.1508804770576466,1.648558521190683,0.4156257175592616,0.0,0.0
1.1508804770576466,1.710768276707313,0.4206478835606956,0.0,0.0
1.1508804770576466,1.7729780322239428,0.42581030716419344,0.0,0.0
1.1508804770576466,1.8351877877405718,0.43109841221541284,0.0,0.0
1.1508804770576466,1.8973975432572017,0.43649510671743,0.0,0.0
1.1508804770576466,1.9596072987738316,0.44198056564723615,0.0,0.0
1.1508804770576466,2.0218170542904605,0.4475320337055942,0.0,0.0
1.1508804770576466,2.0840268098070904,0.4531236604370412,0.0,0.0
1.1508804770576466,2.1462365653237194,0.4587263823780326,0.0,0.0
1.1508804770576466,2.2084463208403493,0.4643078688915332,0.0,0.0
1.1508804770576466,2.270656076356979,0.46983254985703743,0.0,0.0
1.1508804770576466,2.332865831873608,0.47526174407410204,0.0,0.0
1.1508804770576466,2.395075587390238,0.4805539067263978,0.0,0.0
1.1508804770576466,2.457285342906868,0.4856650121503456,0.0,0.0
1.1508804770576466,2.519495098423497,0.4905490841059197,0.0,0.0
1.1508804770576466,2.581704853940127,0.4951588795174664,0.0,0.0
1.1508804770576466,2.6439146094567567,0.4994467231965802,0.0,0.0
1.1508804770576466,2.7061243649733857,0.5033654806165079,0.0,0.0
1.1508804770576466,2.7683341204900156,0.5068696439657817,0.0,0.0
1.1508804770576466,2.8305438760066455,0.5099164944268271,0.0,0.0
1.1508804770576466,2.8927536315232745,0.512467292190514,0.0,0.0
1.1508804770576466,2.9549633870399044,0.5144884366213883,0.0,0.0
1.1508804770576466,3.0171731425565333,0.5159525337224908,0.0,0.0
1.1508804770576466,3.0793828980731632,0.5168393078473886,0.0,0.0
1.2130902325742765,-3.141592653589793,0.5262143383278508,0.0,0.0
1.2130902325742765,-3.0793828980731637,0.5259014387672643,0.0,0.0
1.2130902325742765,-3.017173142556534,0.5249672815656687,0.0,0.0
1.2130902325742765,-2.9549633870399044,0.5234253246120582,0.0,0.0
1.2130902325742765,-2.892753631523275,0.5212974543905334,0.0,0.0
1.2130902325742765,-2.8305438760066455,0.5186132110554479,0.0,0.0
1.2130902325742765,-2.7683341204900156,0.5154087789766056,0.0,0.0
1.2130902325742765,-2.706124364973386,0.5117258080223201,0.0,0.0
1.2130902325742765,-2.6439146094567567,0.5076101368393008,0.0,0.0
1.2130902325742765,-2.581704853940127,0.5031104887128547,0.0,0.0
1.2130902325742765,-2.5194950984234974,0.4982772041374263,0.0,0.0
1.2130902325742765,-2.457285342906868,0.4931610634845845,0.0,0.0
1.2130902325742765,-2.395075587390238,0.4878122398894992,0.0,0.0
1.2130902325742765,-2.3328658318736086,0.4822794084242081,0.0,0.0
1.2130902325742765,-2.270656076356979,0.4766090242569737,0.0,0.0
1.2130902325742765,-2.2084463208403498,0.4708447708786921,0.0,0.0
1.2130902325742765,-2.1462365653237203,0.46502717023351475,0.0,0.0
1.2130902325742765,-2.0840268098070904,0.45919333994041744,0.0,0.0
1.2130902325742765,-2.021817054290461,0.45337687863481413,0.0,0.0
1.2130902325742765,-1.9596072987738313,0.4476078584790624,0.0,0.0
1.2130902325742765,-1.897397543257202,0.44191290365797936,0.0,0.0
1.2130902325742765,-1.8351877877405722,0.43631533472859296,0.0,0.0
1.2130902325742765,-1.7729780322239428,0.4308353605975286,0.0,0.0
1.2130902325742765,-1.7107682767073131,0.4254903022820836,0.0,0.0
1.2130902325742765,-1.6485585211906835,0.42029483517743177,0.0,0.0
1.2130902325742765,-1.586348765674054,0.41526123908695295,0.0,0.0
1.2130902325742765,-1.5241390101574244,0.4103996476313449,0.0,0.0
1.2130902325742765,-1.461929254640795,0.4057182907501679,0.0,0.0
1.2130902325742765,-1.3997194991241653,0.40122372580769117,0.0,0.0
1.2130902325742765,-1.3375097436075358,0.3969210543070172,0.0,0.0
1.2130902325742765,-1.2752999880909062,0.3928141224178115,0.0,0.0
1.2130902325742765,-1.2130902325742767,0.388905704461787,0.0,0.0
1.2130902325742765,-1.150880477057647,0.3851976692108778,0.0,0.0
1.2130902325742765,-1.0886707215410176,0.3816911293719437,0.0,0.0
1.2130902325742765,-1.0264609660243877,0.37838657499367656,0.0,0.0
1.2130902325742765,-0.9642512105077583,0.3752839917678328,0.0,0.0
1.2130902325742765,-0.9020414549911289,0.37238296533570486,0.0,0.0
1.2130902325742765,-0.8398316994744994,0.36968277277533146,0.0,0.0
1.2130902325742765,-0.7776219439578695,0.36718246245468167,0.0,0.0
1.2130902325742765,-0.7154121884412401,0.36488092340650996,0.0,0.0
1.2130902325742765,-0.6532024329246107,0.362776945324042,0.0,0.0
1.2130902325742765,-0.5909926774079808,0.36086927020255405,0.0,0.0
1.2130902325742765,-0.5287829218913513,0.35915663656740293,0.0,0.0
1.2130902325742765,-0.4665731663747219,0.35763781713932624,0.0,0.0
1.2130902325742765,-0.40436341085809246,0.3563116506966144,0.0,0.0
1.2130902325742765,-0.3421536553414626,0.3551770688035317,0.0,0.0
1.2130902325742765,-0.27994389982483314,0.35423311798675805,0.0,0.0
1.2130902325742765,-0.2177341443082037,0.3534789778575112,0.0,0.0
1.2130902325742765,-0.15552438879157382,0.35291397559676546,0.0,0.0
1.2130902325742765,-0.09331463327494438,0.35253759714458166,0.0,0.0
1.2130902325742765,-0.03110487775831494,0.3523494953616993,0.0,0.0
1.2130902325742765,0.031104877758314498,0.3523494953616993,0.0,0.0
1.2130902325742765,0.09331463327494438,0.35253759714458166,0.0,0.0
1.2130902325742765,0.15552438879157382,0.35291397559676546,0.0,0.0
1.2130902325742765,0.21773414430820326,0.3534789778575112,0.0,0.0
1.2130902325742765,0.2799438998248327,0.35423311798675805,0.0,0.0
1.2130902325742765,0.3421536553414626,0.3551770688035317,0.0,0.0
1.2130902325742765,0.404363410858092,0.3563116506966144,0.0,0.0
1.2130902325742765,0.46657316637472146,0.3576378171393263,0.0,0.0
1.2130902325742765,0.5287829218913513,0.35915663656740293,0.0,0.0
1.2130902325742765,0.5909926774079808,0.36086927020255405,0.0,0.0
1.2130902325742765,0.6532024329246102,0.362776945324042,0.0,0.0
1.2130902325742765,0.7154121884412397,0.36488092340650996,0.0,0.0
1.2130902325742765,0.7776219439578695,0.36718246245468167,0.0,0.0
1.2130902325742765,0.839831699474499,0.36968277277533146,0.0,0.0
1.2130902325742765,0.9020414549911289,0.37238296533570486,0.0,0.0
1.2130902325742765,0.9642512105077579,0.3752839917678327,0.0,0.0
1.2130902325742765,1.0264609660243877,0.37838657499367656,0.0,0.0
1.2130902325742765,1.0886707215410176,0.3816911293719437,0.0,0.0
1.2130902325742765,1.1508804770576466,0.3851976692108778,0.0,0.0
1.2130902325742765,1.2130902325742765,0.38890570446178696,0.0,0.0
1.2130902325742765,1.2752999880909055,0.3928141224178115,0.0,0.0
1.2130902325742765,1.3375097436075354,0.39692105430701713,0.0,0.0
1.2130902325742765,1.3997194991241653,0.40122372580769117,0.0,0.0
1.2130902325742765,1.4619292546407943,0.40571829075016785,0.0,0.0
1.2130902325742765,1.5241390101574241,0.4103996476313449,0.0,0.0
1.2130902325742765,1.586348765674054,0.41526123908695295,0.0,0.0
1.2130902325742765,1.648558521190683,0.42029483517743177,0.0,0.0
1.2130902325742765,1.710768276707313,0.4254903022820836,0.0,0.0
1.2130902325742765,1.7729780322239428,0.4308353605975286,0.0,0.0
1.2130902325742765,1.8351877877405718,0.4363153347285929,0.0,0.0
1.2130902325742765,1.8973975432572017,0.44191290365797936,0.0,0.0
1.2130902325742765,1.9596072987738316,0.4476078584790625,0.0,0.0
1.2130902325742765,2.0218170542904605,0.4533768786348141,0.0,0.0
1.2130902325742765,2.0840268098070904,0.45919333994041744,0.0,0.0
1.2130902325742765,2.1462365653237194,0.46502717023351464,0.0,0.0
1.2130902325742765,2.2084463208403493,0.470844770878692,0.0,0.0
1.2130902325742765,2.270656076356979,0.4766090242569737,0.0,0.0
1.2130902325742765,2.332865831873608,0.482279408424208,0.0,0.0
1.2130902325742765,2.395075587390238,0.4878122398894992,0.0,0.0
1.2130902325742765,2.457285342906868,0.4931610634845845,0.0,0.0
1.2130902325742765,2.519495098423497,0.4982772041374262,0.0,0.0
1.2130902325742765,2.581704853940127,0.5031104887128547,0.0,0.0
1.2130902325742765,2.6439146094567567,0.5076101368393008,0.0,0.0
1.2130902325742765,2.7061243649733857,0.5117258080223201,0.0,0.0
1.2130902325742765,2.7683341204900156,0.5154087789766056,0.0,0.0
1.2130902325742765,2.8305438760066455,0.5186132110554479,0.0,0.0
1.2130902325742765,2.8927536315232745,0.5212974543905333,0.0,0.0
1.2130902325742765,2.9549633870399044,0.5234253246120582,0.0,0.0
1.2130902325742765,3.0171731425565333,0.5249672815656686,0.0,0.0
1.2130902325742765,3.0793828980731632,0.5259014387672643,0.0,0.0
1.2752999880909055,-3.141592653589793,0.5360195222079215,0.0,0.0
1.2752999880909055,-3.0793828980731637,0.5356888146081811,0.0,0.0
1.2752999880909055,-3.017173142556534,0.5347016236230505,0.0,0.0
1.2752999880909055,-2.9549633870399044,0.5330725582753303,0.0,0.0
1.2752999880909055,-2.892753631523275,0.5308253591923541,0.0,0.0
1.2752999880909055,-2.8305438760066455,0.5279920331512654,0.0,0.0
1.2752999880909055,-2.7683341204900156,0.5246117281875526,0.0,0.0
1.2752999880909055,-2.706124364973386,0.5207294239759858,0.0,0.0
1.2752999880909055,-2.6439146094567567,0.516394518625782,0.0,0.0
1.2752999880909055,-2.581704853940127,0.5116593917033152,0.0,0.0
1.2752999880909055,-2.5194950984234974,0.5065780153270333,0.0,0.0
1.2752999880909055,-2.457285342906868,0.5012046723841689,0.0,0.0
1.2752999880909055,-2.395075587390238,0.49559282540779165,0.0,0.0
1.2752999880909055,-2.3328658318736086,0.48979416346319166,0.0,0.0
1.2752999880909055,-2.270656076356979,0.4838578392133536,0.0,0.0
1.2752999880909055,-2.2084463208403498,0.4778298953531875,0.0,0.0
1.2752999880909055,-2.1462365653237203,0.47175286947783374,0.0,0.0
1.2752999880909055,-2.0840268098070904,0.4656655593646751,0.0,0.0
1.2752999880909055,-2.021817054290461,0.4596029264223595,0.0,0.0
1.2752999880909055,-1.9596072987738313,0.45359611328034233,0.0,0.0
1.2752999880909055,-1.897397543257202,0.4476725516322812,0.0,0.0
1.2752999880909055,-1.8351877877405722,0.4418561379598826,0.0,0.0
1.2752999880909055,-1.7729780322239428,0.43616745714982275,0.0,0.0
1.2752999880909055,-1.7107682767073131,0.43062403685650924,0.0,0.0
1.2752999880909055,-1.6485585211906835,0.4252406184348286,0.0,0.0
1.2752999880909055,-1.586348765674054,0.4200294331404102,0.0,0.0
1.2752999880909055,-1.5241390101574244,0.41500047492321324,0.0,0.0
1.2752999880909055,-1.461929254640795,0.41016176344247723,0.0,0.0
1.2752999880909055,-1.3997194991241653,0.4055195928760076,0.0,0.0
1.2752999880909055,-1.3375097436075358,0.4010787636876105,0.0,0.0
1.2752999880909055,-1.2752999880909062,0.39684279577838516,0.0,0.0
1.2752999880909055,-1.2130902325742767,0.39281412241781155,0.0,0.0
1.2752999880909055,-1.150880477057647,0.3889942650715012,0.0,0.0
1.2752999880909055,-1.0886707215410176,0.3853839897567571,0.0,0.0
1.2752999880909055,-1.0264609660243877,0.38198344590464756,0.0,0.0
1.2752999880909055,-0.9642512105077583,0.3787922889237762,0.0,0.0
1.2752999880909055,-0.9020414549911289,0.3758097877768795,0.0,0.0
1.2752999880909055,-0.8398316994744994,0.3730349189223263,0.0,0.0
1.2752999880909055,-0.7776219439578695,0.37046644795921463,0.0,0.0
1.2752999880909055,-0.7154121884412401,0.3681030002635133,0.0,0.0
1.2752999880909055,-0.6532024329246107,0.36594312182631633,0.0,0.0
1.2752999880909055,-0.5909926774079808,0.36398533141345696,0.0,0.0
1.2752999880909055,-0.5287829218913513,0.36222816506562006,0.0,0.0
1.2752999880909055,-0.4665731663747219,0.3606702138548333,0.0,0.0
1.2752999880909055,-0.40436341085809246,0.3593101557103813,0.0,0.0
1.2752999880909055,-0.3421536553414626,0.3581467820270785,0.0,0.0
1.2752999880909055,-0.27994389982483314,0.3571790196728624,0.0,0.0
1.2752999880909055,-0.2177341443082037,0.35640594892150634,0.0,0.0
1.2752999880909055,-0.15552438879157382,0.3558268177500621,0.0,0.0
1.2752999880909055,-0.09331463327494438,0.35544105285921973,0.0,0.0
1.2752999880909055,-0.03110487775831494,0.3552482676976219,0.0,0.0
1.2752999880909055,0.031104877758314498,0.3552482676976219,0.0,0.0
1.2752999880909055,0.09331463327494438,0.35544105285921973,0.0,0.0
1.2752999880909055,0.15552438879157382,0.3558268177500621,0.0,0.0
1.2752999880909055,0.21773414430820326,0.35640594892150634,0.0,0.0
1.2752999880909055,0.2799438998248327,0.3571790196728624,0.0,0.0
1.2752999880909055,0.3421536553414626,0.3581467820270785,0.0,0.0
1.2752999880909055,0.404363410858092,0.3593101557103813,0.0,0.0
1.2752999880909055,0.46657316637472146,0.3606702138548333,0.0,0.0
1.2752999880909055,0.5287829218913513,0.36222816506562006,0.0,0.0
1.2752999880909055,0.5909926774079808,0.36398533141345696,0.0,0.0
1.2752999880909055,0.6532024329246102,0.3659431218263163,0.0,0.0
1.2752999880909055,0.7154121884412397,0.3681030002635132,0.0,0.0
1.2752999880909055,0.7776219439578695,0.37046644795921463,0.0,0.0
1.2752999880909055,0.839831699474499,0.37303491892232626,0.0,0.0
1.2752999880909055,0.9020414549911289,0.3758097877768795,0.0,0.0
1.2752999880909055,0.9642512105077579,0.37879228892377614,0.0,0.0
1.2752999880909055,1.0264609660243877,0.38198344590464756,0.0,0.0
1.2752999880909055,1.0886707215410176,0.3853839897567571,0.0,0.0
1.2752999880909055,1.1508804770576466,0.38899426507150126,0.0,0.0
1.2752999880909055,1.2130902325742765,0.3928141224178115,0.0,0.0
1.2752999880909055,1.2752999880909055,0.39684279577838516,0.0,0.0
1.2752999880909055,1.3375097436075354,0.4010787636876104,0.0,0.0
1.2752999880909055,1.3997194991241653,0.4055195928760076,0.0,0.0
1.2752999880909055,1.4619292546407943,0.4101617634424772,0.0,0.0
1.2752999880909055,1.5241390101574241,0.4150004749232132,0.0,0.0
1.2752999880909055,1.586348765674054,0.4200294331404102,0.0,0.0
1.2752999880909055,1.648558521190683,0.4252406184348285,0.0,0.0
1.2752999880909055,1.710768276707313,0.43062403685650924,0.0,0.0
1.2752999880909055,1.7729780322239428,0.43616745714982275,0.0,0.0
1.2752999880909055,1.8351877877405718,0.4418561379598826,0.0,0.0
1.2752999880909055,1.8973975432572017,0.44767255163228115,0.0,0.0
1.2752999880909055,1.9596072987738316,0.45359611328034233,0.0,0.0
1.2752999880909055,2.0218170542904605,0.4596029264223595,0.0,0.0
1.2752999880909055,2.0840268098070904,0.4656655593646751,0.0,0.0
1.2752999880909055,2.1462365653237194,0.4717528694778337,0.0,0.0
1.2752999880909055,2.2084463208403493,0.4778298953531874,0.0,0.0
1.2752999880909055,2.270656076356979,0.4838578392133536,0.0,0.0
1.2752999880909055,2.332865831873608,0.48979416346319166,0.0,0.0
1.2752999880909055,2.395075587390238,0.49559282540779165,0.0,0.0
1.2752999880909055,2.457285342906868,0.5012046723841689,0.0,0.0
1.2752999880909055,2.519495098423497,0.5065780153270332,0.0,0.0
1.2752999880909055,2.581704853940127,0.5116593917033152,0.0,0.0
1.2752999880909055,2.6439146094567567,0.516394518625782,0.0,0.0
1.2752999880909055,2.7061243649733857,0.5207294239759858,0.0,0.0
1.2752999880909055,2.7683341204900156,0.5246117281875526,0.0,0.0
1.2752999880909055,2.8305438760066455,0.5279920331512654,0.0,0.0
1.2752999880909055,2.8927536315232745,0.5308253591923541,0.0,0.0
1.2752999880909055,2.9549633870399044,0.5330725582753303,0.0,0.0
1.2752999880909055,3.0171731425565333,0.5347016236230505,0.0,0.0
1.2752999880909055,3.0793828980731632,0.5356888146081811,0.0,0.0
1.3375097436075354,-3.141592653589793,0.5465983909422092,0.0,0.0
1.3375097436075354,-3.0793828980731637,0.5462477267806198,0.0,0.0
1.3375097436075354,-3.017173142556534,0.545201117421245,0.0,0.0
1.3375097436075354,-2.9549633870399044,0.543474502112299,0.0,0.0
1.3375097436075354,-2.892753631523275,0.5410937617273314,0.0,0.0
1.3375097436075354,-2.8305438760066455,0.5380937456023089,0.0,0.0
1.3375097436075354,-2.7683341204900156,0.5345170097170109,0.0,0.0
1.3375097436075354,-2.706124364973386,0.5304123524398989,0.0,0.0
1.3375097436075354,-2.6439146094567567,0.525833240942212,0.0,0.0
1.3375097436075354,-2.581704853940127,0.5208362191589717,0.0,0.0
1.3375097436075354,-2.5194950984234974,0.5154793782603391,0.0,0.0
1.3375097436075354,-2.457285342906868,0.5098209552289055,0.0,0.0
1.3375097436075354,-2.395075587390238,0.5039181068617888,0.0,0.0
1.3375097436075354,-2.3328658318736086,0.4978258877393453,0.0,0.0
1.3375097436075354,-2.270656076356979,0.49159644337420205,0.0,0.0
1.3375097436075354,-2.2084463208403498,0.48527841519998094,0.0,0.0
1.3375097436075354,-2.1462365653237203,0.47891654295952263,0.0,0.0
1.3375097436075354,-2.0840268098070904,0.47255144253230424,0.0,0.0
1.3375097436075354,-2.021817054290461,0.46621953301360847,0.0,0.0
1.3375097436075354,-1.9596072987738313,0.4599530853856708,0.0,0.0
1.3375097436075354,-1.897397543257202,0.45378036575598385,0.0,0.0
1.3375097436075354,-1.8351877877405722,0.44772584823211165,0.0,0.0
1.3375097436075354,-1.7729780322239428,0.44181047547815794,0.0,0.0
1.3375097436075354,-1.7107682767073131,0.4360519483850399,0.0,0.0
1.3375097436075354,-1.6485585211906835,0.43046502973232154,0.0,0.0
1.3375097436075354,-1.586348765674054,0.4250618499817429,0.0,0.0
1.3375097436075354,-1.5241390101574244,0.41985220627408326,0.0,0.0
1.3375097436075354,-1.461929254640795,0.41484384822774334,0.0,0.0
1.3375097436075354,-1.3997194991241653,0.41004274623917725,0.0,0.0
1.3375097436075354,-1.3375097436075358,0.4054533396777048,0.0,0.0
1.3375097436075354,-1.2752999880909062,0.4010787636876105,0.0,0.0
1.3375097436075354,-1.2130902325742767,0.3969210543070172,0.0,0.0
1.3375097436075354,-1.150880477057647,0.3929813323374375,0.0,0.0
1.3375097436075354,-1.0886707215410176,0.38925996690028675,0.0,0.0
1.3375097436075354,-1.0264609660243877,0.3857567199427181,0.0,0.0
1.3375097436075354,-0.9642512105077583,0.38247087314486095,0.0,0.0
1.3375097436075354,-0.9020414549911289,0.37940133876756943,0.0,0.0
1.3375097436075354,-0.8398316994744994,0.37654675599175264,0.0,0.0
1.3375097436075354,-0.7776219439578695,0.37390557425932053,0.0,0.0
1.3375097436075354,-0.7154121884412401,0.3714761250490077,0.0,0.0
1.3375097436075354,-0.6532024329246107,0.36925668342098295,0.0,0.0
1.3375097436075354,-0.5909926774079808,0.36724552055205456,0.0,0.0
1.3375097436075354,-0.5287829218913513,0.3654409483655305,0.0,0.0
1.3375097436075354,-0.4665731663747219,0.36384135724140054,0.0,0.0
1.3375097436075354,-0.40436341085809246,0.36244524767679,0.0,0.0
1.3375097436075354,-0.3421536553414626,0.3612512566556731,0.0,0.0
1.3375097436075354,-0.27994389982483314,0.36025817938175625,0.0,0.0
1.3375097436075354,-0.2177341443082037,0.35946498692967616,0.0,0.0
1.3375097436075354,-0.15552438879157382,0.3588708402771267,0.0,0.0
1.3375097436075354,-0.09331463327494438,0.3584751010937939,0.0,0.0
1.3375097436075354,-0.03110487775831494,0.35827733958134744,0.0,0.0
1.3375097436075354,0.031104877758314498,0.35827733958134744,0.0,0.0
1.3375097436075354,0.09331463327494438,0.3584751010937939,0.0,0.0
1.3375097436075354,0.15552438879157382,0.3588708402771267,0.0,0.0
1.3375097436075354,0.21773414430820326,0.35946498692967616,0.0,0.0
1.3375097436075354,0.2799438998248327,0.36025817938175625,0.0,0.0
1.3375097436075354,0.3421536553414626,0.3612512566556731,0.0,0.0
1.3375097436075354,0.404363410858092,0.36244524767678993,0.0,0.0
1.3375097436075354,0.46657316637472146,0.36384135724140054,0.0,0.0
1.3375097436075354,0.5287829218913513,0.3654409483655305,0.0,0.0
1.3375097436075354,0.5909926774079808,0.36724552055205456,0.0,0.0
1.3375097436075354,0.6532024329246102,0.36925668342098295,0.0,0.0
1.3375097436075354,0.7154121884412397,0.3714761250490076,0.0,0.0
1.3375097436075354,0.7776219439578695,0.37390557425932053,0.0,0.0
1.3375097436075354,0.839831699474499,0.3765467559917526,0.0,0.0
1.3375097436075354,0.9020414549911289,0.37940133876756943,0.0,0.0
1.3375097436075354,0.9642512105077579,0.3824708731448609,0.0,0.0
1.3375097436075354,1.0264609660243877,0.3857567199427181,0.0,0.0
1.3375097436075354,1.0886707215410176,0.38925996690028675,0.0,0.0
1.3375097436075354,1.1508804770576466,0.3929813323374375,0.0,0.0
1.3375097436075354,1.2130902325742765,0.39692105430701713,0.0,0.0
1.3375097436075354,1.2752999880909055,0.4010787636876104,0.0,0.0
1.3375097436075354,1.3375097436075354,0.4054533396777047,0.0,0.0
1.3375097436075354,1.3997194991241653,0.41004274623917725,0.0,0.0
1.3375097436075354,1.4619292546407943,0.4148438482277433,0.0,0.0
1.3375097436075354,1.5241390101574241,0.41985220627408326,0.0,0.0
1.3375097436075354,1.586348765674054,0.4250618499817429,0.0,0.0
1.3375097436075354,1.648558521190683,0.4304650297323215,0.0,0.0
1.3375097436075354,1.710768276707313,0.4360519483850399,0.0,0.0
1.3375097436075354,1.7729780322239428,0.44181047547815794,0.0,0.0
1.3375097436075354,1.8351877877405718,0.4477258482321116,0.0,0.0
1.3375097436075354,1.8973975432572017,0.45378036575598385,0.0,0.0
1.3375097436075354,1.9596072987738316,0.4599530853856709,0.0,0.0
1.3375097436075354,2.0218170542904605,0.4662195330136084,0.0,0.0
1.3375097436075354,2.0840268098070904,0.47255144253230424,0.0,0.0
1.3375097436075354,2.1462365653237194,0.4789165429595226,0.0,0.0
1.3375097436075354,2.2084463208403493,0.48527841519998094,0.0,0.0
1.3375097436075354,2.270656076356979,0.49159644337420205,0.0,0.0
1.3375097436075354,2.332865831873608,0.4978258877393453,0.0,0.0
1.3375097436075354,2.395075587390238,0.5039181068617888,0.0,0.0
1.3375097436075354,2.457285342906868,0.5098209552289055,0.0,0.0
1.3375097436075354,2.519495098423497,0.515479378260339,0.0,0.0
1.3375097436075354,2.581704853940127,0.5208362191589717,0.0,0.0
1.3375097436075354,2.6439146094567567,0.525833240942212,0.0,0.0
1.3375097436075354,2.7061243649733857,0.5304123524398989,0.0,0.0
1.3375097436075354,2.7683341204900156,0.5345170097170109,0.0,0.0
1.3375097436075354,2.8305438760066455,0.5380937456023089,0.0,0.0
1.3375097436075354,2.8927536315232745,0.5410937617273314,0.0,0.0
1.3375097436075354,2.9549633870399044,0.543474502112299,0.0,0.0
1.3375097436075354,3.0171731425565333,0.545201117421245,0.0,0.0
1.3375097436075354,3.0793828980731632,0.5462477267806198,0.0,0.0
1.3997194991241653,-3.141592653589793,0.5580019750304376,0.0,0.0
1.3997194991241653,-3.0793828980731637,0.5576289173991759,0.0,0.0
1.3997194991241653,-3.017173142556534,0.5565156511775903,0.0,0.0
1.3997194991241653,-2.9549633870399044,0.5546796578132968,0.0,0.0
1.3997194991241653,-2.892753631523275,0.5521492964761917,0.0,0.0
1.3997194991241653,-2.8305438760066455,0.5489627021092164,0.0,0.0
1.3997194991241653,-2.7683341204900156,0.545166360428505,0.0,0.0
1.3997194991241653,-2.706124364973386,0.5408134602119888,0.0,0.0
1.3997194991241653,-2.6439146094567567,0.5359621305455855,0.0,0.0
1.3997194991241653,-2.581704853940127,0.530673667227237,0.0,0.0
1.3997194991241653,-2.5194950984234974,0.5250108400999337,0.0,0.0
1.3997194991241653,-2.457285342906868,0.5190363544718284,0.0,0.0
1.3997194991241653,-2.395075587390238,0.5128115180807862,0.0,0.0
1.3997194991241653,-2.3328658318736086,0.506395143139857,0.0,0.0
1.3997194991241653,-2.270656076356979,0.49984269311862906,0.0,0.0
1.3997194991241653,-2.2084463208403498,0.49320566754671574,0.0,0.0
1.3997194991241653,-2.1462365653237203,0.48653120595963617,0.0,0.0
1.3997194991241653,-2.0840268098070904,0.47986188417815057,0.0,0.0
1.3997194991241653,-2.021817054290461,0.47323567198787503,0.0,0.0
1.3997194991241653,-1.9596072987738313,0.46668602026708134,0.0,0.0
1.3997194991241653,-1.897397543257202,0.46024204689959497,0.0,0.0
1.3997194991241653,-1.8351877877405722,0.45392879363610866,0.0,0.0
1.3997194991241653,-1.7729780322239428,0.44776752976411216,0.0,0.0
1.3997194991241653,-1.7107682767073131,0.4417760824862998,0.0,0.0
1.3997194991241653,-1.6485585211906835,0.43596917790668555,0.0,0.0
1.3997194991241653,-1.586348765674054,0.4303587802306114,0.0,0.0
1.3997194991241653,-1.5241390101574244,0.42495442005508305,0.0,0.0
1.3997194991241653,-1.461929254640795,0.4197635053968872,0.0,0.0
1.3997194991241653,-1.3997194991241653,0.4147916113726601,0.0,0.0
1.3997194991241653,-1.3375097436075358,0.4100427462391773,0.0,0.0
1.3997194991241653,-1.2752999880909062,0.40551959287600764,0.0,0.0
1.3997194991241653,-1.2130902325742767,0.4012237258076912,0.0,0.0
1.3997194991241653,-1.150880477057647,0.3971558045812558,0.0,0.0
1.3997194991241653,-1.0886707215410176,0.3933157447958449,0.0,0.0
1.3997194991241653,-1.0264609660243877,0.3897028683767197,0.0,0.0
1.3997194991241653,-0.9642512105077583,0.3863160348405663,0.0,0.0
1.3997194991241653,-0.9020414549911289,0.38315375534983076,0.0,0.0
1.3997194991241653,-0.8398316994744994,0.3802142913305274,0.0,0.0
1.3997194991241653,-0.7776219439578695,0.37749573935401437,0.0,0.0
1.3997194991241653,-0.7154121884412401,0.3749961038765995,0.0,0.0
1.3997194991241653,-0.6532024329246107,0.3727133593050017,0.0,0.0
1.3997194991241653,-0.5909926774079808,0.37064550272049746,0.0,0.0
1.3997194991241653,-0.5287829218913513,0.3687905984569866,0.0,0.0
1.3997194991241653,-0.4665731663747219,0.3671468155929463,0.0,0.0
1.3997194991241653,-0.40436341085809246,0.3657124592873327,0.0,0.0
1.3997194991241653,-0.3421536553414626,0.3644859967666693,0.0,0.0
1.3997194991241653,-0.27994389982483314,0.3634660786556491,0.0,0.0
1.3997194991241653,-0.2177341443082037,0.3626515562366668,0.0,0.0
1.3997194991241653,-0.15552438879157382,0.3620414951244575,0.0,0.0
1.3997194991241653,-0.09331463327494438,0.36163518574971537,0.0,0.0
1.3997194991241653,-0.03110487775831494,0.36143215095929804,0.0,0.0
1.3997194991241653,0.031104877758314498,0.36143215095929804,0.0,0.0
1.3997194991241653,0.09331463327494438,0.36163518574971537,0.0,0.0
1.3997194991241653,0.15552438879157382,0.3620414951244575,0.0,0.0
1.3997194991241653,0.21773414430820326,0.3626515562366668,0.0,0.0
1.3997194991241653,0.2799438998248327,0.3634660786556491,0.0,0.0
1.3997194991241653,0.3421536553414626,0.3644859967666693,0.0,0.0
1.3997194991241653,0.404363410858092,0.3657124592873326,0.0,0.0
1.3997194991241653,0.46657316637472146,0.3671468155929463,0.0,0.0
1.3997194991241653,0.5287829218913513,0.3687905984569866,0.0,0.0
1.3997194991241653,0.5909926774079808,0.37064550272049746,0.0,0.0
1.3997194991241653,0.6532024329246102,0.37271335930500166,0.0,0.0
1.3997194991241653,0.7154121884412397,0.3749961038765995,0.0,0.0
1.3997194991241653,0.7776219439578695,0.37749573935401437,0.0,0.0
1.3997194991241653,0.839831699474499,0.38021429133052737,0.0,0.0
1.3997194991241653,0.9020414549911289,0.38315375534983076,0.0,0.0
1.3997194991241653,0.9642512105077579,0.38631603484056626,0.0,0.0
1.3997194991241653,1.0264609660243877,0.3897028683767197,0.0,0.0
1.3997194991241653,1.0886707215410176,0.3933157447958449,0.0,0.0
1.3997194991241653,1.1508804770576466,0.3971558045812558,0.0,0.0
1.3997194991241653,1.2130902325742765,0.40122372580769117,0.0,0.0
1.3997194991241653,1.2752999880909055,0.4055195928760076,0.0,0.0
1.3997194991241653,1.3375097436075354,0.41004274623917725,0.0,0.0
1.3997194991241653,1.3997194991241653,0.4147916113726601,0.0,0.0
1.3997194991241653,1.4619292546407943,0.41976350539688717,0.0,0.0
1.3997194991241653,1.5241390101574241,0.424954420055083,0.0,0.0
1.3997194991241653,1.586348765674054,0.4303587802306114,0.0,0.0
1.3997194991241653,1.648558521190683,0.43596917790668555,0.0,0.0
1.3997194991241653,1.710768276707313,0.4417760824862998,0.0,0.0
1.3997194991241653,1.7729780322239428,0.44776752976411216,0.0,0.0
1.3997194991241653,1.8351877877405718,0.45392879363610866,0.0,0.0
1.3997194991241653,1.8973975432572017,0.4602420468995949,0.0,0.0
1.3997194991241653,1.9596072987738316,0.46668602026708134,0.0,0.0
1.3997194991241653,2.0218170542904605,0.47323567198787503,0.0,0.0
1.3997194991241653,2.0840268098070904,0.47986188417815057,0.0,0.0
1.3997194991241653,2.1462365653237194,0.48653120595963606,0.0,0.0
1.3997194991241653,2.2084463208403493,0.49320566754671574,0.0,0.0
1.3997194991241653,2.270656076356979,0.49984269311862906,0.0,0.0
1.3997194991241653,2.332865831873608,0.506395143139857,0.0,0.0
1.3997194991241653,2.395075587390238,0.5128115180807862,0.0,0.0
1.3997194991241653,2.457285342906868,0.5190363544718284,0.0,0.0
1.3997194991241653,2.519495098423497,0.5250108400999336,0.0,0.0
1.3997194991241653,2.581704853940127,0.530673667227237,0.0,0.0
1.3997194991241653,2.6439146094567567,0.5359621305455855,0.0,0.0
1.3997194991241653,2.7061243649733857,0.5408134602119888,0.0,0.0
1.3997194991241653,2.7683341204900156,0.545166360428505,0.0,0.0
1.3997194991241653,2.8305438760066455,0.5489627021092164,0.0,0.0
1.3997194991241653,2.8927536315232745,0.5521492964761917,0.0,0.0
1.3997194991241653,2.9549633870399044,0.5546796578132968,0.0,0.0
1.3997194991241653,3.0171731425565333,0.5565156511775903,0.0,0.0
1.3997194991241653,3.0793828980731632,0.5576289173991759,0.0,0.0
1.4619292546407943,-3.141592653589793,0.5702861123546152,0.0,0.0
1.4619292546407943,-3.0793828980731637,0.5698878880842986,0.0,0.0
1.4619292546407943,-3.017173142556534,0.5686997314901233,0.0,0.0
1.4619292546407943,-2.9549633870399044,0.566740918342376,0.0,0.0
1.4619292546407943,-2.892753631523275,0.564042687435752,0.0,0.0
1.4619292546407943,-2.8305438760066455,0.5606469838301162,0.0,0.0
1.4619292546407943,-2.7683341204900156,0.5566048384091358,0.0,0.0
1.4619292546407943,-2.706124364973386,0.5519745015315876,0.0,0.0
1.4619292546407943,-2.6439146094567567,0.5468194562744518,0.0,0.0
1.4619292546407943,-2.581704853940127,0.5412064315826823,0.0,0.0
1.4619292546407943,-2.5194950984234974,0.5352035199386482,0.0,0.0
1.4619292546407943,-2.457285342906868,0.5288784814326434,0.0,0.0
1.4619292546407943,-2.395075587390238,0.5222972901551562,0.0,0.0
1.4619292546407943,-2.3328658318736086,0.5155229530792695,0.0,0.0
1.4619292546407943,-2.270656076356979,0.5086146086849186,0.0,0.0
1.4619292546407943,-2.2084463208403498,0.5016268941268691,0.0,0.0
1.4619292546407943,-2.1462365653237203,0.49460955643723503,0.0,0.0
1.4619292546407943,-2.0840268098070904,0.48760727497832407,0.0,0.0
1.4619292546407943,-2.021817054290461,0.4806596584939227,0.0,0.0
1.4619292546407943,-1.9596072987738313,0.4738013797391994,0.0,0.0
1.4619292546407943,-1.897397543257202,0.4670624128178313,0.0,0.0
1.4619292546407943,-1.8351877877405722,0.4604683421025323,0.0,0.0
1.4619292546407943,-1.7729780322239428,0.45404071619225983,0.0,0.0
1.4619292546407943,-1.7107682767073131,0.4477974251760539,0.0,0.0
1.4619292546407943,-1.6485585211906835,0.4417530841169759,0.0,0.0
1.4619292546407943,-1.586348765674054,0.4359194098817204,0.0,0.0
1.4619292546407943,-1.5241390101574244,0.4303055820868187,0.0,0.0
1.4619292546407943,-1.461929254640795,0.42491858196562593,0.0,0.0
1.4619292546407943,-1.3997194991241653,0.41976350539688717,0.0,0.0
1.4619292546407943,-1.3375097436075358,0.41484384822774334,0.0,0.0
1.4619292546407943,-1.2752999880909062,0.41016176344247723,0.0,0.0
1.4619292546407943,-1.2130902325742767,0.4057182907501679,0.0,0.0
1.4619292546407943,-1.150880477057647,0.40151355986481435,0.0,0.0
1.4619292546407943,-1.0886707215410176,0.3975469691987773,0.0,0.0
1.4619292546407943,-1.0264609660243877,0.3938173419439496,0.0,0.0
1.4619292546407943,-0.9642512105077583,0.3903230616246068,0.0,0.0
1.4619292546407943,-0.9020414549911289,0.38706218921177543,0.0,0.0
1.4619292546407943,-0.8398316994744994,0.38403256382313,0.0,0.0
1.4619292546407943,-0.7776219439578695,0.3812318889195467,0.0,0.0
1.4619292546407943,-0.7154121884412401,0.37865780576807223,0.0,0.0
1.4619292546407943,-0.6532024329246107,0.37630795578484666,0.0,0.0
1.4619292546407943,-0.5909926774079808,0.37418003321016235,0.0,0.0
1.4619292546407943,-0.5287829218913513,0.3722718294080263,0.0,0.0
1.4619292546407943,-0.4665731663747219,0.37058126992863694,0.0,0.0
1.4619292546407943,-0.40436341085809246,0.3691064453267252,0.0,0.0
1.4619292546407943,-0.3421536553414626,0.36784563659302716,0.0,0.0
1.4619292546407943,-0.27994389982483314,0.36679733593068214,0.0,0.0
1.4619292546407943,-0.2177341443082037,0.3659602634928076,0.0,0.0
1.4619292546407943,-0.15552438879157382,0.3653333805912069,0.0,0.0
1.4619292546407943,-0.09331463327494438,0.3649158997881066,0.0,0.0
1.4619292546407943,-0.03110487775831494,0.36470729219180203,0.0,0.0
1.4619292546407943,0.031104877758314498,0.36470729219180203,0.0,0.0
1.4619292546407943,0.09331463327494438,0.3649158997881066,0.0,0.0
1.4619292546407943,0.15552438879157382,0.3653333805912069,0.0,0.0
1.4619292546407943,0.21773414430820326,0.3659602634928076,0.0,0.0
1.4619292546407943,0.2799438998248327,0.36679733593068214,0.0,0.0
1.4619292546407943,0.3421536553414626,0.36784563659302716,0.0,0.0
1.4619292546407943,0.404363410858092,0.36910644532672515,0.0,0.0
1.4619292546407943,0.46657316637472146,0.370581269928637,0.0,0.0
1.4619292546407943,0.5287829218913513,0.3722718294080263,0.0,0.0
1.4619292546407943,0.5909926774079808,0.37418003321016235,0.0,0.0
1.4619292546407943,0.6532024329246102,0.3763079557848466,0.0,0.0
1.4619292546407943,0.7154121884412397,0.37865780576807223,0.0,0.0
1.4619292546407943,0.7776219439578695,0.3812318889195467,0.0,0.0
1.4619292546407943,0.839831699474499,0.38403256382313,0.0,0.0
1.4619292546407943,0.9020414549911289,0.38706218921177543,0.0,0.0
1.4619292546407943,0.9642512105077579,0.3903230616246067,0.0,0.0
1.4619292546407943,1.0264609660243877,0.3938173419439496,0.0,0.0
1.4619292546407943,1.0886707215410176,0.3975469691987773,0.0,0.0
1.4619292546407943,1.1508804770576466,0.40151355986481435,0.0,0.0
1.4619292546407943,1.2130902325742765,0.40571829075016785,0.0,0.0
1.4619292546407943,1.2752999880909055,0.4101617634424772,0.0,0.0
1.4619292546407943,1.3375097436075354,0.4148438482277433,0.0,0.0
1.4619292546407943,1.3997194991241653,0.41976350539688717,0.0,0.0
1.4619292546407943,1.4619292546407943,0.42491858196562593,0.0,0.0
1.4619292546407943,1.5241390101574241,0.4303055820868186,0.0,0.0
1.4619292546407943,1.586348765674054,0.4359194098817204,0.0,0.0
1.4619292546407943,1.648558521190683,0.44175308411697584,0.0,0.0
1.4619292546407943,1.710768276707313,0.4477974251760539,0.0,0.0
1.4619292546407943,1.7729780322239428,0.45404071619225983,0.0,0.0
1.4619292546407943,1.8351877877405718,0.4604683421025323,0.0,0.0
1.4619292546407943,1.8973975432572017,0.4670624128178313,0.0,0.0
1.4619292546407943,1.9596072987738316,0.4738013797391994,0.0,0.0
1.4619292546407943,2.0218170542904605,0.4806596584939226,0.0,0.0
1.4619292546407943,2.0840268098070904,0.48760727497832407,0.0,0.0
1.4619292546407943,2.1462365653237194,0.494609556437235,0.0,0.0
1.4619292546407943,2.2084463208403493,0.501626894126869,0.0,0.0
1.4619292546407943,2.270656076356979,0.5086146086849186,0.0,0.0
1.4619292546407943,2.332865831873608,0.5155229530792695,0.0,0.0
1.4619292546407943,2.395075587390238,0.5222972901551562,0.0,0.0
1.4619292546407943,2.457285342906868,0.5288784814326434,0.0,0.0
1.4619292546407943,2.519495098423497,0.5352035199386481,0.0,0.0
1.4619292546407943,2.581704853940127,0.5412064315826823,0.0,0.0
1.4619292546407943,2.6439146094567567,0.5468194562744518,0.0,0.0
1.4619292546407943,2.7061243649733857,0.5519745015315876,0.0,0.0
1.4619292546407943,2.7683341204900156,0.5566048384091358,0.0,0.0
1.4619292546407943,2.8305438760066455,0.5606469838301162,0.0,0.0
1.4619292546407943,2.8927536315232745,0.5640426874357518,0.0,0.0
1.4619292546407943,2.9549633870399044,0.566740918342376,0.0,0.0
1.4619292546407943,3.0171731425565333,0.5686997314901233,0.0,0.0
1.4619292546407943,3.0793828980731632,0.5698878880842986,0.0,0.0
1.5241390101574241,-3.141592653589793,0.5835117498366202,0.0,0.0
1.5241390101574241,-3.0793828980731637,0.5830851930887999,0.0,0.0
1.5241390101574241,-3.017173142556534,0.5818127514935728,0.0,0.0
1.5241390101574241,-2.9549633870399044,0.5797157964752678,0.0,0.0
1.5241390101574241,-2.892753631523275,0.576828925137867,0.0,0.0
1.5241390101574241,-2.8305438760066455,0.5731985163662671,0.0,0.0
1.5241390101574241,-2.7683341204900156,0.5688808750734768,0.0,0.0
1.5241390101574241,-2.706124364973386,0.5639401040466052,0.0,0.0
1.5241390101574241,-2.6439146094567567,0.5584458508500036,0.0,0.0
1.5241390101574241,-2.581704853940127,0.5524710696811853,0.0,0.0
1.5241390101574241,-2.5194950984234974,0.5460899180850214,0.0,0.0
1.5241390101574241,-2.457285342906868,0.5393758804408858,0.0,0.0
1.5241390101574241,-2.395075587390238,0.5324001788517079,0.0,0.0
1.5241390101574241,-2.3328658318736086,0.5252305016296179,0.0,0.0
1.5241390101574241,-2.270656076356979,0.5179300530509326,0.0,0.0
1.5241390101574241,-2.2084463208403498,0.5105569072333609,0.0,0.0
1.5241390101574241,-2.1462365653237203,0.5031636344809276,0.0,0.0
1.5241390101574241,-2.0840268098070904,0.49579715994159085,0.0,0.0
1.5241390101574241,-2.021817054290461,0.4884988110342533,0.0,0.0
1.5241390101574241,-1.9596072987738313,0.4813045106505831,0.0,0.0
1.5241390101574241,-1.897397543257202,0.4742450764091516,0.0,0.0
1.5241390101574241,-1.8351877877405722,0.467346591143004,0.0,0.0
1.5241390101574241,-1.7729780322239428,0.4606308154506983,0.0,0.0
1.5241390101574241,-1.7107682767073131,0.45411561887937807,0.0,0.0
1.5241390101574241,-1.6485585211906835,0.4478154116973712,0.0,0.0
1.5241390101574241,-1.586348765674054,0.4417415639954742,0.0,0.0
1.5241390101574241,-1.5241390101574244,0.43590280291203326,0.0,0.0
1.5241390101574241,-1.461929254640795,0.4303055820868187,0.0,0.0
1.5241390101574241,-1.3997194991241653,0.424954420055083,0.0,0.0
1.5241390101574241,-1.3375097436075358,0.41985220627408326,0.0,0.0
1.5241390101574241,-1.2752999880909062,0.4150004749232133,0.0,0.0
1.5241390101574241,-1.2130902325742767,0.4103996476313449,0.0,0.0
1.5241390101574241,-1.150880477057647,0.40604924695062805,0.0,0.0
1.5241390101574241,-1.0886707215410176,0.4019480827940784,0.0,0.0
1.5241390101574241,-1.0264609660243877,0.3980944142519725,0.0,0.0
1.5241390101574241,-0.9642512105077583,0.3944860892543908,0.0,0.0
1.5241390101574241,-0.9020414549911289,0.3911206644980176,0.0,0.0
1.5241390101574241,-0.8398316994744994,0.38799550793852305,0.0,0.0
1.5241390101574241,-0.7776219439578695,0.3851078859911998,0.0,0.0
1.5241390101574241,-0.7154121884412401,0.3824550374009899,0.0,0.0
1.5241390101574241,-0.6532024329246107,0.38003423555216875,0.0,0.0
1.5241390101574241,-0.5909926774079808,0.37784284079714386,0.0,0.0
1.5241390101574241,-0.5287829218913513,0.3758783441992758,0.0,0.0
1.5241390101574241,-0.4665731663747219,0.37413840391011827,0.0,0.0
1.5241390101574241,-0.40436341085809246,0.3726208752390794,0.0,0.0
1.5241390101574241,-0.3421536553414626,0.37132383532398777,0.0,0.0
1.5241390101574241,-0.27994389982483314,0.37024560317433286,0.0,0.0
1.5241390101574241,-0.2177341443082037,0.36938475573433227,0.0,0.0
1.5241390101574241,-0.15552438879157382,0.3687401404993676,0.0,0.0
1.5241390101574241,-0.09331463327494438,0.36831088511537613,0.0,0.0
1.5241390101574241,-0.03110487775831494,0.36809640429498924,0.0,0.0
1.5241390101574241,0.031104877758314498,0.36809640429498924,0.0,0.0
1.5241390101574241,0.09331463327494438,0.36831088511537613,0.0,0.0
1.5241390101574241,0.15552438879157382,0.3687401404993676,0.0,0.0
1.5241390101574241,0.21773414430820326,0.36938475573433227,0.0,0.0
1.5241390101574241,0.2799438998248327,0.3702456031743328,0.0,0.0
1.5241390101574241,0.3421536553414626,0.37132383532398777,0.0,0.0
1.5241390101574241,0.404363410858092,0.3726208752390794,0.0,0.0
1.5241390101574241,0.46657316637472146,0.37413840391011827,0.0,0.0
1.5241390101574241,0.5287829218913513,0.3758783441992758,0.0,0.0
1.5241390101574241,0.5909926774079808,0.37784284079714386,0.0,0.0
1.5241390101574241,0.6532024329246102,0.3800342355521687,0.0,0.0
1.5241390101574241,0.7154121884412397,0.3824550374009899,0.0,0.0
1.5241390101574241,0.7776219439578695,0.3851078859911998,0.0,0.0
1.5241390101574241,0.839831699474499,0.38799550793852305,0.0,0.0
1.5241390101574241,0.9020414549911289,0.3911206644980176,0.0,0.0
1.5241390101574241,0.9642512105077579,0.3944860892543907,0.0,0.0
1.5241390101574241,1.0264609660243877,0.3980944142519725,0.0,0.0
1.5241390101574241,1.0886707215410176,0.4019480827940784,0.0,0.0
1.5241390101574241,1.1508804770576466,0.40604924695062805,0.0,0.0
1.5241390101574241,1.2130902325742765,0.4103996476313449,0.0,0.0
1.5241390101574241,1.2752999880909055,0.4150004749232132,0.0,0.0
1.5241390101574241,1.3375097436075354,0.41985220627408326,0.0,0.0
1.5241390101574241,1.3997194991241653,0.424954420055083,0.0,0.0
1.5241390101574241,1.4619292546407943,0.4303055820868186,0.0,0.0
1.5241390101574241,1.5241390101574241,0.43590280291203326,0.0,0.0
1.5241390101574241,1.586348765674054,0.4417415639954742,0.0,0.0
1.5241390101574241,1.648558521190683,0.4478154116973711,0.0,0.0
1.5241390101574241,1.710768276707313,0.45411561887937796,0.0,0.0
1.5241390101574241,1.7729780322239428,0.4606308154506983,0.0,0.0
1.5241390101574241,1.8351877877405718,0.4673465911430039,0.0,0.0
1.5241390101574241,1.8973975432572017,0.4742450764091516,0.0,0.0
1.5241390101574241,1.9596072987738316,0.4813045106505831,0.0,0.0
1.5241390101574241,2.0218170542904605,0.4884988110342533,0.0,0.0
1.5241390101574241,2.0840268098070904,0.49579715994159085,0.0,0.0
1.5241390101574241,2.1462365653237194,0.5031636344809275,0.0,0.0
1.5241390101574241,2.2084463208403493,0.5105569072333609,0.0,0.0
1.5241390101574241,2.270656076356979,0.5179300530509326,0.0,0.0
1.5241390101574241,2.332865831873608,0.5252305016296179,0.0,0.0
1.5241390101574241,2.395075587390238,0.5324001788517079,0.0,0.0
1.5241390101574241,2.457285342906868,0.5393758804408858,0.0,0.0
1.5241390101574241,2.519495098423497,0.5460899180850214,0.0,0.0
1.5241390101574241,2.581704853940127,0.5524710696811853,0.0,0.0
1.5241390101574241,2.6439146094567567,0.5584458508500036,0.0,0.0
1.5241390101574241,2.7061243649733857,0.5639401040466052,0.0,0.0
1.5241390101574241,2.7683341204900156,0.5688808750734768,0.0,0.0
1.5241390101574241,2.8305438760066455,0.5731985163662671,0.0,0.0
1.5241390101574241,2.8927536315232745,0.576828925137867,0.0,0.0
1.5241390101574241,2.9549633870399044,0.5797157964752678,0.0,0.0
1.5241390101574241,3.0171731425565333,0.5818127514935728,0.0,0.0
1.5241390101574241,3.0793828980731632,0.5830851930887999,0.0,0.0
1.586348765674054,-3.141592653589793,0.5977452090532855,0.0,0.0
1.586348765674054,-3.0793828980731637,0.5972866948404554,0.0,0.0
1.586348765674054,-3.017173142556534,0.5959192169750707,0.0,0.0
1.586348765674054,-2.9549633870399044,0.5936666044032848,0.0,0.0
1.586348765674054,-2.892753631523275,0.5905673861180992,0.0,0.0
1.586348765674054,-2.8305438760066455,0.5866731197079601,0.0,0.0
1.586348765674054,-2.7683341204900156,0.5820462507352724,0.0,0.0
1.586348765674054,-2.706124364973386,0.576757669541511,0.0,0.0
1.586348765674054,-2.6439146094567567,0.5708841401463177,0.0,0.0
1.586348765674054,-2.581704853940127,0.5645057650351633,0.0,0.0
1.586348765674054,-2.5194950984234974,0.5577036239827391,0.0,0.0
1.586348765674054,-2.457285342906868,0.5505576903118814,0.0,0.0
1.586348765674054,-2.395075587390238,0.5431450900161257,0.0,0.0
1.586348765674054,-2.3328658318736086,0.5355387330068572,0.0,0.0
1.586348765674054,-2.270656076356979,0.5278063149501034,0.0,0.0
1.586348765674054,-2.2084463208403498,0.5200096646679999,0.0,0.0
1.586348765674054,-2.1462365653237203,0.5122043963752815,0.0,0.0
1.586348765674054,-2.0840268098070904,0.5044398174998614,0.0,0.0
1.586348765674054,-2.021817054290461,0.496759040245583,0.0,0.0
1.586348765674054,-1.9596072987738313,0.4891992468754762,0.0,0.0
1.586348765674054,-1.897397543257202,0.4817920634278971,0.0,0.0
1.586348765674054,-1.8351877877405722,0.47456400292781115,0.0,0.0
1.586348765674054,-1.7729780322239428,0.4675369461050343,0.0,0.0
1.586348765674054,-1.7107682767073131,0.4607286344582454,0.0,0.0
1.586348765674054,-1.6485585211906835,0.4541531567491696,0.0,0.0
1.586348765674054,-1.586348765674054,0.44782141542871184,0.0,0.0
1.586348765674054,-1.5241390101574244,0.4417415639954742,0.0,0.0
1.586348765674054,-1.461929254640795,0.43591940988172045,0.0,0.0
1.586348765674054,-1.3997194991241653,0.4303587802306114,0.0,0.0
1.586348765674054,-1.3375097436075358,0.4250618499817429,0.0,0.0
1.586348765674054,-1.2752999880909062,0.4200294331404102,0.0,0.0
1.586348765674054,-1.2130902325742767,0.415261239086953,0.0,0.0
1.586348765674054,-1.150880477057647,0.4107560963921179,0.0,0.0
1.586348765674054,-1.0886707215410176,0.40651214693385296,0.0,0.0
1.586348765674054,-1.0264609660243877,0.40252701323581375,0.0,0.0
1.586348765674054,-0.9642512105077583,0.39879794192861645,0.0,0.0
1.586348765674054,-0.9020414549911289,0.39532192611866224,0.0,0.0
1.586348765674054,-0.8398316994744994,0.3920958092719993,0.0,0.0
1.586348765674054,-0.7776219439578695,0.3891163730086454,0.0,0.0
1.586348765674054,-0.7154121884412401,0.38638041097510367,0.0,0.0
1.586348765674054,-0.6532024329246107,0.38388479073269005,0.0,0.0
1.586348765674054,-0.5909926774079808,0.3816265053755452,0.0,0.0
1.586348765674054,-0.5287829218913513,0.37960271638032794,0.0,0.0
1.586348765674054,-0.4665731663747219,0.3778107889926334,0.0,0.0
1.586348765674054,-0.40436341085809246,0.3762483212745094,0.0,0.0
1.586348765674054,-0.3421536553414626,0.37491316777316985,0.0,0.0
1.586348765674054,-0.27994389982483314,0.3738034586224561,0.0,0.0
1.586348765674054,-0.2177341443082037,0.3729176147545478,0.0,0.0
1.586348765674054,-0.15552438879157382,0.37225435977832555,0.0,0.0
1.586348765674054,-0.09331463327494438,0.3718127289708995,0.0,0.0
1.586348765674054,-0.03110487775831494,0.37159207572830094,0.0,0.0
1.586348765674054,0.031104877758314498,0.37159207572830094,0.0,0.0
1.586348765674054,0.09331463327494438,0.3718127289708995,0.0,0.0
1.586348765674054,0.15552438879157382,0.37225435977832555,0.0,0.0
1.586348765674054,0.21773414430820326,0.3729176147545478,0.0,0.0
1.586348765674054,0.2799438998248327,0.37380345862245606,0.0,0.0
1.586348765674054,0.3421536553414626,0.37491316777316985,0.0,0.0
1.586348765674054,0.404363410858092,0.3762483212745094,0.0,0.0
1.586348765674054,0.46657316637472146,0.37781078899263343,0.0,0.0
1.586348765674054,0.5287829218913513,0.37960271638032794,0.0,0.0
1.586348765674054,0.5909926774079808,0.3816265053755452,0.0,0.0
1.586348765674054,0.6532024329246102,0.38388479073269005,0.0,0.0
1.586348765674054,0.7154121884412397,0.3863804109751036,0.0,0.0
1.586348765674054,0.7776219439578695,0.3891163730086454,0.0,0.0
1.586348765674054,0.839831699474499,0.3920958092719992,0.0,0.0
1.586348765674054,0.9020414549911289,0.39532192611866224,0.0,0.0
1.586348765674054,0.9642512105077579,0.39879794192861645,0.0,0.0
1.586348765674054,1.0264609660243877,0.40252701323581375,0.0,0.0
1.586348765674054,1.0886707215410176,0.40651214693385296,0.0,0.0
1.586348765674054,1.1508804770576466,0.4107560963921179,0.0,0.0
1.586348765674054,1.2130902325742765,0.41526123908695295,0.0,0.0
1.586348765674054,1.2752999880909055,0.4200294331404102,0.0,0.0
1.586348765674054,1.3375097436075354,0.4250618499817429,0.0,0.0
1.586348765674054,1.3997194991241653,0.4303587802306114,0.0,0.0
1.586348765674054,1.4619292546407943,0.4359194098817204,0.0,0.0
1.586348765674054,1.5241390101574241,0.4417415639954742,0.0,0.0
1.586348765674054,1.586348765674054,0.44782141542871184,0.0,0.0
1.586348765674054,1.648558521190683,0.45415315674916956,0.0,0.0
1.586348765674054,1.710768276707313,0.4607286344582454,0.0,0.0
1.586348765674054,1.7729780322239428,0.4675369461050343,0.0,0.0
1.586348765674054,1.8351877877405718,0.47456400292781115,0.0,0.0
1.586348765674054,1.8973975432572017,0.48179206342789704,0.0,0.0
1.586348765674054,1.9596072987738316,0.4891992468754762,0.0,0.0
1.586348765674054,2.0218170542904605,0.4967590402455829,0.0,0.0
1.586348765674054,2.0840268098070904,0.5044398174998614,0.0,0.0
1.586348765674054,2.1462365653237194,0.5122043963752814,0.0,0.0
1.586348765674054,2.2084463208403493,0.5200096646679999,0.0,0.0
1.586348765674054,2.270656076356979,0.5278063149501034,0.0,0.0
1.586348765674054,2.332865831873608,0.5355387330068572,0.0,0.0
1.586348765674054,2.395075587390238,0.5431450900161257,0.0,0.0
1.586348765674054,2.457285342906868,0.5505576903118814,0.0,0.0
1.586348765674054,2.519495098423497,0.557703623982739,0.0,0.0
1.586348765674054,2.581704853940127,0.5645057650351633,0.0,0.0
1.586348765674054,2.6439146094567567,0.5708841401463177,0.0,0.0
1.586348765674054,2.7061243649733857,0.576757669541511,0.0,0.0
1.586348765674054,2.7683341204900156,0.5820462507352724,0.0,0.0
1.586348765674054,2.8305438760066455,0.5866731197079601,0.0,0.0
1.586348765674054,2.8927536315232745,0.5905673861180992,0.0,0.0
1.586348765674054,2.9549633870399044,0.5936666044032848,0.0,0.0
1.586348765674054,3.0171731425565333,0.5959192169750707,0.0,0.0
1.586348765674054,3.0793828980731632,0.5972866948404554,0.0,0.0
1.648558521190683,-3.141592653589793,0.613058384065656,0.0,0.0
1.648558521190683,-3.0793828980731637,0.6125637499402834,0.0,0.0
1.648558521190683,-3.017173142556534,0.6110888978841883,0.0,0.0
1.648558521190683,-2.9549633870399044,0.608660550974232,0.0,0.0
1.648558521190683,-2.892753631523275,0.6053218604696725,0.0,0.0
1.648558521190683,-2.8305438760066455,0.6011304559770635,0.0,0.0
1.648558521190683,-2.7683341204900156,0.5961559580137548,0.0,0.0
1.648558521190683,-2.706124364973386,0.5904771538014658,0.0,0.0
1.648558521190683,-2.6439146094567567,0.5841790448773692,0.0,0.0
1.648558521190683,-2.581704853940127,0.5773499596118342,0.0,0.0
1.648558521190683,-2.5194950984234974,0.5700788905602877,0.0,0.0
1.648558521190683,-2.457285342906868,0.5624531730983561,0.0,0.0
1.648558521190683,-2.395075587390238,0.5545565753890762,0.0,0.0
1.648558521190683,-2.3328658318736086,0.5464678265359907,0.0,0.0
1.648558521190683,-2.270656076356979,0.5382595739328394,0.0,0.0
1.648558521190683,-2.2084463208403498,0.5299977343698193,0.0,0.0
1.648558521190683,-2.1462365653237203,0.5217411866388064,0.0,0.0
1.648558521190683,-2.0840268098070904,0.5135417451654455,0.0,0.0
1.648558521190683,-2.021817054290461,0.5054443528497325,0.0,0.0
1.648558521190683,-1.9596072987738313,0.49748743485934266,0.0,0.0
1.648558521190683,-1.897397543257202,0.48970336174632784,0.0,0.0
1.648558521190683,-1.8351877877405722,0.48211897840987167,0.0,0.0
1.648558521190683,-1.7729780322239428,0.4747561639482071,0.0,0.0
1.648558521190683,-1.7107682767073131,0.4676323955468025,0.0,0.0
1.648558521190683,-1.6485585211906835,0.46076129677104816,0.0,0.0
1.648558521190683,-1.586348765674054,0.45415315674916956,0.0,0.0
1.648558521190683,-1.5241390101574244,0.4478154116973712,0.0,0.0
1.648558521190683,-1.461929254640795,0.4417530841169759,0.0,0.0
1.648558521190683,-1.3997194991241653,0.43596917790668555,0.0,0.0
1.648558521190683,-1.3375097436075358,0.4304650297323215,0.0,0.0
1.648558521190683,-1.2752999880909062,0.4252406184348286,0.0,0.0
1.648558521190683,-1.2130902325742767,0.4202948351774318,0.0,0.0
1.648558521190683,-1.150880477057647,0.41562571755926164,0.0,0.0
1.648558521190683,-1.0886707215410176,0.41123065115976004,0.0,0.0
1.648558521190683,-1.0264609660243877,0.4071065420099043,0.0,0.0
1.648558521190683,-0.9642512105077583,0.4032499633786505,0.0,0.0
1.648558521190683,-0.9020414549911289,0.39965728006619516,0.0,0.0
1.648558521190683,-0.8398316994744994,0.3963247531469237,0.0,0.0
1.648558521190683,-0.7776219439578695,0.39324862783104386,0.0,0.0
1.648558521190683,-0.7154121884412401,0.39042520683360854,0.0,0.0
1.648558521190683,-0.6532024329246107,0.3878509113654012,0.0,0.0
1.648558521190683,-0.5909926774079808,0.3855223315998743,0.0,0.0
1.648558521190683,-0.5287829218913513,0.38343626822851895,0.0,0.0
1.648558521190683,-0.4665731663747219,0.38158976649580684,0.0,0.0
1.648558521190683,-0.40436341085809246,0.37998014390464807,0.0,0.0
1.648558521190683,-0.3421536553414626,0.37860501260346974,0.0,0.0
1.648558521190683,-0.27994389982483314,0.37746229730515984,0.0,0.0
1.648558521190683,-0.2177341443082037,0.37655024944440957,0.0,0.0
1.648558521190683,-0.15552438879157382,0.37586745815134864,0.0,0.0
1.648558521190683,-0.09331463327494438,0.3754128585036271,0.0,0.0
1.648558521190683,-0.03110487775831494,0.3751857374140174,0.0,0.0
1.648558521190683,0.031104877758314498,0.3751857374140174,0.0,0.0
1.648558521190683,0.09331463327494438,0.3754128585036271,0.0,0.0
1.648558521190683,0.15552438879157382,0.37586745815134864,0.0,0.0
1.648558521190683,0.21773414430820326,0.37655024944440957,0.0,0.0
1.648558521190683,0.2799438998248327,0.37746229730515984,0.0,0.0
1.648558521190683,0.3421536553414626,0.37860501260346974,0.0,0.0
1.648558521190683,0.404363410858092,0.37998014390464807,0.0,0.0
1.648558521190683,0.46657316637472146,0.38158976649580684,0.0,0.0
1.648558521190683,0.5287829218913513,0.38343626822851895,0.0,0.0
1.648558521190683,0.5909926774079808,0.3855223315998743,0.0,0.0
1.648558521190683,0.6532024329246102,0.38785091136540106,0.0,0.0
1.648558521190683,0.7154121884412397,0.3904252068336085,0.0,0.0
1.648558521190683,0.7776219439578695,0.39324862783104386,0.0,0.0
1.648558521190683,0.839831699474499,0.3963247531469237,0.0,0.0
1.648558521190683,0.9020414549911289,0.39965728006619516,0.0,0.0
1.648558521190683,0.9642512105077579,0.4032499633786505,0.0,0.0
1.648558521190683,1.0264609660243877,0.4071065420099043,0.0,0.0
1.648558521190683,1.0886707215410176,0.41123065115976004,0.0,0.0
1.648558521190683,1.1508804770576466,0.4156257175592616,0.0,0.0
1.648558521190683,1.2130902325742765,0.42029483517743177,0.0,0.0
1.648558521190683,1.2752999880909055,0.4252406184348285,0.0,0.0
1.648558521190683,1.3375097436075354,0.4304650297323215,0.0,0.0
1.648558521190683,1.3997194991241653,0.43596917790668555,0.0,0.0
1.648558521190683,1.4619292546407943,0.44175308411697584,0.0,0.0
1.648558521190683,1.5241390101574241,0.4478154116973711,0.0,0.0
1.648558521190683,1.586348765674054,0.45415315674916956,0.0,0.0
1.648558521190683,1.648558521190683,0.46076129677104816,0.0,0.0
1.648558521190683,1.710768276707313,0.4676323955468025,0.0,0.0
1.648558521190683,1.7729780322239428,0.4747561639482071,0.0,0.0
1.648558521190683,1.8351877877405718,0.48211897840987167,0.0,0.0
1.648558521190683,1.8973975432572017,0.48970336174632784,0.0,0.0
1.648558521190683,1.9596072987738316,0.49748743485934277,0.0,0.0
1.648558521190683,2.0218170542904605,0.5054443528497325,0.0,0.0
1.648558521190683,2.0840268098070904,0.5135417451654455,0.0,0.0
1.648558521190683,2.1462365653237194,0.5217411866388064,0.0,0.0
1.648558521190683,2.2084463208403493,0.5299977343698193,0.0,0.0
1.648558521190683,2.270656076356979,0.5382595739328394,0.0,0.0
1.648558521190683,2.332865831873608,0.5464678265359907,0.0,0.0
1.648558521190683,2.395075587390238,0.5545565753890762,0.0,0.0
1.648558521190683,2.457285342906868,0.5624531730983561,0.0,0.0
1.648558521190683,2.519495098423497,0.5700788905602876,0.0,0.0
1.648558521190683,2.581704853940127,0.5773499596118342,0.0,0.0
1.648558521190683,2.6439146094567567,0.5841790448773692,0.0,0.0
1.648558521190683,2.7061243649733857,0.5904771538014657,0.0,0.0
1.648558521190683,2.7683341204900156,0.5961559580137548,0.0,0.0
1.648558521190683,2.8305438760066455,0.6011304559770635,0.0,0.0
1.648558521190683,2.8927536315232745,0.6053218604696724,0.0,0.0
1.648558521190683,2.9549633870399044,0.608660550974232,0.0,0.0
1.648558521190683,3.0171731425565333,0.6110888978841883,0.0,0.0
1.648558521190683,3.0793828980731632,0.6125637499402833,0.0,0.0
1.710768276707313,-3.141592653589793,0.6295288257301758,0.0,0.0
1.710768276707313,-3.0793828980731637,0.6289932796834533,0.0,0.0
1.710768276707313,-3.017173142556534,0.6273968587597902,0.0,0.0
1.710768276707313,-2.9549633870399044,0.6247697093657008,0.0,0.0
1.710768276707313,-2.892753631523275,0.6211604395970514,0.0,0.0
1.710768276707313,-2.8305438760066455,0.6166338266943711,0.0,0.0
1.710768276707313,-2.7683341204900156,0.6112679049321514,0.0,0.0
1.710768276707313,-2.706124364973386,0.6051506782705057,0.0,0.0
1.710768276707313,-2.6439146094567567,0.5983767088998287,0.0,0.0
1.710768276707313,-2.581704853940127,0.5910438108181074,0.0,0.0
1.710768276707313,-2.5194950984234974,0.5832500343715686,0.0,0.0
1.710768276707313,-2.457285342906868,0.5750910728661839,0.0,0.0
1.710768276707313,-2.395075587390238,0.5666581652952958,0.0,0.0
1.710768276707313,-2.3328658318736086,0.5580365174181702,0.0,0.0
1.710768276707313,-2.270656076356979,0.5493042216590875,0.0,0.0
1.710768276707313,-2.2084463208403498,0.5405316266408875,0.0,0.0
1.710768276707313,-2.1462365653237203,0.5317810894586658,0.0,0.0
1.710768276707313,-2.0840268098070904,0.523107036395503,0.0,0.0
1.710768276707313,-2.021817054290461,0.514556258302776,0.0,0.0
1.710768276707313,-1.9596072987738313,0.5061683727925402,0.0,0.0
1.710768276707313,-1.897397543257202,0.49797639445148095,0.0,0.0
1.710768276707313,-1.8351877877405722,0.4900073646721252,0.0,0.0
1.710768276707313,-1.7729780322239428,0.48228300310287725,0.0,0.0
1.710768276707313,-1.7107682767073131,0.47482035230792674,0.0,0.0
1.710768276707313,-1.6485585211906835,0.4676323955468025,0.0,0.0
1.710768276707313,-1.586348765674054,0.4607286344582454,0.0,0.0
1.710768276707313,-1.5241390101574244,0.45411561887937807,0.0,0.0
1.710768276707313,-1.461929254640795,0.4477974251760539,0.0,0.0
1.710768276707313,-1.3997194991241653,0.4417760824862998,0.0,0.0
1.710768276707313,-1.3375097436075358,0.4360519483850399,0.0,0.0
1.710768276707313,-1.2752999880909062,0.43062403685650924,0.0,0.0
1.710768276707313,-1.2130902325742767,0.4254903022820836,0.0,0.0
1.710768276707313,-1.150880477057647,0.4206478835606957,0.0,0.0
1.710768276707313,-1.0886707215410176,0.4160933125945686,0.0,0.0
1.710768276707313,-1.0264609660243877,0.41182269128756915,0.0,0.0
1.710768276707313,-0.9642512105077583,0.40783184098801906,0.0,0.0
1.710768276707313,-0.9020414549911289,0.40411642801502595,0.0,0.0
1.710768276707313,-0.8398316994744994,0.40067206857532034,0.0,0.0
1.710768276707313,-0.7776219439578695,0.3974944160327743,0.0,0.0
1.710768276707313,-0.7154121884412401,0.3945792331530283,0.0,0.0
1.710768276707313,-0.6532024329246107,0.39192245162227735,0.0,0.0
1.710768276707313,-0.5909926774079808,0.38952022083882637,0.0,0.0
1.710768276707313,-0.5287829218913513,0.3873689477017437,0.0,0.0
1.710768276707313,-0.4665731663747219,0.38546532887370827,0.0,0.0
1.710768276707313,-0.40436341085809246,0.38380637677432605,0.0,0.0
1.710768276707313,-0.3421536553414626,0.38238944036414946,0.0,0.0
1.710768276707313,-0.27994389982483314,0.3812122216061596,0.0,0.0
1.710768276707313,-0.2177341443082037,0.38027278833802763,0.0,0.0
1.710768276707313,-0.15552438879157382,0.3795695841524057,0.0,0.0
1.710768276707313,-0.09331463327494438,0.3791014357611191,0.0,0.0
1.710768276707313,-0.03110487775831494,0.37886755820981616,0.0,0.0
1.710768276707313,0.031104877758314498,0.37886755820981616,0.0,0.0
1.710768276707313,0.09331463327494438,0.3791014357611191,0.0,0.0
1.710768276707313,0.15552438879157382,0.3795695841524057,0.0,0.0
1.710768276707313,0.21773414430820326,0.38027278833802763,0.0,0.0
1.710768276707313,0.2799438998248327,0.3812122216061596,0.0,0.0
1.710768276707313,0.3421536553414626,0.38238944036414946,0.0,0.0
1.710768276707313,0.404363410858092,0.383806376774326,0.0,0.0
1.710768276707313,0.46657316637472146,0.38546532887370827,0.0,0.0
1.710768276707313,0.5287829218913513,0.3873689477017437,0.0,0.0
1.710768276707313,0.5909926774079808,0.38952022083882637,0.0,0.0
1.710768276707313,0.6532024329246102,0.3919224516222773,0.0,0.0
1.710768276707313,0.7154121884412397,0.3945792331530283,0.0,0.0
1.710768276707313,0.7776219439578695,0.3974944160327743,0.0,0.0
1.710768276707313,0.839831699474499,0.4006720685753203,0.0,0.0
1.710768276707313,0.9020414549911289,0.40411642801502595,0.0,0.0
1.710768276707313,0.9642512105077579,0.40783184098801906,0.0,0.0
1.710768276707313,1.0264609660243877,0.41182269128756915,0.0,0.0
1.710768276707313,1.0886707215410176,0.4160933125945686,0.0,0.0
1.710768276707313,1.1508804770576466,0.4206478835606956,0.0,0.0
1.710768276707313,1.2130902325742765,0.4254903022820836,0.0,0.0
1.710768276707313,1.2752999880909055,0.4306240368565092,0.0,0.0
1.710768276707313,1.3375097436075354,0.4360519483850399,0.0,0.0
1.710768276707313,1.3997194991241653,0.4417760824862998,0.0,0.0
1.710768276707313,1.4619292546407943,0.4477974251760539,0.0,0.0
1.710768276707313,1.5241390101574241,0.45411561887937796,0.0,0.0
1.710768276707313,1.586348765674054,0.4607286344582454,0.0,0.0
1.710768276707313,1.648558521190683,0.4676323955468025,0.0,0.0
1.710768276707313,1.710768276707313,0.47482035230792674,0.0,0.0
1.710768276707313,1.7729780322239428,0.48228300310287725,0.0,0.0
1.710768276707313,1.8351877877405718,0.4900073646721252,0.0,0.0
1.710768276707313,1.8973975432572017,0.49797639445148095,0.0,0.0
1.710768276707313,1.9596072987738316,0.5061683727925402,0.0,0.0
1.710768276707313,2.0218170542904605,0.5145562583027758,0.0,0.0
1.710768276707313,2.0840268098070904,0.523107036395503,0.0,0.0
1.710768276707313,2.1462365653237194,0.5317810894586656,0.0,0.0
1.710768276707313,2.2084463208403493,0.5405316266408874,0.0,0.0
1.710768276707313,2.270656076356979,0.5493042216590875,0.0,0.0
1.710768276707313,2.332865831873608,0.5580365174181701,0.0,0.0
1.710768276707313,2.395075587390238,0.5666581652952958,0.0,0.0
1.710768276707313,2.457285342906868,0.5750910728661839,0.0,0.0
1.710768276707313,2.519495098423497,0.5832500343715686,0.0,0.0
1.710768276707313,2.581704853940127,0.5910438108181074,0.0,0.0
1.710768276707313,2.6439146094567567,0.5983767088998287,0.0,0.0
1.710768276707313,2.7061243649733857,0.6051506782705056,0.0,0.0
1.710768276707313,2.7683341204900156,0.6112679049321514,0.0,0.0
1.710768276707313,2.8305438760066455,0.6166338266943711,0.0,0.0
1.710768276707313,2.8927536315232745,0.6211604395970514,0.0,0.0
1.710768276707313,2.9549633870399044,0.6247697093657008,0.0,0.0
1.710768276707313,3.0171731425565333,0.6273968587597902,0.0,0.0
1.710768276707313,3.0793828980731632,0.6289932796834533,0.0,0.0
1.7729780322239428,-3.141592653589793,0.6472396474213991,0.0,0.0
1.7729780322239428,-3.0793828980731637,0.6466576598876486,0.0,0.0
1.7729780322239428,-3.017173142556534,0.6449233024956434,0.0,0.0
1.7729780322239428,-2.9549633870399044,0.6420707892281714,0.0,0.0
1.7729780322239428,-2.892753631523275,0.6381551980743027,0.0,0.0
1.7729780322239428,-2.8305438760066455,0.6332497538843797,0.0,0.0
1.7729780322239428,-2.7683341204900156,0.6274423932072255,0.0,0.0
1.7729780322239428,-2.706124364973386,0.6208319111125499,0.0,0.0
1.7729780322239428,-2.6439146094567567,0.6135239948042576,0.0,0.0
1.7729780322239428,-2.581704853940127,0.6056274176824986,0.0,0.0
1.7729780322239428,-2.5194950984234974,0.5972506107830514,0.0,0.0
1.7729780322239428,-2.457285342906868,0.588498758883235,0.0,0.0
1.7729780322239428,-2.395075587390238,0.5794714979793608,0.0,0.0
1.7729780322239428,-2.3328658318736086,0.5702612284846907,0.0,0.0
1.7729780322239428,-2.270656076356979,0.5609520098524118,0.0,0.0
1.7729780322239428,-2.2084463208403498,0.5516189693310626,0.0,0.0
1.7729780322239428,-2.1462365653237203,0.5423281393983406,0.0,0.0
1.7729780322239428,-2.0840268098070904,0.5331366325796488,0.0,0.0
1.7729780322239428,-2.021817054290461,0.5240930656010278,0.0,0.0
1.7729780322239428,-1.9596072987738313,0.5152381539224862,0.0,0.0
1.7729780322239428,-1.897397543257202,0.5066054098744368,0.0,0.0
1.7729780322239428,-1.8351877877405722,0.49822189075768586,0.0,0.0
1.7729780322239428,-1.7729780322239428,0.4901089559177856,0.0,0.0
1.7729780322239428,-1.7107682767073131,0.48228300310287725,0.0,0.0
1.7729780322239428,-1.6485585211906835,0.4747561639482071,0.0,0.0
1.7729780322239428,-1.586348765674054,0.4675369461050343,0.0,0.0
1.7729780322239428,-1.5241390101574244,0.4606308154506983,0.0,0.0
1.7729780322239428,-1.461929254640795,0.45404071619225983,0.0,0.0
1.7729780322239428,-1.3997194991241653,0.44776752976411216,0.0,0.0
1.7729780322239428,-1.3375097436075358,0.441810475478158,0.0,0.0
1.7729780322239428,-1.2752999880909062,0.43616745714982275,0.0,0.0
1.7729780322239428,-1.2130902325742767,0.4308353605975287,0.0,0.0
1.7729780322239428,-1.150880477057647,0.42581030716419344,0.0,0.0
1.7729780322239428,-1.0886707215410176,0.42108786836891343,0.0,0.0
1.7729780322239428,-1.0264609660243877,0.4166632465664632,0.0,0.0
1.7729780322239428,-0.9642512105077583,0.4125314261468797,0.0,0.0
1.7729780322239428,-0.9020414549911289,0.40868729940154275,0.0,0.0
1.7729780322239428,-0.8398316994744994,0.40512577075377476,0.0,0.0
1.7729780322239428,-0.7776219439578695,0.40184184262654843,0.0,0.0
1.7729780322239428,-0.7154121884412401,0.3988306858136307,0.0,0.0
1.7729780322239428,-0.6532024329246107,0.39608769684292877,0.0,0.0
1.7729780322239428,-0.5909926774079808,0.39360854447670596,0.0,0.0
1.7729780322239428,-0.5287829218913513,0.39138920718424824,0.0,0.0
1.7729780322239428,-0.4665731663747219,0.38942600314785153,0.0,0.0
1.7729780322239428,-0.40436341085809246,0.387715614120715,0.0,0.0
1.7729780322239428,-0.3421536553414626,0.3862551042426784,0.0,0.0
1.7729780322239428,-0.27994389982483314,0.38504193473358195,0.0,0.0
1.7729780322239428,-0.2177341443082037,0.38407397522100384,0.0,0.0
1.7729780322239428,-0.15552438879157382,0.38334951231593534,0.0,0.0
1.7729780322239428,-0.09331463327494438,0.38286725592335047,0.0,0.0
1.7729780322239428,-0.03110487775831494,0.38262634366153586,0.0,0.0
1.7729780322239428,0.031104877758314498,0.38262634366153586,0.0,0.0
1.7729780322239428,0.09331463327494438,0.38286725592335047,0.0,0.0
1.7729780322239428,0.15552438879157382,0.38334951231593534,0.0,0.0
1.7729780322239428,0.21773414430820326,0.38407397522100384,0.0,0.0
1.7729780322239428,0.2799438998248327,0.38504193473358195,0.0,0.0
1.7729780322239428,0.3421536553414626,0.3862551042426784,0.0,0.0
1.7729780322239428,0.404363410858092,0.387715614120715,0.0,0.0
1.7729780322239428,0.46657316637472146,0.38942600314785153,0.0,0.0
1.7729780322239428,0.5287829218913513,0.39138920718424824,0.0,0.0
1.7729780322239428,0.5909926774079808,0.39360854447670596,0.0,0.0
1.7729780322239428,0.6532024329246102,0.3960876968429287,0.0,0.0
1.7729780322239428,0.7154121884412397,0.3988306858136307,0.0,0.0
1.7729780322239428,0.7776219439578695,0.40184184262654843,0.0,0.0
1.7729780322239428,0.839831699474499,0.40512577075377476,0.0,0.0
1.7729780322239428,0.9020414549911289,0.40868729940154275,0.0,0.0
1.7729780322239428,0.9642512105077579,0.4125314261468797,0.0,0.0
1.7729780322239428,1.0264609660243877,0.4166632465664632,0.0,0.0
1.7729780322239428,1.0886707215410176,0.42108786836891343,0.0,0.0
1.7729780322239428,1.1508804770576466,0.42581030716419344,0.0,0.0
1.7729780322239428,1.2130902325742765,0.4308353605975286,0.0,0.0
1.7729780322239428,1.2752999880909055,0.4361674571498227,0.0,0.0
1.7729780322239428,1.3375097436075354,0.44181047547815794,0.0,0.0
1.7729780322239428,1.3997194991241653,0.44776752976411216,0.0,0.0
1.7729780322239428,1.4619292546407943,0.45404071619225983,0.0,0.0
1.7729780322239428,1.5241390101574241,0.4606308154506983,0.0,0.0
1.7729780322239428,1.586348765674054,0.4675369461050343,0.0,0.0
1.7729780322239428,1.648558521190683,0.4747561639482071,0.0,0.0
1.7729780322239428,1.710768276707313,0.48228300310287725,0.0,0.0
1.7729780322239428,1.7729780322239428,0.4901089559177856,0.0,0.0
1.7729780322239428,1.8351877877405718,0.49822189075768575,0.0,0.0
1.7729780322239428,1.8973975432572017,0.5066054098744368,0.0,0.0
1.7729780322239428,1.9596072987738316,0.5152381539224862,0.0,0.0
1.7729780322239428,2.0218170542904605,0.5240930656010276,0.0,0.0
1.7729780322239428,2.0840268098070904,0.5331366325796488,0.0,0.0
1.7729780322239428,2.1462365653237194,0.5423281393983405,0.0,0.0
1.7729780322239428,2.2084463208403493,0.5516189693310625,0.0,0.0
1.7729780322239428,2.270656076356979,0.5609520098524118,0.0,0.0
1.7729780322239428,2.332865831873608,0.5702612284846907,0.0,0.0
1.7729780322239428,2.395075587390238,0.5794714979793608,0.0,0.0
1.7729780322239428,2.457285342906868,0.588498758883235,0.0,0.0
1.7729780322239428,2.519495098423497,0.5972506107830513,0.0,0.0
1.7729780322239428,2.581704853940127,0.6056274176824986,0.0,0.0
1.7729780322239428,2.6439146094567567,0.6135239948042576,0.0,0.0
1.7729780322239428,2.7061243649733857,0.6208319111125498,0.0,0.0
1.7729780322239428,2.7683341204900156,0.6274423932072255,0.0,0.0
1.7729780322239428,2.8305438760066455,0.6332497538843797,0.0,0.0
1.7729780322239428,2.8927536315232745,0.6381551980743027,0.0,0.0
1.7729780322239428,2.9549633870399044,0.6420707892281714,0.0,0.0
1.7729780322239428,3.0171731425565333,0.6449233024956433,0.0,0.0
1.7729780322239428,3.0793828980731632,0.6466576598876485,0.0,0.0
1.8351877877405718,-3.141592653589793,0.6662791605811206,0.0,0.0
1.8351877877405718,-3.0793828980731637,0.6656443384233423,0.0,0.0
1.8351877877405718,-3.017173142556534,0.6637531358635145,0.0,0.0
1.8351877877405718,-2.9549633870399044,0.6606446220183854,0.0,0.0
1.8351877877405718,-2.892753631523275,0.6563815792236096,0.0,0.0
1.8351877877405718,-2.8305438760066455,0.6510472564357486,0.0,0.0
1.8351877877405718,-2.7683341204900156,0.6447412860939746,0.0,0.0
1.8351877877405718,-2.706124364973386,0.6375751362302229,0.0,0.0
1.8351877877405718,-2.6439146094567567,0.6296674707367176,0.0,0.0
1.8351877877405718,-2.581704853940127,0.6211397465754057,0.0,0.0
1.8351877877405718,-2.5194950984234974,0.6121123016810023,0.0,0.0
1.8351877877405718,-2.457285342906868,0.6027010982342522,0.0,0.0
1.8351877877405718,-2.395075587390238,0.5930151982225719,0.0,0.0
1.8351877877405718,-2.3328658318736086,0.5831549729877643,0.0,0.0
1.8351877877405718,-2.270656076356979,0.5732109919459056,0.0,0.0
1.8351877877405718,-2.2084463208403498,0.5632634993963572,0.0,0.0
1.8351877877405718,-2.1462365653237203,0.5533823704861126,0.0,0.0
1.8351877877405718,-2.0840268098070904,0.5436274342227421,0.0,0.0
1.8351877877405718,-2.021817054290461,0.5340490585581502,0.0,0.0
1.8351877877405718,-1.9596072987738313,0.5246889058781655,0.0,0.0
1.8351877877405718,-1.897397543257202,0.5155807833624143,0.0,0.0
1.8351877877405718,-1.8351877877405722,0.5067515291771612,0.0,0.0
1.8351877877405718,-1.7729780322239428,0.49822189075768575,0.0,0.0
1.8351877877405718,-1.7107682767073131,0.4900073646721252,0.0,0.0
1.8351877877405718,-1.6485585211906835,0.48211897840987167,0.0,0.0
1.8351877877405718,-1.586348765674054,0.47456400292781115,0.0,0.0
1.8351877877405718,-1.5241390101574244,0.467346591143004,0.0,0.0
1.8351877877405718,-1.461929254640795,0.4604683421025323,0.0,0.0
1.8351877877405718,-1.3997194991241653,0.45392879363610866,0.0,0.0
1.8351877877405718,-1.3375097436075358,0.44772584823211165,0.0,0.0
1.8351877877405718,-1.2752999880909062,0.4418561379598826,0.0,0.0
1.8351877877405718,-1.2130902325742767,0.43631533472859296,0.0,0.0
1.8351877877405718,-1.150880477057647,0.43109841221541284,0.0,0.0
1.8351877877405718,-1.0886707215410176,0.4261998655588767,0.0,0.0
1.8351877877405718,-1.0264609660243877,0.42161389450580355,0.0,0.0
1.8351877877405718,-0.9642512105077583,0.41733455520026236,0.0,0.0
1.8351877877405718,-0.9020414549911289,0.4133558852655516,0.0,0.0
1.8351877877405718,-0.8398316994744994,0.4096720062917094,0.0,0.0
1.8351877877405718,-0.7776219439578695,0.40627720732504585,0.0,0.0
1.8351877877405718,-0.7154121884412401,0.4031660124763726,0.0,0.0
1.8351877877405718,-0.6532024329246107,0.40033323532801457,0.0,0.0
1.8351877877405718,-0.5909926774079808,0.39777402242873905,0.0,0.0
1.8351877877405718,-0.5287829218913513,0.39548388781985694,0.0,0.0
1.8351877877405718,-0.4665731663747219,0.3934587402324477,0.0,0.0
1.8351877877405718,-0.40436341085809246,0.3916949043314028,0.0,0.0
1.8351877877405718,-0.3421536553414626,0.3901891371526718,0.0,0.0
1.8351877877405718,-0.27994389982483314,0.3889386406814648,0.0,0.0
1.8351877877405718,-0.2177341443082037,0.387941071346983,0.0,0.0
1.8351877877405718,-0.15552438879157382,0.3871945470594686,0.0,0.0
1.8351877877405718,-0.09331463327494438,0.38669765228415315,0.0,0.0
1.8351877877405718,-0.03110487775831494,0.38644944153048355,0.0,0.0
1.8351877877405718,0.031104877758314498,0.38644944153048355,0.0,0.0
1.8351877877405718,0.09331463327494438,0.38669765228415315,0.0,0.0
1.8351877877405718,0.15552438879157382,0.3871945470594686,0.0,0.0
1.8351877877405718,0.21773414430820326,0.387941071346983,0.0,0.0
1.8351877877405718,0.2799438998248327,0.3889386406814648,0.0,0.0
1.8351877877405718,0.3421536553414626,0.3901891371526718,0.0,0.0
1.8351877877405718,0.404363410858092,0.3916949043314028,0.0,0.0
1.8351877877405718,0.46657316637472146,0.39345874023244776,0.0,0.0
1.8351877877405718,0.5287829218913513,0.39548388781985694,0.0,0.0
1.8351877877405718,0.5909926774079808,0.39777402242873905,0.0,0.0
1.8351877877405718,0.6532024329246102,0.4003332353280145,0.0,0.0
1.8351877877405718,0.7154121884412397,0.40316601247637257,0.0,0.0
1.8351877877405718,0.7776219439578695,0.40627720732504585,0.0,0.0
1.8351877877405718,0.839831699474499,0.4096720062917094,0.0,0.0
1.8351877877405718,0.9020414549911289,0.4133558852655516,0.0,0.0
1.8351877877405718,0.9642512105077579,0.41733455520026236,0.0,0.0
1.8351877877405718,1.0264609660243877,0.42161389450580355,0.0,0.0
1.8351877877405718,1.0886707215410176,0.4261998655588767,0.0,0.0
1.8351877877405718,1.1508804770576466,0.43109841221541284,0.0,0.0
1.8351877877405718,1.2130902325742765,0.4363153347285929,0.0,0.0
1.8351877877405718,1.2752999880909055,0.44185613795988254,0.0,0.0
1.8351877877405718,1.3375097436075354,0.4477258482321116,0.0,0.0
1.8351877877405718,1.3997194991241653,0.45392879363610866,0.0,0.0
1.8351877877405718,1.4619292546407943,0.4604683421025323,0.0,0.0
1.8351877877405718,1.5241390101574241,0.4673465911430039,0.0,0.0
1.8351877877405718,1.586348765674054,0.47456400292781115,0.0,0.0
1.8351877877405718,1.648558521190683,0.48211897840987167,0.0,0.0
1.8351877877405718,1.710768276707313,0.4900073646721252,0.0,0.0
1.8351877877405718,1.7729780322239428,0.49822189075768575,0.0,0.0
1.8351877877405718,1.8351877877405718,0.506751529177161,0.0,0.0
1.8351877877405718,1.8973975432572017,0.5155807833624143,0.0,0.0
1.8351877877405718,1.9596072987738316,0.5246889058781656,0.0,0.0
1.8351877877405718,2.0218170542904605,0.5340490585581501,0.0,0.0
1.8351877877405718,2.0840268098070904,0.5436274342227421,0.0,0.0
1.8351877877405718,2.1462365653237194,0.5533823704861125,0.0,0.0
1.8351877877405718,2.2084463208403493,0.5632634993963571,0.0,0.0
1.8351877877405718,2.270656076356979,0.5732109919459056,0.0,0.0
1.8351877877405718,2.332865831873608,0.5831549729877643,0.0,0.0
1.8351877877405718,2.395075587390238,0.5930151982225719,0.0,0.0
1.8351877877405718,2.457285342906868,0.6027010982342522,0.0,0.0
1.8351877877405718,2.519495098423497,0.6121123016810021,0.0,0.0
1.8351877877405718,2.581704853940127,0.6211397465754057,0.0,0.0
1.8351877877405718,2.6439146094567567,0.6296674707367176,0.0,0.0
1.8351877877405718,2.7061243649733857,0.6375751362302228,0.0,0.0
1.8351877877405718,2.7683341204900156,0.6447412860939746,0.0,0.0
1.8351877877405718,2.8305438760066455,0.6510472564357486,0.0,0.0
1.8351877877405718,2.8927536315232745,0.6563815792236096,0.0,0.0
1.8351877877405718,2.9549633870399044,0.6606446220183854,0.0,0.0
1.8351877877405718,3.0171731425565333,0.6637531358635145,0.0,0.0
1.8351877877405718,3.0793828980731632,0.6656443384233423,0.0,0.0
1.8973975432572017,-3.141592653589793,0.6867401125138324,0.0,0.0
1.8973975432572017,-3.0793828980731637,0.686045053082806,0.0,0.0
1.8973975432572017,-3.017173142556534,0.6839751301794629,0.0,0.0
1.8973975432572017,-2.9549633870399044,0.6805752344518794,0.0,0.0
1.8973975432572017,-2.892753631523275,0.6759173620217663,0.0,0.0
1.8973975432572017,-2.8305438760066455,0.6700967034521235,0.0,0.0
1.8973975432572017,-2.7683341204900156,0.663226753281021,0.0,0.0
1.8973975432572017,-2.706124364973386,0.6554339051337114,0.0,0.0
1.8973975432572017,-2.6439146094567567,0.6468519921847308,0.0,0.0
1.8973975432572017,-2.581704853940127,0.6376171701405823,0.0,0.0
1.8973975432572017,-2.5194950984234974,0.627863439965395,0.0,0.0
1.8973975432572017,-2.457285342906868,0.6177189929099514,0.0,0.0
1.8973975432572017,-2.395075587390238,0.6073034508272621,0.0,0.0
1.8973975432572017,-2.3328658318736086,0.5967259839551458,0.0,0.0
1.8973975432572017,-2.270656076356979,0.58608422303459,0.0,0.0
1.8973975432572017,-2.2084463208403498,0.5754638435244662,0.0,0.0
1.8973975432572017,-2.1462365653237203,0.5649386833823844,0.0,0.0
1.8973975432572017,-2.0840268098070904,0.5545712569571398,0.0,0.0
1.8973975432572017,-2.021817054290461,0.5444135401139576,0.0,0.0
1.8973975432572017,-1.9596072987738313,0.5345079205753723,0.0,0.0
1.8973975432572017,-1.897397543257202,0.5248882285602596,0.0,0.0
1.8973975432572017,-1.8351877877405722,0.5155807833624143,0.0,0.0
1.8973975432572017,-1.7729780322239428,0.5066054098744368,0.0,0.0
1.8973975432572017,-1.7107682767073131,0.49797639445148095,0.0,0.0
1.8973975432572017,-1.6485585211906835,0.48970336174632784,0.0,0.0
1.8973975432572017,-1.586348765674054,0.48179206342789704,0.0,0.0
1.8973975432572017,-1.5241390101574244,0.4742450764091516,0.0,0.0
1.8973975432572017,-1.461929254640795,0.4670624128178314,0.0,0.0
1.8973975432572017,-1.3997194991241653,0.4602420468995949,0.0,0.0
1.8973975432572017,-1.3375097436075358,0.45378036575598385,0.0,0.0
1.8973975432572017,-1.2752999880909062,0.4476725516322812,0.0,0.0
1.8973975432572017,-1.2130902325742767,0.4419129036579795,0.0,0.0
1.8973975432572017,-1.150880477057647,0.43649510671743,0.0,0.0
1.8973975432572017,-1.0886707215410176,0.4314124546485139,0.0,0.0
1.8973975432572017,-1.0264609660243877,0.42665803434696276,0.0,0.0
1.8973975432572017,-0.9642512105077583,0.42222487667280245,0.0,0.0
1.8973975432572017,-0.9020414549911289,0.41810607936653643,0.0,0.0
1.8973975432572017,-0.8398316994744994,0.41429490652003725,0.0,0.0
1.8973975432572017,-0.7776219439578695,0.4107848685306094,0.0,0.0
1.8973975432572017,-0.7154121884412401,0.4075697859066086,0.0,0.0
1.8973975432572017,-0.6532024329246107,0.40464383979301427,0.0,0.0
1.8973975432572017,-0.5909926774079808,0.4020016116448974,0.0,0.0
1.8973975432572017,-0.5287829218913513,0.39963811409259065,0.0,0.0
1.8973975432572017,-0.4665731663747219,0.39754881470986936,0.0,0.0
1.8973975432572017,-0.40436341085809246,0.39572965411019745,0.0,0.0
1.8973975432572017,-0.3421536553414626,0.3941770595504589,0.0,0.0
1.8973975432572017,-0.27994389982483314,0.392887955011098,0.0,0.0
1.8973975432572017,-0.2177341443082037,0.3918597685409908,0.0,0.0
1.8973975432572017,-0.15552438879157382,0.39109043749982847,0.0,0.0
1.8973975432572017,-0.09331463327494438,0.39057841219584055,0.0,0.0
1.8973975432572017,-0.03110487775831494,0.39032265829825663,0.0,0.0
1.8973975432572017,0.031104877758314498,0.39032265829825663,0.0,0.0
1.8973975432572017,0.09331463327494438,0.39057841219584055,0.0,0.0
1.8973975432572017,0.15552438879157382,0.39109043749982847,0.0,0.0
1.8973975432572017,0.21773414430820326,0.3918597685409908,0.0,0.0
1.8973975432572017,0.2799438998248327,0.392887955011098,0.0,0.0
1.8973975432572017,0.3421536553414626,0.3941770595504589,0.0,0.0
1.8973975432572017,0.404363410858092,0.3957296541101974,0.0,0.0
1.8973975432572017,0.46657316637472146,0.39754881470986936,0.0,0.0
1.8973975432572017,0.5287829218913513,0.39963811409259065,0.0,0.0
1.8973975432572017,0.5909926774079808,0.4020016116448974,0.0,0.0
1.8973975432572017,0.6532024329246102,0.4046438397930142,0.0,0.0
1.8973975432572017,0.7154121884412397,0.4075697859066085,0.0,0.0
1.8973975432572017,0.7776219439578695,0.4107848685306094,0.0,0.0
1.8973975432572017,0.839831699474499,0.41429490652003725,0.0,0.0
1.8973975432572017,0.9020414549911289,0.41810607936653643,0.0,0.0
1.8973975432572017,0.9642512105077579,0.42222487667280234,0.0,0.0
1.8973975432572017,1.0264609660243877,0.42665803434696276,0.0,0.0
1.8973975432572017,1.0886707215410176,0.4314124546485139,0.0,0.0
1.8973975432572017,1.1508804770576466,0.4364951067174299,0.0,0.0
1.8973975432572017,1.2130902325742765,0.44191290365797936,0.0,0.0
1.8973975432572017,1.2752999880909055,0.44767255163228115,0.0,0.0
1.8973975432572017,1.3375097436075354,0.45378036575598385,0.0,0.0
1.8973975432572017,1.3997194991241653,0.4602420468995949,0.0,0.0
1.8973975432572017,1.4619292546407943,0.4670624128178313,0.0,0.0
1.8973975432572017,1.5241390101574241,0.4742450764091516,0.0,0.0
1.8973975432572017,1.586348765674054,0.48179206342789704,0.0,0.0
1.8973975432572017,1.648558521190683,0.48970336174632784,0.0,0.0
1.8973975432572017,1.710768276707313,0.49797639445148095,0.0,0.0
1.8973975432572017,1.7729780322239428,0.5066054098744368,0.0,0.0
1.8973975432572017,1.8351877877405718,0.5155807833624143,0.0,0.0
1.8973975432572017,1.8973975432572017,0.5248882285602596,0.0,0.0
1.8973975432572017,1.9596072987738316,0.5345079205753724,0.0,0.0
1.8973975432572017,2.0218170542904605,0.5444135401139575,0.0,0.0
1.8973975432572017,2.0840268098070904,0.5545712569571398,0.0,0.0
1.8973975432572017,2.1462365653237194,0.5649386833823843,0.0,0.0
1.8973975432572017,2.2084463208403493,0.5754638435244661,0.0,0.0
1.8973975432572017,2.270656076356979,0.58608422303459,0.0,0.0
1.8973975432572017,2.332865831873608,0.5967259839551456,0.0,0.0
1.8973975432572017,2.395075587390238,0.6073034508272621,0.0,0.0
1.8973975432572017,2.457285342906868,0.6177189929099514,0.0,0.0
1.8973975432572017,2.519495098423497,0.6278634399653948,0.0,0.0
1.8973975432572017,2.581704853940127,0.6376171701405823,0.0,0.0
1.8973975432572017,2.6439146094567567,0.6468519921847308,0.0,0.0
1.8973975432572017,2.7061243649733857,0.6554339051337114,0.0,0.0
1.8973975432572017,2.7683341204900156,0.663226753281021,0.0,0.0
1.8973975432572017,2.8305438760066455,0.6700967034521235,0.0,0.0
1.8973975432572017,2.8927536315232745,0.6759173620217663,0.0,0.0
1.8973975432572017,2.9549633870399044,0.6805752344518794,0.0,0.0
1.8973975432572017,3.0171731425565333,0.6839751301794629,0.0,0.0
1.8973975432572017,3.0793828980731632,0.686045053082806,0.0,0.0
1.9596072987738316,-3.141592653589793,0.7087183506029271,0.0,0.0
1.9596072987738316,-3.0793828980731637,0.707954474598183,0.0,0.0
1.9596072987738316,-3.017173142556534,0.7056805039355766,0.0,0.0
1.9596072987738316,-2.9549633870399044,0.7019483405551477,0.0,0.0
1.9596072987738316,-2.892753631523275,0.696841045446059,0.0,0.0
1.9596072987738316,-2.8305438760066455,0.6904680885551617,0.0,0.0
1.9596072987738316,-2.7683341204900156,0.6829594469225161,0.0,0.0
1.9596072987738316,-2.706124364973386,0.6744591379490928,0.0,0.0
1.9596072987738316,-2.6439146094567567,0.6651187588712097,0.0,0.0
1.9596072987738316,-2.581704853940127,0.6550915144896418,0.0,0.0
1.9596072987738316,-2.5194950984234974,0.6445270811761691,0.0,0.0
1.9596072987738316,-2.457285342906868,0.6335675067501743,0.0,0.0
1.9596072987738316,-2.395075587390238,0.6223442085743128,0.0,0.0
1.9596072987738316,-2.3328658318736086,0.6109760227232339,0.0,0.0
1.9596072987738316,-2.270656076356979,0.59956818228387,0.0,0.0
1.9596072987738316,-2.2084463208403498,0.5882120619225768,0.0,0.0
1.9596072987738316,-2.1462365653237203,0.5769855130776379,0.0,0.0
1.9596072987738316,-2.0840268098070904,0.5659536216897004,0.0,0.0
1.9596072987738316,-2.021817054290461,0.5551697404709108,0.0,0.0
1.9596072987738316,-1.9596072987738313,0.544676673795689,0.0,0.0
1.9596072987738316,-1.897397543257202,0.5345079205753724,0.0,0.0
1.9596072987738316,-1.8351877877405722,0.5246889058781656,0.0,0.0
1.9596072987738316,-1.7729780322239428,0.5152381539224862,0.0,0.0
1.9596072987738316,-1.7107682767073131,0.5061683727925402,0.0,0.0
1.9596072987738316,-1.6485585211906835,0.49748743485934277,0.0,0.0
1.9596072987738316,-1.586348765674054,0.4891992468754762,0.0,0.0
1.9596072987738316,-1.5241390101574244,0.48130451065058316,0.0,0.0
1.9596072987738316,-1.461929254640795,0.4738013797391995,0.0,0.0
1.9596072987738316,-1.3997194991241653,0.46668602026708134,0.0,0.0
1.9596072987738316,-1.3375097436075358,0.4599530853856709,0.0,0.0
1.9596072987738316,-1.2752999880909062,0.4535961132803424,0.0,0.0
1.9596072987738316,-1.2130902325742767,0.4476078584790625,0.0,0.0
1.9596072987738316,-1.150880477057647,0.44198056564723615,0.0,0.0
1.9596072987738316,-1.0886707215410176,0.43670619427979845,0.0,0.0
1.9596072987738316,-1.0264609660243877,0.43177660182987426,0.0,0.0
1.9596072987738316,-0.9642512105077583,0.42718369192256855,0.0,0.0
1.9596072987738316,-0.9020414549911289,0.42291953344212485,0.0,0.0
1.9596072987738316,-0.8398316994744994,0.4189764554799126,0.0,0.0
1.9596072987738316,-0.7776219439578695,0.4153471224044021,0.0,0.0
1.9596072987738316,-0.7154121884412401,0.4120245926679802,0.0,0.0
1.9596072987738316,-0.6532024329246107,0.40900236439854165,0.0,0.0
1.9596072987738316,-0.5909926774079808,0.40627441033195894,0.0,0.0
1.9596072987738316,-0.5287829218913513,0.4038352042184578,0.0,0.0
1.9596072987738316,-0.4665731663747219,0.40167974047429905,0.0,0.0
1.9596072987738316,-0.40436341085809246,0.39980354854248185,0.0,0.0
1.9596072987738316,-0.3421536553414626,0.39820270316510636,0.0,0.0
1.9596072987738316,-0.27994389982483314,0.39687383154870554,0.0,0.0
1.9596072987738316,-0.2177341443082037,0.39581411821596435,0.0,0.0
1.9596072987738316,-0.15552438879157382,0.39502130817708825,0.0,0.0
1.9596072987738316,-0.09331463327494438,0.39449370891654095,0.0,0.0
1.9596072987738316,-0.03110487775831494,0.39423019157132877,0.0,0.0
1.9596072987738316,0.031104877758314498,0.39423019157132877,0.0,0.0
1.9596072987738316,0.09331463327494438,0.39449370891654095,0.0,0.0
1.9596072987738316,0.15552438879157382,0.39502130817708825,0.0,0.0
1.9596072987738316,0.21773414430820326,0.39581411821596435,0.0,0.0
1.9596072987738316,0.2799438998248327,0.39687383154870554,0.0,0.0
1.9596072987738316,0.3421536553414626,0.39820270316510636,0.0,0.0
1.9596072987738316,0.404363410858092,0.39980354854248185,0.0,0.0
1.9596072987738316,0.46657316637472146,0.4016797404742991,0.0,0.0
1.9596072987738316,0.5287829218913513,0.4038352042184578,0.0,0.0
1.9596072987738316,0.5909926774079808,0.40627441033195894,0.0,0.0
1.9596072987738316,0.6532024329246102,0.40900236439854165,0.0,0.0
1.9596072987738316,0.7154121884412397,0.4120245926679802,0.0,0.0
1.9596072987738316,0.7776219439578695,0.4153471224044021,0.0,0.0
1.9596072987738316,0.839831699474499,0.4189764554799126,0.0,0.0
1.9596072987738316,0.9020414549911289,0.42291953344212485,0.0,0.0
1.9596072987738316,0.9642512105077579,0.4271836919225685,0.0,0.0
1.9596072987738316,1.0264609660243877,0.43177660182987426,0.0,0.0
1.9596072987738316,1.0886707215410176,0.43670619427979845,0.0,0.0
1.9596072987738316,1.1508804770576466,0.44198056564723615,0.0,0.0
1.9596072987738316,1.2130902325742765,0.4476078584790624,0.0,0.0
1.9596072987738316,1.2752999880909055,0.45359611328034233,0.0,0.0
1.9596072987738316,1.3375097436075354,0.4599530853856708,0.0,0.0
1.9596072987738316,1.3997194991241653,0.46668602026708134,0.0,0.0
1.9596072987738316,1.4619292546407943,0.4738013797391994,0.0,0.0
1.9596072987738316,1.5241390101574241,0.4813045106505831,0.0,0.0
1.9596072987738316,1.586348765674054,0.4891992468754762,0.0,0.0
1.9596072987738316,1.648558521190683,0.49748743485934277,0.0,0.0
1.9596072987738316,1.710768276707313,0.5061683727925402,0.0,0.0
1.9596072987738316,1.7729780322239428,0.5152381539224862,0.0,0.0
1.9596072987738316,1.8351877877405718,0.5246889058781656,0.0,0.0
1.9596072987738316,1.8973975432572017,0.5345079205753724,0.0,0.0
1.9596072987738316,1.9596072987738316,0.5446766737956891,0.0,0.0
1.9596072987738316,2.0218170542904605,0.5551697404709107,0.0,0.0
1.9596072987738316,2.0840268098070904,0.5659536216897004,0.0,0.0
1.9596072987738316,2.1462365653237194,0.5769855130776376,0.0,0.0
1.9596072987738316,2.2084463208403493,0.5882120619225766,0.0,0.0
1.9596072987738316,2.270656076356979,0.59956818228387,0.0,0.0
1.9596072987738316,2.332865831873608,0.6109760227232339,0.0,0.0
1.9596072987738316,2.395075587390238,0.6223442085743128,0.0,0.0
1.9596072987738316,2.457285342906868,0.6335675067501743,0.0,0.0
1.9596072987738316,2.519495098423497,0.644527081176169,0.0,0.0
1.9596072987738316,2.581704853940127,0.6550915144896418,0.0,0.0
1.9596072987738316,2.6439146094567567,0.6651187588712097,0.0,0.0
1.9596072987738316,2.7061243649733857,0.6744591379490927,0.0,0.0
1.9596072987738316,2.7683341204900156,0.6829594469225161,0.0,0.0
1.9596072987738316,2.8305438760066455,0.6904680885551617,0.0,0.0
1.9596072987738316,2.8927536315232745,0.6968410454460588,0.0,0.0
1.9596072987738316,2.9549633870399044,0.7019483405551477,0.0,0.0
1.9596072987738316,3.0171731425565333,0.7056805039355766,0.0,0.0
1.9596072987738316,3.0793828980731632,0.707954474598183,0.0,0.0
2.0218170542904605,-3.141592653589793,0.7323106735557617,0.0,0.0
2.0218170542904605,-3.0793828980731637,0.7314680367559205,0.0,0.0
2.0218170542904605,-3.017173142556534,0.7289606934560908,0.0,0.0
2.0218170542904605,-2.9549633870399044,0.7248490254891654,0.0,0.0
2.0218170542904605,-2.892753631523275,0.7192294337714111,0.0,0.0
2.0218170542904605,-2.8305438760066455,0.7122285222813868,0.0,0.0
2.0218170542904605,-2.7683341204900156,0.7039959226455211,0.0,0.0
2.0218170542904605,-2.706124364973386,0.6946965066274856,0.0,0.0
2.0218170542904605,-2.6439146094567567,0.6845027007559233,0.0,0.0
2.0218170542904605,-2.581704853940127,0.673587490354986,0.0,0.0
2.0218170542904605,-2.5194950984234974,0.662118519433162,0.0,0.0
2.0218170542904605,-2.457285342906868,0.6502534998446077,0.0,0.0
2.0218170542904605,-2.395075587390238,0.6381369709576289,0.0,0.0
2.0218170542904605,-2.3328658318736086,0.6258983195023379,0.0,0.0
2.0218170542904605,-2.270656076356979,0.6136508848420261,0.0,0.0
2.0218170542904605,-2.2084463208403498,0.6014919341371823,0.0,0.0
2.0218170542904605,-2.1462365653237203,0.5895032855638459,0.0,0.0
2.0218170542904605,-2.0840268098070904,0.5777523748662137,0.0,0.0
2.0218170542904605,-2.021817054290461,0.5662935908112429,0.0,0.0
2.0218170542904605,-1.9596072987738313,0.5551697404709107,0.0,0.0
2.0218170542904605,-1.897397543257202,0.5444135401139576,0.0,0.0
2.0218170542904605,-1.8351877877405722,0.5340490585581501,0.0,0.0
2.0218170542904605,-1.7729780322239428,0.5240930656010276,0.0,0.0
2.0218170542904605,-1.7107682767073131,0.514556258302776,0.0,0.0
2.0218170542904605,-1.6485585211906835,0.5054443528497325,0.0,0.0
2.0218170542904605,-1.586348765674054,0.4967590402455829,0.0,0.0
2.0218170542904605,-1.5241390101574244,0.4884988110342533,0.0,0.0
2.0218170542904605,-1.461929254640795,0.4806596584939227,0.0,0.0
2.0218170542904605,-1.3997194991241653,0.47323567198787503,0.0,0.0
2.0218170542904605,-1.3375097436075358,0.46621953301360847,0.0,0.0
2.0218170542904605,-1.2752999880909062,0.4596029264223595,0.0,0.0
2.0218170542904605,-1.2130902325742767,0.45337687863481413,0.0,0.0
2.0218170542904605,-1.150880477057647,0.4475320337055942,0.0,0.0
2.0218170542904605,-1.0886707215410176,0.4420588769626651,0.0,0.0
2.0218170542904605,-1.0264609660243877,0.4369479147835529,0.0,0.0
2.0218170542904605,-0.9642512105077583,0.432189817941062,0.0,0.0
2.0218170542904605,-0.9020414549911289,0.42777553489968995,0.0,0.0
2.0218170542904605,-0.8398316994744994,0.4236963804920586,0.0,0.0
2.0218170542904605,-0.7776219439578695,0.41994410456046494,0.0,0.0
2.0218170542904605,-0.7154121884412401,0.41651094441143677,0.0,0.0
2.0218170542904605,-0.6532024329246107,0.41338966429499135,0.0,0.0
2.0218170542904605,-0.5909926774079808,0.4105735845763607,0.0,0.0
2.0218170542904605,-0.5287829218913513,0.4080566028062188,0.0,0.0
2.0218170542904605,-0.4665731663747219,0.4058332085056273,0.0,0.0
2.0218170542904605,-0.40436341085809246,0.40389849315411047,0.0,0.0
2.0218170542904605,-0.3421536553414626,0.40224815659423513,0.0,0.0
2.0218170542904605,-0.27994389982483314,0.40087851083548126,0.0,0.0
2.0218170542904605,-0.2177341443082037,0.3997864820465605,0.0,0.0
2.0218170542904605,-0.15552438879157382,0.3989696113620897,0.0,0.0
2.0218170542904605,-0.09331463327494438,0.39842605499083705,0.0,0.0
2.0218170542904605,-0.03110487775831494,0.39815458399348963,0.0,0.0
2.0218170542904605,0.031104877758314498,0.39815458399348963,0.0,0.0
2.0218170542904605,0.09331463327494438,0.39842605499083705,0.0,0.0
2.0218170542904605,0.15552438879157382,0.3989696113620897,0.0,0.0
2.0218170542904605,0.21773414430820326,0.3997864820465605,0.0,0.0
2.0218170542904605,0.2799438998248327,0.40087851083548126,0.0,0.0
2.0218170542904605,0.3421536553414626,0.40224815659423513,0.0,0.0
2.0218170542904605,0.404363410858092,0.40389849315411047,0.0,0.0
2.0218170542904605,0.46657316637472146,0.4058332085056273,0.0,0.0
2.0218170542904605,0.5287829218913513,0.4080566028062188,0.0,0.0
2.0218170542904605,0.5909926774079808,0.4105735845763607,0.0,0.0
2.0218170542904605,0.6532024329246102,0.41338966429499124,0.0,0.0
2.0218170542904605,0.7154121884412397,0.41651094441143677,0.0,0.0
2.0218170542904605,0.7776219439578695,0.41994410456046494,0.0,0.0
2.0218170542904605,0.839831699474499,0.4236963804920586,0.0,0.0
2.0218170542904605,0.9020414549911289,0.42777553489968995,0.0,0.0
2.0218170542904605,0.9642512105077579,0.432189817941062,0.0,0.0
2.0218170542904605,1.0264609660243877,0.4369479147835529,0.0,0.0
2.0218170542904605,1.0886707215410176,0.4420588769626651,0.0,0.0
2.0218170542904605,1.1508804770576466,0.4475320337055942,0.0,0.0
2.0218170542904605,1.2130902325742765,0.4533768786348141,0.0,0.0
2.0218170542904605,1.2752999880909055,0.4596029264223595,0.0,0.0
2.0218170542904605,1.3375097436075354,0.4662195330136084,0.0,0.0
2.0218170542904605,1.3997194991241653,0.47323567198787503,0.0,0.0
2.0218170542904605,1.4619292546407943,0.4806596584939226,0.0,0.0
2.0218170542904605,1.5241390101574241,0.4884988110342533,0.0,0.0
2.0218170542904605,1.586348765674054,0.4967590402455829,0.0,0.0
2.0218170542904605,1.648558521190683,0.5054443528497325,0.0,0.0
2.0218170542904605,1.710768276707313,0.5145562583027758,0.0,0.0
2.0218170542904605,1.7729780322239428,0.5240930656010276,0.0,0.0
2.0218170542904605,1.8351877877405718,0.5340490585581501,0.0,0.0
2.0218170542904605,1.8973975432572017,0.5444135401139575,0.0,0.0
2.0218170542904605,1.9596072987738316,0.5551697404709107,0.0,0.0
2.0218170542904605,2.0218170542904605,0.5662935908112429,0.0,0.0
2.0218170542904605,2.0840268098070904,0.5777523748662137,0.0,0.0
2.0218170542904605,2.1462365653237194,0.5895032855638458,0.0,0.0
2.0218170542904605,2.2084463208403493,0.6014919341371823,0.0,0.0
2.0218170542904605,2.270656076356979,0.6136508848420261,0.0,0.0
2.0218170542904605,2.332865831873608,0.6258983195023378,0.0,0.0
2.0218170542904605,2.395075587390238,0.6381369709576289,0.0,0.0
2.0218170542904605,2.457285342906868,0.6502534998446077,0.0,0.0
2.0218170542904605,2.519495098423497,0.662118519433162,0.0,0.0
2.0218170542904605,2.581704853940127,0.673587490354986,0.0,0.0
2.0218170542904605,2.6439146094567567,0.6845027007559233,0.0,0.0
2.0218170542904605,2.7061243649733857,0.6946965066274855,0.0,0.0
2.0218170542904605,2.7683341204900156,0.7039959226455211,0.0,0.0
2.0218170542904605,2.8305438760066455,0.7122285222813868,0.0,0.0
2.0218170542904605,2.8927536315232745,0.7192294337714111,0.0,0.0
2.0218170542904605,2.9549633870399044,0.7248490254891654,0.0,0.0
2.0218170542904605,3.0171731425565333,0.7289606934560908,0.0,0.0
2.0218170542904605,3.0793828980731632,0.7314680367559204,0.0,0.0
2.0840268098070904,-3.141592653589793,0.7576115485197044,0.0,0.0
2.0840268098070904,-3.0793828980731637,0.7566786349246843,0.0,0.0
2.0840268098070904,-3.017173142556534,0.7539040003706473,0.0,0.0
2.0840268098070904,-2.9549633870399044,0.7493583225008781,0.0,0.0
2.0840268098070904,-2.892753631523275,0.7431541417919213,0.0,0.0
2.0840268098070904,-2.8305438760066455,0.7354386838816813,0.0,0.0
2.0840268098070904,-2.7683341204900156,0.7263850731603552,0.0,0.0
2.0840268098070904,-2.706124364973386,0.7161828971589562,0.0,0.0
2.0840268098070904,-2.6439146094567567,0.7050290205945542,0.0,0.0
2.0840268098070904,-2.581704853940127,0.6931193663070887,0.0,0.0
2.0840268098070904,-2.5194950984234974,0.6806421351235622,0.0,0.0
2.0840268098070904,-2.457285342906868,0.6677726847565951,0.0,0.0
2.0840268098070904,-2.395075587390238,0.6546700718741568,0.0,0.0
2.0840268098070904,-2.3328658318736086,0.6414751044775983,0.0,0.0
2.0840268098070904,-2.270656076356979,0.6283096585356083,0.0,0.0
2.0840268098070904,-2.2084463208403498,0.6152769755845225,0.0,0.0
2.0840268098070904,-2.1462365653237203,0.6024626625112383,0.0,0.0
2.0840268098070904,-2.0840268098070904,0.5899361456037706,0.0,0.0
2.0840268098070904,-2.021817054290461,0.5777523748662137,0.0,0.0
2.0840268098070904,-1.9596072987738313,0.5659536216897004,0.0,0.0
2.0840268098070904,-1.897397543257202,0.5545712569571399,0.0,0.0
2.0840268098070904,-1.8351877877405722,0.5436274342227421,0.0,0.0
2.0840268098070904,-1.7729780322239428,0.5331366325796488,0.0,0.0
2.0840268098070904,-1.7107682767073131,0.5231070363955032,0.0,0.0
2.0840268098070904,-1.6485585211906835,0.5135417451654455,0.0,0.0
2.0840268098070904,-1.586348765674054,0.5044398174998614,0.0,0.0
2.0840268098070904,-1.5241390101574244,0.49579715994159085,0.0,0.0
2.0840268098070904,-1.461929254640795,0.4876072749783241,0.0,0.0
2.0840268098070904,-1.3997194991241653,0.47986188417815057,0.0,0.0
2.0840268098070904,-1.3375097436075358,0.47255144253230436,0.0,0.0
2.0840268098070904,-1.2752999880909062,0.4656655593646751,0.0,0.0
2.0840268098070904,-1.2130902325742767,0.4591933399404175,0.0,0.0
2.0840268098070904,-1.150880477057647,0.4531236604370412,0.0,0.0
2.0840268098070904,-1.0886707215410176,0.4474453874035064,0.0,0.0
2.0840268098070904,-1.0264609660243877,0.442147551334571,0.0,0.0
2.0840268098070904,-0.9642512105077583,0.43721948259204946,0.0,0.0
2.0840268098070904,-0.9020414549911289,0.43265091664391736,0.0,0.0
2.0840268098070904,-0.8398316994744994,0.4284320744781699,0.0,0.0
2.0840268098070904,-0.7776219439578695,0.4245537230800661,0.0,0.0
2.0840268098070904,-0.7154121884412401,0.4210072200304235,0.0,0.0
2.0840268098070904,-0.6532024329246107,0.4177845455765175,0.0,0.0
2.0840268098070904,-0.5909926774079808,0.41487832493182625,0.0,0.0
2.0840268098070904,-0.5287829218913513,0.4122818430620173,0.0,0.0
2.0840268098070904,-0.4665731663747219,0.4099890537985484,0.0,0.0
2.0840268098070904,-0.40436341085809246,0.40799458477549505,0.0,0.0
2.0840268098070904,-0.3421536553414626,0.40629373939844116,0.0,0.0
2.0840268098070904,-0.27994389982483314,0.4048824968165559,0.0,0.0
2.0840268098070904,-0.2177341443082037,0.4037575106716578,0.0,0.0
2.0840268098070904,-0.15552438879157382,0.402916107233625,0.0,0.0
2.0840268098070904,-0.09331463327494438,0.40235628339344304,0.0,0.0
2.0840268098070904,-0.03110487775831494,0.4020767048678351,0.0,0.0
2.0840268098070904,0.031104877758314498,0.4020767048678351,0.0,0.0
2.0840268098070904,0.09331463327494438,0.40235628339344304,0.0,0.0
2.0840268098070904,0.15552438879157382,0.402916107233625,0.0,0.0
2.0840268098070904,0.21773414430820326,0.40375751067165794,0.0,0.0
2.0840268098070904,0.2799438998248327,0.4048824968165559,0.0,0.0
2.0840268098070904,0.3421536553414626,0.40629373939844116,0.0,0.0
2.0840268098070904,0.404363410858092,0.407994584775495,0.0,0.0
2.0840268098070904,0.46657316637472146,0.4099890537985484,0.0,0.0
2.0840268098070904,0.5287829218913513,0.4122818430620173,0.0,0.0
2.0840268098070904,0.5909926774079808,0.41487832493182625,0.0,0.0
2.0840268098070904,0.6532024329246102,0.41778454557651734,0.0,0.0
2.0840268098070904,0.7154121884412397,0.42100722003042346,0.0,0.0
2.0840268098070904,0.7776219439578695,0.4245537230800661,0.0,0.0
2.0840268098070904,0.839831699474499,0.4284320744781698,0.0,0.0
2.0840268098070904,0.9020414549911289,0.43265091664391736,0.0,0.0
2.0840268098070904,0.9642512105077579,0.43721948259204935,0.0,0.0
2.0840268098070904,1.0264609660243877,0.442147551334571,0.0,0.0
2.0840268098070904,1.0886707215410176,0.4474453874035064,0.0,0.0
2.0840268098070904,1.1508804770576466,0.4531236604370412,0.0,0.0
2.0840268098070904,1.2130902325742765,0.45919333994041744,0.0,0.0
2.0840268098070904,1.2752999880909055,0.4656655593646751,0.0,0.0
2.0840268098070904,1.3375097436075354,0.47255144253230424,0.0,0.0
2.0840268098070904,1.3997194991241653,0.47986188417815057,0.0,0.0
2.0840268098070904,1.4619292546407943,0.48760727497832407,0.0,0.0
2.0840268098070904,1.5241390101574241,0.49579715994159085,0.0,0.0
2.0840268098070904,1.586348765674054,0.5044398174998614,0.0,0.0
2.0840268098070904,1.648558521190683,0.5135417451654455,0.0,0.0
2.0840268098070904,1.710768276707313,0.523107036395503,0.0,0.0
2.0840268098070904,1.7729780322239428,0.5331366325796488,0.0,0.0
2.0840268098070904,1.8351877877405718,0.5436274342227421,0.0,0.0
2.0840268098070904,1.8973975432572017,0.5545712569571398,0.0,0.0
2.0840268098070904,1.9596072987738316,0.5659536216897004,0.0,0.0
2.0840268098070904,2.0218170542904605,0.5777523748662136,0.0,0.0
2.0840268098070904,2.0840268098070904,0.5899361456037706,0.0,0.0
2.0840268098070904,2.1462365653237194,0.6024626625112381,0.0,0.0
2.0840268098070904,2.2084463208403493,0.6152769755845223,0.0,0.0
2.0840268098070904,2.270656076356979,0.6283096585356083,0.0,0.0
2.0840268098070904,2.332865831873608,0.6414751044775981,0.0,0.0
2.0840268098070904,2.395075587390238,0.6546700718741568,0.0,0.0
2.0840268098070904,2.457285342906868,0.6677726847565951,0.0,0.0
2.0840268098070904,2.519495098423497,0.6806421351235622,0.0,0.0
2.0840268098070904,2.581704853940127,0.6931193663070887,0.0,0.0
2.0840268098070904,2.6439146094567567,0.7050290205945542,0.0,0.0
2.0840268098070904,2.7061243649733857,0.7161828971589561,0.0,0.0
2.0840268098070904,2.7683341204900156,0.7263850731603552,0.0,0.0
2.0840268098070904,2.8305438760066455,0.7354386838816813,0.0,0.0
2.0840268098070904,2.8927536315232745,0.7431541417919213,0.0,0.0
2.0840268098070904,2.9549633870399044,0.7493583225008781,0.0,0.0
2.0840268098070904,3.0171731425565333,0.7539040003706473,0.0,0.0
2.0840268098070904,3.0793828980731632,0.7566786349246843,0.0,0.0
2.1462365653237194,-3.141592653589793,0.7847082713719726,0.0,0.0
2.1462365653237194,-3.0793828980731637,0.7836717745471632,0.0,0.0
2.1462365653237194,-3.017173142556534,0.7805907101418841,0.0,0.0
2.1462365653237194,-2.9549633870399044,0.775548298128059,0.0,0.0
2.1462365653237194,-2.892753631523275,0.7686766635977451,0.0,0.0
2.1462365653237194,-2.8305438760066455,0.7601479111927294,0.0,0.0
2.1462365653237194,-2.7683341204900156,0.750163293088954,0.0,0.0
2.1462365653237194,-2.706124364973386,0.7389417122106277,0.0,0.0
2.1462365653237194,-2.6439146094567567,0.7267086979106238,0.0,0.0
2.1462365653237194,-2.581704853940127,0.7136867308442474,0.0,0.0
2.1462365653237194,-2.5194950984234974,0.7000874598644803,0.0,0.0
2.1462365653237194,-2.457285342906868,0.6861060243514477,0.0,0.0
2.1462365653237194,-2.395075587390238,0.6719174251659576,0.0,0.0
2.1462365653237194,-2.3328658318736086,0.6576747021524574,0.0,0.0
2.1462365653237194,-2.270656076356979,0.6435085767915029,0.0,0.0
2.1462365653237194,-2.2084463208403498,0.6295281903970662,0.0,0.0
2.1462365653237194,-2.1462365653237203,0.6158225897851058,0.0,0.0
2.1462365653237194,-2.0840268098070904,0.6024626625112381,0.0,0.0
2.1462365653237194,-2.021817054290461,0.5895032855638458,0.0,0.0
2.1462365653237194,-1.9596072987738313,0.5769855130776376,0.0,0.0
2.1462365653237194,-1.897397543257202,0.5649386833823844,0.0,0.0
2.1462365653237194,-1.8351877877405722,0.5533823704861126,0.0,0.0
2.1462365653237194,-1.7729780322239428,0.5423281393983405,0.0,0.0
2.1462365653237194,-1.7107682767073131,0.5317810894586656,0.0,0.0
2.1462365653237194,-1.6485585211906835,0.5217411866388064,0.0,0.0
2.1462365653237194,-1.586348765674054,0.5122043963752814,0.0,0.0
2.1462365653237194,-1.5241390101574244,0.5031636344809276,0.0,0.0
2.1462365653237194,-1.461929254640795,0.49460955643723503,0.0,0.0
2.1462365653237194,-1.3997194991241653,0.48653120595963606,0.0,0.0
2.1462365653237194,-1.3375097436075358,0.4789165429595226,0.0,0.0
2.1462365653237194,-1.2752999880909062,0.4717528694778337,0.0,0.0
2.1462365653237194,-1.2130902325742767,0.46502717023351475,0.0,0.0
2.1462365653237194,-1.150880477057647,0.4587263823780325,0.0,0.0
2.1462365653237194,-1.0886707215410176,0.4528376070378681,0.0,0.0
2.1462365653237194,-1.0264609660243877,0.4473482733548485,0.0,0.0
2.1462365653237194,-0.9642512105077583,0.44224626404702283,0.0,0.0
2.1462365653237194,-0.9020414549911289,0.43752001002785046,0.0,0.0
2.1462365653237194,-0.8398316994744994,0.4331585603373418,0.0,0.0
2.1462365653237194,-0.7776219439578695,0.4291516325431318,0.0,0.0
2.1462365653237194,-0.7154121884412401,0.4254896478444175,0.0,0.0
2.1462365653237194,-0.6532024329246107,0.4221637543371599,0.0,0.0
2.1462365653237194,-0.5909926774079808,0.41916584125476647,0.0,0.0
2.1462365653237194,-0.5287829218913513,0.4164885464655505,0.0,0.0
2.1462365653237194,-0.4665731663747219,0.4141252590692203,0.0,0.0
2.1462365653237194,-0.40436341085809246,0.41207011857410103,0.0,0.0
2.1462365653237194,-0.3421536553414626,0.41031801184126143,0.0,0.0
2.1462365653237194,-0.27994389982483314,0.4088645687396688,0.0,0.0
2.1462365653237194,-0.2177341443082037,0.4077061572580152,0.0,0.0
2.1462365653237194,-0.15552438879157382,0.4068398786555282,0.0,0.0
2.1462365653237194,-0.09331463327494438,0.4062635630987353,0.0,0.0
2.1462365653237194,-0.03110487775831494,0.40597576611762076,0.0,0.0
2.1462365653237194,0.031104877758314498,0.40597576611762076,0.0,0.0
2.1462365653237194,0.09331463327494438,0.4062635630987353,0.0,0.0
2.1462365653237194,0.15552438879157382,0.4068398786555282,0.0,0.0
2.1462365653237194,0.21773414430820326,0.4077061572580152,0.0,0.0
2.1462365653237194,0.2799438998248327,0.4088645687396688,0.0,0.0
2.1462365653237194,0.3421536553414626,0.41031801184126143,0.0,0.0
2.1462365653237194,0.404363410858092,0.41207011857410103,0.0,0.0
2.1462365653237194,0.46657316637472146,0.4141252590692203,0.0,0.0
2.1462365653237194,0.5287829218913513,0.4164885464655505,0.0,0.0
2.1462365653237194,0.5909926774079808,0.41916584125476647,0.0,0.0
2.1462365653237194,0.6532024329246102,0.42216375433715986,0.0,0.0
2.1462365653237194,0.7154121884412397,0.4254896478444175,0.0,0.0
2.1462365653237194,0.7776219439578695,0.4291516325431318,0.0,0.0
2.1462365653237194,0.839831699474499,0.4331585603373418,0.0,0.0
2.1462365653237194,0.9020414549911289,0.43752001002785046,0.0,0.0
2.1462365653237194,0.9642512105077579,0.4422462640470227,0.0,0.0
2.1462365653237194,1.0264609660243877,0.4473482733548485,0.0,0.0
2.1462365653237194,1.0886707215410176,0.4528376070378681,0.0,0.0
2.1462365653237194,1.1508804770576466,0.4587263823780325,0.0,0.0
2.1462365653237194,1.2130902325742765,0.46502717023351464,0.0,0.0
2.1462365653237194,1.2752999880909055,0.4717528694778337,0.0,0.0
2.1462365653237194,1.3375097436075354,0.4789165429595226,0.0,0.0
2.1462365653237194,1.3997194991241653,0.48653120595963606,0.0,0.0
2.1462365653237194,1.4619292546407943,0.494609556437235,0.0,0.0
2.1462365653237194,1.5241390101574241,0.5031636344809275,0.0,0.0
2.1462365653237194,1.586348765674054,0.5122043963752814,0.0,0.0
2.1462365653237194,1.648558521190683,0.5217411866388064,0.0,0.0
2.1462365653237194,1.710768276707313,0.5317810894586656,0.0,0.0
2.1462365653237194,1.7729780322239428,0.5423281393983405,0.0,0.0
2.1462365653237194,1.8351877877405718,0.5533823704861125,0.0,0.0
2.1462365653237194,1.8973975432572017,0.5649386833823843,0.0,0.0
2.1462365653237194,1.9596072987738316,0.5769855130776376,0.0,0.0
2.1462365653237194,2.0218170542904605,0.5895032855638458,0.0,0.0
2.1462365653237194,2.0840268098070904,0.6024626625112381,0.0,0.0
2.1462365653237194,2.1462365653237194,0.6158225897851056,0.0,0.0
2.1462365653237194,2.2084463208403493,0.6295281903970661,0.0,0.0
2.1462365653237194,2.270656076356979,0.6435085767915029,0.0,0.0
2.1462365653237194,2.332865831873608,0.6576747021524573,0.0,0.0
2.1462365653237194,2.395075587390238,0.6719174251659576,0.0,0.0
2.1462365653237194,2.457285342906868,0.6861060243514477,0.0,0.0
2.1462365653237194,2.519495098423497,0.7000874598644801,0.0,0.0
2.1462365653237194,2.581704853940127,0.7136867308442474,0.0,0.0
2.1462365653237194,2.6439146094567567,0.7267086979106238,0.0,0.0
2.1462365653237194,2.7061243649733857,0.7389417122106275,0.0,0.0
2.1462365653237194,2.7683341204900156,0.750163293088954,0.0,0.0
2.1462365653237194,2.8305438760066455,0.7601479111927294,0.0,0.0
2.1462365653237194,2.8927536315232745,0.768676663597745,0.0,0.0
2.1462365653237194,2.9549633870399044,0.775548298128059,0.0,0.0
2.1462365653237194,3.0171731425565333,0.7805907101418841,0.0,0.0
2.1462365653237194,3.0793828980731632,0.7836717745471632,0.0,0.0
2.2084463208403493,-3.141592653589793,0.8136740281318638,0.0,0.0
2.2084463208403493,-3.0793828980731637,0.8125186344622094,0.0,0.0
2.2084463208403493,-3.017173142556534,0.8090861669924573,0.0,0.0
2.2084463208403493,-2.9549633870399044,0.803475164158302,0.0,0.0
2.2084463208403493,-2.892753631523275,0.7958415676262437,0.0,0.0
2.2084463208403493,-2.8305438760066455,0.7863875441772273,0.0,0.0
2.2084463208403493,-2.7683341204900156,0.7753480490709359,0.0,0.0
2.2084463208403493,-2.706124364973386,0.7629767488597472,0.0,0.0
2.2084463208403493,-2.6439146094567567,0.7495327484372579,0.0,0.0
2.2084463208403493,-2.581704853940127,0.73526919267819,0.0,0.0
2.2084463208403493,-2.5194950984234974,0.7204243570855161,0.0,0.0
2.2084463208403493,-2.457285342906868,0.7052154111118646,0.0,0.0
2.2084463208403493,-2.395075587390238,0.6898347015501766,0.0,0.0
2.2084463208403493,-2.3328658318736086,0.6744481885151916,0.0,0.0
2.2084463208403493,-2.270656076356979,0.6591955665437654,0.0,0.0
2.2084463208403493,-2.2084463208403498,0.6441915926537541,0.0,0.0
2.2084463208403493,-2.1462365653237203,0.6295281903970663,0.0,0.0
2.2084463208403493,-2.0840268098070904,0.6152769755845223,0.0,0.0
2.2084463208403493,-2.021817054290461,0.6014919341371823,0.0,0.0
2.2084463208403493,-1.9596072987738313,0.5882120619225766,0.0,0.0
2.2084463208403493,-1.897397543257202,0.5754638435244661,0.0,0.0
2.2084463208403493,-1.8351877877405722,0.5632634993963572,0.0,0.0
2.2084463208403493,-1.7729780322239428,0.5516189693310625,0.0,0.0
2.2084463208403493,-1.7107682767073131,0.5405316266408875,0.0,0.0
2.2084463208403493,-1.6485585211906835,0.5299977343698193,0.0,0.0
2.2084463208403493,-1.586348765674054,0.5200096646679999,0.0,0.0
2.2084463208403493,-1.5241390101574244,0.5105569072333609,0.0,0.0
2.2084463208403493,-1.461929254640795,0.5016268941268691,0.0,0.0
2.2084463208403493,-1.3997194991241653,0.49320566754671574,0.0,0.0
2.2084463208403493,-1.3375097436075358,0.48527841519998094,0.0,0.0
2.2084463208403493,-1.2752999880909062,0.4778298953531875,0.0,0.0
2.2084463208403493,-1.2130902325742767,0.4708447708786921,0.0,0.0
2.2084463208403493,-1.150880477057647,0.4643078688915332,0.0,0.0
2.2084463208403493,-1.0886707215410176,0.45820438003399766,0.0,0.0
2.2084463208403493,-1.0264609660243877,0.4525200091842344,0.0,0.0
2.2084463208403493,-0.9642512105077583,0.4472410873663271,0.0,0.0
2.2084463208403493,-0.9020414549911289,0.44235465291994847,0.0,0.0
2.2084463208403493,-0.8398316994744994,0.4378485085298491,0.0,0.0
2.2084463208403493,-0.7776219439578695,0.43371125949283584,0.0,0.0
2.2084463208403493,-0.7154121884412401,0.4299323375835886,0.0,0.0
2.2084463208403493,-0.6532024329246107,0.42650201404180466,0.0,0.0
2.2084463208403493,-0.5909926774079808,0.4234114045147417,0.0,0.0
2.2084463208403493,-0.5287829218913513,0.4206524682269528,0.0,0.0
2.2084463208403493,-0.4665731663747219,0.4182180031914877,0.0,0.0
2.2084463208403493,-0.40436341085809246,0.4161016389057004,0.0,0.0
2.2084463208403493,-0.3421536553414626,0.4142978276743552,0.0,0.0
2.2084463208403493,-0.27994389982483314,0.41280183545975563,0.0,0.0
2.2084463208403493,-0.2177341443082037,0.41160973296202735,0.0,0.0
2.2084463208403493,-0.15552438879157382,0.410718387473174,0.0,0.0
2.2084463208403493,-0.09331463327494438,0.4101254559182863,0.0,0.0
2.2084463208403493,-0.03110487775831494,0.40982937938973935,0.0,0.0
2.2084463208403493,0.031104877758314498,0.40982937938973935,0.0,0.0
2.2084463208403493,0.09331463327494438,0.4101254559182863,0.0,0.0
2.2084463208403493,0.15552438879157382,0.410718387473174,0.0,0.0
2.2084463208403493,0.21773414430820326,0.4116097329620274,0.0,0.0
2.2084463208403493,0.2799438998248327,0.41280183545975563,0.0,0.0
2.2084463208403493,0.3421536553414626,0.4142978276743552,0.0,0.0
2.2084463208403493,0.404363410858092,0.4161016389057004,0.0,0.0
2.2084463208403493,0.46657316637472146,0.4182180031914877,0.0,0.0
2.2084463208403493,0.5287829218913513,0.4206524682269528,0.0,0.0
2.2084463208403493,0.5909926774079808,0.4234114045147417,0.0,0.0
2.2084463208403493,0.6532024329246102,0.42650201404180466,0.0,0.0
2.2084463208403493,0.7154121884412397,0.4299323375835886,0.0,0.0
2.2084463208403493,0.7776219439578695,0.43371125949283584,0.0,0.0
2.2084463208403493,0.839831699474499,0.43784850852984897,0.0,0.0
2.2084463208403493,0.9020414549911289,0.44235465291994847,0.0,0.0
2.2084463208403493,0.9642512105077579,0.44724108736632706,0.0,0.0
2.2084463208403493,1.0264609660243877,0.4525200091842344,0.0,0.0
2.2084463208403493,1.0886707215410176,0.45820438003399766,0.0,0.0
2.2084463208403493,1.1508804770576466,0.4643078688915332,0.0,0.0
2.2084463208403493,1.2130902325742765,0.470844770878692,0.0,0.0
2.2084463208403493,1.2752999880909055,0.4778298953531874,0.0,0.0
2.2084463208403493,1.3375097436075354,0.48527841519998094,0.0,0.0
2.2084463208403493,1.3997194991241653,0.49320566754671574,0.0,0.0
2.2084463208403493,1.4619292546407943,0.501626894126869,0.0,0.0
2.2084463208403493,1.5241390101574241,0.5105569072333609,0.0,0.0
2.2084463208403493,1.586348765674054,0.5200096646679999,0.0,0.0
2.2084463208403493,1.648558521190683,0.5299977343698193,0.0,0.0
2.2084463208403493,1.710768276707313,0.5405316266408874,0.0,0.0
2.2084463208403493,1.7729780322239428,0.5516189693310625,0.0,0.0
2.2084463208403493,1.8351877877405718,0.5632634993963571,0.0,0.0
2.2084463208403493,1.8973975432572017,0.5754638435244661,0.0,0.0
2.2084463208403493,1.9596072987738316,0.5882120619225766,0.0,0.0
2.2084463208403493,2.0218170542904605,0.6014919341371823,0.0,0.0
2.2084463208403493,2.0840268098070904,0.6152769755845223,0.0,0.0
2.2084463208403493,2.1462365653237194,0.6295281903970661,0.0,0.0
2.2084463208403493,2.2084463208403493,0.644191592653754,0.0,0.0
2.2084463208403493,2.270656076356979,0.6591955665437654,0.0,0.0
2.2084463208403493,2.332865831873608,0.6744481885151915,0.0,0.0
2.2084463208403493,2.395075587390238,0.6898347015501766,0.0,0.0
2.2084463208403493,2.457285342906868,0.7052154111118646,0.0,0.0
2.2084463208403493,2.519495098423497,0.7204243570855161,0.0,0.0
2.2084463208403493,2.581704853940127,0.73526919267819,0.0,0.0
2.2084463208403493,2.6439146094567567,0.7495327484372579,0.0,0.0
2.2084463208403493,2.7061243649733857,0.7629767488597471,0.0,0.0
2.2084463208403493,2.7683341204900156,0.7753480490709359,0.0,0.0
2.2084463208403493,2.8305438760066455,0.7863875441772273,0.0,0.0
2.2084463208403493,2.8927536315232745,0.7958415676262436,0.0,0.0
2.2084463208403493,2.9549633870399044,0.803475164158302,0.0,0.0
2.2084463208403493,3.0171731425565333,0.8090861669924572,0.0,0.0
2.2084463208403493,3.0793828980731632,0.8125186344622094,0.0,0.0
2.270656076356979,-3.141592653589793,0.8445581878556724,0.0,0.0
2.270656076356979,-3.0793828980731637,0.8432663861933596,0.0,0.0
2.270656076356979,-3.017173142556534,0.8394311780134016,0.0,0.0
2.270656076356979,-2.9549633870399044,0.8331698395831474,0.0,0.0
2.270656076356979,-2.892753631523275,0.8246673070913277,0.0,0.0
2.270656076356979,-2.8305438760066455,0.8141620879296121,0.0,0.0
2.270656076356979,-2.7683341204900156,0.8019295031629139,0.0,0.0
2.270656076356979,-2.706124364973386,0.7882643817839384,0.0,0.0
2.270656076356979,-2.6439146094567567,0.7734650470523938,0.0,0.0
2.270656076356979,-2.581704853940127,0.7578198965242092,0.0,0.0
2.270656076356979,-2.5194950984234974,0.7415972541537086,0.0,0.0
2.270656076356979,-2.457285342906868,0.7250386108966302,0.0,0.0
2.270656076356979,-2.395075587390238,0.708354955598018,0.0,0.0
2.270656076356979,-2.3328658318736086,0.6917256551370703,0.0,0.0
2.270656076356979,-2.270656076356979,0.6752992519619215,0.0,0.0
2.270656076356979,-2.2084463208403498,0.6591955665437655,0.0,0.0
2.270656076356979,-2.1462365653237203,0.6435085767915031,0.0,0.0
2.270656076356979,-2.0840268098070904,0.6283096585356083,0.0,0.0
2.270656076356979,-2.021817054290461,0.6136508848420262,0.0,0.0
2.270656076356979,-1.9596072987738313,0.59956818228387,0.0,0.0
2.270656076356979,-1.897397543257202,0.58608422303459,0.0,0.0
2.270656076356979,-1.8351877877405722,0.5732109919459057,0.0,0.0
2.270656076356979,-1.7729780322239428,0.5609520098524118,0.0,0.0
2.270656076356979,-1.7107682767073131,0.5493042216590875,0.0,0.0
2.270656076356979,-1.6485585211906835,0.5382595739328395,0.0,0.0
2.270656076356979,-1.586348765674054,0.5278063149501034,0.0,0.0
2.270656076356979,-1.5241390101574244,0.5179300530509328,0.0,0.0
2.270656076356979,-1.461929254640795,0.5086146086849186,0.0,0.0
2.270656076356979,-1.3997194991241653,0.49984269311862906,0.0,0.0
2.270656076356979,-1.3375097436075358,0.49159644337420205,0.0,0.0
2.270656076356979,-1.2752999880909062,0.4838578392133536,0.0,0.0
2.270656076356979,-1.2130902325742767,0.4766090242569738,0.0,0.0
2.270656076356979,-1.150880477057647,0.46983254985703743,0.0,0.0
2.270656076356979,-1.0886707215410176,0.46351155722329346,0.0,0.0
2.270656076356979,-1.0264609660243877,0.45762991059037794,0.0,0.0
2.270656076356979,-0.9642512105077583,0.4521722918876945,0.0,0.0
2.270656076356979,-0.9020414549911289,0.4471242654172436,0.0,0.0
2.270656076356979,-0.8398316994744994,0.4424723194149695,0.0,0.0
2.270656076356979,-0.7776219439578695,0.43820389002671944,0.0,0.0
2.270656076356979,-0.7154121884412401,0.43430737212892645,0.0,0.0
2.270656076356979,-0.6532024329246107,0.4307721205280013,0.0,0.0
2.270656076356979,-0.5909926774079808,0.4275884443467564,0.0,0.0
2.270656076356979,-0.5287829218913513,0.4247475968210793,0.0,0.0
2.270656076356979,-0.4665731663747219,0.4222417622600377,0.0,0.0
2.270656076356979,-0.40436341085809246,0.42006404154617183,0.0,0.0
2.270656076356979,-0.3421536553414626,0.41820843725200607,0.0,0.0
2.270656076356979,-0.27994389982483314,0.41666983920898265,0.0,0.0
2.270656076356979,-0.2177341443082037,0.4154440111738212,0.0,0.0
2.270656076356979,-0.15552438879157382,0.41452757908466087,0.0,0.0
2.270656076356979,-0.09331463327494438,0.4139180212768772,0.0,0.0
2.270656076356979,-0.03110487775831494,0.4136136609292416,0.0,0.0
2.270656076356979,0.031104877758314498,0.4136136609292416,0.0,0.0
2.270656076356979,0.09331463327494438,0.4139180212768772,0.0,0.0
2.270656076356979,0.15552438879157382,0.41452757908466087,0.0,0.0
2.270656076356979,0.21773414430820326,0.4154440111738212,0.0,0.0
2.270656076356979,0.2799438998248327,0.41666983920898265,0.0,0.0
2.270656076356979,0.3421536553414626,0.41820843725200607,0.0,0.0
2.270656076356979,0.404363410858092,0.42006404154617183,0.0,0.0
2.270656076356979,0.46657316637472146,0.42224176226003773,0.0,0.0
2.270656076356979,0.5287829218913513,0.4247475968210793,0.0,0.0
2.270656076356979,0.5909926774079808,0.4275884443467564,0.0,0.0
2.270656076356979,0.6532024329246102,0.43077212052800123,0.0,0.0
2.270656076356979,0.7154121884412397,0.4343073721289264,0.0,0.0
2.270656076356979,0.7776219439578695,0.43820389002671944,0.0,0.0
2.270656076356979,0.839831699474499,0.44247231941496945,0.0,0.0
2.270656076356979,0.9020414549911289,0.4471242654172436,0.0,0.0
2.270656076356979,0.9642512105077579,0.45217229188769437,0.0,0.0
2.270656076356979,1.0264609660243877,0.45762991059037794,0.0,0.0
2.270656076356979,1.0886707215410176,0.46351155722329346,0.0,0.0
2.270656076356979,1.1508804770576466,0.46983254985703743,0.0,0.0
2.270656076356979,1.2130902325742765,0.4766090242569737,0.0,0.0
2.270656076356979,1.2752999880909055,0.4838578392133536,0.0,0.0
2.270656076356979,1.3375097436075354,0.49159644337420205,0.0,0.0
2.270656076356979,1.3997194991241653,0.49984269311862906,0.0,0.0
2.270656076356979,1.4619292546407943,0.5086146086849185,0.0,0.0
2.270656076356979,1.5241390101574241,0.5179300530509326,0.0,0.0
2.270656076356979,1.586348765674054,0.5278063149501034,0.0,0.0
2.270656076356979,1.648558521190683,0.5382595739328394,0.0,0.0
2.270656076356979,1.710768276707313,0.5493042216590875,0.0,0.0
2.270656076356979,1.7729780322239428,0.5609520098524118,0.0,0.0
2.270656076356979,1.8351877877405718,0.5732109919459056,0.0,0.0
2.270656076356979,1.8973975432572017,0.58608422303459,0.0,0.0
2.270656076356979,1.9596072987738316,0.59956818228387,0.0,0.0
2.270656076356979,2.0218170542904605,0.6136508848420261,0.0,0.0
2.270656076356979,2.0840268098070904,0.6283096585356083,0.0,0.0
2.270656076356979,2.1462365653237194,0.6435085767915029,0.0,0.0
2.270656076356979,2.2084463208403493,0.6591955665437654,0.0,0.0
2.270656076356979,2.270656076356979,0.6752992519619215,0.0,0.0
2.270656076356979,2.332865831873608,0.6917256551370702,0.0,0.0
2.270656076356979,2.395075587390238,0.708354955598018,0.0,0.0
2.270656076356979,2.457285342906868,0.7250386108966302,0.0,0.0
2.270656076356979,2.519495098423497,0.7415972541537084,0.0,0.0
2.270656076356979,2.581704853940127,0.7578198965242092,0.0,0.0
2.270656076356979,2.6439146094567567,0.7734650470523938,0.0,0.0
2.270656076356979,2.7061243649733857,0.7882643817839383,0.0,0.0
2.270656076356979,2.7683341204900156,0.8019295031629139,0.0,0.0
2.270656076356979,2.8305438760066455,0.8141620879296121,0.0,0.0
2.270656076356979,2.8927536315232745,0.8246673070913276,0.0,0.0
2.270656076356979,2.9549633870399044,0.8331698395831474,0.0,0.0
2.270656076356979,3.0171731425565333,0.8394311780134016,0.0,0.0
2.270656076356979,3.0793828980731632,0.8432663861933595,0.0,0.0
2.332865831873608,-3.141592653589793,0.8773730457163987,0.0,0.0
2.332865831873608,-3.0793828980731637,0.8759250039542599,0.0,0.0
2.332865831873608,-3.017173142556534,0.8716290279677311,0.0,0.0
2.332865831873608,-2.9549633870399044,0.8646253174993999,0.0,0.0
2.332865831873608,-2.892753631523275,0.8551340945215932,0.0,0.0
2.332865831873608,-2.8305438760066455,0.8434377500682557,0.0,0.0
2.332865831873608,-2.7683341204900156,0.8298598545447566,0.0,0.0
2.332865831873608,-2.706124364973386,0.8147438229693745,0.0,0.0
2.332865831873608,-2.6439146094567567,0.7984335808734274,0.0,0.0
2.332865831873608,-2.581704853940127,0.7812578019831496,0.0,0.0
2.332865831873608,-2.5194950984234974,0.7635184378992812,0.0,0.0
2.332865831873608,-2.457285342906868,0.7454835306425304,0.0,0.0
2.332865831873608,-2.395075587390238,0.7273837947487297,0.0,0.0
2.332865831873608,-2.3328658318736086,0.7094121918481313,0.0,0.0
2.332865831873608,-2.270656076356979,0.6917256551370702,0.0,0.0
2.332865831873608,-2.2084463208403498,0.6744481885151916,0.0,0.0
2.332865831873608,-2.1462365653237203,0.6576747021524575,0.0,0.0
2.332865831873608,-2.0840268098070904,0.6414751044775981,0.0,0.0
2.332865831873608,-2.021817054290461,0.6258983195023379,0.0,0.0
2.332865831873608,-1.9596072987738313,0.6109760227232338,0.0,0.0
2.332865831873608,-1.897397543257202,0.5967259839551458,0.0,0.0
2.332865831873608,-1.8351877877405722,0.5831549729877643,0.0,0.0
2.332865831873608,-1.7729780322239428,0.5702612284846907,0.0,0.0
2.332865831873608,-1.7107682767073131,0.5580365174181702,0.0,0.0
2.332865831873608,-1.6485585211906835,0.5464678265359907,0.0,0.0
2.332865831873608,-1.586348765674054,0.5355387330068572,0.0,0.0
2.332865831873608,-1.5241390101574244,0.5252305016296179,0.0,0.0
2.332865831873608,-1.461929254640795,0.5155229530792695,0.0,0.0
2.332865831873608,-1.3997194991241653,0.506395143139857,0.0,0.0
2.332865831873608,-1.3375097436075358,0.4978258877393453,0.0,0.0
2.332865831873608,-1.2752999880909062,0.48979416346319166,0.0,0.0
2.332865831873608,-1.2130902325742767,0.4822794084242081,0.0,0.0
2.332865831873608,-1.150880477057647,0.47526174407410204,0.0,0.0
2.332865831873608,-1.0886707215410176,0.46872213481519015,0.0,0.0
2.332865831873608,-1.0264609660243877,0.4626424991029034,0.0,0.0
2.332865831873608,-0.9642512105077583,0.4570057830795252,0.0,0.0
2.332865831873608,-0.9020414549911289,0.45179600558944794,0.0,0.0
2.332865831873608,-0.8398316994744994,0.44699828163362076,0.0,0.0
2.332865831873608,-0.7776219439578695,0.4425988298649435,0.0,0.0
2.332865831873608,-0.7154121884412401,0.4385849685514261,0.0,0.0
2.332865831873608,-0.6532024329246107,0.43494510349083376,0.0,0.0
2.332865831873608,-0.5909926774079808,0.43166871060703305,0.0,0.0
2.332865831873608,-0.5287829218913513,0.4287463153587276,0.0,0.0
2.332865831873608,-0.4665731663747219,0.4261694706160283,0.0,0.0
2.332865831873608,-0.40436341085809246,0.4239307342849076,0.0,0.0
2.332865831873608,-0.3421536553414626,0.42202364766398676,0.0,0.0
2.332865831873608,-0.27994389982483314,0.4204427152860007,0.0,0.0
2.332865831873608,-0.2177341443082037,0.41918338681439105,0.0,0.0
2.332865831873608,-0.15552438879157382,0.4182420414230148,0.0,0.0
2.332865831873608,-0.09331463327494438,0.4176159749751252,0.0,0.0
2.332865831873608,-0.03110487775831494,0.41730339022934876,0.0,0.0
2.332865831873608,0.031104877758314498,0.41730339022934876,0.0,0.0
2.332865831873608,0.09331463327494438,0.4176159749751252,0.0,0.0
2.332865831873608,0.15552438879157382,0.4182420414230148,0.0,0.0
2.332865831873608,0.21773414430820326,0.41918338681439105,0.0,0.0
2.332865831873608,0.2799438998248327,0.4204427152860007,0.0,0.0
2.332865831873608,0.3421536553414626,0.42202364766398676,0.0,0.0
2.332865831873608,0.404363410858092,0.4239307342849076,0.0,0.0
2.332865831873608,0.46657316637472146,0.4261694706160283,0.0,0.0
2.332865831873608,0.5287829218913513,0.4287463153587276,0.0,0.0
2.332865831873608,0.5909926774079808,0.43166871060703305,0.0,0.0
2.332865831873608,0.6532024329246102,0.43494510349083376,0.0,0.0
2.332865831873608,0.7154121884412397,0.43858496855142604,0.0,0.0
2.332865831873608,0.7776219439578695,0.4425988298649435,0.0,0.0
2.332865831873608,0.839831699474499,0.4469982816336207,0.0,0.0
2.332865831873608,0.9020414549911289,0.45179600558944794,0.0,0.0
2.332865831873608,0.9642512105077579,0.45700578307952516,0.0,0.0
2.332865831873608,1.0264609660243877,0.4626424991029034,0.0,0.0
2.332865831873608,1.0886707215410176,0.46872213481519015,0.0,0.0
2.332865831873608,1.1508804770576466,0.47526174407410204,0.0,0.0
2.332865831873608,1.2130902325742765,0.482279408424208,0.0,0.0
2.332865831873608,1.2752999880909055,0.48979416346319166,0.0,0.0
2.332865831873608,1.3375097436075354,0.49782588773934516,0.0,0.0
2.332865831873608,1.3997194991241653,0.506395143139857,0.0,0.0
2.332865831873608,1.4619292546407943,0.5155229530792695,0.0,0.0
2.332865831873608,1.5241390101574241,0.5252305016296179,0.0,0.0
2.332865831873608,1.586348765674054,0.5355387330068572,0.0,0.0
2.332865831873608,1.648558521190683,0.5464678265359907,0.0,0.0
2.332865831873608,1.710768276707313,0.5580365174181701,0.0,0.0
2.332865831873608,1.7729780322239428,0.5702612284846907,0.0,0.0
2.332865831873608,1.8351877877405718,0.5831549729877643,0.0,0.0
2.332865831873608,1.8973975432572017,0.5967259839551456,0.0,0.0
2.332865831873608,1.9596072987738316,0.6109760227232339,0.0,0.0
2.332865831873608,2.0218170542904605,0.6258983195023378,0.0,0.0
2.332865831873608,2.0840268098070904,0.6414751044775981,0.0,0.0
2.332865831873608,2.1462365653237194,0.6576747021524573,0.0,0.0
2.332865831873608,2.2084463208403493,0.6744481885151915,0.0,0.0
2.332865831873608,2.270656076356979,0.6917256551370702,0.0,0.0
2.332865831873608,2.332865831873608,0.7094121918481311,0.0,0.0
2.332865831873608,2.395075587390238,0.7273837947487297,0.0,0.0
2.332865831873608,2.457285342906868,0.7454835306425304,0.0,0.0
2.332865831873608,2.519495098423497,0.763518437899281,0.0,0.0
2.332865831873608,2.581704853940127,0.7812578019831496,0.0,0.0
2.332865831873608,2.6439146094567567,0.7984335808734274,0.0,0.0
2.332865831873608,2.7061243649733857,0.8147438229693743,0.0,0.0
2.332865831873608,2.7683341204900156,0.8298598545447566,0.0,0.0
2.332865831873608,2.8305438760066455,0.8434377500682557,0.0,0.0
2.332865831873608,2.8927536315232745,0.8551340945215931,0.0,0.0
2.332865831873608,2.9549633870399044,0.8646253174993999,0.0,0.0
2.332865831873608,3.0171731425565333,0.8716290279677309,0.0,0.0
2.332865831873608,3.0793828980731632,0.8759250039542599,0.0,0.0
2.395075587390238,-3.141592653589793,0.9120761888499761,0.0,0.0
2.395075587390238,-3.0793828980731637,0.9104497606314391,0.0,0.0
2.395075587390238,-3.017173142556534,0.9056283655813525,0.0,0.0
2.395075587390238,-2.9549633870399044,0.8977801989740376,0.0,0.0
2.395075587390238,-2.892753631523275,0.8871683285732872,0.0,0.0
2.395075587390238,-2.8305438760066455,0.8741279790282335,0.0,0.0
2.395075587390238,-2.7683341204900156,0.8590401638768262,0.0,0.0
2.395075587390238,-2.706124364973386,0.8423053487373412,0.0,0.0
2.395075587390238,-2.6439146094567567,0.824320130693022,0.0,0.0
2.395075587390238,-2.581704853940127,0.8054588079442917,0.0,0.0
2.395075587390238,-2.5194950984234974,0.7860605563895458,0.0,0.0
2.395075587390238,-2.457285342906868,0.7664219913163779,0.0,0.0
2.395075587390238,-2.395075587390238,0.7467942916067154,0.0,0.0
2.395075587390238,-2.3328658318736086,0.7273837947487299,0.0,0.0
2.395075587390238,-2.270656076356979,0.708354955598018,0.0,0.0
2.395075587390238,-2.2084463208403498,0.6898347015501767,0.0,0.0
2.395075587390238,-2.1462365653237203,0.6719174251659578,0.0,0.0
2.395075587390238,-2.0840268098070904,0.6546700718741568,0.0,0.0
2.395075587390238,-2.021817054290461,0.6381369709576289,0.0,0.0
2.395075587390238,-1.9596072987738313,0.6223442085743128,0.0,0.0
2.395075587390238,-1.897397543257202,0.6073034508272622,0.0,0.0
2.395075587390238,-1.8351877877405722,0.5930151982225721,0.0,0.0
2.395075587390238,-1.7729780322239428,0.5794714979793608,0.0,0.0
2.395075587390238,-1.7107682767073131,0.5666581652952958,0.0,0.0
2.395075587390238,-1.6485585211906835,0.5545565753890763,0.0,0.0
2.395075587390238,-1.586348765674054,0.5431450900161257,0.0,0.0
2.395075587390238,-1.5241390101574244,0.5324001788517079,0.0,0.0
2.395075587390238,-1.461929254640795,0.5222972901551564,0.0,0.0
2.395075587390238,-1.3997194991241653,0.5128115180807862,0.0,0.0
2.395075587390238,-1.3375097436075358,0.503918106861789,0.0,0.0
2.395075587390238,-1.2752999880909062,0.49559282540779176,0.0,0.0
2.395075587390238,-1.2130902325742767,0.4878122398894993,0.0,0.0
2.395075587390238,-1.150880477057647,0.4805539067263978,0.0,0.0
2.395075587390238,-1.0886707215410176,0.47379650403676404,0.0,0.0
2.395075587390238,-1.0264609660243877,0.4675199159905673,0.0,0.0
2.395075587390238,-0.9642512105077583,0.46170528153875157,0.0,0.0
2.395075587390238,-0.9020414549911289,0.45633501658390513,0.0,0.0
2.395075587390238,-0.8398316994744994,0.4513928167180327,0.0,0.0
2.395075587390238,-0.7776219439578695,0.4468636461019472,0.0,0.0
2.395075587390238,-0.7154121884412401,0.4427337168269682,0.0,0.0
2.395075587390238,-0.6532024329246107,0.4389904621230169,0.0,0.0
2.395075587390238,-0.5909926774079808,0.4356225060076229,0.0,0.0
2.395075587390238,-0.5287829218913513,0.4326196313664941,0.0,0.0
2.395075587390238,-0.4665731663747219,0.4299727479843977,0.0,0.0
2.395075587390238,-0.40436341085809246,0.4276738616779102,0.0,0.0
2.395075587390238,-0.3421536553414626,0.4257160453971116,0.0,0.0
2.395075587390238,-0.27994389982483314,0.4240934129439166,0.0,0.0
2.395075587390238,-0.2177341443082037,0.42280109578631025,0.0,0.0
2.395075587390238,-0.15552438879157382,0.42183522331896645,0.0,0.0
2.395075587390238,-0.09331463327494438,0.42119290682247096,0.0,0.0
2.395075587390238,-0.03110487775831494,0.4208722272982459,0.0,0.0
2.395075587390238,0.031104877758314498,0.4208722272982459,0.0,0.0
2.395075587390238,0.09331463327494438,0.42119290682247096,0.0,0.0
2.395075587390238,0.15552438879157382,0.42183522331896645,0.0,0.0
2.395075587390238,0.21773414430820326,0.42280109578631025,0.0,0.0
2.395075587390238,0.2799438998248327,0.4240934129439166,0.0,0.0
2.395075587390238,0.3421536553414626,0.4257160453971116,0.0,0.0
2.395075587390238,0.404363410858092,0.42767386167791016,0.0,0.0
2.395075587390238,0.46657316637472146,0.4299727479843977,0.0,0.0
2.395075587390238,0.5287829218913513,0.4326196313664941,0.0,0.0
2.395075587390238,0.5909926774079808,0.4356225060076229,0.0,0.0
2.395075587390238,0.6532024329246102,0.4389904621230169,0.0,0.0
2.395075587390238,0.7154121884412397,0.4427337168269682,0.0,0.0
2.395075587390238,0.7776219439578695,0.4468636461019472,0.0,0.0
2.395075587390238,0.839831699474499,0.4513928167180327,0.0,0.0
2.395075587390238,0.9020414549911289,0.45633501658390513,0.0,0.0
2.395075587390238,0.9642512105077579,0.4617052815387515,0.0,0.0
2.395075587390238,1.0264609660243877,0.4675199159905673,0.0,0.0
2.395075587390238,1.0886707215410176,0.47379650403676404,0.0,0.0
2.395075587390238,1.1508804770576466,0.4805539067263978,0.0,0.0
2.395075587390238,1.2130902325742765,0.4878122398894992,0.0,0.0
2.395075587390238,1.2752999880909055,0.49559282540779165,0.0,0.0
2.395075587390238,1.3375097436075354,0.5039181068617888,0.0,0.0
2.395075587390238,1.3997194991241653,0.5128115180807862,0.0,0.0
2.395075587390238,1.4619292546407943,0.5222972901551562,0.0,0.0
2.395075587390238,1.5241390101574241,0.5324001788517079,0.0,0.0
2.395075587390238,1.586348765674054,0.5431450900161257,0.0,0.0
2.395075587390238,1.648558521190683,0.5545565753890762,0.0,0.0
2.395075587390238,1.710768276707313,0.5666581652952958,0.0,0.0
2.395075587390238,1.7729780322239428,0.5794714979793608,0.0,0.0
2.395075587390238,1.8351877877405718,0.5930151982225719,0.0,0.0
2.395075587390238,1.8973975432572017,0.6073034508272621,0.0,0.0
2.395075587390238,1.9596072987738316,0.6223442085743128,0.0,0.0
2.395075587390238,2.0218170542904605,0.6381369709576289,0.0,0.0
2.395075587390238,2.0840268098070904,0.6546700718741568,0.0,0.0
2.395075587390238,2.1462365653237194,0.6719174251659576,0.0,0.0
2.395075587390238,2.2084463208403493,0.6898347015501766,0.0,0.0
2.395075587390238,2.270656076356979,0.708354955598018,0.0,0.0
2.395075587390238,2.332865831873608,0.7273837947487297,0.0,0.0
2.395075587390238,2.395075587390238,0.7467942916067154,0.0,0.0
2.395075587390238,2.457285342906868,0.7664219913163779,0.0,0.0
2.395075587390238,2.519495098423497,0.7860605563895456,0.0,0.0
2.395075587390238,2.581704853940127,0.8054588079442917,0.0,0.0
2.395075587390238,2.6439146094567567,0.824320130693022,0.0,0.0
2.395075587390238,2.7061243649733857,0.8423053487373412,0.0,0.0
2.395075587390238,2.7683341204900156,0.8590401638768262,0.0,0.0
2.395075587390238,2.8305438760066455,0.8741279790282335,0.0,0.0
2.395075587390238,2.8927536315232745,0.887168328573287,0.0,0.0
2.395075587390238,2.9549633870399044,0.8977801989740376,0.0,0.0
2.395075587390238,3.0171731425565333,0.9056283655813525,0.0,0.0
2.395075587390238,3.0793828980731632,0.9104497606314391,0.0,0.0
2.457285342906868,-3.141592653589793,0.9485477669945613,0.0,0.0
2.457285342906868,-3.0793828980731637,0.9467187216489362,0.0,0.0
2.457285342906868,-3.017173142556534,0.9413013587053946,0.0,0.0
2.457285342906868,-2.9549633870399044,0.9324979206875869,0.0,0.0
2.457285342906868,-2.892753631523275,0.9206232564401937,0.0,0.0
2.457285342906868,-2.8305438760066455,0.9060758512884443,0.0,0.0
2.457285342906868,-2.7683341204900156,0.88930466378033,0.0,0.0
2.457285342906868,-2.706124364973386,0.870776630342703,0.0,0.0
2.457285342906868,-2.6439146094567567,0.8509486192561678,0.0,0.0
2.457285342906868,-2.581704853940127,0.8302460303530722,0.0,0.0
2.457285342906868,-2.5194950984234974,0.8090486733055567,0.0,0.0
2.457285342906868,-2.457285342906868,0.7876833650640589,0.0,0.0
2.457285342906868,-2.395075587390238,0.7664219913163779,0.0,0.0
2.457285342906868,-2.3328658318736086,0.7454835306425305,0.0,0.0
2.457285342906868,-2.270656076356979,0.7250386108966302,0.0,0.0
2.457285342906868,-2.2084463208403498,0.7052154111118647,0.0,0.0
2.457285342906868,-2.1462365653237203,0.686106024351448,0.0,0.0
2.457285342906868,-2.0840268098070904,0.6677726847565951,0.0,0.0
2.457285342906868,-2.021817054290461,0.6502534998446078,0.0,0.0
2.457285342906868,-1.9596072987738313,0.6335675067501743,0.0,0.0
2.457285342906868,-1.897397543257202,0.6177189929099515,0.0,0.0
2.457285342906868,-1.8351877877405722,0.6027010982342523,0.0,0.0
2.457285342906868,-1.7729780322239428,0.588498758883235,0.0,0.0
2.457285342906868,-1.7107682767073131,0.5750910728661839,0.0,0.0
2.457285342906868,-1.6485585211906835,0.5624531730983562,0.0,0.0
2.457285342906868,-1.586348765674054,0.5505576903118814,0.0,0.0
2.457285342906868,-1.5241390101574244,0.5393758804408858,0.0,0.0
2.457285342906868,-1.461929254640795,0.5288784814326435,0.0,0.0
2.457285342906868,-1.3997194991241653,0.5190363544718284,0.0,0.0
2.457285342906868,-1.3375097436075358,0.5098209552289055,0.0,0.0
2.457285342906868,-1.2752999880909062,0.501204672384169,0.0,0.0
2.457285342906868,-1.2130902325742767,0.49316106348458455,0.0,0.0
2.457285342906868,-1.150880477057647,0.4856650121503456,0.0,0.0
2.457285342906868,-1.0886707215410176,0.47869282566763255,0.0,0.0
2.457285342906868,-1.0264609660243877,0.47222228795323695,0.0,0.0
2.457285342906868,-0.9642512105077583,0.46623267961667336,0.0,0.0
2.457285342906868,-0.9020414549911289,0.4607047742438068,0.0,0.0
2.457285342906868,-0.8398316994744994,0.45562081796415027,0.0,0.0
2.457285342906868,-0.7776219439578695,0.45096449773934916,0.0,0.0
2.457285342906868,-0.7154121884412401,0.446720902536766,0.0,0.0
2.457285342906868,-0.6532024329246107,0.44287648055834417,0.0,0.0
2.457285342906868,-0.5909926774079808,0.4394189949230653,0.0,0.0
2.457285342906868,-0.5287829218913513,0.4363374796045609,0.0,0.0
2.457285342906868,-0.4665731663747219,0.4336221969663422,0.0,0.0
2.457285342906868,-0.40436341085809246,0.43126459788588495,0.0,0.0
2.457285342906868,-0.3421536553414626,0.42925728519178685,0.0,0.0
2.457285342906868,-0.27994389982483314,0.4275939809367493,0.0,0.0
2.457285342906868,-0.2177341443082037,0.4262694978784183,0.0,0.0
2.457285342906868,-0.15552438879157382,0.42527971542850584,0.0,0.0
2.457285342906868,-0.09331463327494438,0.42462156024881964,0.0,0.0
2.457285342906868,-0.03110487775831494,0.4242929916134531,0.0,0.0
2.457285342906868,0.031104877758314498,0.4242929916134531,0.0,0.0
2.457285342906868,0.09331463327494438,0.42462156024881964,0.0,0.0
2.457285342906868,0.15552438879157382,0.42527971542850584,0.0,0.0
2.457285342906868,0.21773414430820326,0.4262694978784183,0.0,0.0
2.457285342906868,0.2799438998248327,0.42759398093674933,0.0,0.0
2.457285342906868,0.3421536553414626,0.42925728519178685,0.0,0.0
2.457285342906868,0.404363410858092,0.43126459788588495,0.0,0.0
2.457285342906868,0.46657316637472146,0.4336221969663422,0.0,0.0
2.457285342906868,0.5287829218913513,0.4363374796045609,0.0,0.0
2.457285342906868,0.5909926774079808,0.4394189949230653,0.0,0.0
2.457285342906868,0.6532024329246102,0.44287648055834405,0.0,0.0
2.457285342906868,0.7154121884412397,0.446720902536766,0.0,0.0
2.457285342906868,0.7776219439578695,0.45096449773934916,0.0,0.0
2.457285342906868,0.839831699474499,0.45562081796415027,0.0,0.0
2.457285342906868,0.9020414549911289,0.4607047742438068,0.0,0.0
2.457285342906868,0.9642512105077579,0.46623267961667336,0.0,0.0
2.457285342906868,1.0264609660243877,0.47222228795323695,0.0,0.0
2.457285342906868,1.0886707215410176,0.47869282566763255,0.0,0.0
2.457285342906868,1.1508804770576466,0.4856650121503456,0.0,0.0
2.457285342906868,1.2130902325742765,0.4931610634845845,0.0,0.0
2.457285342906868,1.2752999880909055,0.5012046723841689,0.0,0.0
2.457285342906868,1.3375097436075354,0.5098209552289055,0.0,0.0
2.457285342906868,1.3997194991241653,0.5190363544718284,0.0,0.0
2.457285342906868,1.4619292546407943,0.5288784814326434,0.0,0.0
2.457285342906868,1.5241390101574241,0.5393758804408858,0.0,0.0
2.457285342906868,1.586348765674054,0.5505576903118814,0.0,0.0
2.457285342906868,1.648558521190683,0.5624531730983561,0.0,0.0
2.457285342906868,1.710768276707313,0.5750910728661839,0.0,0.0
2.457285342906868,1.7729780322239428,0.588498758883235,0.0,0.0
2.457285342906868,1.8351877877405718,0.6027010982342522,0.0,0.0
2.457285342906868,1.8973975432572017,0.6177189929099514,0.0,0.0
2.457285342906868,1.9596072987738316,0.6335675067501743,0.0,0.0
2.457285342906868,2.0218170542904605,0.6502534998446077,0.0,0.0
2.457285342906868,2.0840268098070904,0.6677726847565951,0.0,0.0
2.457285342906868,2.1462365653237194,0.6861060243514477,0.0,0.0
2.457285342906868,2.2084463208403493,0.7052154111118646,0.0,0.0
2.457285342906868,2.270656076356979,0.7250386108966302,0.0,0.0
2.457285342906868,2.332865831873608,0.7454835306425304,0.0,0.0
2.457285342906868,2.395075587390238,0.7664219913163779,0.0,0.0
2.457285342906868,2.457285342906868,0.7876833650640589,0.0,0.0
2.457285342906868,2.519495098423497,0.8090486733055565,0.0,0.0
2.457285342906868,2.581704853940127,0.8302460303530722,0.0,0.0
2.457285342906868,2.6439146094567567,0.8509486192561678,0.0,0.0
2.457285342906868,2.7061243649733857,0.8707766303427028,0.0,0.0
2.457285342906868,2.7683341204900156,0.88930466378033,0.0,0.0
2.457285342906868,2.8305438760066455,0.9060758512884443,0.0,0.0
2.457285342906868,2.8927536315232745,0.9206232564401935,0.0,0.0
2.457285342906868,2.9549633870399044,0.9324979206875869,0.0,0.0
2.457285342906868,3.0171731425565333,0.9413013587053946,0.0,0.0
2.457285342906868,3.0793828980731632,0.9467187216489362,0.0,0.0
2.519495098423497,-3.141592653589793,0.9865623618211619,0.0,0.0
2.519495098423497,-3.0793828980731637,0.9845049659600785,0.0,0.0
2.519495098423497,-3.017173142556534,0.9784169473458318,0.0,0.0
2.519495098423497,-2.9549633870399044,0.9685416522022202,0.0,0.0
2.519495098423497,-2.892753631523275,0.9552560175574506,0.0,0.0
2.519495098423497,-2.8305438760066455,0.9390336207447848,0.0,0.0
2.519495098423497,-2.7683341204900156,0.920403012469966,0.0,0.0
2.519495098423497,-2.706124364973386,0.8999077313454253,0.0,0.0
2.519495098423497,-2.6439146094567567,0.8780727525958827,0.0,0.0
2.519495098423497,-2.581704853940127,0.8553798812407656,0.0,0.0
2.519495098423497,-2.5194950984234974,0.8322525099504248,0.0,0.0
2.519495098423497,-2.457285342906868,0.8090486733055565,0.0,0.0
2.519495098423497,-2.395075587390238,0.7860605563895456,0.0,0.0
2.519495098423497,-2.3328658318736086,0.7635184378992812,0.0,0.0
2.519495098423497,-2.270656076356979,0.7415972541537084,0.0,0.0
2.519495098423497,-2.2084463208403498,0.7204243570855161,0.0,0.0
2.519495098423497,-2.1462365653237203,0.7000874598644803,0.0,0.0
2.519495098423497,-2.0840268098070904,0.6806421351235622,0.0,0.0
2.519495098423497,-2.021817054290461,0.6621185194331621,0.0,0.0
2.519495098423497,-1.9596072987738313,0.644527081176169,0.0,0.0
2.519495098423497,-1.897397543257202,0.627863439965395,0.0,0.0
2.519495098423497,-1.8351877877405722,0.6121123016810023,0.0,0.0
2.519495098423497,-1.7729780322239428,0.5972506107830513,0.0,0.0
2.519495098423497,-1.7107682767073131,0.5832500343715686,0.0,0.0
2.519495098423497,-1.6485585211906835,0.5700788905602877,0.0,0.0
2.519495098423497,-1.586348765674054,0.557703623982739,0.0,0.0
2.519495098423497,-1.5241390101574244,0.5460899180850214,0.0,0.0
2.519495098423497,-1.461929254640795,0.5352035199386482,0.0,0.0
2.519495098423497,-1.3997194991241653,0.5250108400999336,0.0,0.0
2.519495098423497,-1.3375097436075358,0.5154793782603391,0.0,0.0
2.519495098423497,-1.2752999880909062,0.5065780153270333,0.0,0.0
2.519495098423497,-1.2130902325742767,0.4982772041374263,0.0,0.0
2.519495098423497,-1.150880477057647,0.4905490841059197,0.0,0.0
2.519495098423497,-1.0886707215410176,0.48336753952989747,0.0,0.0
2.519495098423497,-1.0264609660243877,0.47670821683737097,0.0,0.0
2.519495098423497,-0.9642512105077583,0.4705485125441018,0.0,0.0
2.519495098423497,-0.9020414549911289,0.464867540928787,0.0,0.0
2.519495098423497,-0.8398316994744994,0.459646088281737,0.0,0.0
2.519495098423497,-0.7776219439578695,0.45486655891118855,0.0,0.0
2.519495098423497,-0.7154121884412401,0.450512916800479,0.0,0.0
2.519495098423497,-0.6532024329246107,0.4465706258169766,0.0,0.0
2.519495098423497,-0.5909926774079808,0.4430265906146563,0.0,0.0
2.519495098423497,-0.5287829218913513,0.43986909979485245,0.0,0.0
2.519495098423497,-0.4665731663747219,0.4370877724533184,0.0,0.0
2.519495098423497,-0.40436341085809246,0.43467350891440676,0.0,0.0
2.519495098423497,-0.3421536553414626,0.4326184462100016,0.0,0.0
2.519495098423497,-0.27994389982483314,0.43091591868237583,0.0,0.0
2.519495098423497,-0.2177341443082037,0.4295604239612469,0.0,0.0
2.519495098423497,-0.15552438879157382,0.42854759447415863,0.0,0.0
2.519495098423497,-0.09331463327494438,0.427874174586679,0.0,0.0
2.519495098423497,-0.03110487775831494,0.4275380034274934,0.0,0.0
2.519495098423497,0.031104877758314498,0.4275380034274934,0.0,0.0
2.519495098423497,0.09331463327494438,0.427874174586679,0.0,0.0
2.519495098423497,0.15552438879157382,0.42854759447415863,0.0,0.0
2.519495098423497,0.21773414430820326,0.4295604239612469,0.0,0.0
2.519495098423497,0.2799438998248327,0.43091591868237583,0.0,0.0
2.519495098423497,0.3421536553414626,0.4326184462100016,0.0,0.0
2.519495098423497,0.404363410858092,0.43467350891440676,0.0,0.0
2.519495098423497,0.46657316637472146,0.4370877724533184,0.0,0.0
2.519495098423497,0.5287829218913513,0.43986909979485245,0.0,0.0
2.519495098423497,0.5909926774079808,0.4430265906146563,0.0,0.0
2.519495098423497,0.6532024329246102,0.4465706258169766,0.0,0.0
2.519495098423497,0.7154121884412397,0.450512916800479,0.0,0.0
2.519495098423497,0.7776219439578695,0.45486655891118855,0.0,0.0
2.519495098423497,0.839831699474499,0.45964608828173686,0.0,0.0
2.519495098423497,0.9020414549911289,0.464867540928787,0.0,0.0
2.519495098423497,0.9642512105077579,0.47054851254410174,0.0,0.0
2.519495098423497,1.0264609660243877,0.47670821683737097,0.0,0.0
2.519495098423497,1.0886707215410176,0.48336753952989747,0.0,0.0
2.519495098423497,1.1508804770576466,0.4905490841059197,0.0,0.0
2.519495098423497,1.2130902325742765,0.4982772041374262,0.0,0.0
2.519495098423497,1.2752999880909055,0.5065780153270332,0.0,0.0
2.519495098423497,1.3375097436075354,0.515479378260339,0.0,0.0
2.519495098423497,1.3997194991241653,0.5250108400999336,0.0,0.0
2.519495098423497,1.4619292546407943,0.5352035199386481,0.0,0.0
2.519495098423497,1.5241390101574241,0.5460899180850214,0.0,0.0
2.519495098423497,1.586348765674054,0.557703623982739,0.0,0.0
2.519495098423497,1.648558521190683,0.5700788905602876,0.0,0.0
2.519495098423497,1.710768276707313,0.5832500343715686,0.0,0.0
2.519495098423497,1.7729780322239428,0.5972506107830513,0.0,0.0
2.519495098423497,1.8351877877405718,0.6121123016810022,0.0,0.0
2.519495098423497,1.8973975432572017,0.6278634399653948,0.0,0.0
2.519495098423497,1.9596072987738316,0.644527081176169,0.0,0.0
2.519495098423497,2.0218170542904605,0.662118519433162,0.0,0.0
2.519495098423497,2.0840268098070904,0.6806421351235622,0.0,0.0
2.519495098423497,2.1462365653237194,0.7000874598644801,0.0,0.0
2.519495098423497,2.2084463208403493,0.7204243570855161,0.0,0.0
2.519495098423497,2.270656076356979,0.7415972541537084,0.0,0.0
2.519495098423497,2.332865831873608,0.763518437899281,0.0,0.0
2.519495098423497,2.395075587390238,0.7860605563895456,0.0,0.0
2.519495098423497,2.457285342906868,0.8090486733055565,0.0,0.0
2.519495098423497,2.519495098423497,0.8322525099504245,0.0,0.0
2.519495098423497,2.581704853940127,0.8553798812407656,0.0,0.0
2.519495098423497,2.6439146094567567,0.8780727525958827,0.0,0.0
2.519495098423497,2.7061243649733857,0.8999077313454251,0.0,0.0
2.519495098423497,2.7683341204900156,0.920403012469966,0.0,0.0
2.519495098423497,2.8305438760066455,0.9390336207447848,0.0,0.0
2.519495098423497,2.8927536315232745,0.9552560175574504,0.0,0.0
2.519495098423497,2.9549633870399044,0.9685416522022202,0.0,0.0
2.519495098423497,3.0171731425565333,0.9784169473458316,0.0,0.0
2.519495098423497,3.0793828980731632,0.9845049659600785,0.0,0.0
2.581704853940127,-3.141592653589793,1.025756074981023,0.0,0.0
2.581704853940127,-3.0793828980731637,1.0234441883472023,0.0,0.0
2.581704853940127,-3.017173142556534,1.016609942735859,0.0,0.0
2.581704853940127,-2.9549633870399044,1.0055457420884415,0.0,0.0
2.581704853940127,-2.892753631523275,0.9907020857387311,0.0,0.0
2.581704853940127,-2.8305438760066455,0.9726405628909152,0.0,0.0
2.581704853940127,-2.7683341204900156,0.9519816950672663,0.0,0.0
2.581704853940127,-2.706124364973386,0.9293559946701749,0.0,0.0
2.581704853940127,-2.6439146094567567,0.90536414353549,0.0,0.0
2.581704853940127,-2.581704853940127,0.8805490614773606,0.0,0.0
2.581704853940127,-2.5194950984234974,0.8553798812407659,0.0,0.0
2.581704853940127,-2.457285342906868,0.8302460303530722,0.0,0.0
2.581704853940127,-2.395075587390238,0.8054588079442917,0.0,0.0
2.581704853940127,-2.3328658318736086,0.7812578019831498,0.0,0.0
2.581704853940127,-2.270656076356979,0.7578198965242092,0.0,0.0
2.581704853940127,-2.2084463208403498,0.7352691926781902,0.0,0.0
2.581704853940127,-2.1462365653237203,0.7136867308442477,0.0,0.0
2.581704853940127,-2.0840268098070904,0.6931193663070887,0.0,0.0
2.581704853940127,-2.021817054290461,0.6735874903549861,0.0,0.0
2.581704853940127,-1.9596072987738313,0.6550915144896418,0.0,0.0
2.581704853940127,-1.897397543257202,0.6376171701405824,0.0,0.0
2.581704853940127,-1.8351877877405722,0.6211397465754058,0.0,0.0
2.581704853940127,-1.7729780322239428,0.6056274176824986,0.0,0.0
2.581704853940127,-1.7107682767073131,0.5910438108181074,0.0,0.0
2.581704853940127,-1.6485585211906835,0.5773499596118342,0.0,0.0
2.581704853940127,-1.586348765674054,0.5645057650351633,0.0,0.0
2.581704853940127,-1.5241390101574244,0.5524710696811854,0.0,0.0
2.581704853940127,-1.461929254640795,0.5412064315826823,0.0,0.0
2.581704853940127,-1.3997194991241653,0.530673667227237,0.0,0.0
2.581704853940127,-1.3375097436075358,0.5208362191589718,0.0,0.0
2.581704853940127,-1.2752999880909062,0.5116593917033153,0.0,0.0
2.581704853940127,-1.2130902325742767,0.5031104887128548,0.0,0.0
2.581704853940127,-1.150880477057647,0.4951588795174664,0.0,0.0
2.581704853940127,-1.0886707215410176,0.487776013160193,0.0,0.0
2.581704853940127,-1.0264609660243877,0.4809353962194806,0.0,0.0
2.581704853940127,-0.9642512105077583,0.47461254580070866,0.0,0.0
2.581704853940127,-0.9020414549911289,0.46878492640722674,0.0,0.0
2.581704853940127,-0.8398316994744994,0.46343187719362455,0.0,0.0
2.581704853940127,-0.7776219439578695,0.4585345344162931,0.0,0.0
2.581704853940127,-0.7154121884412401,0.4540757526126205,0.0,0.0
2.581704853940127,-0.6532024329246107,0.45004002706886453,0.0,0.0
2.581704853940127,-0.5909926774079808,0.4464134194061932,0.0,0.0
2.581704853940127,-0.5287829218913513,0.44318348756875686,0.0,0.0
2.581704853940127,-0.4665731663747219,0.4403392210936565,0.0,0.0
2.581704853940127,-0.40436341085809246,0.4378709822468838,0.0,0.0
2.581704853940127,-0.3421536553414626,0.4357704533959352,0.0,0.0
2.581704853940127,-0.27994389982483314,0.43403059083902773,0.0,0.0
2.581704853940127,-0.2177341443082037,0.4326455852074292,0.0,0.0
2.581704853940127,-0.15552438879157382,0.43161082848962595,0.0,0.0
2.581704853940127,-0.09331463327494438,0.43092288768486353,0.0,0.0
2.581704853940127,-0.03110487775831494,0.4305794850719855,0.0,0.0
2.581704853940127,0.031104877758314498,0.4305794850719855,0.0,0.0
2.581704853940127,0.09331463327494438,0.43092288768486353,0.0,0.0
2.581704853940127,0.15552438879157382,0.43161082848962595,0.0,0.0
2.581704853940127,0.21773414430820326,0.4326455852074292,0.0,0.0
2.581704853940127,0.2799438998248327,0.43403059083902773,0.0,0.0
2.581704853940127,0.3421536553414626,0.4357704533959352,0.0,0.0
2.581704853940127,0.404363410858092,0.4378709822468838,0.0,0.0
2.581704853940127,0.46657316637472146,0.4403392210936565,0.0,0.0
2.581704853940127,0.5287829218913513,0.44318348756875686,0.0,0.0
2.581704853940127,0.5909926774079808,0.4464134194061932,0.0,0.0
2.581704853940127,0.6532024329246102,0.4500400270688645,0.0,0.0
2.581704853940127,0.7154121884412397,0.4540757526126205,0.0,0.0
2.581704853940127,0.7776219439578695,0.4585345344162931,0.0,0.0
2.581704853940127,0.839831699474499,0.4634318771936245,0.0,0.0
2.581704853940127,0.9020414549911289,0.46878492640722674,0.0,0.0
2.581704853940127,0.9642512105077579,0.4746125458007086,0.0,0.0
2.581704853940127,1.0264609660243877,0.4809353962194806,0.0,0.0
2.581704853940127,1.0886707215410176,0.487776013160193,0.0,0.0
2.581704853940127,1.1508804770576466,0.4951588795174664,0.0,0.0
2.581704853940127,1.2130902325742765,0.5031104887128547,0.0,0.0
2.581704853940127,1.2752999880909055,0.5116593917033152,0.0,0.0
2.581704853940127,1.3375097436075354,0.5208362191589717,0.0,0.0
2.581704853940127,1.3997194991241653,0.530673667227237,0.0,0.0
2.581704853940127,1.4619292546407943,0.5412064315826822,0.0,0.0
2.581704853940127,1.5241390101574241,0.5524710696811853,0.0,0.0
2.581704853940127,1.586348765674054,0.5645057650351633,0.0,0.0
2.581704853940127,1.648558521190683,0.5773499596118342,0.0,0.0
2.581704853940127,1.710768276707313,0.5910438108181074,0.0,0.0
2.581704853940127,1.7729780322239428,0.6056274176824986,0.0,0.0
2.581704853940127,1.8351877877405718,0.6211397465754057,0.0,0.0
2.581704853940127,1.8973975432572017,0.6376171701405823,0.0,0.0
2.581704853940127,1.9596072987738316,0.6550915144896418,0.0,0.0
2.581704853940127,2.0218170542904605,0.673587490354986,0.0,0.0
2.581704853940127,2.0840268098070904,0.6931193663070887,0.0,0.0
2.581704853940127,2.1462365653237194,0.7136867308442474,0.0,0.0
2.581704853940127,2.2084463208403493,0.73526919267819,0.0,0.0
2.581704853940127,2.270656076356979,0.7578198965242092,0.0,0.0
2.581704853940127,2.332865831873608,0.7812578019831496,0.0,0.0
2.581704853940127,2.395075587390238,0.8054588079442917,0.0,0.0
2.581704853940127,2.457285342906868,0.8302460303530722,0.0,0.0
2.581704853940127,2.519495098423497,0.8553798812407656,0.0,0.0
2.581704853940127,2.581704853940127,0.8805490614773606,0.0,0.0
2.581704853940127,2.6439146094567567,0.90536414353549,0.0,0.0
2.581704853940127,2.7061243649733857,0.9293559946701746,0.0,0.0
2.581704853940127,2.7683341204900156,0.9519816950672663,0.0,0.0
2.581704853940127,2.8305438760066455,0.9726405628909152,0.0,0.0
2.581704853940127,2.8927536315232745,0.9907020857387309,0.0,0.0
2.581704853940127,2.9549633870399044,1.0055457420884415,0.0,0.0
2.581704853940127,3.0171731425565333,1.016609942735859,0.0,0.0
2.581704853940127,3.0793828980731632,1.0234441883472023,0.0,0.0
2.6439146094567567,-3.141592653589793,1.0655911487897747,0.0,0.0
2.6439146094567567,-3.0793828980731637,1.063000014579897,0.0,0.0
2.6439146094567567,-3.017173142556534,1.055348347460443,0.0,0.0
2.6439146094567567,-2.9549633870399044,1.0429861327200003,0.0,0.0
2.6439146094567567,-2.892753631523275,1.0264495457124971,0.0,0.0
2.6439146094567567,-2.8305438760066455,1.0064015125870962,0.0,0.0
2.6439146094567567,-2.7683341204900156,0.9835668689120782,0.0,0.0
2.6439146094567567,-2.706124364973386,0.9586729506314083,0.0,0.0
2.6439146094567567,-2.6439146094567567,0.9324028352504705,0.0,0.0
2.6439146094567567,-2.581704853940127,0.90536414353549,0.0,0.0
2.6439146094567567,-2.5194950984234974,0.8780727525958828,0.0,0.0
2.6439146094567567,-2.457285342906868,0.8509486192561678,0.0,0.0
2.6439146094567567,-2.395075587390238,0.824320130693022,0.0,0.0
2.6439146094567567,-2.3328658318736086,0.7984335808734275,0.0,0.0
2.6439146094567567,-2.270656076356979,0.7734650470523938,0.0,0.0
2.6439146094567567,-2.2084463208403498,0.7495327484372581,0.0,0.0
2.6439146094567567,-2.1462365653237203,0.726708697910624,0.0,0.0
2.6439146094567567,-2.0840268098070904,0.7050290205945542,0.0,0.0
2.6439146094567567,-2.021817054290461,0.6845027007559235,0.0,0.0
2.6439146094567567,-1.9596072987738313,0.6651187588712096,0.0,0.0
2.6439146094567567,-1.897397543257202,0.6468519921847309,0.0,0.0
2.6439146094567567,-1.8351877877405722,0.6296674707367177,0.0,0.0
2.6439146094567567,-1.7729780322239428,0.6135239948042576,0.0,0.0
2.6439146094567567,-1.7107682767073131,0.5983767088998287,0.0,0.0
2.6439146094567567,-1.6485585211906835,0.5841790448773694,0.0,0.0
2.6439146094567567,-1.586348765674054,0.5708841401463177,0.0,0.0
2.6439146094567567,-1.5241390101574244,0.5584458508500038,0.0,0.0
2.6439146094567567,-1.461929254640795,0.5468194562744519,0.0,0.0
2.6439146094567567,-1.3997194991241653,0.5359621305455855,0.0,0.0
2.6439146094567567,-1.3375097436075358,0.5258332409422121,0.0,0.0
2.6439146094567567,-1.2752999880909062,0.516394518625782,0.0,0.0
2.6439146094567567,-1.2130902325742767,0.5076101368393009,0.0,0.0
2.6439146094567567,-1.150880477057647,0.4994467231965802,0.0,0.0
2.6439146094567567,-1.0886707215410176,0.4918733261356875,0.0,0.0
2.6439146094567567,-1.0264609660243877,0.4848613505667456,0.0,0.0
2.6439146094567567,-0.9642512105077583,0.47838447388466887,0.0,0.0
2.6439146094567567,-0.9020414549911289,0.47241855058113574,0.0,0.0
2.6439146094567567,-0.8398316994744994,0.4669415114681823,0.0,0.0
2.6439146094567567,-0.7776219439578695,0.4619332618533683,0.0,0.0
2.6439146094567567,-0.7154121884412401,0.45737558175467324,0.0,0.0
2.6439146094567567,-0.6532024329246107,0.4532520303122478,0.0,0.0
2.6439146094567567,-0.5909926774079808,0.4495478558669129,0.0,0.0
2.6439146094567567,-0.5287829218913513,0.44624991267283387,0.0,0.0
2.6439146094567567,-0.4665731663747219,0.4433465848489642,0.0,0.0
2.6439146094567567,-0.40436341085809246,0.440827717916287,0.0,0.0
2.6439146094567567,-0.3421536553414626,0.43868455808940354,0.0,0.0
2.6439146094567567,-0.27994389982483314,0.43690969937181884,0.0,0.0
2.6439146094567567,-0.2177341443082037,0.43549703842926474,0.0,0.0
2.6439146094567567,-0.15552438879157382,0.43444173717321755,0.0,0.0
2.6439146094567567,-0.09331463327494438,0.43374019296871197,0.0,0.0
2.6439146094567567,-0.03110487775831494,0.43339001638006125,0.0,0.0
2.6439146094567567,0.031104877758314498,0.43339001638006125,0.0,0.0
2.6439146094567567,0.09331463327494438,0.43374019296871197,0.0,0.0
2.6439146094567567,0.15552438879157382,0.43444173717321755,0.0,0.0
2.6439146094567567,0.21773414430820326,0.43549703842926474,0.0,0.0
2.6439146094567567,0.2799438998248327,0.4369096993718188,0.0,0.0
2.6439146094567567,0.3421536553414626,0.43868455808940354,0.0,0.0
2.6439146094567567,0.404363410858092,0.44082771791628694,0.0,0.0
2.6439146094567567,0.46657316637472146,0.4433465848489642,0.0,0.0
2.6439146094567567,0.5287829218913513,0.44624991267283387,0.0,0.0
2.6439146094567567,0.5909926774079808,0.4495478558669129,0.0,0.0
2.6439146094567567,0.6532024329246102,0.45325203031224776,0.0,0.0
2.6439146094567567,0.7154121884412397,0.45737558175467313,0.0,0.0
2.6439146094567567,0.7776219439578695,0.4619332618533683,0.0,0.0
2.6439146094567567,0.839831699474499,0.4669415114681823,0.0,0.0
2.6439146094567567,0.9020414549911289,0.47241855058113574,0.0,0.0
2.6439146094567567,0.9642512105077579,0.4783844738846688,0.0,0.0
2.6439146094567567,1.0264609660243877,0.4848613505667456,0.0,0.0
2.6439146094567567,1.0886707215410176,0.4918733261356875,0.0,0.0
2.6439146094567567,1.1508804770576466,0.4994467231965802,0.0,0.0
2.6439146094567567,1.2130902325742765,0.5076101368393008,0.0,0.0
2.6439146094567567,1.2752999880909055,0.516394518625782,0.0,0.0
2.6439146094567567,1.3375097436075354,0.525833240942212,0.0,0.0
2.6439146094567567,1.3997194991241653,0.5359621305455855,0.0,0.0
2.6439146094567567,1.4619292546407943,0.5468194562744518,0.0,0.0
2.6439146094567567,1.5241390101574241,0.5584458508500036,0.0,0.0
2.6439146094567567,1.586348765674054,0.5708841401463177,0.0,0.0
2.6439146094567567,1.648558521190683,0.5841790448773692,0.0,0.0
2.6439146094567567,1.710768276707313,0.5983767088998287,0.0,0.0
2.6439146094567567,1.7729780322239428,0.6135239948042576,0.0,0.0
2.6439146094567567,1.8351877877405718,0.6296674707367176,0.0,0.0
2.6439146094567567,1.8973975432572017,0.6468519921847308,0.0,0.0
2.6439146094567567,1.9596072987738316,0.6651187588712097,0.0,0.0
2.6439146094567567,2.0218170542904605,0.6845027007559233,0.0,0.0
2.6439146094567567,2.0840268098070904,0.7050290205945542,0.0,0.0
2.6439146094567567,2.1462365653237194,0.7267086979106238,0.0,0.0
2.6439146094567567,2.2084463208403493,0.7495327484372579,0.0,0.0
2.6439146094567567,2.270656076356979,0.7734650470523938,0.0,0.0
2.6439146094567567,2.332865831873608,0.7984335808734274,0.0,0.0
2.6439146094567567,2.395075587390238,0.824320130693022,0.0,0.0
2.6439146094567567,2.457285342906868,0.8509486192561678,0.0,0.0
2.6439146094567567,2.519495098423497,0.8780727525958827,0.0,0.0
2.6439146094567567,2.581704853940127,0.90536414353549,0.0,0.0
2.6439146094567567,2.6439146094567567,0.9324028352504705,0.0,0.0
2.6439146094567567,2.7061243649733857,0.9586729506314081,0.0,0.0
2.6439146094567567,2.7683341204900156,0.9835668689120782,0.0,0.0
2.6439146094567567,2.8305438760066455,1.0064015125870962,0.0,0.0
2.6439146094567567,2.8927536315232745,1.026449545712497,0.0,0.0
2.6439146094567567,2.9549633870399044,1.0429861327200003,0.0,0.0
2.6439146094567567,3.0171731425565333,1.055348347460443,0.0,0.0
2.6439146094567567,3.0793828980731632,1.063000014579897,0.0,0.0
2.7061243649733857,-3.141592653589793,1.1053230936797023,0.0,0.0
2.7061243649733857,-3.0793828980731637,1.1024319770361088,0.0,0.0
2.7061243649733857,-3.017173142556534,1.0939037580378848,0.0,0.0
2.7061243649733857,-2.9549633870399044,1.0801544437699442,0.0,0.0
2.7061243649733857,-2.892753631523275,1.0618176534956372,0.0,0.0
2.7061243649733857,-2.8305438760066455,1.0396702025432978,0.0,0.0
2.7061243649733857,-2.7683341204900156,1.0145523395273444,0.0,0.0
2.7061243649733857,-2.706124364973386,0.9872964610005333,0.0,0.0
2.7061243649733857,-2.6439146094567567,0.9586729506314081,0.0,0.0
2.7061243649733857,-2.581704853940127,0.9293559946701746,0.0,0.0
2.7061243649733857,-2.5194950984234974,0.8999077313454253,0.0,0.0
2.7061243649733857,-2.457285342906868,0.8707766303427028,0.0,0.0
2.7061243649733857,-2.395075587390238,0.8423053487373412,0.0,0.0
2.7061243649733857,-2.3328658318736086,0.8147438229693745,0.0,0.0
2.7061243649733857,-2.270656076356979,0.7882643817839383,0.0,0.0
2.7061243649733857,-2.2084463208403498,0.7629767488597473,0.0,0.0
2.7061243649733857,-2.1462365653237203,0.738941712210628,0.0,0.0
2.7061243649733857,-2.0840268098070904,0.7161828971589561,0.0,0.0
2.7061243649733857,-2.021817054290461,0.6946965066274856,0.0,0.0
2.7061243649733857,-1.9596072987738313,0.6744591379490926,0.0,0.0
2.7061243649733857,-1.897397543257202,0.6554339051337115,0.0,0.0
2.7061243649733857,-1.8351877877405722,0.6375751362302229,0.0,0.0
2.7061243649733857,-1.7729780322239428,0.6208319111125498,0.0,0.0
2.7061243649733857,-1.7107682767073131,0.6051506782705057,0.0,0.0
2.7061243649733857,-1.6485585211906835,0.5904771538014658,0.0,0.0
2.7061243649733857,-1.586348765674054,0.576757669541511,0.0,0.0
2.7061243649733857,-1.5241390101574244,0.5639401040466052,0.0,0.0
2.7061243649733857,-1.461929254640795,0.5519745015315877,0.0,0.0
2.7061243649733857,-1.3997194991241653,0.5408134602119888,0.0,0.0
2.7061243649733857,-1.3375097436075358,0.5304123524398989,0.0,0.0
2.7061243649733857,-1.2752999880909062,0.5207294239759858,0.0,0.0
2.7061243649733857,-1.2130902325742767,0.5117258080223203,0.0,0.0
2.7061243649733857,-1.150880477057647,0.5033654806165079,0.0,0.0
2.7061243649733857,-1.0886707215410176,0.4956151770974952,0.0,0.0
2.7061243649733857,-1.0264609660243877,0.4884442841299487,0.0,0.0
2.7061243649733857,-0.9642512105077583,0.4818247178384317,0.0,0.0
2.7061243649733857,-0.9020414549911289,0.47573079565393694,0.0,0.0
2.7061243649733857,-0.8398316994744994,0.47013910727844954,0.0,0.0
2.7061243649733857,-0.7776219439578695,0.4650283885460508,0.0,0.0
2.7061243649733857,-0.7154121884412401,0.46037940076195494,0.0,0.0
2.7061243649733857,-0.6532024329246107,0.4561748172271891,0.0,0.0
2.7061243649733857,-0.5909926774079808,0.45239911802548466,0.0,0.0
2.7061243649733857,-0.5287829218913513,0.4490384936991187,0.0,0.0
2.7061243649733857,-0.4665731663747219,0.44608075812577713,0.0,0.0
2.7061243649733857,-0.40436341085809246,0.4435152706942883,0.0,0.0
2.7061243649733857,-0.3421536553414626,0.44133286773723335,0.0,0.0
2.7061243649733857,-0.27994389982483314,0.43952580309348205,0.0,0.0
2.7061243649733857,-0.2177341443082037,0.4380876976290303,0.0,0.0
2.7061243649733857,-0.15552438879157382,0.43701349752925506,0.0,0.0
2.7061243649733857,-0.09331463327494438,0.4362994411817171,0.0,0.0
2.7061243649733857,-0.03110487775831494,0.43594303448986754,0.0,0.0
2.7061243649733857,0.031104877758314498,0.43594303448986754,0.0,0.0
2.7061243649733857,0.09331463327494438,0.4362994411817171,0.0,0.0
2.7061243649733857,0.15552438879157382,0.43701349752925506,0.0,0.0
2.7061243649733857,0.21773414430820326,0.43808769762903044,0.0,0.0
2.7061243649733857,0.2799438998248327,0.43952580309348205,0.0,0.0
2.7061243649733857,0.3421536553414626,0.44133286773723335,0.0,0.0
2.7061243649733857,0.404363410858092,0.4435152706942882,0.0,0.0
2.7061243649733857,0.46657316637472146,0.44608075812577713,0.0,0.0
2.7061243649733857,0.5287829218913513,0.4490384936991187,0.0,0.0
2.7061243649733857,0.5909926774079808,0.45239911802548466,0.0,0.0
2.7061243649733857,0.6532024329246102,0.45617481722718906,0.0,0.0
2.7061243649733857,0.7154121884412397,0.46037940076195494,0.0,0.0
2.7061243649733857,0.7776219439578695,0.4650283885460508,0.0,0.0
2.7061243649733857,0.839831699474499,0.47013910727844943,0.0,0.0
2.7061243649733857,0.9020414549911289,0.47573079565393694,0.0,0.0
2.7061243649733857,0.9642512105077579,0.4818247178384316,0.0,0.0
2.7061243649733857,1.0264609660243877,0.4884442841299487,0.0,0.0
2.7061243649733857,1.0886707215410176,0.4956151770974952,0.0,0.0
2.7061243649733857,1.1508804770576466,0.5033654806165079,0.0,0.0
2.7061243649733857,1.2130902325742765,0.5117258080223201,0.0,0.0
2.7061243649733857,1.2752999880909055,0.5207294239759858,0.0,0.0
2.7061243649733857,1.3375097436075354,0.5304123524398988,0.0,0.0
2.7061243649733857,1.3997194991241653,0.5408134602119888,0.0,0.0
2.7061243649733857,1.4619292546407943,0.5519745015315876,0.0,0.0
2.7061243649733857,1.5241390101574241,0.5639401040466052,0.0,0.0
2.7061243649733857,1.586348765674054,0.576757669541511,0.0,0.0
2.7061243649733857,1.648558521190683,0.5904771538014657,0.0,0.0
2.7061243649733857,1.710768276707313,0.6051506782705056,0.0,0.0
2.7061243649733857,1.7729780322239428,0.6208319111125498,0.0,0.0
2.7061243649733857,1.8351877877405718,0.6375751362302228,0.0,0.0
2.7061243649733857,1.8973975432572017,0.6554339051337114,0.0,0.0
2.7061243649733857,1.9596072987738316,0.6744591379490927,0.0,0.0
2.7061243649733857,2.0218170542904605,0.6946965066274855,0.0,0.0
2.7061243649733857,2.0840268098070904,0.7161828971589561,0.0,0.0
2.7061243649733857,2.1462365653237194,0.7389417122106275,0.0,0.0
2.7061243649733857,2.2084463208403493,0.7629767488597471,0.0,0.0
2.7061243649733857,2.270656076356979,0.7882643817839383,0.0,0.0
2.7061243649733857,2.332865831873608,0.8147438229693743,0.0,0.0
2.7061243649733857,2.395075587390238,0.8423053487373412,0.0,0.0
2.7061243649733857,2.457285342906868,0.8707766303427028,0.0,0.0
2.7061243649733857,2.519495098423497,0.8999077313454251,0.0,0.0
2.7061243649733857,2.581704853940127,0.9293559946701746,0.0,0.0
2.7061243649733857,2.6439146094567567,0.9586729506314081,0.0,0.0
2.7061243649733857,2.7061243649733857,0.9872964610005333,0.0,0.0
2.7061243649733857,2.7683341204900156,1.0145523395273444,0.0,0.0
2.7061243649733857,2.8305438760066455,1.0396702025432978,0.0,0.0
2.7061243649733857,2.8927536315232745,1.061817653495637,0.0,0.0
2.7061243649733857,2.9549633870399044,1.0801544437699442,0.0,0.0
2.7061243649733857,3.0171731425565333,1.0939037580378848,0.0,0.0
2.7061243649733857,3.0793828980731632,1.1024319770361088,0.0,0.0
2.7683341204900156,-3.141592653589793,1.1439788432646214,0.0,0.0
2.7683341204900156,-3.0793828980731637,1.1407745613272373,0.0,0.0
2.7683341204900156,-3.017173142556534,1.1313329334203486,0.0,0.0
2.7683341204900156,-2.9549633870399044,1.1161432782326763,0.0,0.0
2.7683341204900156,-2.892753631523275,1.0959465321666182,0.0,0.0
2.7683341204900156,-2.8305438760066455,1.0716434268971744,0.0,0.0
2.7683341204900156,-2.7683341204900156,1.0441978001619663,0.0,0.0
2.7683341204900156,-2.706124364973386,1.0145523395273446,0.0,0.0
2.7683341204900156,-2.6439146094567567,0.9835668689120782,0.0,0.0
2.7683341204900156,-2.581704853940127,0.9519816950672663,0.0,0.0
2.7683341204900156,-2.5194950984234974,0.9204030124699664,0.0,0.0
2.7683341204900156,-2.457285342906868,0.88930466378033,0.0,0.0
2.7683341204900156,-2.395075587390238,0.8590401638768262,0.0,0.0
2.7683341204900156,-2.3328658318736086,0.8298598545447569,0.0,0.0
2.7683341204900156,-2.270656076356979,0.8019295031629139,0.0,0.0
2.7683341204900156,-2.2084463208403498,0.775348049070936,0.0,0.0
2.7683341204900156,-2.1462365653237203,0.7501632930889544,0.0,0.0
2.7683341204900156,-2.0840268098070904,0.7263850731603553,0.0,0.0
2.7683341204900156,-2.021817054290461,0.7039959226455212,0.0,0.0
2.7683341204900156,-1.9596072987738313,0.6829594469225161,0.0,0.0
2.7683341204900156,-1.897397543257202,0.6632267532810212,0.0,0.0
2.7683341204900156,-1.8351877877405722,0.6447412860939746,0.0,0.0
2.7683341204900156,-1.7729780322239428,0.6274423932072255,0.0,0.0
2.7683341204900156,-1.7107682767073131,0.6112679049321514,0.0,0.0
2.7683341204900156,-1.6485585211906835,0.5961559580137548,0.0,0.0
2.7683341204900156,-1.586348765674054,0.5820462507352724,0.0,0.0
2.7683341204900156,-1.5241390101574244,0.568880875073477,0.0,0.0
2.7683341204900156,-1.461929254640795,0.5566048384091359,0.0,0.0
2.7683341204900156,-1.3997194991241653,0.545166360428505,0.0,0.0
2.7683341204900156,-1.3375097436075358,0.5345170097170109,0.0,0.0
2.7683341204900156,-1.2752999880909062,0.5246117281875528,0.0,0.0
2.7683341204900156,-1.2130902325742767,0.5154087789766058,0.0,0.0
2.7683341204900156,-1.150880477057647,0.5068696439657817,0.0,0.0
2.7683341204900156,-1.0886707215410176,0.49895888996390375,0.0,0.0
2.7683341204900156,-1.0264609660243877,0.4916440172657595,0.0,0.0
2.7683341204900156,-0.9642512105077583,0.4848953003554173,0.0,0.0
2.7683341204900156,-0.9020414549911289,0.47868562760820493,0.0,0.0
2.7683341204900156,-0.8398316994744994,0.47299034470837403,0.0,0.0
2.7683341204900156,-0.7776219439578695,0.4677871049429573,0.0,0.0
2.7683341204900156,-0.7154121884412401,0.4630557284082032,0.0,0.0
2.7683341204900156,-0.6532024329246107,0.45877807136176046,0.0,0.0
2.7683341204900156,-0.5909926774079808,0.4549379063879907,0.0,0.0
2.7683341204900156,-0.5287829218913513,0.4515208136530725,0.0,0.0
2.7683341204900156,-0.4665731663747219,0.4485140832644728,0.0,0.0
2.7683341204900156,-0.40436341085809246,0.4459066285814454,0.0,0.0
2.7683341204900156,-0.3421536553414626,0.4436889102239018,0.0,0.0
2.7683341204900156,-0.27994389982483314,0.4418528704774322,0.0,0.0
2.7683341204900156,-0.2177341443082037,0.4403918777785256,0.0,0.0
2.7683341204900156,-0.15552438879157382,0.4393006809759374,0.0,0.0
2.7683341204900156,-0.09331463327494438,0.4385753730942143,0.0,0.0
2.7683341204900156,-0.03110487775831494,0.438213364368119,0.0,0.0
2.7683341204900156,0.031104877758314498,0.438213364368119,0.0,0.0
2.7683341204900156,0.09331463327494438,0.4385753730942143,0.0,0.0
2.7683341204900156,0.15552438879157382,0.4393006809759374,0.0,0.0
2.7683341204900156,0.21773414430820326,0.4403918777785256,0.0,0.0
2.7683341204900156,0.2799438998248327,0.4418528704774322,0.0,0.0
2.7683341204900156,0.3421536553414626,0.4436889102239018,0.0,0.0
2.7683341204900156,0.404363410858092,0.4459066285814453,0.0,0.0
2.7683341204900156,0.46657316637472146,0.4485140832644728,0.0,0.0
2.7683341204900156,0.5287829218913513,0.4515208136530725,0.0,0.0
2.7683341204900156,0.5909926774079808,0.4549379063879907,0.0,0.0
2.7683341204900156,0.6532024329246102,0.4587780713617604,0.0,0.0
2.7683341204900156,0.7154121884412397,0.4630557284082032,0.0,0.0
2.7683341204900156,0.7776219439578695,0.4677871049429573,0.0,0.0
2.7683341204900156,0.839831699474499,0.4729903447083739,0.0,0.0
2.7683341204900156,0.9020414549911289,0.47868562760820493,0.0,0.0
2.7683341204900156,0.9642512105077579,0.48489530035541717,0.0,0.0
2.7683341204900156,1.0264609660243877,0.4916440172657595,0.0,0.0
2.7683341204900156,1.0886707215410176,0.49895888996390375,0.0,0.0
2.7683341204900156,1.1508804770576466,0.5068696439657817,0.0,0.0
2.7683341204900156,1.2130902325742765,0.5154087789766056,0.0,0.0
2.7683341204900156,1.2752999880909055,0.5246117281875526,0.0,0.0
2.7683341204900156,1.3375097436075354,0.5345170097170109,0.0,0.0
2.7683341204900156,1.3997194991241653,0.545166360428505,0.0,0.0
2.7683341204900156,1.4619292546407943,0.5566048384091358,0.0,0.0
2.7683341204900156,1.5241390101574241,0.5688808750734768,0.0,0.0
2.7683341204900156,1.586348765674054,0.5820462507352724,0.0,0.0
2.7683341204900156,1.648558521190683,0.5961559580137548,0.0,0.0
2.7683341204900156,1.710768276707313,0.6112679049321514,0.0,0.0
2.7683341204900156,1.7729780322239428,0.6274423932072255,0.0,0.0
2.7683341204900156,1.8351877877405718,0.6447412860939746,0.0,0.0
2.7683341204900156,1.8973975432572017,0.6632267532810211,0.0,0.0
2.7683341204900156,1.9596072987738316,0.6829594469225161,0.0,0.0
2.7683341204900156,2.0218170542904605,0.7039959226455211,0.0,0.0
2.7683341204900156,2.0840268098070904,0.7263850731603553,0.0,0.0
2.7683341204900156,2.1462365653237194,0.750163293088954,0.0,0.0
2.7683341204900156,2.2084463208403493,0.7753480490709359,0.0,0.0
2.7683341204900156,2.270656076356979,0.8019295031629139,0.0,0.0
2.7683341204900156,2.332865831873608,0.8298598545447566,0.0,0.0
2.7683341204900156,2.395075587390238,0.8590401638768262,0.0,0.0
2.7683341204900156,2.457285342906868,0.88930466378033,0.0,0.0
2.7683341204900156,2.519495098423497,0.920403012469966,0.0,0.0
2.7683341204900156,2.581704853940127,0.9519816950672663,0.0,0.0
2.7683341204900156,2.6439146094567567,0.9835668689120782,0.0,0.0
2.7683341204900156,2.7061243649733857,1.0145523395273444,0.0,0.0
2.7683341204900156,2.7683341204900156,1.0441978001619663,0.0,0.0
2.7683341204900156,2.8305438760066455,1.0716434268971744,0.0,0.0
2.7683341204900156,2.8927536315232745,1.095946532166618,0.0,0.0
2.7683341204900156,2.9549633870399044,1.1161432782326763,0.0,0.0
2.7683341204900156,3.0171731425565333,1.1313329334203484,0.0,0.0
2.7683341204900156,3.0793828980731632,1.1407745613272373,0.0,0.0
2.8305438760066455,-3.141592653589793,1.1803581631092117,0.0,0.0
2.8305438760066455,-3.0793828980731637,1.176839315989,0.0,0.0
2.8305438760066455,-3.017173142556534,1.1664818448763146,0.0,0.0
2.8305438760066455,-2.9549633870399044,1.149853020470245,0.0,0.0
2.8305438760066455,-2.892753631523275,1.1278069675609883,0.0,0.0
2.8305438760066455,-2.8305438760066455,1.1013735598417753,0.0,0.0
2.8305438760066455,-2.7683341204900156,1.0716434268971744,0.0,0.0
2.8305438760066455,-2.706124364973386,1.0396702025432982,0.0,0.0
2.8305438760066455,-2.6439146094567567,1.0064015125870962,0.0,0.0
2.8305438760066455,-2.581704853940127,0.9726405628909152,0.0,0.0
2.8305438760066455,-2.5194950984234974,0.9390336207447851,0.0,0.0
2.8305438760066455,-2.457285342906868,0.9060758512884443,0.0,0.0
2.8305438760066455,-2.395075587390238,0.8741279790282335,0.0,0.0
2.8305438760066455,-2.3328658318736086,0.8434377500682558,0.0,0.0
2.8305438760066455,-2.270656076356979,0.8141620879296121,0.0,0.0
2.8305438760066455,-2.2084463208403498,0.7863875441772276,0.0,0.0
2.8305438760066455,-2.1462365653237203,0.7601479111927297,0.0,0.0
2.8305438760066455,-2.0840268098070904,0.7354386838816813,0.0,0.0
2.8305438760066455,-2.021817054290461,0.7122285222813869,0.0,0.0
2.8305438760066455,-1.9596072987738313,0.6904680885551617,0.0,0.0
2.8305438760066455,-1.897397543257202,0.6700967034521236,0.0,0.0
2.8305438760066455,-1.8351877877405722,0.6510472564357487,0.0,0.0
2.8305438760066455,-1.7729780322239428,0.6332497538843797,0.0,0.0
2.8305438760066455,-1.7107682767073131,0.6166338266943711,0.0,0.0
2.8305438760066455,-1.6485585211906835,0.6011304559770636,0.0,0.0
2.8305438760066455,-1.586348765674054,0.5866731197079601,0.0,0.0
2.8305438760066455,-1.5241390101574244,0.5731985163662672,0.0,0.0
2.8305438760066455,-1.461929254640795,0.5606469838301164,0.0,0.0
2.8305438760066455,-1.3997194991241653,0.5489627021092164,0.0,0.0
2.8305438760066455,-1.3375097436075358,0.5380937456023089,0.0,0.0
2.8305438760066455,-1.2752999880909062,0.5279920331512655,0.0,0.0
2.8305438760066455,-1.2130902325742767,0.518613211055448,0.0,0.0
2.8305438760066455,-1.150880477057647,0.5099164944268271,0.0,0.0
2.8305438760066455,-1.0886707215410176,0.5018644850165251,0.0,0.0
2.8305438760066455,-1.0264609660243877,0.49442297830496673,0.0,0.0
2.8305438760066455,-0.9642512105077583,0.4875607687407971,0.0,0.0
2.8305438760066455,-0.9020414549911289,0.4812494591725505,0.0,0.0
2.8305438760066455,-0.8398316994744994,0.47546327846576797,0.0,0.0
2.8305438760066455,-0.7776219439578695,0.47017890983000415,0.0,0.0
2.8305438760066455,-0.7154121884412401,0.46537533134066605,0.0,0.0
2.8305438760066455,-0.6532024329246107,0.46103366941531587,0.0,0.0
2.8305438760066455,-0.5909926774079808,0.45713706550817185,0.0,0.0
2.8305438760066455,-0.5287829218913513,0.4536705559574529,0.0,0.0
2.8305438760066455,-0.4665731663747219,0.45062096471189844,0.0,0.0
2.8305438760066455,-0.40436341085809246,0.44797680854145655,0.0,0.0
2.8305438760066455,-0.3421536553414626,0.44572821427804504,0.0,0.0
2.8305438760066455,-0.27994389982483314,0.44386684761744166,0.0,0.0
2.8305438760066455,-0.2177341443082037,0.4423858530296746,0.0,0.0
2.8305438760066455,-0.15552438879157382,0.44127980436333425,0.0,0.0
2.8305438760066455,-0.09331463327494438,0.4405446657822338,0.0,0.0
2.8305438760066455,-0.03110487775831494,0.4401777627359954,0.0,0.0
2.8305438760066455,0.031104877758314498,0.4401777627359954,0.0,0.0
2.8305438760066455,0.09331463327494438,0.4405446657822338,0.0,0.0
2.8305438760066455,0.15552438879157382,0.44127980436333425,0.0,0.0
2.8305438760066455,0.21773414430820326,0.4423858530296746,0.0,0.0
2.8305438760066455,0.2799438998248327,0.44386684761744166,0.0,0.0
2.8305438760066455,0.3421536553414626,0.44572821427804504,0.0,0.0
2.8305438760066455,0.404363410858092,0.44797680854145655,0.0,0.0
2.8305438760066455,0.46657316637472146,0.45062096471189844,0.0,0.0
2.8305438760066455,0.5287829218913513,0.4536705559574529,0.0,0.0
2.8305438760066455,0.5909926774079808,0.45713706550817185,0.0,0.0
2.8305438760066455,0.6532024329246102,0.4610336694153158,0.0,0.0
2.8305438760066455,0.7154121884412397,0.465375331340666,0.0,0.0
2.8305438760066455,0.7776219439578695,0.47017890983000415,0.0,0.0
2.8305438760066455,0.839831699474499,0.47546327846576786,0.0,0.0
2.8305438760066455,0.9020414549911289,0.4812494591725505,0.0,0.0
2.8305438760066455,0.9642512105077579,0.487560768740797,0.0,0.0
2.8305438760066455,1.0264609660243877,0.49442297830496673,0.0,0.0
2.8305438760066455,1.0886707215410176,0.5018644850165251,0.0,0.0
2.8305438760066455,1.1508804770576466,0.5099164944268271,0.0,0.0
2.8305438760066455,1.2130902325742765,0.5186132110554479,0.0,0.0
2.8305438760066455,1.2752999880909055,0.5279920331512654,0.0,0.0
2.8305438760066455,1.3375097436075354,0.5380937456023089,0.0,0.0
2.8305438760066455,1.3997194991241653,0.5489627021092164,0.0,0.0
2.8305438760066455,1.4619292546407943,0.5606469838301162,0.0,0.0
2.8305438760066455,1.5241390101574241,0.5731985163662671,0.0,0.0
2.8305438760066455,1.586348765674054,0.5866731197079601,0.0,0.0
2.8305438760066455,1.648558521190683,0.6011304559770635,0.0,0.0
2.8305438760066455,1.710768276707313,0.6166338266943711,0.0,0.0
2.8305438760066455,1.7729780322239428,0.6332497538843797,0.0,0.0
2.8305438760066455,1.8351877877405718,0.6510472564357486,0.0,0.0
2.8305438760066455,1.8973975432572017,0.6700967034521235,0.0,0.0
2.8305438760066455,1.9596072987738316,0.6904680885551617,0.0,0.0
2.8305438760066455,2.0218170542904605,0.7122285222813867,0.0,0.0
2.8305438760066455,2.0840268098070904,0.7354386838816813,0.0,0.0
2.8305438760066455,2.1462365653237194,0.7601479111927294,0.0,0.0
2.8305438760066455,2.2084463208403493,0.7863875441772273,0.0,0.0
2.8305438760066455,2.270656076356979,0.8141620879296121,0.0,0.0
2.8305438760066455,2.332865831873608,0.8434377500682557,0.0,0.0
2.8305438760066455,2.395075587390238,0.8741279790282335,0.0,0.0
2.8305438760066455,2.457285342906868,0.9060758512884443,0.0,0.0
2.8305438760066455,2.519495098423497,0.9390336207447848,0.0,0.0
2.8305438760066455,2.581704853940127,0.9726405628909152,0.0,0.0
2.8305438760066455,2.6439146094567567,1.0064015125870962,0.0,0.0
2.8305438760066455,2.7061243649733857,1.0396702025432978,0.0,0.0
2.8305438760066455,2.7683341204900156,1.0716434268971744,0.0,0.0
2.8305438760066455,2.8305438760066455,1.1013735598417753,0.0,0.0
2.8305438760066455,2.8927536315232745,1.1278069675609883,0.0,0.0
2.8305438760066455,2.9549633870399044,1.149853020470245,0.0,0.0
2.8305438760066455,3.0171731425565333,1.1664818448763146,0.0,0.0
2.8305438760066455,3.0793828980731632,1.176839315989,0.0,0.0
2.8927536315232745,-3.141592653589793,1.2130726345661833,0.0,0.0
2.8927536315232745,-3.0793828980731637,1.2092539799946374,0.0,0.0
2.8927536315232745,-3.017173142556534,1.1980251193127531,0.0,0.0
2.8927536315232745,-2.9549633870399044,1.1800314759373058,0.0,0.0
2.8927536315232745,-2.892753631523275,1.1562397873573047,0.0,0.0
2.8927536315232745,-2.8305438760066455,1.1278069675609883,0.0,0.0
2.8927536315232745,-2.7683341204900156,1.095946532166618,0.0,0.0
2.8927536315232745,-2.706124364973386,1.0618176534956374,0.0,0.0
2.8927536315232745,-2.6439146094567567,1.026449545712497,0.0,0.0
2.8927536315232745,-2.581704853940127,0.9907020857387309,0.0,0.0
2.8927536315232745,-2.5194950984234974,0.9552560175574507,0.0,0.0
2.8927536315232745,-2.457285342906868,0.9206232564401935,0.0,0.0
2.8927536315232745,-2.395075587390238,0.887168328573287,0.0,0.0
2.8927536315232745,-2.3328658318736086,0.8551340945215934,0.0,0.0
2.8927536315232745,-2.270656076356979,0.8246673070913276,0.0,0.0
2.8927536315232745,-2.2084463208403498,0.7958415676262437,0.0,0.0
2.8927536315232745,-2.1462365653237203,0.7686766635977453,0.0,0.0
2.8927536315232745,-2.0840268098070904,0.7431541417919213,0.0,0.0
2.8927536315232745,-2.021817054290461,0.7192294337714112,0.0,0.0
2.8927536315232745,-1.9596072987738313,0.6968410454460587,0.0,0.0
2.8927536315232745,-1.897397543257202,0.6759173620217663,0.0,0.0
2.8927536315232745,-1.8351877877405722,0.6563815792236096,0.0,0.0
2.8927536315232745,-1.7729780322239428,0.6381551980743028,0.0,0.0
2.8927536315232745,-1.7107682767073131,0.6211604395970515,0.0,0.0
2.8927536315232745,-1.6485585211906835,0.6053218604696725,0.0,0.0
2.8927536315232745,-1.586348765674054,0.5905673861180992,0.0,0.0
2.8927536315232745,-1.5241390101574244,0.5768289251378671,0.0,0.0
2.8927536315232745,-1.461929254640795,0.564042687435752,0.0,0.0
2.8927536315232745,-1.3997194991241653,0.5521492964761917,0.0,0.0
2.8927536315232745,-1.3375097436075358,0.5410937617273314,0.0,0.0
2.8927536315232745,-1.2752999880909062,0.5308253591923541,0.0,0.0
2.8927536315232745,-1.2130902325742767,0.5212974543905334,0.0,0.0
2.8927536315232745,-1.150880477057647,0.512467292190514,0.0,0.0
2.8927536315232745,-1.0886707215410176,0.5042957706086787,0.0,0.0
2.8927536315232745,-1.0264609660243877,0.496747210385403,0.0,0.0
2.8927536315232745,-0.9642512105077583,0.4897891283237002,0.0,0.0
2.8927536315232745,-0.9020414549911289,0.48339201962949274,0.0,0.0
2.8927536315232745,-0.8398316994744994,0.4775291525409971,0.0,0.0
2.8927536315232745,-0.7776219439578695,0.4721763771620238,0.0,0.0
2.8927536315232745,-0.7154121884412401,0.46731194946228743,0.0,0.0
2.8927536315232745,-0.6532024329246107,0.46291637076093584,0.0,0.0
2.8927536315232745,-0.5909926774079808,0.45897224258238506,0.0,0.0
2.8927536315232745,-0.5287829218913513,0.4554641365040665,0.0,0.0
2.8927536315232745,-0.4665731663747219,0.45237847845862694,0.0,0.0
2.8927536315232745,-0.40436341085809246,0.44970344687565916,0.0,0.0
2.8927536315232745,-0.3421536553414626,0.4474288840264466,0.0,0.0
2.8927536315232745,-0.27994389982483314,0.4455462199524381,0.0,0.0
2.8927536315232745,-0.2177341443082037,0.44404840840202364,0.0,0.0
2.8927536315232745,-0.15552438879157382,0.442929874262025,0.0,0.0
2.8927536315232745,-0.09331463327494438,0.44218647204408906,0.0,0.0
2.8927536315232745,-0.03110487775831494,0.4418154550676713,0.0,0.0
2.8927536315232745,0.031104877758314498,0.4418154550676713,0.0,0.0
2.8927536315232745,0.09331463327494438,0.44218647204408906,0.0,0.0
2.8927536315232745,0.15552438879157382,0.442929874262025,0.0,0.0
2.8927536315232745,0.21773414430820326,0.44404840840202364,0.0,0.0
2.8927536315232745,0.2799438998248327,0.4455462199524381,0.0,0.0
2.8927536315232745,0.3421536553414626,0.4474288840264466,0.0,0.0
2.8927536315232745,0.404363410858092,0.44970344687565916,0.0,0.0
2.8927536315232745,0.46657316637472146,0.45237847845862694,0.0,0.0
2.8927536315232745,0.5287829218913513,0.4554641365040665,0.0,0.0
2.8927536315232745,0.5909926774079808,0.45897224258238506,0.0,0.0
2.8927536315232745,0.6532024329246102,0.4629163707609357,0.0,0.0
2.8927536315232745,0.7154121884412397,0.4673119494622873,0.0,0.0
2.8927536315232745,0.7776219439578695,0.4721763771620238,0.0,0.0
2.8927536315232745,0.839831699474499,0.47752915254099704,0.0,0.0
2.8927536315232745,0.9020414549911289,0.48339201962949274,0.0,0.0
2.8927536315232745,0.9642512105077579,0.4897891283237001,0.0,0.0
2.8927536315232745,1.0264609660243877,0.496747210385403,0.0,0.0
2.8927536315232745,1.0886707215410176,0.5042957706086787,0.0,0.0
2.8927536315232745,1.1508804770576466,0.512467292190514,0.0,0.0
2.8927536315232745,1.2130902325742765,0.5212974543905333,0.0,0.0
2.8927536315232745,1.2752999880909055,0.5308253591923541,0.0,0.0
2.8927536315232745,1.3375097436075354,0.5410937617273313,0.0,0.0
2.8927536315232745,1.3997194991241653,0.5521492964761917,0.0,0.0
2.8927536315232745,1.4619292546407943,0.5640426874357518,0.0,0.0
2.8927536315232745,1.5241390101574241,0.576828925137867,0.0,0.0
2.8927536315232745,1.586348765674054,0.5905673861180992,0.0,0.0
2.8927536315232745,1.648558521190683,0.6053218604696724,0.0,0.0
2.8927536315232745,1.710768276707313,0.6211604395970515,0.0,0.0
2.8927536315232745,1.7729780322239428,0.6381551980743028,0.0,0.0
2.8927536315232745,1.8351877877405718,0.6563815792236096,0.0,0.0
2.8927536315232745,1.8973975432572017,0.6759173620217663,0.0,0.0
2.8927536315232745,1.9596072987738316,0.6968410454460588,0.0,0.0
2.8927536315232745,2.0218170542904605,0.7192294337714111,0.0,0.0
2.8927536315232745,2.0840268098070904,0.7431541417919213,0.0,0.0
2.8927536315232745,2.1462365653237194,0.768676663597745,0.0,0.0
2.8927536315232745,2.2084463208403493,0.7958415676262436,0.0,0.0
2.8927536315232745,2.270656076356979,0.8246673070913276,0.0,0.0
2.8927536315232745,2.332865831873608,0.8551340945215931,0.0,0.0
2.8927536315232745,2.395075587390238,0.887168328573287,0.0,0.0
2.8927536315232745,2.457285342906868,0.9206232564401935,0.0,0.0
2.8927536315232745,2.519495098423497,0.9552560175574504,0.0,0.0
2.8927536315232745,2.581704853940127,0.9907020857387309,0.0,0.0
2.8927536315232745,2.6439146094567567,1.026449545712497,0.0,0.0
2.8927536315232745,2.7061243649733857,1.061817653495637,0.0,0.0
2.8927536315232745,2.7683341204900156,1.095946532166618,0.0,0.0
2.8927536315232745,2.8305438760066455,1.1278069675609883,0.0,0.0
2.8927536315232745,2.8927536315232745,1.1562397873573045,0.0,0.0
2.8927536315232745,2.9549633870399044,1.1800314759373058,0.0,0.0
2.8927536315232745,3.0171731425565333,1.1980251193127531,0.0,0.0
2.8927536315232745,3.0793828980731632,1.2092539799946371,0.0,0.0
2.9549633870399044,-3.141592653589793,1.2406342056727298,0.0,0.0
2.9549633870399044,-3.0793828980731637,1.2365501930263443,0.0,0.0
2.9549633870399044,-3.017173142556534,1.2245512455243837,0.0,0.0
2.9549633870399044,-2.9549633870399044,1.2053549859233788,0.0,0.0
2.9549633870399044,-2.892753631523275,1.180031475937306,0.0,0.0
2.9549633870399044,-2.8305438760066455,1.1498530204702453,0.0,0.0
2.9549633870399044,-2.7683341204900156,1.1161432782326763,0.0,0.0
2.9549633870399044,-2.706124364973386,1.0801544437699446,0.0,0.0
2.9549633870399044,-2.6439146094567567,1.0429861327200003,0.0,0.0
2.9549633870399044,-2.581704853940127,1.0055457420884415,0.0,0.0
2.9549633870399044,-2.5194950984234974,0.9685416522022205,0.0,0.0
2.9549633870399044,-2.457285342906868,0.9324979206875869,0.0,0.0
2.9549633870399044,-2.395075587390238,0.8977801989740376,0.0,0.0
2.9549633870399044,-2.3328658318736086,0.8646253174994002,0.0,0.0
2.9549633870399044,-2.270656076356979,0.8331698395831474,0.0,0.0
2.9549633870399044,-2.2084463208403498,0.8034751641583022,0.0,0.0
2.9549633870399044,-2.1462365653237203,0.7755482981280595,0.0,0.0
2.9549633870399044,-2.0840268098070904,0.7493583225008781,0.0,0.0
2.9549633870399044,-2.021817054290461,0.7248490254891656,0.0,0.0
2.9549633870399044,-1.9596072987738313,0.7019483405551475,0.0,0.0
2.9549633870399044,-1.897397543257202,0.6805752344518795,0.0,0.0
2.9549633870399044,-1.8351877877405722,0.6606446220183856,0.0,0.0
2.9549633870399044,-1.7729780322239428,0.6420707892281714,0.0,0.0
2.9549633870399044,-1.7107682767073131,0.6247697093657009,0.0,0.0
2.9549633870399044,-1.6485585211906835,0.6086605509742321,0.0,0.0
2.9549633870399044,-1.586348765674054,0.5936666044032848,0.0,0.0
2.9549633870399044,-1.5241390101574244,0.5797157964752679,0.0,0.0
2.9549633870399044,-1.461929254640795,0.5667409183423762,0.0,0.0
2.9549633870399044,-1.3997194991241653,0.5546796578132968,0.0,0.0
2.9549633870399044,-1.3375097436075358,0.543474502112299,0.0,0.0
2.9549633870399044,-1.2752999880909062,0.5330725582753303,0.0,0.0
2.9549633870399044,-1.2130902325742767,0.5234253246120582,0.0,0.0
2.9549633870399044,-1.150880477057647,0.5144884366213883,0.0,0.0
2.9549633870399044,-1.0886707215410176,0.5062214034780486,0.0,0.0
2.9549633870399044,-1.0264609660243877,0.4985873459794744,0.0,0.0
2.9549633870399044,-0.9642512105077583,0.4915527431090215,0.0,0.0
2.9549633870399044,-0.9020414549911289,0.4850871917279193,0.0,0.0
2.9549633870399044,-0.8398316994744994,0.4791631820555009,0.0,0.0
2.9549633870399044,-0.7776219439578695,0.47375589031580234,0.0,0.0
2.9549633870399044,-0.7154121884412401,0.4688429890585024,0.0,0.0
2.9549633870399044,-0.6532024329246107,0.46440447508671223,0.0,0.0
2.9549633870399044,-0.5909926774079808,0.46042251455868943,0.0,0.0
2.9549633870399044,-0.5287829218913513,0.4568813046138644,0.0,0.0
2.9549633870399044,-0.4665731663747219,0.4537669507614191,0.0,0.0
2.9549633870399044,-0.40436341085809246,0.45106735923031965,0.0,0.0
2.9549633870399044,-0.3421536553414626,0.4487721434904395,0.0,0.0
2.9549633870399044,-0.27994389982483314,0.44687254419910905,0.0,0.0
2.9549633870399044,-0.2177341443082037,0.4453613618947335,0.0,0.0
2.9549633870399044,-0.15552438879157382,0.44423290184110387,0.0,0.0
2.9549633870399044,-0.09331463327494438,0.4434829305172978,0.0,0.0
2.9549633870399044,-0.03110487775831494,0.44310864334496425,0.0,0.0
2.9549633870399044,0.031104877758314498,0.44310864334496425,0.0,0.0
2.9549633870399044,0.09331463327494438,0.4434829305172978,0.0,0.0
2.9549633870399044,0.15552438879157382,0.44423290184110387,0.0,0.0
2.9549633870399044,0.21773414430820326,0.4453613618947335,0.0,0.0
2.9549633870399044,0.2799438998248327,0.44687254419910905,0.0,0.0
2.9549633870399044,0.3421536553414626,0.4487721434904395,0.0,0.0
2.9549633870399044,0.404363410858092,0.45106735923031965,0.0,0.0
2.9549633870399044,0.46657316637472146,0.4537669507614191,0.0,0.0
2.9549633870399044,0.5287829218913513,0.4568813046138644,0.0,0.0
2.9549633870399044,0.5909926774079808,0.46042251455868943,0.0,0.0
2.9549633870399044,0.6532024329246102,0.4644044750867122,0.0,0.0
2.9549633870399044,0.7154121884412397,0.4688429890585024,0.0,0.0
2.9549633870399044,0.7776219439578695,0.47375589031580234,0.0,0.0
2.9549633870399044,0.839831699474499,0.4791631820555008,0.0,0.0
2.9549633870399044,0.9020414549911289,0.4850871917279193,0.0,0.0
2.9549633870399044,0.9642512105077579,0.4915527431090214,0.0,0.0
2.9549633870399044,1.0264609660243877,0.4985873459794744,0.0,0.0
2.9549633870399044,1.0886707215410176,0.5062214034780486,0.0,0.0
2.9549633870399044,1.1508804770576466,0.5144884366213883,0.0,0.0
2.9549633870399044,1.2130902325742765,0.523425324612058,0.0,0.0
2.9549633870399044,1.2752999880909055,0.5330725582753303,0.0,0.0
2.9549633870399044,1.3375097436075354,0.543474502112299,0.0,0.0
2.9549633870399044,1.3997194991241653,0.5546796578132968,0.0,0.0
2.9549633870399044,1.4619292546407943,0.566740918342376,0.0,0.0
2.9549633870399044,1.5241390101574241,0.5797157964752678,0.0,0.0
2.9549633870399044,1.586348765674054,0.5936666044032848,0.0,0.0
2.9549633870399044,1.648558521190683,0.608660550974232,0.0,0.0
2.9549633870399044,1.710768276707313,0.6247697093657008,0.0,0.0
2.9549633870399044,1.7729780322239428,0.6420707892281714,0.0,0.0
2.9549633870399044,1.8351877877405718,0.6606446220183855,0.0,0.0
2.9549633870399044,1.8973975432572017,0.6805752344518795,0.0,0.0
2.9549633870399044,1.9596072987738316,0.7019483405551477,0.0,0.0
2.9549633870399044,2.0218170542904605,0.7248490254891654,0.0,0.0
2.9549633870399044,2.0840268098070904,0.7493583225008781,0.0,0.0
2.9549633870399044,2.1462365653237194,0.775548298128059,0.0,0.0
2.9549633870399044,2.2084463208403493,0.803475164158302,0.0,0.0
2.9549633870399044,2.270656076356979,0.8331698395831474,0.0,0.0
2.9549633870399044,2.332865831873608,0.8646253174993999,0.0,0.0
2.9549633870399044,2.395075587390238,0.8977801989740376,0.0,0.0
2.9549633870399044,2.457285342906868,0.9324979206875869,0.0,0.0
2.9549633870399044,2.519495098423497,0.9685416522022202,0.0,0.0
2.9549633870399044,2.581704853940127,1.0055457420884415,0.0,0.0
2.9549633870399044,2.6439146094567567,1.0429861327200003,0.0,0.0
2.9549633870399044,2.7061243649733857,1.0801544437699442,0.0,0.0
2.9549633870399044,2.7683341204900156,1.1161432782326763,0.0,0.0
2.9549633870399044,2.8305438760066455,1.1498530204702453,0.0,0.0
2.9549633870399044,2.8927536315232745,1.1800314759373058,0.0,0.0
2.9549633870399044,2.9549633870399044,1.2053549859233788,0.0,0.0
2.9549633870399044,3.0171731425565333,1.2245512455243837,0.0,0.0
2.9549633870399044,3.0793828980731632,1.2365501930263443,0.0,0.0
3.0171731425565333,-3.141592653589793,1.2615957353933422,0.0,0.0
3.0171731425565333,-3.0793828980731637,1.2573019189715773,0.0,0.0
3.0171731425565333,-3.017173142556534,1.244694869778062,0.0,0.0
3.0171731425565333,-2.9549633870399044,1.2245512455243837,0.0,0.0
3.0171731425565333,-2.892753631523275,1.1980251193127534,0.0,0.0
3.0171731425565333,-2.8305438760066455,1.1664818448763146,0.0,0.0
3.0171731425565333,-2.7683341204900156,1.1313329334203484,0.0,0.0
3.0171731425565333,-2.706124364973386,1.093903758037885,0.0,0.0
3.0171731425565333,-2.6439146094567567,1.055348347460443,0.0,0.0
3.0171731425565333,-2.581704853940127,1.016609942735859,0.0,0.0
3.0171731425565333,-2.5194950984234974,0.978416947345832,0.0,0.0
3.0171731425565333,-2.457285342906868,0.9413013587053946,0.0,0.0
3.0171731425565333,-2.395075587390238,0.9056283655813525,0.0,0.0
3.0171731425565333,-2.3328658318736086,0.8716290279677312,0.0,0.0
3.0171731425565333,-2.270656076356979,0.8394311780134016,0.0,0.0
3.0171731425565333,-2.2084463208403498,0.8090861669924575,0.0,0.0
3.0171731425565333,-2.1462365653237203,0.7805907101418845,0.0,0.0
3.0171731425565333,-2.0840268098070904,0.7539040003706473,0.0,0.0
3.0171731425565333,-2.021817054290461,0.7289606934560912,0.0,0.0
3.0171731425565333,-1.9596072987738313,0.7056805039355766,0.0,0.0
3.0171731425565333,-1.897397543257202,0.683975130179463,0.0,0.0
3.0171731425565333,-1.8351877877405722,0.6637531358635147,0.0,0.0
3.0171731425565333,-1.7729780322239428,0.6449233024956434,0.0,0.0
3.0171731425565333,-1.7107682767073131,0.6273968587597903,0.0,0.0
3.0171731425565333,-1.6485585211906835,0.6110888978841884,0.0,0.0
3.0171731425565333,-1.586348765674054,0.5959192169750707,0.0,0.0
3.0171731425565333,-1.5241390101574244,0.5818127514935728,0.0,0.0
3.0171731425565333,-1.461929254640795,0.5686997314901234,0.0,0.0
3.0171731425565333,-1.3997194991241653,0.5565156511775903,0.0,0.0
3.0171731425565333,-1.3375097436075358,0.545201117421245,0.0,0.0
3.0171731425565333,-1.2752999880909062,0.5347016236230506,0.0,0.0
3.0171731425565333,-1.2130902325742767,0.5249672815656687,0.0,0.0
3.0171731425565333,-1.150880477057647,0.5159525337224908,0.0,0.0
3.0171731425565333,-1.0886707215410176,0.5076158613165518,0.0,0.0
3.0171731425565333,-1.0264609660243877,0.4999194982603411,0.0,0.0
3.0171731425565333,-0.9642512105077583,0.492829157464211,0.0,0.0
3.0171731425565333,-0.9020414549911289,0.4863137734466709,0.0,0.0
3.0171731425565333,-0.8398316994744994,0.48034526341060824,0.0,0.0
3.0171731425565333,-0.7776219439578695,0.47489830774339986,0.0,0.0
3.0171731425565333,-0.7154121884412401,0.46995015009497415,0.0,0.0
3.0171731425565333,-0.6532024329246107,0.4654804166696392,0.0,0.0
3.0171731425565333,-0.5909926774079808,0.4614709540509622,0.0,0.0
3.0171731425565333,-0.5287829218913513,0.4579056847037855,0.0,0.0
3.0171731425565333,-0.4665731663747219,0.4547704792203705,0.0,0.0
3.0171731425565333,-0.40436341085809246,0.4520530443678781,0.0,0.0
3.0171731425565333,-0.3421536553414626,0.44974282603005916,0.0,0.0
3.0171731425565333,-0.27994389982483314,0.4478309262018171,0.0,0.0
3.0171731425565333,-0.2177341443082037,0.44631003328051033,0.0,0.0
3.0171731425565333,-0.15552438879157382,0.445174364995194,0.0,0.0
3.0171731425565333,-0.09331463327494438,0.44441962341952507,0.0,0.0
3.0171731425565333,-0.03110487775831494,0.4440429616226035,0.0,0.0
3.0171731425565333,0.031104877758314498,0.4440429616226035,0.0,0.0
3.0171731425565333,0.09331463327494438,0.44441962341952507,0.0,0.0
3.0171731425565333,0.15552438879157382,0.445174364995194,0.0,0.0
3.0171731425565333,0.21773414430820326,0.44631003328051033,0.0,0.0
3.0171731425565333,0.2799438998248327,0.4478309262018171,0.0,0.0
3.0171731425565333,0.3421536553414626,0.44974282603005916,0.0,0.0
3.0171731425565333,0.404363410858092,0.45205304436787797,0.0,0.0
3.0171731425565333,0.46657316637472146,0.4547704792203705,0.0,0.0
3.0171731425565333,0.5287829218913513,0.4579056847037855,0.0,0.0
3.0171731425565333,0.5909926774079808,0.4614709540509622,0.0,0.0
3.0171731425565333,0.6532024329246102,0.4654804166696392,0.0,0.0
3.0171731425565333,0.7154121884412397,0.46995015009497415,0.0,0.0
3.0171731425565333,0.7776219439578695,0.47489830774339986,0.0,0.0
3.0171731425565333,0.839831699474499,0.4803452634106081,0.0,0.0
3.0171731425565333,0.9020414549911289,0.4863137734466709,0.0,0.0
3.0171731425565333,0.9642512105077579,0.4928291574642109,0.0,0.0
3.0171731425565333,1.0264609660243877,0.4999194982603411,0.0,0.0
3.0171731425565333,1.0886707215410176,0.5076158613165518,0.0,0.0
3.0171731425565333,1.1508804770576466,0.5159525337224908,0.0,0.0
3.0171731425565333,1.2130902325742765,0.5249672815656686,0.0,0.0
3.0171731425565333,1.2752999880909055,0.5347016236230505,0.0,0.0
3.0171731425565333,1.3375097436075354,0.5452011174212449,0.0,0.0
3.0171731425565333,1.3997194991241653,0.5565156511775903,0.0,0.0
3.0171731425565333,1.4619292546407943,0.5686997314901233,0.0,0.0
3.0171731425565333,1.5241390101574241,0.5818127514935728,0.0,0.0
3.0171731425565333,1.586348765674054,0.5959192169750707,0.0,0.0
3.0171731425565333,1.648558521190683,0.6110888978841883,0.0,0.0
3.0171731425565333,1.710768276707313,0.6273968587597902,0.0,0.0
3.0171731425565333,1.7729780322239428,0.6449233024956434,0.0,0.0
3.0171731425565333,1.8351877877405718,0.6637531358635145,0.0,0.0
3.0171731425565333,1.8973975432572017,0.6839751301794629,0.0,0.0
3.0171731425565333,1.9596072987738316,0.7056805039355766,0.0,0.0
3.0171731425565333,2.0218170542904605,0.7289606934560908,0.0,0.0
3.0171731425565333,2.0840268098070904,0.7539040003706473,0.0,0.0
3.0171731425565333,2.1462365653237194,0.7805907101418841,0.0,0.0
3.0171731425565333,2.2084463208403493,0.8090861669924572,0.0,0.0
3.0171731425565333,2.270656076356979,0.8394311780134016,0.0,0.0
3.0171731425565333,2.332865831873608,0.8716290279677309,0.0,0.0
3.0171731425565333,2.395075587390238,0.9056283655813525,0.0,0.0
3.0171731425565333,2.457285342906868,0.9413013587053946,0.0,0.0
3.0171731425565333,2.519495098423497,0.9784169473458316,0.0,0.0
3.0171731425565333,2.581704853940127,1.016609942735859,0.0,0.0
3.0171731425565333,2.6439146094567567,1.055348347460443,0.0,0.0
3.0171731425565333,2.7061243649733857,1.0939037580378848,0.0,0.0
3.0171731425565333,2.7683341204900156,1.1313329334203484,0.0,0.0
3.0171731425565333,2.8305438760066455,1.1664818448763146,0.0,0.0
3.0171731425565333,2.8927536315232745,1.1980251193127531,0.0,0.0
3.0171731425565333,2.9549633870399044,1.2245512455243837,0.0,0.0
3.0171731425565333,3.0171731425565333,1.2446948697780618,0.0,0.0
3.0171731425565333,3.0793828980731632,1.2573019189715773,0.0,0.0
3.0793828980731632,-3.141592653589793,1.27472881094507,0.0,0.0
3.0793828980731632,-3.0793828980731637,1.2702999719198609,0.0,0.0
3.0793828980731632,-3.017173142556534,1.2573019189715775,0.0,0.0
3.0793828980731632,-2.9549633870399044,1.2365501930263443,0.0,0.0
3.0793828980731632,-2.892753631523275,1.2092539799946376,0.0,0.0
3.0793828980731632,-2.8305438760066455,1.176839315989,0.0,0.0
3.0793828980731632,-2.7683341204900156,1.1407745613272373,0.0,0.0
3.0793828980731632,-2.706124364973386,1.1024319770361093,0.0,0.0
3.0793828980731632,-2.6439146094567567,1.063000014579897,0.0,0.0
3.0793828980731632,-2.581704853940127,1.0234441883472023,0.0,0.0
3.0793828980731632,-2.5194950984234974,0.9845049659600789,0.0,0.0
3.0793828980731632,-2.457285342906868,0.9467187216489362,0.0,0.0
3.0793828980731632,-2.395075587390238,0.9104497606314391,0.0,0.0
3.0793828980731632,-2.3328658318736086,0.87592500395426,0.0,0.0
3.0793828980731632,-2.270656076356979,0.8432663861933595,0.0,0.0
3.0793828980731632,-2.2084463208403498,0.8125186344622095,0.0,0.0
3.0793828980731632,-2.1462365653237203,0.7836717745471635,0.0,0.0
3.0793828980731632,-2.0840268098070904,0.7566786349246843,0.0,0.0
3.0793828980731632,-2.021817054290461,0.7314680367559206,0.0,0.0
3.0793828980731632,-1.9596072987738313,0.7079544745981828,0.0,0.0
3.0793828980731632,-1.897397543257202,0.686045053082806,0.0,0.0
3.0793828980731632,-1.8351877877405722,0.6656443384233423,0.0,0.0
3.0793828980731632,-1.7729780322239428,0.6466576598876485,0.0,0.0
3.0793828980731632,-1.7107682767073131,0.6289932796834534,0.0,0.0
3.0793828980731632,-1.6485585211906835,0.6125637499402834,0.0,0.0
3.0793828980731632,-1.586348765674054,0.5972866948404554,0.0,0.0
3.0793828980731632,-1.5241390101574244,0.5830851930887999,0.0,0.0
3.0793828980731632,-1.461929254640795,0.5698878880842987,0.0,0.0
3.0793828980731632,-1.3997194991241653,0.5576289173991759,0.0,0.0
3.0793828980731632,-1.3375097436075358,0.54624772678062,0.0,0.0
3.0793828980731632,-1.2752999880909062,0.5356888146081812,0.0,0.0
3.0793828980731632,-1.2130902325742767,0.5259014387672643,0.0,0.0
3.0793828980731632,-1.150880477057647,0.5168393078473886,0.0,0.0
3.0793828980731632,-1.0886707215410176,0.50846027139304,0.0,0.0
3.0793828980731632,-1.0264609660243877,0.5007260188423615,0.0,0.0
3.0793828980731632,-0.9642512105077583,0.4936017932072529,0.0,0.0
3.0793828980731632,-0.9020414549911289,0.4870561230548586,0.0,0.0
3.0793828980731632,-0.8398316994744994,0.481060574637039,0.0,0.0
3.0793828980731632,-0.7776219439578695,0.47558952485799444,0.0,0.0
3.0793828980731632,-0.7154121884412401,0.47061995500946924,0.0,0.0
3.0793828980731632,-0.6532024329246107,0.4661312647217247,0.0,0.0
3.0793828980731632,-0.5909926774079808,0.46210510529335597,0.0,0.0
3.0793828980731632,-0.5287829218913513,0.4585252314143353,0.0,0.0
3.0793828980731632,-0.4665731663747219,0.45537737024186936,0.0,0.0
3.0793828980731632,-0.40436341085809246,0.4526491067975929,0.0,0.0
3.0793828980731632,-0.3421536553414626,0.4503297847060329,0.0,0.0
3.0793828980731632,-0.27994389982483314,0.44841042137332193,0.0,0.0
3.0793828980731632,-0.2177341443082037,0.4468836368015952,0.0,0.0
3.0793828980731632,-0.15552438879157382,0.4457435953414245,0.0,0.0
3.0793828980731632,-0.09331463327494438,0.44498595979746053,0.0,0.0
3.0793828980731632,-0.03110487775831494,0.4446078574182494,0.0,0.0
3.0793828980731632,0.031104877758314498,0.4446078574182494,0.0,0.0
3.0793828980731632,0.09331463327494438,0.44498595979746053,0.0,0.0
3.0793828980731632,0.15552438879157382,0.4457435953414245,0.0,0.0
3.0793828980731632,0.21773414430820326,0.4468836368015952,0.0,0.0
3.0793828980731632,0.2799438998248327,0.44841042137332193,0.0,0.0
3.0793828980731632,0.3421536553414626,0.4503297847060329,0.0,0.0
3.0793828980731632,0.404363410858092,0.4526491067975929,0.0,0.0
3.0793828980731632,0.46657316637472146,0.45537737024186936,0.0,0.0
3.0793828980731632,0.5287829218913513,0.4585252314143353,0.0,0.0
3.0793828980731632,0.5909926774079808,0.46210510529335597,0.0,0.0
3.0793828980731632,0.6532024329246102,0.4661312647217246,0.0,0.0
3.0793828980731632,0.7154121884412397,0.47061995500946924,0.0,0.0
3.0793828980731632,0.7776219439578695,0.47558952485799444,0.0,0.0
3.0793828980731632,0.839831699474499,0.4810605746370389,0.0,0.0
3.0793828980731632,0.9020414549911289,0.4870561230548586,0.0,0.0
3.0793828980731632,0.9642512105077579,0.49360179320725284,0.0,0.0
3.0793828980731632,1.0264609660243877,0.5007260188423615,0.0,0.0
3.0793828980731632,1.0886707215410176,0.50846027139304,0.0,0.0
3.0793828980731632,1.1508804770576466,0.5168393078473886,0.0,0.0
3.0793828980731632,1.2130902325742765,0.5259014387672643,0.0,0.0
3.0793828980731632,1.2752999880909055,0.5356888146081811,0.0,0.0
3.0793828980731632,1.3375097436075354,0.5462477267806198,0.0,0.0
3.0793828980731632,1.3997194991241653,0.5576289173991759,0.0,0.0
3.0793828980731632,1.4619292546407943,0.5698878880842986,0.0,0.0
3.0793828980731632,1.5241390101574241,0.5830851930887999,0.0,0.0
3.0793828980731632,1.586348765674054,0.5972866948404554,0.0,0.0
3.0793828980731632,1.648558521190683,0.6125637499402833,0.0,0.0
3.0793828980731632,1.710768276707313,0.6289932796834533,0.0,0.0
3.0793828980731632,1.7729780322239428,0.6466576598876485,0.0,0.0
3.0793828980731632,1.8351877877405718,0.6656443384233423,0.0,0.0
3.0793828980731632,1.8973975432572017,0.686045053082806,0.0,0.0
3.0793828980731632,1.9596072987738316,0.707954474598183,0.0,0.0
3.0793828980731632,2.0218170542904605,0.7314680367559204,0.0,0.0
3.0793828980731632,2.0840268098070904,0.7566786349246843,0.0,0.0
3.0793828980731632,2.1462365653237194,0.7836717745471632,0.0,0.0
3.0793828980731632,2.2084463208403493,0.8125186344622094,0.0,0.0
3.0793828980731632,2.270656076356979,0.8432663861933595,0.0,0.0
3.0793828980731632,2.332865831873608,0.8759250039542599,0.0,0.0
3.0793828980731632,2.395075587390238,0.9104497606314391,0.0,0.0
3.0793828980731632,2.457285342906868,0.9467187216489362,0.0,0.0
3.0793828980731632,2.519495098423497,0.9845049659600785,0.0,0.0
3.0793828980731632,2.581704853940127,1.0234441883472023,0.0,0.0
3.0793828980731632,2.6439146094567567,1.063000014579897,0.0,0.0
3.0793828980731632,2.7061243649733857,1.1024319770361088,0.0,0.0
3.0793828980731632,2.7683341204900156,1.1407745613272373,0.0,0.0
3.0793828980731632,2.8305438760066455,1.176839315989,0.0,0.0
3.0793828980731632,2.8927536315232745,1.2092539799946371,0.0,0.0
3.0793828980731632,2.9549633870399044,1.2365501930263443,0.0,0.0
3.0793828980731632,3.0171731425565333,1.2573019189715773,0.0,0.0
3.0793828980731632,3.0793828980731632,1.2702999719198609,0.0,0.0
