v,direction,scan_param,center_index,wannier_center
0.1,x,-3.141592653589793,0,0.14894526742303327
0.1,x,-3.141592653589793,1,0.4100587315495042
0.1,x,-3.141592653589793,2,0.5795649855159621
0.1,x,-3.141592653589793,3,0.8614310155115004
0.1,x,-3.0640224646122673,0,0.07832766320666515
0.1,x,-3.0640224646122673,1,0.3097927966343208
0.1,x,-3.0640224646122673,2,0.6737773214863516
0.1,x,-3.0640224646122673,3,0.9381022186726617
0.1,x,-2.9864522756347416,0,0.2527593920810476
0.1,x,-2.9864522756347416,1,0.3976648504031994
0.1,x,-2.9864522756347416,2,0.6017343694773044
0.1,x,-2.9864522756347416,3,0.7478413880384488
0.1,x,-2.908882086657216,0,0.24688888571068746
0.1,x,-2.908882086657216,1,0.3735327731805798
0.1,x,-2.908882086657216,2,0.6264487086606918
0.1,x,-2.908882086657216,3,0.753129632448041
0.1,x,-2.83131189767969,0,0.12650936783358085
0.1,x,-2.83131189767969,1,0.39263936202439226
0.1,x,-2.83131189767969,2,0.6085374174999635
0.1,x,-2.83131189767969,3,0.8723138526420631
0.1,x,-2.7537417087021643,0,0.1649329477507039
0.1,x,-2.7537417087021643,1,0.2892963382870535
0.1,x,-2.7537417087021643,2,0.7048080109322076
0.1,x,-2.7537417087021643,3,0.8409627030300355
0.1,x,-2.6761715197246385,0,0.2589752737475545
0.1,x,-2.6761715197246385,1,0.3101662826897492
0.1,x,-2.6761715197246385,2,0.6720316844187946
0.1,x,-2.6761715197246385,3,0.758826759143902
0.1,x,-2.5986013307471127,0,0.26082741815115423
0.1,x,-2.5986013307471127,1,0.35301930260173514
0.1,x,-2.5986013307471127,2,0.6370916914522005
0.1,x,-2.5986013307471127,3,0.7490615877949104
0.1,x,-2.521031141769587,0,0.31107832886402587
0.1,x,-2.521031141769587,1,0.3443790710967882
0.1,x,-2.521031141769587,2,0.6447350070259725
0.1,x,-2.521031141769587,3,0.699807593013213
0.1,x,-2.443460952792061,0,0.06155996019283411
0.1,x,-2.443460952792061,1,0.3391266281597793
0.1,x,-2.443460952792061,2,0.6437752169745536
0.1,x,-2.443460952792061,3,0.9555381946728333
0.1,x,-2.3658907638145354,0,0.18782314602776376
0.1,x,-2.3658907638145354,1,0.39978480861311483
0.1,x,-2.3658907638145354,2,0.6195774079218173
0.1,x,-2.3658907638145354,3,0.7928146374373042
0.1,x,-2.2883205748370097,0,0.14967593607632254
0.1,x,-2.2883205748370097,1,0.3782928934255263
0.1,x,-2.2883205748370097,2,0.6235224891680768
0.1,x,-2.2883205748370097,3,0.8485086813300747
0.1,x,-2.210750385859484,0,0.10529660143874363
0.1,x,-2.210750385859484,1,0.1374250370742083
0.1,x,-2.210750385859484,2,0.8543411055373722
0.1,x,-2.210750385859484,3,0.9029372559496763
0.1,x,-2.133180196881958,0,0.1586301882519863
0.1,x,-2.133180196881958,1,0.26843546080773767
0.1,x,-2.133180196881958,2,0.7274647627170931
0.1,x,-2.133180196881958,3,0.8454695882231831
0.1,x,-2.0556100079044324,0,0.17406300050476975
0.1,x,-2.0556100079044324,1,0.2812625574656878
0.1,x,-2.0556100079044324,2,0.7258951578210615
0.1,x,-2.0556100079044324,3,0.8187792842084805
0.1,x,-1.9780398189269068,0,0.20333087410598638
0.1,x,-1.9780398189269068,1,0.3167132391137586
0.1,x,-1.9780398189269068,2,0.6837228417850032
0.1,x,-1.9780398189269068,3,0.7962330449952519
0.1,x,-1.900469629949381,0,0.21716415339488823
0.1,x,-1.900469629949381,1,0.32200896123241746
0.1,x,-1.900469629949381,2,0.6726360876344879
0.1,x,-1.900469629949381,3,0.788190797738206
0.1,x,-1.8228994409718553,0,0.22844422717168922
0.1,x,-1.8228994409718553,1,0.3974718585532149
0.1,x,-1.8228994409718553,2,0.5911759728827537
0.1,x,-1.8228994409718553,3,0.7829079413923434
0.1,x,-1.7453292519943295,0,0.10915250897478841
0.1,x,-1.7453292519943295,1,0.34625977384425727
0.1,x,-1.7453292519943295,2,0.6597482832894702
0.1,x,-1.7453292519943295,3,0.8848394338914848
0.1,x,-1.6677590630168038,0,0.24200404150605023
0.1,x,-1.6677590630168038,1,0.3512925132280711
0.1,x,-1.6677590630168038,2,0.6454461330409538
0.1,x,-1.6677590630168038,3,0.7612573122249248
0.1,x,-1.590188874039278,0,0.18022094231845598
0.1,x,-1.590188874039278,1,0.35104741054880156
0.1,x,-1.590188874039278,2,0.6474033011002065
0.1,x,-1.590188874039278,3,0.8213283460325361
0.1,x,-1.5126186850617522,0,0.1226004261100934
0.1,x,-1.5126186850617522,1,0.2392771207747021
0.1,x,-1.5126186850617522,2,0.7617789480941439
0.1,x,-1.5126186850617522,3,0.8763435050210605
0.1,x,-1.4350484960842265,0,0.27899665822316205
0.1,x,-1.4350484960842265,1,0.33486117086894035
0.1,x,-1.4350484960842265,2,0.6587725605973989
0.1,x,-1.4350484960842265,3,0.727369610310499
0.1,x,-1.3574783071067007,0,0.17590493554978767
0.1,x,-1.3574783071067007,1,0.3670161757136836
0.1,x,-1.3574783071067007,2,0.6322153165546947
0.1,x,-1.3574783071067007,3,0.8248635721818345
0.1,x,-1.2799081181291752,0,0.19429367650839152
0.1,x,-1.2799081181291752,1,0.38327949934031225
0.1,x,-1.2799081181291752,2,0.6166651252830639
0.1,x,-1.2799081181291752,3,0.8057616988682325
0.1,x,-1.2023379291516494,0,0.30473305419933705
0.1,x,-1.2023379291516494,1,0.3866753301776962
0.1,x,-1.2023379291516494,2,0.6122956673164246
0.1,x,-1.2023379291516494,3,0.6962959483065417
0.1,x,-1.1247677401741236,0,0.2612671333357918
0.1,x,-1.1247677401741236,1,0.3181831220003301
0.1,x,-1.1247677401741236,2,0.6851633364715344
0.1,x,-1.1247677401741236,3,0.7353864081923434
0.1,x,-1.0471975511965979,0,0.24014959213886747
0.1,x,-1.0471975511965979,1,0.3969874105029593
0.1,x,-1.0471975511965979,2,0.603866026423528
0.1,x,-1.0471975511965979,3,0.7589969709346454
0.1,x,-0.9696273622190721,0,0.19325555034874498
0.1,x,-0.9696273622190721,1,0.2699895040755162
0.1,x,-0.9696273622190721,2,0.7287433462082586
0.1,x,-0.9696273622190721,3,0.8080115993674805
0.1,x,-0.8920571732415463,0,0.27649630046890017
0.1,x,-0.8920571732415463,1,0.3612961348691078
0.1,x,-0.8920571732415463,2,0.6300617146036416
0.1,x,-0.8920571732415463,3,0.73214585005835
0.1,x,-0.8144869842640206,0,0.26883454692845465
0.1,x,-0.8144869842640206,1,0.33616864946128366
0.1,x,-0.8144869842640206,2,0.6607054291675154
0.1,x,-0.8144869842640206,3,0.7342913744427455
0.1,x,-0.7369167952864948,0,0.19765125281543652
0.1,x,-0.7369167952864948,1,0.2769416486753995
0.1,x,-0.7369167952864948,2,0.7186111324798523
0.1,x,-0.7369167952864948,3,0.8067959660293119
0.1,x,-0.659346606308969,0,0.2227067064793515
0.1,x,-0.659346606308969,1,0.32972278173197517
0.1,x,-0.659346606308969,2,0.671567682593528
0.1,x,-0.659346606308969,3,0.7760028291951446
0.1,x,-0.5817764173314433,0,0.21515011413321547
0.1,x,-0.5817764173314433,1,0.244859591510045
0.1,x,-0.5817764173314433,2,0.7528397940345398
0.1,x,-0.5817764173314433,3,0.7871505003221996
0.1,x,-0.5042062283539175,0,0.22615223619438843
0.1,x,-0.5042062283539175,1,0.28078584448718347
0.1,x,-0.5042062283539175,2,0.7196316766135673
0.1,x,-0.5042062283539175,3,0.7734302427048602
0.1,x,-0.4266360393763917,0,0.23937784094749676
0.1,x,-0.4266360393763917,1,0.43754923035327026
0.1,x,-0.4266360393763917,2,0.5631506608022399
0.1,x,-0.4266360393763917,3,0.7599222678969936
0.1,x,-0.34906585039886595,0,0.19636039703814193
0.1,x,-0.34906585039886595,1,0.3222885420163161
0.1,x,-0.34906585039886595,2,0.6716393005508363
0.1,x,-0.34906585039886595,3,0.8097117603947057
0.1,x,-0.2714956614213402,0,0.2215724888670109
0.1,x,-0.2714956614213402,1,0.2559550144123521
0.1,x,-0.2714956614213402,2,0.7359744113047793
0.1,x,-0.2714956614213402,3,0.7864980854158576
0.1,x,-0.19392547244381442,0,0.2715953388309624
0.1,x,-0.19392547244381442,1,0.359864169032857
0.1,x,-0.19392547244381442,2,0.6339745176277581
0.1,x,-0.19392547244381442,3,0.7345659745084221
0.1,x,-0.11635528346628865,0,0.17628109949567441
0.1,x,-0.11635528346628865,1,0.29610300680103757
0.1,x,-0.11635528346628865,2,0.6973372701555274
0.1,x,-0.11635528346628865,3,0.8302786235477606
0.1,x,-0.03878509448876288,0,0.22971463691332977
0.1,x,-0.03878509448876288,1,0.3709719706825
0.1,x,-0.03878509448876288,2,0.6156171704103921
0.1,x,-0.03878509448876288,3,0.7836962219937773
0.1,x,0.03878509448876288,0,0.2151824227940027
0.1,x,0.03878509448876288,1,0.3759007408805978
0.1,x,0.03878509448876288,2,0.6247134188358555
0.1,x,0.03878509448876288,3,0.7842034174895441
0.1,x,0.11635528346628865,0,0.1358915269453329
0.1,x,0.11635528346628865,1,0.2629182917175288
0.1,x,0.11635528346628865,2,0.7460477878772567
0.1,x,0.11635528346628865,3,0.8551423934598821
0.1,x,0.19392547244381442,0,0.17282120578816304
0.1,x,0.19392547244381442,1,0.2816257282200029
0.1,x,0.19392547244381442,2,0.7176471951877339
0.1,x,0.19392547244381442,3,0.8279058708040998
0.1,x,0.2714956614213402,0,0.14592863717944937
0.1,x,0.2714956614213402,1,0.22563000530821756
0.1,x,0.2714956614213402,2,0.7824200287463381
0.1,x,0.2714956614213402,3,0.846021328765995
0.1,x,0.34906585039886595,0,0.26776128626703044
0.1,x,0.34906585039886595,1,0.3643145491324094
0.1,x,0.34906585039886595,2,0.6405770338491403
0.1,x,0.34906585039886595,3,0.7273471307514194
0.1,x,0.4266360393763917,0,0.2054036415483553
0.1,x,0.4266360393763917,1,0.4000650371924457
0.1,x,0.4266360393763917,2,0.6047272181014434
0.1,x,0.4266360393763917,3,0.7898041031577548
0.1,x,0.5042062283539175,0,0.2873264520382675
0.1,x,0.5042062283539175,1,0.3011963982984478
0.1,x,0.5042062283539175,2,0.6987999737682837
0.1,x,0.5042062283539175,3,0.7126771758950003
0.1,x,0.5817764173314428,0,0.3152179009337457
0.1,x,0.5817764173314428,1,0.32611370150245317
0.1,x,0.5817764173314428,2,0.6651271375605625
0.1,x,0.5817764173314428,3,0.6935412600032388
0.1,x,0.6593466063089686,0,0.2135011573096689
0.1,x,0.6593466063089686,1,0.24079343218704793
0.1,x,0.6593466063089686,2,0.7414919889066496
0.1,x,0.6593466063089686,3,0.8042134215966332
0.1,x,0.7369167952864943,0,0.11428448497313987
0.1,x,0.7369167952864943,1,0.30094573228042976
0.1,x,0.7369167952864943,2,0.7015304663335322
0.1,x,0.7369167952864943,3,0.8832393164128978
0.1,x,0.8144869842640201,0,0.20570001866452878
0.1,x,0.8144869842640201,1,0.3259704171971445
0.1,x,0.8144869842640201,2,0.6950787779408502
0.1,x,0.8144869842640201,3,0.7732507861974762
0.1,x,0.8920571732415459,0,0.29078576381508253
0.1,x,0.8920571732415459,1,0.3180637801162215
0.1,x,0.8920571732415459,2,0.6831832791600649
0.1,x,0.8920571732415459,3,0.7079671769086313
0.1,x,0.9696273622190716,0,0.33368786734321787
0.1,x,0.9696273622190716,1,0.4134203042446344
0.1,x,0.9696273622190716,2,0.5991398684984222
0.1,x,0.9696273622190716,3,0.6537519599137258
0.1,x,1.0471975511965974,0,0.08687431082469926
0.1,x,1.0471975511965974,1,0.2922672262430902
0.1,x,1.0471975511965974,2,0.7065258636469182
0.1,x,1.0471975511965974,3,0.9143325992852925
0.1,x,1.1247677401741232,0,0.3365972525261488
0.1,x,1.1247677401741232,1,0.41504649536330435
0.1,x,1.1247677401741232,2,0.5898269730866793
0.1,x,1.1247677401741232,3,0.658529279023867
0.1,x,1.202337929151649,0,0.2800497518769082
0.1,x,1.202337929151649,1,0.3434526666630558
0.1,x,1.202337929151649,2,0.6639805214119601
0.1,x,1.202337929151649,3,0.7125170600480757
0.1,x,1.2799081181291747,0,0.20654616112670907
0.1,x,1.2799081181291747,1,0.30950965752623627
0.1,x,1.2799081181291747,2,0.6874026561451848
0.1,x,1.2799081181291747,3,0.7965415252018698
0.1,x,1.3574783071067005,0,0.33642526976547843
0.1,x,1.3574783071067005,1,0.4482720551426163
0.1,x,1.3574783071067005,2,0.5441411834757819
0.1,x,1.3574783071067005,3,0.6711614916161229
0.1,x,1.4350484960842262,0,0.36133191294834455
0.1,x,1.4350484960842262,1,0.4316646118738138
0.1,x,1.4350484960842262,2,0.5711264927759255
0.1,x,1.4350484960842262,3,0.6358769824019166
0.1,x,1.512618685061752,0,0.2043250935237693
0.1,x,1.512618685061752,1,0.32584625594578037
0.1,x,1.512618685061752,2,0.6814206045819735
0.1,x,1.512618685061752,3,0.7884080459484767
0.1,x,1.5901888740392778,0,0.2350352179717233
0.1,x,1.5901888740392778,1,0.26847712807002966
0.1,x,1.5901888740392778,2,0.7266715578172915
0.1,x,1.5901888740392778,3,0.769816096140956
0.1,x,1.6677590630168035,0,0.20156694797450342
0.1,x,1.6677590630168035,1,0.408853819314407
0.1,x,1.6677590630168035,2,0.5917431580021978
0.1,x,1.6677590630168035,3,0.7978360747088926
0.1,x,1.7453292519943293,0,0.21704170552353075
0.1,x,1.7453292519943293,1,0.3696402899123371
0.1,x,1.7453292519943293,2,0.6342902311827333
0.1,x,1.7453292519943293,3,0.7790277733813992
0.1,x,1.822899440971855,0,0.09290752065107317
0.1,x,1.822899440971855,1,0.2886369519666767
0.1,x,1.822899440971855,2,0.7121752429925883
0.1,x,1.822899440971855,3,0.906280284389662
0.1,x,1.9004696299493808,0,0.12556678645323205
0.1,x,1.9004696299493808,1,0.3296734116661116
0.1,x,1.9004696299493808,2,0.6712093027913366
0.1,x,1.9004696299493808,3,0.8735504990893198
0.1,x,1.9780398189269066,0,0.10973118586127228
0.1,x,1.9780398189269066,1,0.22521136282229343
0.1,x,1.9780398189269066,2,0.7654843889677623
0.1,x,1.9780398189269066,3,0.8995730623486724
0.1,x,2.0556100079044324,0,0.26613449973425984
0.1,x,2.0556100079044324,1,0.32123539151628716
0.1,x,2.0556100079044324,2,0.6808221560407023
0.1,x,2.0556100079044324,3,0.7318079527087515
0.1,x,2.133180196881958,0,0.07338986160604197
0.1,x,2.133180196881958,1,0.1966240604553189
0.1,x,2.133180196881958,2,0.7999886433793797
0.1,x,2.133180196881958,3,0.9299974345592594
0.1,x,2.210750385859484,0,0.25888553506273193
0.1,x,2.210750385859484,1,0.4702068666785298
0.1,x,2.210750385859484,2,0.533587966442485
0.1,x,2.210750385859484,3,0.7373196318162532
0.1,x,2.2883205748370097,0,0.09749642284112343
0.1,x,2.2883205748370097,1,0.25687326602035043
0.1,x,2.2883205748370097,2,0.7532959366787079
0.1,x,2.2883205748370097,3,0.8923343744598186
0.1,x,2.3658907638145354,0,0.27570973833646406
0.1,x,2.3658907638145354,1,0.317042954069163
0.1,x,2.3658907638145354,2,0.6948860240368373
0.1,x,2.3658907638145354,3,0.712361283557536
0.1,x,2.443460952792061,0,0.1129959863658904
0.1,x,2.443460952792061,1,0.19505814848260322
0.1,x,2.443460952792061,2,0.8183714789984491
0.1,x,2.443460952792061,3,0.8735743861530576
0.1,x,2.521031141769587,0,0.16300060142116135
0.1,x,2.521031141769587,1,0.24388831443650535
0.1,x,2.521031141769587,2,0.7606170216071718
0.1,x,2.521031141769587,3,0.8324940625351613
0.1,x,2.5986013307471127,0,0.21522532335601638
0.1,x,2.5986013307471127,1,0.36125077468671507
0.1,x,2.5986013307471127,2,0.6346459798253665
0.1,x,2.5986013307471127,3,0.7888779221319013
0.1,x,2.6761715197246385,0,0.10229010582459343
0.1,x,2.6761715197246385,1,0.1310611878565215
0.1,x,2.6761715197246385,2,0.8487404123727046
0.1,x,2.6761715197246385,3,0.9179082939461801
0.1,x,2.7537417087021643,0,0.14958158066440316
0.1,x,2.7537417087021643,1,0.384232374240692
0.1,x,2.7537417087021643,2,0.6127601862871297
0.1,x,2.7537417087021643,3,0.8534258588077748
0.1,x,2.83131189767969,0,0.21123181036902597
0.1,x,2.83131189767969,1,0.3212594947761686
0.1,x,2.83131189767969,2,0.70722669172205
0.1,x,2.83131189767969,3,0.7602820031327557
0.1,x,2.908882086657216,0,0.116907128550362
0.1,x,2.908882086657216,1,0.20443610718472685
0.1,x,2.908882086657216,2,0.7714770026593613
0.1,x,2.908882086657216,3,0.9071797616055503
0.1,x,2.9864522756347416,0,0.21833934761295892
0.1,x,2.9864522756347416,1,0.48455107348392584
0.1,x,2.9864522756347416,2,0.5330423510275837
0.1,x,2.9864522756347416,3,0.7640672278755314
0.1,x,3.0640224646122673,0,0.2563441071500901
0.1,x,3.0640224646122673,1,0.35995348681028977
0.1,x,3.0640224646122673,2,0.6337501172377826
0.1,x,3.0640224646122673,3,0.749952288801838
0.1,y,-3.141592653589793,0,0.13221665723759043
0.1,y,-3.141592653589793,1,0.22835135066227957
0.1,y,-3.141592653589793,2,0.7864744974750029
0.1,y,-3.141592653589793,3,0.852957494625127
0.1,y,-3.0640224646122673,0,0.0413026669378459
0.1,y,-3.0640224646122673,1,0.3271289986949329
0.1,y,-3.0640224646122673,2,0.6994846444993128
0.1,y,-3.0640224646122673,3,0.9320836898679088
0.1,y,-2.9864522756347416,0,0.11603075557497021
0.1,y,-2.9864522756347416,1,0.34812032642868085
0.1,y,-2.9864522756347416,2,0.6792674344666774
0.1,y,-2.9864522756347416,3,0.8565814835296716
0.1,y,-2.908882086657216,0,0.11421330938623975
0.1,y,-2.908882086657216,1,0.34308606474270936
0.1,y,-2.908882086657216,2,0.6257978909845521
0.1,y,-2.908882086657216,3,0.9169027348864993
0.1,y,-2.83131189767969,0,0.14634855750796333
0.1,y,-2.83131189767969,1,0.2172713536780285
0.1,y,-2.83131189767969,2,0.7813295208689823
0.1,y,-2.83131189767969,3,0.8550505679450255
0.1,y,-2.7537417087021643,0,0.2726339171179642
0.1,y,-2.7537417087021643,1,0.37935262685963445
0.1,y,-2.7537417087021643,2,0.6275504151522622
0.1,y,-2.7537417087021643,3,0.7204630408701391
0.1,y,-2.6761715197246385,0,0.08079021252738466
0.1,y,-2.6761715197246385,1,0.31172784349802485
0.1,y,-2.6761715197246385,2,0.6939156184372237
0.1,y,-2.6761715197246385,3,0.9135663255373665
0.1,y,-2.5986013307471127,0,0.07350858112724303
0.1,y,-2.5986013307471127,1,0.13919913880852647
0.1,y,-2.5986013307471127,2,0.881775374585175
0.1,y,-2.5986013307471127,3,0.9055169054790555
0.1,y,-2.521031141769587,0,0.21285143685176716
0.1,y,-2.521031141769587,1,0.33809617865486696
0.1,y,-2.521031141769587,2,0.6572537949015622
0.1,y,-2.521031141769587,3,0.7917985895918042
0.1,y,-2.443460952792061,0,0.0754872109587429
0.1,y,-2.443460952792061,1,0.3094142617977906
0.1,y,-2.443460952792061,2,0.6956943594301335
0.1,y,-2.443460952792061,3,0.9194041678133331
0.1,y,-2.3658907638145354,0,0.21173413510735606
0.1,y,-2.3658907638145354,1,0.27988136459934493
0.1,y,-2.3658907638145354,2,0.7279209851868813
0.1,y,-2.3658907638145354,3,0.7804635151064184
0.1,y,-2.2883205748370097,0,0.13479334163013126
0.1,y,-2.2883205748370097,1,0.21600790574821466
0.1,y,-2.2883205748370097,2,0.7789458006572458
0.1,y,-2.2883205748370097,3,0.8702529519644088
0.1,y,-2.210750385859484,0,0.1666091719331003
0.1,y,-2.210750385859484,1,0.2435747546265428
0.1,y,-2.210750385859484,2,0.7781072761267253
0.1,y,-2.210750385859484,3,0.8117087973136317
0.1,y,-2.133180196881958,0,0.12982701401603408
0.1,y,-2.133180196881958,1,0.3990512795570989
0.1,y,-2.133180196881958,2,0.6080532672325323
0.1,y,-2.133180196881958,3,0.8630684391943342
0.1,y,-2.0556100079044324,0,0.06712278651126671
0.1,y,-2.0556100079044324,1,0.3838638519416791
0.1,y,-2.0556100079044324,2,0.621320256110361
0.1,y,-2.0556100079044324,3,0.9276931054366926
0.1,y,-1.9780398189269068,0,0.156271259467099
0.1,y,-1.9780398189269068,1,0.42946242934502266
0.1,y,-1.9780398189269068,2,0.5731148655536913
0.1,y,-1.9780398189269068,3,0.8411514456341862
0.1,y,-1.900469629949381,0,0.19992409978667444
0.1,y,-1.900469629949381,1,0.277256064767694
0.1,y,-1.900469629949381,2,0.726057181142
0.1,y,-1.900469629949381,3,0.7967626543036314
0.1,y,-1.8228994409718553,0,0.16233293445095168
0.1,y,-1.8228994409718553,1,0.2597829858433385
0.1,y,-1.8228994409718553,2,0.7366006192228184
0.1,y,-1.8228994409718553,3,0.8412834604828918
0.1,y,-1.7453292519943295,0,0.19938853126557798
0.1,y,-1.7453292519943295,1,0.2639908649485318
0.1,y,-1.7453292519943295,2,0.7454946278807517
0.1,y,-1.7453292519943295,3,0.7911259759051396
0.1,y,-1.6677590630168038,0,0.19771880254243238
0.1,y,-1.6677590630168038,1,0.26336025232549765
0.1,y,-1.6677590630168038,2,0.7369042286922496
0.1,y,-1.6677590630168038,3,0.8020167164398199
0.1,y,-1.590188874039278,0,0.2054803389128116
0.1,y,-1.590188874039278,1,0.2793102788971306
0.1,y,-1.590188874039278,2,0.7253704855677885
0.1,y,-1.590188874039278,3,0.789838896622269
0.1,y,-1.5126186850617522,0,0.08318554033469129
0.1,y,-1.5126186850617522,1,0.43357072778817135
0.1,y,-1.5126186850617522,2,0.56947056507882
0.1,y,-1.5126186850617522,3,0.9137731667983163
0.1,y,-1.4350484960842265,0,0.16020665117641797
0.1,y,-1.4350484960842265,1,0.3413917126984129
0.1,y,-1.4350484960842265,2,0.6599565382783732
0.1,y,-1.4350484960842265,3,0.8384450978467959
0.1,y,-1.3574783071067007,0,0.16724206041759718
0.1,y,-1.3574783071067007,1,0.24473121745469817
0.1,y,-1.3574783071067007,2,0.7533297740422942
0.1,y,-1.3574783071067007,3,0.8346969480854108
0.1,y,-1.2799081181291752,0,0.3088512109715286
0.1,y,-1.2799081181291752,1,0.42142324839405076
0.1,y,-1.2799081181291752,2,0.5805379126858784
0.1,y,-1.2799081181291752,3,0.6891876279485418
0.1,y,-1.2023379291516494,0,0.331664932844761
0.1,y,-1.2023379291516494,1,0.4207967505204143
0.1,y,-1.2023379291516494,2,0.5792909973906819
0.1,y,-1.2023379291516494,3,0.6682473192441427
0.1,y,-1.1247677401741236,0,0.21155953302725158
0.1,y,-1.1247677401741236,1,0.39615962254745946
0.1,y,-1.1247677401741236,2,0.6013518324192663
0.1,y,-1.1247677401741236,3,0.7909290120060228
0.1,y,-1.0471975511965979,0,0.29285439990333073
0.1,y,-1.0471975511965979,1,0.37411027947574604
0.1,y,-1.0471975511965979,2,0.6248983125139858
0.1,y,-1.0471975511965979,3,0.7081370081069376
0.1,y,-0.9696273622190721,0,0.16738146422639485
0.1,y,-0.9696273622190721,1,0.4178317770017611
0.1,y,-0.9696273622190721,2,0.582882264185735
0.1,y,-0.9696273622190721,3,0.831904494586109
0.1,y,-0.8920571732415463,0,0.13747615906898014
0.1,y,-0.8920571732415463,1,0.16336795496044948
0.1,y,-0.8920571732415463,2,0.8336322104657545
0.1,y,-0.8920571732415463,3,0.865523675504816
0.1,y,-0.8144869842640206,0,0.1494750697770667
0.1,y,-0.8144869842640206,1,0.3626316933306186
0.1,y,-0.8144869842640206,2,0.6426239454200404
0.1,y,-0.8144869842640206,3,0.8452692914722738
0.1,y,-0.7369167952864948,0,0.2906795492314287
0.1,y,-0.7369167952864948,1,0.4066935767613801
0.1,y,-0.7369167952864948,2,0.5980091168356476
0.1,y,-0.7369167952864948,3,0.7046177571715435
0.1,y,-0.659346606308969,0,0.1112435294288662
0.1,y,-0.659346606308969,1,0.30999938163849095
0.1,y,-0.659346606308969,2,0.6908916898814501
0.1,y,-0.659346606308969,3,0.887865399051192
0.1,y,-0.5817764173314433,0,0.21790145941760647
0.1,y,-0.5817764173314433,1,0.33294088582798087
0.1,y,-0.5817764173314433,2,0.6669023342348894
0.1,y,-0.5817764173314433,3,0.7822553205195234
0.1,y,-0.5042062283539175,0,0.33600061750220167
0.1,y,-0.5042062283539175,1,0.39456201338576685
0.1,y,-0.5042062283539175,2,0.612253393773367
0.1,y,-0.5042062283539175,3,0.6571839753386637
0.1,y,-0.4266360393763917,0,0.09474592398387952
0.1,y,-0.4266360393763917,1,0.28933725321204035
0.1,y,-0.4266360393763917,2,0.7125472749947592
0.1,y,-0.4266360393763917,3,0.9033695478093204
0.1,y,-0.34906585039886595,0,0.14608363800375238
0.1,y,-0.34906585039886595,1,0.2182017253756981
0.1,y,-0.34906585039886595,2,0.7853150259252016
0.1,y,-0.34906585039886595,3,0.850399610695348
0.1,y,-0.2714956614213402,0,0.140612410170254
0.1,y,-0.2714956614213402,1,0.34999618532996685
0.1,y,-0.2714956614213402,2,0.6580320976230306
0.1,y,-0.2714956614213402,3,0.8513593068767488
0.1,y,-0.19392547244381442,0,0.19832104574307083
0.1,y,-0.19392547244381442,1,0.23957852767919555
0.1,y,-0.19392547244381442,2,0.73192398503466
0.1,y,-0.19392547244381442,3,0.8301764415430729
0.1,y,-0.11635528346628865,0,0.24679981132760137
0.1,y,-0.11635528346628865,1,0.2968092245934696
0.1,y,-0.11635528346628865,2,0.7071278096019824
0.1,y,-0.11635528346628865,3,0.749263154476947
0.1,y,-0.03878509448876288,0,0.10911021457939428
0.1,y,-0.03878509448876288,1,0.37582417068883783
0.1,y,-0.03878509448876288,2,0.6257411825478436
0.1,y,-0.03878509448876288,3,0.8893244321839238
0.1,y,0.03878509448876288,0,0.28315603753529667
0.1,y,0.03878509448876288,1,0.465416737155265
0.1,y,0.03878509448876288,2,0.5461690326383541
0.1,y,0.03878509448876288,3,0.7052581926710841
0.1,y,0.11635528346628865,0,0.22528803190944321
0.1,y,0.11635528346628865,1,0.30846833158302456
0.1,y,0.11635528346628865,2,0.7001486345798456
0.1,y,0.11635528346628865,3,0.7660950019276869
0.1,y,0.19392547244381442,0,0.2397292860741494
0.1,y,0.19392547244381442,1,0.30865269641807036
0.1,y,0.19392547244381442,2,0.7008673942930588
0.1,y,0.19392547244381442,3,0.7507506232147214
0.1,y,0.2714956614213402,0,0.1899962471430718
0.1,y,0.2714956614213402,1,0.26986432707096714
0.1,y,0.2714956614213402,2,0.7349762109414473
0.1,y,0.2714956614213402,3,0.8051632148445139
0.1,y,0.34906585039886595,0,0.3543931164365368
0.1,y,0.34906585039886595,1,0.40744924517582715
0.1,y,0.34906585039886595,2,0.5846242521671051
0.1,y,0.34906585039886595,3,0.6535333862205306
0.1,y,0.4266360393763917,0,0.13482372722420544
0.1,y,0.4266360393763917,1,0.3157516201600248
0.1,y,0.4266360393763917,2,0.6843827050287619
0.1,y,0.4266360393763917,3,0.8650419475870093
0.1,y,0.5042062283539175,0,0.10807569784422649
0.1,y,0.5042062283539175,1,0.33592334080761516
0.1,y,0.5042062283539175,2,0.664837364997201
0.1,y,0.5042062283539175,3,0.8911635963509574
0.1,y,0.5817764173314428,0,0.3457435199382285
0.1,y,0.5817764173314428,1,0.41244828510118725
0.1,y,0.5817764173314428,2,0.5928657817011748
0.1,y,0.5817764173314428,3,0.648942413259409
0.1,y,0.6593466063089686,0,0.17433145165711356
0.1,y,0.6593466063089686,1,0.36221341844601557
0.1,y,0.6593466063089686,2,0.6355147440506272
0.1,y,0.6593466063089686,3,0.827940385846244
0.1,y,0.7369167952864943,0,0.23944312144818633
0.1,y,0.7369167952864943,1,0.2926872895368081
0.1,y,0.7369167952864943,2,0.7148748089742989
0.1,y,0.7369167952864943,3,0.7529947800407067
0.1,y,0.8144869842640201,0,0.09224733603587987
0.1,y,0.8144869842640201,1,0.26214510051176676
0.1,y,0.8144869842640201,2,0.737614645609778
0.1,y,0.8144869842640201,3,0.9079929178425752
0.1,y,0.8920571732415459,0,0.3091569190146937
0.1,y,0.8920571732415459,1,0.3275253059689527
0.1,y,0.8920571732415459,2,0.667794044201258
0.1,y,0.8920571732415459,3,0.6955237308150964
0.1,y,0.9696273622190716,0,0.18825028058680754
0.1,y,0.9696273622190716,1,0.27704370582145244
0.1,y,0.9696273622190716,2,0.7210676406783092
0.1,y,0.9696273622190716,3,0.8136383729134302
0.1,y,1.0471975511965974,0,0.14481756129647222
0.1,y,1.0471975511965974,1,0.18618246968823557
0.1,y,1.0471975511965974,2,0.8077145594230765
0.1,y,1.0471975511965974,3,0.8612854095922151
0.1,y,1.1247677401741232,0,0.07180576213068557
0.1,y,1.1247677401741232,1,0.3438064181708753
0.1,y,1.1247677401741232,2,0.6546254508460718
0.1,y,1.1247677401741232,3,0.9297623688523674
0.1,y,1.202337929151649,0,0.2420683527483112
0.1,y,1.202337929151649,1,0.32153845111367263
0.1,y,1.202337929151649,2,0.687665379286039
0.1,y,1.202337929151649,3,0.7487278168519775
0.1,y,1.2799081181291747,0,0.2674839449294316
0.1,y,1.2799081181291747,1,0.3504983875593549
0.1,y,1.2799081181291747,2,0.6373583811565378
0.1,y,1.2799081181291747,3,0.7446592863546763
0.1,y,1.3574783071067005,0,0.16812961434071383
0.1,y,1.3574783071067005,1,0.3638041299672613
0.1,y,1.3574783071067005,2,0.6357194317523618
0.1,y,1.3574783071067005,3,0.8323468239396622
0.1,y,1.4350484960842262,0,0.026413526737926196
0.1,y,1.4350484960842262,1,0.2797252657938416
0.1,y,1.4350484960842262,2,0.7173709545633423
0.1,y,1.4350484960842262,3,0.9764902529048902
0.1,y,1.512618685061752,0,0.23763575226060663
0.1,y,1.512618685061752,1,0.40737897095615994
0.1,y,1.512618685061752,2,0.596493865440157
0.1,y,1.512618685061752,3,0.7584914113430766
0.1,y,1.5901888740392778,0,0.1623105506646335
0.1,y,1.5901888740392778,1,0.2754112357152874
0.1,y,1.5901888740392778,2,0.7187953930062512
0.1,y,1.5901888740392778,3,0.8434828206138283
0.1,y,1.6677590630168035,0,0.26703488282472526
0.1,y,1.6677590630168035,1,0.358178461117079
0.1,y,1.6677590630168035,2,0.6392362241279651
0.1,y,1.6677590630168035,3,0.7355504319302304
0.1,y,1.7453292519943293,0,0.23856401074866776
0.1,y,1.7453292519943293,1,0.35027020787329954
0.1,y,1.7453292519943293,2,0.6651031035152667
0.1,y,1.7453292519943293,3,0.7460626778627657
0.1,y,1.822899440971855,0,0.18366194224366117
0.1,y,1.822899440971855,1,0.26691570311753166
0.1,y,1.822899440971855,2,0.7226664446004558
0.1,y,1.822899440971855,3,0.8267559100383514
0.1,y,1.9004696299493808,0,0.19877752338096596
0.1,y,1.9004696299493808,1,0.31066343230307003
0.1,y,1.9004696299493808,2,0.6897465128728917
0.1,y,1.9004696299493808,3,0.8008125314430725
0.1,y,1.9780398189269066,0,0.257062332760166
0.1,y,1.9780398189269066,1,0.4087704859403707
0.1,y,1.9780398189269066,2,0.5940646690446243
0.1,y,1.9780398189269066,3,0.7401025122548389
0.1,y,2.0556100079044324,0,0.32301341972351577
0.1,y,2.0556100079044324,1,0.4420685090206664
0.1,y,2.0556100079044324,2,0.5398340260014421
0.1,y,2.0556100079044324,3,0.6950840452543752
0.1,y,2.133180196881958,0,0.1628284361503203
0.1,y,2.133180196881958,1,0.39380145091173524
0.1,y,2.133180196881958,2,0.606895944887548
0.1,y,2.133180196881958,3,0.8364741680503969
0.1,y,2.210750385859484,0,0.21731486342110373
0.1,y,2.210750385859484,1,0.2555734548509905
0.1,y,2.210750385859484,2,0.7343469009706465
0.1,y,2.210750385859484,3,0.79276478075726
0.1,y,2.2883205748370097,0,0.2839850644456045
0.1,y,2.2883205748370097,1,0.37658076653041545
0.1,y,2.2883205748370097,2,0.6527382768852983
0.1,y,2.2883205748370097,3,0.6866958921386812
0.1,y,2.3658907638145354,0,0.19522617377028076
0.1,y,2.3658907638145354,1,0.4177331304783437
0.1,y,2.3658907638145354,2,0.5702189230708397
0.1,y,2.3658907638145354,3,0.816821772680536
0.1,y,2.443460952792061,0,0.13247335937231183
0.1,y,2.443460952792061,1,0.21624879969513605
0.1,y,2.443460952792061,2,0.7878885973569485
0.1,y,2.443460952792061,3,0.863389243575603
0.1,y,2.521031141769587,0,0.21020651266870033
0.1,y,2.521031141769587,1,0.32731604784804597
0.1,y,2.521031141769587,2,0.6646000795329838
0.1,y,2.521031141769587,3,0.79787735995027
0.1,y,2.5986013307471127,0,0.29201936090059466
0.1,y,2.5986013307471127,1,0.38359498634407907
0.1,y,2.5986013307471127,2,0.6218237684270177
0.1,y,2.5986013307471127,3,0.702561884328309
0.1,y,2.6761715197246385,0,0.06024968063792078
0.1,y,2.6761715197246385,1,0.2832254769311149
0.1,y,2.6761715197246385,2,0.7317961855942376
0.1,y,2.6761715197246385,3,0.9247286568367267
0.1,y,2.7537417087021643,0,0.09367510872865824
0.1,y,2.7537417087021643,1,0.19067115449823346
0.1,y,2.7537417087021643,2,0.8226222137188327
0.1,y,2.7537417087021643,3,0.8930315230542755
0.1,y,2.83131189767969,0,0.1617730414354316
0.1,y,2.83131189767969,1,0.33092382050462055
0.1,y,2.83131189767969,2,0.6578740708636737
0.1,y,2.83131189767969,3,0.8494290671962748
0.1,y,2.908882086657216,0,0.19582416576091957
0.1,y,2.908882086657216,1,0.32948884534401135
0.1,y,2.908882086657216,2,0.6693112003143692
0.1,y,2.908882086657216,3,0.8053757885807008
0.1,y,2.9864522756347416,0,0.10851140896863734
0.1,y,2.9864522756347416,1,0.28888546056709513
0.1,y,2.9864522756347416,2,0.6991536109934081
0.1,y,2.9864522756347416,3,0.90344951947086
0.1,y,3.0640224646122673,0,0.17614652349084783
0.1,y,3.0640224646122673,1,0.2986642566393645
0.1,y,3.0640224646122673,2,0.7053702722882982
0.1,y,3.0640224646122673,3,0.8198189475814894
0.2,x,-3.141592653589793,0,0.14424120218798447
0.2,x,-3.141592653589793,1,0.28914071887403486
0.2,x,-3.141592653589793,2,0.7150812029794957
0.2,x,-3.141592653589793,3,0.8515368759584852
0.2,x,-3.0640224646122673,0,0.2124493133290009
0.2,x,-3.0640224646122673,1,0.3321892957540617
0.2,x,-3.0640224646122673,2,0.6586327827130354
0.2,x,-3.0640224646122673,3,0.7967286082039025
0.2,x,-2.9864522756347416,0,0.17894528755479555
0.2,x,-2.9864522756347416,1,0.28263221835219043
0.2,x,-2.9864522756347416,2,0.7138925871138789
0.2,x,-2.9864522756347416,3,0.824529906979135
0.2,x,-2.908882086657216,0,0.28505826201649426
0.2,x,-2.908882086657216,1,0.31319599559888817
0.2,x,-2.908882086657216,2,0.6679257367724509
0.2,x,-2.908882086657216,3,0.7338200056121664
0.2,x,-2.83131189767969,0,0.18532809717559373
0.2,x,-2.83131189767969,1,0.29822305921095527
0.2,x,-2.83131189767969,2,0.7139259674110081
0.2,x,-2.83131189767969,3,0.8025228762024426
0.2,x,-2.7537417087021643,0,0.05572020335287837
0.2,x,-2.7537417087021643,1,0.1558727459919099
0.2,x,-2.7537417087021643,2,0.8492112991661522
0.2,x,-2.7537417087021643,3,0.9391957514890592
0.2,x,-2.6761715197246385,0,0.21791918192116627
0.2,x,-2.6761715197246385,1,0.40850475946555664
0.2,x,-2.6761715197246385,2,0.5883860834154664
0.2,x,-2.6761715197246385,3,0.7851899751978115
0.2,x,-2.5986013307471127,0,0.07648615695685987
0.2,x,-2.5986013307471127,1,0.1620533444091519
0.2,x,-2.5986013307471127,2,0.829500656712317
0.2,x,-2.5986013307471127,3,0.931959841921671
0.2,x,-2.521031141769587,0,0.17049893102869515
0.2,x,-2.521031141769587,1,0.24629620256186321
0.2,x,-2.521031141769587,2,0.7489557896022482
0.2,x,-2.521031141769587,3,0.8342490768071938
0.2,x,-2.443460952792061,0,0.19765841004634485
0.2,x,-2.443460952792061,1,0.23575278161248495
0.2,x,-2.443460952792061,2,0.7664411922970824
0.2,x,-2.443460952792061,3,0.8001476160440884
0.2,x,-2.3658907638145354,0,0.12129379481635856
0.2,x,-2.3658907638145354,1,0.29611591837756557
0.2,x,-2.3658907638145354,2,0.7095507475061835
0.2,x,-2.3658907638145354,3,0.873039539299893
0.2,x,-2.2883205748370097,0,0.12951923584562783
0.2,x,-2.2883205748370097,1,0.18553100923514954
0.2,x,-2.2883205748370097,2,0.8096974352758394
0.2,x,-2.2883205748370097,3,0.8752523196433831
0.2,x,-2.210750385859484,0,0.2748409366568179
0.2,x,-2.210750385859484,1,0.37953920106048344
0.2,x,-2.210750385859484,2,0.629855714325811
0.2,x,-2.210750385859484,3,0.7157641479568881
0.2,x,-2.133180196881958,0,0.1668790289315622
0.2,x,-2.133180196881958,1,0.3151996316735631
0.2,x,-2.133180196881958,2,0.6804762280920702
0.2,x,-2.133180196881958,3,0.8374451113028046
0.2,x,-2.0556100079044324,0,0.1188731493125144
0.2,x,-2.0556100079044324,1,0.1683372774343186
0.2,x,-2.0556100079044324,2,0.8182816006916546
0.2,x,-2.0556100079044324,3,0.8945079725615124
0.2,x,-1.9780398189269068,0,0.19767439135548714
0.2,x,-1.9780398189269068,1,0.2736181943825014
0.2,x,-1.9780398189269068,2,0.7426191558343092
0.2,x,-1.9780398189269068,3,0.7860882584277027
0.2,x,-1.900469629949381,0,0.260755251258457
0.2,x,-1.900469629949381,1,0.4672683769152622
0.2,x,-1.900469629949381,2,0.5298453590037085
0.2,x,-1.900469629949381,3,0.7421310128225722
0.2,x,-1.8228994409718553,0,0.09138415728220388
0.2,x,-1.8228994409718553,1,0.17007295662312882
0.2,x,-1.8228994409718553,2,0.8279620633513303
0.2,x,-1.8228994409718553,3,0.9105808227433366
0.2,x,-1.7453292519943295,0,0.17949230894209509
0.2,x,-1.7453292519943295,1,0.2503785835111343
0.2,x,-1.7453292519943295,2,0.7431779852384313
0.2,x,-1.7453292519943295,3,0.8269511223083393
0.2,x,-1.6677590630168038,0,0.16260351591664987
0.2,x,-1.6677590630168038,1,0.3708111152477567
0.2,x,-1.6677590630168038,2,0.6262970787601709
0.2,x,-1.6677590630168038,3,0.8402882900754233
0.2,x,-1.590188874039278,0,0.18394609063678125
0.2,x,-1.590188874039278,1,0.2524011202586824
0.2,x,-1.590188874039278,2,0.7417640087734036
0.2,x,-1.590188874039278,3,0.8218887803311318
0.2,x,-1.5126186850617522,0,0.3473602142120055
0.2,x,-1.5126186850617522,1,0.41037350145753343
0.2,x,-1.5126186850617522,2,0.5889479734256944
0.2,x,-1.5126186850617522,3,0.6533183109047667
0.2,x,-1.4350484960842265,0,0.19226510562821064
0.2,x,-1.4350484960842265,1,0.2602246357146225
0.2,x,-1.4350484960842265,2,0.7291603361843606
0.2,x,-1.4350484960842265,3,0.8183499224728066
0.2,x,-1.3574783071067007,0,0.10097252962660168
0.2,x,-1.3574783071067007,1,0.2833843222462673
0.2,x,-1.3574783071067007,2,0.7164416583700937
0.2,x,-1.3574783071067007,3,0.8992014897570368
0.2,x,-1.2799081181291752,0,0.21681997661161395
0.2,x,-1.2799081181291752,1,0.2547101811007906
0.2,x,-1.2799081181291752,2,0.7406235796072199
0.2,x,-1.2799081181291752,3,0.7878462626803757
0.2,x,-1.2023379291516494,0,0.11588660453864215
0.2,x,-1.2023379291516494,1,0.38031386263375677
0.2,x,-1.2023379291516494,2,0.6177560051624313
0.2,x,-1.2023379291516494,3,0.8860435276651696
0.2,x,-1.1247677401741236,0,0.1894737142175582
0.2,x,-1.1247677401741236,1,0.2566746797665261
0.2,x,-1.1247677401741236,2,0.7384326356080448
0.2,x,-1.1247677401741236,3,0.8154189704078714
0.2,x,-1.0471975511965979,0,0.14211851129304068
0.2,x,-1.0471975511965979,1,0.4009922233125555
0.2,x,-1.0471975511965979,2,0.6002701770501546
0.2,x,-1.0471975511965979,3,0.8566190883442488
0.2,x,-0.9696273622190721,0,0.0973911343914305
0.2,x,-0.9696273622190721,1,0.4291760578313878
0.2,x,-0.9696273622190721,2,0.5706273435771693
0.2,x,-0.9696273622190721,3,0.9028054642000125
0.2,x,-0.8920571732415463,0,0.15668022813219024
0.2,x,-0.8920571732415463,1,0.2459630450535
0.2,x,-0.8920571732415463,2,0.7534460065833705
0.2,x,-0.8920571732415463,3,0.8439107202309384
0.2,x,-0.8144869842640206,0,0.15697352580248605
0.2,x,-0.8144869842640206,1,0.21426010205807722
0.2,x,-0.8144869842640206,2,0.7896456729422601
0.2,x,-0.8144869842640206,3,0.8391206991971768
0.2,x,-0.7369167952864948,0,0.21907663959834947
0.2,x,-0.7369167952864948,1,0.33773215503689186
0.2,x,-0.7369167952864948,2,0.6620979655466204
0.2,x,-0.7369167952864948,3,0.7810932398181383
0.2,x,-0.659346606308969,0,0.16937174284081954
0.2,x,-0.659346606308969,1,0.34994093493722644
0.2,x,-0.659346606308969,2,0.6520595422033955
0.2,x,-0.659346606308969,3,0.8286277800185582
0.2,x,-0.5817764173314433,0,0.11549294488917893
0.2,x,-0.5817764173314433,1,0.3753956107615716
0.2,x,-0.5817764173314433,2,0.6259006974640922
0.2,x,-0.5817764173314433,3,0.883210746885158
0.2,x,-0.5042062283539175,0,0.1585278460778382
0.2,x,-0.5042062283539175,1,0.28053392614923395
0.2,x,-0.5042062283539175,2,0.7190067553979455
0.2,x,-0.5042062283539175,3,0.8419314723749829
0.2,x,-0.4266360393763917,0,0.14569429848471604
0.2,x,-0.4266360393763917,1,0.2590117979277568
0.2,x,-0.4266360393763917,2,0.7397877186740061
0.2,x,-0.4266360393763917,3,0.8555061849135209
0.2,x,-0.34906585039886595,0,0.12172913095064104
0.2,x,-0.34906585039886595,1,0.24607831931081928
0.2,x,-0.34906585039886595,2,0.749176283140796
0.2,x,-0.34906585039886595,3,0.8830162665977439
0.2,x,-0.2714956614213402,0,0.23026414614592117
0.2,x,-0.2714956614213402,1,0.3429994117440565
0.2,x,-0.2714956614213402,2,0.6580391471239735
0.2,x,-0.2714956614213402,3,0.7686972949860488
0.2,x,-0.19392547244381442,0,0.18332864273257593
0.2,x,-0.19392547244381442,1,0.25668982856416805
0.2,x,-0.19392547244381442,2,0.7402508811385654
0.2,x,-0.19392547244381442,3,0.8197306475646902
0.2,x,-0.11635528346628865,0,0.22572446901025647
0.2,x,-0.11635528346628865,1,0.3380456298121525
0.2,x,-0.11635528346628865,2,0.6651313047320228
0.2,x,-0.11635528346628865,3,0.7710985964455681
0.2,x,-0.03878509448876288,0,0.19282360836936774
0.2,x,-0.03878509448876288,1,0.25069994877181695
0.2,x,-0.03878509448876288,2,0.7494592106300655
0.2,x,-0.03878509448876288,3,0.8070172322287495
0.2,x,0.03878509448876288,0,0.23514062995757365
0.2,x,0.03878509448876288,1,0.30155243582164243
0.2,x,0.03878509448876288,2,0.68889730538707
0.2,x,0.03878509448876288,3,0.7744096288337144
0.2,x,0.11635528346628865,0,0.3163046549434722
0.2,x,0.11635528346628865,1,0.44926335386266064
0.2,x,0.11635528346628865,2,0.5542334088692198
0.2,x,0.11635528346628865,3,0.6801985823246477
0.2,x,0.19392547244381442,0,0.19352406631393737
0.2,x,0.19392547244381442,1,0.22976577167859835
0.2,x,0.19392547244381442,2,0.7712086539997105
0.2,x,0.19392547244381442,3,0.8055015080077547
0.2,x,0.2714956614213402,0,0.19136377729359047
0.2,x,0.2714956614213402,1,0.3371590988721476
0.2,x,0.2714956614213402,2,0.6697262925075917
0.2,x,0.2714956614213402,3,0.8017508313266704
0.2,x,0.34906585039886595,0,0.11577268164665014
0.2,x,0.34906585039886595,1,0.381161673821102
0.2,x,0.34906585039886595,2,0.6180279658752994
0.2,x,0.34906585039886595,3,0.8850376786569485
0.2,x,0.4266360393763917,0,0.2584501545298905
0.2,x,0.4266360393763917,1,0.32704263534023303
0.2,x,0.4266360393763917,2,0.6705520793399463
0.2,x,0.4266360393763917,3,0.7439551307899299
0.2,x,0.5042062283539175,0,0.3005434356489683
0.2,x,0.5042062283539175,1,0.34166208443513557
0.2,x,0.5042062283539175,2,0.6583069806664914
0.2,x,0.5042062283539175,3,0.6994874992494052
0.2,x,0.5817764173314428,0,0.20742111280415007
0.2,x,0.5817764173314428,1,0.37244426398112923
0.2,x,0.5817764173314428,2,0.6291748604357078
0.2,x,0.5817764173314428,3,0.7909597627790121
0.2,x,0.6593466063089686,0,0.3198265889841729
0.2,x,0.6593466063089686,1,0.3647370438916987
0.2,x,0.6593466063089686,2,0.6426348732400244
0.2,x,0.6593466063089686,3,0.672801493884104
0.2,x,0.7369167952864943,0,0.1070104683107692
0.2,x,0.7369167952864943,1,0.146643402253807
0.2,x,0.7369167952864943,2,0.8475059552142421
0.2,x,0.7369167952864943,3,0.8988401742211822
0.2,x,0.8144869842640201,0,0.243742634955102
0.2,x,0.8144869842640201,1,0.33492700398344494
0.2,x,0.8144869842640201,2,0.6639147424268224
0.2,x,0.8144869842640201,3,0.7574156186346309
0.2,x,0.8920571732415459,0,0.23196090132103991
0.2,x,0.8920571732415459,1,0.3578475985561755
0.2,x,0.8920571732415459,2,0.642560691084765
0.2,x,0.8920571732415459,3,0.7676308090380198
0.2,x,0.9696273622190716,0,0.10665472518003297
0.2,x,0.9696273622190716,1,0.25684188543677733
0.2,x,0.9696273622190716,2,0.7447988768712299
0.2,x,0.9696273622190716,3,0.8917045125119601
0.2,x,1.0471975511965974,0,0.0947471785647826
0.2,x,1.0471975511965974,1,0.21992599030970628
0.2,x,1.0471975511965974,2,0.7726836228689118
0.2,x,1.0471975511965974,3,0.9126432082565995
0.2,x,1.1247677401741232,0,0.1727745988594806
0.2,x,1.1247677401741232,1,0.3753019042151021
0.2,x,1.1247677401741232,2,0.6257713064405139
0.2,x,1.1247677401741232,3,0.8261521904849037
0.2,x,1.202337929151649,0,0.07968373124332746
0.2,x,1.202337929151649,1,0.3349271279753673
0.2,x,1.202337929151649,2,0.6651169732293388
0.2,x,1.202337929151649,3,0.920272167551966
0.2,x,1.2799081181291747,0,0.14371065413742612
0.2,x,1.2799081181291747,1,0.34360730372947507
0.2,x,1.2799081181291747,2,0.6546910493067983
0.2,x,1.2799081181291747,3,0.8579909928262999
0.2,x,1.3574783071067005,0,0.21593854594768258
0.2,x,1.3574783071067005,1,0.23062735131541587
0.2,x,1.3574783071067005,2,0.7689950396741012
0.2,x,1.3574783071067005,3,0.7844390630627995
0.2,x,1.4350484960842262,0,0.16529734268346077
0.2,x,1.4350484960842262,1,0.32819812647996155
0.2,x,1.4350484960842262,2,0.6644446009345671
0.2,x,1.4350484960842262,3,0.8420599299020098
0.2,x,1.512618685061752,0,0.2679143221664065
0.2,x,1.512618685061752,1,0.342843970582616
0.2,x,1.512618685061752,2,0.6623676852710205
0.2,x,1.512618685061752,3,0.7268740219799563
0.2,x,1.5901888740392778,0,0.12650765659154292
0.2,x,1.5901888740392778,1,0.3096984845987286
0.2,x,1.5901888740392778,2,0.6913384735184684
0.2,x,1.5901888740392778,3,0.8724553852912602
0.2,x,1.6677590630168035,0,0.2798768740720076
0.2,x,1.6677590630168035,1,0.3343190534445218
0.2,x,1.6677590630168035,2,0.6601398691828374
0.2,x,1.6677590630168035,3,0.7256642033006332
0.2,x,1.7453292519943293,0,0.23921319314190387
0.2,x,1.7453292519943293,1,0.3658882049941547
0.2,x,1.7453292519943293,2,0.6322139704217794
0.2,x,1.7453292519943293,3,0.7626846314421616
0.2,x,1.822899440971855,0,0.34304624642558285
0.2,x,1.822899440971855,1,0.40358912533704083
0.2,x,1.822899440971855,2,0.5986147796155452
0.2,x,1.822899440971855,3,0.6547498486218313
0.2,x,1.9004696299493808,0,0.22835764088411759
0.2,x,1.9004696299493808,1,0.2676757628485917
0.2,x,1.9004696299493808,2,0.7458161169993169
0.2,x,1.9004696299493808,3,0.758150479267975
0.2,x,1.9780398189269066,0,0.09490812611516185
0.2,x,1.9780398189269066,1,0.22818729532038745
0.2,x,1.9780398189269066,2,0.7724934375362015
0.2,x,1.9780398189269066,3,0.9044111410282496
0.2,x,2.0556100079044324,0,0.13021698618437186
0.2,x,2.0556100079044324,1,0.19051943334235502
0.2,x,2.0556100079044324,2,0.8095919245522896
0.2,x,2.0556100079044324,3,0.8696716559209837
0.2,x,2.133180196881958,0,0.19146370992094874
0.2,x,2.133180196881958,1,0.25738160121464854
0.2,x,2.133180196881958,2,0.7459729290276624
0.2,x,2.133180196881958,3,0.8051817598367408
0.2,x,2.210750385859484,0,0.25615123645831994
0.2,x,2.210750385859484,1,0.4489396182762633
0.2,x,2.210750385859484,2,0.5482917293648024
0.2,x,2.210750385859484,3,0.7466174159006146
0.2,x,2.2883205748370097,0,0.21933253520386986
0.2,x,2.2883205748370097,1,0.4279139800993012
0.2,x,2.2883205748370097,2,0.5823694113207334
0.2,x,2.2883205748370097,3,0.7703840733760956
0.2,x,2.3658907638145354,0,0.18067552707158807
0.2,x,2.3658907638145354,1,0.35415908022657316
0.2,x,2.3658907638145354,2,0.6417342141551095
0.2,x,2.3658907638145354,3,0.8234311785467296
0.2,x,2.443460952792061,0,0.2921879586505073
0.2,x,2.443460952792061,1,0.409175806101346
0.2,x,2.443460952792061,2,0.5974137718857537
0.2,x,2.443460952792061,3,0.7012224633623929
0.2,x,2.521031141769587,0,0.1863071997935608
0.2,x,2.521031141769587,1,0.38973147087205007
0.2,x,2.521031141769587,2,0.618516659418376
0.2,x,2.521031141769587,3,0.8054446699160132
0.2,x,2.5986013307471127,0,0.13635763440712537
0.2,x,2.5986013307471127,1,0.22765569337227684
0.2,x,2.5986013307471127,2,0.7605736683323772
0.2,x,2.5986013307471127,3,0.8754130038882202
0.2,x,2.6761715197246385,0,0.16805322670146874
0.2,x,2.6761715197246385,1,0.25986043326878366
0.2,x,2.6761715197246385,2,0.7361911176511291
0.2,x,2.6761715197246385,3,0.8358952223786187
0.2,x,2.7537417087021643,0,0.32733871917208507
0.2,x,2.7537417087021643,1,0.3605892614573962
0.2,x,2.7537417087021643,2,0.6415612901181023
0.2,x,2.7537417087021643,3,0.6705107292524164
0.2,x,2.83131189767969,0,0.22867408021701574
0.2,x,2.83131189767969,1,0.3140204358474604
0.2,x,2.83131189767969,2,0.6713442591785503
0.2,x,2.83131189767969,3,0.7859612247569736
0.2,x,2.908882086657216,0,0.30468729858662513
0.2,x,2.908882086657216,1,0.391345151647617
0.2,x,2.908882086657216,2,0.5989760293622246
0.2,x,2.908882086657216,3,0.7049915204035324
0.2,x,2.9864522756347416,0,0.08610224301025453
0.2,x,2.9864522756347416,1,0.21782769699389504
0.2,x,2.9864522756347416,2,0.7868310619751903
0.2,x,2.9864522756347416,3,0.9092389980206597
0.2,x,3.0640224646122673,0,0.1815555791568364
0.2,x,3.0640224646122673,1,0.35293969115475815
0.2,x,3.0640224646122673,2,0.6519826514790399
0.2,x,3.0640224646122673,3,0.8135220782093657
0.2,y,-3.141592653589793,0,0.1313140355955803
0.2,y,-3.141592653589793,1,0.2043783007462418
0.2,y,-3.141592653589793,2,0.7860792850127314
0.2,y,-3.141592653589793,3,0.8782283786454459
0.2,y,-3.0640224646122673,0,0.16322957835884191
0.2,y,-3.0640224646122673,1,0.26636336209621514
0.2,y,-3.0640224646122673,2,0.7710222014355651
0.2,y,-3.0640224646122673,3,0.7993848581093778
0.2,y,-2.9864522756347416,0,0.2077547358368044
0.2,y,-2.9864522756347416,1,0.37646889429109065
0.2,y,-2.9864522756347416,2,0.6321518603536445
0.2,y,-2.9864522756347416,3,0.7836245095184609
0.2,y,-2.908882086657216,0,0.14421760245088025
0.2,y,-2.908882086657216,1,0.3703801776427008
0.2,y,-2.908882086657216,2,0.6301690520183838
0.2,y,-2.908882086657216,3,0.8552331678880354
0.2,y,-2.83131189767969,0,0.27568810714241454
0.2,y,-2.83131189767969,1,0.2938873082240942
0.2,y,-2.83131189767969,2,0.6786576136473511
0.2,y,-2.83131189767969,3,0.7517669709861395
0.2,y,-2.7537417087021643,0,0.2948968294545631
0.2,y,-2.7537417087021643,1,0.35599147363522743
0.2,y,-2.7537417087021643,2,0.6670503159083723
0.2,y,-2.7537417087021643,3,0.6820613810018376
0.2,y,-2.6761715197246385,0,0.10834541731194926
0.2,y,-2.6761715197246385,1,0.22843122994723494
0.2,y,-2.6761715197246385,2,0.788972589355625
0.2,y,-2.6761715197246385,3,0.8742507633851901
0.2,y,-2.5986013307471127,0,0.29469293209145264
0.2,y,-2.5986013307471127,1,0.43071402335281145
0.2,y,-2.5986013307471127,2,0.5724427071940555
0.2,y,-2.5986013307471127,3,0.7021503373616802
0.2,y,-2.521031141769587,0,0.1326254554203993
0.2,y,-2.521031141769587,1,0.3046304980300535
0.2,y,-2.521031141769587,2,0.6874794583781276
0.2,y,-2.521031141769587,3,0.8752645881714192
0.2,y,-2.443460952792061,0,0.040017272694631276
0.2,y,-2.443460952792061,1,0.42306649390735
0.2,y,-2.443460952792061,2,0.5702133653652318
0.2,y,-2.443460952792061,3,0.9667028680327868
0.2,y,-2.3658907638145354,0,0.2025208382872069
0.2,y,-2.3658907638145354,1,0.31256763961060013
0.2,y,-2.3658907638145354,2,0.7114171781875158
0.2,y,-2.3658907638145354,3,0.7734943439146766
0.2,y,-2.2883205748370097,0,0.20360745875723024
0.2,y,-2.2883205748370097,1,0.28788039860311404
0.2,y,-2.2883205748370097,2,0.7449116156883195
0.2,y,-2.2883205748370097,3,0.7636005269513364
0.2,y,-2.210750385859484,0,0.12315677714548362
0.2,y,-2.210750385859484,1,0.32125144312406667
0.2,y,-2.210750385859484,2,0.685257798098319
0.2,y,-2.210750385859484,3,0.8703339816321304
0.2,y,-2.133180196881958,0,0.25880874849846136
0.2,y,-2.133180196881958,1,0.3407091262945142
0.2,y,-2.133180196881958,2,0.6686368300763315
0.2,y,-2.133180196881958,3,0.7318452951306934
0.2,y,-2.0556100079044324,0,0.09110169828282184
0.2,y,-2.0556100079044324,1,0.2743299360841835
0.2,y,-2.0556100079044324,2,0.7368011285484756
0.2,y,-2.0556100079044324,3,0.8977672370845191
0.2,y,-1.9780398189269068,0,0.37224032745052105
0.2,y,-1.9780398189269068,1,0.37752791735757274
0.2,y,-1.9780398189269068,2,0.5827775750216544
0.2,y,-1.9780398189269068,3,0.6674541801702519
0.2,y,-1.900469629949381,0,0.18468174151786765
0.2,y,-1.900469629949381,1,0.37884326790925815
0.2,y,-1.900469629949381,2,0.62108659547688
0.2,y,-1.900469629949381,3,0.815388395095994
0.2,y,-1.8228994409718553,0,0.3030743168333216
0.2,y,-1.8228994409718553,1,0.32345949339724084
0.2,y,-1.8228994409718553,2,0.6682149943785856
0.2,y,-1.8228994409718553,3,0.7052511953908525
0.2,y,-1.7453292519943295,0,0.24148230650150157
0.2,y,-1.7453292519943295,1,0.35406611582124464
0.2,y,-1.7453292519943295,2,0.6528506953955537
0.2,y,-1.7453292519943295,3,0.7516008822816997
0.2,y,-1.6677590630168038,0,0.12098729319937461
0.2,y,-1.6677590630168038,1,0.13545461816066823
0.2,y,-1.6677590630168038,2,0.8605188905891804
0.2,y,-1.6677590630168038,3,0.8830391980507765
0.2,y,-1.590188874039278,0,0.23849224139469638
0.2,y,-1.590188874039278,1,0.2887184170361361
0.2,y,-1.590188874039278,2,0.7069058833507603
0.2,y,-1.590188874039278,3,0.7658834582184073
0.2,y,-1.5126186850617522,0,0.19570854945683228
0.2,y,-1.5126186850617522,1,0.26723536665279674
0.2,y,-1.5126186850617522,2,0.7265076525271595
0.2,y,-1.5126186850617522,3,0.8105484313632121
0.2,y,-1.4350484960842265,0,0.11083850851836684
0.2,y,-1.4350484960842265,1,0.2527422154214309
0.2,y,-1.4350484960842265,2,0.7515083459916424
0.2,y,-1.4350484960842265,3,0.8849109300685595
0.2,y,-1.3574783071067007,0,0.1464541878946463
0.2,y,-1.3574783071067007,1,0.2408600346303586
0.2,y,-1.3574783071067007,2,0.7619087457719192
0.2,y,-1.3574783071067007,3,0.8507770317030758
0.2,y,-1.2799081181291752,0,0.22542547217039166
0.2,y,-1.2799081181291752,1,0.23297052614513797
0.2,y,-1.2799081181291752,2,0.750299567002486
0.2,y,-1.2799081181291752,3,0.7913044346819849
0.2,y,-1.2023379291516494,0,0.11439336194591258
0.2,y,-1.2023379291516494,1,0.42339555826679814
0.2,y,-1.2023379291516494,2,0.5776784587347041
0.2,y,-1.2023379291516494,3,0.8845326210525848
0.2,y,-1.1247677401741236,0,0.31821242590148424
0.2,y,-1.1247677401741236,1,0.3329480330077172
0.2,y,-1.1247677401741236,2,0.6577453933005986
0.2,y,-1.1247677401741236,3,0.6910941477902002
0.2,y,-1.0471975511965979,0,0.22101652181259449
0.2,y,-1.0471975511965979,1,0.4834994651931265
0.2,y,-1.0471975511965979,2,0.5174671940529583
0.2,y,-1.0471975511965979,3,0.7780168189413207
0.2,y,-0.9696273622190721,0,0.11625099438021742
0.2,y,-0.9696273622190721,1,0.3357325085340327
0.2,y,-0.9696273622190721,2,0.6617635562907022
0.2,y,-0.9696273622190721,3,0.886252940795048
0.2,y,-0.8920571732415463,0,0.2674984730667406
0.2,y,-0.8920571732415463,1,0.3091670980204336
0.2,y,-0.8920571732415463,2,0.6898501396753678
0.2,y,-0.8920571732415463,3,0.7334842892374583
0.2,y,-0.8144869842640206,0,0.2285090247736607
0.2,y,-0.8144869842640206,1,0.30310516310138813
0.2,y,-0.8144869842640206,2,0.6972794811363234
0.2,y,-0.8144869842640206,3,0.771106330988628
0.2,y,-0.7369167952864948,0,0.29767800610845424
0.2,y,-0.7369167952864948,1,0.41124736841317633
0.2,y,-0.7369167952864948,2,0.5911680099691281
0.2,y,-0.7369167952864948,3,0.6999066155092403
0.2,y,-0.659346606308969,0,0.22292695310834934
0.2,y,-0.659346606308969,1,0.33997627454920715
0.2,y,-0.659346606308969,2,0.6600192560950302
0.2,y,-0.659346606308969,3,0.7770775162474131
0.2,y,-0.5817764173314433,0,0.10696638780055359
0.2,y,-0.5817764173314433,1,0.33292659566882055
0.2,y,-0.5817764173314433,2,0.6646562844502406
0.2,y,-0.5817764173314433,3,0.8954507320803852
0.2,y,-0.5042062283539175,0,0.11548380880932135
0.2,y,-0.5042062283539175,1,0.32024276244636785
0.2,y,-0.5042062283539175,2,0.6797873072080151
0.2,y,-0.5042062283539175,3,0.8844861215362957
0.2,y,-0.4266360393763917,0,0.2202203476524617
0.2,y,-0.4266360393763917,1,0.2611817703138003
0.2,y,-0.4266360393763917,2,0.7393251254200164
0.2,y,-0.4266360393763917,3,0.7792727566137219
0.2,y,-0.34906585039886595,0,0.101667352124762
0.2,y,-0.34906585039886595,1,0.17546721714391658
0.2,y,-0.34906585039886595,2,0.8246771996406779
0.2,y,-0.34906585039886595,3,0.8981882310906435
0.2,y,-0.2714956614213402,0,0.1633440984268484
0.2,y,-0.2714956614213402,1,0.3200924108801664
0.2,y,-0.2714956614213402,2,0.6839326133644987
0.2,y,-0.2714956614213402,3,0.8326308773284858
0.2,y,-0.19392547244381442,0,0.19266482946934424
0.2,y,-0.19392547244381442,1,0.4498831855510947
0.2,y,-0.19392547244381442,2,0.5493364034127646
0.2,y,-0.19392547244381442,3,0.8081155815667963
0.2,y,-0.11635528346628865,0,0.16467620683701384
0.2,y,-0.11635528346628865,1,0.23347029212892395
0.2,y,-0.11635528346628865,2,0.7674500133434852
0.2,y,-0.11635528346628865,3,0.8344034876905769
0.2,y,-0.03878509448876288,0,0.22585584001867814
0.2,y,-0.03878509448876288,1,0.25210822105631214
0.2,y,-0.03878509448876288,2,0.7361378347006104
0.2,y,-0.03878509448876288,3,0.7858981042243989
0.2,y,0.03878509448876288,0,0.13825946055846935
0.2,y,0.03878509448876288,1,0.3000510585621209
0.2,y,0.03878509448876288,2,0.7032236115853485
0.2,y,0.03878509448876288,3,0.8584658692940617
0.2,y,0.11635528346628865,0,0.3205091204110342
0.2,y,0.11635528346628865,1,0.436460560944498
0.2,y,0.11635528346628865,2,0.5522523474140371
0.2,y,0.11635528346628865,3,0.6907779712304305
0.2,y,0.19392547244381442,0,0.15678191742565814
0.2,y,0.19392547244381442,1,0.28169709647773383
0.2,y,0.19392547244381442,2,0.7188273920300674
0.2,y,0.19392547244381442,3,0.8426935940665403
0.2,y,0.2714956614213402,0,0.265219661893797
0.2,y,0.2714956614213402,1,0.32697598357340724
0.2,y,0.2714956614213402,2,0.6747308345186087
0.2,y,0.2714956614213402,3,0.7330735200141869
0.2,y,0.34906585039886595,0,0.2734868627705795
0.2,y,0.34906585039886595,1,0.4567952067111423
0.2,y,0.34906585039886595,2,0.5437132346530107
0.2,y,0.34906585039886595,3,0.7260046958652677
0.2,y,0.4266360393763917,0,0.20731830566252404
0.2,y,0.4266360393763917,1,0.3361492285688079
0.2,y,0.4266360393763917,2,0.6653142850139189
0.2,y,0.4266360393763917,3,0.7912181807547495
0.2,y,0.5042062283539175,0,0.1330557784639472
0.2,y,0.5042062283539175,1,0.3828751249893688
0.2,y,0.5042062283539175,2,0.6175292619745514
0.2,y,0.5042062283539175,3,0.8665398345721326
0.2,y,0.5817764173314428,0,0.23713165511550868
0.2,y,0.5817764173314428,1,0.3068570209610019
0.2,y,0.5817764173314428,2,0.7127191176413294
0.2,y,0.5817764173314428,3,0.7432922062821603
0.2,y,0.6593466063089686,0,0.1731897989122156
0.2,y,0.6593466063089686,1,0.33334427802825217
0.2,y,0.6593466063089686,2,0.667609771601895
0.2,y,0.6593466063089686,3,0.8258561514576375
0.2,y,0.7369167952864943,0,0.08627585552665086
0.2,y,0.7369167952864943,1,0.23141018246900136
0.2,y,0.7369167952864943,2,0.7675915522593045
0.2,y,0.7369167952864943,3,0.9147224097450433
0.2,y,0.8144869842640201,0,0.30904226227209547
0.2,y,0.8144869842640201,1,0.40916904973926344
0.2,y,0.8144869842640201,2,0.5892170724049243
0.2,y,0.8144869842640201,3,0.6925716155837163
0.2,y,0.8920571732415459,0,0.1332359959137753
0.2,y,0.8920571732415459,1,0.2798582715026263
0.2,y,0.8920571732415459,2,0.721120758408067
0.2,y,0.8920571732415459,3,0.8657849741755312
0.2,y,0.9696273622190716,0,0.30451099908939727
0.2,y,0.9696273622190716,1,0.3601923427420097
0.2,y,0.9696273622190716,2,0.6357389163775116
0.2,y,0.9696273622190716,3,0.6995577417910814
0.2,y,1.0471975511965974,0,0.12374301454907352
0.2,y,1.0471975511965974,1,0.4123994185660619
0.2,y,1.0471975511965974,2,0.584363589274844
0.2,y,1.0471975511965974,3,0.8794939776100213
0.2,y,1.1247677401741232,0,0.21155487324310868
0.2,y,1.1247677401741232,1,0.3131165541862647
0.2,y,1.1247677401741232,2,0.6826463313244282
0.2,y,1.1247677401741232,3,0.792682241246198
0.2,y,1.202337929151649,0,0.16189280529922462
0.2,y,1.202337929151649,1,0.3046602787740902
0.2,y,1.202337929151649,2,0.6978276751063324
0.2,y,1.202337929151649,3,0.8356192408203522
0.2,y,1.2799081181291747,0,0.20172276275255277
0.2,y,1.2799081181291747,1,0.40430803783366015
0.2,y,1.2799081181291747,2,0.5927722110036415
0.2,y,1.2799081181291747,3,0.8011969884101445
0.2,y,1.3574783071067005,0,0.22947447258391607
0.2,y,1.3574783071067005,1,0.38055861966633003
0.2,y,1.3574783071067005,2,0.6169151741257415
0.2,y,1.3574783071067005,3,0.7730517336240127
0.2,y,1.4350484960842262,0,0.23584210102490946
0.2,y,1.4350484960842262,1,0.4455801917737151
0.2,y,1.4350484960842262,2,0.5630633665593383
0.2,y,1.4350484960842262,3,0.7555143406420372
0.2,y,1.512618685061752,0,0.06548173188813129
0.2,y,1.512618685061752,1,0.4287220168494995
0.2,y,1.512618685061752,2,0.5706001326109511
0.2,y,1.512618685061752,3,0.9351961186514176
0.2,y,1.5901888740392778,0,0.20521394666479673
0.2,y,1.5901888740392778,1,0.3681909626121156
0.2,y,1.5901888740392778,2,0.6347628887855232
0.2,y,1.5901888740392778,3,0.7918322019375641
0.2,y,1.6677590630168035,0,0.30139995421784554
0.2,y,1.6677590630168035,1,0.4060170017165726
0.2,y,1.6677590630168035,2,0.6016647171330716
0.2,y,1.6677590630168035,3,0.6909183269325108
0.2,y,1.7453292519943293,0,0.33577354090277634
0.2,y,1.7453292519943293,1,0.37810483569801695
0.2,y,1.7453292519943293,2,0.6234670360299076
0.2,y,1.7453292519943293,3,0.6626545873692986
0.2,y,1.822899440971855,0,0.22584550221663527
0.2,y,1.822899440971855,1,0.3744423828638193
0.2,y,1.822899440971855,2,0.6279194070948602
0.2,y,1.822899440971855,3,0.7717927078246848
0.2,y,1.9004696299493808,0,0.07865516845315533
0.2,y,1.9004696299493808,1,0.14910078188621348
0.2,y,1.9004696299493808,2,0.8690390917127924
0.2,y,1.9004696299493808,3,0.9032049579478385
0.2,y,1.9780398189269066,0,0.10522622039041618
0.2,y,1.9780398189269066,1,0.41362929591788794
0.2,y,1.9780398189269066,2,0.5816497475079614
0.2,y,1.9780398189269066,3,0.8994947361837349
0.2,y,2.0556100079044324,0,0.24568397846201911
0.2,y,2.0556100079044324,1,0.28166540656852446
0.2,y,2.0556100079044324,2,0.7173372970768519
0.2,y,2.0556100079044324,3,0.7553133178926045
0.2,y,2.133180196881958,0,0.23135293840019489
0.2,y,2.133180196881958,1,0.27686545199647744
0.2,y,2.133180196881958,2,0.7306126751287572
0.2,y,2.133180196881958,3,0.7611689344745707
0.2,y,2.210750385859484,0,0.1895981735984743
0.2,y,2.210750385859484,1,0.2939861450275031
0.2,y,2.210750385859484,2,0.7085790946109253
0.2,y,2.210750385859484,3,0.8078365867630971
0.2,y,2.2883205748370097,0,0.13815633307775393
0.2,y,2.2883205748370097,1,0.4010453281100692
0.2,y,2.2883205748370097,2,0.6043025457247436
0.2,y,2.2883205748370097,3,0.8564957930874337
0.2,y,2.3658907638145354,0,0.1094327982990421
0.2,y,2.3658907638145354,1,0.375575802033026
0.2,y,2.3658907638145354,2,0.6246707317543312
0.2,y,2.3658907638145354,3,0.890320667913601
0.2,y,2.443460952792061,0,0.09193621491648403
0.2,y,2.443460952792061,1,0.308807810226138
0.2,y,2.443460952792061,2,0.6925323123351609
0.2,y,2.443460952792061,3,0.9067236625222176
0.2,y,2.521031141769587,0,0.12415792115259017
0.2,y,2.521031141769587,1,0.17623843059920652
0.2,y,2.521031141769587,2,0.8124845995202161
0.2,y,2.521031141769587,3,0.8871190487279875
0.2,y,2.5986013307471127,0,0.22357411012044748
0.2,y,2.5986013307471127,1,0.27035722745406365
0.2,y,2.5986013307471127,2,0.7138863662522119
0.2,y,2.5986013307471127,3,0.7921822961732774
0.2,y,2.6761715197246385,0,0.05113076794426934
0.2,y,2.6761715197246385,1,0.354002444535233
0.2,y,2.6761715197246385,2,0.6497852604931534
0.2,y,2.6761715197246385,3,0.9450815270273447
0.2,y,2.7537417087021643,0,0.270511087114136
0.2,y,2.7537417087021643,1,0.3949808017080146
0.2,y,2.7537417087021643,2,0.6296961788459812
0.2,y,2.7537417087021643,3,0.7048119323318687
0.2,y,2.83131189767969,0,0.16375286083027038
0.2,y,2.83131189767969,1,0.2937451397907529
0.2,y,2.83131189767969,2,0.6934251165174095
0.2,y,2.83131189767969,3,0.8490768828615671
0.2,y,2.908882086657216,0,0.09983934702221603
0.2,y,2.908882086657216,1,0.21065627343019566
0.2,y,2.908882086657216,2,0.7965378746603093
0.2,y,2.908882086657216,3,0.8929665048872796
0.2,y,2.9864522756347416,0,0.277543982837947
0.2,y,2.9864522756347416,1,0.3308943624900542
0.2,y,2.9864522756347416,2,0.665233834868759
0.2,y,2.9864522756347416,3,0.7263278198032392
0.2,y,3.0640224646122673,0,0.23359403202773957
0.2,y,3.0640224646122673,1,0.2976723191119507
0.2,y,3.0640224646122673,2,0.7127925517363991
0.2,y,3.0640224646122673,3,0.7559410971239102
0.3,x,-3.141592653589793,0,0.20487541370346868
0.3,x,-3.141592653589793,1,0.3089914593096994
0.3,x,-3.141592653589793,2,0.6915162539414035
0.3,x,-3.141592653589793,3,0.7946168730454289
0.3,x,-3.0640224646122673,0,0.21418619705940073
0.3,x,-3.0640224646122673,1,0.3012535021956029
0.3,x,-3.0640224646122673,2,0.6931543605596266
0.3,x,-3.0640224646122673,3,0.7914059401853704
0.3,x,-2.9864522756347416,0,0.19935763042967944
0.3,x,-2.9864522756347416,1,0.34591753836998
0.3,x,-2.9864522756347416,2,0.6449136171649279
0.3,x,-2.9864522756347416,3,0.8098112140354129
0.3,x,-2.908882086657216,0,0.18032792825749488
0.3,x,-2.908882086657216,1,0.3424708406657134
0.3,x,-2.908882086657216,2,0.6551498457862956
0.3,x,-2.908882086657216,3,0.8220513852904963
0.3,x,-2.83131189767969,0,0.13408796981542567
0.3,x,-2.83131189767969,1,0.3258841618258779
0.3,x,-2.83131189767969,2,0.6748836843770734
0.3,x,-2.83131189767969,3,0.8651441839816236
0.3,x,-2.7537417087021643,0,0.29221800383310625
0.3,x,-2.7537417087021643,1,0.36891616736424543
0.3,x,-2.7537417087021643,2,0.6160747071703344
0.3,x,-2.7537417087021643,3,0.7227911216323138
0.3,x,-2.6761715197246385,0,0.32560506316073884
0.3,x,-2.6761715197246385,1,0.39100893351713
0.3,x,-2.6761715197246385,2,0.6001134753298204
0.3,x,-2.6761715197246385,3,0.6832725279923109
0.3,x,-2.5986013307471127,0,0.12390689777452916
0.3,x,-2.5986013307471127,1,0.3761060561803236
0.3,x,-2.5986013307471127,2,0.6280894017002022
0.3,x,-2.5986013307471127,3,0.8718976443449451
0.3,x,-2.521031141769587,0,0.1355109783465571
0.3,x,-2.521031141769587,1,0.29570610425437993
0.3,x,-2.521031141769587,2,0.7037803175406498
0.3,x,-2.521031141769587,3,0.8650025998584138
0.3,x,-2.443460952792061,0,0.2869651984639497
0.3,x,-2.443460952792061,1,0.39079099336077106
0.3,x,-2.443460952792061,2,0.6157318397779779
0.3,x,-2.443460952792061,3,0.7065119683973007
0.3,x,-2.3658907638145354,0,0.2755889713084006
0.3,x,-2.3658907638145354,1,0.3053647978567164
0.3,x,-2.3658907638145354,2,0.7012748225077416
0.3,x,-2.3658907638145354,3,0.7177714083271418
0.3,x,-2.2883205748370097,0,0.11352700886679708
0.3,x,-2.2883205748370097,1,0.3173243511658049
0.3,x,-2.2883205748370097,2,0.6832130553375113
0.3,x,-2.2883205748370097,3,0.8859355846298864
0.3,x,-2.210750385859484,0,0.28658996579840823
0.3,x,-2.210750385859484,1,0.3510815125997469
0.3,x,-2.210750385859484,2,0.6255583500321691
0.3,x,-2.210750385859484,3,0.736770171569676
0.3,x,-2.133180196881958,0,0.16794831903098723
0.3,x,-2.133180196881958,1,0.3388542127684017
0.3,x,-2.133180196881958,2,0.6585765077653005
0.3,x,-2.133180196881958,3,0.8346209604353106
0.3,x,-2.0556100079044324,0,0.13718741941551504
0.3,x,-2.0556100079044324,1,0.22296675805159255
0.3,x,-2.0556100079044324,2,0.785944422813536
0.3,x,-2.0556100079044324,3,0.8539013997193562
0.3,x,-1.9780398189269068,0,0.20294546200486635
0.3,x,-1.9780398189269068,1,0.2966237423785423
0.3,x,-1.9780398189269068,2,0.704324441881055
0.3,x,-1.9780398189269068,3,0.7961063537355365
0.3,x,-1.900469629949381,0,0.3234625773388034
0.3,x,-1.900469629949381,1,0.39830989272685546
0.3,x,-1.900469629949381,2,0.620063522496852
0.3,x,-1.900469629949381,3,0.658164007437489
0.3,x,-1.8228994409718553,0,0.1367726753147832
0.3,x,-1.8228994409718553,1,0.4267067878609952
0.3,x,-1.8228994409718553,2,0.5795613227720587
0.3,x,-1.8228994409718553,3,0.856959214052163
0.3,x,-1.7453292519943295,0,0.22607703832632808
0.3,x,-1.7453292519943295,1,0.3229505171997174
0.3,x,-1.7453292519943295,2,0.7110770187109579
0.3,x,-1.7453292519943295,3,0.7398954257629966
0.3,x,-1.6677590630168038,0,0.19355200534248254
0.3,x,-1.6677590630168038,1,0.44390027762507345
0.3,x,-1.6677590630168038,2,0.5618018513195213
0.3,x,-1.6677590630168038,3,0.8007458657129227
0.3,x,-1.590188874039278,0,0.3191744269181608
0.3,x,-1.590188874039278,1,0.3698332007182486
0.3,x,-1.590188874039278,2,0.626379139313501
0.3,x,-1.590188874039278,3,0.6846132330500901
0.3,x,-1.5126186850617522,0,0.0745153997318877
0.3,x,-1.5126186850617522,1,0.22147220522063543
0.3,x,-1.5126186850617522,2,0.7809891269993531
0.3,x,-1.5126186850617522,3,0.9230232680481237
0.3,x,-1.4350484960842265,0,0.27214900580529294
0.3,x,-1.4350484960842265,1,0.3310838503306599
0.3,x,-1.4350484960842265,2,0.6683255681946576
0.3,x,-1.4350484960842265,3,0.7284415756693903
0.3,x,-1.3574783071067007,0,0.13071675046593254
0.3,x,-1.3574783071067007,1,0.3335000894656912
0.3,x,-1.3574783071067007,2,0.6669671679775953
0.3,x,-1.3574783071067007,3,0.8688159920907819
0.3,x,-1.2799081181291752,0,0.22600700903944596
0.3,x,-1.2799081181291752,1,0.3791618321882988
0.3,x,-1.2799081181291752,2,0.6221080262690188
0.3,x,-1.2799081181291752,3,0.772723132503237
0.3,x,-1.2023379291516494,0,0.13227017716501505
0.3,x,-1.2023379291516494,1,0.410795307607505
0.3,x,-1.2023379291516494,2,0.5889959449455495
0.3,x,-1.2023379291516494,3,0.867938570281931
0.3,x,-1.1247677401741236,0,0.16505997354259508
0.3,x,-1.1247677401741236,1,0.33006383098694375
0.3,x,-1.1247677401741236,2,0.6751794273080447
0.3,x,-1.1247677401741236,3,0.8296967681624158
0.3,x,-1.0471975511965979,0,0.27873476087966303
0.3,x,-1.0471975511965979,1,0.3538227035490886
0.3,x,-1.0471975511965979,2,0.6493399427641142
0.3,x,-1.0471975511965979,3,0.7181025928071341
0.3,x,-0.9696273622190721,0,0.23963706922470096
0.3,x,-0.9696273622190721,1,0.29934562202562376
0.3,x,-0.9696273622190721,2,0.7133822065970058
0.3,x,-0.9696273622190721,3,0.7476351021526687
0.3,x,-0.8920571732415463,0,0.17400243524851444
0.3,x,-0.8920571732415463,1,0.28985507922609755
0.3,x,-0.8920571732415463,2,0.7145174725796686
0.3,x,-0.8920571732415463,3,0.821625012945719
0.3,x,-0.8144869842640206,0,0.2601696562938201
0.3,x,-0.8144869842640206,1,0.34779371738524717
0.3,x,-0.8144869842640206,2,0.6653070441466338
0.3,x,-0.8144869842640206,3,0.7267295821742991
0.3,x,-0.7369167952864948,0,0.24002783545250148
0.3,x,-0.7369167952864948,1,0.29338137107166756
0.3,x,-0.7369167952864948,2,0.7049188190901174
0.3,x,-0.7369167952864948,3,0.7616719743857128
0.3,x,-0.659346606308969,0,0.25932538116583725
0.3,x,-0.659346606308969,1,0.40101703179462833
0.3,x,-0.659346606308969,2,0.5971393780898337
0.3,x,-0.659346606308969,3,0.7425182089497014
0.3,x,-0.5817764173314433,0,0.2870196927236813
0.3,x,-0.5817764173314433,1,0.3685231596725507
0.3,x,-0.5817764173314433,2,0.6360007871610824
0.3,x,-0.5817764173314433,3,0.7084563604426855
0.3,x,-0.5042062283539175,0,0.13710478606440024
0.3,x,-0.5042062283539175,1,0.32528026487917777
0.3,x,-0.5042062283539175,2,0.6736245744923774
0.3,x,-0.5042062283539175,3,0.8639903745640455
0.3,x,-0.4266360393763917,0,0.2835579729152708
0.3,x,-0.4266360393763917,1,0.38218309584497473
0.3,x,-0.4266360393763917,2,0.6188678729637984
0.3,x,-0.4266360393763917,3,0.7153910582759561
0.3,x,-0.34906585039886595,0,0.1264334476742556
0.3,x,-0.34906585039886595,1,0.2925722640995186
0.3,x,-0.34906585039886595,2,0.7029938726393499
0.3,x,-0.34906585039886595,3,0.8780004155868764
0.3,x,-0.2714956614213402,0,0.09186885879214837
0.3,x,-0.2714956614213402,1,0.3058140035908846
0.3,x,-0.2714956614213402,2,0.6945189672168511
0.3,x,-0.2714956614213402,3,0.9077981704001151
0.3,x,-0.19392547244381442,0,0.12529437163162305
0.3,x,-0.19392547244381442,1,0.27881135412843067
0.3,x,-0.19392547244381442,2,0.7229380939735688
0.3,x,-0.19392547244381442,3,0.8729561802663773
0.3,x,-0.11635528346628865,0,0.16206725506606348
0.3,x,-0.11635528346628865,1,0.272149241140495
0.3,x,-0.11635528346628865,2,0.7365417063001333
0.3,x,-0.11635528346628865,3,0.8292417974933081
0.3,x,-0.03878509448876288,0,0.11917635748946949
0.3,x,-0.03878509448876288,1,0.22907891909426997
0.3,x,-0.03878509448876288,2,0.7723285394499342
0.3,x,-0.03878509448876288,3,0.8794161839663275
0.3,x,0.03878509448876288,0,0.052198570063725074
0.3,x,0.03878509448876288,1,0.389758513606086
0.3,x,0.03878509448876288,2,0.6098906962960173
0.3,x,0.03878509448876288,3,0.9481522200341709
0.3,x,0.11635528346628865,0,0.31527897358170687
0.3,x,0.11635528346628865,1,0.35247952229588203
0.3,x,0.11635528346628865,2,0.6502957265375027
0.3,x,0.11635528346628865,3,0.6819457775849089
0.3,x,0.19392547244381442,0,0.13830458656259706
0.3,x,0.19392547244381442,1,0.2178247511560869
0.3,x,0.19392547244381442,2,0.7817506870654597
0.3,x,0.19392547244381442,3,0.8621199752158561
0.3,x,0.2714956614213402,0,0.2932887236254432
0.3,x,0.2714956614213402,1,0.3285823578187646
0.3,x,0.2714956614213402,2,0.6717979127507134
0.3,x,0.2714956614213402,3,0.7063310058050781
0.3,x,0.34906585039886595,0,0.1984607071259853
0.3,x,0.34906585039886595,1,0.40871839477787436
0.3,x,0.34906585039886595,2,0.5919849149824812
0.3,x,0.34906585039886595,3,0.8008359831136588
0.3,x,0.4266360393763917,0,0.12016819438027981
0.3,x,0.4266360393763917,1,0.30146660594456554
0.3,x,0.4266360393763917,2,0.6989891265271924
0.3,x,0.4266360393763917,3,0.8793760731479615
0.3,x,0.5042062283539175,0,0.2448349590823948
0.3,x,0.5042062283539175,1,0.2782045157495507
0.3,x,0.5042062283539175,2,0.7245112584734432
0.3,x,0.5042062283539175,3,0.7524492666946108
0.3,x,0.5817764173314428,0,0.3023958849274916
0.3,x,0.5817764173314428,1,0.36172149569558554
0.3,x,0.5817764173314428,2,0.6380860511397141
0.3,x,0.5817764173314428,3,0.6977965682372084
0.3,x,0.6593466063089686,0,0.24108034871611123
0.3,x,0.6593466063089686,1,0.3614309373388723
0.3,x,0.6593466063089686,2,0.6352781843624498
0.3,x,0.6593466063089686,3,0.7622105295825669
0.3,x,0.7369167952864943,0,0.23042494830251925
0.3,x,0.7369167952864943,1,0.26614469805288105
0.3,x,0.7369167952864943,2,0.7347242308858297
0.3,x,0.7369167952864943,3,0.7687061227587699
0.3,x,0.8144869842640201,0,0.1403607837508544
0.3,x,0.8144869842640201,1,0.1792943005669426
0.3,x,0.8144869842640201,2,0.8068671140048029
0.3,x,0.8144869842640201,3,0.8734778016774007
0.3,x,0.8920571732415459,0,0.22848841605378187
0.3,x,0.8920571732415459,1,0.3657247204100163
0.3,x,0.8920571732415459,2,0.6349206123858595
0.3,x,0.8920571732415459,3,0.7708662511503424
0.3,x,0.9696273622190716,0,0.2727611008622506
0.3,x,0.9696273622190716,1,0.2992218040213035
0.3,x,0.9696273622190716,2,0.69692817580452
0.3,x,0.9696273622190716,3,0.7310889193119257
0.3,x,1.0471975511965974,0,0.10405951678065774
0.3,x,1.0471975511965974,1,0.31225322786013066
0.3,x,1.0471975511965974,2,0.6863367958338077
0.3,x,1.0471975511965974,3,0.8973504595254035
0.3,x,1.1247677401741232,0,0.12513123155401704
0.3,x,1.1247677401741232,1,0.16899678977024477
0.3,x,1.1247677401741232,2,0.825047799071202
0.3,x,1.1247677401741232,3,0.8808241796045367
0.3,x,1.202337929151649,0,0.24309706032020995
0.3,x,1.202337929151649,1,0.31722932869871867
0.3,x,1.202337929151649,2,0.6820569598434976
0.3,x,1.202337929151649,3,0.7576166511375733
0.3,x,1.2799081181291747,0,0.2214551471221872
0.3,x,1.2799081181291747,1,0.31240730318673166
0.3,x,1.2799081181291747,2,0.6865674390194832
0.3,x,1.2799081181291747,3,0.7795701106715978
0.3,x,1.3574783071067005,0,0.14119145743540054
0.3,x,1.3574783071067005,1,0.2648250926893299
0.3,x,1.3574783071067005,2,0.7368805610326242
0.3,x,1.3574783071067005,3,0.8571028888426453
0.3,x,1.4350484960842262,0,0.23052078510629115
0.3,x,1.4350484960842262,1,0.35515436917673926
0.3,x,1.4350484960842262,2,0.6418386277787587
0.3,x,1.4350484960842262,3,0.7724862179382112
0.3,x,1.512618685061752,0,0.06431902348501274
0.3,x,1.512618685061752,1,0.15196701167349377
0.3,x,1.512618685061752,2,0.8472603140116354
0.3,x,1.512618685061752,3,0.936453650829859
0.3,x,1.5901888740392778,0,0.17021478713013866
0.3,x,1.5901888740392778,1,0.25981941949904847
0.3,x,1.5901888740392778,2,0.7398614981064595
0.3,x,1.5901888740392778,3,0.8301042952643534
0.3,x,1.6677590630168035,0,0.21872864230186853
0.3,x,1.6677590630168035,1,0.3183092215118973
0.3,x,1.6677590630168035,2,0.6716864382541352
0.3,x,1.6677590630168035,3,0.7912756979320987
0.3,x,1.7453292519943293,0,0.14674311942945492
0.3,x,1.7453292519943293,1,0.28031356143281716
0.3,x,1.7453292519943293,2,0.7092465770501872
0.3,x,1.7453292519943293,3,0.8636967420875403
0.3,x,1.822899440971855,0,0.09705045266033396
0.3,x,1.822899440971855,1,0.15545864522782638
0.3,x,1.822899440971855,2,0.855625565519124
0.3,x,1.822899440971855,3,0.8918653365927155
0.3,x,1.9004696299493808,0,0.22834739689224076
0.3,x,1.9004696299493808,1,0.2896647999863633
0.3,x,1.9004696299493808,2,0.7026332056472488
0.3,x,1.9004696299493808,3,0.7793545974741469
0.3,x,1.9780398189269066,0,0.15651897537442735
0.3,x,1.9780398189269066,1,0.3644822062487976
0.3,x,1.9780398189269066,2,0.6393731506002123
0.3,x,1.9780398189269066,3,0.8396256677765629
0.3,x,2.0556100079044324,0,0.26916550282879315
0.3,x,2.0556100079044324,1,0.3656222790973176
0.3,x,2.0556100079044324,2,0.6333416206999781
0.3,x,2.0556100079044324,3,0.7318705973739105
0.3,x,2.133180196881958,0,0.0932999282022733
0.3,x,2.133180196881958,1,0.3458723695351142
0.3,x,2.133180196881958,2,0.6421982537378021
0.3,x,2.133180196881958,3,0.91862944852481
0.3,x,2.210750385859484,0,0.22251439805318973
0.3,x,2.210750385859484,1,0.33484365899056767
0.3,x,2.210750385859484,2,0.6700308946219018
0.3,x,2.210750385859484,3,0.7726110483343407
0.3,x,2.2883205748370097,0,0.21047915437521575
0.3,x,2.2883205748370097,1,0.27987431516594347
0.3,x,2.2883205748370097,2,0.717759163910969
0.3,x,2.2883205748370097,3,0.791887366547873
0.3,x,2.3658907638145354,0,0.17812587470267544
0.3,x,2.3658907638145354,1,0.3702244414136298
0.3,x,2.3658907638145354,2,0.6271813330588989
0.3,x,2.3658907638145354,3,0.8244683508247957
0.3,x,2.443460952792061,0,0.26530661274206246
0.3,x,2.443460952792061,1,0.30643130302907584
0.3,x,2.443460952792061,2,0.6971517077866779
0.3,x,2.443460952792061,3,0.7311103764421838
0.3,x,2.521031141769587,0,0.22123242055868178
0.3,x,2.521031141769587,1,0.28149192627521785
0.3,x,2.521031141769587,2,0.7103276490622658
0.3,x,2.521031141769587,3,0.7869480041038349
0.3,x,2.5986013307471127,0,0.24700507297292223
0.3,x,2.5986013307471127,1,0.3840902892131947
0.3,x,2.5986013307471127,2,0.618839545443649
0.3,x,2.5986013307471127,3,0.7500650923702344
0.3,x,2.6761715197246385,0,0.19283216398719566
0.3,x,2.6761715197246385,1,0.2523656097927832
0.3,x,2.6761715197246385,2,0.7413079009953305
0.3,x,2.6761715197246385,3,0.8134943252246903
0.3,x,2.7537417087021643,0,0.19065897017776542
0.3,x,2.7537417087021643,1,0.375485042842197
0.3,x,2.7537417087021643,2,0.6232149247146967
0.3,x,2.7537417087021643,3,0.8106410622653406
0.3,x,2.83131189767969,0,0.15995419111853185
0.3,x,2.83131189767969,1,0.3587345539026418
0.3,x,2.83131189767969,2,0.6445873164134324
0.3,x,2.83131189767969,3,0.8367239385653941
0.3,x,2.908882086657216,0,0.09832409213576547
0.3,x,2.908882086657216,1,0.16358972617059722
0.3,x,2.908882086657216,2,0.8295541214352256
0.3,x,2.908882086657216,3,0.9085320602584118
0.3,x,2.9864522756347416,0,0.19779589980481668
0.3,x,2.9864522756347416,1,0.2651285269000852
0.3,x,2.9864522756347416,2,0.7334047993547943
0.3,x,2.9864522756347416,3,0.8036707739403033
0.3,x,3.0640224646122673,0,0.3480471402832066
0.3,x,3.0640224646122673,1,0.4085281444847241
0.3,x,3.0640224646122673,2,0.5743590740237263
0.3,x,3.0640224646122673,3,0.6690656412083433
0.3,y,-3.141592653589793,0,0.14467920350864188
0.3,y,-3.141592653589793,1,0.19864186935217387
0.3,y,-3.141592653589793,2,0.7844029278793213
0.3,y,-3.141592653589793,3,0.8722759992598628
0.3,y,-3.0640224646122673,0,0.08184154321546978
0.3,y,-3.0640224646122673,1,0.4544786420829508
0.3,y,-3.0640224646122673,2,0.5468887495079776
0.3,y,-3.0640224646122673,3,0.9167910651936024
0.3,y,-2.9864522756347416,0,0.19159672634042108
0.3,y,-2.9864522756347416,1,0.3822033706302215
0.3,y,-2.9864522756347416,2,0.6199404698856401
0.3,y,-2.9864522756347416,3,0.8062594331437171
0.3,y,-2.908882086657216,0,0.1592707839034317
0.3,y,-2.908882086657216,1,0.2939554855667434
0.3,y,-2.908882086657216,2,0.6986056853547415
0.3,y,-2.908882086657216,3,0.8481680451750839
0.3,y,-2.83131189767969,0,0.22142318616491155
0.3,y,-2.83131189767969,1,0.3218828281175855
0.3,y,-2.83131189767969,2,0.6963513075786961
0.3,y,-2.83131189767969,3,0.760342678138807
0.3,y,-2.7537417087021643,0,0.13408837164762868
0.3,y,-2.7537417087021643,1,0.24623969153202435
0.3,y,-2.7537417087021643,2,0.7512682665106603
0.3,y,-2.7537417087021643,3,0.8684036703096862
0.3,y,-2.6761715197246385,0,0.14871277806231492
0.3,y,-2.6761715197246385,1,0.18739053575770703
0.3,y,-2.6761715197246385,2,0.7942874066403138
0.3,y,-2.6761715197246385,3,0.869609279539664
0.3,y,-2.5986013307471127,0,0.13444278452230646
0.3,y,-2.5986013307471127,1,0.2924366984915483
0.3,y,-2.5986013307471127,2,0.698402885957504
0.3,y,-2.5986013307471127,3,0.8747176310286409
0.3,y,-2.521031141769587,0,0.12470413401799585
0.3,y,-2.521031141769587,1,0.30014672618871946
0.3,y,-2.521031141769587,2,0.6975270313684543
0.3,y,-2.521031141769587,3,0.8776221084248308
0.3,y,-2.443460952792061,0,0.09971057180878298
0.3,y,-2.443460952792061,1,0.15561799026990766
0.3,y,-2.443460952792061,2,0.8431700319944901
0.3,y,-2.443460952792061,3,0.9015014059268193
0.3,y,-2.3658907638145354,0,0.15162502018398494
0.3,y,-2.3658907638145354,1,0.2299858753558434
0.3,y,-2.3658907638145354,2,0.769112393039399
0.3,y,-2.3658907638145354,3,0.8492767114207724
0.3,y,-2.2883205748370097,0,0.20691856292540647
0.3,y,-2.2883205748370097,1,0.22580512630695962
0.3,y,-2.2883205748370097,2,0.7567813683317233
0.3,y,-2.2883205748370097,3,0.8104949424359105
0.3,y,-2.210750385859484,0,0.16120910062409863
0.3,y,-2.210750385859484,1,0.28317518346741843
0.3,y,-2.210750385859484,2,0.7174471914484236
0.3,y,-2.210750385859484,3,0.8381685244600594
0.3,y,-2.133180196881958,0,0.2187415557009762
0.3,y,-2.133180196881958,1,0.2486459097028692
0.3,y,-2.133180196881958,2,0.7449336665662436
0.3,y,-2.133180196881958,3,0.7876788680299114
0.3,y,-2.0556100079044324,0,0.10812648558620336
0.3,y,-2.0556100079044324,1,0.35916761224279575
0.3,y,-2.0556100079044324,2,0.6441944215468025
0.3,y,-2.0556100079044324,3,0.8885114806241982
0.3,y,-1.9780398189269068,0,0.28082882815464644
0.3,y,-1.9780398189269068,1,0.38689414240092607
0.3,y,-1.9780398189269068,2,0.6098210666965281
0.3,y,-1.9780398189269068,3,0.7224559627478997
0.3,y,-1.900469629949381,0,0.16160026259773866
0.3,y,-1.900469629949381,1,0.2840594766258853
0.3,y,-1.900469629949381,2,0.7212966474796636
0.3,y,-1.900469629949381,3,0.833043613296713
0.3,y,-1.8228994409718553,0,0.18257086232066713
0.3,y,-1.8228994409718553,1,0.21959525392467588
0.3,y,-1.8228994409718553,2,0.7660654265892282
0.3,y,-1.8228994409718553,3,0.831768457165429
0.3,y,-1.7453292519943295,0,0.1522846038246565
0.3,y,-1.7453292519943295,1,0.2546988889630979
0.3,y,-1.7453292519943295,2,0.7539710852782456
0.3,y,-1.7453292519943295,3,0.8390454219340002
0.3,y,-1.6677590630168038,0,0.26085503111596814
0.3,y,-1.6677590630168038,1,0.3576679586515564
0.3,y,-1.6677590630168038,2,0.6565496579447958
0.3,y,-1.6677590630168038,3,0.7249273522876796
0.3,y,-1.590188874039278,0,0.0646961151388575
0.3,y,-1.590188874039278,1,0.13110825198321063
0.3,y,-1.590188874039278,2,0.8697666910869118
0.3,y,-1.590188874039278,3,0.9344289417910203
0.3,y,-1.5126186850617522,0,0.15317698498496224
0.3,y,-1.5126186850617522,1,0.31968469832474417
0.3,y,-1.5126186850617522,2,0.6730930171109974
0.3,y,-1.5126186850617522,3,0.854045299579296
0.3,y,-1.4350484960842265,0,0.2309099645772198
0.3,y,-1.4350484960842265,1,0.29262672369790327
0.3,y,-1.4350484960842265,2,0.698249400252228
0.3,y,-1.4350484960842265,3,0.7782139114726488
0.3,y,-1.3574783071067007,0,0.07752936116653135
0.3,y,-1.3574783071067007,1,0.2926197696338697
0.3,y,-1.3574783071067007,2,0.706810909450824
0.3,y,-1.3574783071067007,3,0.9230399597487754
0.3,y,-1.2799081181291752,0,0.12978501930889857
0.3,y,-1.2799081181291752,1,0.18883926937531947
0.3,y,-1.2799081181291752,2,0.8092911669271472
0.3,y,-1.2799081181291752,3,0.8720845443886347
0.3,y,-1.2023379291516494,0,0.3396540583723468
0.3,y,-1.2023379291516494,1,0.44488657201761905
0.3,y,-1.2023379291516494,2,0.5563410012076033
0.3,y,-1.2023379291516494,3,0.6591183684024318
0.3,y,-1.1247677401741236,0,0.10486605914903871
0.3,y,-1.1247677401741236,1,0.21330309732662134
0.3,y,-1.1247677401741236,2,0.7847190488118756
0.3,y,-1.1247677401741236,3,0.897111794712464
0.3,y,-1.0471975511965979,0,0.26901606986622045
0.3,y,-1.0471975511965979,1,0.4372081272549601
0.3,y,-1.0471975511965979,2,0.5651900451044112
0.3,y,-1.0471975511965979,3,0.7285857577744078
0.3,y,-0.9696273622190721,0,0.3376429875275023
0.3,y,-0.9696273622190721,1,0.3673182878053645
0.3,y,-0.9696273622190721,2,0.6283988088842953
0.3,y,-0.9696273622190721,3,0.6666399157828378
0.3,y,-0.8920571732415463,0,0.19252685266556405
0.3,y,-0.8920571732415463,1,0.31775672128216104
0.3,y,-0.8920571732415463,2,0.6829013295085735
0.3,y,-0.8920571732415463,3,0.8068150965437022
0.3,y,-0.8144869842640206,0,0.20756278904355382
0.3,y,-0.8144869842640206,1,0.2683516100742752
0.3,y,-0.8144869842640206,2,0.7245394349431657
0.3,y,-0.8144869842640206,3,0.7995461659390055
0.3,y,-0.7369167952864948,0,0.1582595343504907
0.3,y,-0.7369167952864948,1,0.35723792568762963
0.3,y,-0.7369167952864948,2,0.6419414735075228
0.3,y,-0.7369167952864948,3,0.8425610664543565
0.3,y,-0.659346606308969,0,0.1311279324363047
0.3,y,-0.659346606308969,1,0.3599899416377892
0.3,y,-0.659346606308969,2,0.6403920947723246
0.3,y,-0.659346606308969,3,0.868490031153581
0.3,y,-0.5817764173314433,0,0.25636234114812045
0.3,y,-0.5817764173314433,1,0.4113479438668811
0.3,y,-0.5817764173314433,2,0.58753905776754
0.3,y,-0.5817764173314433,3,0.7447506572174583
0.3,y,-0.5042062283539175,0,0.25387022446690616
0.3,y,-0.5042062283539175,1,0.34114554071647113
0.3,y,-0.5042062283539175,2,0.6589423722390416
0.3,y,-0.5042062283539175,3,0.7460418625775809
0.3,y,-0.4266360393763917,0,0.059357936516867105
0.3,y,-0.4266360393763917,1,0.28150586704955094
0.3,y,-0.4266360393763917,2,0.7191339798523926
0.3,y,-0.4266360393763917,3,0.9400022165811903
0.3,y,-0.34906585039886595,0,0.18406007220411874
0.3,y,-0.34906585039886595,1,0.2697358744540087
0.3,y,-0.34906585039886595,2,0.7262680581267436
0.3,y,-0.34906585039886595,3,0.8199359952151289
0.3,y,-0.2714956614213402,0,0.1347357721167446
0.3,y,-0.2714956614213402,1,0.2719511653596048
0.3,y,-0.2714956614213402,2,0.729876358966555
0.3,y,-0.2714956614213402,3,0.8634367035570958
0.3,y,-0.19392547244381442,0,0.18461211001397176
0.3,y,-0.19392547244381442,1,0.26729410096748585
0.3,y,-0.19392547244381442,2,0.7365048626725961
0.3,y,-0.19392547244381442,3,0.8115889263459458
0.3,y,-0.11635528346628865,0,0.2032163117870044
0.3,y,-0.11635528346628865,1,0.24428915940611684
0.3,y,-0.11635528346628865,2,0.7580066814804701
0.3,y,-0.11635528346628865,3,0.794487847326408
0.3,y,-0.03878509448876288,0,0.34411067411107205
0.3,y,-0.03878509448876288,1,0.41488109601663276
0.3,y,-0.03878509448876288,2,0.5889043694439751
0.3,y,-0.03878509448876288,3,0.6521038604283196
0.3,y,0.03878509448876288,0,0.06575814667760084
0.3,y,0.03878509448876288,1,0.35793183404314016
0.3,y,0.03878509448876288,2,0.6421653724231652
0.3,y,0.03878509448876288,3,0.9341446468560942
0.3,y,0.11635528346628865,0,0.19193932959028004
0.3,y,0.11635528346628865,1,0.33623030366273876
0.3,y,0.11635528346628865,2,0.6664803073630827
0.3,y,0.11635528346628865,3,0.8053500593838986
0.3,y,0.19392547244381442,0,0.1180101521133855
0.3,y,0.19392547244381442,1,0.34966793278266306
0.3,y,0.19392547244381442,2,0.6533661044822431
0.3,y,0.19392547244381442,3,0.8789558106217081
0.3,y,0.2714956614213402,0,0.3058059762492207
0.3,y,0.2714956614213402,1,0.3705601684168365
0.3,y,0.2714956614213402,2,0.6255198777620592
0.3,y,0.2714956614213402,3,0.6981139775718832
0.3,y,0.34906585039886595,0,0.06793742796095734
0.3,y,0.34906585039886595,1,0.25240833874254165
0.3,y,0.34906585039886595,2,0.7490533913877161
0.3,y,0.34906585039886595,3,0.9306008419087847
0.3,y,0.4266360393763917,0,0.290019101796532
0.3,y,0.4266360393763917,1,0.40086701001482195
0.3,y,0.4266360393763917,2,0.6003251510351618
0.3,y,0.4266360393763917,3,0.7087887371534844
0.3,y,0.5042062283539175,0,0.22058093391881153
0.3,y,0.5042062283539175,1,0.28026387431639727
0.3,y,0.5042062283539175,2,0.7083538924771149
0.3,y,0.5042062283539175,3,0.7908012992876765
0.3,y,0.5817764173314428,0,0.1436854685000648
0.3,y,0.5817764173314428,1,0.25230333258928195
0.3,y,0.5817764173314428,2,0.7466601120413645
0.3,y,0.5817764173314428,3,0.8573510868692888
0.3,y,0.6593466063089686,0,0.24736627230378713
0.3,y,0.6593466063089686,1,0.3152809043219046
0.3,y,0.6593466063089686,2,0.6829177293116634
0.3,y,0.6593466063089686,3,0.7544350940626451
0.3,y,0.7369167952864943,0,0.2810007044387382
0.3,y,0.7369167952864943,1,0.2966576087307329
0.3,y,0.7369167952864943,2,0.6918744164408535
0.3,y,0.7369167952864943,3,0.7304672703896753
0.3,y,0.8144869842640201,0,0.09845547894232037
0.3,y,0.8144869842640201,1,0.26570733971519633
0.3,y,0.8144869842640201,2,0.7340510809961873
0.3,y,0.8144869842640201,3,0.9017861003462959
0.3,y,0.8920571732415459,0,0.1408576335886992
0.3,y,0.8920571732415459,1,0.17507368145083327
0.3,y,0.8920571732415459,2,0.8263999003931547
0.3,y,0.8920571732415459,3,0.8576687845673133
0.3,y,0.9696273622190716,0,0.14353720344011553
0.3,y,0.9696273622190716,1,0.3316565689399822
0.3,y,0.9696273622190716,2,0.6732006315709356
0.3,y,0.9696273622190716,3,0.8516055960489677
0.3,y,1.0471975511965974,0,0.22455153830352959
0.3,y,1.0471975511965974,1,0.31363183778087633
0.3,y,1.0471975511965974,2,0.6898757973292615
0.3,y,1.0471975511965974,3,0.7719408265863329
0.3,y,1.1247677401741232,0,0.1725806318126167
0.3,y,1.1247677401741232,1,0.2009465822916319
0.3,y,1.1247677401741232,2,0.8085508518636584
0.3,y,1.1247677401741232,3,0.8179219340320936
0.3,y,1.202337929151649,0,0.18799812463053384
0.3,y,1.202337929151649,1,0.3088637472655068
0.3,y,1.202337929151649,2,0.68894917795504
0.3,y,1.202337929151649,3,0.8141889501489205
0.3,y,1.2799081181291747,0,0.2535196752643163
0.3,y,1.2799081181291747,1,0.34166594151623575
0.3,y,1.2799081181291747,2,0.6553996660476112
0.3,y,1.2799081181291747,3,0.7494147171718369
0.3,y,1.3574783071067005,0,0.23224700470197335
0.3,y,1.3574783071067005,1,0.266809987533323
0.3,y,1.3574783071067005,2,0.7305217316589157
0.3,y,1.3574783071067005,3,0.7704212761057883
0.3,y,1.4350484960842262,0,0.2017226341900558
0.3,y,1.4350484960842262,1,0.40180162769667255
0.3,y,1.4350484960842262,2,0.6027812207294294
0.3,y,1.4350484960842262,3,0.7936945173838424
0.3,y,1.512618685061752,0,0.1382433497356449
0.3,y,1.512618685061752,1,0.19085381906620988
0.3,y,1.512618685061752,2,0.8059351311185242
0.3,y,1.512618685061752,3,0.8649677000796215
0.3,y,1.5901888740392778,0,0.19330747749210947
0.3,y,1.5901888740392778,1,0.32279678463277633
0.3,y,1.5901888740392778,2,0.6713602224435823
0.3,y,1.5901888740392778,3,0.8125355154315317
0.3,y,1.6677590630168035,0,0.23986534607222446
0.3,y,1.6677590630168035,1,0.4306771844019632
0.3,y,1.6677590630168035,2,0.5655426185892278
0.3,y,1.6677590630168035,3,0.7639148509365838
0.3,y,1.7453292519943293,0,0.25221309446922774
0.3,y,1.7453292519943293,1,0.43293596725416933
0.3,y,1.7453292519943293,2,0.5654863918475126
0.3,y,1.7453292519943293,3,0.7493645464290902
0.3,y,1.822899440971855,0,0.11289243448666918
0.3,y,1.822899440971855,1,0.3237281446798953
0.3,y,1.822899440971855,2,0.6787373789133369
0.3,y,1.822899440971855,3,0.8846420419200983
0.3,y,1.9004696299493808,0,0.2149815568450288
0.3,y,1.9004696299493808,1,0.2778760647362543
0.3,y,1.9004696299493808,2,0.726385495514408
0.3,y,1.9004696299493808,3,0.7807568829043088
0.3,y,1.9780398189269066,0,0.1773435743561013
0.3,y,1.9780398189269066,1,0.23353516020819023
0.3,y,1.9780398189269066,2,0.7837735790917223
0.3,y,1.9780398189269066,3,0.805347686343986
0.3,y,2.0556100079044324,0,0.11394852569720758
0.3,y,2.0556100079044324,1,0.2578140224898411
0.3,y,2.0556100079044324,2,0.752087189873724
0.3,y,2.0556100079044324,3,0.876150261939227
0.3,y,2.133180196881958,0,0.1587457376216423
0.3,y,2.133180196881958,1,0.35340282506557014
0.3,y,2.133180196881958,2,0.6460400852237382
0.3,y,2.133180196881958,3,0.8418113520890496
0.3,y,2.210750385859484,0,0.29567548300330143
0.3,y,2.210750385859484,1,0.3517098688726784
0.3,y,2.210750385859484,2,0.6442215223236609
0.3,y,2.210750385859484,3,0.7083931258003592
0.3,y,2.2883205748370097,0,0.17717393583605284
0.3,y,2.2883205748370097,1,0.20066084318096328
0.3,y,2.2883205748370097,2,0.7938909309154301
0.3,y,2.2883205748370097,3,0.8282742900675537
0.3,y,2.3658907638145354,0,0.2808736393996482
0.3,y,2.3658907638145354,1,0.29601362312126894
0.3,y,2.3658907638145354,2,0.7064434416756702
0.3,y,2.3658907638145354,3,0.7166692958034129
0.3,y,2.443460952792061,0,0.26218959942996717
0.3,y,2.443460952792061,1,0.3553054524678859
0.3,y,2.443460952792061,2,0.6596806525565735
0.3,y,2.443460952792061,3,0.7228242955455734
0.3,y,2.521031141769587,0,0.1431131308491551
0.3,y,2.521031141769587,1,0.3401599410579729
0.3,y,2.521031141769587,2,0.6591852575072079
0.3,y,2.521031141769587,3,0.8575416705856634
0.3,y,2.5986013307471127,0,0.20543742917717114
0.3,y,2.5986013307471127,1,0.32395176383556035
0.3,y,2.5986013307471127,2,0.6778232277475991
0.3,y,2.5986013307471127,3,0.7927875792396692
0.3,y,2.6761715197246385,0,0.11047570526605782
0.3,y,2.6761715197246385,1,0.3458693980379653
0.3,y,2.6761715197246385,2,0.6579946183360594
0.3,y,2.6761715197246385,3,0.8856602783599168
0.3,y,2.7537417087021643,0,0.167136585781922
0.3,y,2.7537417087021643,1,0.3278724941959444
0.3,y,2.7537417087021643,2,0.673482258482798
0.3,y,2.7537417087021643,3,0.831508661539336
0.3,y,2.83131189767969,0,0.22809032644901384
0.3,y,2.83131189767969,1,0.2863483109527324
0.3,y,2.83131189767969,2,0.7338540311057098
0.3,y,2.83131189767969,3,0.7517073314925439
0.3,y,2.908882086657216,0,0.21242515909807644
0.3,y,2.908882086657216,1,0.26361676491997915
0.3,y,2.908882086657216,2,0.7397718798475381
0.3,y,2.908882086657216,3,0.7841861961344065
0.3,y,2.9864522756347416,0,0.17667253138284314
0.3,y,2.9864522756347416,1,0.2096212382830271
0.3,y,2.9864522756347416,2,0.7801650915590133
0.3,y,2.9864522756347416,3,0.8335411387751166
0.3,y,3.0640224646122673,0,0.2900408888446382
0.3,y,3.0640224646122673,1,0.31338030776762715
0.3,y,3.0640224646122673,2,0.6889859102521338
0.3,y,3.0640224646122673,3,0.7075928931356017
0.4,x,-3.141592653589793,0,0.2850847808167694
0.4,x,-3.141592653589793,1,0.3364420603491745
0.4,x,-3.141592653589793,2,0.6422979438341961
0.4,x,-3.141592653589793,3,0.7361752149998593
0.4,x,-3.0640224646122673,0,0.12856959743656413
0.4,x,-3.0640224646122673,1,0.2635071874221
0.4,x,-3.0640224646122673,2,0.7488622335881625
0.4,x,-3.0640224646122673,3,0.8590609815531732
0.4,x,-2.9864522756347416,0,0.26508238721505695
0.4,x,-2.9864522756347416,1,0.3010617044270462
0.4,x,-2.9864522756347416,2,0.7011232215562764
0.4,x,-2.9864522756347416,3,0.7327326868016206
0.4,x,-2.908882086657216,0,0.11227046266222021
0.4,x,-2.908882086657216,1,0.23853748668636524
0.4,x,-2.908882086657216,2,0.7634276493322925
0.4,x,-2.908882086657216,3,0.8857644013191223
0.4,x,-2.83131189767969,0,0.09539777281006241
0.4,x,-2.83131189767969,1,0.18628143700678737
0.4,x,-2.83131189767969,2,0.8196539667203993
0.4,x,-2.83131189767969,3,0.8986668234627505
0.4,x,-2.7537417087021643,0,0.13405486464759195
0.4,x,-2.7537417087021643,1,0.2605098794584617
0.4,x,-2.7537417087021643,2,0.7458216681190388
0.4,x,-2.7537417087021643,3,0.8596135877749072
0.4,x,-2.6761715197246385,0,0.13852910703263369
0.4,x,-2.6761715197246385,1,0.2996490394477788
0.4,x,-2.6761715197246385,2,0.6923489609668841
0.4,x,-2.6761715197246385,3,0.8694728925527038
0.4,x,-2.5986013307471127,0,0.2828158194380639
0.4,x,-2.5986013307471127,1,0.3176421209620489
0.4,x,-2.5986013307471127,2,0.6854240310325309
0.4,x,-2.5986013307471127,3,0.714118028567357
0.4,x,-2.521031141769587,0,0.09984817536206962
0.4,x,-2.521031141769587,1,0.20529961191924828
0.4,x,-2.521031141769587,2,0.8027173410932714
0.4,x,-2.521031141769587,3,0.8921348716254106
0.4,x,-2.443460952792061,0,0.18551525466868257
0.4,x,-2.443460952792061,1,0.4166672972166302
0.4,x,-2.443460952792061,2,0.5772147935579157
0.4,x,-2.443460952792061,3,0.820602654556772
0.4,x,-2.3658907638145354,0,0.31859151297173327
0.4,x,-2.3658907638145354,1,0.37421036471004765
0.4,x,-2.3658907638145354,2,0.5972830910818059
0.4,x,-2.3658907638145354,3,0.7099150312364124
0.4,x,-2.2883205748370097,0,0.22974152577522178
0.4,x,-2.2883205748370097,1,0.31355402276499666
0.4,x,-2.2883205748370097,2,0.6843452523118998
0.4,x,-2.2883205748370097,3,0.7723591991478814
0.4,x,-2.210750385859484,0,0.3095069349695172
0.4,x,-2.210750385859484,1,0.361505259118741
0.4,x,-2.210750385859484,2,0.6488171319129167
0.4,x,-2.210750385859484,3,0.680170673998825
0.4,x,-2.133180196881958,0,0.12624838415389927
0.4,x,-2.133180196881958,1,0.2988111784820219
0.4,x,-2.133180196881958,2,0.6973496464749934
0.4,x,-2.133180196881958,3,0.8775907908890849
0.4,x,-2.0556100079044324,0,0.14177161901283103
0.4,x,-2.0556100079044324,1,0.19578533722032013
0.4,x,-2.0556100079044324,2,0.7711363596424206
0.4,x,-2.0556100079044324,3,0.891306684124428
0.4,x,-1.9780398189269068,0,0.0888833134737363
0.4,x,-1.9780398189269068,1,0.2822603822009356
0.4,x,-1.9780398189269068,2,0.7138021837814643
0.4,x,-1.9780398189269068,3,0.915054120543864
0.4,x,-1.900469629949381,0,0.1360963793634467
0.4,x,-1.900469629949381,1,0.40594811603888736
0.4,x,-1.900469629949381,2,0.5951071699685144
0.4,x,-1.900469629949381,3,0.8628483346291506
0.4,x,-1.8228994409718553,0,0.33327411119378286
0.4,x,-1.8228994409718553,1,0.3713284290280957
0.4,x,-1.8228994409718553,2,0.6105195331073497
0.4,x,-1.8228994409718553,3,0.6848779266707714
0.4,x,-1.7453292519943295,0,0.15381301923596213
0.4,x,-1.7453292519943295,1,0.2959429928771148
0.4,x,-1.7453292519943295,2,0.7071225617878053
0.4,x,-1.7453292519943295,3,0.8431214260991182
0.4,x,-1.6677590630168038,0,0.16868381523493534
0.4,x,-1.6677590630168038,1,0.3284478867645787
0.4,x,-1.6677590630168038,2,0.663882564162557
0.4,x,-1.6677590630168038,3,0.8389857338379285
0.4,x,-1.590188874039278,0,0.14867113866177076
0.4,x,-1.590188874039278,1,0.2810243433373615
0.4,x,-1.590188874039278,2,0.7145790604268001
0.4,x,-1.590188874039278,3,0.8557254575740673
0.4,x,-1.5126186850617522,0,0.25090185143687527
0.4,x,-1.5126186850617522,1,0.30138216936925744
0.4,x,-1.5126186850617522,2,0.6850899371107091
0.4,x,-1.5126186850617522,3,0.7626260420831583
0.4,x,-1.4350484960842265,0,0.07138351553815618
0.4,x,-1.4350484960842265,1,0.22803416398848875
0.4,x,-1.4350484960842265,2,0.7855040168487721
0.4,x,-1.4350484960842265,3,0.9150783036245829
0.4,x,-1.3574783071067007,0,0.25930976768586345
0.4,x,-1.3574783071067007,1,0.38370137308872093
0.4,x,-1.3574783071067007,2,0.6190278755275891
0.4,x,-1.3574783071067007,3,0.7379609836978267
0.4,x,-1.2799081181291752,0,0.271807585761593
0.4,x,-1.2799081181291752,1,0.3141389529034927
0.4,x,-1.2799081181291752,2,0.6881107376360933
0.4,x,-1.2799081181291752,3,0.7259427236988214
0.4,x,-1.2023379291516494,0,0.16093475363028692
0.4,x,-1.2023379291516494,1,0.33988686873656565
0.4,x,-1.2023379291516494,2,0.6612047015640328
0.4,x,-1.2023379291516494,3,0.8379736760691145
0.4,x,-1.1247677401741236,0,0.3127116417396016
0.4,x,-1.1247677401741236,1,0.3396994990968299
0.4,x,-1.1247677401741236,2,0.6508599646768065
0.4,x,-1.1247677401741236,3,0.6967288944867622
0.4,x,-1.0471975511965979,0,0.09310208244814674
0.4,x,-1.0471975511965979,1,0.2435282854960869
0.4,x,-1.0471975511965979,2,0.7521804946469103
0.4,x,-1.0471975511965979,3,0.9111891374088561
0.4,x,-0.9696273622190721,0,0.21189683481922095
0.4,x,-0.9696273622190721,1,0.2721986600197504
0.4,x,-0.9696273622190721,2,0.7391565836874607
0.4,x,-0.9696273622190721,3,0.7767479214735673
0.4,x,-0.8920571732415463,0,0.08788059417203539
0.4,x,-0.8920571732415463,1,0.30721162103557437
0.4,x,-0.8920571732415463,2,0.6890937963149839
0.4,x,-0.8920571732415463,3,0.9158139884774055
0.4,x,-0.8144869842640206,0,0.3135756311717283
0.4,x,-0.8144869842640206,1,0.36228856449769536
0.4,x,-0.8144869842640206,2,0.643059461124067
0.4,x,-0.8144869842640206,3,0.6810763432065094
0.4,x,-0.7369167952864948,0,0.21177739574463297
0.4,x,-0.7369167952864948,1,0.3543204297883444
0.4,x,-0.7369167952864948,2,0.6419168398473889
0.4,x,-0.7369167952864948,3,0.7919853346196328
0.4,x,-0.659346606308969,0,0.21943555516944
0.4,x,-0.659346606308969,1,0.3140117943249561
0.4,x,-0.659346606308969,2,0.6947765642255459
0.4,x,-0.659346606308969,3,0.7717760862800576
0.4,x,-0.5817764173314433,0,0.12421498344082109
0.4,x,-0.5817764173314433,1,0.24127162899692678
0.4,x,-0.5817764173314433,2,0.75910599135949
0.4,x,-0.5817764173314433,3,0.8754073962027623
0.4,x,-0.5042062283539175,0,0.21172521897881394
0.4,x,-0.5042062283539175,1,0.3077514226054469
0.4,x,-0.5042062283539175,2,0.6878639456074234
0.4,x,-0.5042062283539175,3,0.7926594128083155
0.4,x,-0.4266360393763917,0,0.06935177485183087
0.4,x,-0.4266360393763917,1,0.3642503125001199
0.4,x,-0.4266360393763917,2,0.6352076788155202
0.4,x,-0.4266360393763917,3,0.9311902338325295
0.4,x,-0.34906585039886595,0,0.15550554234944242
0.4,x,-0.34906585039886595,1,0.2655479223156489
0.4,x,-0.34906585039886595,2,0.7403523612001555
0.4,x,-0.34906585039886595,3,0.8385941741347528
0.4,x,-0.2714956614213402,0,0.17538114718485906
0.4,x,-0.2714956614213402,1,0.2609039388790275
0.4,x,-0.2714956614213402,2,0.7395186989261016
0.4,x,-0.2714956614213402,3,0.824196215010012
0.4,x,-0.19392547244381442,0,0.17978857405647736
0.4,x,-0.19392547244381442,1,0.2747534993275229
0.4,x,-0.19392547244381442,2,0.7342328609443524
0.4,x,-0.19392547244381442,3,0.8112250656716473
0.4,x,-0.11635528346628865,0,0.28969632630691816
0.4,x,-0.11635528346628865,1,0.32682824369363983
0.4,x,-0.11635528346628865,2,0.6796329266032946
0.4,x,-0.11635528346628865,3,0.7038425033961471
0.4,x,-0.03878509448876288,0,0.12539038268020872
0.4,x,-0.03878509448876288,1,0.21665388619400117
0.4,x,-0.03878509448876288,2,0.7843193470025569
0.4,x,-0.03878509448876288,3,0.8736363841232331
0.4,x,0.03878509448876288,0,0.29892145761626016
0.4,x,0.03878509448876288,1,0.3447827355517314
0.4,x,0.03878509448876288,2,0.6543084079626873
0.4,x,0.03878509448876288,3,0.7019873988693208
0.4,x,0.11635528346628865,0,0.16627540002113475
0.4,x,0.11635528346628865,1,0.21797514496282613
0.4,x,0.11635528346628865,2,0.7804294139177859
0.4,x,0.11635528346628865,3,0.8353200410982531
0.4,x,0.19392547244381442,0,0.14311131325934648
0.4,x,0.19392547244381442,1,0.20366515792627168
0.4,x,0.19392547244381442,2,0.7941260243730125
0.4,x,0.19392547244381442,3,0.8590975044413691
0.4,x,0.2714956614213402,0,0.14093455455617449
0.4,x,0.2714956614213402,1,0.24949036547147344
0.4,x,0.2714956614213402,2,0.7473684768279039
0.4,x,0.2714956614213402,3,0.862206603144448
0.4,x,0.34906585039886595,0,0.23925898729534079
0.4,x,0.34906585039886595,1,0.36854258379872284
0.4,x,0.34906585039886595,2,0.630304179155118
0.4,x,0.34906585039886595,3,0.761894249750818
0.4,x,0.4266360393763917,0,0.26116245478979067
0.4,x,0.4266360393763917,1,0.30144179131807575
0.4,x,0.4266360393763917,2,0.7043995510791503
0.4,x,0.4266360393763917,3,0.7329962028129833
0.4,x,0.5042062283539175,0,0.3111922485132024
0.4,x,0.5042062283539175,1,0.4092137984767375
0.4,x,0.5042062283539175,2,0.5888076179801456
0.4,x,0.5042062283539175,3,0.6907863350299136
0.4,x,0.5817764173314428,0,0.1249487331784523
0.4,x,0.5817764173314428,1,0.1901234924534618
0.4,x,0.5817764173314428,2,0.8076742072349341
0.4,x,0.5817764173314428,3,0.8772535671331516
0.4,x,0.6593466063089686,0,0.15671067825378054
0.4,x,0.6593466063089686,1,0.45031609480340995
0.4,x,0.6593466063089686,2,0.5520996620859377
0.4,x,0.6593466063089686,3,0.8408735648568713
0.4,x,0.7369167952864943,0,0.11008410307177756
0.4,x,0.7369167952864943,1,0.19244953600624398
0.4,x,0.7369167952864943,2,0.8082261426347171
0.4,x,0.7369167952864943,3,0.889240218287261
0.4,x,0.8144869842640201,0,0.2781795222848131
0.4,x,0.8144869842640201,1,0.35991161881915235
0.4,x,0.8144869842640201,2,0.6443460497905364
0.4,x,0.8144869842640201,3,0.7175628091054983
0.4,x,0.8920571732415459,0,0.15477720491439448
0.4,x,0.8920571732415459,1,0.203420020525454
0.4,x,0.8920571732415459,2,0.8007784478591202
0.4,x,0.8920571732415459,3,0.8410243267010311
0.4,x,0.9696273622190716,0,0.22494303163376345
0.4,x,0.9696273622190716,1,0.2883151135668085
0.4,x,0.9696273622190716,2,0.7191761316193265
0.4,x,0.9696273622190716,3,0.7675657231801023
0.4,x,1.0471975511965974,0,0.3036896194843418
0.4,x,1.0471975511965974,1,0.3601624292101913
0.4,x,1.0471975511965974,2,0.6312135749739459
0.4,x,1.0471975511965974,3,0.7049343763315212
0.4,x,1.1247677401741232,0,0.20914410044380033
0.4,x,1.1247677401741232,1,0.30667682025275816
0.4,x,1.1247677401741232,2,0.6931129309697064
0.4,x,1.1247677401741232,3,0.791066148333735
0.4,x,1.202337929151649,0,0.2435391914781713
0.4,x,1.202337929151649,1,0.28155892123908893
0.4,x,1.202337929151649,2,0.7064830919854663
0.4,x,1.202337929151649,3,0.7684187952972731
0.4,x,1.2799081181291747,0,0.1516664983843322
0.4,x,1.2799081181291747,1,0.2500443126093888
0.4,x,1.2799081181291747,2,0.7526623525030136
0.4,x,1.2799081181291747,3,0.8456268365032652
0.4,x,1.3574783071067005,0,0.2176997919656577
0.4,x,1.3574783071067005,1,0.3981314777204863
0.4,x,1.3574783071067005,2,0.6015991886100737
0.4,x,1.3574783071067005,3,0.7825695417037822
0.4,x,1.4350484960842262,0,0.16659148030396537
0.4,x,1.4350484960842262,1,0.27222009891579374
0.4,x,1.4350484960842262,2,0.7202632936711066
0.4,x,1.4350484960842262,3,0.8409251271091344
0.4,x,1.512618685061752,0,0.13788125488040812
0.4,x,1.512618685061752,1,0.16843810186615987
0.4,x,1.512618685061752,2,0.8008401975489524
0.4,x,1.512618685061752,3,0.8928404457044804
0.4,x,1.5901888740392778,0,0.16577173648343216
0.4,x,1.5901888740392778,1,0.35106708866505393
0.4,x,1.5901888740392778,2,0.6514270012972687
0.4,x,1.5901888740392778,3,0.8317341735542454
0.4,x,1.6677590630168035,0,0.17582025733809142
0.4,x,1.6677590630168035,1,0.3290645454636058
0.4,x,1.6677590630168035,2,0.6670274039185937
0.4,x,1.6677590630168035,3,0.828087793279709
0.4,x,1.7453292519943293,0,0.20414690443247463
0.4,x,1.7453292519943293,1,0.2951335255506442
0.4,x,1.7453292519943293,2,0.7115687247699886
0.4,x,1.7453292519943293,3,0.7891508452468923
0.4,x,1.822899440971855,0,0.27374676209616383
0.4,x,1.822899440971855,1,0.3332168408074839
0.4,x,1.822899440971855,2,0.6645769093756158
0.4,x,1.822899440971855,3,0.7284594877207367
0.4,x,1.9004696299493808,0,0.3007030305299508
0.4,x,1.9004696299493808,1,0.4650681346278359
0.4,x,1.9004696299493808,2,0.5296258170682117
0.4,x,1.9004696299493808,3,0.7046030177740024
0.4,x,1.9780398189269066,0,0.09869311090770146
0.4,x,1.9780398189269066,1,0.1993877911533807
0.4,x,1.9780398189269066,2,0.7947074698580318
0.4,x,1.9780398189269066,3,0.907211628080886
0.4,x,2.0556100079044324,0,0.16964434256786073
0.4,x,2.0556100079044324,1,0.32106545233304445
0.4,x,2.0556100079044324,2,0.6790713619278669
0.4,x,2.0556100079044324,3,0.8302188431712281
0.4,x,2.133180196881958,0,0.18049515418457518
0.4,x,2.133180196881958,1,0.2969426262775939
0.4,x,2.133180196881958,2,0.6960130717563378
0.4,x,2.133180196881958,3,0.8265491477814935
0.4,x,2.210750385859484,0,0.3331165766307773
0.4,x,2.210750385859484,1,0.38878692737051535
0.4,x,2.210750385859484,2,0.618225884405412
0.4,x,2.210750385859484,3,0.6598706115932944
0.4,x,2.2883205748370097,0,0.10920546765034607
0.4,x,2.2883205748370097,1,0.21088212815873722
0.4,x,2.2883205748370097,2,0.8036533625540297
0.4,x,2.2883205748370097,3,0.8762590416368865
0.4,x,2.3658907638145354,0,0.21704512621018374
0.4,x,2.3658907638145354,1,0.2435552958532391
0.4,x,2.3658907638145354,2,0.7436528593244058
0.4,x,2.3658907638145354,3,0.795746718612171
0.4,x,2.443460952792061,0,0.07895441147480715
0.4,x,2.443460952792061,1,0.29475886278373814
0.4,x,2.443460952792061,2,0.7111715224551589
0.4,x,2.443460952792061,3,0.9151152032862953
0.4,x,2.521031141769587,0,0.2137425914559349
0.4,x,2.521031141769587,1,0.2759396624711022
0.4,x,2.521031141769587,2,0.7234829587374815
0.4,x,2.521031141769587,3,0.7868347873354813
0.4,x,2.5986013307471127,0,0.3005665375981527
0.4,x,2.5986013307471127,1,0.39935942994492374
0.4,x,2.5986013307471127,2,0.6401720062081896
0.4,x,2.5986013307471127,3,0.6599020262487347
0.4,x,2.6761715197246385,0,0.13439395830010253
0.4,x,2.6761715197246385,1,0.16367505670184965
0.4,x,2.6761715197246385,2,0.823290530606583
0.4,x,2.6761715197246385,3,0.8786404543914651
0.4,x,2.7537417087021643,0,0.14770610536731058
0.4,x,2.7537417087021643,1,0.2737104497471023
0.4,x,2.7537417087021643,2,0.7171440302688404
0.4,x,2.7537417087021643,3,0.8614394146167478
0.4,x,2.83131189767969,0,0.1733471571481864
0.4,x,2.83131189767969,1,0.2870480392126519
0.4,x,2.83131189767969,2,0.6985797913295023
0.4,x,2.83131189767969,3,0.84102501230966
0.4,x,2.908882086657216,0,0.15841419249644623
0.4,x,2.908882086657216,1,0.1968565298904856
0.4,x,2.908882086657216,2,0.7821546497867725
0.4,x,2.908882086657216,3,0.862574627826295
0.4,x,2.9864522756347416,0,0.18470796471440584
0.4,x,2.9864522756347416,1,0.26965765599446434
0.4,x,2.9864522756347416,2,0.7146098790143764
0.4,x,2.9864522756347416,3,0.8310245002767537
0.4,x,3.0640224646122673,0,0.33375021970029656
0.4,x,3.0640224646122673,1,0.43766223645645913
0.4,x,3.0640224646122673,2,0.5665218546683498
0.4,x,3.0640224646122673,3,0.6620656891748951
0.4,y,-3.141592653589793,0,0.19579251477215603
0.4,y,-3.141592653589793,1,0.36366681164349896
0.4,y,-3.141592653589793,2,0.6415702381261268
0.4,y,-3.141592653589793,3,0.7989704354582181
0.4,y,-3.0640224646122673,0,0.24613445663055153
0.4,y,-3.0640224646122673,1,0.27142755382388695
0.4,y,-3.0640224646122673,2,0.7032012067209127
0.4,y,-3.0640224646122673,3,0.7792367828246491
0.4,y,-2.9864522756347416,0,0.279495723426057
0.4,y,-2.9864522756347416,1,0.42771009933737464
0.4,y,-2.9864522756347416,2,0.5584370211851812
0.4,y,-2.9864522756347416,3,0.734357156051387
0.4,y,-2.908882086657216,0,0.1276043033545721
0.4,y,-2.908882086657216,1,0.41418608506494026
0.4,y,-2.908882086657216,2,0.5892977152199463
0.4,y,-2.908882086657216,3,0.8689118963605412
0.4,y,-2.83131189767969,0,0.14412653551875088
0.4,y,-2.83131189767969,1,0.233810100842137
0.4,y,-2.83131189767969,2,0.7695713068555939
0.4,y,-2.83131189767969,3,0.8524920567835179
0.4,y,-2.7537417087021643,0,0.08080654419511078
0.4,y,-2.7537417087021643,1,0.11237984215416044
0.4,y,-2.7537417087021643,2,0.8750989130775281
0.4,y,-2.7537417087021643,3,0.931714700573201
0.4,y,-2.6761715197246385,0,0.3605237061143417
0.4,y,-2.6761715197246385,1,0.42398719822265457
0.4,y,-2.6761715197246385,2,0.5891773740094448
0.4,y,-2.6761715197246385,3,0.6263117216535594
0.4,y,-2.5986013307471127,0,0.2762161773072605
0.4,y,-2.5986013307471127,1,0.3541229117218469
0.4,y,-2.5986013307471127,2,0.6421777364208638
0.4,y,-2.5986013307471127,3,0.7274831745500296
0.4,y,-2.521031141769587,0,0.10689856445936467
0.4,y,-2.521031141769587,1,0.2729654394262964
0.4,y,-2.521031141769587,2,0.7224023313289654
0.4,y,-2.521031141769587,3,0.8977336647853735
0.4,y,-2.443460952792061,0,0.22628700759089695
0.4,y,-2.443460952792061,1,0.33617732793881155
0.4,y,-2.443460952792061,2,0.6731815987103138
0.4,y,-2.443460952792061,3,0.7643540657599774
0.4,y,-2.3658907638145354,0,0.17745999016275404
0.4,y,-2.3658907638145354,1,0.2547934531877234
0.4,y,-2.3658907638145354,2,0.7421578209840181
0.4,y,-2.3658907638145354,3,0.8255887356655044
0.4,y,-2.2883205748370097,0,0.15378527380682533
0.4,y,-2.2883205748370097,1,0.2699655148808355
0.4,y,-2.2883205748370097,2,0.7384825000313527
0.4,y,-2.2883205748370097,3,0.8377667112809862
0.4,y,-2.210750385859484,0,0.18387744562779307
0.4,y,-2.210750385859484,1,0.3674296137718046
0.4,y,-2.210750385859484,2,0.6445947229600424
0.4,y,-2.210750385859484,3,0.8040982176403593
0.4,y,-2.133180196881958,0,0.23796637378651156
0.4,y,-2.133180196881958,1,0.4750639990154751
0.4,y,-2.133180196881958,2,0.5302082321102644
0.4,y,-2.133180196881958,3,0.7567613950877492
0.4,y,-2.0556100079044324,0,0.21786534481936784
0.4,y,-2.0556100079044324,1,0.3006255889217575
0.4,y,-2.0556100079044324,2,0.7016935724278832
0.4,y,-2.0556100079044324,3,0.779815493830992
0.4,y,-1.9780398189269068,0,0.12630586230253957
0.4,y,-1.9780398189269068,1,0.40294586291996737
0.4,y,-1.9780398189269068,2,0.5961728638895949
0.4,y,-1.9780398189269068,3,0.8745754108878993
0.4,y,-1.900469629949381,0,0.27207079418636754
0.4,y,-1.900469629949381,1,0.30705968406526873
0.4,y,-1.900469629949381,2,0.6842912830093957
0.4,y,-1.900469629949381,3,0.7365782387389685
0.4,y,-1.8228994409718553,0,0.21743404368547165
0.4,y,-1.8228994409718553,1,0.2928219725238258
0.4,y,-1.8228994409718553,2,0.7097396273206817
0.4,y,-1.8228994409718553,3,0.7800043564700208
0.4,y,-1.7453292519943295,0,0.2916201966797163
0.4,y,-1.7453292519943295,1,0.3139757117523982
0.4,y,-1.7453292519943295,2,0.6796671856904247
0.4,y,-1.7453292519943295,3,0.7147369058774609
0.4,y,-1.6677590630168038,0,0.22242939678460313
0.4,y,-1.6677590630168038,1,0.24794804150957772
0.4,y,-1.6677590630168038,2,0.7500185974171522
0.4,y,-1.6677590630168038,3,0.7796039642886675
0.4,y,-1.590188874039278,0,0.25731412339784177
0.4,y,-1.590188874039278,1,0.27958549327031934
0.4,y,-1.590188874039278,2,0.7045228517848983
0.4,y,-1.590188874039278,3,0.7585775315469401
0.4,y,-1.5126186850617522,0,0.09859839168670985
0.4,y,-1.5126186850617522,1,0.28467525554046036
0.4,y,-1.5126186850617522,2,0.7143924674025319
0.4,y,-1.5126186850617522,3,0.9023338853702982
0.4,y,-1.4350484960842265,0,0.1485463922346986
0.4,y,-1.4350484960842265,1,0.32924472531137516
0.4,y,-1.4350484960842265,2,0.6919162418999283
0.4,y,-1.4350484960842265,3,0.8302926405539983
0.4,y,-1.3574783071067007,0,0.1815334347086593
0.4,y,-1.3574783071067007,1,0.28650490874212803
0.4,y,-1.3574783071067007,2,0.7042687005999336
0.4,y,-1.3574783071067007,3,0.827692955949279
0.4,y,-1.2799081181291752,0,0.2657714812612019
0.4,y,-1.2799081181291752,1,0.3769375844830586
0.4,y,-1.2799081181291752,2,0.636903993803303
0.4,y,-1.2799081181291752,3,0.7203869404524357
0.4,y,-1.2023379291516494,0,0.19090773817682233
0.4,y,-1.2023379291516494,1,0.31392777854257287
0.4,y,-1.2023379291516494,2,0.6856012347610476
0.4,y,-1.2023379291516494,3,0.8095632485195574
0.4,y,-1.1247677401741236,0,0.28298680068697074
0.4,y,-1.1247677401741236,1,0.36728238853326595
0.4,y,-1.1247677401741236,2,0.6456143575249182
0.4,y,-1.1247677401741236,3,0.7041164532548447
0.4,y,-1.0471975511965979,0,0.22860134686319036
0.4,y,-1.0471975511965979,1,0.3406026390988226
0.4,y,-1.0471975511965979,2,0.6455375284003964
0.4,y,-1.0471975511965979,3,0.7852584856375904
0.4,y,-0.9696273622190721,0,0.17630957842669578
0.4,y,-0.9696273622190721,1,0.29923636382291635
0.4,y,-0.9696273622190721,2,0.7046544185460385
0.4,y,-0.9696273622190721,3,0.819799639204349
0.4,y,-0.8920571732415463,0,0.1797171990842272
0.4,y,-0.8920571732415463,1,0.23915921078555127
0.4,y,-0.8920571732415463,2,0.761544505219448
0.4,y,-0.8920571732415463,3,0.8195790849107738
0.4,y,-0.8144869842640206,0,0.3317095189299025
0.4,y,-0.8144869842640206,1,0.4389887908228187
0.4,y,-0.8144869842640206,2,0.5590375557057184
0.4,y,-0.8144869842640206,3,0.6702641345415601
0.4,y,-0.7369167952864948,0,0.28133567622997746
0.4,y,-0.7369167952864948,1,0.3333411986502936
0.4,y,-0.7369167952864948,2,0.670374261732195
0.4,y,-0.7369167952864948,3,0.714948863387534
0.4,y,-0.659346606308969,0,0.15850665037889025
0.4,y,-0.659346606308969,1,0.28716918537923297
0.4,y,-0.659346606308969,2,0.7086130475409937
0.4,y,-0.659346606308969,3,0.8457111167008837
0.4,y,-0.5817764173314433,0,0.21572960954094686
0.4,y,-0.5817764173314433,1,0.31349288685260746
0.4,y,-0.5817764173314433,2,0.6847667556525632
0.4,y,-0.5817764173314433,3,0.7860107479538825
0.4,y,-0.5042062283539175,0,0.107292039797335
0.4,y,-0.5042062283539175,1,0.34271569096207066
0.4,y,-0.5042062283539175,2,0.6582696349639185
0.4,y,-0.5042062283539175,3,0.8917226342766753
0.4,y,-0.4266360393763917,0,0.1231818489905115
0.4,y,-0.4266360393763917,1,0.19107630009784468
0.4,y,-0.4266360393763917,2,0.8109943981240859
0.4,y,-0.4266360393763917,3,0.8747474527875582
0.4,y,-0.34906585039886595,0,0.20763008157840962
0.4,y,-0.34906585039886595,1,0.3788482050531878
0.4,y,-0.34906585039886595,2,0.6278403475414958
0.4,y,-0.34906585039886595,3,0.785681365826907
0.4,y,-0.2714956614213402,0,0.1765643572638337
0.4,y,-0.2714956614213402,1,0.3264470895162071
0.4,y,-0.2714956614213402,2,0.6755135514330648
0.4,y,-0.2714956614213402,3,0.8214750017868946
0.4,y,-0.19392547244381442,0,0.06161259291589497
0.4,y,-0.19392547244381442,1,0.17596250725714707
0.4,y,-0.19392547244381442,2,0.8248538645560466
0.4,y,-0.19392547244381442,3,0.9375710352709111
0.4,y,-0.11635528346628865,0,0.2786546692620676
0.4,y,-0.11635528346628865,1,0.3152074199628698
0.4,y,-0.11635528346628865,2,0.6781876156362335
0.4,y,-0.11635528346628865,3,0.7279502951388284
0.4,y,-0.03878509448876288,0,0.2260448575174611
0.4,y,-0.03878509448876288,1,0.3513872365992335
0.4,y,-0.03878509448876288,2,0.6411060676991134
0.4,y,-0.03878509448876288,3,0.7814618381841922
0.4,y,0.03878509448876288,0,0.3421738918034632
0.4,y,0.03878509448876288,1,0.3672208705221905
0.4,y,0.03878509448876288,2,0.6353588125423828
0.4,y,0.03878509448876288,3,0.6552464251319634
0.4,y,0.11635528346628865,0,0.18293729513909246
0.4,y,0.11635528346628865,1,0.22553434967304897
0.4,y,0.11635528346628865,2,0.7877408435445711
0.4,y,0.11635528346628865,3,0.803787511643288
0.4,y,0.19392547244381442,0,0.16764014963716123
0.4,y,0.19392547244381442,1,0.2654674283398731
0.4,y,0.19392547244381442,2,0.7339888389145595
0.4,y,0.19392547244381442,3,0.8329035831084062
0.4,y,0.2714956614213402,0,0.32131539629843486
0.4,y,0.2714956614213402,1,0.39224507929537306
0.4,y,0.2714956614213402,2,0.6046043345149872
0.4,y,0.2714956614213402,3,0.6818351898912052
0.4,y,0.34906585039886595,0,0.1629079378395171
0.4,y,0.34906585039886595,1,0.1693958579806748
0.4,y,0.34906585039886595,2,0.8067942396138855
0.4,y,0.34906585039886595,3,0.8609019645659219
0.4,y,0.4266360393763917,0,0.16612880848157252
0.4,y,0.4266360393763917,1,0.17085342531224976
0.4,y,0.4266360393763917,2,0.8112433157220532
0.4,y,0.4266360393763917,3,0.8517744504841246
0.4,y,0.5042062283539175,0,0.15787812907840357
0.4,y,0.5042062283539175,1,0.3175908653456373
0.4,y,0.5042062283539175,2,0.685948814013271
0.4,y,0.5042062283539175,3,0.8385821915626881
0.4,y,0.5817764173314428,0,0.13524340364359277
0.4,y,0.5817764173314428,1,0.16868823757303614
0.4,y,0.5817764173314428,2,0.8248986823949415
0.4,y,0.5817764173314428,3,0.8711696763884295
0.4,y,0.6593466063089686,0,0.18703417721966067
0.4,y,0.6593466063089686,1,0.25359772438419553
0.4,y,0.6593466063089686,2,0.7465778948059285
0.4,y,0.6593466063089686,3,0.8127902035902146
0.4,y,0.7369167952864943,0,0.2405757257170888
0.4,y,0.7369167952864943,1,0.39394572439094655
0.4,y,0.7369167952864943,2,0.6153822118828894
0.4,y,0.7369167952864943,3,0.7500963380090757
0.4,y,0.8144869842640201,0,0.2632320168016854
0.4,y,0.8144869842640201,1,0.32725030333097926
0.4,y,0.8144869842640201,2,0.6655947699660254
0.4,y,0.8144869842640201,3,0.74392290990131
0.4,y,0.8920571732415459,0,0.2454480893239925
0.4,y,0.8920571732415459,1,0.2689161653131303
0.4,y,0.8920571732415459,2,0.7084244361077295
0.4,y,0.8920571732415459,3,0.777211309255148
0.4,y,0.9696273622190716,0,0.28229562516688
0.4,y,0.9696273622190716,1,0.35479615087506816
0.4,y,0.9696273622190716,2,0.6520436332559272
0.4,y,0.9696273622190716,3,0.7108645907021243
0.4,y,1.0471975511965974,0,0.06089627466068721
0.4,y,1.0471975511965974,1,0.2903493650014474
0.4,y,1.0471975511965974,2,0.7062551283244989
0.4,y,1.0471975511965974,3,0.9424992320133665
0.4,y,1.1247677401741232,0,0.21987536328436516
0.4,y,1.1247677401741232,1,0.2576071884451708
0.4,y,1.1247677401741232,2,0.7299864253607167
0.4,y,1.1247677401741232,3,0.7925310229097476
0.4,y,1.202337929151649,0,0.30492826749423724
0.4,y,1.202337929151649,1,0.38378327931448736
0.4,y,1.202337929151649,2,0.6172989593194278
0.4,y,1.202337929151649,3,0.6939894938718477
0.4,y,1.2799081181291747,0,0.26417194600661253
0.4,y,1.2799081181291747,1,0.3285172109427122
0.4,y,1.2799081181291747,2,0.6772542680248647
0.4,y,1.2799081181291747,3,0.7300565750258106
0.4,y,1.3574783071067005,0,0.32716809183900786
0.4,y,1.3574783071067005,1,0.4158171816110281
0.4,y,1.3574783071067005,2,0.5883062320560726
0.4,y,1.3574783071067005,3,0.6687084944938915
0.4,y,1.4350484960842262,0,0.22995263248623268
0.4,y,1.4350484960842262,1,0.35876683933324943
0.4,y,1.4350484960842262,2,0.6396221373731749
0.4,y,1.4350484960842262,3,0.7716583908073429
0.4,y,1.512618685061752,0,0.2170565055373636
0.4,y,1.512618685061752,1,0.3282240341775021
0.4,y,1.512618685061752,2,0.6687182528631652
0.4,y,1.512618685061752,3,0.7860012074219694
0.4,y,1.5901888740392778,0,0.2583555207252552
0.4,y,1.5901888740392778,1,0.34632639835778795
0.4,y,1.5901888740392778,2,0.6502842932464195
0.4,y,1.5901888740392778,3,0.7450337876705373
0.4,y,1.6677590630168035,0,0.25464533022248154
0.4,y,1.6677590630168035,1,0.29891737508708055
0.4,y,1.6677590630168035,2,0.7059075982050282
0.4,y,1.6677590630168035,3,0.7405296964854102
0.4,y,1.7453292519943293,0,0.20904760919307797
0.4,y,1.7453292519943293,1,0.3644024283789189
0.4,y,1.7453292519943293,2,0.6404429588363956
0.4,y,1.7453292519943293,3,0.7861070035916078
0.4,y,1.822899440971855,0,0.23287353374114755
0.4,y,1.822899440971855,1,0.2897948425850357
0.4,y,1.822899440971855,2,0.7240098752130291
0.4,y,1.822899440971855,3,0.7533217484607875
0.4,y,1.9004696299493808,0,0.15606731753040548
0.4,y,1.9004696299493808,1,0.43993532642694355
0.4,y,1.9004696299493808,2,0.5649338765108685
0.4,y,1.9004696299493808,3,0.8390634795317824
0.4,y,1.9780398189269066,0,0.1330009417348881
0.4,y,1.9780398189269066,1,0.21989778516830724
0.4,y,1.9780398189269066,2,0.8007021021162568
0.4,y,1.9780398189269066,3,0.8463991709805482
0.4,y,2.0556100079044324,0,0.21642096334231056
0.4,y,2.0556100079044324,1,0.3559349405918726
0.4,y,2.0556100079044324,2,0.6427085971072137
0.4,y,2.0556100079044324,3,0.7849354989586033
0.4,y,2.133180196881958,0,0.22390355279641716
0.4,y,2.133180196881958,1,0.289310610454795
0.4,y,2.133180196881958,2,0.7133573775428962
0.4,y,2.133180196881958,3,0.7734284592058918
0.4,y,2.210750385859484,0,0.24883108556524264
0.4,y,2.210750385859484,1,0.29151634748525307
0.4,y,2.210750385859484,2,0.71562636931077
0.4,y,2.210750385859484,3,0.7440261976387341
0.4,y,2.2883205748370097,0,0.07326508663276919
0.4,y,2.2883205748370097,1,0.20790719638988833
0.4,y,2.2883205748370097,2,0.7937874184034741
0.4,y,2.2883205748370097,3,0.9250402985738685
0.4,y,2.3658907638145354,0,0.23015504892340496
0.4,y,2.3658907638145354,1,0.3831024079849954
0.4,y,2.3658907638145354,2,0.6265508204298167
0.4,y,2.3658907638145354,3,0.7601917226617825
0.4,y,2.443460952792061,0,0.12063700104360926
0.4,y,2.443460952792061,1,0.2955620524121009
0.4,y,2.443460952792061,2,0.7162196157529084
0.4,y,2.443460952792061,3,0.8675813307913814
0.4,y,2.521031141769587,0,0.12476764665346395
0.4,y,2.521031141769587,1,0.20950640199859927
0.4,y,2.521031141769587,2,0.7871820776700741
0.4,y,2.521031141769587,3,0.878543873677863
0.4,y,2.5986013307471127,0,0.1012021320657454
0.4,y,2.5986013307471127,1,0.2779490465502126
0.4,y,2.5986013307471127,2,0.7185874005928652
0.4,y,2.5986013307471127,3,0.9022614207911764
0.4,y,2.6761715197246385,0,0.18720315447049368
0.4,y,2.6761715197246385,1,0.21709841217949774
0.4,y,2.6761715197246385,2,0.7863987766572098
0.4,y,2.6761715197246385,3,0.8092996566927989
0.4,y,2.7537417087021643,0,0.18556661022211307
0.4,y,2.7537417087021643,1,0.2577914436409735
0.4,y,2.7537417087021643,2,0.7559107776646765
0.4,y,2.7537417087021643,3,0.8007311684722367
0.4,y,2.83131189767969,0,0.19081832754164363
0.4,y,2.83131189767969,1,0.3637796735384474
0.4,y,2.83131189767969,2,0.6394332997040804
0.4,y,2.83131189767969,3,0.8059686992158288
0.4,y,2.908882086657216,0,0.07999454937379792
0.4,y,2.908882086657216,1,0.13827262807239746
0.4,y,2.908882086657216,2,0.8579382916053491
0.4,y,2.908882086657216,3,0.9237945309484556
0.4,y,2.9864522756347416,0,0.16748313048369767
0.4,y,2.9864522756347416,1,0.2557481170318317
0.4,y,2.9864522756347416,2,0.7359646903140604
0.4,y,2.9864522756347416,3,0.8408040621704097
0.4,y,3.0640224646122673,0,0.21393533713406007
0.4,y,3.0640224646122673,1,0.25707864593126517
0.4,y,3.0640224646122673,2,0.7454423569238119
0.4,y,3.0640224646122673,3,0.7835436600108631
0.5,x,-3.141592653589793,0,0.24425882785672978
0.5,x,-3.141592653589793,1,0.42123317369894514
0.5,x,-3.141592653589793,2,0.586512952191359
0.5,x,-3.141592653589793,3,0.7479950462529663
0.5,x,-3.0640224646122673,0,0.29164930164613045
0.5,x,-3.0640224646122673,1,0.42483344444302606
0.5,x,-3.0640224646122673,2,0.5703498967076965
0.5,x,-3.0640224646122673,3,0.7131673572031472
0.5,x,-2.9864522756347416,0,0.29713191979688475
0.5,x,-2.9864522756347416,1,0.3987253495685802
0.5,x,-2.9864522756347416,2,0.5991891818807306
0.5,x,-2.9864522756347416,3,0.7049535487538047
0.5,x,-2.908882086657216,0,0.2581893530329356
0.5,x,-2.908882086657216,1,0.320188825357827
0.5,x,-2.908882086657216,2,0.6772965284759065
0.5,x,-2.908882086657216,3,0.7443252931333302
0.5,x,-2.83131189767969,0,0.29619317016170593
0.5,x,-2.83131189767969,1,0.43192739623181103
0.5,x,-2.83131189767969,2,0.5686137105189555
0.5,x,-2.83131189767969,3,0.7032657230875279
0.5,x,-2.7537417087021643,0,0.27898860987048524
0.5,x,-2.7537417087021643,1,0.3684125253665532
0.5,x,-2.7537417087021643,2,0.6363293209853116
0.5,x,-2.7537417087021643,3,0.7162695437776494
0.5,x,-2.6761715197246385,0,0.21081797257794258
0.5,x,-2.6761715197246385,1,0.42259809713927526
0.5,x,-2.6761715197246385,2,0.577523147089499
0.5,x,-2.6761715197246385,3,0.7890607831932835
0.5,x,-2.5986013307471127,0,0.23396061242584346
0.5,x,-2.5986013307471127,1,0.30650720397406533
0.5,x,-2.5986013307471127,2,0.6678509025822172
0.5,x,-2.5986013307471127,3,0.7916812810178744
0.5,x,-2.521031141769587,0,0.3825136050287742
0.5,x,-2.521031141769587,1,0.4482998449084665
0.5,x,-2.521031141769587,2,0.5519772230252743
0.5,x,-2.521031141769587,3,0.617209327037485
0.5,x,-2.443460952792061,0,0.24768939786768573
0.5,x,-2.443460952792061,1,0.36355534910522047
0.5,x,-2.443460952792061,2,0.6321461648019165
0.5,x,-2.443460952792061,3,0.7566090882251778
0.5,x,-2.3658907638145354,0,0.20358270108645787
0.5,x,-2.3658907638145354,1,0.2978247760544389
0.5,x,-2.3658907638145354,2,0.7189566311625233
0.5,x,-2.3658907638145354,3,0.7796358916965792
0.5,x,-2.2883205748370097,0,0.09829406787863927
0.5,x,-2.2883205748370097,1,0.20272877838077993
0.5,x,-2.2883205748370097,2,0.7905943532220601
0.5,x,-2.2883205748370097,3,0.9083828005185203
0.5,x,-2.210750385859484,0,0.16256384779352487
0.5,x,-2.210750385859484,1,0.2156505845166826
0.5,x,-2.210750385859484,2,0.7706016432211853
0.5,x,-2.210750385859484,3,0.8511839244686076
0.5,x,-2.133180196881958,0,0.11943606316853451
0.5,x,-2.133180196881958,1,0.2437254516367831
0.5,x,-2.133180196881958,2,0.7600079085556418
0.5,x,-2.133180196881958,3,0.8768305766390411
0.5,x,-2.0556100079044324,0,0.25745610537512525
0.5,x,-2.0556100079044324,1,0.3145091225311998
0.5,x,-2.0556100079044324,2,0.6828968149450487
0.5,x,-2.0556100079044324,3,0.7451379571486252
0.5,x,-1.9780398189269068,0,0.05370274668738514
0.5,x,-1.9780398189269068,1,0.2298836487861337
0.5,x,-1.9780398189269068,2,0.7660633181993618
0.5,x,-1.9780398189269068,3,0.9503502863271202
0.5,x,-1.900469629949381,0,0.25235532276561146
0.5,x,-1.900469629949381,1,0.33300245212931767
0.5,x,-1.900469629949381,2,0.6654327995336526
0.5,x,-1.900469629949381,3,0.7492094255714188
0.5,x,-1.8228994409718553,0,0.16175375179194232
0.5,x,-1.8228994409718553,1,0.20966967294029779
0.5,x,-1.8228994409718553,2,0.7993390793182595
0.5,x,-1.8228994409718553,3,0.8292374959495005
0.5,x,-1.7453292519943295,0,0.1283879038841453
0.5,x,-1.7453292519943295,1,0.34004502187457736
0.5,x,-1.7453292519943295,2,0.6557000047536945
0.5,x,-1.7453292519943295,3,0.8758670694875831
0.5,x,-1.6677590630168038,0,0.06412234690598012
0.5,x,-1.6677590630168038,1,0.1331126002480518
0.5,x,-1.6677590630168038,2,0.8574474810099315
0.5,x,-1.6677590630168038,3,0.9453175718360363
0.5,x,-1.590188874039278,0,0.18322099879129486
0.5,x,-1.590188874039278,1,0.21022057515731188
0.5,x,-1.590188874039278,2,0.7872308338242194
0.5,x,-1.590188874039278,3,0.8193275922271739
0.5,x,-1.5126186850617522,0,0.3923469037039644
0.5,x,-1.5126186850617522,1,0.4218627556567701
0.5,x,-1.5126186850617522,2,0.5694703182683774
0.5,x,-1.5126186850617522,3,0.6163200223708879
0.5,x,-1.4350484960842265,0,0.16575708656424482
0.5,x,-1.4350484960842265,1,0.2920256621471606
0.5,x,-1.4350484960842265,2,0.7216211910704262
0.5,x,-1.4350484960842265,3,0.8205960602181688
0.5,x,-1.3574783071067007,0,0.1336387779609565
0.5,x,-1.3574783071067007,1,0.19736035588563636
0.5,x,-1.3574783071067007,2,0.7991757685712394
0.5,x,-1.3574783071067007,3,0.8698250975821675
0.5,x,-1.2799081181291752,0,0.34329263383802877
0.5,x,-1.2799081181291752,1,0.38935076333615015
0.5,x,-1.2799081181291752,2,0.612745113160131
0.5,x,-1.2799081181291752,3,0.6546114896656905
0.5,x,-1.2023379291516494,0,0.1566883328557688
0.5,x,-1.2023379291516494,1,0.2670548759546228
0.5,x,-1.2023379291516494,2,0.7264470473930371
0.5,x,-1.2023379291516494,3,0.8498097437965709
0.5,x,-1.1247677401741236,0,0.35505127058317065
0.5,x,-1.1247677401741236,1,0.4491656745051898
0.5,x,-1.1247677401741236,2,0.5478010083555789
0.5,x,-1.1247677401741236,3,0.647982046556061
0.5,x,-1.0471975511965979,0,0.331498266704414
0.5,x,-1.0471975511965979,1,0.3755955980286325
0.5,x,-1.0471975511965979,2,0.6153261491659074
0.5,x,-1.0471975511965979,3,0.6775799861010465
0.5,x,-0.9696273622190721,0,0.17151411636570402
0.5,x,-0.9696273622190721,1,0.2664887193980112
0.5,x,-0.9696273622190721,2,0.7194088697516242
0.5,x,-0.9696273622190721,3,0.8425882944846608
0.5,x,-0.8920571732415463,0,0.12349140750811465
0.5,x,-0.8920571732415463,1,0.3383942679491143
0.5,x,-0.8920571732415463,2,0.6643928257620298
0.5,x,-0.8920571732415463,3,0.8737214987807408
0.5,x,-0.8144869842640206,0,0.26749190954747115
0.5,x,-0.8144869842640206,1,0.3957513486930994
0.5,x,-0.8144869842640206,2,0.600952118151153
0.5,x,-0.8144869842640206,3,0.7358046236082765
0.5,x,-0.7369167952864948,0,0.239760317568513
0.5,x,-0.7369167952864948,1,0.28704652114177903
0.5,x,-0.7369167952864948,2,0.7100698432447146
0.5,x,-0.7369167952864948,3,0.7631233180449939
0.5,x,-0.659346606308969,0,0.17842504179741092
0.5,x,-0.659346606308969,1,0.3458406154831775
0.5,x,-0.659346606308969,2,0.6563666098208231
0.5,x,-0.659346606308969,3,0.8193677328985884
0.5,x,-0.5817764173314433,0,0.13910916558505534
0.5,x,-0.5817764173314433,1,0.22027102018251074
0.5,x,-0.5817764173314433,2,0.7835015770359252
0.5,x,-0.5817764173314433,3,0.8571182371965088
0.5,x,-0.5042062283539175,0,0.2769560523967765
0.5,x,-0.5042062283539175,1,0.380669142494707
0.5,x,-0.5042062283539175,2,0.6217229266829754
0.5,x,-0.5042062283539175,3,0.7206518784255407
0.5,x,-0.4266360393763917,0,0.10557969015757633
0.5,x,-0.4266360393763917,1,0.15060621769137383
0.5,x,-0.4266360393763917,2,0.8493429182973229
0.5,x,-0.4266360393763917,3,0.8944711738537265
0.5,x,-0.34906585039886595,0,0.1921429112132503
0.5,x,-0.34906585039886595,1,0.3967224926995781
0.5,x,-0.34906585039886595,2,0.6015500196130656
0.5,x,-0.34906585039886595,3,0.8095845764741054
0.5,x,-0.2714956614213402,0,0.2367159303905025
0.5,x,-0.2714956614213402,1,0.38348376973017945
0.5,x,-0.2714956614213402,2,0.6156786150365312
0.5,x,-0.2714956614213402,3,0.7641216848427878
0.5,x,-0.19392547244381442,0,0.23398636811848278
0.5,x,-0.19392547244381442,1,0.2843174523257207
0.5,x,-0.19392547244381442,2,0.710448921726063
0.5,x,-0.19392547244381442,3,0.7712472578297336
0.5,x,-0.11635528346628865,0,0.1815639203365972
0.5,x,-0.11635528346628865,1,0.28890642844530967
0.5,x,-0.11635528346628865,2,0.7119489103658727
0.5,x,-0.11635528346628865,3,0.8175807408522202
0.5,x,-0.03878509448876288,0,0.20807338120586796
0.5,x,-0.03878509448876288,1,0.329728325969001
0.5,x,-0.03878509448876288,2,0.6704764140143942
0.5,x,-0.03878509448876288,3,0.7917218788107359
0.5,x,0.03878509448876288,0,0.11458642758713063
0.5,x,0.03878509448876288,1,0.17435554028780542
0.5,x,0.03878509448876288,2,0.8246895984283781
0.5,x,0.03878509448876288,3,0.8863684336966853
0.5,x,0.11635528346628865,0,0.27676682098934374
0.5,x,0.11635528346628865,1,0.3776880843634679
0.5,x,0.11635528346628865,2,0.6213359171006068
0.5,x,0.11635528346628865,3,0.7242091775465824
0.5,x,0.19392547244381442,0,0.1166808221484225
0.5,x,0.19392547244381442,1,0.3317809274603906
0.5,x,0.19392547244381442,2,0.6689008829421388
0.5,x,0.19392547244381442,3,0.8826373674490485
0.5,x,0.2714956614213402,0,0.28364007651463774
0.5,x,0.2714956614213402,1,0.37791939977009087
0.5,x,0.2714956614213402,2,0.6177907027487093
0.5,x,0.2714956614213402,3,0.7206498209665619
0.5,x,0.34906585039886595,0,0.2692553095498834
0.5,x,0.34906585039886595,1,0.3466461943723161
0.5,x,0.34906585039886595,2,0.6520560860831583
0.5,x,0.34906585039886595,3,0.7320424099946417
0.5,x,0.4266360393763917,0,0.19571127121087342
0.5,x,0.4266360393763917,1,0.4137560893340197
0.5,x,0.4266360393763917,2,0.5859416479780981
0.5,x,0.4266360393763917,3,0.8045909914770089
0.5,x,0.5042062283539175,0,0.36156718842990565
0.5,x,0.5042062283539175,1,0.39064169197862125
0.5,x,0.5042062283539175,2,0.6075687187594505
0.5,x,0.5042062283539175,3,0.6402224008320224
0.5,x,0.5817764173314428,0,0.15150876360462837
0.5,x,0.5817764173314428,1,0.37196665652956185
0.5,x,0.5817764173314428,2,0.6305327038771661
0.5,x,0.5817764173314428,3,0.8459918759886446
0.5,x,0.6593466063089686,0,0.04414101695466302
0.5,x,0.6593466063089686,1,0.19045082748247238
0.5,x,0.6593466063089686,2,0.8098919484905813
0.5,x,0.6593466063089686,3,0.9555162070722835
0.5,x,0.7369167952864943,0,0.2303456263464486
0.5,x,0.7369167952864943,1,0.30346100394132364
0.5,x,0.7369167952864943,2,0.7108619685909683
0.5,x,0.7369167952864943,3,0.7553314011212598
0.5,x,0.8144869842640201,0,0.08488616357130806
0.5,x,0.8144869842640201,1,0.2677642963243342
0.5,x,0.8144869842640201,2,0.7314026389064561
0.5,x,0.8144869842640201,3,0.9159469011979012
0.5,x,0.8920571732415459,0,0.27319243628038653
0.5,x,0.8920571732415459,1,0.4112003086039116
0.5,x,0.8920571732415459,2,0.589096877876804
0.5,x,0.8920571732415459,3,0.7265103772388981
0.5,x,0.9696273622190716,0,0.10545327912814591
0.5,x,0.9696273622190716,1,0.25078562629206785
0.5,x,0.9696273622190716,2,0.7463308742345045
0.5,x,0.9696273622190716,3,0.8974302203452817
0.5,x,1.0471975511965974,0,0.2695443812237532
0.5,x,1.0471975511965974,1,0.298185641212872
0.5,x,1.0471975511965974,2,0.6886401520281216
0.5,x,1.0471975511965974,3,0.7436298255352528
0.5,x,1.1247677401741232,0,0.1950949461701943
0.5,x,1.1247677401741232,1,0.39380740591889907
0.5,x,1.1247677401741232,2,0.6134304851825638
0.5,x,1.1247677401741232,3,0.797667162728343
0.5,x,1.202337929151649,0,0.1818303543369675
0.5,x,1.202337929151649,1,0.3251445455516049
0.5,x,1.202337929151649,2,0.6765259098320859
0.5,x,1.202337929151649,3,0.8164991902793411
0.5,x,1.2799081181291747,0,0.2903762507460674
0.5,x,1.2799081181291747,1,0.4227387185437156
0.5,x,1.2799081181291747,2,0.596936381786305
0.5,x,1.2799081181291747,3,0.689948648923913
0.5,x,1.3574783071067005,0,0.17965067172021093
0.5,x,1.3574783071067005,1,0.30205559392643494
0.5,x,1.3574783071067005,2,0.6913577727559954
0.5,x,1.3574783071067005,3,0.8269359615973585
0.5,x,1.4350484960842262,0,0.2868560558904588
0.5,x,1.4350484960842262,1,0.33594874564260707
0.5,x,1.4350484960842262,2,0.6659474144072361
0.5,x,1.4350484960842262,3,0.7112477840596984
0.5,x,1.512618685061752,0,0.14189985452237386
0.5,x,1.512618685061752,1,0.4317106824570623
0.5,x,1.512618685061752,2,0.5742301476265939
0.5,x,1.512618685061752,3,0.8521593153939704
0.5,x,1.5901888740392778,0,0.0824725366758422
0.5,x,1.5901888740392778,1,0.14730195383789438
0.5,x,1.5901888740392778,2,0.8439404363079696
0.5,x,1.5901888740392778,3,0.9262850731782933
0.5,x,1.6677590630168035,0,0.10887717368050737
0.5,x,1.6677590630168035,1,0.2697135229180075
0.5,x,1.6677590630168035,2,0.7298414101432049
0.5,x,1.6677590630168035,3,0.8915678932582793
0.5,x,1.7453292519943293,0,0.16035831783475216
0.5,x,1.7453292519943293,1,0.2811464522366514
0.5,x,1.7453292519943293,2,0.7247144729560507
0.5,x,1.7453292519943293,3,0.8337807569725452
0.5,x,1.822899440971855,0,0.19818652426747957
0.5,x,1.822899440971855,1,0.3075160633435929
0.5,x,1.822899440971855,2,0.6911930862142555
0.5,x,1.822899440971855,3,0.8031043261746722
0.5,x,1.9004696299493808,0,0.24265006908509476
0.5,x,1.9004696299493808,1,0.32156744978401847
0.5,x,1.9004696299493808,2,0.6634051383402785
0.5,x,1.9004696299493808,3,0.7723773427906087
0.5,x,1.9780398189269066,0,0.24232441362256762
0.5,x,1.9780398189269066,1,0.3047562290135828
0.5,x,1.9780398189269066,2,0.7164518145814359
0.5,x,1.9780398189269066,3,0.736467542782414
0.5,x,2.0556100079044324,0,0.21521184067261692
0.5,x,2.0556100079044324,1,0.3816271947602086
0.5,x,2.0556100079044324,2,0.6071207702446926
0.5,x,2.0556100079044324,3,0.7960401943224815
0.5,x,2.133180196881958,0,0.17222427738941753
0.5,x,2.133180196881958,1,0.21387837407342106
0.5,x,2.133180196881958,2,0.7953854238707927
0.5,x,2.133180196881958,3,0.8185119246663688
0.5,x,2.210750385859484,0,0.3066876316246177
0.5,x,2.210750385859484,1,0.34366796723738774
0.5,x,2.210750385859484,2,0.6446018965597557
0.5,x,2.210750385859484,3,0.7050425045782396
0.5,x,2.2883205748370097,0,0.23088910403215093
0.5,x,2.2883205748370097,1,0.2744706798468026
0.5,x,2.2883205748370097,2,0.7187286726248526
0.5,x,2.2883205748370097,3,0.7759115434961941
0.5,x,2.3658907638145354,0,0.1791271244111364
0.5,x,2.3658907638145354,1,0.30921763726742435
0.5,x,2.3658907638145354,2,0.6889652626567206
0.5,x,2.3658907638145354,3,0.8226899756647179
0.5,x,2.443460952792061,0,0.1651493844048751
0.5,x,2.443460952792061,1,0.31564761245503736
0.5,x,2.443460952792061,2,0.6936804449390398
0.5,x,2.443460952792061,3,0.8255225582010481
0.5,x,2.521031141769587,0,0.2767286359334159
0.5,x,2.521031141769587,1,0.3785157967213455
0.5,x,2.521031141769587,2,0.622922076283628
0.5,x,2.521031141769587,3,0.7218334910616102
0.5,x,2.5986013307471127,0,0.22976583319382846
0.5,x,2.5986013307471127,1,0.3459809761281169
0.5,x,2.5986013307471127,2,0.6529090580378532
0.5,x,2.5986013307471127,3,0.771344132640202
0.5,x,2.6761715197246385,0,0.26724042084903366
0.5,x,2.6761715197246385,1,0.3556607272448131
0.5,x,2.6761715197246385,2,0.6401158350361368
0.5,x,2.6761715197246385,3,0.7369830168700164
0.5,x,2.7537417087021643,0,0.22030671250138945
0.5,x,2.7537417087021643,1,0.3101268358300017
0.5,x,2.7537417087021643,2,0.6858470670034786
0.5,x,2.7537417087021643,3,0.7837193846651298
0.5,x,2.83131189767969,0,0.28862253751712696
0.5,x,2.83131189767969,1,0.4227196020042699
0.5,x,2.83131189767969,2,0.5841178643167372
0.5,x,2.83131189767969,3,0.7045399961618664
0.5,x,2.908882086657216,0,0.1221988566027829
0.5,x,2.908882086657216,1,0.21677308414320295
0.5,x,2.908882086657216,2,0.8095262031252426
0.5,x,2.908882086657216,3,0.8515018561287718
0.5,x,2.9864522756347416,0,0.05903936733244615
0.5,x,2.9864522756347416,1,0.36620597436443036
0.5,x,2.9864522756347416,2,0.6376743269734169
0.5,x,2.9864522756347416,3,0.9370803313297076
0.5,x,3.0640224646122673,0,0.1567124385084194
0.5,x,3.0640224646122673,1,0.3177733258428455
0.5,x,3.0640224646122673,2,0.6739601229195378
0.5,x,3.0640224646122673,3,0.851554112729198
0.5,y,-3.141592653589793,0,0.24749639479288507
0.5,y,-3.141592653589793,1,0.3723658399480578
0.5,y,-3.141592653589793,2,0.6191651904577371
0.5,y,-3.141592653589793,3,0.7609725748013201
0.5,y,-3.0640224646122673,0,0.25993318051181385
0.5,y,-3.0640224646122673,1,0.283592811898529
0.5,y,-3.0640224646122673,2,0.6993221682913814
0.5,y,-3.0640224646122673,3,0.7571518392982753
0.5,y,-2.9864522756347416,0,0.305766754289783
0.5,y,-2.9864522756347416,1,0.38494530673528987
0.5,y,-2.9864522756347416,2,0.6098667795047076
0.5,y,-2.9864522756347416,3,0.6994211594702191
0.5,y,-2.908882086657216,0,0.1346795264418686
0.5,y,-2.908882086657216,1,0.18409132970539255
0.5,y,-2.908882086657216,2,0.8103968434289959
0.5,y,-2.908882086657216,3,0.8708323004237427
0.5,y,-2.83131189767969,0,0.18132501293394107
0.5,y,-2.83131189767969,1,0.30773972890258455
0.5,y,-2.83131189767969,2,0.6914740693355377
0.5,y,-2.83131189767969,3,0.8194611888279368
0.5,y,-2.7537417087021643,0,0.3310771145984672
0.5,y,-2.7537417087021643,1,0.41198396776357793
0.5,y,-2.7537417087021643,2,0.5921473631128636
0.5,y,-2.7537417087021643,3,0.6647915545250906
0.5,y,-2.6761715197246385,0,0.3571479595408774
0.5,y,-2.6761715197246385,1,0.4076968366603621
0.5,y,-2.6761715197246385,2,0.5833443085830237
0.5,y,-2.6761715197246385,3,0.6518108952157373
0.5,y,-2.5986013307471127,0,0.24887763140869454
0.5,y,-2.5986013307471127,1,0.3829947721840348
0.5,y,-2.5986013307471127,2,0.6163709828175699
0.5,y,-2.5986013307471127,3,0.7517566135897008
0.5,y,-2.521031141769587,0,0.2133582217294662
0.5,y,-2.521031141769587,1,0.3488568837518423
0.5,y,-2.521031141769587,2,0.6501293749988692
0.5,y,-2.521031141769587,3,0.7876555195198223
0.5,y,-2.443460952792061,0,0.19745443975582042
0.5,y,-2.443460952792061,1,0.2656490580756977
0.5,y,-2.443460952792061,2,0.7332518328928391
0.5,y,-2.443460952792061,3,0.8036446692756419
0.5,y,-2.3658907638145354,0,0.21172438412771072
0.5,y,-2.3658907638145354,1,0.3451525706017191
0.5,y,-2.3658907638145354,2,0.6516027310012205
0.5,y,-2.3658907638145354,3,0.7915203142693495
0.5,y,-2.2883205748370097,0,0.22265978205283588
0.5,y,-2.2883205748370097,1,0.2937600007169101
0.5,y,-2.2883205748370097,2,0.6931454709969429
0.5,y,-2.2883205748370097,3,0.7904347462333114
0.5,y,-2.210750385859484,0,0.22479330931261926
0.5,y,-2.210750385859484,1,0.33519420530084865
0.5,y,-2.210750385859484,2,0.6706250533253013
0.5,y,-2.210750385859484,3,0.7693874320612312
0.5,y,-2.133180196881958,0,0.2485917710820071
0.5,y,-2.133180196881958,1,0.42272246987317463
0.5,y,-2.133180196881958,2,0.5777473856565019
0.5,y,-2.133180196881958,3,0.750938373388316
0.5,y,-2.0556100079044324,0,0.10528418044123736
0.5,y,-2.0556100079044324,1,0.36039611888000866
0.5,y,-2.0556100079044324,2,0.644584025126067
0.5,y,-2.0556100079044324,3,0.8897356755526876
0.5,y,-1.9780398189269068,0,0.1316706696076214
0.5,y,-1.9780398189269068,1,0.3234554624126807
0.5,y,-1.9780398189269068,2,0.6714653213072967
0.5,y,-1.9780398189269068,3,0.873408546672401
0.5,y,-1.900469629949381,0,0.1380558679738723
0.5,y,-1.900469629949381,1,0.1848075301195244
0.5,y,-1.900469629949381,2,0.8089755342601157
0.5,y,-1.900469629949381,3,0.8681610676464875
0.5,y,-1.8228994409718553,0,0.12058791327307584
0.5,y,-1.8228994409718553,1,0.22763331900747558
0.5,y,-1.8228994409718553,2,0.7661621147417887
0.5,y,-1.8228994409718553,3,0.8856166529776607
0.5,y,-1.7453292519943295,0,0.14235090025629496
0.5,y,-1.7453292519943295,1,0.26469831138646477
0.5,y,-1.7453292519943295,2,0.7813289434019837
0.5,y,-1.7453292519943295,3,0.8116218449552565
0.5,y,-1.6677590630168038,0,0.14839833873240674
0.5,y,-1.6677590630168038,1,0.2627289048199119
0.5,y,-1.6677590630168038,2,0.745219657241962
0.5,y,-1.6677590630168038,3,0.8436530992057185
0.5,y,-1.590188874039278,0,0.26264404094638916
0.5,y,-1.590188874039278,1,0.3777916187046209
0.5,y,-1.590188874039278,2,0.6179029084688634
0.5,y,-1.590188874039278,3,0.7416614318801258
0.5,y,-1.5126186850617522,0,0.19011970162887226
0.5,y,-1.5126186850617522,1,0.3282946567870048
0.5,y,-1.5126186850617522,2,0.6769813672950316
0.5,y,-1.5126186850617522,3,0.8046042742890909
0.5,y,-1.4350484960842265,0,0.14743686941008147
0.5,y,-1.4350484960842265,1,0.2001097648850943
0.5,y,-1.4350484960842265,2,0.8061307522797317
0.5,y,-1.4350484960842265,3,0.8463226134250932
0.5,y,-1.3574783071067007,0,0.17788298578872658
0.5,y,-1.3574783071067007,1,0.29951439037754707
0.5,y,-1.3574783071067007,2,0.7010528358602346
0.5,y,-1.3574783071067007,3,0.8215497879734919
0.5,y,-1.2799081181291752,0,0.15695541781322214
0.5,y,-1.2799081181291752,1,0.2072367405695187
0.5,y,-1.2799081181291752,2,0.7843663282508859
0.5,y,-1.2799081181291752,3,0.8514415133663734
0.5,y,-1.2023379291516494,0,0.1540007959154989
0.5,y,-1.2023379291516494,1,0.29296975091106264
0.5,y,-1.2023379291516494,2,0.7097278738685098
0.5,y,-1.2023379291516494,3,0.843301579304929
0.5,y,-1.1247677401741236,0,0.06887375918612076
0.5,y,-1.1247677401741236,1,0.28923395335866736
0.5,y,-1.1247677401741236,2,0.7094208802288238
0.5,y,-1.1247677401741236,3,0.9324714072263885
0.5,y,-1.0471975511965979,0,0.3203139591599896
0.5,y,-1.0471975511965979,1,0.3871069137795317
0.5,y,-1.0471975511965979,2,0.6097072524030984
0.5,y,-1.0471975511965979,3,0.6828718746573804
0.5,y,-0.9696273622190721,0,0.1842744630993515
0.5,y,-0.9696273622190721,1,0.29208728940532297
0.5,y,-0.9696273622190721,2,0.7008662853172416
0.5,y,-0.9696273622190721,3,0.8227719621780847
0.5,y,-0.8920571732415463,0,0.24596238660930372
0.5,y,-0.8920571732415463,1,0.32211877073050454
0.5,y,-0.8920571732415463,2,0.6713662251961864
0.5,y,-0.8920571732415463,3,0.7605526174640049
0.5,y,-0.8144869842640206,0,0.23007543443687586
0.5,y,-0.8144869842640206,1,0.29987917655931484
0.5,y,-0.8144869842640206,2,0.7052844564081515
0.5,y,-0.8144869842640206,3,0.7647609325956579
0.5,y,-0.7369167952864948,0,0.17236082166997546
0.5,y,-0.7369167952864948,1,0.2658193217296881
0.5,y,-0.7369167952864948,2,0.7366892836757748
0.5,y,-0.7369167952864948,3,0.8251305729245613
0.5,y,-0.659346606308969,0,0.19724612421959856
0.5,y,-0.659346606308969,1,0.24168622915805463
0.5,y,-0.659346606308969,2,0.7515067901364177
0.5,y,-0.659346606308969,3,0.8095608564859287
0.5,y,-0.5817764173314433,0,0.24961824647456043
0.5,y,-0.5817764173314433,1,0.4004349556415226
0.5,y,-0.5817764173314433,2,0.5968904033457794
0.5,y,-0.5817764173314433,3,0.7530563945381374
0.5,y,-0.5042062283539175,0,0.26379256314041893
0.5,y,-0.5042062283539175,1,0.2862173799397147
0.5,y,-0.5042062283539175,2,0.7135433347350868
0.5,y,-0.5042062283539175,3,0.7364467221847786
0.5,y,-0.4266360393763917,0,0.16561544180704965
0.5,y,-0.4266360393763917,1,0.20728321515409073
0.5,y,-0.4266360393763917,2,0.7857090915003884
0.5,y,-0.4266360393763917,3,0.8413922515384709
0.5,y,-0.34906585039886595,0,0.3547932971464875
0.5,y,-0.34906585039886595,1,0.41872386372612835
0.5,y,-0.34906585039886595,2,0.5856659827878952
0.5,y,-0.34906585039886595,3,0.6408168563394889
0.5,y,-0.2714956614213402,0,0.298059139811005
0.5,y,-0.2714956614213402,1,0.34794397459545934
0.5,y,-0.2714956614213402,2,0.6523791057206969
0.5,y,-0.2714956614213402,3,0.7016177798728391
0.5,y,-0.19392547244381442,0,0.2394976338438373
0.5,y,-0.19392547244381442,1,0.4148682747937174
0.5,y,-0.19392547244381442,2,0.5881192897893036
0.5,y,-0.19392547244381442,3,0.7575148015731412
0.5,y,-0.11635528346628865,0,0.16374352102977968
0.5,y,-0.11635528346628865,1,0.34636167085157793
0.5,y,-0.11635528346628865,2,0.6550074866035671
0.5,y,-0.11635528346628865,3,0.8348873215150753
0.5,y,-0.03878509448876288,0,0.20207997108912304
0.5,y,-0.03878509448876288,1,0.3444226868327311
0.5,y,-0.03878509448876288,2,0.654413670423981
0.5,y,-0.03878509448876288,3,0.7990836716541647
0.5,y,0.03878509448876288,0,0.18449700809284858
0.5,y,0.03878509448876288,1,0.26555529012192886
0.5,y,0.03878509448876288,2,0.7319816868949388
0.5,y,0.03878509448876288,3,0.817966014890283
0.5,y,0.11635528346628865,0,0.13606833955182396
0.5,y,0.11635528346628865,1,0.3075145713205161
0.5,y,0.11635528346628865,2,0.6926244125343592
0.5,y,0.11635528346628865,3,0.8637926765933006
0.5,y,0.19392547244381442,0,0.14165276400469284
0.5,y,0.19392547244381442,1,0.23235490170036782
0.5,y,0.19392547244381442,2,0.7671583032398945
0.5,y,0.19392547244381442,3,0.8588340310550447
0.5,y,0.2714956614213402,0,0.18255711281231768
0.5,y,0.2714956614213402,1,0.33760381748199303
0.5,y,0.2714956614213402,2,0.6608558592935401
0.5,y,0.2714956614213402,3,0.8189832104121492
0.5,y,0.34906585039886595,0,0.2339409637116335
0.5,y,0.34906585039886595,1,0.29077708245317907
0.5,y,0.34906585039886595,2,0.7051417438854275
0.5,y,0.34906585039886595,3,0.7701402099497595
0.5,y,0.4266360393763917,0,0.37010597301753145
0.5,y,0.4266360393763917,1,0.45647394888963183
0.5,y,0.4266360393763917,2,0.5454875937932672
0.5,y,0.4266360393763917,3,0.6279324842995697
0.5,y,0.5042062283539175,0,0.2130622236477487
0.5,y,0.5042062283539175,1,0.3424566905191128
0.5,y,0.5042062283539175,2,0.6572609048589828
0.5,y,0.5042062283539175,3,0.7872201809741556
0.5,y,0.5817764173314428,0,0.12380508433107658
0.5,y,0.5817764173314428,1,0.32868231277247895
0.5,y,0.5817764173314428,2,0.6675109021917666
0.5,y,0.5817764173314428,3,0.8800017007046786
0.5,y,0.6593466063089686,0,0.10571884140156959
0.5,y,0.6593466063089686,1,0.3215684308335707
0.5,y,0.6593466063089686,2,0.6785111616827993
0.5,y,0.6593466063089686,3,0.8942015660820606
0.5,y,0.7369167952864943,0,0.21538438601452314
0.5,y,0.7369167952864943,1,0.2450390294290816
0.5,y,0.7369167952864943,2,0.75103655097364
0.5,y,0.7369167952864943,3,0.7885400335827558
0.5,y,0.8144869842640201,0,0.17155320867485807
0.5,y,0.8144869842640201,1,0.2641263084162685
0.5,y,0.8144869842640201,2,0.7317839966807141
0.5,y,0.8144869842640201,3,0.8325364862281601
0.5,y,0.8920571732415459,0,0.10708613744818546
0.5,y,0.8920571732415459,1,0.14558337220396617
0.5,y,0.8920571732415459,2,0.8513253771216602
0.5,y,0.8920571732415459,3,0.8960051132261869
0.5,y,0.9696273622190716,0,0.07957334891409565
0.5,y,0.9696273622190716,1,0.2159391277047003
0.5,y,0.9696273622190716,2,0.7848219868520311
0.5,y,0.9696273622190716,3,0.9196655365291733
0.5,y,1.0471975511965974,0,0.17025304040846978
0.5,y,1.0471975511965974,1,0.3016424803801951
0.5,y,1.0471975511965974,2,0.7045650575077953
0.5,y,1.0471975511965974,3,0.8235394217035394
0.5,y,1.1247677401741232,0,0.14257431590510708
0.5,y,1.1247677401741232,1,0.2864610870999216
0.5,y,1.1247677401741232,2,0.7187645745103987
0.5,y,1.1247677401741232,3,0.8522000224845734
0.5,y,1.202337929151649,0,0.23993826866126702
0.5,y,1.202337929151649,1,0.2897968415384606
0.5,y,1.202337929151649,2,0.7136569023954676
0.5,y,1.202337929151649,3,0.7566079874048048
0.5,y,1.2799081181291747,0,0.2239008288855405
0.5,y,1.2799081181291747,1,0.3251146443456469
0.5,y,1.2799081181291747,2,0.6712333657782188
0.5,y,1.2799081181291747,3,0.7797511609905936
0.5,y,1.3574783071067005,0,0.14380664923473913
0.5,y,1.3574783071067005,1,0.38778161983487286
0.5,y,1.3574783071067005,2,0.6110496114227053
0.5,y,1.3574783071067005,3,0.8573621195076825
0.5,y,1.4350484960842262,0,0.18250814711014657
0.5,y,1.4350484960842262,1,0.3848239299681694
0.5,y,1.4350484960842262,2,0.6246894368211368
0.5,y,1.4350484960842262,3,0.8079784861005476
0.5,y,1.512618685061752,0,0.20662534452400916
0.5,y,1.512618685061752,1,0.25635395569379266
0.5,y,1.512618685061752,2,0.7421402745862912
0.5,y,1.512618685061752,3,0.7948804251959065
0.5,y,1.5901888740392778,0,0.22754002474471846
0.5,y,1.5901888740392778,1,0.34911781601167463
0.5,y,1.5901888740392778,2,0.6485045442639342
0.5,y,1.5901888740392778,3,0.7748376149796722
0.5,y,1.6677590630168035,0,0.1539684658574801
0.5,y,1.6677590630168035,1,0.3640271705009907
0.5,y,1.6677590630168035,2,0.631165840255167
0.5,y,1.6677590630168035,3,0.850838523386362
0.5,y,1.7453292519943293,0,0.14379266099304736
0.5,y,1.7453292519943293,1,0.2191404123133565
0.5,y,1.7453292519943293,2,0.7769056281396339
0.5,y,1.7453292519943293,3,0.8601612985539622
0.5,y,1.822899440971855,0,0.22682878109797164
0.5,y,1.822899440971855,1,0.35679355427693976
0.5,y,1.822899440971855,2,0.6428473723575512
0.5,y,1.822899440971855,3,0.773530292267538
0.5,y,1.9004696299493808,0,0.17121914429509144
0.5,y,1.9004696299493808,1,0.2542075224238117
0.5,y,1.9004696299493808,2,0.7356528761205711
0.5,y,1.9004696299493808,3,0.8389204571605261
0.5,y,1.9780398189269066,0,0.293901863734773
0.5,y,1.9780398189269066,1,0.3362287212290496
0.5,y,1.9780398189269066,2,0.6745171495190216
0.5,y,1.9780398189269066,3,0.695352265517156
0.5,y,2.0556100079044324,0,0.16457007895124123
0.5,y,2.0556100079044324,1,0.19834489560999344
0.5,y,2.0556100079044324,2,0.7857215439382987
0.5,y,2.0556100079044324,3,0.8513634815004674
0.5,y,2.133180196881958,0,0.15897411410296491
0.5,y,2.133180196881958,1,0.3427629800640507
0.5,y,2.133180196881958,2,0.652683564522883
0.5,y,2.133180196881958,3,0.8455793413101018
0.5,y,2.210750385859484,0,0.22404588406327716
0.5,y,2.210750385859484,1,0.2805544403696902
0.5,y,2.210750385859484,2,0.7168389967014583
0.5,y,2.210750385859484,3,0.7785606788655742
0.5,y,2.2883205748370097,0,0.11384278251606483
0.5,y,2.2883205748370097,1,0.3007296309733131
0.5,y,2.2883205748370097,2,0.6934934503218659
0.5,y,2.2883205748370097,3,0.8919341361887554
0.5,y,2.3658907638145354,0,0.20083323917232607
0.5,y,2.3658907638145354,1,0.28235289846412004
0.5,y,2.3658907638145354,2,0.7217761737301049
0.5,y,2.3658907638145354,3,0.7950376886334491
0.5,y,2.443460952792061,0,0.08203556117532233
0.5,y,2.443460952792061,1,0.2853232632559233
0.5,y,2.443460952792061,2,0.7192740151515719
0.5,y,2.443460952792061,3,0.913367160417182
0.5,y,2.521031141769587,0,0.15571069562138326
0.5,y,2.521031141769587,1,0.21062435244246175
0.5,y,2.521031141769587,2,0.7816514506179577
0.5,y,2.521031141769587,3,0.8520135013181964
0.5,y,2.5986013307471127,0,0.20759932572458245
0.5,y,2.5986013307471127,1,0.3526670550325499
0.5,y,2.5986013307471127,2,0.6451676685740932
0.5,y,2.5986013307471127,3,0.7945659506687747
0.5,y,2.6761715197246385,0,0.1524120992666709
0.5,y,2.6761715197246385,1,0.3873383642194384
0.5,y,2.6761715197246385,2,0.6088646062948051
0.5,y,2.6761715197246385,3,0.8513849302190861
0.5,y,2.7537417087021643,0,0.19201921145182904
0.5,y,2.7537417087021643,1,0.29863827782748287
0.5,y,2.7537417087021643,2,0.6882408452058302
0.5,y,2.7537417087021643,3,0.8211016655148582
0.5,y,2.83131189767969,0,0.14751633328255415
0.5,y,2.83131189767969,1,0.385315963628757
0.5,y,2.83131189767969,2,0.6086076404343261
0.5,y,2.83131189767969,3,0.8585600626543622
0.5,y,2.908882086657216,0,0.1135067948241932
0.5,y,2.908882086657216,1,0.22956716987799816
0.5,y,2.908882086657216,2,0.7582024925372213
0.5,y,2.908882086657216,3,0.8987235427605877
0.5,y,2.9864522756347416,0,0.20991905838155936
0.5,y,2.9864522756347416,1,0.44776956439718935
0.5,y,2.9864522756347416,2,0.5457411973907629
0.5,y,2.9864522756347416,3,0.796570179830488
0.5,y,3.0640224646122673,0,0.09376103787807481
0.5,y,3.0640224646122673,1,0.2246585818667075
0.5,y,3.0640224646122673,2,0.7657425414482961
0.5,y,3.0640224646122673,3,0.9158378388069215
0.6,x,-3.141592653589793,0,0.21024285744416832
0.6,x,-3.141592653589793,1,0.40217290679370693
0.6,x,-3.141592653589793,2,0.6026278693450312
0.6,x,-3.141592653589793,3,0.7933842415389261
0.6,x,-3.0640224646122673,0,0.04172262126884501
0.6,x,-3.0640224646122673,1,0.25579099938361755
0.6,x,-3.0640224646122673,2,0.7497715266456443
0.6,x,-3.0640224646122673,3,0.952714852701893
0.6,x,-2.9864522756347416,0,0.27937807291592825
0.6,x,-2.9864522756347416,1,0.3105596079467927
0.6,x,-2.9864522756347416,2,0.6772795827424236
0.6,x,-2.9864522756347416,3,0.7327827363948545
0.6,x,-2.908882086657216,0,0.26724268829876446
0.6,x,-2.908882086657216,1,0.3827920604149977
0.6,x,-2.908882086657216,2,0.6249079788460447
0.6,x,-2.908882086657216,3,0.7250572724401929
0.6,x,-2.83131189767969,0,0.0501132716924374
0.6,x,-2.83131189767969,1,0.1694035698080804
0.6,x,-2.83131189767969,2,0.8319738101021077
0.6,x,-2.83131189767969,3,0.9485093483973741
0.6,x,-2.7537417087021643,0,0.11045843522727898
0.6,x,-2.7537417087021643,1,0.4197732867626572
0.6,x,-2.7537417087021643,2,0.5781156257207678
0.6,x,-2.7537417087021643,3,0.8916526522892955
0.6,x,-2.6761715197246385,0,0.1435579563412841
0.6,x,-2.6761715197246385,1,0.31065988702263875
0.6,x,-2.6761715197246385,2,0.6941072519668192
0.6,x,-2.6761715197246385,3,0.8516749046692573
0.6,x,-2.5986013307471127,0,0.18112963757576753
0.6,x,-2.5986013307471127,1,0.2821923702171653
0.6,x,-2.5986013307471127,2,0.7286116169541936
0.6,x,-2.5986013307471127,3,0.8080663752528735
0.6,x,-2.521031141769587,0,0.20077832819993405
0.6,x,-2.521031141769587,1,0.2566871925146347
0.6,x,-2.521031141769587,2,0.7434286662437806
0.6,x,-2.521031141769587,3,0.7991058130416503
0.6,x,-2.443460952792061,0,0.05155134288938703
0.6,x,-2.443460952792061,1,0.3020156812391322
0.6,x,-2.443460952792061,2,0.7009332384677452
0.6,x,-2.443460952792061,3,0.9454997374037352
0.6,x,-2.3658907638145354,0,0.1929819900135342
0.6,x,-2.3658907638145354,1,0.2549568444074575
0.6,x,-2.3658907638145354,2,0.7421711303852174
0.6,x,-2.3658907638145354,3,0.8098900351937911
0.6,x,-2.2883205748370097,0,0.11126795362026635
0.6,x,-2.2883205748370097,1,0.19894307074733697
0.6,x,-2.2883205748370097,2,0.8006351794886908
0.6,x,-2.2883205748370097,3,0.8891537961437056
0.6,x,-2.210750385859484,0,0.16434441308036463
0.6,x,-2.210750385859484,1,0.23790046626793043
0.6,x,-2.210750385859484,2,0.759272695245381
0.6,x,-2.210750385859484,3,0.8384824254063243
0.6,x,-2.133180196881958,0,0.2319500415483675
0.6,x,-2.133180196881958,1,0.3261594970888721
0.6,x,-2.133180196881958,2,0.6747019179254445
0.6,x,-2.133180196881958,3,0.7671885434373156
0.6,x,-2.0556100079044324,0,0.23142265812878657
0.6,x,-2.0556100079044324,1,0.2870201144475157
0.6,x,-2.0556100079044324,2,0.7224388206325302
0.6,x,-2.0556100079044324,3,0.7591184067911674
0.6,x,-1.9780398189269068,0,0.2344549272148719
0.6,x,-1.9780398189269068,1,0.2930555265480675
0.6,x,-1.9780398189269068,2,0.7107468462808855
0.6,x,-1.9780398189269068,3,0.7617426999561755
0.6,x,-1.900469629949381,0,0.14767197993290673
0.6,x,-1.900469629949381,1,0.3243023826834676
0.6,x,-1.900469629949381,2,0.6698065018501524
0.6,x,-1.900469629949381,3,0.8582191355334723
0.6,x,-1.8228994409718553,0,0.3738679242360171
0.6,x,-1.8228994409718553,1,0.4006585265086128
0.6,x,-1.8228994409718553,2,0.5625736446564676
0.6,x,-1.8228994409718553,3,0.6628999045989026
0.6,x,-1.7453292519943295,0,0.2783478588042564
0.6,x,-1.7453292519943295,1,0.35038421312296786
0.6,x,-1.7453292519943295,2,0.6607146116424807
0.6,x,-1.7453292519943295,3,0.7105533164302945
0.6,x,-1.6677590630168038,0,0.10229490340190162
0.6,x,-1.6677590630168038,1,0.23234223879809718
0.6,x,-1.6677590630168038,2,0.7706684534643726
0.6,x,-1.6677590630168038,3,0.8946944043356282
0.6,x,-1.590188874039278,0,0.13116181231948906
0.6,x,-1.590188874039278,1,0.404648417742025
0.6,x,-1.590188874039278,2,0.5884222145508631
0.6,x,-1.590188874039278,3,0.8757675553876227
0.6,x,-1.5126186850617522,0,0.21733396580948353
0.6,x,-1.5126186850617522,1,0.40054146296870735
0.6,x,-1.5126186850617522,2,0.5960279096909723
0.6,x,-1.5126186850617522,3,0.786096661530837
0.6,x,-1.4350484960842265,0,0.2821754657805252
0.6,x,-1.4350484960842265,1,0.34143107495629016
0.6,x,-1.4350484960842265,2,0.665375893395304
0.6,x,-1.4350484960842265,3,0.711017565867881
0.6,x,-1.3574783071067007,0,0.23551592233404237
0.6,x,-1.3574783071067007,1,0.28069469091433896
0.6,x,-1.3574783071067007,2,0.7029000803341912
0.6,x,-1.3574783071067007,3,0.7808893064174269
0.6,x,-1.2799081181291752,0,0.2849027278786465
0.6,x,-1.2799081181291752,1,0.3708602693046401
0.6,x,-1.2799081181291752,2,0.6278009360579091
0.6,x,-1.2799081181291752,3,0.7164360667588052
0.6,x,-1.2023379291516494,0,0.2432895083477497
0.6,x,-1.2023379291516494,1,0.28842472479949427
0.6,x,-1.2023379291516494,2,0.6990254314417406
0.6,x,-1.2023379291516494,3,0.7692603354110154
0.6,x,-1.1247677401741236,0,0.3441642967492138
0.6,x,-1.1247677401741236,1,0.4136662822981605
0.6,x,-1.1247677401741236,2,0.5925203388953001
0.6,x,-1.1247677401741236,3,0.6496490820573257
0.6,x,-1.0471975511965979,0,0.07332225255454469
0.6,x,-1.0471975511965979,1,0.1381428328062469
0.6,x,-1.0471975511965979,2,0.8521108572601167
0.6,x,-1.0471975511965979,3,0.9364240573790923
0.6,x,-0.9696273622190721,0,0.23445244224394388
0.6,x,-0.9696273622190721,1,0.3705092234958851
0.6,x,-0.9696273622190721,2,0.6407214620815131
0.6,x,-0.9696273622190721,3,0.754316872178658
0.6,x,-0.8920571732415463,0,0.23683595949598074
0.6,x,-0.8920571732415463,1,0.2944367916278887
0.6,x,-0.8920571732415463,2,0.7057432653044005
0.6,x,-0.8920571732415463,3,0.7629839835717298
0.6,x,-0.8144869842640206,0,0.1280351689702003
0.6,x,-0.8144869842640206,1,0.3165186215230899
0.6,x,-0.8144869842640206,2,0.6915393113923822
0.6,x,-0.8144869842640206,3,0.8639068981143274
0.6,x,-0.7369167952864948,0,0.15106164196451613
0.6,x,-0.7369167952864948,1,0.3182996354690086
0.6,x,-0.7369167952864948,2,0.6923359323563988
0.6,x,-0.7369167952864948,3,0.8383027902100765
0.6,x,-0.659346606308969,0,0.12127386991246601
0.6,x,-0.659346606308969,1,0.18309950340178524
0.6,x,-0.659346606308969,2,0.8145515378027381
0.6,x,-0.659346606308969,3,0.8810750888830106
0.6,x,-0.5817764173314433,0,0.21216668823512125
0.6,x,-0.5817764173314433,1,0.2979247891788513
0.6,x,-0.5817764173314433,2,0.6934459555277497
0.6,x,-0.5817764173314433,3,0.7964625670582772
0.6,x,-0.5042062283539175,0,0.27753864579524934
0.6,x,-0.5042062283539175,1,0.3246995094186407
0.6,x,-0.5042062283539175,2,0.6689822655641051
0.6,x,-0.5042062283539175,3,0.7287795792220044
0.6,x,-0.4266360393763917,0,0.12116443770930703
0.6,x,-0.4266360393763917,1,0.2589107378639568
0.6,x,-0.4266360393763917,2,0.7414283969781802
0.6,x,-0.4266360393763917,3,0.8784964274485558
0.6,x,-0.34906585039886595,0,0.09573610804279757
0.6,x,-0.34906585039886595,1,0.19955405472960097
0.6,x,-0.34906585039886595,2,0.8017347893386313
0.6,x,-0.34906585039886595,3,0.9029750478889702
0.6,x,-0.2714956614213402,0,0.27790377788091675
0.6,x,-0.2714956614213402,1,0.3842214399650584
0.6,x,-0.2714956614213402,2,0.6089840124539334
0.6,x,-0.2714956614213402,3,0.7288907697000916
0.6,x,-0.19392547244381442,0,0.09488205918541709
0.6,x,-0.19392547244381442,1,0.35899959927613073
0.6,x,-0.19392547244381442,2,0.6439604196097891
0.6,x,-0.19392547244381442,3,0.9021579219286631
0.6,x,-0.11635528346628865,0,0.3133130356632967
0.6,x,-0.11635528346628865,1,0.37125369623678817
0.6,x,-0.11635528346628865,2,0.6327718008618916
0.6,x,-0.11635528346628865,3,0.6826614672380241
0.6,x,-0.03878509448876288,0,0.2103567793451193
0.6,x,-0.03878509448876288,1,0.25600748193156464
0.6,x,-0.03878509448876288,2,0.7489215595524887
0.6,x,-0.03878509448876288,3,0.7847141791708281
0.6,x,0.03878509448876288,0,0.09275565150023253
0.6,x,0.03878509448876288,1,0.31243130832139604
0.6,x,0.03878509448876288,2,0.6888136439738881
0.6,x,0.03878509448876288,3,0.9059993962044832
0.6,x,0.11635528346628865,0,0.18538850506653531
0.6,x,0.11635528346628865,1,0.2944074644609551
0.6,x,0.11635528346628865,2,0.6969389800827294
0.6,x,0.11635528346628865,3,0.8232650503897798
0.6,x,0.19392547244381442,0,0.20789419995652392
0.6,x,0.19392547244381442,1,0.3545201220347473
0.6,x,0.19392547244381442,2,0.6484776008378417
0.6,x,0.19392547244381442,3,0.7891080771708869
0.6,x,0.2714956614213402,0,0.22975083707307475
0.6,x,0.2714956614213402,1,0.2855342049585696
0.6,x,0.2714956614213402,2,0.7153085132131926
0.6,x,0.2714956614213402,3,0.7694064447551641
0.6,x,0.34906585039886595,0,0.09816628636742852
0.6,x,0.34906585039886595,1,0.2050258955687284
0.6,x,0.34906585039886595,2,0.7929522891617954
0.6,x,0.34906585039886595,3,0.9038555289020478
0.6,x,0.4266360393763917,0,0.21529666430525227
0.6,x,0.4266360393763917,1,0.3221188655424544
0.6,x,0.4266360393763917,2,0.6743971139384721
0.6,x,0.4266360393763917,3,0.7881873562138223
0.6,x,0.5042062283539175,0,0.19059433679235271
0.6,x,0.5042062283539175,1,0.26865247948523285
0.6,x,0.5042062283539175,2,0.7326526622977441
0.6,x,0.5042062283539175,3,0.80810052142467
0.6,x,0.5817764173314428,0,0.13690514367290313
0.6,x,0.5817764173314428,1,0.20244515123431625
0.6,x,0.5817764173314428,2,0.7968965185392272
0.6,x,0.5817764173314428,3,0.8637531865535534
0.6,x,0.6593466063089686,0,0.15445342789477687
0.6,x,0.6593466063089686,1,0.3700549660243718
0.6,x,0.6593466063089686,2,0.6265606584506287
0.6,x,0.6593466063089686,3,0.8489309476302216
0.6,x,0.7369167952864943,0,0.2321190026265886
0.6,x,0.7369167952864943,1,0.31624151903159226
0.6,x,0.7369167952864943,2,0.6696369242374307
0.6,x,0.7369167952864943,3,0.7820025541043886
0.6,x,0.8144869842640201,0,0.1735707407426301
0.6,x,0.8144869842640201,1,0.3188438594424837
0.6,x,0.8144869842640201,2,0.6782441124350743
0.6,x,0.8144869842640201,3,0.8293412873798123
0.6,x,0.8920571732415459,0,0.10733994464053678
0.6,x,0.8920571732415459,1,0.27463555952043345
0.6,x,0.8920571732415459,2,0.7262836991444531
0.6,x,0.8920571732415459,3,0.8917407966945767
0.6,x,0.9696273622190716,0,0.27324994109275597
0.6,x,0.9696273622190716,1,0.4066976063829199
0.6,x,0.9696273622190716,2,0.5896146180025966
0.6,x,0.9696273622190716,3,0.7304378345217278
0.6,x,1.0471975511965974,0,0.12392317421651529
0.6,x,1.0471975511965974,1,0.35237447918820985
0.6,x,1.0471975511965974,2,0.6520778944473048
0.6,x,1.0471975511965974,3,0.8716244521479702
0.6,x,1.1247677401741232,0,0.17955406936713375
0.6,x,1.1247677401741232,1,0.25388690616674664
0.6,x,1.1247677401741232,2,0.7417291478764061
0.6,x,1.1247677401741232,3,0.8248298765897133
0.6,x,1.202337929151649,0,0.142821280297398
0.6,x,1.202337929151649,1,0.3436793508874381
0.6,x,1.202337929151649,2,0.6601876233309022
0.6,x,1.202337929151649,3,0.8533117454842613
0.6,x,1.2799081181291747,0,0.23324820391321274
0.6,x,1.2799081181291747,1,0.3574433242161421
0.6,x,1.2799081181291747,2,0.6449170786525711
0.6,x,1.2799081181291747,3,0.7643913932180735
0.6,x,1.3574783071067005,0,0.08574482068685124
0.6,x,1.3574783071067005,1,0.25662417133057963
0.6,x,1.3574783071067005,2,0.7427443153920655
0.6,x,1.3574783071067005,3,0.9148866925905033
0.6,x,1.4350484960842262,0,0.2111924669748786
0.6,x,1.4350484960842262,1,0.2434340013191875
0.6,x,1.4350484960842262,2,0.7335312685248327
0.6,x,1.4350484960842262,3,0.8118422631811005
0.6,x,1.512618685061752,0,0.18155248068476454
0.6,x,1.512618685061752,1,0.25371060094761505
0.6,x,1.512618685061752,2,0.7558316661946731
0.6,x,1.512618685061752,3,0.8089052521729464
0.6,x,1.5901888740392778,0,0.20008903319879218
0.6,x,1.5901888740392778,1,0.3001635297967031
0.6,x,1.5901888740392778,2,0.7003204667591321
0.6,x,1.5901888740392778,3,0.7994269702453729
0.6,x,1.6677590630168035,0,0.18852516554993828
0.6,x,1.6677590630168035,1,0.2527558363382157
0.6,x,1.6677590630168035,2,0.7451803671326087
0.6,x,1.6677590630168035,3,0.8135386309792371
0.6,x,1.7453292519943293,0,0.29497306279991276
0.6,x,1.7453292519943293,1,0.35259333339038745
0.6,x,1.7453292519943293,2,0.6404167385701878
0.6,x,1.7453292519943293,3,0.7120168652395121
0.6,x,1.822899440971855,0,0.1252300956286977
0.6,x,1.822899440971855,1,0.18743581754543626
0.6,x,1.822899440971855,2,0.830403533707677
0.6,x,1.822899440971855,3,0.8569305531181891
0.6,x,1.9004696299493808,0,0.15252940997819078
0.6,x,1.9004696299493808,1,0.32195406924180736
0.6,x,1.9004696299493808,2,0.6796423850310644
0.6,x,1.9004696299493808,3,0.8458741357489372
0.6,x,1.9780398189269066,0,0.06161521764656669
0.6,x,1.9780398189269066,1,0.12896307166168408
0.6,x,1.9780398189269066,2,0.8803871877044406
0.6,x,1.9780398189269066,3,0.9290345229873075
0.6,x,2.0556100079044324,0,0.2820246179035132
0.6,x,2.0556100079044324,1,0.3557226985673573
0.6,x,2.0556100079044324,2,0.6483263592356483
0.6,x,2.0556100079044324,3,0.7139263242934815
0.6,x,2.133180196881958,0,0.2240677340930752
0.6,x,2.133180196881958,1,0.34838137205620484
0.6,x,2.133180196881958,2,0.6471878973558727
0.6,x,2.133180196881958,3,0.7803629964948474
0.6,x,2.210750385859484,0,0.2280517021622842
0.6,x,2.210750385859484,1,0.37094883968691883
0.6,x,2.210750385859484,2,0.6193319946343586
0.6,x,2.210750385859484,3,0.7816674635164387
0.6,x,2.2883205748370097,0,0.28095418469172384
0.6,x,2.2883205748370097,1,0.31806094084912273
0.6,x,2.2883205748370097,2,0.6774830874724769
0.6,x,2.2883205748370097,3,0.7235017869866766
0.6,x,2.3658907638145354,0,0.221557851833923
0.6,x,2.3658907638145354,1,0.33891546320466015
0.6,x,2.3658907638145354,2,0.6550986726547743
0.6,x,2.3658907638145354,3,0.7844280123066416
0.6,x,2.443460952792061,0,0.09529853680002666
0.6,x,2.443460952792061,1,0.13452339404076052
0.6,x,2.443460952792061,2,0.8594070729465172
0.6,x,2.443460952792061,3,0.9107709962126953
0.6,x,2.521031141769587,0,0.1949917308323311
0.6,x,2.521031141769587,1,0.269283647461816
0.6,x,2.521031141769587,2,0.7322194214972553
0.6,x,2.521031141769587,3,0.8035052002085983
0.6,x,2.5986013307471127,0,0.05221102071889359
0.6,x,2.5986013307471127,1,0.10384940247733523
0.6,x,2.5986013307471127,2,0.8887875428841266
0.6,x,2.5986013307471127,3,0.9551520339196441
0.6,x,2.6761715197246385,0,0.09534085647257937
0.6,x,2.6761715197246385,1,0.24258962391465264
0.6,x,2.6761715197246385,2,0.7396383309432741
0.6,x,2.6761715197246385,3,0.9224311886694943
0.6,x,2.7537417087021643,0,0.2150000694021167
0.6,x,2.7537417087021643,1,0.4135563059134262
0.6,x,2.7537417087021643,2,0.5947273391443746
0.6,x,2.7537417087021643,3,0.7767162855400818
0.6,x,2.83131189767969,0,0.05104269496880392
0.6,x,2.83131189767969,1,0.28883907449042256
0.6,x,2.83131189767969,2,0.7157921534165841
0.6,x,2.83131189767969,3,0.9443260771241898
0.6,x,2.908882086657216,0,0.1988910288822239
0.6,x,2.908882086657216,1,0.3066714715822863
0.6,x,2.908882086657216,2,0.7033184973979281
0.6,x,2.908882086657216,3,0.7911190021375625
0.6,x,2.9864522756347416,0,0.12906140281892273
0.6,x,2.9864522756347416,1,0.3022939623164372
0.6,x,2.9864522756347416,2,0.699006555364915
0.6,x,2.9864522756347416,3,0.8696380794997248
0.6,x,3.0640224646122673,0,0.22780221641798004
0.6,x,3.0640224646122673,1,0.3929234637778228
0.6,x,3.0640224646122673,2,0.601129857934892
0.6,x,3.0640224646122673,3,0.7781444618693047
0.6,y,-3.141592653589793,0,0.05011768462117319
0.6,y,-3.141592653589793,1,0.354614778082163
0.6,y,-3.141592653589793,2,0.9495877737087728
0.6,y,-3.141592653589793,3,0.9595153412685284
0.6,y,-3.0640224646122673,0,0.11246720485503559
0.6,y,-3.0640224646122673,1,0.3798888113696021
0.6,y,-3.0640224646122673,2,0.6064383372027236
0.6,y,-3.0640224646122673,3,0.9012056465726386
0.6,y,-2.9864522756347416,0,0.21879489938147262
0.6,y,-2.9864522756347416,1,0.3389186241712582
0.6,y,-2.9864522756347416,2,0.6478207434489381
0.6,y,-2.9864522756347416,3,0.7944657329983308
0.6,y,-2.908882086657216,0,0.11080645344058554
0.6,y,-2.908882086657216,1,0.27702869656291346
0.6,y,-2.908882086657216,2,0.7302271599038738
0.6,y,-2.908882086657216,3,0.8819376900926275
0.6,y,-2.83131189767969,0,0.2053177349085057
0.6,y,-2.83131189767969,1,0.28137057544203287
0.6,y,-2.83131189767969,2,0.7499500627946729
0.6,y,-2.83131189767969,3,0.7633616268547888
0.6,y,-2.7537417087021643,0,0.16830940473283387
0.6,y,-2.7537417087021643,1,0.1938696727773851
0.6,y,-2.7537417087021643,2,0.7938191599738258
0.6,y,-2.7537417087021643,3,0.844001762515955
0.6,y,-2.6761715197246385,0,0.16660708440854158
0.6,y,-2.6761715197246385,1,0.25043150957830956
0.6,y,-2.6761715197246385,2,0.7458198515068235
0.6,y,-2.6761715197246385,3,0.8371415545063253
0.6,y,-2.5986013307471127,0,0.08411099552598775
0.6,y,-2.5986013307471127,1,0.42467823365164165
0.6,y,-2.5986013307471127,2,0.578844838551836
0.6,y,-2.5986013307471127,3,0.9123659322705358
0.6,y,-2.521031141769587,0,0.1593440568817562
0.6,y,-2.521031141769587,1,0.2988526191584711
0.6,y,-2.521031141769587,2,0.6967842616024464
0.6,y,-2.521031141769587,3,0.8450190623573265
0.6,y,-2.443460952792061,0,0.15477334705254428
0.6,y,-2.443460952792061,1,0.21002201758449918
0.6,y,-2.443460952792061,2,0.8067799051746982
0.6,y,-2.443460952792061,3,0.8284247301882581
0.6,y,-2.3658907638145354,0,0.18857658039369551
0.6,y,-2.3658907638145354,1,0.40913999219462976
0.6,y,-2.3658907638145354,2,0.587379879109946
0.6,y,-2.3658907638145354,3,0.8149035483017291
0.6,y,-2.2883205748370097,0,0.15328039823461806
0.6,y,-2.2883205748370097,1,0.18106398058923412
0.6,y,-2.2883205748370097,2,0.8148515990204546
0.6,y,-2.2883205748370097,3,0.8508040221556934
0.6,y,-2.210750385859484,0,0.2200117782433925
0.6,y,-2.210750385859484,1,0.28431701748011534
0.6,y,-2.210750385859484,2,0.7347229321599384
0.6,y,-2.210750385859484,3,0.7609482721165538
0.6,y,-2.133180196881958,0,0.16075308715965203
0.6,y,-2.133180196881958,1,0.29522876749295746
0.6,y,-2.133180196881958,2,0.7040181722743324
0.6,y,-2.133180196881958,3,0.8399999730730568
0.6,y,-2.0556100079044324,0,0.3195767240058754
0.6,y,-2.0556100079044324,1,0.3608393062906234
0.6,y,-2.0556100079044324,2,0.6184479478048814
0.6,y,-2.0556100079044324,3,0.7011360218986198
0.6,y,-1.9780398189269068,0,0.16952658644959806
0.6,y,-1.9780398189269068,1,0.2936789491919031
0.6,y,-1.9780398189269068,2,0.7226181638922845
0.6,y,-1.9780398189269068,3,0.8141763004662139
0.6,y,-1.900469629949381,0,0.27389715997532765
0.6,y,-1.900469629949381,1,0.30389039460717426
0.6,y,-1.900469629949381,2,0.6805201035293387
0.6,y,-1.900469629949381,3,0.7416923418881591
0.6,y,-1.8228994409718553,0,0.16999825966707857
0.6,y,-1.8228994409718553,1,0.2769070455510085
0.6,y,-1.8228994409718553,2,0.7167725342685691
0.6,y,-1.8228994409718553,3,0.8363221605133438
0.6,y,-1.7453292519943295,0,0.07836489809760024
0.6,y,-1.7453292519943295,1,0.26789371837230685
0.6,y,-1.7453292519943295,2,0.7341436645396744
0.6,y,-1.7453292519943295,3,0.9195977189904185
0.6,y,-1.6677590630168038,0,0.23532955171477524
0.6,y,-1.6677590630168038,1,0.30213451304577493
0.6,y,-1.6677590630168038,2,0.7059512372963284
0.6,y,-1.6677590630168038,3,0.7565846979431221
0.6,y,-1.590188874039278,0,0.2669365711156645
0.6,y,-1.590188874039278,1,0.44320296571172796
0.6,y,-1.590188874039278,2,0.5656180451916013
0.6,y,-1.590188874039278,3,0.7242424179810054
0.6,y,-1.5126186850617522,0,0.10012581535531488
0.6,y,-1.5126186850617522,1,0.4050488203211112
0.6,y,-1.5126186850617522,2,0.5930826862899863
0.6,y,-1.5126186850617522,3,0.9017426780335881
0.6,y,-1.4350484960842265,0,0.07475620537167782
0.6,y,-1.4350484960842265,1,0.3919658604181989
0.6,y,-1.4350484960842265,2,0.6083320414499942
0.6,y,-1.4350484960842265,3,0.9249458927601292
0.6,y,-1.3574783071067007,0,0.17689800942718234
0.6,y,-1.3574783071067007,1,0.25684041026508214
0.6,y,-1.3574783071067007,2,0.7553119876058922
0.6,y,-1.3574783071067007,3,0.8109495927018434
0.6,y,-1.2799081181291752,0,0.04420380876821369
0.6,y,-1.2799081181291752,1,0.3688217672136024
0.6,y,-1.2799081181291752,2,0.6376821653492395
0.6,y,-1.2799081181291752,3,0.9492922586689444
0.6,y,-1.2023379291516494,0,0.1460337275900311
0.6,y,-1.2023379291516494,1,0.30454999871743804
0.6,y,-1.2023379291516494,2,0.699139169697556
0.6,y,-1.2023379291516494,3,0.8502771039949745
0.6,y,-1.1247677401741236,0,0.20733549728000153
0.6,y,-1.1247677401741236,1,0.2740779370202978
0.6,y,-1.1247677401741236,2,0.7307034108320059
0.6,y,-1.1247677401741236,3,0.7878831548676952
0.6,y,-1.0471975511965979,0,0.1455289006346475
0.6,y,-1.0471975511965979,1,0.2607179349914605
0.6,y,-1.0471975511965979,2,0.7413751892566861
0.6,y,-1.0471975511965979,3,0.8523779751172056
0.6,y,-0.9696273622190721,0,0.1254817760629254
0.6,y,-0.9696273622190721,1,0.2647125977531797
0.6,y,-0.9696273622190721,2,0.7373203815380653
0.6,y,-0.9696273622190721,3,0.8724852446458298
0.6,y,-0.8920571732415463,0,0.14464463874777297
0.6,y,-0.8920571732415463,1,0.22866618601747585
0.6,y,-0.8920571732415463,2,0.7736608621504943
0.6,y,-0.8920571732415463,3,0.8530283130842565
0.6,y,-0.8144869842640206,0,0.25564077105086275
0.6,y,-0.8144869842640206,1,0.3540785142910256
0.6,y,-0.8144869842640206,2,0.676130006024138
0.6,y,-0.8144869842640206,3,0.7141507086339736
0.6,y,-0.7369167952864948,0,0.12108242214548691
0.6,y,-0.7369167952864948,1,0.320051103363144
0.6,y,-0.7369167952864948,2,0.6812995605687335
0.6,y,-0.7369167952864948,3,0.8775669139226348
0.6,y,-0.659346606308969,0,0.22190047164408255
0.6,y,-0.659346606308969,1,0.3277596047505838
0.6,y,-0.659346606308969,2,0.6726439499415184
0.6,y,-0.659346606308969,3,0.7776959736638163
0.6,y,-0.5817764173314433,0,0.1045733322499065
0.6,y,-0.5817764173314433,1,0.29075722307667395
0.6,y,-0.5817764173314433,2,0.7129901905353837
0.6,y,-0.5817764173314433,3,0.8916792541380353
0.6,y,-0.5042062283539175,0,0.27874546322830046
0.6,y,-0.5042062283539175,1,0.3816409987439489
0.6,y,-0.5042062283539175,2,0.6307893976972242
0.6,y,-0.5042062283539175,3,0.7088241403305264
0.6,y,-0.4266360393763917,0,0.13301258850910158
0.6,y,-0.4266360393763917,1,0.17035960921838222
0.6,y,-0.4266360393763917,2,0.8211999882047074
0.6,y,-0.4266360393763917,3,0.8754278140678087
0.6,y,-0.34906585039886595,0,0.1441064923641312
0.6,y,-0.34906585039886595,1,0.38651926347874904
0.6,y,-0.34906585039886595,2,0.6142150038702205
0.6,y,-0.34906585039886595,3,0.8551592402868995
0.6,y,-0.2714956614213402,0,0.12335174056379648
0.6,y,-0.2714956614213402,1,0.2569011648008666
0.6,y,-0.2714956614213402,2,0.74481002682557
0.6,y,-0.2714956614213402,3,0.8749370678097669
0.6,y,-0.19392547244381442,0,0.2013425592142614
0.6,y,-0.19392547244381442,1,0.2501666384807888
0.6,y,-0.19392547244381442,2,0.7529399525772349
0.6,y,-0.19392547244381442,3,0.7955508497277153
0.6,y,-0.11635528346628865,0,0.11392193050908861
0.6,y,-0.11635528346628865,1,0.2829928697525525
0.6,y,-0.11635528346628865,2,0.7137696765177974
0.6,y,-0.11635528346628865,3,0.8893155232205616
0.6,y,-0.03878509448876288,0,0.2681758650638029
0.6,y,-0.03878509448876288,1,0.39704464114489957
0.6,y,-0.03878509448876288,2,0.6054214518975856
0.6,y,-0.03878509448876288,3,0.7293580418937129
0.6,y,0.03878509448876288,0,0.18124348946342014
0.6,y,0.03878509448876288,1,0.28016652030802575
0.6,y,0.03878509448876288,2,0.7134857608971961
0.6,y,0.03878509448876288,3,0.8251042293313583
0.6,y,0.11635528346628865,0,0.2933039456650946
0.6,y,0.11635528346628865,1,0.32570488697294464
0.6,y,0.11635528346628865,2,0.6766113615350869
0.6,y,0.11635528346628865,3,0.7043798058268738
0.6,y,0.19392547244381442,0,0.09505028277259676
0.6,y,0.19392547244381442,1,0.17397590056444412
0.6,y,0.19392547244381442,2,0.8293307073829618
0.6,y,0.19392547244381442,3,0.9016431092799975
0.6,y,0.2714956614213402,0,0.20450471419336896
0.6,y,0.2714956614213402,1,0.2987146322039123
0.6,y,0.2714956614213402,2,0.6993441258691282
0.6,y,0.2714956614213402,3,0.7974365277335904
0.6,y,0.34906585039886595,0,0.1827058564255444
0.6,y,0.34906585039886595,1,0.30692628431418234
0.6,y,0.34906585039886595,2,0.6910615211204513
0.6,y,0.34906585039886595,3,0.8193063381398218
0.6,y,0.4266360393763917,0,0.13897683855136736
0.6,y,0.4266360393763917,1,0.36790949325089395
0.6,y,0.4266360393763917,2,0.6316186543312682
0.6,y,0.4266360393763917,3,0.8614950138664708
0.6,y,0.5042062283539175,0,0.152871441877884
0.6,y,0.5042062283539175,1,0.34717768054008585
0.6,y,0.5042062283539175,2,0.6515270478131076
0.6,y,0.5042062283539175,3,0.8484238297689226
0.6,y,0.5817764173314428,0,0.12244122893751574
0.6,y,0.5817764173314428,1,0.3478110896065909
0.6,y,0.5817764173314428,2,0.6452432283931473
0.6,y,0.5817764173314428,3,0.8845044530627458
0.6,y,0.6593466063089686,0,0.1903678139208383
0.6,y,0.6593466063089686,1,0.2636752030134357
0.6,y,0.6593466063089686,2,0.7319799113660509
0.6,y,0.6593466063089686,3,0.8139770716996753
0.6,y,0.7369167952864943,0,0.187056593641325
0.6,y,0.7369167952864943,1,0.2732196576412844
0.6,y,0.7369167952864943,2,0.7257868323488224
0.6,y,0.7369167952864943,3,0.8139369163685684
0.6,y,0.8144869842640201,0,0.1127943909016966
0.6,y,0.8144869842640201,1,0.17868865911860118
0.6,y,0.8144869842640201,2,0.8284282850043823
0.6,y,0.8144869842640201,3,0.8800886649753191
0.6,y,0.8920571732415459,0,0.17199404268934312
0.6,y,0.8920571732415459,1,0.2376037487018915
0.6,y,0.8920571732415459,2,0.7609046039723903
0.6,y,0.8920571732415459,3,0.8294976046363746
0.6,y,0.9696273622190716,0,0.1801070675916886
0.6,y,0.9696273622190716,1,0.3187505475012173
0.6,y,0.9696273622190716,2,0.6830629907811728
0.6,y,0.9696273622190716,3,0.8180793941259218
0.6,y,1.0471975511965974,0,0.1660435088862197
0.6,y,1.0471975511965974,1,0.24063571865960875
0.6,y,1.0471975511965974,2,0.7634002203450112
0.6,y,1.0471975511965974,3,0.8299205521091597
0.6,y,1.1247677401741232,0,0.25822007827495436
0.6,y,1.1247677401741232,1,0.31144747324064403
0.6,y,1.1247677401741232,2,0.6907472283051648
0.6,y,1.1247677401741232,3,0.7395852201792371
0.6,y,1.202337929151649,0,0.2220386847597169
0.6,y,1.202337929151649,1,0.35159675913664185
0.6,y,1.202337929151649,2,0.6419202723563411
0.6,y,1.202337929151649,3,0.784444283747301
0.6,y,1.2799081181291747,0,0.1678884469287802
0.6,y,1.2799081181291747,1,0.24113193384965764
0.6,y,1.2799081181291747,2,0.7410043543923247
0.6,y,1.2799081181291747,3,0.8499752648292378
0.6,y,1.3574783071067005,0,0.17492553157979965
0.6,y,1.3574783071067005,1,0.3115176032707375
0.6,y,1.3574783071067005,2,0.6785792431566651
0.6,y,1.3574783071067005,3,0.834977621992798
0.6,y,1.4350484960842262,0,0.17738907667485443
0.6,y,1.4350484960842262,1,0.3170721607498774
0.6,y,1.4350484960842262,2,0.6865408232194073
0.6,y,1.4350484960842262,3,0.8189979393558611
0.6,y,1.512618685061752,0,0.16586093107091224
0.6,y,1.512618685061752,1,0.42122744676476787
0.6,y,1.512618685061752,2,0.570089282189037
0.6,y,1.512618685061752,3,0.8428223399752837
0.6,y,1.5901888740392778,0,0.20793683446315042
0.6,y,1.5901888740392778,1,0.26915264124775146
0.6,y,1.5901888740392778,2,0.7410323450937113
0.6,y,1.5901888740392778,3,0.781878179195387
0.6,y,1.6677590630168035,0,0.21545207279822257
0.6,y,1.6677590630168035,1,0.26726261587192035
0.6,y,1.6677590630168035,2,0.7437419713877138
0.6,y,1.6677590630168035,3,0.7735433399421433
0.6,y,1.7453292519943293,0,0.16358633700539998
0.6,y,1.7453292519943293,1,0.33473632813147725
0.6,y,1.7453292519943293,2,0.6672600362169808
0.6,y,1.7453292519943293,3,0.8344172986461423
0.6,y,1.822899440971855,0,0.08865643559494965
0.6,y,1.822899440971855,1,0.17354549192756
0.6,y,1.822899440971855,2,0.8323703968394646
0.6,y,1.822899440971855,3,0.9054276756380256
0.6,y,1.9004696299493808,0,0.21009788514731598
0.6,y,1.9004696299493808,1,0.2967893961087873
0.6,y,1.9004696299493808,2,0.70808994473075
0.6,y,1.9004696299493808,3,0.7850227740131465
0.6,y,1.9780398189269066,0,0.15713381797238657
0.6,y,1.9780398189269066,1,0.2812079022750604
0.6,y,1.9780398189269066,2,0.7148932076306183
0.6,y,1.9780398189269066,3,0.8467650721219349
0.6,y,2.0556100079044324,0,0.1653236858674057
0.6,y,2.0556100079044324,1,0.3314803527041668
0.6,y,2.0556100079044324,2,0.6713185465744613
0.6,y,2.0556100079044324,3,0.8318774148539656
0.6,y,2.133180196881958,0,0.13111748768278708
0.6,y,2.133180196881958,1,0.33108385318346506
0.6,y,2.133180196881958,2,0.6826206685432852
0.6,y,2.133180196881958,3,0.8551779905904615
0.6,y,2.210750385859484,0,0.17473935094253062
0.6,y,2.210750385859484,1,0.3201993294117638
0.6,y,2.210750385859484,2,0.6906184236670239
0.6,y,2.210750385859484,3,0.8144428959786817
0.6,y,2.2883205748370097,0,0.18236613083799916
0.6,y,2.2883205748370097,1,0.27497107840652113
0.6,y,2.2883205748370097,2,0.7333846276225466
0.6,y,2.2883205748370097,3,0.8092781631329333
0.6,y,2.3658907638145354,0,0.3353756962112885
0.6,y,2.3658907638145354,1,0.40060857496461866
0.6,y,2.3658907638145354,2,0.5867570169605355
0.6,y,2.3658907638145354,3,0.6772587118635569
0.6,y,2.443460952792061,0,0.2240949307116542
0.6,y,2.443460952792061,1,0.2993762284872792
0.6,y,2.443460952792061,2,0.6893257698337192
0.6,y,2.443460952792061,3,0.7872030709673474
0.6,y,2.521031141769587,0,0.37072783338509757
0.6,y,2.521031141769587,1,0.40001920048696993
0.6,y,2.521031141769587,2,0.5798401539023772
0.6,y,2.521031141769587,3,0.6494128122255551
0.6,y,2.5986013307471127,0,0.2813452681768453
0.6,y,2.5986013307471127,1,0.3762060077948677
0.6,y,2.5986013307471127,2,0.6479732311212325
0.6,y,2.5986013307471127,3,0.6944754929070542
0.6,y,2.6761715197246385,0,0.11463196007068119
0.6,y,2.6761715197246385,1,0.2019232672666858
0.6,y,2.6761715197246385,2,0.8089184421457485
0.6,y,2.6761715197246385,3,0.8745263305168847
0.6,y,2.7537417087021643,0,0.2357671697124763
0.6,y,2.7537417087021643,1,0.3531278445783673
0.6,y,2.7537417087021643,2,0.6472935520828944
0.6,y,2.7537417087021643,3,0.763811433626262
0.6,y,2.83131189767969,0,0.19747619177764475
0.6,y,2.83131189767969,1,0.36187248014435985
0.6,y,2.83131189767969,2,0.636125196598718
0.6,y,2.83131189767969,3,0.8045261314792778
0.6,y,2.908882086657216,0,0.14157596357591293
0.6,y,2.908882086657216,1,0.2688751796371147
0.6,y,2.908882086657216,2,0.7363186746089355
0.6,y,2.908882086657216,3,0.853230182178036
0.6,y,2.9864522756347416,0,0.1423479661295109
0.6,y,2.9864522756347416,1,0.15889378406542692
0.6,y,2.9864522756347416,2,0.8131300875183065
0.6,y,2.9864522756347416,3,0.8856281622867557
0.6,y,3.0640224646122673,0,0.2186982717496891
0.6,y,3.0640224646122673,1,0.23733011866613896
0.6,y,3.0640224646122673,2,0.7369991025002296
0.6,y,3.0640224646122673,3,0.806972507083942
0.7,x,-3.141592653589793,0,0.082217535551319
0.7,x,-3.141592653589793,1,0.20062903351933628
0.7,x,-3.141592653589793,2,0.766473684307674
0.7,x,-3.141592653589793,3,0.9506797466216702
0.7,x,-3.0640224646122673,0,0.12161846575574693
0.7,x,-3.0640224646122673,1,0.19452684846827956
0.7,x,-3.0640224646122673,2,0.7965770685461606
0.7,x,-3.0640224646122673,3,0.8872776172298122
0.7,x,-2.9864522756347416,0,0.1303503425509576
0.7,x,-2.9864522756347416,1,0.2992246831928814
0.7,x,-2.9864522756347416,2,0.7051127553784569
0.7,x,-2.9864522756347416,3,0.8653122188777047
0.7,x,-2.908882086657216,0,0.1688730632471376
0.7,x,-2.908882086657216,1,0.2793271586668021
0.7,x,-2.908882086657216,2,0.7508916986727389
0.7,x,-2.908882086657216,3,0.8009080794133213
0.7,x,-2.83131189767969,0,0.20947508161651562
0.7,x,-2.83131189767969,1,0.36985038592625075
0.7,x,-2.83131189767969,2,0.6217218951965591
0.7,x,-2.83131189767969,3,0.7989526372606743
0.7,x,-2.7537417087021643,0,0.2270105795162243
0.7,x,-2.7537417087021643,1,0.3800030327131246
0.7,x,-2.7537417087021643,2,0.6205954120964488
0.7,x,-2.7537417087021643,3,0.7723909756742029
0.7,x,-2.6761715197246385,0,0.10860913219461629
0.7,x,-2.6761715197246385,1,0.2637106177422738
0.7,x,-2.6761715197246385,2,0.7357444848150079
0.7,x,-2.6761715197246385,3,0.8919357652481024
0.7,x,-2.5986013307471127,0,0.08520648970423707
0.7,x,-2.5986013307471127,1,0.2723179706132755
0.7,x,-2.5986013307471127,2,0.7248559911775077
0.7,x,-2.5986013307471127,3,0.9176195485049795
0.7,x,-2.521031141769587,0,0.1062362164607875
0.7,x,-2.521031141769587,1,0.31766838064919806
0.7,x,-2.521031141769587,2,0.6935763495479783
0.7,x,-2.521031141769587,3,0.8825190533420354
0.7,x,-2.443460952792061,0,0.05529474061555024
0.7,x,-2.443460952792061,1,0.26033334182981177
0.7,x,-2.443460952792061,2,0.7420872010244529
0.7,x,-2.443460952792061,3,0.9422847165301852
0.7,x,-2.3658907638145354,0,0.15313663376025802
0.7,x,-2.3658907638145354,1,0.28237260597020725
0.7,x,-2.3658907638145354,2,0.7183287258241986
0.7,x,-2.3658907638145354,3,0.8461620344453364
0.7,x,-2.2883205748370097,0,0.10533604907543455
0.7,x,-2.2883205748370097,1,0.2217106466168046
0.7,x,-2.2883205748370097,2,0.7790153414476519
0.7,x,-2.2883205748370097,3,0.893937962860109
0.7,x,-2.210750385859484,0,0.15271257598327573
0.7,x,-2.210750385859484,1,0.2764785958957804
0.7,x,-2.210750385859484,2,0.7229523670689394
0.7,x,-2.210750385859484,3,0.8478564610520037
0.7,x,-2.133180196881958,0,0.18864623651862314
0.7,x,-2.133180196881958,1,0.23952835768396014
0.7,x,-2.133180196881958,2,0.7317407200652968
0.7,x,-2.133180196881958,3,0.8400846857321198
0.7,x,-2.0556100079044324,0,0.19185058281660877
0.7,x,-2.0556100079044324,1,0.37266801671192595
0.7,x,-2.0556100079044324,2,0.632385614545598
0.7,x,-2.0556100079044324,3,0.803095785925867
0.7,x,-1.9780398189269068,0,0.14151887695002763
0.7,x,-1.9780398189269068,1,0.20766661522455374
0.7,x,-1.9780398189269068,2,0.7939480506452289
0.7,x,-1.9780398189269068,3,0.8568664571801896
0.7,x,-1.900469629949381,0,0.17365071889879463
0.7,x,-1.900469629949381,1,0.29979198638964166
0.7,x,-1.900469629949381,2,0.7331160154644519
0.7,x,-1.900469629949381,3,0.7934412792471122
0.7,x,-1.8228994409718553,0,0.1789564521038967
0.7,x,-1.8228994409718553,1,0.2661632940397195
0.7,x,-1.8228994409718553,2,0.7505598895339805
0.7,x,-1.8228994409718553,3,0.8043203643224032
0.7,x,-1.7453292519943295,0,0.27103972776556284
0.7,x,-1.7453292519943295,1,0.31644108869320786
0.7,x,-1.7453292519943295,2,0.6744907930230963
0.7,x,-1.7453292519943295,3,0.7380283905181333
0.7,x,-1.6677590630168038,0,0.23948565170810163
0.7,x,-1.6677590630168038,1,0.32120539379297414
0.7,x,-1.6677590630168038,2,0.6766735452366583
0.7,x,-1.6677590630168038,3,0.7626354092622656
0.7,x,-1.590188874039278,0,0.26297273061634086
0.7,x,-1.590188874039278,1,0.367549683481887
0.7,x,-1.590188874039278,2,0.6217989583841845
0.7,x,-1.590188874039278,3,0.7476786275175866
0.7,x,-1.5126186850617522,0,0.259985109747337
0.7,x,-1.5126186850617522,1,0.3331427905951724
0.7,x,-1.5126186850617522,2,0.6631813894854994
0.7,x,-1.5126186850617522,3,0.7436907101719907
0.7,x,-1.4350484960842265,0,0.22288111090152354
0.7,x,-1.4350484960842265,1,0.4121751417252319
0.7,x,-1.4350484960842265,2,0.5926676729360725
0.7,x,-1.4350484960842265,3,0.7722760744371723
0.7,x,-1.3574783071067007,0,0.062239412867856184
0.7,x,-1.3574783071067007,1,0.37591784937301764
0.7,x,-1.3574783071067007,2,0.6257194727146116
0.7,x,-1.3574783071067007,3,0.936123265044515
0.7,x,-1.2799081181291752,0,0.178087065377999
0.7,x,-1.2799081181291752,1,0.23996124608207983
0.7,x,-1.2799081181291752,2,0.7686756880377229
0.7,x,-1.2799081181291752,3,0.813276000502197
0.7,x,-1.2023379291516494,0,0.2594648189554234
0.7,x,-1.2023379291516494,1,0.4040814326089488
0.7,x,-1.2023379291516494,2,0.597263331175204
0.7,x,-1.2023379291516494,3,0.7391904172604243
0.7,x,-1.1247677401741236,0,0.15141546180906
0.7,x,-1.1247677401741236,1,0.2157821419003881
0.7,x,-1.1247677401741236,2,0.7891438291946454
0.7,x,-1.1247677401741236,3,0.8436585670959065
0.7,x,-1.0471975511965979,0,0.10655330631247477
0.7,x,-1.0471975511965979,1,0.27679171894961696
0.7,x,-1.0471975511965979,2,0.7267506702746473
0.7,x,-1.0471975511965979,3,0.8899043044632613
0.7,x,-0.9696273622190721,0,0.17047570355688826
0.7,x,-0.9696273622190721,1,0.22440587692743486
0.7,x,-0.9696273622190721,2,0.7727426659045344
0.7,x,-0.9696273622190721,3,0.8323757536111428
0.7,x,-0.8920571732415463,0,0.2684226776444371
0.7,x,-0.8920571732415463,1,0.36125796347647643
0.7,x,-0.8920571732415463,2,0.6414278276921683
0.7,x,-0.8920571732415463,3,0.7288915311869179
0.7,x,-0.8144869842640206,0,0.11113376856432558
0.7,x,-0.8144869842640206,1,0.2977569645049053
0.7,x,-0.8144869842640206,2,0.7046237731085752
0.7,x,-0.8144869842640206,3,0.8864854938221934
0.7,x,-0.7369167952864948,0,0.26464774377039346
0.7,x,-0.7369167952864948,1,0.3380787107526647
0.7,x,-0.7369167952864948,2,0.6844425467002726
0.7,x,-0.7369167952864948,3,0.7128309987766694
0.7,x,-0.659346606308969,0,0.13065855942373752
0.7,x,-0.659346606308969,1,0.2374167169147403
0.7,x,-0.659346606308969,2,0.7622911957119345
0.7,x,-0.659346606308969,3,0.8696335279495875
0.7,x,-0.5817764173314433,0,0.07642058121666999
0.7,x,-0.5817764173314433,1,0.2806892696808169
0.7,x,-0.5817764173314433,2,0.7148875159813772
0.7,x,-0.5817764173314433,3,0.9280026331211362
0.7,x,-0.5042062283539175,0,0.28687904997935
0.7,x,-0.5042062283539175,1,0.294430084399572
0.7,x,-0.5042062283539175,2,0.694098979417902
0.7,x,-0.5042062283539175,3,0.7245918862031762
0.7,x,-0.4266360393763917,0,0.20237198828401323
0.7,x,-0.4266360393763917,1,0.3726356384836571
0.7,x,-0.4266360393763917,2,0.62720880004307
0.7,x,-0.4266360393763917,3,0.7977835731892597
0.7,x,-0.34906585039886595,0,0.20093893863722545
0.7,x,-0.34906585039886595,1,0.2654647664295549
0.7,x,-0.34906585039886595,2,0.7328357310952313
0.7,x,-0.34906585039886595,3,0.8007605638379878
0.7,x,-0.2714956614213402,0,0.162936989443674
0.7,x,-0.2714956614213402,1,0.17528361487315416
0.7,x,-0.2714956614213402,2,0.8111162313196523
0.7,x,-0.2714956614213402,3,0.8506631643635199
0.7,x,-0.19392547244381442,0,0.2959770846578201
0.7,x,-0.19392547244381442,1,0.3822059871904892
0.7,x,-0.19392547244381442,2,0.6162747408823419
0.7,x,-0.19392547244381442,3,0.7055421872693484
0.7,x,-0.11635528346628865,0,0.14156862606940254
0.7,x,-0.11635528346628865,1,0.23676398054675216
0.7,x,-0.11635528346628865,2,0.7631889584781479
0.7,x,-0.11635528346628865,3,0.8584784349056978
0.7,x,-0.03878509448876288,0,0.11432993828762236
0.7,x,-0.03878509448876288,1,0.2669642236887382
0.7,x,-0.03878509448876288,2,0.7308782082708214
0.7,x,-0.03878509448876288,3,0.8878276297528171
0.7,x,0.03878509448876288,0,0.24305069839297141
0.7,x,0.03878509448876288,1,0.3019295062445745
0.7,x,0.03878509448876288,2,0.7021724103391587
0.7,x,0.03878509448876288,3,0.752847385023295
0.7,x,0.11635528346628865,0,0.26906470257566956
0.7,x,0.11635528346628865,1,0.3021093337351703
0.7,x,0.11635528346628865,2,0.690769719305157
0.7,x,0.11635528346628865,3,0.7380562443840029
0.7,x,0.19392547244381442,0,0.2419352993196685
0.7,x,0.19392547244381442,1,0.346516258893522
0.7,x,0.19392547244381442,2,0.6514525943661262
0.7,x,0.19392547244381442,3,0.7600958474206835
0.7,x,0.2714956614213402,0,0.059443744684669376
0.7,x,0.2714956614213402,1,0.18157526750420347
0.7,x,0.2714956614213402,2,0.826955865823696
0.7,x,0.2714956614213402,3,0.9320251219874313
0.7,x,0.34906585039886595,0,0.32903331266763286
0.7,x,0.34906585039886595,1,0.3441356594324834
0.7,x,0.34906585039886595,2,0.6516908208689877
0.7,x,0.34906585039886595,3,0.6751402070308965
0.7,x,0.4266360393763917,0,0.29351819999743267
0.7,x,0.4266360393763917,1,0.3984381032930369
0.7,x,0.4266360393763917,2,0.6074783837761366
0.7,x,0.4266360393763917,3,0.7005653129333933
0.7,x,0.5042062283539175,0,0.12368852607285437
0.7,x,0.5042062283539175,1,0.2532607093101063
0.7,x,0.5042062283539175,2,0.7521279844903354
0.7,x,0.5042062283539175,3,0.8709227801267043
0.7,x,0.5817764173314428,0,0.27532735041719153
0.7,x,0.5817764173314428,1,0.31963582931597245
0.7,x,0.5817764173314428,2,0.6671427570961384
0.7,x,0.5817764173314428,3,0.7378940631706974
0.7,x,0.6593466063089686,0,0.24279105568719025
0.7,x,0.6593466063089686,1,0.2738334053984221
0.7,x,0.6593466063089686,2,0.731395080345089
0.7,x,0.6593466063089686,3,0.7519804585692986
0.7,x,0.7369167952864943,0,0.2334191625510235
0.7,x,0.7369167952864943,1,0.36745197989868694
0.7,x,0.7369167952864943,2,0.6285285616603875
0.7,x,0.7369167952864943,3,0.7706002958899025
0.7,x,0.8144869842640201,0,0.29661786432213694
0.7,x,0.8144869842640201,1,0.34761987359860586
0.7,x,0.8144869842640201,2,0.6411899756998689
0.7,x,0.8144869842640201,3,0.714572286379388
0.7,x,0.8920571732415459,0,0.17237287173875598
0.7,x,0.8920571732415459,1,0.2347439006080183
0.7,x,0.8920571732415459,2,0.7578820064578389
0.7,x,0.8920571732415459,3,0.8350012211953871
0.7,x,0.9696273622190716,0,0.15036094679790174
0.7,x,0.9696273622190716,1,0.19219321105481374
0.7,x,0.9696273622190716,2,0.8044610683933315
0.7,x,0.9696273622190716,3,0.8529847737539531
0.7,x,1.0471975511965974,0,0.18632688951151022
0.7,x,1.0471975511965974,1,0.3168142606264813
0.7,x,1.0471975511965974,2,0.6912078341490026
0.7,x,1.0471975511965974,3,0.8056510157130063
0.7,x,1.1247677401741232,0,0.17111161739221328
0.7,x,1.1247677401741232,1,0.2771056618054714
0.7,x,1.1247677401741232,2,0.7084411657981581
0.7,x,1.1247677401741232,3,0.8433415550041572
0.7,x,1.202337929151649,0,0.0591380508720727
0.7,x,1.202337929151649,1,0.40481244894033475
0.7,x,1.202337929151649,2,0.5900857347133729
0.7,x,1.202337929151649,3,0.9459637654742195
0.7,x,1.2799081181291747,0,0.07340498813257397
0.7,x,1.2799081181291747,1,0.2440411802570334
0.7,x,1.2799081181291747,2,0.7551111211583496
0.7,x,1.2799081181291747,3,0.9274427104520424
0.7,x,1.3574783071067005,0,0.18425877797850024
0.7,x,1.3574783071067005,1,0.4077103509057785
0.7,x,1.3574783071067005,2,0.5897140133940926
0.7,x,1.3574783071067005,3,0.8183168577216294
0.7,x,1.4350484960842262,0,0.1671490337757153
0.7,x,1.4350484960842262,1,0.22315426366303698
0.7,x,1.4350484960842262,2,0.765859582809006
0.7,x,1.4350484960842262,3,0.8438371197522414
0.7,x,1.512618685061752,0,0.1410595243105326
0.7,x,1.512618685061752,1,0.24633468004849834
0.7,x,1.512618685061752,2,0.755289285889163
0.7,x,1.512618685061752,3,0.8573165097518064
0.7,x,1.5901888740392778,0,0.24235085735874248
0.7,x,1.5901888740392778,1,0.3620107514222172
0.7,x,1.5901888740392778,2,0.633190078839311
0.7,x,1.5901888740392778,3,0.762448312379729
0.7,x,1.6677590630168035,0,0.2979298315137063
0.7,x,1.6677590630168035,1,0.39065323583876005
0.7,x,1.6677590630168035,2,0.6058782390525301
0.7,x,1.6677590630168035,3,0.7055386935950034
0.7,x,1.7453292519943293,0,0.15605331219557392
0.7,x,1.7453292519943293,1,0.2804766518365112
0.7,x,1.7453292519943293,2,0.747110135105149
0.7,x,1.7453292519943293,3,0.8163599008627656
0.7,x,1.822899440971855,0,0.21953733251550103
0.7,x,1.822899440971855,1,0.25151586399746684
0.7,x,1.822899440971855,2,0.7282989851356221
0.7,x,1.822899440971855,3,0.8006478183514101
0.7,x,1.9004696299493808,0,0.08140433850414609
0.7,x,1.9004696299493808,1,0.22351205953716854
0.7,x,1.9004696299493808,2,0.7761048366029282
0.7,x,1.9004696299493808,3,0.9189787653557573
0.7,x,1.9780398189269066,0,0.12340188581228677
0.7,x,1.9780398189269066,1,0.43554581812857796
0.7,x,1.9780398189269066,2,0.559166283306255
0.7,x,1.9780398189269066,3,0.8818860127528807
0.7,x,2.0556100079044324,0,0.08054695625486143
0.7,x,2.0556100079044324,1,0.4125796095947149
0.7,x,2.0556100079044324,2,0.578092866798775
0.7,x,2.0556100079044324,3,0.9287805673516486
0.7,x,2.133180196881958,0,0.09881104663480107
0.7,x,2.133180196881958,1,0.16873580842976768
0.7,x,2.133180196881958,2,0.8309347253216008
0.7,x,2.133180196881958,3,0.9015184196138307
0.7,x,2.210750385859484,0,0.238446643655893
0.7,x,2.210750385859484,1,0.3205027116825073
0.7,x,2.210750385859484,2,0.6811128108954223
0.7,x,2.210750385859484,3,0.7599378337661775
0.7,x,2.2883205748370097,0,0.24153092755038344
0.7,x,2.2883205748370097,1,0.33157419503806457
0.7,x,2.2883205748370097,2,0.68217979232823
0.7,x,2.2883205748370097,3,0.7447150850833226
0.7,x,2.3658907638145354,0,0.2578732136090243
0.7,x,2.3658907638145354,1,0.3355268813572421
0.7,x,2.3658907638145354,2,0.6852808895088622
0.7,x,2.3658907638145354,3,0.7213190155248718
0.7,x,2.443460952792061,0,0.10209727706954283
0.7,x,2.443460952792061,1,0.44658409543802446
0.7,x,2.443460952792061,2,0.5509865418318892
0.7,x,2.443460952792061,3,0.9003320856605437
0.7,x,2.521031141769587,0,0.3999901438597447
0.7,x,2.521031141769587,1,0.4557781426136415
0.7,x,2.521031141769587,2,0.5580460092049716
0.7,x,2.521031141769587,3,0.5861857043216419
0.7,x,2.5986013307471127,0,0.1209713503527237
0.7,x,2.5986013307471127,1,0.38315820243710547
0.7,x,2.5986013307471127,2,0.6239971398930751
0.7,x,2.5986013307471127,3,0.8718733073170957
0.7,x,2.6761715197246385,0,0.07406708378218337
0.7,x,2.6761715197246385,1,0.2554902332110376
0.7,x,2.6761715197246385,2,0.7420458852333722
0.7,x,2.6761715197246385,3,0.9283967977734076
0.7,x,2.7537417087021643,0,0.13715806372226844
0.7,x,2.7537417087021643,1,0.1994763121943269
0.7,x,2.7537417087021643,2,0.8036874661611292
0.7,x,2.7537417087021643,3,0.8596781579222763
0.7,x,2.83131189767969,0,0.1948793047550772
0.7,x,2.83131189767969,1,0.2722327477931222
0.7,x,2.83131189767969,2,0.7076667020580331
0.7,x,2.83131189767969,3,0.8252212453937676
0.7,x,2.908882086657216,0,0.2740082069081132
0.7,x,2.908882086657216,1,0.36685471478534826
0.7,x,2.908882086657216,2,0.6362729780778067
0.7,x,2.908882086657216,3,0.7228641002287316
0.7,x,2.9864522756347416,0,0.16179211653740466
0.7,x,2.9864522756347416,1,0.41981325545772696
0.7,x,2.9864522756347416,2,0.5718764733023071
0.7,x,2.9864522756347416,3,0.8465181547025614
0.7,x,3.0640224646122673,0,0.09808332593531575
0.7,x,3.0640224646122673,1,0.12348229188102254
0.7,x,3.0640224646122673,2,0.8624270327623791
0.7,x,3.0640224646122673,3,0.9160073494212828
0.7,y,-3.141592653589793,0,0.21498858092374543
0.7,y,-3.141592653589793,1,0.42993541119112144
0.7,y,-3.141592653589793,2,0.568774518519368
0.7,y,-3.141592653589793,3,0.7863014893657646
0.7,y,-3.0640224646122673,0,0.11252879969269992
0.7,y,-3.0640224646122673,1,0.1649251503565259
0.7,y,-3.0640224646122673,2,0.8200002944913369
0.7,y,-3.0640224646122673,3,0.9025457554594374
0.7,y,-2.9864522756347416,0,0.20342909925850983
0.7,y,-2.9864522756347416,1,0.3323676020177303
0.7,y,-2.9864522756347416,2,0.6637043434640602
0.7,y,-2.9864522756347416,3,0.8004989552596997
0.7,y,-2.908882086657216,0,0.161846283073688
0.7,y,-2.908882086657216,1,0.380747449118777
0.7,y,-2.908882086657216,2,0.6336984976847397
0.7,y,-2.908882086657216,3,0.8237077701227951
0.7,y,-2.83131189767969,0,0.06154506066738636
0.7,y,-2.83131189767969,1,0.34943637438217373
0.7,y,-2.83131189767969,2,0.6603067811254802
0.7,y,-2.83131189767969,3,0.9287117838249586
0.7,y,-2.7537417087021643,0,0.17587372323506234
0.7,y,-2.7537417087021643,1,0.3074937716853156
0.7,y,-2.7537417087021643,2,0.6892791812370076
0.7,y,-2.7537417087021643,3,0.8273533238426147
0.7,y,-2.6761715197246385,0,0.2949342796213218
0.7,y,-2.6761715197246385,1,0.3821976641629973
0.7,y,-2.6761715197246385,2,0.6435780612795956
0.7,y,-2.6761715197246385,3,0.6792899949360862
0.7,y,-2.5986013307471127,0,0.15520168930672787
0.7,y,-2.5986013307471127,1,0.2750238305121901
0.7,y,-2.5986013307471127,2,0.7198607402379447
0.7,y,-2.5986013307471127,3,0.8499137399431382
0.7,y,-2.521031141769587,0,0.2013770840835804
0.7,y,-2.521031141769587,1,0.2778540340595209
0.7,y,-2.521031141769587,2,0.7340159334686169
0.7,y,-2.521031141769587,3,0.7867529483882824
0.7,y,-2.443460952792061,0,0.12044159645933662
0.7,y,-2.443460952792061,1,0.3186062093219108
0.7,y,-2.443460952792061,2,0.6805548985513155
0.7,y,-2.443460952792061,3,0.8803972956674366
0.7,y,-2.3658907638145354,0,0.1948796633452111
0.7,y,-2.3658907638145354,1,0.3142706822404283
0.7,y,-2.3658907638145354,2,0.7042513645797468
0.7,y,-2.3658907638145354,3,0.7865982898346134
0.7,y,-2.2883205748370097,0,0.07229830471045953
0.7,y,-2.2883205748370097,1,0.22220964548111374
0.7,y,-2.2883205748370097,2,0.7798643578121489
0.7,y,-2.2883205748370097,3,0.9256276919962774
0.7,y,-2.210750385859484,0,0.15249692511418905
0.7,y,-2.210750385859484,1,0.3642398186656754
0.7,y,-2.210750385859484,2,0.6580261003689163
0.7,y,-2.210750385859484,3,0.8252371558512197
0.7,y,-2.133180196881958,0,0.30370071633423196
0.7,y,-2.133180196881958,1,0.33083136512034056
0.7,y,-2.133180196881958,2,0.6353325491640294
0.7,y,-2.133180196881958,3,0.7301353693813974
0.7,y,-2.0556100079044324,0,0.22729555160350137
0.7,y,-2.0556100079044324,1,0.37149472234479847
0.7,y,-2.0556100079044324,2,0.6226595614477677
0.7,y,-2.0556100079044324,3,0.7785501646039323
0.7,y,-1.9780398189269068,0,0.09715372294924693
0.7,y,-1.9780398189269068,1,0.26460560609809436
0.7,y,-1.9780398189269068,2,0.7441116334816202
0.7,y,-1.9780398189269068,3,0.894129037471038
0.7,y,-1.900469629949381,0,0.2168352561251339
0.7,y,-1.900469629949381,1,0.2892902269299908
0.7,y,-1.900469629949381,2,0.7275273168582967
0.7,y,-1.900469629949381,3,0.7663472000865785
0.7,y,-1.8228994409718553,0,0.17348165080742478
0.7,y,-1.8228994409718553,1,0.3355607669824211
0.7,y,-1.8228994409718553,2,0.6623315267345691
0.7,y,-1.8228994409718553,3,0.8286260554755849
0.7,y,-1.7453292519943295,0,0.20630624937084846
0.7,y,-1.7453292519943295,1,0.2483148499119785
0.7,y,-1.7453292519943295,2,0.7389257421912762
0.7,y,-1.7453292519943295,3,0.8064531585258967
0.7,y,-1.6677590630168038,0,0.18158911609644443
0.7,y,-1.6677590630168038,1,0.3852205484670071
0.7,y,-1.6677590630168038,2,0.6201482816787046
0.7,y,-1.6677590630168038,3,0.8130420537578436
0.7,y,-1.590188874039278,0,0.13460294859608135
0.7,y,-1.590188874039278,1,0.19379100902434307
0.7,y,-1.590188874039278,2,0.8005658028338265
0.7,y,-1.590188874039278,3,0.8710402395457495
0.7,y,-1.5126186850617522,0,0.12726885716849046
0.7,y,-1.5126186850617522,1,0.17668964252107228
0.7,y,-1.5126186850617522,2,0.8185239567139668
0.7,y,-1.5126186850617522,3,0.8775175435964706
0.7,y,-1.4350484960842265,0,0.3233138895224948
0.7,y,-1.4350484960842265,1,0.3622844248173975
0.7,y,-1.4350484960842265,2,0.6239547563245262
0.7,y,-1.4350484960842265,3,0.6904469293355818
0.7,y,-1.3574783071067007,0,0.3365679353215018
0.7,y,-1.3574783071067007,1,0.43132375248727717
0.7,y,-1.3574783071067007,2,0.5663614018948075
0.7,y,-1.3574783071067007,3,0.6657469102964138
0.7,y,-1.2799081181291752,0,0.2636077443044891
0.7,y,-1.2799081181291752,1,0.3877860263667374
0.7,y,-1.2799081181291752,2,0.6124502142774324
0.7,y,-1.2799081181291752,3,0.7361560150513415
0.7,y,-1.2023379291516494,0,0.16409400384949482
0.7,y,-1.2023379291516494,1,0.26282761477548583
0.7,y,-1.2023379291516494,2,0.7362438282431983
0.7,y,-1.2023379291516494,3,0.8368345531318222
0.7,y,-1.1247677401741236,0,0.13947615003493982
0.7,y,-1.1247677401741236,1,0.19986316972114856
0.7,y,-1.1247677401741236,2,0.8099195808502108
0.7,y,-1.1247677401741236,3,0.8507410993937012
0.7,y,-1.0471975511965979,0,0.15058230714072038
0.7,y,-1.0471975511965979,1,0.33578558344081494
0.7,y,-1.0471975511965979,2,0.6577399349967816
0.7,y,-1.0471975511965979,3,0.8558921744216832
0.7,y,-0.9696273622190721,0,0.1365510431964222
0.7,y,-0.9696273622190721,1,0.3428785452975013
0.7,y,-0.9696273622190721,2,0.6585807600605803
0.7,y,-0.9696273622190721,3,0.8619896514454969
0.7,y,-0.8920571732415463,0,0.08084052781970402
0.7,y,-0.8920571732415463,1,0.25974835812519326
0.7,y,-0.8920571732415463,2,0.7379749841295244
0.7,y,-0.8920571732415463,3,0.9214361299255783
0.7,y,-0.8144869842640206,0,0.14496488592859877
0.7,y,-0.8144869842640206,1,0.36442581997561363
0.7,y,-0.8144869842640206,2,0.6381485588082892
0.7,y,-0.8144869842640206,3,0.8524607352874984
0.7,y,-0.7369167952864948,0,0.2163810591637972
0.7,y,-0.7369167952864948,1,0.4000014236475084
0.7,y,-0.7369167952864948,2,0.5973754310398811
0.7,y,-0.7369167952864948,3,0.7862420861488122
0.7,y,-0.659346606308969,0,0.23362463996270894
0.7,y,-0.659346606308969,1,0.3635882511849182
0.7,y,-0.659346606308969,2,0.638010196074819
0.7,y,-0.659346606308969,3,0.7647769127775537
0.7,y,-0.5817764173314433,0,0.23230344170294515
0.7,y,-0.5817764173314433,1,0.3924016875318414
0.7,y,-0.5817764173314433,2,0.6047138867575035
0.7,y,-0.5817764173314433,3,0.7705809840077102
0.7,y,-0.5042062283539175,0,0.08291251660716482
0.7,y,-0.5042062283539175,1,0.3350216630757162
0.7,y,-0.5042062283539175,2,0.6657300505475614
0.7,y,-0.5042062283539175,3,0.9163357697695578
0.7,y,-0.4266360393763917,0,0.17902887788791544
0.7,y,-0.4266360393763917,1,0.3123029738629502
0.7,y,-0.4266360393763917,2,0.6902024807021387
0.7,y,-0.4266360393763917,3,0.8184656675469955
0.7,y,-0.34906585039886595,0,0.2601196389183013
0.7,y,-0.34906585039886595,1,0.37285444352348823
0.7,y,-0.34906585039886595,2,0.6230701866776012
0.7,y,-0.34906585039886595,3,0.74395573088061
0.7,y,-0.2714956614213402,0,0.36074129708601055
0.7,y,-0.2714956614213402,1,0.39929551578903477
0.7,y,-0.2714956614213402,2,0.5941008503173884
0.7,y,-0.2714956614213402,3,0.6458623368075669
0.7,y,-0.19392547244381442,0,0.2059305226499789
0.7,y,-0.19392547244381442,1,0.3681829729448947
0.7,y,-0.19392547244381442,2,0.635110466585693
0.7,y,-0.19392547244381442,3,0.790776037819433
0.7,y,-0.11635528346628865,0,0.2576664291219787
0.7,y,-0.11635528346628865,1,0.44119832330708736
0.7,y,-0.11635528346628865,2,0.5553378856096166
0.7,y,-0.11635528346628865,3,0.7457973619613174
0.7,y,-0.03878509448876288,0,0.23871017096047784
0.7,y,-0.03878509448876288,1,0.2956133234397203
0.7,y,-0.03878509448876288,2,0.709770377750473
0.7,y,-0.03878509448876288,3,0.7559061278493288
0.7,y,0.03878509448876288,0,0.20875183210720588
0.7,y,0.03878509448876288,1,0.25059799258224197
0.7,y,0.03878509448876288,2,0.7444385876094561
0.7,y,0.03878509448876288,3,0.7962115877010959
0.7,y,0.11635528346628865,0,0.07794933236497972
0.7,y,0.11635528346628865,1,0.2176893698031817
0.7,y,0.11635528346628865,2,0.7837604490544138
0.7,y,0.11635528346628865,3,0.9206008487774247
0.7,y,0.19392547244381442,0,0.06706183109637981
0.7,y,0.19392547244381442,1,0.25546647108423576
0.7,y,0.19392547244381442,2,0.7453730855101841
0.7,y,0.19392547244381442,3,0.9320986123092002
0.7,y,0.2714956614213402,0,0.1368310528901599
0.7,y,0.2714956614213402,1,0.29361635841821343
0.7,y,0.2714956614213402,2,0.7082775043534522
0.7,y,0.2714956614213402,3,0.8612750843381746
0.7,y,0.34906585039886595,0,0.24184096370149716
0.7,y,0.34906585039886595,1,0.35754048155215573
0.7,y,0.34906585039886595,2,0.6504486110267221
0.7,y,0.34906585039886595,3,0.7501699437196252
0.7,y,0.4266360393763917,0,0.15080577796551617
0.7,y,0.4266360393763917,1,0.17269679710511102
0.7,y,0.4266360393763917,2,0.8219779635689475
0.7,y,0.4266360393763917,3,0.8545194613604256
0.7,y,0.5042062283539175,0,0.15889320694821032
0.7,y,0.5042062283539175,1,0.35528672886320156
0.7,y,0.5042062283539175,2,0.64541251762057
0.7,y,0.5042062283539175,3,0.8404075465680185
0.7,y,0.5817764173314428,0,0.19737048379304087
0.7,y,0.5817764173314428,1,0.2878135290480246
0.7,y,0.5817764173314428,2,0.7264581503017542
0.7,y,0.5817764173314428,3,0.7883578368571811
0.7,y,0.6593466063089686,0,0.10593928761878504
0.7,y,0.6593466063089686,1,0.26864044891730493
0.7,y,0.6593466063089686,2,0.7287031263179176
0.7,y,0.6593466063089686,3,0.8967171371459923
0.7,y,0.7369167952864943,0,0.2172428295516807
0.7,y,0.7369167952864943,1,0.389624662419745
0.7,y,0.7369167952864943,2,0.6150912506768444
0.7,y,0.7369167952864943,3,0.7780412573517297
0.7,y,0.8144869842640201,0,0.14257815057571774
0.7,y,0.8144869842640201,1,0.22583156311073652
0.7,y,0.8144869842640201,2,0.7805681009589418
0.7,y,0.8144869842640201,3,0.851022185354604
0.7,y,0.8920571732415459,0,0.12692061284616496
0.7,y,0.8920571732415459,1,0.20313272941182092
0.7,y,0.8920571732415459,2,0.7899962957368999
0.7,y,0.8920571732415459,3,0.8799503620051137
0.7,y,0.9696273622190716,0,0.13643192006659807
0.7,y,0.9696273622190716,1,0.3848002923790468
0.7,y,0.9696273622190716,2,0.6144990433700968
0.7,y,0.9696273622190716,3,0.8642687441842585
0.7,y,1.0471975511965974,0,0.33665021842832765
0.7,y,1.0471975511965974,1,0.35904822249325397
0.7,y,1.0471975511965974,2,0.6441935364500417
0.7,y,1.0471975511965974,3,0.6601080226283769
0.7,y,1.1247677401741232,0,0.2925531037753618
0.7,y,1.1247677401741232,1,0.34950010593795366
0.7,y,1.1247677401741232,2,0.643474092102142
0.7,y,1.1247677401741232,3,0.7144726981845424
0.7,y,1.202337929151649,0,0.10920920698371947
0.7,y,1.202337929151649,1,0.21427613592569125
0.7,y,1.202337929151649,2,0.7972384097463857
0.7,y,1.202337929151649,3,0.8792762473442032
0.7,y,1.2799081181291747,0,0.2184817709939812
0.7,y,1.2799081181291747,1,0.25374185755643874
0.7,y,1.2799081181291747,2,0.7350925021906303
0.7,y,1.2799081181291747,3,0.7926838692589497
0.7,y,1.3574783071067005,0,0.13088947838805085
0.7,y,1.3574783071067005,1,0.37300853356874436
0.7,y,1.3574783071067005,2,0.6354655328857693
0.7,y,1.3574783071067005,3,0.8606364551574348
0.7,y,1.4350484960842262,0,0.22527671525555218
0.7,y,1.4350484960842262,1,0.2804719561224513
0.7,y,1.4350484960842262,2,0.720974604663841
0.7,y,1.4350484960842262,3,0.7732767239581546
0.7,y,1.512618685061752,0,0.21765230854357642
0.7,y,1.512618685061752,1,0.44157728642785776
0.7,y,1.512618685061752,2,0.5607576796774466
0.7,y,1.512618685061752,3,0.7800127253511192
0.7,y,1.5901888740392778,0,0.16627474936913658
0.7,y,1.5901888740392778,1,0.2603903233824771
0.7,y,1.5901888740392778,2,0.7379086146109726
0.7,y,1.5901888740392778,3,0.8354263126374135
0.7,y,1.6677590630168035,0,0.14566472760900306
0.7,y,1.6677590630168035,1,0.2851748572598418
0.7,y,1.6677590630168035,2,0.7193330673582272
0.7,y,1.6677590630168035,3,0.8498273477729281
0.7,y,1.7453292519943293,0,0.19831313280802362
0.7,y,1.7453292519943293,1,0.342658585672794
0.7,y,1.7453292519943293,2,0.6613736304598765
0.7,y,1.7453292519943293,3,0.7976546510593056
0.7,y,1.822899440971855,0,0.10128674568306156
0.7,y,1.822899440971855,1,0.22180455042128785
0.7,y,1.822899440971855,2,0.7749225143025299
0.7,y,1.822899440971855,3,0.9019861895931208
0.7,y,1.9004696299493808,0,0.08250595651964236
0.7,y,1.9004696299493808,1,0.4056488973703942
0.7,y,1.9004696299493808,2,0.597548637283125
0.7,y,1.9004696299493808,3,0.9142965088268388
0.7,y,1.9780398189269066,0,0.10533297508001035
0.7,y,1.9780398189269066,1,0.4261241442627839
0.7,y,1.9780398189269066,2,0.5705256674808366
0.7,y,1.9780398189269066,3,0.8980172131763684
0.7,y,2.0556100079044324,0,0.32083836556279605
0.7,y,2.0556100079044324,1,0.4304715467803823
0.7,y,2.0556100079044324,2,0.548763366993423
0.7,y,2.0556100079044324,3,0.6999267206633992
0.7,y,2.133180196881958,0,0.17829533540059314
0.7,y,2.133180196881958,1,0.2575954069057702
0.7,y,2.133180196881958,2,0.7457963352474234
0.7,y,2.133180196881958,3,0.8183129224462131
0.7,y,2.210750385859484,0,0.23022709747624928
0.7,y,2.210750385859484,1,0.3735563938045581
0.7,y,2.210750385859484,2,0.6266026511201213
0.7,y,2.210750385859484,3,0.769613857599071
0.7,y,2.2883205748370097,0,0.3067234162458279
0.7,y,2.2883205748370097,1,0.33715361413433653
0.7,y,2.2883205748370097,2,0.6244851670281597
0.7,y,2.2883205748370097,3,0.7316378025916754
0.7,y,2.3658907638145354,0,0.2454753447012555
0.7,y,2.3658907638145354,1,0.3125113437213525
0.7,y,2.3658907638145354,2,0.6851687029436833
0.7,y,2.3658907638145354,3,0.7568446086337093
0.7,y,2.443460952792061,0,0.13082388530913044
0.7,y,2.443460952792061,1,0.2762225825928151
0.7,y,2.443460952792061,2,0.7308964216595415
0.7,y,2.443460952792061,3,0.8620571104385127
0.7,y,2.521031141769587,0,0.22619296385316895
0.7,y,2.521031141769587,1,0.45831744998347723
0.7,y,2.521031141769587,2,0.5482040393664533
0.7,y,2.521031141769587,3,0.7672855467969005
0.7,y,2.5986013307471127,0,0.1784326989127148
0.7,y,2.5986013307471127,1,0.37774664352558057
0.7,y,2.5986013307471127,2,0.6222112065869096
0.7,y,2.5986013307471127,3,0.8216094509747955
0.7,y,2.6761715197246385,0,0.13708931868411997
0.7,y,2.6761715197246385,1,0.2911010631703343
0.7,y,2.6761715197246385,2,0.7066061428717276
0.7,y,2.6761715197246385,3,0.8652034752738179
0.7,y,2.7537417087021643,0,0.2742159555280822
0.7,y,2.7537417087021643,1,0.40591724734741635
0.7,y,2.7537417087021643,2,0.5951150478094189
0.7,y,2.7537417087021643,3,0.7247517493150828
0.7,y,2.83131189767969,0,0.10667442618193279
0.7,y,2.83131189767969,1,0.21317769758462024
0.7,y,2.83131189767969,2,0.7852356500621351
0.7,y,2.83131189767969,3,0.8949122261713124
0.7,y,2.908882086657216,0,0.25558594650386013
0.7,y,2.908882086657216,1,0.3012357118755549
0.7,y,2.908882086657216,2,0.6950557487604523
0.7,y,2.908882086657216,3,0.7481225928601323
0.7,y,2.9864522756347416,0,0.22272416698963723
0.7,y,2.9864522756347416,1,0.2979582635958784
0.7,y,2.9864522756347416,2,0.7222229197517676
0.7,y,2.9864522756347416,3,0.7570946496627162
0.7,y,3.0640224646122673,0,0.16341709944710234
0.7,y,3.0640224646122673,1,0.2119099478560879
0.7,y,3.0640224646122673,2,0.7868570448442568
0.7,y,3.0640224646122673,3,0.8378159078525533
0.8,x,-3.141592653589793,0,0.14897028217365862
0.8,x,-3.141592653589793,1,0.3760061236190129
0.8,x,-3.141592653589793,2,0.6258436890604182
0.8,x,-3.141592653589793,3,0.8491799051469101
0.8,x,-3.0640224646122673,0,0.2717052830964007
0.8,x,-3.0640224646122673,1,0.3959135546698048
0.8,x,-3.0640224646122673,2,0.6050199152291993
0.8,x,-3.0640224646122673,3,0.7273612470045949
0.8,x,-2.9864522756347416,0,0.2773178464937232
0.8,x,-2.9864522756347416,1,0.38253864288656236
0.8,x,-2.9864522756347416,2,0.6080512510126153
0.8,x,-2.9864522756347416,3,0.7320922596070993
0.8,x,-2.908882086657216,0,0.21006902484714612
0.8,x,-2.908882086657216,1,0.2929362684538991
0.8,x,-2.908882086657216,2,0.6986098839884859
0.8,x,-2.908882086657216,3,0.7983848227104693
0.8,x,-2.83131189767969,0,0.1880147890788797
0.8,x,-2.83131189767969,1,0.33598218968302873
0.8,x,-2.83131189767969,2,0.6629137666752395
0.8,x,-2.83131189767969,3,0.8130892545628521
0.8,x,-2.7537417087021643,0,0.27845024417826936
0.8,x,-2.7537417087021643,1,0.3147032816437409
0.8,x,-2.7537417087021643,2,0.6615501286635277
0.8,x,-2.7537417087021643,3,0.7452963455144619
0.8,x,-2.6761715197246385,0,0.1478916271546254
0.8,x,-2.6761715197246385,1,0.37158404378919646
0.8,x,-2.6761715197246385,2,0.6295638032090118
0.8,x,-2.6761715197246385,3,0.8509605258471664
0.8,x,-2.5986013307471127,0,0.17638909909070832
0.8,x,-2.5986013307471127,1,0.2834550900779608
0.8,x,-2.5986013307471127,2,0.709938058894493
0.8,x,-2.5986013307471127,3,0.8302177519368382
0.8,x,-2.521031141769587,0,0.23426031200292258
0.8,x,-2.521031141769587,1,0.3888801884690617
0.8,x,-2.521031141769587,2,0.6193761671690796
0.8,x,-2.521031141769587,3,0.7574833323589355
0.8,x,-2.443460952792061,0,0.1462982843993561
0.8,x,-2.443460952792061,1,0.3545764518519825
0.8,x,-2.443460952792061,2,0.6501776091865374
0.8,x,-2.443460952792061,3,0.8489476545621232
0.8,x,-2.3658907638145354,0,0.17971014859442633
0.8,x,-2.3658907638145354,1,0.45631989795026207
0.8,x,-2.3658907638145354,2,0.5401614820617968
0.8,x,-2.3658907638145354,3,0.8238084713935145
0.8,x,-2.2883205748370097,0,0.1287863244261501
0.8,x,-2.2883205748370097,1,0.34849106318710266
0.8,x,-2.2883205748370097,2,0.6472408507167676
0.8,x,-2.2883205748370097,3,0.8754817616699785
0.8,x,-2.210750385859484,0,0.20813282621165652
0.8,x,-2.210750385859484,1,0.3494633411588534
0.8,x,-2.210750385859484,2,0.6480545236238313
0.8,x,-2.210750385859484,3,0.7943493090056584
0.8,x,-2.133180196881958,0,0.12279385194199227
0.8,x,-2.133180196881958,1,0.1954620162729028
0.8,x,-2.133180196881958,2,0.818929464820543
0.8,x,-2.133180196881958,3,0.8628146669645617
0.8,x,-2.0556100079044324,0,0.25431648519551103
0.8,x,-2.0556100079044324,1,0.35972188247238607
0.8,x,-2.0556100079044324,2,0.640851556987091
0.8,x,-2.0556100079044324,3,0.7451100753450116
0.8,x,-1.9780398189269068,0,0.27783130082859264
0.8,x,-1.9780398189269068,1,0.34331406061732206
0.8,x,-1.9780398189269068,2,0.6435139885107153
0.8,x,-1.9780398189269068,3,0.7353406500433703
0.8,x,-1.900469629949381,0,0.19623972416534127
0.8,x,-1.900469629949381,1,0.2676818639807023
0.8,x,-1.900469629949381,2,0.7339102737890562
0.8,x,-1.900469629949381,3,0.8021681380649003
0.8,x,-1.8228994409718553,0,0.13722786973278794
0.8,x,-1.8228994409718553,1,0.2224928811485649
0.8,x,-1.8228994409718553,2,0.7737325647513454
0.8,x,-1.8228994409718553,3,0.866546684367302
0.8,x,-1.7453292519943295,0,0.11818308969518143
0.8,x,-1.7453292519943295,1,0.2609458120010822
0.8,x,-1.7453292519943295,2,0.7432837418052316
0.8,x,-1.7453292519943295,3,0.8775873564985044
0.8,x,-1.6677590630168038,0,0.21032839759254418
0.8,x,-1.6677590630168038,1,0.25480001815653663
0.8,x,-1.6677590630168038,2,0.7399036705515456
0.8,x,-1.6677590630168038,3,0.7949679136993729
0.8,x,-1.590188874039278,0,0.19241832845312734
0.8,x,-1.590188874039278,1,0.2490301643144043
0.8,x,-1.590188874039278,2,0.7407171284850411
0.8,x,-1.590188874039278,3,0.8178343787474266
0.8,x,-1.5126186850617522,0,0.09613942025658696
0.8,x,-1.5126186850617522,1,0.24688535826757768
0.8,x,-1.5126186850617522,2,0.7416180352671515
0.8,x,-1.5126186850617522,3,0.9153571862086836
0.8,x,-1.4350484960842265,0,0.3102288059001292
0.8,x,-1.4350484960842265,1,0.45060094187175537
0.8,x,-1.4350484960842265,2,0.5464415169868015
0.8,x,-1.4350484960842265,3,0.6927287352413136
0.8,x,-1.3574783071067007,0,0.18647215402071743
0.8,x,-1.3574783071067007,1,0.24641075064000487
0.8,x,-1.3574783071067007,2,0.744530053514926
0.8,x,-1.3574783071067007,3,0.8225870418243508
0.8,x,-1.2799081181291752,0,0.10642236839563232
0.8,x,-1.2799081181291752,1,0.2867516322804595
0.8,x,-1.2799081181291752,2,0.7146276557872602
0.8,x,-1.2799081181291752,3,0.8921983435366484
0.8,x,-1.2023379291516494,0,0.1761959616859788
0.8,x,-1.2023379291516494,1,0.45402344563550495
0.8,x,-1.2023379291516494,2,0.549818434769505
0.8,x,-1.2023379291516494,3,0.8199621579090103
0.8,x,-1.1247677401741236,0,0.19278915551671177
0.8,x,-1.1247677401741236,1,0.32189321486833783
0.8,x,-1.1247677401741236,2,0.6689320160604989
0.8,x,-1.1247677401741236,3,0.816385613554451
0.8,x,-1.0471975511965979,0,0.23004879372552933
0.8,x,-1.0471975511965979,1,0.2963732752361933
0.8,x,-1.0471975511965979,2,0.7072301158154539
0.8,x,-1.0471975511965979,3,0.7663478152228231
0.8,x,-0.9696273622190721,0,0.2516620236761524
0.8,x,-0.9696273622190721,1,0.3480419460961513
0.8,x,-0.9696273622190721,2,0.6449637721395785
0.8,x,-0.9696273622190721,3,0.7553322580881178
0.8,x,-0.8920571732415463,0,0.13834500893554308
0.8,x,-0.8920571732415463,1,0.1673972602717892
0.8,x,-0.8920571732415463,2,0.8375293164690928
0.8,x,-0.8920571732415463,3,0.8567284143235743
0.8,x,-0.8144869842640206,0,0.15564247306867254
0.8,x,-0.8144869842640206,1,0.38446836035497506
0.8,x,-0.8144869842640206,2,0.6169800798992062
0.8,x,-0.8144869842640206,3,0.8429090866771471
0.8,x,-0.7369167952864948,0,0.13044845125074203
0.8,x,-0.7369167952864948,1,0.2662305461542909
0.8,x,-0.7369167952864948,2,0.7364274453763306
0.8,x,-0.7369167952864948,3,0.8668935572186366
0.8,x,-0.659346606308969,0,0.29314427182960046
0.8,x,-0.659346606308969,1,0.3889755864934537
0.8,x,-0.659346606308969,2,0.616225570634574
0.8,x,-0.659346606308969,3,0.701654571042372
0.8,x,-0.5817764173314433,0,0.3134857541192733
0.8,x,-0.5817764173314433,1,0.3365537247398243
0.8,x,-0.5817764173314433,2,0.6416017335942443
0.8,x,-0.5817764173314433,3,0.7083587875466582
0.8,x,-0.5042062283539175,0,0.1745332045466099
0.8,x,-0.5042062283539175,1,0.2747208433712546
0.8,x,-0.5042062283539175,2,0.7245946182739906
0.8,x,-0.5042062283539175,3,0.8261513338081451
0.8,x,-0.4266360393763917,0,0.3180196477169618
0.8,x,-0.4266360393763917,1,0.37457157585969875
0.8,x,-0.4266360393763917,2,0.6329327832148759
0.8,x,-0.4266360393763917,3,0.6744759932084643
0.8,x,-0.34906585039886595,0,0.20482700001397347
0.8,x,-0.34906585039886595,1,0.32405086202292005
0.8,x,-0.34906585039886595,2,0.6746963145849862
0.8,x,-0.34906585039886595,3,0.7964258233781205
0.8,x,-0.2714956614213402,0,0.19472766318977158
0.8,x,-0.2714956614213402,1,0.30209552435511994
0.8,x,-0.2714956614213402,2,0.6965993780387219
0.8,x,-0.2714956614213402,3,0.806577434416387
0.8,x,-0.19392547244381442,0,0.13639344971089123
0.8,x,-0.19392547244381442,1,0.19896807769249686
0.8,x,-0.19392547244381442,2,0.8100140703376767
0.8,x,-0.19392547244381442,3,0.8546244022589352
0.8,x,-0.11635528346628865,0,0.12747957197627108
0.8,x,-0.11635528346628865,1,0.2786594009804935
0.8,x,-0.11635528346628865,2,0.7225611925547758
0.8,x,-0.11635528346628865,3,0.8712998344884589
0.8,x,-0.03878509448876288,0,0.12718991366273813
0.8,x,-0.03878509448876288,1,0.28829366153031843
0.8,x,-0.03878509448876288,2,0.7128722631236223
0.8,x,-0.03878509448876288,3,0.871644161683321
0.8,x,0.03878509448876288,0,0.12256170113748102
0.8,x,0.03878509448876288,1,0.2277752475661635
0.8,x,0.03878509448876288,2,0.7725793902233227
0.8,x,0.03878509448876288,3,0.8770836610730328
0.8,x,0.11635528346628865,0,0.2855548381522853
0.8,x,0.11635528346628865,1,0.3662029958080675
0.8,x,0.11635528346628865,2,0.6359889064224897
0.8,x,0.11635528346628865,3,0.7122532596171576
0.8,x,0.19392547244381442,0,0.13438867914443667
0.8,x,0.19392547244381442,1,0.15021460175270984
0.8,x,0.19392547244381442,2,0.8360766315043484
0.8,x,0.19392547244381442,3,0.879320087598505
0.8,x,0.2714956614213402,0,0.08723014632279566
0.8,x,0.2714956614213402,1,0.30157617418318433
0.8,x,0.2714956614213402,2,0.6987077023064203
0.8,x,0.2714956614213402,3,0.9124859771875996
0.8,x,0.34906585039886595,0,0.21270350932281573
0.8,x,0.34906585039886595,1,0.4145583713498981
0.8,x,0.34906585039886595,2,0.5809895680034245
0.8,x,0.34906585039886595,3,0.7917485513238616
0.8,x,0.4266360393763917,0,0.2237246074556608
0.8,x,0.4266360393763917,1,0.30257336027800524
0.8,x,0.4266360393763917,2,0.7248788508223254
0.8,x,0.4266360393763917,3,0.7488231814440083
0.8,x,0.5042062283539175,0,0.1583684759148212
0.8,x,0.5042062283539175,1,0.28532880869254285
0.8,x,0.5042062283539175,2,0.7150950629432173
0.8,x,0.5042062283539175,3,0.8412076524494185
0.8,x,0.5817764173314428,0,0.131977649952261
0.8,x,0.5817764173314428,1,0.3010899993610067
0.8,x,0.5817764173314428,2,0.6948678275143798
0.8,x,0.5817764173314428,3,0.8720645231723522
0.8,x,0.6593466063089686,0,0.237232642073447
0.8,x,0.6593466063089686,1,0.29199497559255
0.8,x,0.6593466063089686,2,0.7181222447889478
0.8,x,0.6593466063089686,3,0.7526501375450549
0.8,x,0.7369167952864943,0,0.1283396892174276
0.8,x,0.7369167952864943,1,0.22311102349903905
0.8,x,0.7369167952864943,2,0.7796643756211755
0.8,x,0.7369167952864943,3,0.8688849116623569
0.8,x,0.8144869842640201,0,0.2236802241827942
0.8,x,0.8144869842640201,1,0.26800692845061674
0.8,x,0.8144869842640201,2,0.7354955170286309
0.8,x,0.8144869842640201,3,0.7728173303379584
0.8,x,0.8920571732415459,0,0.1754331438607226
0.8,x,0.8920571732415459,1,0.25449824373230734
0.8,x,0.8920571732415459,2,0.7338053758322785
0.8,x,0.8920571732415459,3,0.8362632365746918
0.8,x,0.9696273622190716,0,0.3123072207532366
0.8,x,0.9696273622190716,1,0.4207005187981997
0.8,x,0.9696273622190716,2,0.5760657563366819
0.8,x,0.9696273622190716,3,0.6909265041118826
0.8,x,1.0471975511965974,0,0.30887170377133805
0.8,x,1.0471975511965974,1,0.3851394938621976
0.8,x,1.0471975511965974,2,0.6098436551789355
0.8,x,1.0471975511965974,3,0.6961451471875291
0.8,x,1.1247677401741232,0,0.1225864687754757
0.8,x,1.1247677401741232,1,0.3605784987001153
0.8,x,1.1247677401741232,2,0.6424616387674252
0.8,x,1.1247677401741232,3,0.8743733937569838
0.8,x,1.202337929151649,0,0.30745408792960277
0.8,x,1.202337929151649,1,0.35839976156737674
0.8,x,1.202337929151649,2,0.6312989012083583
0.8,x,1.202337929151649,3,0.7028472492946615
0.8,x,1.2799081181291747,0,0.19071805663879526
0.8,x,1.2799081181291747,1,0.318305216957283
0.8,x,1.2799081181291747,2,0.6788286596160321
0.8,x,1.2799081181291747,3,0.8121480667878895
0.8,x,1.3574783071067005,0,0.38932308128225657
0.8,x,1.3574783071067005,1,0.41470157794112006
0.8,x,1.3574783071067005,2,0.5740087832109592
0.8,x,1.3574783071067005,3,0.621966557565664
0.8,x,1.4350484960842262,0,0.1500852391088046
0.8,x,1.4350484960842262,1,0.23952469684340466
0.8,x,1.4350484960842262,2,0.7859091839281303
0.8,x,1.4350484960842262,3,0.8244808801196603
0.8,x,1.512618685061752,0,0.09683664317708386
0.8,x,1.512618685061752,1,0.33359538712725606
0.8,x,1.512618685061752,2,0.6835455023326349
0.8,x,1.512618685061752,3,0.8860224673630248
0.8,x,1.5901888740392778,0,0.34358011837628194
0.8,x,1.5901888740392778,1,0.40694771415414327
0.8,x,1.5901888740392778,2,0.5942154068621753
0.8,x,1.5901888740392778,3,0.6552567606073993
0.8,x,1.6677590630168035,0,0.2048606929023774
0.8,x,1.6677590630168035,1,0.30260021873903925
0.8,x,1.6677590630168035,2,0.7003666840267371
0.8,x,1.6677590630168035,3,0.7921724043318462
0.8,x,1.7453292519943293,0,0.1799660101507484
0.8,x,1.7453292519943293,1,0.3446729698491528
0.8,x,1.7453292519943293,2,0.6616682835387324
0.8,x,1.7453292519943293,3,0.8136927364613666
0.8,x,1.822899440971855,0,0.14029241700696515
0.8,x,1.822899440971855,1,0.4199271678155128
0.8,x,1.822899440971855,2,0.576706943179701
0.8,x,1.822899440971855,3,0.8630734719978213
0.8,x,1.9004696299493808,0,0.15065205315939986
0.8,x,1.9004696299493808,1,0.29426015917900333
0.8,x,1.9004696299493808,2,0.7021607711787294
0.8,x,1.9004696299493808,3,0.8529270164828672
0.8,x,1.9780398189269066,0,0.22324747965246433
0.8,x,1.9780398189269066,1,0.3338307339048945
0.8,x,1.9780398189269066,2,0.6724336871204205
0.8,x,1.9780398189269066,3,0.7704880993222207
0.8,x,2.0556100079044324,0,0.10665014688131458
0.8,x,2.0556100079044324,1,0.39432224023280465
0.8,x,2.0556100079044324,2,0.6042751866422538
0.8,x,2.0556100079044324,3,0.8947524262436268
0.8,x,2.133180196881958,0,0.17801011396922664
0.8,x,2.133180196881958,1,0.3406288906280373
0.8,x,2.133180196881958,2,0.6624767496640267
0.8,x,2.133180196881958,3,0.8188842457387097
0.8,x,2.210750385859484,0,0.19944313123195298
0.8,x,2.210750385859484,1,0.24272364673899643
0.8,x,2.210750385859484,2,0.7566124465409916
0.8,x,2.210750385859484,3,0.8012207754880591
0.8,x,2.2883205748370097,0,0.17992422886827633
0.8,x,2.2883205748370097,1,0.32822636558282714
0.8,x,2.2883205748370097,2,0.6785974082779318
0.8,x,2.2883205748370097,3,0.8132519972709644
0.8,x,2.3658907638145354,0,0.2905110065381077
0.8,x,2.3658907638145354,1,0.3609222798714255
0.8,x,2.3658907638145354,2,0.6324791718961746
0.8,x,2.3658907638145354,3,0.7160875416942925
0.8,x,2.443460952792061,0,0.1827749378194876
0.8,x,2.443460952792061,1,0.31776674000431643
0.8,x,2.443460952792061,2,0.6896951858137428
0.8,x,2.443460952792061,3,0.8097631363624533
0.8,x,2.521031141769587,0,0.16397328404691372
0.8,x,2.521031141769587,1,0.36631976807298827
0.8,x,2.521031141769587,2,0.6390318506674683
0.8,x,2.521031141769587,3,0.8306750972126299
0.8,x,2.5986013307471127,0,0.14438048955881091
0.8,x,2.5986013307471127,1,0.26937064384645676
0.8,x,2.5986013307471127,2,0.7052882024048642
0.8,x,2.5986013307471127,3,0.8809606641898685
0.8,x,2.6761715197246385,0,0.06978073547825735
0.8,x,2.6761715197246385,1,0.20333542294785453
0.8,x,2.6761715197246385,2,0.7821683900303346
0.8,x,2.6761715197246385,3,0.9447154515435535
0.8,x,2.7537417087021643,0,0.19287181082176777
0.8,x,2.7537417087021643,1,0.32171527591467647
0.8,x,2.7537417087021643,2,0.6952919677657545
0.8,x,2.7537417087021643,3,0.7901209454978013
0.8,x,2.83131189767969,0,0.32560106394192245
0.8,x,2.83131189767969,1,0.4161837575209102
0.8,x,2.83131189767969,2,0.5807982109162484
0.8,x,2.83131189767969,3,0.6774169676209193
0.8,x,2.908882086657216,0,0.29708438822897265
0.8,x,2.908882086657216,1,0.33335316724638603
0.8,x,2.908882086657216,2,0.6604157697459645
0.8,x,2.908882086657216,3,0.7091466747786773
0.8,x,2.9864522756347416,0,0.0888422242345144
0.8,x,2.9864522756347416,1,0.31249724614691815
0.8,x,2.9864522756347416,2,0.692251612236206
0.8,x,2.9864522756347416,3,0.9064089173823611
0.8,x,3.0640224646122673,0,0.30943486558970545
0.8,x,3.0640224646122673,1,0.3908118693613352
0.8,x,3.0640224646122673,2,0.6338482646795871
0.8,x,3.0640224646122673,3,0.6659050003693731
0.8,y,-3.141592653589793,0,0.16012413768302142
0.8,y,-3.141592653589793,1,0.2994642289275067
0.8,y,-3.141592653589793,2,0.7072460115129696
0.8,y,-3.141592653589793,3,0.8331656218765023
0.8,y,-3.0640224646122673,0,0.06446781879174063
0.8,y,-3.0640224646122673,1,0.2731135289086733
0.8,y,-3.0640224646122673,2,0.7338330464070836
0.8,y,-3.0640224646122673,3,0.9285856058925028
0.8,y,-2.9864522756347416,0,0.15450900186440858
0.8,y,-2.9864522756347416,1,0.4167685064499909
0.8,y,-2.9864522756347416,2,0.5803323485166623
0.8,y,-2.9864522756347416,3,0.8483901431689391
0.8,y,-2.908882086657216,0,0.16791868356892098
0.8,y,-2.908882086657216,1,0.2699408173109814
0.8,y,-2.908882086657216,2,0.7135670388196242
0.8,y,-2.908882086657216,3,0.8485734603004734
0.8,y,-2.83131189767969,0,0.21520826425039333
0.8,y,-2.83131189767969,1,0.2960295050735646
0.8,y,-2.83131189767969,2,0.7097292077204855
0.8,y,-2.83131189767969,3,0.7790330229555568
0.8,y,-2.7537417087021643,0,0.11226883844006016
0.8,y,-2.7537417087021643,1,0.33406232665036406
0.8,y,-2.7537417087021643,2,0.6754470556284885
0.8,y,-2.7537417087021643,3,0.8782217792810868
0.8,y,-2.6761715197246385,0,0.2195493119323044
0.8,y,-2.6761715197246385,1,0.4145067662546401
0.8,y,-2.6761715197246385,2,0.5865181492548912
0.8,y,-2.6761715197246385,3,0.7794257725581646
0.8,y,-2.5986013307471127,0,0.07746967696639513
0.8,y,-2.5986013307471127,1,0.18954628432719486
0.8,y,-2.5986013307471127,2,0.8109870045489208
0.8,y,-2.5986013307471127,3,0.9219970341574896
0.8,y,-2.521031141769587,0,0.1482707278472594
0.8,y,-2.521031141769587,1,0.34533284680556703
0.8,y,-2.521031141769587,2,0.6607264062337972
0.8,y,-2.521031141769587,3,0.8456700191133767
0.8,y,-2.443460952792061,0,0.1334742659532895
0.8,y,-2.443460952792061,1,0.2930762155222281
0.8,y,-2.443460952792061,2,0.7179474546093951
0.8,y,-2.443460952792061,3,0.8555020639150874
0.8,y,-2.3658907638145354,0,0.18626572436243244
0.8,y,-2.3658907638145354,1,0.2998187396857876
0.8,y,-2.3658907638145354,2,0.718836448078593
0.8,y,-2.3658907638145354,3,0.7950790878731869
0.8,y,-2.2883205748370097,0,0.166159371322715
0.8,y,-2.2883205748370097,1,0.2297300648544218
0.8,y,-2.2883205748370097,2,0.7644558682390424
0.8,y,-2.2883205748370097,3,0.8396546955838201
0.8,y,-2.210750385859484,0,0.2601019954859551
0.8,y,-2.210750385859484,1,0.3265781428786421
0.8,y,-2.210750385859484,2,0.669178969211415
0.8,y,-2.210750385859484,3,0.7441408924239872
0.8,y,-2.133180196881958,0,0.15559282731469323
0.8,y,-2.133180196881958,1,0.32346354272977756
0.8,y,-2.133180196881958,2,0.6832307022414128
0.8,y,-2.133180196881958,3,0.8377129277141157
0.8,y,-2.0556100079044324,0,0.15678751560897106
0.8,y,-2.0556100079044324,1,0.4094777934949671
0.8,y,-2.0556100079044324,2,0.5904236417268037
0.8,y,-2.0556100079044324,3,0.8433110491692579
0.8,y,-1.9780398189269068,0,0.2549309609414693
0.8,y,-1.9780398189269068,1,0.3195238408260746
0.8,y,-1.9780398189269068,2,0.65593142075929
0.8,y,-1.9780398189269068,3,0.7696137774731661
0.8,y,-1.900469629949381,0,0.17983592745529825
0.8,y,-1.900469629949381,1,0.2884140706262396
0.8,y,-1.900469629949381,2,0.6989439338041062
0.8,y,-1.900469629949381,3,0.832806068114356
0.8,y,-1.8228994409718553,0,0.14116032044682286
0.8,y,-1.8228994409718553,1,0.3911534784270996
0.8,y,-1.8228994409718553,2,0.6047732313346554
0.8,y,-1.8228994409718553,3,0.8629129697914222
0.8,y,-1.7453292519943295,0,0.17029168207302664
0.8,y,-1.7453292519943295,1,0.2348595990065302
0.8,y,-1.7453292519943295,2,0.7852648686265359
0.8,y,-1.7453292519943295,3,0.8095838502939072
0.8,y,-1.6677590630168038,0,0.07211394597224342
0.8,y,-1.6677590630168038,1,0.33206818610176675
0.8,y,-1.6677590630168038,2,0.670197769601542
0.8,y,-1.6677590630168038,3,0.9256200983244481
0.8,y,-1.590188874039278,0,0.19866107030730207
0.8,y,-1.590188874039278,1,0.32357218643290775
0.8,y,-1.590188874039278,2,0.6935542835387015
0.8,y,-1.590188874039278,3,0.7842124597210893
0.8,y,-1.5126186850617522,0,0.2049394330299597
0.8,y,-1.5126186850617522,1,0.3054288525323042
0.8,y,-1.5126186850617522,2,0.6878565991616814
0.8,y,-1.5126186850617522,3,0.8017751152760549
0.8,y,-1.4350484960842265,0,0.09144428937029364
0.8,y,-1.4350484960842265,1,0.1593761219884126
0.8,y,-1.4350484960842265,2,0.8529507855880993
0.8,y,-1.4350484960842265,3,0.8962288030531944
0.8,y,-1.3574783071067007,0,0.19935869860331784
0.8,y,-1.3574783071067007,1,0.28922057043971083
0.8,y,-1.3574783071067007,2,0.7308330673784919
0.8,y,-1.3574783071067007,3,0.7805876635784796
0.8,y,-1.2799081181291752,0,0.18278352676262402
0.8,y,-1.2799081181291752,1,0.309287026682059
0.8,y,-1.2799081181291752,2,0.6786923471705499
0.8,y,-1.2799081181291752,3,0.829237099384767
0.8,y,-1.2023379291516494,0,0.21935421805781585
0.8,y,-1.2023379291516494,1,0.31958371510458095
0.8,y,-1.2023379291516494,2,0.6883859643404058
0.8,y,-1.2023379291516494,3,0.7726761024971974
0.8,y,-1.1247677401741236,0,0.11349684981457413
0.8,y,-1.1247677401741236,1,0.34037510849558533
0.8,y,-1.1247677401741236,2,0.6563182897362094
0.8,y,-1.1247677401741236,3,0.8898097519536312
0.8,y,-1.0471975511965979,0,0.12644537285230256
0.8,y,-1.0471975511965979,1,0.33391075935868425
0.8,y,-1.0471975511965979,2,0.6746744063268815
0.8,y,-1.0471975511965979,3,0.8649694614621309
0.8,y,-0.9696273622190721,0,0.262250768806575
0.8,y,-0.9696273622190721,1,0.31071439053544886
0.8,y,-0.9696273622190721,2,0.6730478978931906
0.8,y,-0.9696273622190721,3,0.7539869427647845
0.8,y,-0.8920571732415463,0,0.2895650366553578
0.8,y,-0.8920571732415463,1,0.3618023336485117
0.8,y,-0.8920571732415463,2,0.6357682911912953
0.8,y,-0.8920571732415463,3,0.7128643385048354
0.8,y,-0.8144869842640206,0,0.1935719727884567
0.8,y,-0.8144869842640206,1,0.311581237429023
0.8,y,-0.8144869842640206,2,0.688922088168463
0.8,y,-0.8144869842640206,3,0.8059247016140574
0.8,y,-0.7369167952864948,0,0.25309974585211925
0.8,y,-0.7369167952864948,1,0.3327867431034095
0.8,y,-0.7369167952864948,2,0.6742562034852264
0.8,y,-0.7369167952864948,3,0.7398573075592447
0.8,y,-0.659346606308969,0,0.28529257253927387
0.8,y,-0.659346606308969,1,0.3371793446867915
0.8,y,-0.659346606308969,2,0.6573555215621516
0.8,y,-0.659346606308969,3,0.7201725612117835
0.8,y,-0.5817764173314433,0,0.15672183014509367
0.8,y,-0.5817764173314433,1,0.25768465053299056
0.8,y,-0.5817764173314433,2,0.7355670596841717
0.8,y,-0.5817764173314433,3,0.8500264596377443
0.8,y,-0.5042062283539175,0,0.2294216235446488
0.8,y,-0.5042062283539175,1,0.3270295833871716
0.8,y,-0.5042062283539175,2,0.6726597584348422
0.8,y,-0.5042062283539175,3,0.7708890346333374
0.8,y,-0.4266360393763917,0,0.24292472921164254
0.8,y,-0.4266360393763917,1,0.45296262776989815
0.8,y,-0.4266360393763917,2,0.5485424011629653
0.8,y,-0.4266360393763917,3,0.7555702418554945
0.8,y,-0.34906585039886595,0,0.21302558849444186
0.8,y,-0.34906585039886595,1,0.34087140957900003
0.8,y,-0.34906585039886595,2,0.6543932218632567
0.8,y,-0.34906585039886595,3,0.7917097800633015
0.8,y,-0.2714956614213402,0,0.1732332962403651
0.8,y,-0.2714956614213402,1,0.36985451546003245
0.8,y,-0.2714956614213402,2,0.6348644172341884
0.8,y,-0.2714956614213402,3,0.822047771065414
0.8,y,-0.19392547244381442,0,0.2515714391812272
0.8,y,-0.19392547244381442,1,0.2764155598259059
0.8,y,-0.19392547244381442,2,0.718727174421498
0.8,y,-0.19392547244381442,3,0.7532858265713687
0.8,y,-0.11635528346628865,0,0.12426217026141081
0.8,y,-0.11635528346628865,1,0.19047100480505674
0.8,y,-0.11635528346628865,2,0.8085570203885822
0.8,y,-0.11635528346628865,3,0.8767098045449498
0.8,y,-0.03878509448876288,0,0.1873578027725468
0.8,y,-0.03878509448876288,1,0.21546771000495576
0.8,y,-0.03878509448876288,2,0.7799126916160355
0.8,y,-0.03878509448876288,3,0.8172617956064616
0.8,y,0.03878509448876288,0,0.22241524471715818
0.8,y,0.03878509448876288,1,0.2564689137601272
0.8,y,0.03878509448876288,2,0.7363653957181286
0.8,y,0.03878509448876288,3,0.784750445804586
0.8,y,0.11635528346628865,0,0.07486075231590776
0.8,y,0.11635528346628865,1,0.1317544190749354
0.8,y,0.11635528346628865,2,0.8679096566474123
0.8,y,0.11635528346628865,3,0.9254751719617458
0.8,y,0.19392547244381442,0,0.14443252040448618
0.8,y,0.19392547244381442,1,0.36622782667946574
0.8,y,0.19392547244381442,2,0.6350080478229606
0.8,y,0.19392547244381442,3,0.8543316050930869
0.8,y,0.2714956614213402,0,0.12480380783653673
0.8,y,0.2714956614213402,1,0.27091306229070333
0.8,y,0.2714956614213402,2,0.7318694413389332
0.8,y,0.2714956614213402,3,0.8724136885338261
0.8,y,0.34906585039886595,0,0.2166421562856857
0.8,y,0.34906585039886595,1,0.33895622183276153
0.8,y,0.34906585039886595,2,0.6603466131198068
0.8,y,0.34906585039886595,3,0.7840550087617464
0.8,y,0.4266360393763917,0,0.1960436179769595
0.8,y,0.4266360393763917,1,0.265354836503802
0.8,y,0.4266360393763917,2,0.7268747508987554
0.8,y,0.4266360393763917,3,0.8117267946204835
0.8,y,0.5042062283539175,0,0.2753196999887127
0.8,y,0.5042062283539175,1,0.380373915221532
0.8,y,0.5042062283539175,2,0.6241242138511347
0.8,y,0.5042062283539175,3,0.7201821709386209
0.8,y,0.5817764173314428,0,0.19305582962000203
0.8,y,0.5817764173314428,1,0.28656455276837206
0.8,y,0.5817764173314428,2,0.7085276517817377
0.8,y,0.5817764173314428,3,0.8118519658298877
0.8,y,0.6593466063089686,0,0.16625620892885493
0.8,y,0.6593466063089686,1,0.2508198332487025
0.8,y,0.6593466063089686,2,0.7441797774883891
0.8,y,0.6593466063089686,3,0.8387441803340533
0.8,y,0.7369167952864943,0,0.09390375829539932
0.8,y,0.7369167952864943,1,0.3265984352671812
0.8,y,0.7369167952864943,2,0.6794124970849245
0.8,y,0.7369167952864943,3,0.9000853093524946
0.8,y,0.8144869842640201,0,0.2555539975580877
0.8,y,0.8144869842640201,1,0.2906840983926222
0.8,y,0.8144869842640201,2,0.7105027448843744
0.8,y,0.8144869842640201,3,0.7432591591649162
0.8,y,0.8920571732415459,0,0.16525403551445056
0.8,y,0.8920571732415459,1,0.30896005403626114
0.8,y,0.8920571732415459,2,0.693257045484015
0.8,y,0.8920571732415459,3,0.8325288649652725
0.8,y,0.9696273622190716,0,0.3107515335837135
0.8,y,0.9696273622190716,1,0.34497872166258087
0.8,y,0.9696273622190716,2,0.6543888181751385
0.8,y,0.9696273622190716,3,0.6898809265785671
0.8,y,1.0471975511965974,0,0.22240893584231167
0.8,y,1.0471975511965974,1,0.366387618468492
0.8,y,1.0471975511965974,2,0.6380028898814852
0.8,y,1.0471975511965974,3,0.7732005558077109
0.8,y,1.1247677401741232,0,0.18896175026620052
0.8,y,1.1247677401741232,1,0.42143288397814455
0.8,y,1.1247677401741232,2,0.5762319732101875
0.8,y,1.1247677401741232,3,0.8133733925454675
0.8,y,1.202337929151649,0,0.17298477270461504
0.8,y,1.202337929151649,1,0.3508997787700863
0.8,y,1.202337929151649,2,0.646308094067229
0.8,y,1.202337929151649,3,0.8298073544580697
0.8,y,1.2799081181291747,0,0.1822980740219547
0.8,y,1.2799081181291747,1,0.28110714200733194
0.8,y,1.2799081181291747,2,0.7221505800674882
0.8,y,1.2799081181291747,3,0.8144442039032251
0.8,y,1.3574783071067005,0,0.2794187169964262
0.8,y,1.3574783071067005,1,0.29778803238012425
0.8,y,1.3574783071067005,2,0.6906770744948159
0.8,y,1.3574783071067005,3,0.7321161761286342
0.8,y,1.4350484960842262,0,0.2054479040718194
0.8,y,1.4350484960842262,1,0.3132551171859669
0.8,y,1.4350484960842262,2,0.6812976859408129
0.8,y,1.4350484960842262,3,0.7999992928014011
0.8,y,1.512618685061752,0,0.16399980037535147
0.8,y,1.512618685061752,1,0.2715342007058618
0.8,y,1.512618685061752,2,0.7330345820504112
0.8,y,1.512618685061752,3,0.8314314168683752
0.8,y,1.5901888740392778,0,0.22075138144691167
0.8,y,1.5901888740392778,1,0.28262672858941695
0.8,y,1.5901888740392778,2,0.7202325718947121
0.8,y,1.5901888740392778,3,0.7763893180689593
0.8,y,1.6677590630168035,0,0.2503618130775728
0.8,y,1.6677590630168035,1,0.3043220969154903
0.8,y,1.6677590630168035,2,0.6981600922046036
0.8,y,1.6677590630168035,3,0.7471559978023329
0.8,y,1.7453292519943293,0,0.2099005892102556
0.8,y,1.7453292519943293,1,0.27413469074670993
0.8,y,1.7453292519943293,2,0.717698164672396
0.8,y,1.7453292519943293,3,0.7982665553706385
0.8,y,1.822899440971855,0,0.29506372030584205
0.8,y,1.822899440971855,1,0.4667336184824551
0.8,y,1.822899440971855,2,0.5571888616432388
0.8,y,1.822899440971855,3,0.6810137995684646
0.8,y,1.9004696299493808,0,0.12775600551576236
0.8,y,1.9004696299493808,1,0.2265451460633651
0.8,y,1.9004696299493808,2,0.7843596180566883
0.8,y,1.9004696299493808,3,0.8613392303641846
0.8,y,1.9780398189269066,0,0.2923165514268182
0.8,y,1.9780398189269066,1,0.32411076937789635
0.8,y,1.9780398189269066,2,0.6426203708552113
0.8,y,1.9780398189269066,3,0.7409523083400744
0.8,y,2.0556100079044324,0,0.3220847922527197
0.8,y,2.0556100079044324,1,0.39500131061569566
0.8,y,2.0556100079044324,2,0.5682997452531927
0.8,y,2.0556100079044324,3,0.7146141518783921
0.8,y,2.133180196881958,0,0.23930272701989558
0.8,y,2.133180196881958,1,0.2606834537851535
0.8,y,2.133180196881958,2,0.7266910238173296
0.8,y,2.133180196881958,3,0.7733227953776216
0.8,y,2.210750385859484,0,0.11510470272997154
0.8,y,2.210750385859484,1,0.29438559951870247
0.8,y,2.210750385859484,2,0.7091147280557064
0.8,y,2.210750385859484,3,0.8813949696956198
0.8,y,2.2883205748370097,0,0.2494496279514109
0.8,y,2.2883205748370097,1,0.4204689599666668
0.8,y,2.2883205748370097,2,0.5813730388236642
0.8,y,2.2883205748370097,3,0.7487083732582582
0.8,y,2.3658907638145354,0,0.28419350338689214
0.8,y,2.3658907638145354,1,0.34507601895204576
0.8,y,2.3658907638145354,2,0.6491630697766968
0.8,y,2.3658907638145354,3,0.7215674078843652
0.8,y,2.443460952792061,0,0.2025311925533397
0.8,y,2.443460952792061,1,0.37598434186180046
0.8,y,2.443460952792061,2,0.6308274436333399
0.8,y,2.443460952792061,3,0.7906570219515202
0.8,y,2.521031141769587,0,0.20693750781942616
0.8,y,2.521031141769587,1,0.37875567757762646
0.8,y,2.521031141769587,2,0.6138475464327562
0.8,y,2.521031141769587,3,0.8004592681701914
0.8,y,2.5986013307471127,0,0.2434612867290664
0.8,y,2.5986013307471127,1,0.29110825316120775
0.8,y,2.5986013307471127,2,0.6988249943757276
0.8,y,2.5986013307471127,3,0.7666054657339987
0.8,y,2.6761715197246385,0,0.1703052363943496
0.8,y,2.6761715197246385,1,0.39486685878329225
0.8,y,2.6761715197246385,2,0.6005059097091432
0.8,y,2.6761715197246385,3,0.8343219951132154
0.8,y,2.7537417087021643,0,0.13616106280750254
0.8,y,2.7537417087021643,1,0.21593743339353277
0.8,y,2.7537417087021643,2,0.793230346236319
0.8,y,2.7537417087021643,3,0.8546711575626451
0.8,y,2.83131189767969,0,0.03537068860325595
0.8,y,2.83131189767969,1,0.35834579795591603
0.8,y,2.83131189767969,2,0.643051821635269
0.8,y,2.83131189767969,3,0.9632316918055593
0.8,y,2.908882086657216,0,0.12324111042575094
0.8,y,2.908882086657216,1,0.3723083339879911
0.8,y,2.908882086657216,2,0.6445559727367143
0.8,y,2.908882086657216,3,0.8598945828495445
0.8,y,2.9864522756347416,0,0.23293293864292938
0.8,y,2.9864522756347416,1,0.3501465392423053
0.8,y,2.9864522756347416,2,0.6684463758348916
0.8,y,2.9864522756347416,3,0.7484741462798732
0.8,y,3.0640224646122673,0,0.18473565263628117
0.8,y,3.0640224646122673,1,0.2805408008425837
0.8,y,3.0640224646122673,2,0.7179165539222729
0.8,y,3.0640224646122673,3,0.8168069925988617
