key_role,point_id,v,t,lm,category,gap,Z2,Chern,Wilson,best_edge_weight,best_corner_weight,rotated_edge_weight,rotated_corner_weight,recommended_physical_role
strongest edge precursor,v_0p30_t_0p30_lm_0p40,0.3,0.3,0.4,near_transition,8.32667268e-17,1,-2.64611165e-16,0.98450202,0.9997732147988325,0.2844786264041678,0.996240856243679,0.3730224445167691,corner_dominated
strongest corner precursor,v_0p70_t_0p10_lm_0p20,0.7,0.1,0.2,near_transition,5.55111512e-17,0,-5.13366447e-17,-0.04885825,0.9846629310439123,0.9148828145521198,0.8412094650484188,0.9142228796785026,corner_dominated
most critical transition core,v_0p30_t_0p10_lm_0p50,0.3,0.1,0.5,near_transition,-1.11022302e-16,0,1.64318017e-16,-0.23749031,0.9992466514123268,0.31947641236537344,0.9919997535295142,0.28941017426130283,edge_dominated
strongest Chern-anomalous point,v_0p60_t_0p80_lm_0p80,0.6,0.8,0.8,near_transition,-6.22088784e-17,0,-1.0,0.45801967,0.5740277822799935,0.13832452776181026,0.421356184495152,0.24227385734665574,bulk_mixed
reopened robust edge-dominated point,v_0p30_t_0p50_lm_0p70,0.3,0.5,0.7,robust_topological,0.2,1,-4.74876457e-16,-1.00457045,0.7051716329722783,0.2669927264770274,0.709826304597252,0.2696982444603766,edge_dominated
reopened robust but bulk-mixed point,v_0p30_t_0p60_lm_0p80,0.3,0.6,0.8,robust_topological,0.2,1,2.26311951e-16,0.57453538,0.5597400090888361,0.25492821047696945,0.42957910678895805,0.2549282104769693,bulk_mixed
