v,t,w,lm,E_valence_M_global,E_conduction_M_global,Delta_M_global,state_a_band_index,state_b_band_index,E_state_a,E_state_b,Delta_pair,band_character_sign,signed_m_M
0.0,0.0,1.0,0.0,-1.0,1.0,2.0,0,2,-1.0,1.0,2.0,-1.0,-1.0
0.002,0.0,1.0,0.0,-0.9979999999999999,0.9979999999999999,1.9959999999999998,1,3,-0.9979999999999999,0.998,1.996,-1.0,-0.998
0.004,0.0,1.0,0.0,-0.996,0.996,1.992,0,2,-0.996,0.996,1.992,-1.0,-0.996
0.006,0.0,1.0,0.0,-0.9939999999999999,0.9939999999999999,1.9879999999999998,1,3,-0.9939999999999999,0.994,1.988,-1.0,-0.994
0.008,0.0,1.0,0.0,-0.992,0.992,1.984,0,2,-0.992,0.992,1.984,-1.0,-0.992
0.01,0.0,1.0,0.0,-0.99,0.99,1.98,0,2,-0.99,0.99,1.98,-1.0,-0.99
0.012,0.0,1.0,0.0,-0.988,0.988,1.976,0,2,-0.988,0.988,1.976,-1.0,-0.988
0.014,0.0,1.0,0.0,-0.986,0.986,1.972,0,2,-0.986,0.986,1.972,-1.0,-0.986
0.016,0.0,1.0,0.0,-0.984,0.984,1.968,0,2,-0.984,0.984,1.968,-1.0,-0.984
0.018000000000000002,0.0,1.0,0.0,-0.9819999999999999,0.9819999999999999,1.9639999999999997,1,3,-0.9819999999999999,0.982,1.964,-1.0,-0.982
0.02,0.0,1.0,0.0,-0.98,0.98,1.96,0,2,-0.98,0.98,1.96,-1.0,-0.98
0.022,0.0,1.0,0.0,-0.978,0.978,1.956,0,2,-0.978,0.978,1.956,-1.0,-0.978
0.024,0.0,1.0,0.0,-0.9759999999999999,0.9759999999999999,1.9519999999999997,1,3,-0.9759999999999999,0.976,1.952,-1.0,-0.976
0.026000000000000002,0.0,1.0,0.0,-0.974,0.974,1.948,0,2,-0.974,0.974,1.948,-1.0,-0.974
0.028,0.0,1.0,0.0,-0.972,0.972,1.944,0,2,-0.972,0.972,1.944,-1.0,-0.972
0.03,0.0,1.0,0.0,-0.97,0.97,1.94,0,2,-0.97,0.97,1.94,-1.0,-0.97
0.032,0.0,1.0,0.0,-0.968,0.968,1.936,0,2,-0.968,0.968,1.936,-1.0,-0.968
0.034,0.0,1.0,0.0,-0.966,0.966,1.932,0,2,-0.966,0.966,1.932,-1.0,-0.966
0.036000000000000004,0.0,1.0,0.0,-0.964,0.964,1.928,0,2,-0.964,0.964,1.928,-1.0,-0.964
0.038,0.0,1.0,0.0,-0.962,0.962,1.924,0,2,-0.962,0.962,1.924,-1.0,-0.962
0.04,0.0,1.0,0.0,-0.96,0.96,1.92,0,2,-0.96,0.96,1.92,-1.0,-0.96
0.042,0.0,1.0,0.0,-0.958,0.958,1.916,0,2,-0.958,0.958,1.916,-1.0,-0.958
0.044,0.0,1.0,0.0,-0.9559999999999998,0.9559999999999998,1.9119999999999997,1,3,-0.9559999999999998,0.956,1.912,-1.0,-0.956
0.046,0.0,1.0,0.0,-0.954,0.954,1.908,0,2,-0.954,0.954,1.908,-1.0,-0.954
0.048,0.0,1.0,0.0,-0.952,0.952,1.904,0,2,-0.952,0.952,1.904,-1.0,-0.952
0.05,0.0,1.0,0.0,-0.9499999999999998,0.9499999999999998,1.8999999999999997,1,3,-0.9499999999999998,0.95,1.9,-1.0,-0.95
0.052000000000000005,0.0,1.0,0.0,-0.948,0.948,1.896,0,2,-0.948,0.948,1.896,-1.0,-0.948
0.054,0.0,1.0,0.0,-0.9459999999999998,0.9459999999999998,1.8919999999999997,1,3,-0.9459999999999998,0.946,1.892,-1.0,-0.946
0.056,0.0,1.0,0.0,-0.944,0.944,1.888,0,2,-0.944,0.944,1.888,-1.0,-0.944
0.058,0.0,1.0,0.0,-0.9419999999999998,0.9419999999999998,1.8839999999999997,1,3,-0.9419999999999998,0.942,1.884,-1.0,-0.942
0.06,0.0,1.0,0.0,-0.9399999999999998,0.9399999999999998,1.8799999999999997,1,3,-0.9399999999999998,0.94,1.88,-1.0,-0.94
0.062,0.0,1.0,0.0,-0.9379999999999998,0.9379999999999998,1.8759999999999997,1,3,-0.9379999999999998,0.938,1.876,-1.0,-0.938
0.064,0.0,1.0,0.0,-0.9359999999999998,0.9359999999999998,1.8719999999999997,1,3,-0.9359999999999998,0.9359999999999999,1.8719999999999999,-1.0,-0.9359999999999999
0.066,0.0,1.0,0.0,-0.9339999999999999,0.9339999999999999,1.8679999999999999,0,2,-0.9339999999999999,0.9339999999999999,1.8679999999999999,-1.0,-0.9339999999999999
0.068,0.0,1.0,0.0,-0.9319999999999999,0.9319999999999999,1.8639999999999999,0,2,-0.9319999999999999,0.9319999999999999,1.8639999999999999,-1.0,-0.9319999999999999
0.07,0.0,1.0,0.0,-0.9299999999999999,0.9299999999999999,1.8599999999999999,0,2,-0.9299999999999999,0.9299999999999999,1.8599999999999999,-1.0,-0.9299999999999999
0.07200000000000001,0.0,1.0,0.0,-0.9279999999999999,0.9279999999999999,1.8559999999999999,0,2,-0.9279999999999999,0.9279999999999999,1.8559999999999999,-1.0,-0.9279999999999999
0.074,0.0,1.0,0.0,-0.926,0.926,1.852,0,2,-0.926,0.926,1.852,-1.0,-0.926
0.076,0.0,1.0,0.0,-0.924,0.924,1.848,0,2,-0.924,0.924,1.848,-1.0,-0.924
0.078,0.0,1.0,0.0,-0.922,0.922,1.844,0,2,-0.922,0.922,1.844,-1.0,-0.922
0.08,0.0,1.0,0.0,-0.92,0.92,1.84,0,2,-0.92,0.92,1.84,-1.0,-0.92
0.082,0.0,1.0,0.0,-0.918,0.918,1.836,0,2,-0.918,0.918,1.836,-1.0,-0.918
0.084,0.0,1.0,0.0,-0.9159999999999999,0.9159999999999999,1.8319999999999999,1,3,-0.9159999999999999,0.916,1.8319999999999999,-1.0,-0.9159999999999999
0.08600000000000001,0.0,1.0,0.0,-0.914,0.914,1.828,0,2,-0.914,0.914,1.828,-1.0,-0.914
0.088,0.0,1.0,0.0,-0.9119999999999999,0.9119999999999999,1.8239999999999998,1,3,-0.9119999999999999,0.912,1.8239999999999998,-1.0,-0.9119999999999999
0.09,0.0,1.0,0.0,-0.9099999999999999,0.9099999999999999,1.8199999999999998,1,3,-0.9099999999999999,0.91,1.8199999999999998,-1.0,-0.9099999999999999
0.092,0.0,1.0,0.0,-0.9079999999999999,0.9079999999999999,1.8159999999999998,1,3,-0.9079999999999999,0.908,1.8159999999999998,-1.0,-0.9079999999999999
0.094,0.0,1.0,0.0,-0.9059999999999999,0.9059999999999999,1.8119999999999998,1,3,-0.9059999999999999,0.906,1.8119999999999998,-1.0,-0.9059999999999999
0.096,0.0,1.0,0.0,-0.904,0.904,1.808,0,2,-0.904,0.904,1.808,-1.0,-0.904
0.098,0.0,1.0,0.0,-0.902,0.902,1.804,0,2,-0.902,0.902,1.804,-1.0,-0.902
0.1,0.0,1.0,0.0,-0.9,0.9,1.8,0,2,-0.9,0.9,1.8,-1.0,-0.9
0.10200000000000001,0.0,1.0,0.0,-0.898,0.898,1.796,0,2,-0.898,0.898,1.796,-1.0,-0.898
0.10400000000000001,0.0,1.0,0.0,-0.896,0.896,1.792,0,2,-0.896,0.896,1.792,-1.0,-0.896
0.106,0.0,1.0,0.0,-0.894,0.894,1.788,0,2,-0.894,0.894,1.788,-1.0,-0.894
0.108,0.0,1.0,0.0,-0.8919999999999999,0.8919999999999999,1.7839999999999998,1,3,-0.8919999999999999,0.892,1.7839999999999998,-1.0,-0.8919999999999999
0.11,0.0,1.0,0.0,-0.89,0.89,1.78,0,2,-0.89,0.89,1.78,-1.0,-0.89
0.112,0.0,1.0,0.0,-0.888,0.888,1.776,0,2,-0.888,0.888,1.776,-1.0,-0.888
0.114,0.0,1.0,0.0,-0.886,0.886,1.772,0,2,-0.886,0.886,1.772,-1.0,-0.886
0.116,0.0,1.0,0.0,-0.884,0.884,1.768,0,2,-0.884,0.884,1.768,-1.0,-0.884
0.11800000000000001,0.0,1.0,0.0,-0.882,0.882,1.764,0,2,-0.882,0.882,1.764,-1.0,-0.882
0.12,0.0,1.0,0.0,-0.88,0.88,1.76,0,2,-0.88,0.88,1.76,-1.0,-0.88
0.122,0.0,1.0,0.0,-0.878,0.878,1.756,0,2,-0.878,0.878,1.756,-1.0,-0.878
0.124,0.0,1.0,0.0,-0.876,0.876,1.752,0,2,-0.876,0.876,1.752,-1.0,-0.876
0.126,0.0,1.0,0.0,-0.874,0.874,1.748,0,2,-0.874,0.874,1.748,-1.0,-0.874
0.128,0.0,1.0,0.0,-0.872,0.872,1.744,0,2,-0.872,0.872,1.744,-1.0,-0.872
0.13,0.0,1.0,0.0,-0.8699999999999999,0.8699999999999999,1.7399999999999998,1,3,-0.8699999999999999,0.87,1.7399999999999998,-1.0,-0.8699999999999999
0.132,0.0,1.0,0.0,-0.868,0.868,1.736,0,2,-0.868,0.868,1.736,-1.0,-0.868
0.134,0.0,1.0,0.0,-0.8659999999999999,0.8659999999999999,1.7319999999999998,1,3,-0.8659999999999999,0.866,1.7319999999999998,-1.0,-0.8659999999999999
0.136,0.0,1.0,0.0,-0.864,0.864,1.728,0,2,-0.864,0.864,1.728,-1.0,-0.864
0.138,0.0,1.0,0.0,-0.862,0.862,1.724,0,2,-0.862,0.862,1.724,-1.0,-0.862
0.14,0.0,1.0,0.0,-0.86,0.86,1.72,0,2,-0.86,0.86,1.72,-1.0,-0.86
0.14200000000000002,0.0,1.0,0.0,-0.858,0.858,1.716,0,2,-0.858,0.858,1.716,-1.0,-0.858
0.14400000000000002,0.0,1.0,0.0,-0.856,0.856,1.712,0,2,-0.856,0.856,1.712,-1.0,-0.856
0.146,0.0,1.0,0.0,-0.854,0.854,1.708,0,2,-0.854,0.854,1.708,-1.0,-0.854
0.148,0.0,1.0,0.0,-0.852,0.852,1.704,0,2,-0.852,0.852,1.704,-1.0,-0.852
0.15,0.0,1.0,0.0,-0.85,0.85,1.7,0,2,-0.85,0.85,1.7,-1.0,-0.85
0.152,0.0,1.0,0.0,-0.848,0.848,1.696,0,2,-0.848,0.848,1.696,-1.0,-0.848
0.154,0.0,1.0,0.0,-0.8459999999999999,0.8459999999999999,1.6919999999999997,1,3,-0.8459999999999999,0.846,1.6919999999999997,-1.0,-0.8459999999999999
0.156,0.0,1.0,0.0,-0.844,0.844,1.688,0,2,-0.844,0.844,1.688,-1.0,-0.844
0.158,0.0,1.0,0.0,-0.8419999999999999,0.8419999999999999,1.6839999999999997,1,3,-0.8419999999999999,0.842,1.6839999999999997,-1.0,-0.8419999999999999
0.16,0.0,1.0,0.0,-0.84,0.84,1.68,0,2,-0.84,0.84,1.68,-1.0,-0.84
0.162,0.0,1.0,0.0,-0.838,0.838,1.676,0,2,-0.838,0.838,1.676,-1.0,-0.838
0.164,0.0,1.0,0.0,-0.836,0.836,1.672,0,2,-0.836,0.836,1.672,-1.0,-0.836
0.166,0.0,1.0,0.0,-0.834,0.834,1.668,0,2,-0.834,0.834,1.668,-1.0,-0.834
0.168,0.0,1.0,0.0,-0.8319999999999999,0.8319999999999999,1.6639999999999997,1,3,-0.8319999999999999,0.832,1.6639999999999997,-1.0,-0.8319999999999999
0.17,0.0,1.0,0.0,-0.83,0.83,1.66,0,2,-0.83,0.83,1.66,-1.0,-0.83
0.17200000000000001,0.0,1.0,0.0,-0.828,0.828,1.656,0,2,-0.828,0.828,1.656,-1.0,-0.828
0.17400000000000002,0.0,1.0,0.0,-0.8259999999999998,0.8259999999999998,1.6519999999999997,1,3,-0.8259999999999998,0.826,1.6519999999999997,-1.0,-0.8259999999999998
0.176,0.0,1.0,0.0,-0.8240000000000001,0.8240000000000001,1.6480000000000001,0,2,-0.8240000000000001,0.8240000000000001,1.6480000000000001,-1.0,-0.8240000000000001
0.178,0.0,1.0,0.0,-0.8220000000000001,0.8220000000000001,1.6440000000000001,0,2,-0.8220000000000001,0.8220000000000001,1.6440000000000001,-1.0,-0.8220000000000001
0.18,0.0,1.0,0.0,-0.8200000000000001,0.8200000000000001,1.6400000000000001,0,2,-0.8200000000000001,0.8200000000000001,1.6400000000000001,-1.0,-0.8200000000000001
0.182,0.0,1.0,0.0,-0.8180000000000001,0.8180000000000001,1.6360000000000001,0,2,-0.8180000000000001,0.8180000000000001,1.6360000000000001,-1.0,-0.8180000000000001
0.184,0.0,1.0,0.0,-0.8160000000000001,0.8160000000000001,1.6320000000000001,0,2,-0.8160000000000001,0.8160000000000001,1.6320000000000001,-1.0,-0.8160000000000001
0.186,0.0,1.0,0.0,-0.8140000000000001,0.8140000000000001,1.6280000000000001,0,2,-0.8140000000000001,0.8140000000000001,1.6280000000000001,-1.0,-0.8140000000000001
0.188,0.0,1.0,0.0,-0.8119999999999999,0.8119999999999999,1.6239999999999999,1,3,-0.8119999999999999,0.812,1.624,-1.0,-0.812
0.19,0.0,1.0,0.0,-0.81,0.81,1.62,0,2,-0.81,0.81,1.62,-1.0,-0.81
0.192,0.0,1.0,0.0,-0.808,0.808,1.616,0,2,-0.808,0.808,1.616,-1.0,-0.808
0.194,0.0,1.0,0.0,-0.806,0.806,1.612,0,2,-0.806,0.806,1.612,-1.0,-0.806
0.196,0.0,1.0,0.0,-0.804,0.804,1.608,0,2,-0.804,0.804,1.608,-1.0,-0.804
0.198,0.0,1.0,0.0,-0.8019999999999999,0.8019999999999999,1.6039999999999999,1,3,-0.8019999999999999,0.802,1.604,-1.0,-0.802
0.2,0.0,1.0,0.0,-0.8,0.8,1.6,0,2,-0.8,0.8,1.6,-1.0,-0.8
0.202,0.0,1.0,0.0,-0.798,0.798,1.596,0,2,-0.798,0.798,1.596,-1.0,-0.798
0.20400000000000001,0.0,1.0,0.0,-0.796,0.796,1.592,0,2,-0.796,0.796,1.592,-1.0,-0.796
0.20600000000000002,0.0,1.0,0.0,-0.794,0.794,1.588,0,2,-0.794,0.794,1.588,-1.0,-0.794
0.20800000000000002,0.0,1.0,0.0,-0.792,0.792,1.584,0,2,-0.792,0.792,1.584,-1.0,-0.792
0.21,0.0,1.0,0.0,-0.7899999999999999,0.7899999999999999,1.5799999999999998,1,3,-0.7899999999999999,0.79,1.58,-1.0,-0.79
0.212,0.0,1.0,0.0,-0.788,0.788,1.576,0,2,-0.788,0.788,1.576,-1.0,-0.788
0.214,0.0,1.0,0.0,-0.786,0.786,1.572,0,2,-0.786,0.786,1.572,-1.0,-0.786
0.216,0.0,1.0,0.0,-0.784,0.784,1.568,0,2,-0.784,0.784,1.568,-1.0,-0.784
0.218,0.0,1.0,0.0,-0.782,0.782,1.564,0,2,-0.782,0.782,1.564,-1.0,-0.782
0.22,0.0,1.0,0.0,-0.78,0.78,1.56,0,2,-0.78,0.78,1.56,-1.0,-0.78
0.222,0.0,1.0,0.0,-0.778,0.778,1.556,0,2,-0.778,0.778,1.556,-1.0,-0.778
0.224,0.0,1.0,0.0,-0.7759999999999999,0.7759999999999999,1.5519999999999998,1,3,-0.7759999999999999,0.776,1.552,-1.0,-0.776
0.226,0.0,1.0,0.0,-0.774,0.774,1.548,0,2,-0.774,0.774,1.548,-1.0,-0.774
0.228,0.0,1.0,0.0,-0.772,0.772,1.544,0,2,-0.772,0.772,1.544,-1.0,-0.772
0.23,0.0,1.0,0.0,-0.77,0.77,1.54,0,2,-0.77,0.77,1.54,-1.0,-0.77
0.232,0.0,1.0,0.0,-0.768,0.768,1.536,0,2,-0.768,0.768,1.536,-1.0,-0.768
0.234,0.0,1.0,0.0,-0.766,0.766,1.532,0,2,-0.766,0.766,1.532,-1.0,-0.766
0.23600000000000002,0.0,1.0,0.0,-0.764,0.764,1.528,0,2,-0.764,0.764,1.528,-1.0,-0.764
0.23800000000000002,0.0,1.0,0.0,-0.762,0.762,1.524,0,2,-0.762,0.762,1.524,-1.0,-0.762
0.24,0.0,1.0,0.0,-0.76,0.76,1.52,0,2,-0.76,0.76,1.52,-1.0,-0.76
0.242,0.0,1.0,0.0,-0.758,0.758,1.516,0,2,-0.758,0.758,1.516,-1.0,-0.758
0.244,0.0,1.0,0.0,-0.756,0.756,1.512,0,2,-0.756,0.756,1.512,-1.0,-0.756
0.246,0.0,1.0,0.0,-0.754,0.754,1.508,0,2,-0.754,0.754,1.508,-1.0,-0.754
0.248,0.0,1.0,0.0,-0.752,0.752,1.504,0,2,-0.752,0.752,1.504,-1.0,-0.752
0.25,0.0,1.0,0.0,-0.75,0.75,1.5,0,2,-0.75,0.75,1.5,-1.0,-0.75
0.252,0.0,1.0,0.0,-0.748,0.748,1.496,0,2,-0.748,0.748,1.496,-1.0,-0.748
0.254,0.0,1.0,0.0,-0.746,0.746,1.492,0,2,-0.746,0.746,1.492,-1.0,-0.746
0.256,0.0,1.0,0.0,-0.7439999999999999,0.7439999999999999,1.4879999999999998,1,3,-0.7439999999999999,0.744,1.488,-1.0,-0.744
0.258,0.0,1.0,0.0,-0.742,0.742,1.484,0,2,-0.742,0.742,1.484,-1.0,-0.742
0.26,0.0,1.0,0.0,-0.74,0.74,1.48,0,2,-0.74,0.74,1.48,-1.0,-0.74
0.262,0.0,1.0,0.0,-0.738,0.738,1.476,0,2,-0.738,0.738,1.476,-1.0,-0.738
0.264,0.0,1.0,0.0,-0.736,0.736,1.472,0,2,-0.736,0.736,1.472,-1.0,-0.736
0.266,0.0,1.0,0.0,-0.734,0.734,1.468,0,2,-0.734,0.734,1.468,-1.0,-0.734
0.268,0.0,1.0,0.0,-0.732,0.732,1.464,0,2,-0.732,0.732,1.464,-1.0,-0.732
0.27,0.0,1.0,0.0,-0.7299999999999999,0.7299999999999999,1.4599999999999997,1,3,-0.7299999999999999,0.73,1.46,-1.0,-0.73
0.272,0.0,1.0,0.0,-0.728,0.728,1.456,0,2,-0.728,0.728,1.456,-1.0,-0.728
0.274,0.0,1.0,0.0,-0.726,0.726,1.452,0,2,-0.726,0.726,1.452,-1.0,-0.726
0.276,0.0,1.0,0.0,-0.724,0.724,1.448,0,2,-0.724,0.724,1.448,-1.0,-0.724
0.278,0.0,1.0,0.0,-0.722,0.722,1.444,0,2,-0.722,0.722,1.444,-1.0,-0.722
0.28,0.0,1.0,0.0,-0.7199999999999999,0.7199999999999999,1.4399999999999997,1,3,-0.7199999999999999,0.72,1.44,-1.0,-0.72
0.28200000000000003,0.0,1.0,0.0,-0.718,0.718,1.436,0,2,-0.718,0.718,1.436,-1.0,-0.718
0.28400000000000003,0.0,1.0,0.0,-0.7159999999999999,0.7159999999999999,1.4319999999999997,1,3,-0.7159999999999999,0.716,1.432,-1.0,-0.716
0.28600000000000003,0.0,1.0,0.0,-0.714,0.714,1.428,0,2,-0.714,0.714,1.428,-1.0,-0.714
0.28800000000000003,0.0,1.0,0.0,-0.712,0.712,1.424,0,2,-0.712,0.712,1.424,-1.0,-0.712
0.29,0.0,1.0,0.0,-0.71,0.71,1.42,0,2,-0.71,0.71,1.42,-1.0,-0.71
0.292,0.0,1.0,0.0,-0.708,0.708,1.416,0,2,-0.708,0.708,1.416,-1.0,-0.708
0.294,0.0,1.0,0.0,-0.706,0.706,1.412,0,2,-0.706,0.706,1.412,-1.0,-0.706
0.296,0.0,1.0,0.0,-0.704,0.704,1.408,0,2,-0.704,0.704,1.408,-1.0,-0.704
0.298,0.0,1.0,0.0,-0.702,0.702,1.404,0,2,-0.702,0.702,1.404,-1.0,-0.702
0.3,0.0,1.0,0.0,-0.7,0.7,1.4,0,2,-0.7,0.7,1.4,-1.0,-0.7
0.302,0.0,1.0,0.0,-0.698,0.698,1.396,0,2,-0.698,0.698,1.396,-1.0,-0.698
0.304,0.0,1.0,0.0,-0.696,0.696,1.392,0,2,-0.696,0.696,1.392,-1.0,-0.696
0.306,0.0,1.0,0.0,-0.694,0.694,1.388,0,2,-0.694,0.694,1.388,-1.0,-0.694
0.308,0.0,1.0,0.0,-0.692,0.692,1.384,0,2,-0.692,0.692,1.384,-1.0,-0.692
0.31,0.0,1.0,0.0,-0.69,0.69,1.38,0,2,-0.69,0.69,1.38,-1.0,-0.69
0.312,0.0,1.0,0.0,-0.688,0.688,1.376,0,2,-0.688,0.688,1.376,-1.0,-0.688
0.314,0.0,1.0,0.0,-0.6859999999999999,0.6859999999999999,1.3719999999999999,0,2,-0.6859999999999999,0.6859999999999999,1.3719999999999999,-1.0,-0.6859999999999999
0.316,0.0,1.0,0.0,-0.6839999999999998,0.6839999999999998,1.3679999999999997,1,3,-0.6839999999999998,0.6839999999999999,1.3679999999999999,-1.0,-0.6839999999999999
0.318,0.0,1.0,0.0,-0.6819999999999998,0.6819999999999998,1.3639999999999997,1,3,-0.6819999999999998,0.6819999999999999,1.3639999999999999,-1.0,-0.6819999999999999
0.32,0.0,1.0,0.0,-0.6799999999999999,0.6799999999999999,1.3599999999999999,0,2,-0.6799999999999999,0.6799999999999999,1.3599999999999999,-1.0,-0.6799999999999999
0.322,0.0,1.0,0.0,-0.6779999999999999,0.6779999999999999,1.3559999999999999,0,2,-0.6779999999999999,0.6779999999999999,1.3559999999999999,-1.0,-0.6779999999999999
0.324,0.0,1.0,0.0,-0.6759999999999999,0.6759999999999999,1.3519999999999999,0,2,-0.6759999999999999,0.6759999999999999,1.3519999999999999,-1.0,-0.6759999999999999
0.326,0.0,1.0,0.0,-0.6739999999999999,0.6739999999999999,1.3479999999999999,0,2,-0.6739999999999999,0.6739999999999999,1.3479999999999999,-1.0,-0.6739999999999999
0.328,0.0,1.0,0.0,-0.6719999999999999,0.6719999999999999,1.3439999999999999,0,2,-0.6719999999999999,0.6719999999999999,1.3439999999999999,-1.0,-0.6719999999999999
0.33,0.0,1.0,0.0,-0.6699999999999999,0.6699999999999999,1.3399999999999999,0,2,-0.6699999999999999,0.6699999999999999,1.3399999999999999,-1.0,-0.6699999999999999
0.332,0.0,1.0,0.0,-0.6679999999999999,0.6679999999999999,1.3359999999999999,0,2,-0.6679999999999999,0.6679999999999999,1.3359999999999999,-1.0,-0.6679999999999999
0.334,0.0,1.0,0.0,-0.6659999999999999,0.6659999999999999,1.3319999999999999,0,2,-0.6659999999999999,0.6659999999999999,1.3319999999999999,-1.0,-0.6659999999999999
0.336,0.0,1.0,0.0,-0.6639999999999998,0.6639999999999998,1.3279999999999996,1,3,-0.6639999999999998,0.6639999999999999,1.3279999999999998,-1.0,-0.6639999999999999
0.338,0.0,1.0,0.0,-0.6619999999999998,0.6619999999999998,1.3239999999999996,1,3,-0.6619999999999998,0.6619999999999999,1.3239999999999998,-1.0,-0.6619999999999999
0.34,0.0,1.0,0.0,-0.6599999999999999,0.6599999999999999,1.3199999999999998,0,2,-0.6599999999999999,0.6599999999999999,1.3199999999999998,-1.0,-0.6599999999999999
0.342,0.0,1.0,0.0,-0.6579999999999998,0.6579999999999998,1.3159999999999996,1,3,-0.6579999999999998,0.6579999999999999,1.3159999999999998,-1.0,-0.6579999999999999
0.34400000000000003,0.0,1.0,0.0,-0.6559999999999999,0.6559999999999999,1.3119999999999998,0,2,-0.6559999999999999,0.6559999999999999,1.3119999999999998,-1.0,-0.6559999999999999
0.34600000000000003,0.0,1.0,0.0,-0.6539999999999999,0.6539999999999999,1.3079999999999998,0,2,-0.6539999999999999,0.6539999999999999,1.3079999999999998,-1.0,-0.6539999999999999
0.34800000000000003,0.0,1.0,0.0,-0.6519999999999999,0.6519999999999999,1.3039999999999998,0,2,-0.6519999999999999,0.6519999999999999,1.3039999999999998,-1.0,-0.6519999999999999
0.35000000000000003,0.0,1.0,0.0,-0.6499999999999999,0.6499999999999999,1.2999999999999998,0,2,-0.6499999999999999,0.6499999999999999,1.2999999999999998,-1.0,-0.6499999999999999
0.352,0.0,1.0,0.0,-0.648,0.648,1.296,0,2,-0.648,0.648,1.296,-1.0,-0.648
0.354,0.0,1.0,0.0,-0.646,0.646,1.292,0,2,-0.646,0.646,1.292,-1.0,-0.646
0.356,0.0,1.0,0.0,-0.644,0.644,1.288,0,2,-0.644,0.644,1.288,-1.0,-0.644
0.358,0.0,1.0,0.0,-0.642,0.642,1.284,0,2,-0.642,0.642,1.284,-1.0,-0.642
0.36,0.0,1.0,0.0,-0.64,0.64,1.28,0,2,-0.64,0.64,1.28,-1.0,-0.64
0.362,0.0,1.0,0.0,-0.638,0.638,1.276,0,2,-0.638,0.638,1.276,-1.0,-0.638
0.364,0.0,1.0,0.0,-0.6359999999999999,0.6359999999999999,1.2719999999999998,1,3,-0.6359999999999999,0.636,1.2719999999999998,-1.0,-0.6359999999999999
0.366,0.0,1.0,0.0,-0.634,0.634,1.268,0,2,-0.634,0.634,1.268,-1.0,-0.634
0.368,0.0,1.0,0.0,-0.632,0.632,1.264,0,2,-0.632,0.632,1.264,-1.0,-0.632
0.37,0.0,1.0,0.0,-0.63,0.63,1.26,0,2,-0.63,0.63,1.26,-1.0,-0.63
0.372,0.0,1.0,0.0,-0.628,0.628,1.256,0,2,-0.628,0.628,1.256,-1.0,-0.628
0.374,0.0,1.0,0.0,-0.626,0.626,1.252,0,2,-0.626,0.626,1.252,-1.0,-0.626
0.376,0.0,1.0,0.0,-0.624,0.624,1.248,0,2,-0.624,0.624,1.248,-1.0,-0.624
0.378,0.0,1.0,0.0,-0.622,0.622,1.244,0,2,-0.622,0.622,1.244,-1.0,-0.622
0.38,0.0,1.0,0.0,-0.62,0.62,1.24,0,2,-0.62,0.62,1.24,-1.0,-0.62
0.382,0.0,1.0,0.0,-0.618,0.618,1.236,0,2,-0.618,0.618,1.236,-1.0,-0.618
0.384,0.0,1.0,0.0,-0.616,0.616,1.232,0,2,-0.616,0.616,1.232,-1.0,-0.616
0.386,0.0,1.0,0.0,-0.614,0.614,1.228,0,2,-0.614,0.614,1.228,-1.0,-0.614
0.388,0.0,1.0,0.0,-0.612,0.612,1.224,0,2,-0.612,0.612,1.224,-1.0,-0.612
0.39,0.0,1.0,0.0,-0.61,0.61,1.22,0,2,-0.61,0.61,1.22,-1.0,-0.61
0.392,0.0,1.0,0.0,-0.608,0.608,1.216,0,2,-0.608,0.608,1.216,-1.0,-0.608
0.394,0.0,1.0,0.0,-0.606,0.606,1.212,0,2,-0.606,0.606,1.212,-1.0,-0.606
0.396,0.0,1.0,0.0,-0.604,0.604,1.208,0,2,-0.604,0.604,1.208,-1.0,-0.604
0.398,0.0,1.0,0.0,-0.602,0.602,1.204,0,2,-0.602,0.602,1.204,-1.0,-0.602
0.4,0.0,1.0,0.0,-0.6,0.6,1.2,0,2,-0.6,0.6,1.2,-1.0,-0.6
0.402,0.0,1.0,0.0,-0.598,0.598,1.196,0,2,-0.598,0.598,1.196,-1.0,-0.598
0.404,0.0,1.0,0.0,-0.596,0.596,1.192,0,2,-0.596,0.596,1.192,-1.0,-0.596
0.406,0.0,1.0,0.0,-0.594,0.594,1.188,0,2,-0.594,0.594,1.188,-1.0,-0.594
0.40800000000000003,0.0,1.0,0.0,-0.592,0.592,1.184,0,2,-0.592,0.592,1.184,-1.0,-0.592
0.41000000000000003,0.0,1.0,0.0,-0.59,0.59,1.18,0,2,-0.59,0.59,1.18,-1.0,-0.59
0.41200000000000003,0.0,1.0,0.0,-0.588,0.588,1.176,0,2,-0.588,0.588,1.176,-1.0,-0.588
0.41400000000000003,0.0,1.0,0.0,-0.586,0.586,1.172,0,2,-0.586,0.586,1.172,-1.0,-0.586
0.41600000000000004,0.0,1.0,0.0,-0.584,0.584,1.168,0,2,-0.584,0.584,1.168,-1.0,-0.584
0.418,0.0,1.0,0.0,-0.5820000000000001,0.5820000000000001,1.1640000000000001,0,2,-0.5820000000000001,0.5820000000000001,1.1640000000000001,-1.0,-0.5820000000000001
0.42,0.0,1.0,0.0,-0.5800000000000001,0.5800000000000001,1.1600000000000001,0,2,-0.5800000000000001,0.5800000000000001,1.1600000000000001,-1.0,-0.5800000000000001
0.422,0.0,1.0,0.0,-0.5780000000000001,0.5780000000000001,1.1560000000000001,0,2,-0.5780000000000001,0.5780000000000001,1.1560000000000001,-1.0,-0.5780000000000001
0.424,0.0,1.0,0.0,-0.5760000000000001,0.5760000000000001,1.1520000000000001,0,2,-0.5760000000000001,0.5760000000000001,1.1520000000000001,-1.0,-0.5760000000000001
0.426,0.0,1.0,0.0,-0.5740000000000001,0.5740000000000001,1.1480000000000001,0,2,-0.5740000000000001,0.5740000000000001,1.1480000000000001,-1.0,-0.5740000000000001
0.428,0.0,1.0,0.0,-0.5720000000000001,0.5720000000000001,1.1440000000000001,0,2,-0.5720000000000001,0.5720000000000001,1.1440000000000001,-1.0,-0.5720000000000001
0.43,0.0,1.0,0.0,-0.5700000000000001,0.5700000000000001,1.1400000000000001,0,2,-0.5700000000000001,0.5700000000000001,1.1400000000000001,-1.0,-0.5700000000000001
0.432,0.0,1.0,0.0,-0.5680000000000001,0.5680000000000001,1.1360000000000001,0,2,-0.5680000000000001,0.5680000000000001,1.1360000000000001,-1.0,-0.5680000000000001
0.434,0.0,1.0,0.0,-0.5660000000000001,0.5660000000000001,1.1320000000000001,0,2,-0.5660000000000001,0.5660000000000001,1.1320000000000001,-1.0,-0.5660000000000001
0.436,0.0,1.0,0.0,-0.5640000000000001,0.5640000000000001,1.1280000000000001,0,2,-0.5640000000000001,0.5640000000000001,1.1280000000000001,-1.0,-0.5640000000000001
0.438,0.0,1.0,0.0,-0.562,0.562,1.124,0,2,-0.562,0.562,1.124,-1.0,-0.562
0.44,0.0,1.0,0.0,-0.56,0.56,1.12,0,2,-0.56,0.56,1.12,-1.0,-0.56
0.442,0.0,1.0,0.0,-0.558,0.558,1.116,0,2,-0.558,0.558,1.116,-1.0,-0.558
0.444,0.0,1.0,0.0,-0.556,0.556,1.112,0,2,-0.556,0.556,1.112,-1.0,-0.556
0.446,0.0,1.0,0.0,-0.554,0.554,1.108,0,2,-0.554,0.554,1.108,-1.0,-0.554
0.448,0.0,1.0,0.0,-0.552,0.552,1.104,0,2,-0.552,0.552,1.104,-1.0,-0.552
0.45,0.0,1.0,0.0,-0.55,0.55,1.1,0,2,-0.55,0.55,1.1,-1.0,-0.55
0.452,0.0,1.0,0.0,-0.548,0.548,1.096,0,2,-0.548,0.548,1.096,-1.0,-0.548
0.454,0.0,1.0,0.0,-0.546,0.546,1.092,0,2,-0.546,0.546,1.092,-1.0,-0.546
0.456,0.0,1.0,0.0,-0.544,0.544,1.088,0,2,-0.544,0.544,1.088,-1.0,-0.544
0.458,0.0,1.0,0.0,-0.542,0.542,1.084,0,2,-0.542,0.542,1.084,-1.0,-0.542
0.46,0.0,1.0,0.0,-0.54,0.54,1.08,0,2,-0.54,0.54,1.08,-1.0,-0.54
0.462,0.0,1.0,0.0,-0.538,0.538,1.076,0,2,-0.538,0.538,1.076,-1.0,-0.538
0.464,0.0,1.0,0.0,-0.536,0.536,1.072,0,2,-0.536,0.536,1.072,-1.0,-0.536
0.466,0.0,1.0,0.0,-0.534,0.534,1.068,0,2,-0.534,0.534,1.068,-1.0,-0.534
0.468,0.0,1.0,0.0,-0.532,0.532,1.064,0,2,-0.532,0.532,1.064,-1.0,-0.532
0.47000000000000003,0.0,1.0,0.0,-0.53,0.53,1.06,0,2,-0.53,0.53,1.06,-1.0,-0.53
0.47200000000000003,0.0,1.0,0.0,-0.528,0.528,1.056,0,2,-0.528,0.528,1.056,-1.0,-0.528
0.47400000000000003,0.0,1.0,0.0,-0.526,0.526,1.052,0,2,-0.526,0.526,1.052,-1.0,-0.526
0.47600000000000003,0.0,1.0,0.0,-0.524,0.524,1.048,0,2,-0.524,0.524,1.048,-1.0,-0.524
0.47800000000000004,0.0,1.0,0.0,-0.522,0.522,1.044,0,2,-0.522,0.522,1.044,-1.0,-0.522
0.48,0.0,1.0,0.0,-0.52,0.52,1.04,0,2,-0.52,0.52,1.04,-1.0,-0.52
0.482,0.0,1.0,0.0,-0.518,0.518,1.036,0,2,-0.518,0.518,1.036,-1.0,-0.518
0.484,0.0,1.0,0.0,-0.516,0.516,1.032,0,2,-0.516,0.516,1.032,-1.0,-0.516
0.486,0.0,1.0,0.0,-0.514,0.514,1.028,0,2,-0.514,0.514,1.028,-1.0,-0.514
0.488,0.0,1.0,0.0,-0.512,0.512,1.024,0,2,-0.512,0.512,1.024,-1.0,-0.512
0.49,0.0,1.0,0.0,-0.51,0.51,1.02,0,2,-0.51,0.51,1.02,-1.0,-0.51
0.492,0.0,1.0,0.0,-0.508,0.508,1.016,0,2,-0.508,0.508,1.016,-1.0,-0.508
0.494,0.0,1.0,0.0,-0.506,0.506,1.012,0,2,-0.506,0.506,1.012,-1.0,-0.506
0.496,0.0,1.0,0.0,-0.504,0.504,1.008,0,2,-0.504,0.504,1.008,-1.0,-0.504
0.498,0.0,1.0,0.0,-0.502,0.502,1.004,0,2,-0.502,0.502,1.004,-1.0,-0.502
0.5,0.0,1.0,0.0,-0.5,0.5,1.0,0,2,-0.5,0.5,1.0,-1.0,-0.5
0.502,0.0,1.0,0.0,-0.498,0.498,0.996,0,2,-0.498,0.498,0.996,-1.0,-0.498
0.504,0.0,1.0,0.0,-0.496,0.496,0.992,0,2,-0.496,0.496,0.992,-1.0,-0.496
0.506,0.0,1.0,0.0,-0.494,0.494,0.988,0,2,-0.494,0.494,0.988,-1.0,-0.494
0.508,0.0,1.0,0.0,-0.492,0.492,0.984,0,2,-0.492,0.492,0.984,-1.0,-0.492
0.51,0.0,1.0,0.0,-0.49,0.49,0.98,0,2,-0.49,0.49,0.98,-1.0,-0.49
0.512,0.0,1.0,0.0,-0.48799999999999993,0.48799999999999993,0.9759999999999999,1,3,-0.48799999999999993,0.488,0.976,-1.0,-0.488
0.514,0.0,1.0,0.0,-0.486,0.486,0.972,0,2,-0.486,0.486,0.972,-1.0,-0.486
0.516,0.0,1.0,0.0,-0.484,0.484,0.968,0,2,-0.484,0.484,0.968,-1.0,-0.484
0.518,0.0,1.0,0.0,-0.482,0.482,0.964,0,2,-0.482,0.482,0.964,-1.0,-0.482
0.52,0.0,1.0,0.0,-0.48,0.48,0.96,0,2,-0.48,0.48,0.96,-1.0,-0.48
0.522,0.0,1.0,0.0,-0.4779999999999999,0.4779999999999999,0.9559999999999998,1,3,-0.4779999999999999,0.478,0.956,-1.0,-0.478
0.524,0.0,1.0,0.0,-0.476,0.476,0.952,0,2,-0.476,0.476,0.952,-1.0,-0.476
0.526,0.0,1.0,0.0,-0.474,0.474,0.948,0,2,-0.474,0.474,0.948,-1.0,-0.474
0.528,0.0,1.0,0.0,-0.472,0.472,0.944,0,2,-0.472,0.472,0.944,-1.0,-0.472
0.53,0.0,1.0,0.0,-0.4699999999999999,0.4699999999999999,0.9399999999999998,1,3,-0.4699999999999999,0.47,0.94,-1.0,-0.47
0.532,0.0,1.0,0.0,-0.4679999999999999,0.4679999999999999,0.9359999999999998,1,3,-0.4679999999999999,0.46799999999999997,0.9359999999999999,-1.0,-0.46799999999999997
0.534,0.0,1.0,0.0,-0.46599999999999997,0.46599999999999997,0.9319999999999999,0,2,-0.46599999999999997,0.46599999999999997,0.9319999999999999,-1.0,-0.46599999999999997
0.536,0.0,1.0,0.0,-0.46399999999999997,0.46399999999999997,0.9279999999999999,0,2,-0.46399999999999997,0.46399999999999997,0.9279999999999999,-1.0,-0.46399999999999997
0.538,0.0,1.0,0.0,-0.4619999999999999,0.4619999999999999,0.9239999999999998,1,3,-0.4619999999999999,0.46199999999999997,0.9239999999999999,-1.0,-0.46199999999999997
0.54,0.0,1.0,0.0,-0.45999999999999996,0.45999999999999996,0.9199999999999999,0,2,-0.45999999999999996,0.45999999999999996,0.9199999999999999,-1.0,-0.45999999999999996
0.542,0.0,1.0,0.0,-0.45799999999999996,0.45799999999999996,0.9159999999999999,0,2,-0.45799999999999996,0.45799999999999996,0.9159999999999999,-1.0,-0.45799999999999996
0.544,0.0,1.0,0.0,-0.45599999999999996,0.45599999999999996,0.9119999999999999,0,2,-0.45599999999999996,0.45599999999999996,0.9119999999999999,-1.0,-0.45599999999999996
0.546,0.0,1.0,0.0,-0.45399999999999996,0.45399999999999996,0.9079999999999999,0,2,-0.45399999999999996,0.45399999999999996,0.9079999999999999,-1.0,-0.45399999999999996
0.548,0.0,1.0,0.0,-0.45199999999999996,0.45199999999999996,0.9039999999999999,0,2,-0.45199999999999996,0.45199999999999996,0.9039999999999999,-1.0,-0.45199999999999996
0.55,0.0,1.0,0.0,-0.44999999999999996,0.44999999999999996,0.8999999999999999,0,2,-0.44999999999999996,0.44999999999999996,0.8999999999999999,-1.0,-0.44999999999999996
0.552,0.0,1.0,0.0,-0.4479999999999999,0.4479999999999999,0.8959999999999998,1,3,-0.4479999999999999,0.44799999999999995,0.8959999999999999,-1.0,-0.44799999999999995
0.554,0.0,1.0,0.0,-0.44599999999999995,0.44599999999999995,0.8919999999999999,0,2,-0.44599999999999995,0.44599999999999995,0.8919999999999999,-1.0,-0.44599999999999995
0.556,0.0,1.0,0.0,-0.4439999999999999,0.4439999999999999,0.8879999999999998,1,3,-0.4439999999999999,0.44399999999999995,0.8879999999999999,-1.0,-0.44399999999999995
0.558,0.0,1.0,0.0,-0.44199999999999995,0.44199999999999995,0.8839999999999999,0,2,-0.44199999999999995,0.44199999999999995,0.8839999999999999,-1.0,-0.44199999999999995
0.56,0.0,1.0,0.0,-0.43999999999999995,0.43999999999999995,0.8799999999999999,0,2,-0.43999999999999995,0.43999999999999995,0.8799999999999999,-1.0,-0.43999999999999995
0.562,0.0,1.0,0.0,-0.4379999999999999,0.4379999999999999,0.8759999999999998,1,3,-0.4379999999999999,0.43799999999999994,0.8759999999999999,-1.0,-0.43799999999999994
0.5640000000000001,0.0,1.0,0.0,-0.43599999999999994,0.43599999999999994,0.8719999999999999,0,2,-0.43599999999999994,0.43599999999999994,0.8719999999999999,-1.0,-0.43599999999999994
0.5660000000000001,0.0,1.0,0.0,-0.43399999999999994,0.43399999999999994,0.8679999999999999,0,2,-0.43399999999999994,0.43399999999999994,0.8679999999999999,-1.0,-0.43399999999999994
0.5680000000000001,0.0,1.0,0.0,-0.43199999999999994,0.43199999999999994,0.8639999999999999,0,2,-0.43199999999999994,0.43199999999999994,0.8639999999999999,-1.0,-0.43199999999999994
0.5700000000000001,0.0,1.0,0.0,-0.4299999999999999,0.4299999999999999,0.8599999999999998,1,3,-0.4299999999999999,0.42999999999999994,0.8599999999999999,-1.0,-0.42999999999999994
0.5720000000000001,0.0,1.0,0.0,-0.42799999999999994,0.42799999999999994,0.8559999999999999,0,2,-0.42799999999999994,0.42799999999999994,0.8559999999999999,-1.0,-0.42799999999999994
0.5740000000000001,0.0,1.0,0.0,-0.42599999999999993,0.42599999999999993,0.8519999999999999,0,2,-0.42599999999999993,0.42599999999999993,0.8519999999999999,-1.0,-0.42599999999999993
0.5760000000000001,0.0,1.0,0.0,-0.42399999999999993,0.42399999999999993,0.8479999999999999,0,2,-0.42399999999999993,0.42399999999999993,0.8479999999999999,-1.0,-0.42399999999999993
0.578,0.0,1.0,0.0,-0.422,0.422,0.844,1,3,-0.422,0.42200000000000004,0.8440000000000001,-1.0,-0.42200000000000004
0.58,0.0,1.0,0.0,-0.42000000000000004,0.42000000000000004,0.8400000000000001,0,2,-0.42000000000000004,0.42000000000000004,0.8400000000000001,-1.0,-0.42000000000000004
0.582,0.0,1.0,0.0,-0.418,0.418,0.836,1,3,-0.418,0.41800000000000004,0.8360000000000001,-1.0,-0.41800000000000004
0.584,0.0,1.0,0.0,-0.41600000000000004,0.41600000000000004,0.8320000000000001,0,2,-0.41600000000000004,0.41600000000000004,0.8320000000000001,-1.0,-0.41600000000000004
0.586,0.0,1.0,0.0,-0.414,0.414,0.828,1,3,-0.414,0.41400000000000003,0.8280000000000001,-1.0,-0.41400000000000003
0.588,0.0,1.0,0.0,-0.41200000000000003,0.41200000000000003,0.8240000000000001,0,2,-0.41200000000000003,0.41200000000000003,0.8240000000000001,-1.0,-0.41200000000000003
0.59,0.0,1.0,0.0,-0.41000000000000003,0.41000000000000003,0.8200000000000001,0,2,-0.41000000000000003,0.41000000000000003,0.8200000000000001,-1.0,-0.41000000000000003
0.592,0.0,1.0,0.0,-0.40800000000000003,0.40800000000000003,0.8160000000000001,0,2,-0.40800000000000003,0.40800000000000003,0.8160000000000001,-1.0,-0.40800000000000003
0.594,0.0,1.0,0.0,-0.40599999999999997,0.40599999999999997,0.8119999999999999,1,3,-0.40599999999999997,0.406,0.812,-1.0,-0.406
0.596,0.0,1.0,0.0,-0.404,0.404,0.808,0,2,-0.404,0.404,0.808,-1.0,-0.404
0.598,0.0,1.0,0.0,-0.402,0.402,0.804,0,2,-0.402,0.402,0.804,-1.0,-0.402
0.6,0.0,1.0,0.0,-0.4,0.4,0.8,0,2,-0.4,0.4,0.8,-1.0,-0.4
0.602,0.0,1.0,0.0,-0.398,0.398,0.796,0,2,-0.398,0.398,0.796,-1.0,-0.398
0.604,0.0,1.0,0.0,-0.396,0.396,0.792,0,2,-0.396,0.396,0.792,-1.0,-0.396
0.606,0.0,1.0,0.0,-0.394,0.394,0.788,0,2,-0.394,0.394,0.788,-1.0,-0.394
0.608,0.0,1.0,0.0,-0.392,0.392,0.784,0,2,-0.392,0.392,0.784,-1.0,-0.392
0.61,0.0,1.0,0.0,-0.39,0.39,0.78,0,2,-0.39,0.39,0.78,-1.0,-0.39
0.612,0.0,1.0,0.0,-0.38799999999999996,0.38799999999999996,0.7759999999999999,1,3,-0.38799999999999996,0.388,0.776,-1.0,-0.388
0.614,0.0,1.0,0.0,-0.386,0.386,0.772,0,2,-0.386,0.386,0.772,-1.0,-0.386
0.616,0.0,1.0,0.0,-0.384,0.384,0.768,0,2,-0.384,0.384,0.768,-1.0,-0.384
0.618,0.0,1.0,0.0,-0.382,0.382,0.764,0,2,-0.382,0.382,0.764,-1.0,-0.382
0.62,0.0,1.0,0.0,-0.38,0.38,0.76,0,2,-0.38,0.38,0.76,-1.0,-0.38
0.622,0.0,1.0,0.0,-0.378,0.378,0.756,0,2,-0.378,0.378,0.756,-1.0,-0.378
0.624,0.0,1.0,0.0,-0.376,0.376,0.752,0,2,-0.376,0.376,0.752,-1.0,-0.376
0.626,0.0,1.0,0.0,-0.374,0.374,0.748,0,2,-0.374,0.374,0.748,-1.0,-0.374
0.628,0.0,1.0,0.0,-0.37199999999999994,0.37199999999999994,0.7439999999999999,1,3,-0.37199999999999994,0.372,0.744,-1.0,-0.372
0.63,0.0,1.0,0.0,-0.37,0.37,0.74,0,2,-0.37,0.37,0.74,-1.0,-0.37
0.632,0.0,1.0,0.0,-0.368,0.368,0.736,0,2,-0.368,0.368,0.736,-1.0,-0.368
0.634,0.0,1.0,0.0,-0.366,0.366,0.732,0,2,-0.366,0.366,0.732,-1.0,-0.366
0.636,0.0,1.0,0.0,-0.364,0.364,0.728,0,2,-0.364,0.364,0.728,-1.0,-0.364
0.638,0.0,1.0,0.0,-0.362,0.362,0.724,0,2,-0.362,0.362,0.724,-1.0,-0.362
0.64,0.0,1.0,0.0,-0.35999999999999993,0.35999999999999993,0.7199999999999999,1,3,-0.35999999999999993,0.36,0.72,-1.0,-0.36
0.642,0.0,1.0,0.0,-0.35799999999999993,0.35799999999999993,0.7159999999999999,1,3,-0.35799999999999993,0.358,0.716,-1.0,-0.358
0.644,0.0,1.0,0.0,-0.356,0.356,0.712,0,2,-0.356,0.356,0.712,-1.0,-0.356
0.646,0.0,1.0,0.0,-0.354,0.354,0.708,0,2,-0.354,0.354,0.708,-1.0,-0.354
0.648,0.0,1.0,0.0,-0.352,0.352,0.704,0,2,-0.352,0.352,0.704,-1.0,-0.352
0.65,0.0,1.0,0.0,-0.35,0.35,0.7,0,2,-0.35,0.35,0.7,-1.0,-0.35
0.652,0.0,1.0,0.0,-0.348,0.348,0.696,0,2,-0.348,0.348,0.696,-1.0,-0.348
0.654,0.0,1.0,0.0,-0.346,0.346,0.692,0,2,-0.346,0.346,0.692,-1.0,-0.346
0.656,0.0,1.0,0.0,-0.344,0.344,0.688,0,2,-0.344,0.344,0.688,-1.0,-0.344
0.658,0.0,1.0,0.0,-0.3419999999999999,0.3419999999999999,0.6839999999999998,1,3,-0.3419999999999999,0.34199999999999997,0.6839999999999999,-1.0,-0.34199999999999997
0.66,0.0,1.0,0.0,-0.33999999999999997,0.33999999999999997,0.6799999999999999,0,2,-0.33999999999999997,0.33999999999999997,0.6799999999999999,-1.0,-0.33999999999999997
0.662,0.0,1.0,0.0,-0.33799999999999997,0.33799999999999997,0.6759999999999999,0,2,-0.33799999999999997,0.33799999999999997,0.6759999999999999,-1.0,-0.33799999999999997
0.664,0.0,1.0,0.0,-0.33599999999999997,0.33599999999999997,0.6719999999999999,0,2,-0.33599999999999997,0.33599999999999997,0.6719999999999999,-1.0,-0.33599999999999997
0.666,0.0,1.0,0.0,-0.33399999999999996,0.33399999999999996,0.6679999999999999,0,2,-0.33399999999999996,0.33399999999999996,0.6679999999999999,-1.0,-0.33399999999999996
0.668,0.0,1.0,0.0,-0.3319999999999999,0.3319999999999999,0.6639999999999998,1,3,-0.3319999999999999,0.33199999999999996,0.6639999999999999,-1.0,-0.33199999999999996
0.67,0.0,1.0,0.0,-0.32999999999999996,0.32999999999999996,0.6599999999999999,0,2,-0.32999999999999996,0.32999999999999996,0.6599999999999999,-1.0,-0.32999999999999996
0.672,0.0,1.0,0.0,-0.32799999999999996,0.32799999999999996,0.6559999999999999,0,2,-0.32799999999999996,0.32799999999999996,0.6559999999999999,-1.0,-0.32799999999999996
0.674,0.0,1.0,0.0,-0.32599999999999996,0.32599999999999996,0.6519999999999999,0,2,-0.32599999999999996,0.32599999999999996,0.6519999999999999,-1.0,-0.32599999999999996
0.676,0.0,1.0,0.0,-0.32399999999999995,0.32399999999999995,0.6479999999999999,0,2,-0.32399999999999995,0.32399999999999995,0.6479999999999999,-1.0,-0.32399999999999995
0.678,0.0,1.0,0.0,-0.32199999999999995,0.32199999999999995,0.6439999999999999,0,2,-0.32199999999999995,0.32199999999999995,0.6439999999999999,-1.0,-0.32199999999999995
0.68,0.0,1.0,0.0,-0.31999999999999995,0.31999999999999995,0.6399999999999999,0,2,-0.31999999999999995,0.31999999999999995,0.6399999999999999,-1.0,-0.31999999999999995
0.682,0.0,1.0,0.0,-0.31799999999999995,0.31799999999999995,0.6359999999999999,0,2,-0.31799999999999995,0.31799999999999995,0.6359999999999999,-1.0,-0.31799999999999995
0.684,0.0,1.0,0.0,-0.31599999999999995,0.31599999999999995,0.6319999999999999,0,2,-0.31599999999999995,0.31599999999999995,0.6319999999999999,-1.0,-0.31599999999999995
0.686,0.0,1.0,0.0,-0.31399999999999995,0.31399999999999995,0.6279999999999999,0,2,-0.31399999999999995,0.31399999999999995,0.6279999999999999,-1.0,-0.31399999999999995
0.6880000000000001,0.0,1.0,0.0,-0.31199999999999994,0.31199999999999994,0.6239999999999999,0,2,-0.31199999999999994,0.31199999999999994,0.6239999999999999,-1.0,-0.31199999999999994
0.6900000000000001,0.0,1.0,0.0,-0.30999999999999994,0.30999999999999994,0.6199999999999999,0,2,-0.30999999999999994,0.30999999999999994,0.6199999999999999,-1.0,-0.30999999999999994
0.6920000000000001,0.0,1.0,0.0,-0.3079999999999999,0.3079999999999999,0.6159999999999998,1,3,-0.3079999999999999,0.30799999999999994,0.6159999999999999,-1.0,-0.30799999999999994
0.6940000000000001,0.0,1.0,0.0,-0.30599999999999994,0.30599999999999994,0.6119999999999999,0,2,-0.30599999999999994,0.30599999999999994,0.6119999999999999,-1.0,-0.30599999999999994
0.6960000000000001,0.0,1.0,0.0,-0.30399999999999994,0.30399999999999994,0.6079999999999999,0,2,-0.30399999999999994,0.30399999999999994,0.6079999999999999,-1.0,-0.30399999999999994
0.6980000000000001,0.0,1.0,0.0,-0.30199999999999994,0.30199999999999994,0.6039999999999999,0,2,-0.30199999999999994,0.30199999999999994,0.6039999999999999,-1.0,-0.30199999999999994
0.7000000000000001,0.0,1.0,0.0,-0.29999999999999993,0.29999999999999993,0.5999999999999999,0,2,-0.29999999999999993,0.29999999999999993,0.5999999999999999,-1.0,-0.29999999999999993
0.7020000000000001,0.0,1.0,0.0,-0.29799999999999993,0.29799999999999993,0.5959999999999999,0,2,-0.29799999999999993,0.29799999999999993,0.5959999999999999,-1.0,-0.29799999999999993
0.704,0.0,1.0,0.0,-0.29600000000000004,0.29600000000000004,0.5920000000000001,0,2,-0.29600000000000004,0.29600000000000004,0.5920000000000001,-1.0,-0.29600000000000004
0.706,0.0,1.0,0.0,-0.294,0.294,0.588,1,3,-0.294,0.29400000000000004,0.5880000000000001,-1.0,-0.29400000000000004
0.708,0.0,1.0,0.0,-0.29200000000000004,0.29200000000000004,0.5840000000000001,0,2,-0.29200000000000004,0.29200000000000004,0.5840000000000001,-1.0,-0.29200000000000004
0.71,0.0,1.0,0.0,-0.29000000000000004,0.29000000000000004,0.5800000000000001,0,2,-0.29000000000000004,0.29000000000000004,0.5800000000000001,-1.0,-0.29000000000000004
0.712,0.0,1.0,0.0,-0.28800000000000003,0.28800000000000003,0.5760000000000001,0,2,-0.28800000000000003,0.28800000000000003,0.5760000000000001,-1.0,-0.28800000000000003
0.714,0.0,1.0,0.0,-0.28600000000000003,0.28600000000000003,0.5720000000000001,0,2,-0.28600000000000003,0.28600000000000003,0.5720000000000001,-1.0,-0.28600000000000003
0.716,0.0,1.0,0.0,-0.28400000000000003,0.28400000000000003,0.5680000000000001,0,2,-0.28400000000000003,0.28400000000000003,0.5680000000000001,-1.0,-0.28400000000000003
0.718,0.0,1.0,0.0,-0.28200000000000003,0.28200000000000003,0.5640000000000001,0,2,-0.28200000000000003,0.28200000000000003,0.5640000000000001,-1.0,-0.28200000000000003
0.72,0.0,1.0,0.0,-0.28,0.28,0.56,0,2,-0.28,0.28,0.56,-1.0,-0.28
0.722,0.0,1.0,0.0,-0.278,0.278,0.556,0,2,-0.278,0.278,0.556,-1.0,-0.278
0.724,0.0,1.0,0.0,-0.276,0.276,0.552,0,2,-0.276,0.276,0.552,-1.0,-0.276
0.726,0.0,1.0,0.0,-0.274,0.274,0.548,0,2,-0.274,0.274,0.548,-1.0,-0.274
0.728,0.0,1.0,0.0,-0.272,0.272,0.544,0,2,-0.272,0.272,0.544,-1.0,-0.272
0.73,0.0,1.0,0.0,-0.27,0.27,0.54,0,2,-0.27,0.27,0.54,-1.0,-0.27
0.732,0.0,1.0,0.0,-0.268,0.268,0.536,0,2,-0.268,0.268,0.536,-1.0,-0.268
0.734,0.0,1.0,0.0,-0.266,0.266,0.532,0,2,-0.266,0.266,0.532,-1.0,-0.266
0.736,0.0,1.0,0.0,-0.264,0.264,0.528,0,2,-0.264,0.264,0.528,-1.0,-0.264
0.738,0.0,1.0,0.0,-0.262,0.262,0.524,0,2,-0.262,0.262,0.524,-1.0,-0.262
0.74,0.0,1.0,0.0,-0.26,0.26,0.52,0,2,-0.26,0.26,0.52,-1.0,-0.26
0.742,0.0,1.0,0.0,-0.258,0.258,0.516,0,2,-0.258,0.258,0.516,-1.0,-0.258
0.744,0.0,1.0,0.0,-0.256,0.256,0.512,0,2,-0.256,0.256,0.512,-1.0,-0.256
0.746,0.0,1.0,0.0,-0.254,0.254,0.508,0,2,-0.254,0.254,0.508,-1.0,-0.254
0.748,0.0,1.0,0.0,-0.252,0.252,0.504,0,2,-0.252,0.252,0.504,-1.0,-0.252
0.75,0.0,1.0,0.0,-0.25,0.25,0.5,0,2,-0.25,0.25,0.5,-1.0,-0.25
0.752,0.0,1.0,0.0,-0.248,0.248,0.496,0,2,-0.248,0.248,0.496,-1.0,-0.248
0.754,0.0,1.0,0.0,-0.246,0.246,0.492,0,2,-0.246,0.246,0.492,-1.0,-0.246
0.756,0.0,1.0,0.0,-0.24399999999999997,0.24399999999999997,0.48799999999999993,1,3,-0.24399999999999997,0.244,0.488,-1.0,-0.244
0.758,0.0,1.0,0.0,-0.242,0.242,0.484,0,2,-0.242,0.242,0.484,-1.0,-0.242
0.76,0.0,1.0,0.0,-0.24,0.24,0.48,0,2,-0.24,0.24,0.48,-1.0,-0.24
0.762,0.0,1.0,0.0,-0.238,0.238,0.476,0,2,-0.238,0.238,0.476,-1.0,-0.238
0.764,0.0,1.0,0.0,-0.236,0.236,0.472,0,2,-0.236,0.236,0.472,-1.0,-0.236
0.766,0.0,1.0,0.0,-0.23399999999999996,0.23399999999999996,0.4679999999999999,1,3,-0.23399999999999996,0.23399999999999999,0.46799999999999997,-1.0,-0.23399999999999999
0.768,0.0,1.0,0.0,-0.23199999999999998,0.23199999999999998,0.46399999999999997,0,2,-0.23199999999999998,0.23199999999999998,0.46399999999999997,-1.0,-0.23199999999999998
0.77,0.0,1.0,0.0,-0.22999999999999998,0.22999999999999998,0.45999999999999996,0,2,-0.22999999999999998,0.22999999999999998,0.45999999999999996,-1.0,-0.22999999999999998
0.772,0.0,1.0,0.0,-0.22799999999999998,0.22799999999999998,0.45599999999999996,0,2,-0.22799999999999998,0.22799999999999998,0.45599999999999996,-1.0,-0.22799999999999998
0.774,0.0,1.0,0.0,-0.22599999999999998,0.22599999999999998,0.45199999999999996,0,2,-0.22599999999999998,0.22599999999999998,0.45199999999999996,-1.0,-0.22599999999999998
0.776,0.0,1.0,0.0,-0.22399999999999995,0.22399999999999995,0.4479999999999999,1,3,-0.22399999999999995,0.22399999999999998,0.44799999999999995,-1.0,-0.22399999999999998
0.778,0.0,1.0,0.0,-0.22199999999999995,0.22199999999999995,0.4439999999999999,1,3,-0.22199999999999995,0.22199999999999998,0.44399999999999995,-1.0,-0.22199999999999998
0.78,0.0,1.0,0.0,-0.21999999999999997,0.21999999999999997,0.43999999999999995,0,2,-0.21999999999999997,0.21999999999999997,0.43999999999999995,-1.0,-0.21999999999999997
0.782,0.0,1.0,0.0,-0.21799999999999997,0.21799999999999997,0.43599999999999994,0,2,-0.21799999999999997,0.21799999999999997,0.43599999999999994,-1.0,-0.21799999999999997
0.784,0.0,1.0,0.0,-0.21599999999999997,0.21599999999999997,0.43199999999999994,0,2,-0.21599999999999997,0.21599999999999997,0.43199999999999994,-1.0,-0.21599999999999997
0.786,0.0,1.0,0.0,-0.21399999999999997,0.21399999999999997,0.42799999999999994,0,2,-0.21399999999999997,0.21399999999999997,0.42799999999999994,-1.0,-0.21399999999999997
0.788,0.0,1.0,0.0,-0.21199999999999997,0.21199999999999997,0.42399999999999993,0,2,-0.21199999999999997,0.21199999999999997,0.42399999999999993,-1.0,-0.21199999999999997
0.79,0.0,1.0,0.0,-0.20999999999999996,0.20999999999999996,0.41999999999999993,0,2,-0.20999999999999996,0.20999999999999996,0.41999999999999993,-1.0,-0.20999999999999996
0.792,0.0,1.0,0.0,-0.20799999999999996,0.20799999999999996,0.4159999999999999,0,2,-0.20799999999999996,0.20799999999999996,0.4159999999999999,-1.0,-0.20799999999999996
0.794,0.0,1.0,0.0,-0.20599999999999993,0.20599999999999993,0.41199999999999987,1,3,-0.20599999999999993,0.20599999999999996,0.4119999999999999,-1.0,-0.20599999999999996
0.796,0.0,1.0,0.0,-0.20399999999999996,0.20399999999999996,0.4079999999999999,0,2,-0.20399999999999996,0.20399999999999996,0.4079999999999999,-1.0,-0.20399999999999996
0.798,0.0,1.0,0.0,-0.20199999999999996,0.20199999999999996,0.4039999999999999,0,2,-0.20199999999999996,0.20199999999999996,0.4039999999999999,-1.0,-0.20199999999999996
0.8,0.0,1.0,0.0,-0.19999999999999996,0.19999999999999996,0.3999999999999999,0,2,-0.19999999999999996,0.19999999999999996,0.3999999999999999,-1.0,-0.19999999999999996
0.802,0.0,1.0,0.0,-0.19799999999999995,0.19799999999999995,0.3959999999999999,0,2,-0.19799999999999995,0.19799999999999995,0.3959999999999999,-1.0,-0.19799999999999995
0.804,0.0,1.0,0.0,-0.19599999999999995,0.19599999999999995,0.3919999999999999,0,2,-0.19599999999999995,0.19599999999999995,0.3919999999999999,-1.0,-0.19599999999999995
0.806,0.0,1.0,0.0,-0.19399999999999995,0.19399999999999995,0.3879999999999999,0,2,-0.19399999999999995,0.19399999999999995,0.3879999999999999,-1.0,-0.19399999999999995
0.808,0.0,1.0,0.0,-0.19199999999999995,0.19199999999999995,0.3839999999999999,0,2,-0.19199999999999995,0.19199999999999995,0.3839999999999999,-1.0,-0.19199999999999995
0.81,0.0,1.0,0.0,-0.18999999999999995,0.18999999999999995,0.3799999999999999,0,2,-0.18999999999999995,0.18999999999999995,0.3799999999999999,-1.0,-0.18999999999999995
0.812,0.0,1.0,0.0,-0.18799999999999994,0.18799999999999994,0.3759999999999999,0,2,-0.18799999999999994,0.18799999999999994,0.3759999999999999,-1.0,-0.18799999999999994
0.8140000000000001,0.0,1.0,0.0,-0.18599999999999994,0.18599999999999994,0.3719999999999999,0,2,-0.18599999999999994,0.18599999999999994,0.3719999999999999,-1.0,-0.18599999999999994
0.8160000000000001,0.0,1.0,0.0,-0.18399999999999994,0.18399999999999994,0.3679999999999999,0,2,-0.18399999999999994,0.18399999999999994,0.3679999999999999,-1.0,-0.18399999999999994
0.8180000000000001,0.0,1.0,0.0,-0.18199999999999994,0.18199999999999994,0.3639999999999999,0,2,-0.18199999999999994,0.18199999999999994,0.3639999999999999,-1.0,-0.18199999999999994
0.8200000000000001,0.0,1.0,0.0,-0.1799999999999999,0.1799999999999999,0.3599999999999998,1,3,-0.1799999999999999,0.17999999999999994,0.3599999999999999,-1.0,-0.17999999999999994
0.8220000000000001,0.0,1.0,0.0,-0.17799999999999994,0.17799999999999994,0.35599999999999987,0,2,-0.17799999999999994,0.17799999999999994,0.35599999999999987,-1.0,-0.17799999999999994
0.8240000000000001,0.0,1.0,0.0,-0.17599999999999993,0.17599999999999993,0.35199999999999987,0,2,-0.17599999999999993,0.17599999999999993,0.35199999999999987,-1.0,-0.17599999999999993
0.8260000000000001,0.0,1.0,0.0,-0.17399999999999993,0.17399999999999993,0.34799999999999986,0,2,-0.17399999999999993,0.17399999999999993,0.34799999999999986,-1.0,-0.17399999999999993
0.8280000000000001,0.0,1.0,0.0,-0.17199999999999993,0.17199999999999993,0.34399999999999986,0,2,-0.17199999999999993,0.17199999999999993,0.34399999999999986,-1.0,-0.17199999999999993
0.8300000000000001,0.0,1.0,0.0,-0.16999999999999993,0.16999999999999993,0.33999999999999986,0,2,-0.16999999999999993,0.16999999999999993,0.33999999999999986,-1.0,-0.16999999999999993
0.8320000000000001,0.0,1.0,0.0,-0.16799999999999993,0.16799999999999993,0.33599999999999985,0,2,-0.16799999999999993,0.16799999999999993,0.33599999999999985,-1.0,-0.16799999999999993
0.834,0.0,1.0,0.0,-0.16600000000000004,0.16600000000000004,0.3320000000000001,0,2,-0.16600000000000004,0.16600000000000004,0.3320000000000001,-1.0,-0.16600000000000004
0.836,0.0,1.0,0.0,-0.164,0.164,0.328,1,3,-0.164,0.16400000000000003,0.32800000000000007,-1.0,-0.16400000000000003
0.838,0.0,1.0,0.0,-0.16200000000000003,0.16200000000000003,0.32400000000000007,0,2,-0.16200000000000003,0.16200000000000003,0.32400000000000007,-1.0,-0.16200000000000003
0.84,0.0,1.0,0.0,-0.16000000000000003,0.16000000000000003,0.32000000000000006,0,2,-0.16000000000000003,0.16000000000000003,0.32000000000000006,-1.0,-0.16000000000000003
0.842,0.0,1.0,0.0,-0.15800000000000003,0.15800000000000003,0.31600000000000006,0,2,-0.15800000000000003,0.15800000000000003,0.31600000000000006,-1.0,-0.15800000000000003
0.844,0.0,1.0,0.0,-0.15600000000000003,0.15600000000000003,0.31200000000000006,0,2,-0.15600000000000003,0.15600000000000003,0.31200000000000006,-1.0,-0.15600000000000003
0.846,0.0,1.0,0.0,-0.15400000000000003,0.15400000000000003,0.30800000000000005,0,2,-0.15400000000000003,0.15400000000000003,0.30800000000000005,-1.0,-0.15400000000000003
0.848,0.0,1.0,0.0,-0.15200000000000002,0.15200000000000002,0.30400000000000005,0,2,-0.15200000000000002,0.15200000000000002,0.30400000000000005,-1.0,-0.15200000000000002
0.85,0.0,1.0,0.0,-0.15000000000000002,0.15000000000000002,0.30000000000000004,0,2,-0.15000000000000002,0.15000000000000002,0.30000000000000004,-1.0,-0.15000000000000002
0.852,0.0,1.0,0.0,-0.14800000000000002,0.14800000000000002,0.29600000000000004,0,2,-0.14800000000000002,0.14800000000000002,0.29600000000000004,-1.0,-0.14800000000000002
0.854,0.0,1.0,0.0,-0.14600000000000002,0.14600000000000002,0.29200000000000004,0,2,-0.14600000000000002,0.14600000000000002,0.29200000000000004,-1.0,-0.14600000000000002
0.856,0.0,1.0,0.0,-0.14400000000000002,0.14400000000000002,0.28800000000000003,0,2,-0.14400000000000002,0.14400000000000002,0.28800000000000003,-1.0,-0.14400000000000002
0.858,0.0,1.0,0.0,-0.14200000000000002,0.14200000000000002,0.28400000000000003,0,2,-0.14200000000000002,0.14200000000000002,0.28400000000000003,-1.0,-0.14200000000000002
0.86,0.0,1.0,0.0,-0.14,0.14,0.28,0,2,-0.14,0.14,0.28,-1.0,-0.14
0.862,0.0,1.0,0.0,-0.138,0.138,0.276,0,2,-0.138,0.138,0.276,-1.0,-0.138
0.864,0.0,1.0,0.0,-0.136,0.136,0.272,0,2,-0.136,0.136,0.272,-1.0,-0.136
0.866,0.0,1.0,0.0,-0.134,0.134,0.268,0,2,-0.134,0.134,0.268,-1.0,-0.134
0.868,0.0,1.0,0.0,-0.132,0.132,0.264,0,2,-0.132,0.132,0.264,-1.0,-0.132
0.87,0.0,1.0,0.0,-0.13,0.13,0.26,0,2,-0.13,0.13,0.26,-1.0,-0.13
0.872,0.0,1.0,0.0,-0.128,0.128,0.256,0,2,-0.128,0.128,0.256,-1.0,-0.128
0.874,0.0,1.0,0.0,-0.126,0.126,0.252,0,2,-0.126,0.126,0.252,-1.0,-0.126
0.876,0.0,1.0,0.0,-0.124,0.124,0.248,0,2,-0.124,0.124,0.248,-1.0,-0.124
0.878,0.0,1.0,0.0,-0.12199999999999998,0.12199999999999998,0.24399999999999997,1,3,-0.12199999999999998,0.122,0.244,-1.0,-0.122
0.88,0.0,1.0,0.0,-0.12,0.12,0.24,0,2,-0.12,0.12,0.24,-1.0,-0.12
0.882,0.0,1.0,0.0,-0.118,0.118,0.236,0,2,-0.118,0.118,0.236,-1.0,-0.118
0.884,0.0,1.0,0.0,-0.11599999999999999,0.11599999999999999,0.23199999999999998,0,2,-0.11599999999999999,0.11599999999999999,0.23199999999999998,-1.0,-0.11599999999999999
0.886,0.0,1.0,0.0,-0.11399999999999999,0.11399999999999999,0.22799999999999998,0,2,-0.11399999999999999,0.11399999999999999,0.22799999999999998,-1.0,-0.11399999999999999
0.888,0.0,1.0,0.0,-0.11199999999999997,0.11199999999999997,0.22399999999999995,1,3,-0.11199999999999997,0.11199999999999999,0.22399999999999998,-1.0,-0.11199999999999999
0.89,0.0,1.0,0.0,-0.10999999999999999,0.10999999999999999,0.21999999999999997,0,2,-0.10999999999999999,0.10999999999999999,0.21999999999999997,-1.0,-0.10999999999999999
0.892,0.0,1.0,0.0,-0.10799999999999998,0.10799999999999998,0.21599999999999997,0,2,-0.10799999999999998,0.10799999999999998,0.21599999999999997,-1.0,-0.10799999999999998
0.894,0.0,1.0,0.0,-0.10599999999999998,0.10599999999999998,0.21199999999999997,0,2,-0.10599999999999998,0.10599999999999998,0.21199999999999997,-1.0,-0.10599999999999998
0.896,0.0,1.0,0.0,-0.10399999999999998,0.10399999999999998,0.20799999999999996,0,2,-0.10399999999999998,0.10399999999999998,0.20799999999999996,-1.0,-0.10399999999999998
0.898,0.0,1.0,0.0,-0.10199999999999998,0.10199999999999998,0.20399999999999996,0,2,-0.10199999999999998,0.10199999999999998,0.20399999999999996,-1.0,-0.10199999999999998
0.9,0.0,1.0,0.0,-0.09999999999999998,0.09999999999999998,0.19999999999999996,0,2,-0.09999999999999998,0.09999999999999998,0.19999999999999996,-1.0,-0.09999999999999998
0.902,0.0,1.0,0.0,-0.09799999999999998,0.09799999999999998,0.19599999999999995,0,2,-0.09799999999999998,0.09799999999999998,0.19599999999999995,-1.0,-0.09799999999999998
0.904,0.0,1.0,0.0,-0.09599999999999997,0.09599999999999997,0.19199999999999995,0,2,-0.09599999999999997,0.09599999999999997,0.19199999999999995,-1.0,-0.09599999999999997
0.906,0.0,1.0,0.0,-0.09399999999999997,0.09399999999999997,0.18799999999999994,0,2,-0.09399999999999997,0.09399999999999997,0.18799999999999994,-1.0,-0.09399999999999997
0.908,0.0,1.0,0.0,-0.09199999999999997,0.09199999999999997,0.18399999999999994,0,2,-0.09199999999999997,0.09199999999999997,0.18399999999999994,-1.0,-0.09199999999999997
0.91,0.0,1.0,0.0,-0.08999999999999996,0.08999999999999996,0.1799999999999999,1,3,-0.08999999999999996,0.08999999999999997,0.17999999999999994,-1.0,-0.08999999999999997
0.912,0.0,1.0,0.0,-0.08799999999999997,0.08799999999999997,0.17599999999999993,0,2,-0.08799999999999997,0.08799999999999997,0.17599999999999993,-1.0,-0.08799999999999997
0.914,0.0,1.0,0.0,-0.08599999999999997,0.08599999999999997,0.17199999999999993,0,2,-0.08599999999999997,0.08599999999999997,0.17199999999999993,-1.0,-0.08599999999999997
0.916,0.0,1.0,0.0,-0.08399999999999996,0.08399999999999996,0.16799999999999993,0,2,-0.08399999999999996,0.08399999999999996,0.16799999999999993,-1.0,-0.08399999999999996
0.918,0.0,1.0,0.0,-0.08199999999999996,0.08199999999999996,0.16399999999999992,0,2,-0.08199999999999996,0.08199999999999996,0.16399999999999992,-1.0,-0.08199999999999996
0.92,0.0,1.0,0.0,-0.07999999999999996,0.07999999999999996,0.15999999999999992,0,2,-0.07999999999999996,0.07999999999999996,0.15999999999999992,-1.0,-0.07999999999999996
0.922,0.0,1.0,0.0,-0.07799999999999996,0.07799999999999996,0.15599999999999992,0,2,-0.07799999999999996,0.07799999999999996,0.15599999999999992,-1.0,-0.07799999999999996
0.924,0.0,1.0,0.0,-0.07599999999999996,0.07599999999999996,0.1519999999999999,0,2,-0.07599999999999996,0.07599999999999996,0.1519999999999999,-1.0,-0.07599999999999996
0.926,0.0,1.0,0.0,-0.07399999999999995,0.07399999999999995,0.1479999999999999,0,2,-0.07399999999999995,0.07399999999999995,0.1479999999999999,-1.0,-0.07399999999999995
0.928,0.0,1.0,0.0,-0.07199999999999995,0.07199999999999995,0.1439999999999999,0,2,-0.07199999999999995,0.07199999999999995,0.1439999999999999,-1.0,-0.07199999999999995
0.93,0.0,1.0,0.0,-0.06999999999999995,0.06999999999999995,0.1399999999999999,0,2,-0.06999999999999995,0.06999999999999995,0.1399999999999999,-1.0,-0.06999999999999995
0.932,0.0,1.0,0.0,-0.06799999999999995,0.06799999999999995,0.1359999999999999,0,2,-0.06799999999999995,0.06799999999999995,0.1359999999999999,-1.0,-0.06799999999999995
0.934,0.0,1.0,0.0,-0.06599999999999995,0.06599999999999995,0.1319999999999999,0,2,-0.06599999999999995,0.06599999999999995,0.1319999999999999,-1.0,-0.06599999999999995
0.936,0.0,1.0,0.0,-0.06399999999999995,0.06399999999999995,0.1279999999999999,0,2,-0.06399999999999995,0.06399999999999995,0.1279999999999999,-1.0,-0.06399999999999995
0.9380000000000001,0.0,1.0,0.0,-0.061999999999999944,0.061999999999999944,0.12399999999999989,0,2,-0.061999999999999944,0.061999999999999944,0.12399999999999989,-1.0,-0.061999999999999944
0.9400000000000001,0.0,1.0,0.0,-0.05999999999999994,0.05999999999999994,0.11999999999999988,0,2,-0.05999999999999994,0.05999999999999994,0.11999999999999988,-1.0,-0.05999999999999994
0.9420000000000001,0.0,1.0,0.0,-0.05799999999999994,0.05799999999999994,0.11599999999999988,0,2,-0.05799999999999994,0.05799999999999994,0.11599999999999988,-1.0,-0.05799999999999994
0.9440000000000001,0.0,1.0,0.0,-0.05599999999999993,0.05599999999999993,0.11199999999999986,1,3,-0.05599999999999993,0.05599999999999994,0.11199999999999988,-1.0,-0.05599999999999994
0.9460000000000001,0.0,1.0,0.0,-0.05399999999999994,0.05399999999999994,0.10799999999999987,0,2,-0.05399999999999994,0.05399999999999994,0.10799999999999987,-1.0,-0.05399999999999994
0.9480000000000001,0.0,1.0,0.0,-0.051999999999999935,0.051999999999999935,0.10399999999999987,0,2,-0.051999999999999935,0.051999999999999935,0.10399999999999987,-1.0,-0.051999999999999935
0.9500000000000001,0.0,1.0,0.0,-0.04999999999999993,0.04999999999999993,0.09999999999999987,0,2,-0.04999999999999993,0.04999999999999993,0.09999999999999987,-1.0,-0.04999999999999993
0.9520000000000001,0.0,1.0,0.0,-0.04799999999999993,0.04799999999999993,0.09599999999999986,0,2,-0.04799999999999993,0.04799999999999993,0.09599999999999986,-1.0,-0.04799999999999993
0.9540000000000001,0.0,1.0,0.0,-0.04599999999999993,0.04599999999999993,0.09199999999999986,0,2,-0.04599999999999993,0.04599999999999993,0.09199999999999986,-1.0,-0.04599999999999993
0.9560000000000001,0.0,1.0,0.0,-0.04399999999999993,0.04399999999999993,0.08799999999999986,0,2,-0.04399999999999993,0.04399999999999993,0.08799999999999986,-1.0,-0.04399999999999993
0.9580000000000001,0.0,1.0,0.0,-0.041999999999999926,0.041999999999999926,0.08399999999999985,0,2,-0.041999999999999926,0.041999999999999926,0.08399999999999985,-1.0,-0.041999999999999926
0.96,0.0,1.0,0.0,-0.040000000000000036,0.040000000000000036,0.08000000000000007,0,2,-0.040000000000000036,0.040000000000000036,0.08000000000000007,-1.0,-0.040000000000000036
0.962,0.0,1.0,0.0,-0.038000000000000034,0.038000000000000034,0.07600000000000007,0,2,-0.038000000000000034,0.038000000000000034,0.07600000000000007,-1.0,-0.038000000000000034
0.964,0.0,1.0,0.0,-0.03600000000000003,0.03600000000000003,0.07200000000000006,0,2,-0.03600000000000003,0.03600000000000003,0.07200000000000006,-1.0,-0.03600000000000003
0.966,0.0,1.0,0.0,-0.03400000000000003,0.03400000000000003,0.06800000000000006,0,2,-0.03400000000000003,0.03400000000000003,0.06800000000000006,-1.0,-0.03400000000000003
0.968,0.0,1.0,0.0,-0.03200000000000003,0.03200000000000003,0.06400000000000006,0,2,-0.03200000000000003,0.03200000000000003,0.06400000000000006,-1.0,-0.03200000000000003
0.97,0.0,1.0,0.0,-0.030000000000000027,0.030000000000000027,0.06000000000000005,0,2,-0.030000000000000027,0.030000000000000027,0.06000000000000005,-1.0,-0.030000000000000027
0.972,0.0,1.0,0.0,-0.02800000000000002,0.02800000000000002,0.05600000000000004,1,3,-0.02800000000000002,0.028000000000000025,0.05600000000000005,-1.0,-0.028000000000000025
0.974,0.0,1.0,0.0,-0.02600000000000002,0.02600000000000002,0.05200000000000004,1,3,-0.02600000000000002,0.026000000000000023,0.052000000000000046,-1.0,-0.026000000000000023
0.976,0.0,1.0,0.0,-0.02400000000000002,0.02400000000000002,0.04800000000000004,0,2,-0.02400000000000002,0.02400000000000002,0.04800000000000004,-1.0,-0.02400000000000002
0.978,0.0,1.0,0.0,-0.02200000000000002,0.02200000000000002,0.04400000000000004,0,2,-0.02200000000000002,0.02200000000000002,0.04400000000000004,-1.0,-0.02200000000000002
0.98,0.0,1.0,0.0,-0.020000000000000018,0.020000000000000018,0.040000000000000036,0,2,-0.020000000000000018,0.020000000000000018,0.040000000000000036,-1.0,-0.020000000000000018
0.982,0.0,1.0,0.0,-0.018000000000000016,0.018000000000000016,0.03600000000000003,0,2,-0.018000000000000016,0.018000000000000016,0.03600000000000003,-1.0,-0.018000000000000016
0.984,0.0,1.0,0.0,-0.016000000000000014,0.016000000000000014,0.03200000000000003,0,2,-0.016000000000000014,0.016000000000000014,0.03200000000000003,-1.0,-0.016000000000000014
0.986,0.0,1.0,0.0,-0.01400000000000001,0.01400000000000001,0.02800000000000002,1,3,-0.01400000000000001,0.014000000000000012,0.028000000000000025,-1.0,-0.014000000000000012
0.988,0.0,1.0,0.0,-0.01200000000000001,0.01200000000000001,0.02400000000000002,0,2,-0.01200000000000001,0.01200000000000001,0.02400000000000002,-1.0,-0.01200000000000001
0.99,0.0,1.0,0.0,-0.010000000000000009,0.010000000000000009,0.020000000000000018,0,2,-0.010000000000000009,0.010000000000000009,0.020000000000000018,-1.0,-0.010000000000000009
0.992,0.0,1.0,0.0,-0.008000000000000007,0.008000000000000007,0.016000000000000014,0,2,-0.008000000000000007,0.008000000000000007,0.016000000000000014,-1.0,-0.008000000000000007
0.994,0.0,1.0,0.0,-0.006000000000000005,0.006000000000000005,0.01200000000000001,0,2,-0.006000000000000005,0.006000000000000005,0.01200000000000001,-1.0,-0.006000000000000005
0.996,0.0,1.0,0.0,-0.0040000000000000036,0.0040000000000000036,0.008000000000000007,0,2,-0.0040000000000000036,0.0040000000000000036,0.008000000000000007,-1.0,-0.0040000000000000036
0.998,0.0,1.0,0.0,-0.0020000000000000018,0.0020000000000000018,0.0040000000000000036,0,2,-0.0020000000000000018,0.0020000000000000018,0.0040000000000000036,-1.0,-0.0020000000000000018
1.0,0.0,1.0,0.0,-1.2246467991473532e-16,1.2246467991473532e-16,2.4492935982947064e-16,0,1,-1.2246467991473532e-16,-1.2246467991473532e-16,0.0,-1.0,-0.0
0.0,0.1,1.0,0.0,-0.7999999999999999,0.9999999999999999,1.7999999999999998,1,3,-0.8000000000000003,0.9999999999999998,1.8,-1.0,-0.9
0.002,0.1,1.0,0.0,-0.7979999999999998,0.9979999999999999,1.7959999999999998,1,2,-0.7979999999999999,0.9979999999999997,1.7959999999999996,-1.0,-0.8979999999999998
0.004,0.1,1.0,0.0,-0.7959999999999997,0.9959999999999992,1.791999999999999,1,3,-0.7960000000000004,0.9960000000000006,1.792000000000001,-1.0,-0.8960000000000005
0.006,0.1,1.0,0.0,-0.794,0.9939999999999998,1.7879999999999998,1,2,-0.794,0.9939999999999999,1.7879999999999998,-1.0,-0.8939999999999999
0.008,0.1,1.0,0.0,-0.792,0.992,1.784,1,3,-0.7919999999999993,0.9920000000000001,1.7839999999999994,-1.0,-0.8919999999999997
0.01,0.1,1.0,0.0,-0.7899999999999998,0.9899999999999997,1.7799999999999994,1,3,-0.7900000000000001,0.9900000000000003,1.7800000000000005,-1.0,-0.8900000000000002
0.012,0.1,1.0,0.0,-0.7880000000000004,0.9879999999999995,1.7759999999999998,1,2,-0.788,0.9879999999999998,1.7759999999999998,-1.0,-0.8879999999999999
0.014,0.1,1.0,0.0,-0.7859999999999999,0.9859999999999999,1.7719999999999998,1,3,-0.7859999999999998,0.9859999999999998,1.7719999999999996,-1.0,-0.8859999999999998
0.016,0.1,1.0,0.0,-0.7840000000000001,0.9839999999999989,1.767999999999999,1,3,-0.7839999999999998,0.984,1.7679999999999998,-1.0,-0.8839999999999999
0.018000000000000002,0.1,1.0,0.0,-0.7819999999999994,0.9819999999999991,1.7639999999999985,1,3,-0.7820000000000001,0.9820000000000002,1.7640000000000002,-1.0,-0.8820000000000001
0.02,0.1,1.0,0.0,-0.7799999999999996,0.9799999999999998,1.7599999999999993,1,3,-0.7800000000000001,0.98,1.7600000000000002,-1.0,-0.8800000000000001
0.022,0.1,1.0,0.0,-0.7779999999999996,0.9779999999999994,1.755999999999999,1,3,-0.7779999999999998,0.9780000000000008,1.7560000000000007,-1.0,-0.8780000000000003
0.024,0.1,1.0,0.0,-0.7759999999999999,0.9759999999999996,1.7519999999999996,1,3,-0.7760000000000001,0.9760000000000002,1.7520000000000002,-1.0,-0.8760000000000001
0.026000000000000002,0.1,1.0,0.0,-0.7739999999999996,0.9739999999999989,1.7479999999999984,1,2,-0.7740000000000001,0.9740000000000001,1.7480000000000002,-1.0,-0.8740000000000001
0.028,0.1,1.0,0.0,-0.7719999999999999,0.9719999999999996,1.7439999999999996,1,3,-0.7719999999999998,0.9720000000000002,1.744,-1.0,-0.872
0.03,0.1,1.0,0.0,-0.7699999999999994,0.97,1.7399999999999993,1,3,-0.77,0.9700000000000008,1.7400000000000007,-1.0,-0.8700000000000003
0.032,0.1,1.0,0.0,-0.7679999999999999,0.9679999999999999,1.7359999999999998,1,3,-0.7679999999999999,0.9680000000000003,1.7360000000000002,-1.0,-0.8680000000000001
0.034,0.1,1.0,0.0,-0.7659999999999997,0.966,1.7319999999999998,1,3,-0.7660000000000003,0.9660000000000012,1.7320000000000015,-1.0,-0.8660000000000008
0.036000000000000004,0.1,1.0,0.0,-0.7639999999999998,0.9639999999999997,1.7279999999999995,1,3,-0.7639999999999998,0.964,1.7279999999999998,-1.0,-0.8639999999999999
0.038,0.1,1.0,0.0,-0.7619999999999987,0.9619999999999989,1.7239999999999975,1,2,-0.7619999999999995,0.9619999999999995,1.7239999999999989,-1.0,-0.8619999999999994
0.04,0.1,1.0,0.0,-0.7599999999999998,0.9599999999999999,1.7199999999999998,1,3,-0.7599999999999998,0.9600000000000003,1.7200000000000002,-1.0,-0.8600000000000001
0.042,0.1,1.0,0.0,-0.7579999999999995,0.958,1.7159999999999993,1,3,-0.7579999999999988,0.9580000000000001,1.7159999999999989,-1.0,-0.8579999999999994
0.044,0.1,1.0,0.0,-0.7559999999999997,0.955999999999999,1.7119999999999986,1,3,-0.7560000000000006,0.9560000000000005,1.712000000000001,-1.0,-0.8560000000000005
0.046,0.1,1.0,0.0,-0.7539999999999997,0.954,1.7079999999999997,1,2,-0.754,0.9539999999999997,1.7079999999999997,-1.0,-0.8539999999999999
0.048,0.1,1.0,0.0,-0.7519999999999999,0.9519999999999997,1.7039999999999997,1,2,-0.7520000000000002,0.9519999999999998,1.7040000000000002,-1.0,-0.8520000000000001
0.05,0.1,1.0,0.0,-0.7499999999999999,0.9499999999999998,1.6999999999999997,1,2,-0.7500000000000001,0.9500000000000002,1.7000000000000002,-1.0,-0.8500000000000001
0.052000000000000005,0.1,1.0,0.0,-0.7479999999999997,0.9479999999999996,1.6959999999999993,1,3,-0.7479999999999996,0.9480000000000001,1.6959999999999997,-1.0,-0.8479999999999999
0.054,0.1,1.0,0.0,-0.7459999999999998,0.9459999999999995,1.6919999999999993,1,3,-0.746,0.946,1.692,-1.0,-0.846
0.056,0.1,1.0,0.0,-0.7439999999999996,0.9439999999999994,1.6879999999999988,1,2,-0.7439999999999996,0.9439999999999985,1.687999999999998,-1.0,-0.843999999999999
0.058,0.1,1.0,0.0,-0.7419999999999999,0.9419999999999997,1.6839999999999997,1,3,-0.7420000000000001,0.9420000000000005,1.6840000000000006,-1.0,-0.8420000000000003
0.06,0.1,1.0,0.0,-0.7400000000000002,0.9399999999999994,1.6799999999999997,1,3,-0.7399999999999999,0.9400000000000003,1.6800000000000002,-1.0,-0.8400000000000001
0.062,0.1,1.0,0.0,-0.738,0.9379999999999994,1.6759999999999993,1,2,-0.7380000000000003,0.938,1.6760000000000002,-1.0,-0.8380000000000001
0.064,0.1,1.0,0.0,-0.736,0.9359999999999996,1.6719999999999997,1,3,-0.7359999999999997,0.9360000000000003,1.672,-1.0,-0.836
0.066,0.1,1.0,0.0,-0.7339999999999998,0.9339999999999996,1.6679999999999993,1,2,-0.7339999999999998,0.9339999999999996,1.6679999999999993,-1.0,-0.8339999999999996
0.068,0.1,1.0,0.0,-0.7319999999999992,0.9319999999999997,1.6639999999999988,1,3,-0.7319999999999997,0.9320000000000002,1.6639999999999997,-1.0,-0.8319999999999999
0.07,0.1,1.0,0.0,-0.7299999999999998,0.9299999999999998,1.6599999999999997,1,2,-0.7299999999999999,0.9299999999999997,1.6599999999999997,-1.0,-0.8299999999999998
0.07200000000000001,0.1,1.0,0.0,-0.7279999999999999,0.9279999999999999,1.6559999999999997,1,3,-0.7279999999999994,0.9279999999999999,1.6559999999999993,-1.0,-0.8279999999999996
0.074,0.1,1.0,0.0,-0.7259999999999999,0.9259999999999999,1.6519999999999997,1,3,-0.7260000000000004,0.9260000000000009,1.6520000000000015,-1.0,-0.8260000000000007
0.076,0.1,1.0,0.0,-0.7240000000000003,0.924,1.6480000000000004,1,3,-0.7240000000000003,0.9240000000000004,1.6480000000000006,-1.0,-0.8240000000000003
0.078,0.1,1.0,0.0,-0.7219999999999999,0.9219999999999993,1.6439999999999992,1,3,-0.7219999999999994,0.922,1.6439999999999995,-1.0,-0.8219999999999997
0.08,0.1,1.0,0.0,-0.7199999999999996,0.9199999999999999,1.6399999999999997,1,3,-0.7199999999999995,0.9199999999999999,1.6399999999999995,-1.0,-0.8199999999999997
0.082,0.1,1.0,0.0,-0.7179999999999999,0.9179999999999998,1.6359999999999997,1,2,-0.7180000000000002,0.9179999999999999,1.6360000000000001,-1.0,-0.8180000000000001
0.084,0.1,1.0,0.0,-0.7160000000000001,0.9159999999999998,1.632,1,3,-0.7159999999999995,0.9160000000000004,1.632,-1.0,-0.816
0.08600000000000001,0.1,1.0,0.0,-0.7139999999999999,0.9139999999999995,1.6279999999999992,1,2,-0.714,0.9139999999999993,1.6279999999999992,-1.0,-0.8139999999999996
0.088,0.1,1.0,0.0,-0.7119999999999997,0.9119999999999996,1.6239999999999992,1,3,-0.7120000000000001,0.9120000000000003,1.6240000000000003,-1.0,-0.8120000000000002
0.09,0.1,1.0,0.0,-0.7099999999999995,0.9099999999999998,1.6199999999999992,1,2,-0.7099999999999997,0.9099999999999998,1.6199999999999997,-1.0,-0.8099999999999998
0.092,0.1,1.0,0.0,-0.7079999999999997,0.9079999999999993,1.615999999999999,1,2,-0.708,0.9079999999999998,1.6159999999999997,-1.0,-0.8079999999999998
0.094,0.1,1.0,0.0,-0.7059999999999994,0.9059999999999991,1.6119999999999985,1,3,-0.7060000000000004,0.9060000000000006,1.612000000000001,-1.0,-0.8060000000000005
0.096,0.1,1.0,0.0,-0.7039999999999998,0.9039999999999998,1.6079999999999997,1,2,-0.7039999999999996,0.9039999999999996,1.6079999999999992,-1.0,-0.8039999999999996
0.098,0.1,1.0,0.0,-0.7019999999999996,0.9019999999999999,1.6039999999999996,1,3,-0.7019999999999998,0.9019999999999999,1.6039999999999996,-1.0,-0.8019999999999998
0.1,0.1,1.0,0.0,-0.7000000000000001,0.8999999999999995,1.5999999999999996,1,2,-0.7,0.8999999999999997,1.5999999999999996,-1.0,-0.7999999999999998
0.10200000000000001,0.1,1.0,0.0,-0.6979999999999997,0.8979999999999999,1.5959999999999996,1,2,-0.698,0.8979999999999989,1.5959999999999988,-1.0,-0.7979999999999994
0.10400000000000001,0.1,1.0,0.0,-0.696,0.8959999999999999,1.5919999999999999,1,2,-0.6959999999999997,0.8959999999999998,1.5919999999999996,-1.0,-0.7959999999999998
0.106,0.1,1.0,0.0,-0.6939999999999997,0.8939999999999997,1.5879999999999994,1,3,-0.6939999999999997,0.8939999999999999,1.5879999999999996,-1.0,-0.7939999999999998
0.108,0.1,1.0,0.0,-0.6919999999999997,0.8919999999999997,1.5839999999999994,1,2,-0.6919999999999995,0.8919999999999997,1.5839999999999992,-1.0,-0.7919999999999996
0.11,0.1,1.0,0.0,-0.69,0.8899999999999999,1.5799999999999998,1,2,-0.6899999999999997,0.8899999999999991,1.5799999999999987,-1.0,-0.7899999999999994
0.112,0.1,1.0,0.0,-0.6879999999999996,0.8879999999999997,1.5759999999999992,1,3,-0.6879999999999998,0.8880000000000002,1.576,-1.0,-0.788
0.114,0.1,1.0,0.0,-0.6860000000000002,0.8859999999999997,1.5719999999999998,1,2,-0.6859999999999997,0.8859999999999999,1.5719999999999996,-1.0,-0.7859999999999998
0.116,0.1,1.0,0.0,-0.6840000000000002,0.8839999999999998,1.568,1,3,-0.6839999999999997,0.8839999999999998,1.5679999999999996,-1.0,-0.7839999999999998
0.11800000000000001,0.1,1.0,0.0,-0.6820000000000002,0.8819999999999999,1.564,1,3,-0.682,0.8820000000000002,1.5640000000000003,-1.0,-0.7820000000000001
0.12,0.1,1.0,0.0,-0.6799999999999997,0.8799999999999996,1.5599999999999992,1,2,-0.6800000000000003,0.8799999999999998,1.56,-1.0,-0.78
0.122,0.1,1.0,0.0,-0.6779999999999995,0.8779999999999998,1.5559999999999992,1,3,-0.6780000000000004,0.8780000000000001,1.5560000000000005,-1.0,-0.7780000000000002
0.124,0.1,1.0,0.0,-0.6759999999999995,0.8759999999999994,1.551999999999999,1,2,-0.6760000000000007,0.8760000000000001,1.552000000000001,-1.0,-0.7760000000000005
0.126,0.1,1.0,0.0,-0.674,0.8739999999999999,1.548,1,2,-0.674,0.8740000000000001,1.548,-1.0,-0.774
0.128,0.1,1.0,0.0,-0.6720000000000003,0.872,1.5440000000000003,1,3,-0.672,0.8720000000000002,1.5440000000000003,-1.0,-0.7720000000000001
0.13,0.1,1.0,0.0,-0.67,0.8699999999999999,1.54,1,3,-0.67,0.8700000000000003,1.5400000000000005,-1.0,-0.7700000000000002
0.132,0.1,1.0,0.0,-0.6679999999999999,0.8679999999999998,1.5359999999999996,1,3,-0.6679999999999997,0.868,1.5359999999999996,-1.0,-0.7679999999999998
0.134,0.1,1.0,0.0,-0.6659999999999998,0.8659999999999999,1.5319999999999996,1,2,-0.6659999999999996,0.8659999999999993,1.531999999999999,-1.0,-0.7659999999999995
0.136,0.1,1.0,0.0,-0.6639999999999998,0.8639999999999999,1.5279999999999996,1,2,-0.6640000000000005,0.864,1.5280000000000005,-1.0,-0.7640000000000002
0.138,0.1,1.0,0.0,-0.6619999999999998,0.8619999999999997,1.5239999999999996,1,3,-0.6620000000000001,0.8620000000000003,1.5240000000000005,-1.0,-0.7620000000000002
0.14,0.1,1.0,0.0,-0.6599999999999996,0.8599999999999995,1.5199999999999991,1,3,-0.6600000000000005,0.8600000000000005,1.520000000000001,-1.0,-0.7600000000000005
0.14200000000000002,0.1,1.0,0.0,-0.6579999999999999,0.8579999999999995,1.5159999999999996,1,2,-0.6579999999999997,0.8580000000000001,1.5159999999999998,-1.0,-0.7579999999999999
0.14400000000000002,0.1,1.0,0.0,-0.6559999999999999,0.8559999999999995,1.5119999999999996,1,3,-0.6559999999999999,0.8560000000000006,1.5120000000000005,-1.0,-0.7560000000000002
0.146,0.1,1.0,0.0,-0.654,0.8539999999999999,1.508,1,2,-0.6539999999999999,0.8539999999999999,1.5079999999999998,-1.0,-0.7539999999999999
0.148,0.1,1.0,0.0,-0.6519999999999999,0.8519999999999994,1.5039999999999993,1,2,-0.6519999999999998,0.8519999999999998,1.5039999999999996,-1.0,-0.7519999999999998
0.15,0.1,1.0,0.0,-0.65,0.85,1.5,1,3,-0.6500000000000001,0.85,1.5,-1.0,-0.75
0.152,0.1,1.0,0.0,-0.6479999999999999,0.8479999999999998,1.4959999999999996,1,2,-0.6480000000000002,0.8479999999999999,1.496,-1.0,-0.748
0.154,0.1,1.0,0.0,-0.6459999999999996,0.8459999999999995,1.491999999999999,1,3,-0.6459999999999999,0.846,1.492,-1.0,-0.746
0.156,0.1,1.0,0.0,-0.6439999999999998,0.8439999999999995,1.4879999999999993,1,3,-0.6439999999999999,0.844,1.488,-1.0,-0.744
0.158,0.1,1.0,0.0,-0.6419999999999999,0.8419999999999997,1.4839999999999995,1,2,-0.6419999999999995,0.8419999999999995,1.483999999999999,-1.0,-0.7419999999999995
0.16,0.1,1.0,0.0,-0.6399999999999997,0.8399999999999996,1.4799999999999993,1,3,-0.6399999999999999,0.8400000000000002,1.48,-1.0,-0.74
0.162,0.1,1.0,0.0,-0.6379999999999999,0.838,1.476,1,3,-0.638,0.8380000000000003,1.4760000000000004,-1.0,-0.7380000000000002
0.164,0.1,1.0,0.0,-0.6359999999999998,0.8359999999999997,1.4719999999999995,1,3,-0.6359999999999999,0.8360000000000005,1.4720000000000004,-1.0,-0.7360000000000002
0.166,0.1,1.0,0.0,-0.6339999999999999,0.8339999999999999,1.4679999999999997,1,3,-0.6340000000000007,0.8340000000000006,1.4680000000000013,-1.0,-0.7340000000000007
0.168,0.1,1.0,0.0,-0.6320000000000001,0.832,1.464,1,2,-0.6319999999999998,0.8320000000000001,1.464,-1.0,-0.732
0.17,0.1,1.0,0.0,-0.6299999999999999,0.8299999999999997,1.4599999999999995,1,2,-0.6299999999999999,0.8299999999999997,1.4599999999999995,-1.0,-0.7299999999999998
0.17200000000000001,0.1,1.0,0.0,-0.6279999999999999,0.8279999999999994,1.4559999999999993,1,2,-0.6280000000000002,0.828,1.4560000000000002,-1.0,-0.7280000000000001
0.17400000000000002,0.1,1.0,0.0,-0.6259999999999997,0.8259999999999995,1.451999999999999,1,3,-0.6259999999999998,0.826,1.4519999999999997,-1.0,-0.7259999999999999
0.176,0.1,1.0,0.0,-0.6240000000000001,0.8239999999999993,1.4479999999999995,1,3,-0.624,0.8240000000000003,1.4480000000000004,-1.0,-0.7240000000000002
0.178,0.1,1.0,0.0,-0.6220000000000001,0.8219999999999994,1.4439999999999995,1,3,-0.6220000000000003,0.8220000000000005,1.4440000000000008,-1.0,-0.7220000000000004
0.18,0.1,1.0,0.0,-0.62,0.8200000000000002,1.4400000000000002,1,2,-0.6199999999999998,0.8199999999999997,1.4399999999999995,-1.0,-0.7199999999999998
0.182,0.1,1.0,0.0,-0.6180000000000001,0.8180000000000001,1.4360000000000002,1,2,-0.6180000000000001,0.8180000000000001,1.4360000000000002,-1.0,-0.7180000000000001
0.184,0.1,1.0,0.0,-0.6160000000000002,0.816,1.4320000000000002,1,3,-0.616,0.8160000000000001,1.432,-1.0,-0.716
0.186,0.1,1.0,0.0,-0.6139999999999998,0.8139999999999998,1.4279999999999995,1,2,-0.6140000000000001,0.8139999999999998,1.428,-1.0,-0.714
0.188,0.1,1.0,0.0,-0.6119999999999999,0.8119999999999998,1.4239999999999997,1,3,-0.612,0.8120000000000002,1.4240000000000002,-1.0,-0.7120000000000001
0.19,0.1,1.0,0.0,-0.6099999999999998,0.8099999999999992,1.419999999999999,1,2,-0.61,0.81,1.42,-1.0,-0.71
0.192,0.1,1.0,0.0,-0.6079999999999999,0.8079999999999998,1.4159999999999997,1,2,-0.6080000000000001,0.8079999999999999,1.416,-1.0,-0.708
0.194,0.1,1.0,0.0,-0.6059999999999995,0.8059999999999999,1.4119999999999995,1,2,-0.6060000000000003,0.8059999999999999,1.4120000000000004,-1.0,-0.7060000000000002
0.196,0.1,1.0,0.0,-0.6039999999999999,0.8039999999999999,1.408,1,2,-0.6040000000000002,0.804,1.4080000000000004,-1.0,-0.7040000000000002
0.198,0.1,1.0,0.0,-0.6019999999999999,0.8019999999999999,1.404,1,3,-0.602,0.802,1.404,-1.0,-0.702
0.2,0.1,1.0,0.0,-0.6,0.7999999999999998,1.4,1,3,-0.6000000000000001,0.8000000000000003,1.4000000000000004,-1.0,-0.7000000000000002
0.202,0.1,1.0,0.0,-0.5980000000000001,0.7979999999999997,1.396,1,3,-0.598,0.7980000000000004,1.3960000000000004,-1.0,-0.6980000000000002
0.20400000000000001,0.1,1.0,0.0,-0.5959999999999999,0.7959999999999996,1.3919999999999995,1,2,-0.5960000000000001,0.796,1.3920000000000001,-1.0,-0.6960000000000001
0.20600000000000002,0.1,1.0,0.0,-0.5939999999999999,0.7939999999999998,1.3879999999999997,1,2,-0.594,0.794,1.388,-1.0,-0.694
0.20800000000000002,0.1,1.0,0.0,-0.5919999999999996,0.792,1.3839999999999997,1,3,-0.5919999999999997,0.7920000000000001,1.384,-1.0,-0.692
0.21,0.1,1.0,0.0,-0.59,0.79,1.38,1,2,-0.5900000000000002,0.7899999999999997,1.38,-1.0,-0.69
0.212,0.1,1.0,0.0,-0.5880000000000002,0.7879999999999996,1.376,1,3,-0.5879999999999995,0.7880000000000001,1.3759999999999997,-1.0,-0.6879999999999998
0.214,0.1,1.0,0.0,-0.5860000000000001,0.7859999999999997,1.3719999999999999,1,3,-0.5860000000000006,0.7860000000000004,1.372000000000001,-1.0,-0.6860000000000005
0.216,0.1,1.0,0.0,-0.584,0.7839999999999998,1.3679999999999999,1,2,-0.5840000000000002,0.7839999999999999,1.368,-1.0,-0.684
0.218,0.1,1.0,0.0,-0.582,0.7819999999999997,1.3639999999999997,1,2,-0.5820000000000008,0.7819999999999997,1.3640000000000005,-1.0,-0.6820000000000003
0.22,0.1,1.0,0.0,-0.58,0.78,1.3599999999999999,1,3,-0.5800000000000002,0.7800000000000001,1.3600000000000003,-1.0,-0.6800000000000002
0.222,0.1,1.0,0.0,-0.578,0.7779999999999998,1.3559999999999999,1,3,-0.578,0.7780000000000001,1.356,-1.0,-0.678
0.224,0.1,1.0,0.0,-0.576,0.7759999999999999,1.3519999999999999,1,3,-0.5760000000000003,0.7760000000000004,1.3520000000000008,-1.0,-0.6760000000000004
0.226,0.1,1.0,0.0,-0.5739999999999996,0.7739999999999999,1.3479999999999994,1,3,-0.5739999999999997,0.7740000000000001,1.3479999999999999,-1.0,-0.6739999999999999
0.228,0.1,1.0,0.0,-0.5720000000000001,0.7719999999999999,1.3439999999999999,1,3,-0.5720000000000002,0.7720000000000002,1.3440000000000003,-1.0,-0.6720000000000002
0.23,0.1,1.0,0.0,-0.5699999999999998,0.7699999999999998,1.3399999999999996,1,2,-0.5700000000000003,0.7700000000000002,1.3400000000000005,-1.0,-0.6700000000000003
0.232,0.1,1.0,0.0,-0.5679999999999996,0.7679999999999998,1.3359999999999994,1,3,-0.568,0.7680000000000002,1.3360000000000003,-1.0,-0.6680000000000001
0.234,0.1,1.0,0.0,-0.5659999999999997,0.7659999999999996,1.3319999999999994,1,3,-0.5660000000000002,0.7660000000000002,1.3320000000000003,-1.0,-0.6660000000000001
0.23600000000000002,0.1,1.0,0.0,-0.5640000000000001,0.7639999999999999,1.3279999999999998,1,2,-0.5640000000000002,0.764,1.3280000000000003,-1.0,-0.6640000000000001
0.23800000000000002,0.1,1.0,0.0,-0.5619999999999996,0.7619999999999999,1.3239999999999994,1,3,-0.5620000000000006,0.762000000000001,1.3240000000000016,-1.0,-0.6620000000000008
0.24,0.1,1.0,0.0,-0.5599999999999999,0.7599999999999997,1.3199999999999996,1,3,-0.5599999999999998,0.7599999999999999,1.3199999999999998,-1.0,-0.6599999999999999
0.242,0.1,1.0,0.0,-0.5579999999999999,0.7579999999999999,1.3159999999999998,1,2,-0.5580000000000002,0.7579999999999998,1.3159999999999998,-1.0,-0.6579999999999999
0.244,0.1,1.0,0.0,-0.556,0.7559999999999999,1.3119999999999998,1,3,-0.556,0.7560000000000001,1.3120000000000003,-1.0,-0.6560000000000001
0.246,0.1,1.0,0.0,-0.554,0.7539999999999998,1.3079999999999998,1,3,-0.5540000000000002,0.7540000000000002,1.3080000000000003,-1.0,-0.6540000000000001
0.248,0.1,1.0,0.0,-0.5519999999999999,0.7519999999999996,1.3039999999999994,1,2,-0.552,0.7519999999999996,1.3039999999999996,-1.0,-0.6519999999999998
0.25,0.1,1.0,0.0,-0.55,0.7499999999999997,1.2999999999999998,1,2,-0.5500000000000002,0.7499999999999999,1.3,-1.0,-0.65
0.252,0.1,1.0,0.0,-0.5479999999999999,0.7479999999999999,1.2959999999999998,1,3,-0.5479999999999999,0.7480000000000004,1.2960000000000003,-1.0,-0.6480000000000001
0.254,0.1,1.0,0.0,-0.5459999999999994,0.7459999999999994,1.291999999999999,1,2,-0.546,0.7459999999999999,1.2919999999999998,-1.0,-0.6459999999999999
0.256,0.1,1.0,0.0,-0.5439999999999997,0.7439999999999999,1.2879999999999996,1,2,-0.5440000000000002,0.744,1.2880000000000003,-1.0,-0.6440000000000001
0.258,0.1,1.0,0.0,-0.5419999999999999,0.7419999999999999,1.2839999999999998,1,2,-0.5420000000000003,0.7420000000000001,1.2840000000000003,-1.0,-0.6420000000000001
0.26,0.1,1.0,0.0,-0.54,0.7399999999999991,1.2799999999999991,1,3,-0.5399999999999998,0.7400000000000002,1.28,-1.0,-0.64
0.262,0.1,1.0,0.0,-0.5379999999999999,0.7379999999999995,1.2759999999999994,1,3,-0.5379999999999998,0.7379999999999998,1.2759999999999996,-1.0,-0.6379999999999998
0.264,0.1,1.0,0.0,-0.5359999999999999,0.7359999999999998,1.2719999999999998,1,3,-0.5359999999999999,0.736,1.2719999999999998,-1.0,-0.6359999999999999
0.266,0.1,1.0,0.0,-0.5339999999999998,0.7339999999999997,1.2679999999999993,1,2,-0.534,0.7339999999999998,1.2679999999999998,-1.0,-0.6339999999999999
0.268,0.1,1.0,0.0,-0.5319999999999998,0.732,1.2639999999999998,1,3,-0.5319999999999997,0.7320000000000003,1.264,-1.0,-0.632
0.27,0.1,1.0,0.0,-0.53,0.7299999999999998,1.2599999999999998,1,3,-0.5300000000000001,0.7300000000000002,1.2600000000000002,-1.0,-0.6300000000000001
0.272,0.1,1.0,0.0,-0.5279999999999998,0.7279999999999998,1.2559999999999996,1,2,-0.5279999999999996,0.7279999999999998,1.2559999999999993,-1.0,-0.6279999999999997
0.274,0.1,1.0,0.0,-0.5259999999999998,0.7259999999999995,1.2519999999999993,1,2,-0.526,0.726,1.252,-1.0,-0.626
0.276,0.1,1.0,0.0,-0.5239999999999999,0.7239999999999996,1.2479999999999996,1,2,-0.5240000000000001,0.724,1.2480000000000002,-1.0,-0.6240000000000001
0.278,0.1,1.0,0.0,-0.5219999999999997,0.7219999999999994,1.243999999999999,1,3,-0.5219999999999997,0.7219999999999996,1.2439999999999993,-1.0,-0.6219999999999997
0.28,0.1,1.0,0.0,-0.5199999999999999,0.7199999999999999,1.2399999999999998,1,2,-0.5200000000000002,0.7199999999999998,1.24,-1.0,-0.62
0.28200000000000003,0.1,1.0,0.0,-0.518,0.7179999999999992,1.2359999999999993,1,2,-0.5179999999999997,0.7179999999999996,1.2359999999999993,-1.0,-0.6179999999999997
0.28400000000000003,0.1,1.0,0.0,-0.516,0.7159999999999999,1.2319999999999998,1,2,-0.5160000000000002,0.7160000000000001,1.2320000000000002,-1.0,-0.6160000000000001
0.28600000000000003,0.1,1.0,0.0,-0.514,0.7139999999999999,1.2279999999999998,1,2,-0.514,0.7139999999999996,1.2279999999999998,-1.0,-0.6139999999999999
0.28800000000000003,0.1,1.0,0.0,-0.5119999999999999,0.7119999999999993,1.2239999999999993,1,3,-0.5119999999999997,0.712,1.2239999999999998,-1.0,-0.6119999999999999
0.29,0.1,1.0,0.0,-0.5100000000000001,0.7099999999999999,1.22,1,2,-0.5099999999999999,0.7099999999999996,1.2199999999999995,-1.0,-0.6099999999999998
0.292,0.1,1.0,0.0,-0.508,0.7079999999999996,1.2159999999999997,1,3,-0.508,0.7080000000000003,1.2160000000000002,-1.0,-0.6080000000000001
0.294,0.1,1.0,0.0,-0.506,0.7059999999999994,1.2119999999999993,1,3,-0.5059999999999996,0.7059999999999998,1.2119999999999993,-1.0,-0.6059999999999997
0.296,0.1,1.0,0.0,-0.5039999999999997,0.7039999999999995,1.2079999999999993,1,2,-0.5040000000000003,0.704,1.2080000000000002,-1.0,-0.6040000000000001
0.298,0.1,1.0,0.0,-0.5019999999999997,0.702,1.2039999999999997,1,3,-0.5019999999999999,0.702,1.2039999999999997,-1.0,-0.6019999999999999
0.3,0.1,1.0,0.0,-0.5000000000000001,0.6999999999999997,1.1999999999999997,1,2,-0.49999999999999983,0.6999999999999998,1.1999999999999997,-1.0,-0.5999999999999999
0.302,0.1,1.0,0.0,-0.49799999999999967,0.698,1.1959999999999997,1,2,-0.4980000000000001,0.6979999999999998,1.196,-1.0,-0.598
0.304,0.1,1.0,0.0,-0.49599999999999983,0.6959999999999994,1.1919999999999993,1,3,-0.496,0.696,1.192,-1.0,-0.596
0.306,0.1,1.0,0.0,-0.4939999999999995,0.6939999999999997,1.1879999999999993,1,2,-0.49400000000000016,0.6940000000000001,1.1880000000000002,-1.0,-0.5940000000000001
0.308,0.1,1.0,0.0,-0.4919999999999998,0.6919999999999994,1.1839999999999993,1,3,-0.49199999999999966,0.6919999999999998,1.1839999999999995,-1.0,-0.5919999999999997
0.31,0.1,1.0,0.0,-0.48999999999999927,0.6899999999999995,1.1799999999999988,1,3,-0.4900000000000004,0.6900000000000004,1.1800000000000008,-1.0,-0.5900000000000004
0.312,0.1,1.0,0.0,-0.48799999999999993,0.688,1.176,1,3,-0.48800000000000004,0.6880000000000004,1.1760000000000004,-1.0,-0.5880000000000002
0.314,0.1,1.0,0.0,-0.48600000000000004,0.6859999999999999,1.172,1,2,-0.48599999999999977,0.6859999999999999,1.1719999999999997,-1.0,-0.5859999999999999
0.316,0.1,1.0,0.0,-0.48399999999999965,0.6839999999999998,1.1679999999999995,1,3,-0.48399999999999976,0.684,1.1679999999999997,-1.0,-0.5839999999999999
0.318,0.1,1.0,0.0,-0.4819999999999999,0.6819999999999998,1.1639999999999997,1,3,-0.48200000000000004,0.682,1.1640000000000001,-1.0,-0.5820000000000001
0.32,0.1,1.0,0.0,-0.47999999999999976,0.6799999999999996,1.1599999999999993,1,3,-0.47999999999999965,0.6799999999999999,1.1599999999999997,-1.0,-0.5799999999999998
0.322,0.1,1.0,0.0,-0.47799999999999954,0.6779999999999995,1.155999999999999,1,3,-0.4779999999999998,0.678,1.156,-1.0,-0.578
0.324,0.1,1.0,0.0,-0.4759999999999996,0.6759999999999997,1.1519999999999992,1,2,-0.4760000000000001,0.676,1.1520000000000001,-1.0,-0.5760000000000001
0.326,0.1,1.0,0.0,-0.47400000000000003,0.6739999999999994,1.1479999999999995,1,3,-0.47400000000000014,0.6739999999999998,1.148,-1.0,-0.574
0.328,0.1,1.0,0.0,-0.4719999999999998,0.6719999999999997,1.1439999999999995,1,2,-0.4720000000000003,0.6719999999999998,1.1440000000000001,-1.0,-0.5720000000000001
0.33,0.1,1.0,0.0,-0.4699999999999997,0.6699999999999995,1.1399999999999992,1,2,-0.4699999999999998,0.6699999999999999,1.1399999999999997,-1.0,-0.5699999999999998
0.332,0.1,1.0,0.0,-0.4680000000000002,0.6679999999999998,1.1360000000000001,1,3,-0.468,0.6680000000000001,1.1360000000000001,-1.0,-0.5680000000000001
0.334,0.1,1.0,0.0,-0.4659999999999996,0.6659999999999995,1.131999999999999,1,3,-0.46599999999999986,0.6659999999999998,1.1319999999999997,-1.0,-0.5659999999999998
0.336,0.1,1.0,0.0,-0.46399999999999997,0.6639999999999995,1.1279999999999994,1,2,-0.4639999999999997,0.6639999999999998,1.1279999999999994,-1.0,-0.5639999999999997
0.338,0.1,1.0,0.0,-0.46199999999999974,0.6619999999999999,1.1239999999999997,1,3,-0.462,0.6620000000000004,1.1240000000000003,-1.0,-0.5620000000000002
0.34,0.1,1.0,0.0,-0.4599999999999998,0.6599999999999999,1.1199999999999997,1,2,-0.45999999999999985,0.66,1.1199999999999999,-1.0,-0.5599999999999999
0.342,0.1,1.0,0.0,-0.45799999999999974,0.6579999999999997,1.1159999999999994,1,2,-0.4579999999999994,0.6579999999999994,1.1159999999999988,-1.0,-0.5579999999999994
0.34400000000000003,0.1,1.0,0.0,-0.4559999999999998,0.6559999999999999,1.1119999999999997,1,2,-0.45599999999999974,0.6559999999999994,1.1119999999999992,-1.0,-0.5559999999999996
0.34600000000000003,0.1,1.0,0.0,-0.4539999999999999,0.6539999999999998,1.1079999999999997,1,2,-0.4540000000000002,0.6539999999999997,1.1079999999999999,-1.0,-0.5539999999999999
0.34800000000000003,0.1,1.0,0.0,-0.4519999999999998,0.6519999999999997,1.1039999999999994,1,2,-0.4519999999999998,0.6519999999999999,1.1039999999999996,-1.0,-0.5519999999999998
0.35000000000000003,0.1,1.0,0.0,-0.45,0.6499999999999999,1.0999999999999999,1,3,-0.45000000000000007,0.6499999999999999,1.1,-1.0,-0.55
0.352,0.1,1.0,0.0,-0.44799999999999984,0.6479999999999997,1.0959999999999996,1,2,-0.4479999999999999,0.648,1.0959999999999999,-1.0,-0.5479999999999999
0.354,0.1,1.0,0.0,-0.4459999999999995,0.6459999999999996,1.0919999999999992,1,2,-0.4460000000000002,0.6459999999999999,1.092,-1.0,-0.546
0.356,0.1,1.0,0.0,-0.4439999999999995,0.6439999999999997,1.0879999999999992,1,2,-0.44400000000000045,0.6439999999999999,1.0880000000000003,-1.0,-0.5440000000000002
0.358,0.1,1.0,0.0,-0.44199999999999967,0.6419999999999998,1.0839999999999994,1,2,-0.44200000000000045,0.6419999999999999,1.0840000000000003,-1.0,-0.5420000000000001
0.36,0.1,1.0,0.0,-0.4399999999999995,0.6399999999999998,1.0799999999999992,1,3,-0.4400000000000001,0.6400000000000005,1.0800000000000005,-1.0,-0.5400000000000003
0.362,0.1,1.0,0.0,-0.43799999999999994,0.6379999999999999,1.0759999999999998,1,3,-0.438,0.6380000000000001,1.076,-1.0,-0.538
0.364,0.1,1.0,0.0,-0.43599999999999994,0.6359999999999996,1.0719999999999996,1,2,-0.4360000000000002,0.636,1.0720000000000003,-1.0,-0.5360000000000001
0.366,0.1,1.0,0.0,-0.4339999999999999,0.6339999999999998,1.0679999999999996,1,3,-0.4340000000000001,0.6340000000000006,1.0680000000000007,-1.0,-0.5340000000000004
0.368,0.1,1.0,0.0,-0.43199999999999983,0.6319999999999995,1.0639999999999992,1,3,-0.43200000000000005,0.6320000000000001,1.064,-1.0,-0.532
0.37,0.1,1.0,0.0,-0.4299999999999998,0.6299999999999998,1.0599999999999996,1,2,-0.42999999999999994,0.6299999999999997,1.0599999999999996,-1.0,-0.5299999999999998
0.372,0.1,1.0,0.0,-0.42799999999999994,0.6279999999999993,1.0559999999999992,1,3,-0.4280000000000001,0.6280000000000003,1.0560000000000005,-1.0,-0.5280000000000002
0.374,0.1,1.0,0.0,-0.42599999999999993,0.626,1.052,1,3,-0.4260000000000002,0.6260000000000003,1.0520000000000005,-1.0,-0.5260000000000002
0.376,0.1,1.0,0.0,-0.424,0.6239999999999997,1.0479999999999996,1,3,-0.4240000000000001,0.624,1.048,-1.0,-0.524
0.378,0.1,1.0,0.0,-0.422,0.6219999999999994,1.0439999999999994,1,2,-0.4220000000000002,0.6220000000000002,1.0440000000000005,-1.0,-0.5220000000000002
0.38,0.1,1.0,0.0,-0.4199999999999999,0.6199999999999999,1.0399999999999998,1,2,-0.41999999999999993,0.62,1.04,-1.0,-0.52
0.382,0.1,1.0,0.0,-0.4179999999999999,0.6179999999999994,1.0359999999999994,1,2,-0.4180000000000003,0.6179999999999999,1.0360000000000003,-1.0,-0.5180000000000001
0.384,0.1,1.0,0.0,-0.4160000000000001,0.616,1.032,1,2,-0.4160000000000002,0.616,1.0320000000000003,-1.0,-0.5160000000000001
0.386,0.1,1.0,0.0,-0.41399999999999976,0.6139999999999997,1.0279999999999994,1,3,-0.4140000000000001,0.6140000000000005,1.0280000000000007,-1.0,-0.5140000000000003
0.388,0.1,1.0,0.0,-0.4120000000000001,0.6119999999999995,1.0239999999999996,1,3,-0.41200000000000014,0.612,1.024,-1.0,-0.512
0.39,0.1,1.0,0.0,-0.4099999999999995,0.6099999999999998,1.0199999999999991,1,3,-0.40999999999999986,0.6100000000000003,1.0200000000000002,-1.0,-0.5100000000000001
0.392,0.1,1.0,0.0,-0.40799999999999964,0.6079999999999999,1.0159999999999996,1,3,-0.40800000000000014,0.6080000000000001,1.0160000000000002,-1.0,-0.5080000000000001
0.394,0.1,1.0,0.0,-0.4059999999999999,0.6059999999999997,1.0119999999999996,1,2,-0.4060000000000002,0.6060000000000002,1.0120000000000005,-1.0,-0.5060000000000002
0.396,0.1,1.0,0.0,-0.40399999999999975,0.6039999999999998,1.0079999999999996,1,3,-0.4039999999999997,0.6040000000000001,1.0079999999999998,-1.0,-0.5039999999999999
0.398,0.1,1.0,0.0,-0.4019999999999998,0.6019999999999998,1.0039999999999996,1,2,-0.40199999999999997,0.6020000000000001,1.004,-1.0,-0.502
0.4,0.1,1.0,0.0,-0.3999999999999999,0.5999999999999995,0.9999999999999994,1,2,-0.4000000000000002,0.5999999999999999,1.0,-1.0,-0.5
0.402,0.1,1.0,0.0,-0.3979999999999999,0.598,0.9959999999999999,1,2,-0.39800000000000013,0.598,0.9960000000000001,-1.0,-0.49800000000000005
0.404,0.1,1.0,0.0,-0.3959999999999998,0.5959999999999998,0.9919999999999995,1,3,-0.39599999999999985,0.596,0.9919999999999998,-1.0,-0.4959999999999999
0.406,0.1,1.0,0.0,-0.3939999999999999,0.5939999999999999,0.9879999999999998,1,3,-0.3939999999999998,0.5940000000000001,0.9879999999999999,-1.0,-0.49399999999999994
0.40800000000000003,0.1,1.0,0.0,-0.3919999999999999,0.5919999999999996,0.9839999999999995,1,2,-0.39200000000000024,0.592,0.9840000000000002,-1.0,-0.4920000000000001
0.41000000000000003,0.1,1.0,0.0,-0.39,0.5899999999999999,0.9799999999999999,1,3,-0.39000000000000007,0.5900000000000002,0.9800000000000002,-1.0,-0.4900000000000001
0.41200000000000003,0.1,1.0,0.0,-0.3880000000000003,0.5879999999999999,0.9760000000000002,1,2,-0.3879999999999998,0.588,0.9759999999999998,-1.0,-0.4879999999999999
0.41400000000000003,0.1,1.0,0.0,-0.3859999999999996,0.5859999999999997,0.9719999999999993,1,2,-0.3860000000000001,0.5859999999999999,0.972,-1.0,-0.486
0.41600000000000004,0.1,1.0,0.0,-0.384,0.5839999999999999,0.9679999999999999,1,3,-0.38400000000000023,0.5840000000000002,0.9680000000000004,-1.0,-0.4840000000000002
0.418,0.1,1.0,0.0,-0.38199999999999984,0.5819999999999993,0.9639999999999991,1,3,-0.3820000000000002,0.5820000000000001,0.9640000000000002,-1.0,-0.4820000000000001
0.42,0.1,1.0,0.0,-0.38,0.5799999999999998,0.9599999999999999,1,2,-0.3800000000000002,0.5800000000000001,0.9600000000000003,-1.0,-0.48000000000000015
0.422,0.1,1.0,0.0,-0.378,0.5779999999999998,0.9559999999999998,1,2,-0.3780000000000001,0.578,0.9560000000000001,-1.0,-0.47800000000000004
0.424,0.1,1.0,0.0,-0.3760000000000002,0.5759999999999998,0.9520000000000001,1,3,-0.3759999999999999,0.576,0.9519999999999998,-1.0,-0.4759999999999999
0.426,0.1,1.0,0.0,-0.3739999999999999,0.5739999999999997,0.9479999999999996,1,2,-0.37400000000000033,0.5740000000000001,0.9480000000000004,-1.0,-0.4740000000000002
0.428,0.1,1.0,0.0,-0.3719999999999999,0.572,0.9439999999999998,1,3,-0.37200000000000016,0.5720000000000004,0.9440000000000006,-1.0,-0.4720000000000003
0.43,0.1,1.0,0.0,-0.36999999999999966,0.5699999999999998,0.9399999999999995,1,2,-0.3700000000000006,0.57,0.9400000000000006,-1.0,-0.4700000000000003
0.432,0.1,1.0,0.0,-0.3679999999999998,0.5679999999999997,0.9359999999999995,1,2,-0.36800000000000016,0.5679999999999998,0.9359999999999999,-1.0,-0.46799999999999997
0.434,0.1,1.0,0.0,-0.3659999999999999,0.5659999999999998,0.9319999999999997,1,2,-0.3659999999999999,0.5659999999999996,0.9319999999999995,-1.0,-0.46599999999999975
0.436,0.1,1.0,0.0,-0.3639999999999999,0.5639999999999998,0.9279999999999997,1,2,-0.3639999999999998,0.564,0.9279999999999997,-1.0,-0.46399999999999986
0.438,0.1,1.0,0.0,-0.36200000000000004,0.562,0.9240000000000002,1,3,-0.36200000000000043,0.5620000000000003,0.9240000000000007,-1.0,-0.46200000000000035
0.44,0.1,1.0,0.0,-0.3599999999999999,0.5599999999999996,0.9199999999999995,1,3,-0.3599999999999999,0.5600000000000003,0.9200000000000002,-1.0,-0.4600000000000001
0.442,0.1,1.0,0.0,-0.35800000000000004,0.5579999999999995,0.9159999999999995,1,3,-0.35800000000000004,0.5579999999999999,0.9159999999999999,-1.0,-0.45799999999999996
0.444,0.1,1.0,0.0,-0.3559999999999998,0.5559999999999999,0.9119999999999997,1,3,-0.3559999999999998,0.5560000000000002,0.9119999999999999,-1.0,-0.45599999999999996
0.446,0.1,1.0,0.0,-0.354,0.5539999999999999,0.9079999999999999,1,3,-0.3540000000000004,0.5540000000000002,0.9080000000000006,-1.0,-0.4540000000000003
0.448,0.1,1.0,0.0,-0.35199999999999987,0.5519999999999996,0.9039999999999995,1,3,-0.3520000000000004,0.5520000000000002,0.9040000000000006,-1.0,-0.4520000000000003
0.45,0.1,1.0,0.0,-0.3499999999999996,0.5499999999999999,0.8999999999999995,1,2,-0.3500000000000003,0.55,0.9000000000000004,-1.0,-0.4500000000000002
0.452,0.1,1.0,0.0,-0.34800000000000003,0.5479999999999998,0.8959999999999999,1,3,-0.34800000000000025,0.5480000000000004,0.8960000000000006,-1.0,-0.4480000000000003
0.454,0.1,1.0,0.0,-0.34599999999999986,0.5459999999999999,0.8919999999999998,1,3,-0.3460000000000005,0.5460000000000003,0.8920000000000008,-1.0,-0.4460000000000004
0.456,0.1,1.0,0.0,-0.344,0.5439999999999999,0.8879999999999999,1,3,-0.3440000000000004,0.5440000000000003,0.8880000000000007,-1.0,-0.44400000000000034
0.458,0.1,1.0,0.0,-0.3420000000000001,0.5419999999999999,0.884,1,3,-0.34200000000000014,0.5420000000000005,0.8840000000000006,-1.0,-0.4420000000000003
0.46,0.1,1.0,0.0,-0.33999999999999986,0.5399999999999998,0.8799999999999997,1,2,-0.3399999999999999,0.5399999999999995,0.8799999999999994,-1.0,-0.4399999999999997
0.462,0.1,1.0,0.0,-0.3380000000000001,0.5379999999999998,0.8759999999999999,1,2,-0.3380000000000001,0.5379999999999999,0.876,-1.0,-0.438
0.464,0.1,1.0,0.0,-0.33599999999999985,0.5359999999999997,0.8719999999999996,1,2,-0.33599999999999997,0.5359999999999998,0.8719999999999998,-1.0,-0.4359999999999999
0.466,0.1,1.0,0.0,-0.33399999999999996,0.5339999999999995,0.8679999999999994,1,3,-0.3339999999999999,0.5340000000000003,0.8680000000000001,-1.0,-0.43400000000000005
0.468,0.1,1.0,0.0,-0.3320000000000001,0.5319999999999999,0.864,1,2,-0.33199999999999974,0.5319999999999997,0.8639999999999994,-1.0,-0.4319999999999997
0.47000000000000003,0.1,1.0,0.0,-0.32999999999999985,0.5299999999999998,0.8599999999999997,1,2,-0.3300000000000005,0.5300000000000001,0.8600000000000007,-1.0,-0.4300000000000003
0.47200000000000003,0.1,1.0,0.0,-0.3279999999999998,0.5279999999999999,0.8559999999999997,1,3,-0.3280000000000001,0.5280000000000005,0.8560000000000005,-1.0,-0.42800000000000027
0.47400000000000003,0.1,1.0,0.0,-0.3259999999999999,0.5259999999999999,0.8519999999999999,1,2,-0.3260000000000002,0.526,0.8520000000000002,-1.0,-0.4260000000000001
0.47600000000000003,0.1,1.0,0.0,-0.3240000000000001,0.524,0.8480000000000001,1,2,-0.3240000000000004,0.524,0.8480000000000004,-1.0,-0.4240000000000002
0.47800000000000004,0.1,1.0,0.0,-0.3219999999999999,0.5219999999999999,0.8439999999999999,1,2,-0.32200000000000006,0.522,0.8440000000000001,-1.0,-0.42200000000000004
0.48,0.1,1.0,0.0,-0.3199999999999999,0.5199999999999999,0.8399999999999999,1,3,-0.31999999999999995,0.5200000000000001,0.8400000000000001,-1.0,-0.42000000000000004
0.482,0.1,1.0,0.0,-0.31799999999999984,0.518,0.8359999999999999,1,3,-0.318,0.5180000000000001,0.8360000000000001,-1.0,-0.41800000000000004
0.484,0.1,1.0,0.0,-0.3159999999999999,0.5159999999999996,0.8319999999999994,1,2,-0.3159999999999996,0.5159999999999998,0.8319999999999994,-1.0,-0.4159999999999997
0.486,0.1,1.0,0.0,-0.3139999999999999,0.5139999999999999,0.8279999999999998,1,3,-0.3140000000000001,0.5140000000000001,0.8280000000000003,-1.0,-0.41400000000000015
0.488,0.1,1.0,0.0,-0.3119999999999999,0.5119999999999999,0.8239999999999998,1,2,-0.3120000000000003,0.5120000000000001,0.8240000000000004,-1.0,-0.4120000000000002
0.49,0.1,1.0,0.0,-0.3099999999999998,0.5099999999999999,0.8199999999999996,1,3,-0.31,0.51,0.8200000000000001,-1.0,-0.41000000000000003
0.492,0.1,1.0,0.0,-0.3079999999999997,0.5079999999999997,0.8159999999999994,1,2,-0.3079999999999997,0.5079999999999998,0.8159999999999995,-1.0,-0.40799999999999975
0.494,0.1,1.0,0.0,-0.306,0.5059999999999999,0.8119999999999998,1,3,-0.3059999999999998,0.5060000000000002,0.812,-1.0,-0.406
0.496,0.1,1.0,0.0,-0.30399999999999994,0.504,0.8079999999999999,1,3,-0.30399999999999977,0.504,0.8079999999999998,-1.0,-0.4039999999999999
0.498,0.1,1.0,0.0,-0.30199999999999977,0.5019999999999997,0.8039999999999994,1,3,-0.3020000000000002,0.502,0.8040000000000003,-1.0,-0.40200000000000014
0.5,0.1,1.0,0.0,-0.2999999999999999,0.49999999999999994,0.7999999999999998,1,2,-0.3000000000000001,0.5000000000000001,0.8000000000000003,-1.0,-0.40000000000000013
0.502,0.1,1.0,0.0,-0.2979999999999998,0.49799999999999967,0.7959999999999995,1,3,-0.29800000000000026,0.4980000000000003,0.7960000000000005,-1.0,-0.39800000000000024
0.504,0.1,1.0,0.0,-0.296,0.49599999999999966,0.7919999999999996,1,2,-0.2960000000000001,0.49599999999999994,0.792,-1.0,-0.396
0.506,0.1,1.0,0.0,-0.29399999999999993,0.4939999999999998,0.7879999999999997,1,2,-0.2939999999999997,0.49400000000000005,0.7879999999999998,-1.0,-0.3939999999999999
0.508,0.1,1.0,0.0,-0.2919999999999999,0.49199999999999994,0.7839999999999998,1,2,-0.29200000000000026,0.4920000000000001,0.7840000000000004,-1.0,-0.3920000000000002
0.51,0.1,1.0,0.0,-0.29000000000000004,0.4899999999999999,0.7799999999999999,1,2,-0.29000000000000004,0.48999999999999977,0.7799999999999998,-1.0,-0.3899999999999999
0.512,0.1,1.0,0.0,-0.2879999999999997,0.48799999999999966,0.7759999999999994,1,3,-0.28799999999999976,0.48800000000000004,0.7759999999999998,-1.0,-0.3879999999999999
0.514,0.1,1.0,0.0,-0.28600000000000014,0.486,0.7720000000000001,1,3,-0.2859999999999999,0.486,0.7719999999999999,-1.0,-0.38599999999999995
0.516,0.1,1.0,0.0,-0.28399999999999986,0.4839999999999999,0.7679999999999998,1,2,-0.2839999999999998,0.48399999999999993,0.7679999999999998,-1.0,-0.3839999999999999
0.518,0.1,1.0,0.0,-0.2819999999999998,0.48199999999999993,0.7639999999999998,1,3,-0.282,0.48200000000000015,0.7640000000000001,-1.0,-0.38200000000000006
0.52,0.1,1.0,0.0,-0.27999999999999986,0.48,0.7599999999999998,1,3,-0.28000000000000014,0.48,0.7600000000000001,-1.0,-0.38000000000000006
0.522,0.1,1.0,0.0,-0.2779999999999998,0.47799999999999987,0.7559999999999997,1,2,-0.2780000000000001,0.47799999999999987,0.756,-1.0,-0.378
0.524,0.1,1.0,0.0,-0.27599999999999986,0.47599999999999987,0.7519999999999998,1,3,-0.27599999999999986,0.47600000000000003,0.7519999999999999,-1.0,-0.37599999999999995
0.526,0.1,1.0,0.0,-0.27399999999999974,0.4739999999999999,0.7479999999999997,1,2,-0.274,0.474,0.748,-1.0,-0.374
0.528,0.1,1.0,0.0,-0.27199999999999996,0.47199999999999986,0.7439999999999998,1,3,-0.2720000000000001,0.47200000000000003,0.7440000000000001,-1.0,-0.37200000000000005
0.53,0.1,1.0,0.0,-0.2699999999999997,0.46999999999999975,0.7399999999999994,1,2,-0.26999999999999996,0.46999999999999964,0.7399999999999995,-1.0,-0.3699999999999998
0.532,0.1,1.0,0.0,-0.26799999999999974,0.46799999999999975,0.7359999999999995,1,3,-0.26799999999999996,0.4679999999999999,0.7359999999999999,-1.0,-0.36799999999999994
0.534,0.1,1.0,0.0,-0.266,0.46599999999999986,0.7319999999999999,1,2,-0.2659999999999997,0.46599999999999986,0.7319999999999995,-1.0,-0.36599999999999977
0.536,0.1,1.0,0.0,-0.2639999999999999,0.4639999999999997,0.7279999999999995,1,2,-0.26399999999999996,0.46399999999999997,0.728,-1.0,-0.364
0.538,0.1,1.0,0.0,-0.26199999999999996,0.46199999999999974,0.7239999999999998,1,3,-0.26199999999999996,0.4620000000000001,0.724,-1.0,-0.362
0.54,0.1,1.0,0.0,-0.26,0.45999999999999974,0.7199999999999998,1,3,-0.2599999999999999,0.45999999999999996,0.7199999999999999,-1.0,-0.35999999999999993
0.542,0.1,1.0,0.0,-0.25800000000000006,0.458,0.7160000000000001,1,2,-0.2579999999999999,0.45799999999999985,0.7159999999999997,-1.0,-0.3579999999999999
0.544,0.1,1.0,0.0,-0.256,0.4559999999999995,0.7119999999999995,1,2,-0.25599999999999973,0.45599999999999996,0.7119999999999997,-1.0,-0.35599999999999987
0.546,0.1,1.0,0.0,-0.2539999999999998,0.45399999999999974,0.7079999999999995,1,3,-0.254,0.4540000000000001,0.7080000000000002,-1.0,-0.3540000000000001
0.548,0.1,1.0,0.0,-0.25199999999999967,0.4519999999999999,0.7039999999999995,1,3,-0.25199999999999995,0.45199999999999996,0.704,-1.0,-0.352
0.55,0.1,1.0,0.0,-0.2500000000000001,0.4499999999999999,0.7,1,2,-0.2499999999999997,0.44999999999999996,0.6999999999999996,-1.0,-0.3499999999999998
0.552,0.1,1.0,0.0,-0.24799999999999986,0.4479999999999996,0.6959999999999995,1,2,-0.24799999999999991,0.4479999999999999,0.6959999999999998,-1.0,-0.3479999999999999
0.554,0.1,1.0,0.0,-0.24599999999999994,0.4459999999999998,0.6919999999999997,1,3,-0.246,0.446,0.692,-1.0,-0.346
0.556,0.1,1.0,0.0,-0.2439999999999999,0.4439999999999998,0.6879999999999997,1,3,-0.24399999999999988,0.4440000000000001,0.688,-1.0,-0.344
0.558,0.1,1.0,0.0,-0.242,0.4419999999999997,0.6839999999999997,1,3,-0.2419999999999998,0.4420000000000001,0.6839999999999999,-1.0,-0.34199999999999997
0.56,0.1,1.0,0.0,-0.24,0.4399999999999998,0.6799999999999997,1,3,-0.2399999999999999,0.44,0.6799999999999999,-1.0,-0.33999999999999997
0.562,0.1,1.0,0.0,-0.2379999999999999,0.4379999999999996,0.6759999999999995,1,3,-0.2380000000000001,0.4380000000000003,0.6760000000000004,-1.0,-0.3380000000000002
0.5640000000000001,0.1,1.0,0.0,-0.2359999999999997,0.43599999999999944,0.6719999999999992,1,3,-0.2359999999999999,0.43600000000000033,0.6720000000000003,-1.0,-0.33600000000000013
0.5660000000000001,0.1,1.0,0.0,-0.23399999999999999,0.4339999999999996,0.6679999999999996,1,2,-0.23399999999999985,0.43399999999999983,0.6679999999999997,-1.0,-0.33399999999999985
0.5680000000000001,0.1,1.0,0.0,-0.2319999999999996,0.43199999999999966,0.6639999999999993,1,3,-0.2319999999999999,0.43200000000000016,0.664,-1.0,-0.332
0.5700000000000001,0.1,1.0,0.0,-0.22999999999999987,0.42999999999999977,0.6599999999999997,1,2,-0.22999999999999998,0.4299999999999998,0.6599999999999998,-1.0,-0.3299999999999999
0.5720000000000001,0.1,1.0,0.0,-0.22799999999999998,0.4279999999999998,0.6559999999999998,1,3,-0.22799999999999987,0.428,0.6559999999999999,-1.0,-0.32799999999999996
0.5740000000000001,0.1,1.0,0.0,-0.22599999999999956,0.4259999999999995,0.651999999999999,1,2,-0.22599999999999976,0.4259999999999997,0.6519999999999995,-1.0,-0.32599999999999973
0.5760000000000001,0.1,1.0,0.0,-0.224,0.4239999999999997,0.6479999999999997,1,3,-0.2239999999999999,0.42400000000000004,0.6479999999999999,-1.0,-0.32399999999999995
0.578,0.1,1.0,0.0,-0.22199999999999986,0.422,0.6439999999999999,1,3,-0.22200000000000011,0.4220000000000004,0.6440000000000005,-1.0,-0.32200000000000023
0.58,0.1,1.0,0.0,-0.21999999999999983,0.4199999999999996,0.6399999999999995,1,3,-0.22,0.42000000000000015,0.6400000000000001,-1.0,-0.32000000000000006
0.582,0.1,1.0,0.0,-0.21799999999999992,0.4179999999999999,0.6359999999999999,1,2,-0.21799999999999997,0.418,0.6359999999999999,-1.0,-0.31799999999999995
0.584,0.1,1.0,0.0,-0.2159999999999998,0.416,0.6319999999999998,1,3,-0.21599999999999991,0.416,0.6319999999999999,-1.0,-0.31599999999999995
0.586,0.1,1.0,0.0,-0.21399999999999997,0.414,0.6279999999999999,1,2,-0.21400000000000002,0.4139999999999999,0.6279999999999999,-1.0,-0.31399999999999995
0.588,0.1,1.0,0.0,-0.2119999999999999,0.4119999999999999,0.6239999999999999,1,2,-0.21199999999999994,0.41200000000000003,0.624,-1.0,-0.312
0.59,0.1,1.0,0.0,-0.20999999999999994,0.41,0.6199999999999999,1,2,-0.20999999999999996,0.41000000000000003,0.62,-1.0,-0.31
0.592,0.1,1.0,0.0,-0.2080000000000001,0.408,0.6160000000000001,1,2,-0.20800000000000005,0.40800000000000014,0.6160000000000002,-1.0,-0.3080000000000001
0.594,0.1,1.0,0.0,-0.20599999999999993,0.406,0.612,1,3,-0.20599999999999982,0.406,0.6119999999999999,-1.0,-0.30599999999999994
0.596,0.1,1.0,0.0,-0.2039999999999999,0.40399999999999947,0.6079999999999994,1,3,-0.20399999999999996,0.40400000000000014,0.6080000000000001,-1.0,-0.30400000000000005
0.598,0.1,1.0,0.0,-0.20199999999999996,0.402,0.604,1,3,-0.20199999999999993,0.402,0.604,-1.0,-0.302
0.6,0.1,1.0,0.0,-0.20000000000000004,0.3999999999999999,0.6,1,2,-0.2000000000000001,0.3999999999999998,0.5999999999999999,-1.0,-0.29999999999999993
0.602,0.1,1.0,0.0,-0.19800000000000006,0.3980000000000001,0.5960000000000001,1,3,-0.1979999999999999,0.3980000000000001,0.596,-1.0,-0.298
0.604,0.1,1.0,0.0,-0.196,0.39599999999999985,0.5919999999999999,1,3,-0.19600000000000004,0.396,0.5920000000000001,-1.0,-0.29600000000000004
0.606,0.1,1.0,0.0,-0.19399999999999987,0.39399999999999985,0.5879999999999997,1,3,-0.19400000000000026,0.39400000000000024,0.5880000000000005,-1.0,-0.29400000000000026
0.608,0.1,1.0,0.0,-0.19199999999999973,0.39199999999999996,0.5839999999999996,1,2,-0.1919999999999999,0.3919999999999999,0.5839999999999999,-1.0,-0.2919999999999999
0.61,0.1,1.0,0.0,-0.19000000000000006,0.3899999999999998,0.5799999999999998,1,2,-0.1899999999999998,0.3899999999999998,0.5799999999999996,-1.0,-0.2899999999999998
0.612,0.1,1.0,0.0,-0.1879999999999999,0.3879999999999998,0.5759999999999996,1,2,-0.18799999999999992,0.3879999999999999,0.5759999999999998,-1.0,-0.2879999999999999
0.614,0.1,1.0,0.0,-0.18600000000000005,0.3859999999999998,0.5719999999999998,1,3,-0.18600000000000033,0.38600000000000023,0.5720000000000005,-1.0,-0.28600000000000025
0.616,0.1,1.0,0.0,-0.18400000000000005,0.38399999999999973,0.5679999999999998,1,3,-0.1839999999999997,0.384,0.5679999999999997,-1.0,-0.28399999999999986
0.618,0.1,1.0,0.0,-0.18199999999999997,0.3819999999999997,0.5639999999999996,1,2,-0.182,0.3819999999999998,0.5639999999999998,-1.0,-0.2819999999999999
0.62,0.1,1.0,0.0,-0.17999999999999994,0.38,0.5599999999999999,1,3,-0.17999999999999994,0.38,0.5599999999999999,-1.0,-0.27999999999999997
0.622,0.1,1.0,0.0,-0.17800000000000016,0.3779999999999998,0.5559999999999999,1,2,-0.17799999999999988,0.3779999999999999,0.5559999999999998,-1.0,-0.2779999999999999
0.624,0.1,1.0,0.0,-0.1759999999999999,0.376,0.5519999999999999,1,3,-0.17599999999999982,0.37600000000000006,0.5519999999999998,-1.0,-0.2759999999999999
0.626,0.1,1.0,0.0,-0.17399999999999996,0.3739999999999997,0.5479999999999997,1,3,-0.17400000000000013,0.374,0.5480000000000002,-1.0,-0.2740000000000001
0.628,0.1,1.0,0.0,-0.172,0.37199999999999994,0.5439999999999999,1,3,-0.1720000000000001,0.3720000000000001,0.5440000000000003,-1.0,-0.27200000000000013
0.63,0.1,1.0,0.0,-0.16999999999999985,0.36999999999999994,0.5399999999999998,1,3,-0.16999999999999985,0.36999999999999994,0.5399999999999998,-1.0,-0.2699999999999999
0.632,0.1,1.0,0.0,-0.16799999999999998,0.36799999999999994,0.5359999999999999,1,3,-0.16800000000000004,0.3679999999999998,0.5359999999999998,-1.0,-0.2679999999999999
0.634,0.1,1.0,0.0,-0.16599999999999998,0.36599999999999955,0.5319999999999996,1,3,-0.16600000000000004,0.36600000000000005,0.532,-1.0,-0.266
0.636,0.1,1.0,0.0,-0.1639999999999998,0.36399999999999993,0.5279999999999998,1,3,-0.16399999999999984,0.36400000000000005,0.5279999999999999,-1.0,-0.26399999999999996
0.638,0.1,1.0,0.0,-0.16199999999999992,0.3619999999999999,0.5239999999999998,1,2,-0.16200000000000003,0.3619999999999998,0.5239999999999998,-1.0,-0.2619999999999999
0.64,0.1,1.0,0.0,-0.15999999999999986,0.36,0.5199999999999998,1,3,-0.15999999999999998,0.3600000000000001,0.52,-1.0,-0.26
0.642,0.1,1.0,0.0,-0.158,0.35799999999999954,0.5159999999999996,1,3,-0.15799999999999997,0.35799999999999993,0.5159999999999999,-1.0,-0.25799999999999995
0.644,0.1,1.0,0.0,-0.15600000000000003,0.356,0.512,1,3,-0.156,0.35600000000000004,0.512,-1.0,-0.256
0.646,0.1,1.0,0.0,-0.15399999999999978,0.35399999999999965,0.5079999999999995,1,3,-0.1540000000000001,0.35400000000000004,0.5080000000000001,-1.0,-0.25400000000000006
0.648,0.1,1.0,0.0,-0.1519999999999999,0.3519999999999999,0.5039999999999998,1,2,-0.15199999999999997,0.35200000000000004,0.504,-1.0,-0.252
0.65,0.1,1.0,0.0,-0.14999999999999972,0.34999999999999987,0.49999999999999956,1,2,-0.15000000000000013,0.35,0.5000000000000001,-1.0,-0.25000000000000006
0.652,0.1,1.0,0.0,-0.148,0.34799999999999986,0.4959999999999999,1,2,-0.148,0.34799999999999986,0.4959999999999999,-1.0,-0.24799999999999994
0.654,0.1,1.0,0.0,-0.1459999999999999,0.3459999999999998,0.4919999999999997,1,2,-0.14599999999999985,0.34599999999999975,0.4919999999999996,-1.0,-0.2459999999999998
0.656,0.1,1.0,0.0,-0.1439999999999998,0.3439999999999999,0.4879999999999997,1,3,-0.1439999999999998,0.3440000000000001,0.4879999999999999,-1.0,-0.24399999999999994
0.658,0.1,1.0,0.0,-0.14199999999999985,0.34199999999999997,0.4839999999999998,1,3,-0.14199999999999996,0.3419999999999999,0.4839999999999999,-1.0,-0.24199999999999994
0.66,0.1,1.0,0.0,-0.1399999999999999,0.33999999999999986,0.47999999999999976,1,3,-0.14000000000000004,0.33999999999999997,0.48,-1.0,-0.24
0.662,0.1,1.0,0.0,-0.13799999999999993,0.33799999999999975,0.47599999999999965,1,3,-0.13800000000000004,0.338,0.4760000000000001,-1.0,-0.23800000000000004
0.664,0.1,1.0,0.0,-0.13599999999999984,0.3359999999999998,0.47199999999999964,1,2,-0.13599999999999993,0.33599999999999974,0.47199999999999964,-1.0,-0.23599999999999982
0.666,0.1,1.0,0.0,-0.13399999999999995,0.33399999999999974,0.4679999999999997,1,3,-0.13400000000000004,0.334,0.4680000000000001,-1.0,-0.23400000000000004
0.668,0.1,1.0,0.0,-0.13199999999999978,0.3319999999999996,0.46399999999999936,1,2,-0.13199999999999998,0.33199999999999996,0.46399999999999997,-1.0,-0.23199999999999998
0.67,0.1,1.0,0.0,-0.12999999999999995,0.32999999999999996,0.4599999999999999,1,2,-0.13000000000000006,0.32999999999999996,0.46,-1.0,-0.23
0.672,0.1,1.0,0.0,-0.12800000000000006,0.3279999999999999,0.45599999999999996,1,3,-0.12799999999999973,0.32800000000000007,0.4559999999999998,-1.0,-0.2279999999999999
0.674,0.1,1.0,0.0,-0.12599999999999975,0.32599999999999973,0.4519999999999995,1,2,-0.12599999999999986,0.32599999999999973,0.4519999999999996,-1.0,-0.2259999999999998
0.676,0.1,1.0,0.0,-0.12399999999999982,0.3239999999999999,0.44799999999999973,1,2,-0.12400000000000008,0.324,0.44800000000000006,-1.0,-0.22400000000000003
0.678,0.1,1.0,0.0,-0.12199999999999982,0.3219999999999999,0.44399999999999973,1,2,-0.12200000000000011,0.3219999999999999,0.444,-1.0,-0.222
0.68,0.1,1.0,0.0,-0.11999999999999987,0.31999999999999984,0.4399999999999997,1,3,-0.1199999999999998,0.3200000000000001,0.43999999999999995,-1.0,-0.21999999999999997
0.682,0.1,1.0,0.0,-0.11799999999999979,0.31799999999999984,0.4359999999999996,1,3,-0.11799999999999991,0.31799999999999995,0.43599999999999983,-1.0,-0.21799999999999992
0.684,0.1,1.0,0.0,-0.11599999999999983,0.3159999999999999,0.4319999999999997,1,3,-0.11599999999999988,0.316,0.4319999999999999,-1.0,-0.21599999999999994
0.686,0.1,1.0,0.0,-0.11399999999999968,0.31399999999999983,0.4279999999999995,1,3,-0.1139999999999998,0.31399999999999995,0.4279999999999997,-1.0,-0.21399999999999986
0.6880000000000001,0.1,1.0,0.0,-0.11199999999999978,0.3119999999999999,0.42399999999999965,1,3,-0.11199999999999984,0.31199999999999994,0.42399999999999977,-1.0,-0.21199999999999988
0.6900000000000001,0.1,1.0,0.0,-0.10999999999999996,0.3099999999999997,0.4199999999999997,1,2,-0.10999999999999983,0.30999999999999983,0.41999999999999965,-1.0,-0.20999999999999983
0.6920000000000001,0.1,1.0,0.0,-0.10799999999999986,0.30799999999999983,0.4159999999999997,1,2,-0.10800000000000003,0.3079999999999999,0.4159999999999999,-1.0,-0.20799999999999996
0.6940000000000001,0.1,1.0,0.0,-0.10599999999999979,0.30599999999999966,0.4119999999999995,1,3,-0.10599999999999994,0.30600000000000005,0.412,-1.0,-0.206
0.6960000000000001,0.1,1.0,0.0,-0.10399999999999987,0.3039999999999997,0.4079999999999996,1,2,-0.1039999999999997,0.3039999999999998,0.40799999999999953,-1.0,-0.20399999999999976
0.6980000000000001,0.1,1.0,0.0,-0.10199999999999981,0.3019999999999999,0.4039999999999997,1,3,-0.102,0.3020000000000003,0.4040000000000003,-1.0,-0.20200000000000015
0.7000000000000001,0.1,1.0,0.0,-0.09999999999999999,0.29999999999999993,0.3999999999999999,1,3,-0.09999999999999992,0.3,0.3999999999999999,-1.0,-0.19999999999999996
0.7020000000000001,0.1,1.0,0.0,-0.09799999999999981,0.29799999999999965,0.39599999999999946,1,2,-0.09799999999999996,0.2979999999999997,0.3959999999999997,-1.0,-0.19799999999999984
0.704,0.1,1.0,0.0,-0.09599999999999992,0.29599999999999993,0.39199999999999985,1,3,-0.09599999999999999,0.2960000000000001,0.39200000000000007,-1.0,-0.19600000000000004
0.706,0.1,1.0,0.0,-0.09399999999999999,0.2939999999999999,0.38799999999999985,1,3,-0.09400000000000015,0.29400000000000015,0.3880000000000003,-1.0,-0.19400000000000014
0.708,0.1,1.0,0.0,-0.09200000000000005,0.292,0.384,1,3,-0.09200000000000004,0.29200000000000004,0.38400000000000006,-1.0,-0.19200000000000003
0.71,0.1,1.0,0.0,-0.09,0.29,0.38,1,2,-0.09000000000000002,0.29,0.38,-1.0,-0.19
0.712,0.1,1.0,0.0,-0.08799999999999983,0.28800000000000003,0.3759999999999999,1,3,-0.08799999999999993,0.28800000000000014,0.37600000000000006,-1.0,-0.18800000000000003
0.714,0.1,1.0,0.0,-0.08599999999999995,0.286,0.37199999999999994,1,3,-0.08600000000000015,0.28600000000000014,0.3720000000000003,-1.0,-0.18600000000000014
0.716,0.1,1.0,0.0,-0.08400000000000003,0.2839999999999999,0.36799999999999994,1,3,-0.08399999999999999,0.28400000000000003,0.368,-1.0,-0.184
0.718,0.1,1.0,0.0,-0.08199999999999992,0.2819999999999998,0.3639999999999997,1,2,-0.08200000000000006,0.2820000000000001,0.36400000000000016,-1.0,-0.18200000000000008
0.72,0.1,1.0,0.0,-0.07999999999999995,0.28,0.36,1,3,-0.07999999999999992,0.2800000000000001,0.36,-1.0,-0.18
0.722,0.1,1.0,0.0,-0.07799999999999999,0.2779999999999998,0.35599999999999976,1,3,-0.07800000000000004,0.278,0.3560000000000001,-1.0,-0.17800000000000005
0.724,0.1,1.0,0.0,-0.07599999999999996,0.27599999999999997,0.3519999999999999,1,3,-0.07600000000000003,0.276,0.35200000000000004,-1.0,-0.17600000000000002
0.726,0.1,1.0,0.0,-0.07399999999999995,0.27399999999999997,0.3479999999999999,1,2,-0.07399999999999995,0.27399999999999997,0.3479999999999999,-1.0,-0.17399999999999996
0.728,0.1,1.0,0.0,-0.07200000000000001,0.27199999999999985,0.34399999999999986,1,2,-0.0720000000000001,0.27199999999999996,0.3440000000000001,-1.0,-0.17200000000000004
0.73,0.1,1.0,0.0,-0.06999999999999985,0.2699999999999997,0.3399999999999995,1,2,-0.06999999999999967,0.2699999999999999,0.3399999999999996,-1.0,-0.1699999999999998
0.732,0.1,1.0,0.0,-0.06799999999999992,0.2679999999999997,0.33599999999999963,1,2,-0.06800000000000005,0.268,0.3360000000000001,-1.0,-0.16800000000000004
0.734,0.1,1.0,0.0,-0.066,0.266,0.332,1,3,-0.066,0.2660000000000002,0.3320000000000002,-1.0,-0.1660000000000001
0.736,0.1,1.0,0.0,-0.06400000000000002,0.26399999999999985,0.32799999999999985,1,3,-0.06400000000000015,0.264,0.3280000000000002,-1.0,-0.1640000000000001
0.738,0.1,1.0,0.0,-0.06199999999999986,0.2619999999999999,0.32399999999999973,1,3,-0.06200000000000003,0.26200000000000007,0.32400000000000007,-1.0,-0.16200000000000003
0.74,0.1,1.0,0.0,-0.059999999999999915,0.25999999999999984,0.31999999999999973,1,3,-0.05999999999999993,0.26000000000000006,0.32,-1.0,-0.16
0.742,0.1,1.0,0.0,-0.05799999999999982,0.2579999999999999,0.3159999999999997,1,2,-0.057999999999999934,0.25799999999999995,0.3159999999999999,-1.0,-0.15799999999999995
0.744,0.1,1.0,0.0,-0.05599999999999998,0.25599999999999995,0.31199999999999994,1,2,-0.056000000000000105,0.2559999999999999,0.312,-1.0,-0.156
0.746,0.1,1.0,0.0,-0.054,0.2539999999999999,0.3079999999999999,1,3,-0.05400000000000002,0.2540000000000001,0.30800000000000016,-1.0,-0.15400000000000008
0.748,0.1,1.0,0.0,-0.051999999999999984,0.25199999999999995,0.30399999999999994,1,3,-0.05199999999999988,0.25199999999999995,0.3039999999999998,-1.0,-0.1519999999999999
0.75,0.1,1.0,0.0,-0.049999999999999996,0.24999999999999997,0.3,1,3,-0.050000000000000024,0.2500000000000003,0.3000000000000003,-1.0,-0.15000000000000016
0.752,0.1,1.0,0.0,-0.04799999999999993,0.24799999999999991,0.2959999999999998,1,2,-0.047999999999999966,0.24799999999999997,0.29599999999999993,-1.0,-0.14799999999999996
0.754,0.1,1.0,0.0,-0.04599999999999995,0.2459999999999999,0.29199999999999987,1,2,-0.04599999999999997,0.24599999999999989,0.29199999999999987,-1.0,-0.14599999999999994
0.756,0.1,1.0,0.0,-0.04399999999999977,0.24399999999999994,0.2879999999999997,1,3,-0.04400000000000001,0.24400000000000016,0.28800000000000014,-1.0,-0.14400000000000007
0.758,0.1,1.0,0.0,-0.042000000000000065,0.24199999999999997,0.28400000000000003,1,2,-0.041999999999999954,0.242,0.2839999999999999,-1.0,-0.14199999999999996
0.76,0.1,1.0,0.0,-0.03999999999999986,0.2399999999999997,0.2799999999999996,1,3,-0.04000000000000008,0.24000000000000005,0.28000000000000014,-1.0,-0.14000000000000007
0.762,0.1,1.0,0.0,-0.037999999999999985,0.2379999999999999,0.2759999999999999,1,2,-0.03800000000000006,0.2379999999999999,0.27599999999999997,-1.0,-0.13799999999999998
0.764,0.1,1.0,0.0,-0.03599999999999999,0.236,0.27199999999999996,1,2,-0.03599999999999985,0.236,0.27199999999999985,-1.0,-0.13599999999999993
0.766,0.1,1.0,0.0,-0.033999999999999975,0.23399999999999987,0.26799999999999985,1,3,-0.034000000000000134,0.23400000000000004,0.2680000000000002,-1.0,-0.1340000000000001
0.768,0.1,1.0,0.0,-0.03199999999999993,0.2319999999999998,0.26399999999999973,1,2,-0.03200000000000008,0.23199999999999998,0.26400000000000007,-1.0,-0.13200000000000003
0.77,0.1,1.0,0.0,-0.02999999999999999,0.2299999999999999,0.2599999999999999,1,3,-0.029999999999999943,0.22999999999999998,0.2599999999999999,-1.0,-0.12999999999999995
0.772,0.1,1.0,0.0,-0.0279999999999999,0.22799999999999987,0.2559999999999998,1,2,-0.02800000000000004,0.22799999999999992,0.25599999999999995,-1.0,-0.12799999999999997
0.774,0.1,1.0,0.0,-0.025999999999999912,0.22599999999999987,0.2519999999999998,1,3,-0.026000000000000068,0.22600000000000026,0.25200000000000033,-1.0,-0.12600000000000017
0.776,0.1,1.0,0.0,-0.02399999999999997,0.22399999999999998,0.24799999999999994,1,2,-0.02399999999999992,0.22399999999999984,0.24799999999999975,-1.0,-0.12399999999999987
0.778,0.1,1.0,0.0,-0.021999999999999853,0.22199999999999984,0.2439999999999997,1,2,-0.02200000000000003,0.22199999999999986,0.24399999999999988,-1.0,-0.12199999999999994
0.78,0.1,1.0,0.0,-0.019999999999999917,0.2199999999999997,0.2399999999999996,1,2,-0.01999999999999999,0.21999999999999975,0.23999999999999974,-1.0,-0.11999999999999987
0.782,0.1,1.0,0.0,-0.017999999999999978,0.21799999999999992,0.2359999999999999,1,2,-0.01799999999999999,0.2179999999999999,0.23599999999999988,-1.0,-0.11799999999999994
0.784,0.1,1.0,0.0,-0.015999999999999914,0.21599999999999986,0.23199999999999976,1,2,-0.01599999999999994,0.21599999999999991,0.23199999999999985,-1.0,-0.11599999999999992
0.786,0.1,1.0,0.0,-0.014000000000000016,0.2139999999999998,0.22799999999999981,1,3,-0.014000000000000061,0.21400000000000013,0.2280000000000002,-1.0,-0.1140000000000001
0.788,0.1,1.0,0.0,-0.011999999999999908,0.21199999999999988,0.22399999999999978,1,3,-0.011999999999999962,0.21199999999999997,0.22399999999999992,-1.0,-0.11199999999999996
0.79,0.1,1.0,0.0,-0.009999999999999908,0.20999999999999985,0.21999999999999975,1,3,-0.009999999999999985,0.21000000000000002,0.22,-1.0,-0.11
0.792,0.1,1.0,0.0,-0.007999999999999882,0.20799999999999985,0.21599999999999975,1,3,-0.007999999999999802,0.20799999999999996,0.21599999999999978,-1.0,-0.10799999999999989
0.794,0.1,1.0,0.0,-0.0059999999999998934,0.20599999999999988,0.21199999999999977,1,2,-0.005999999999999968,0.20599999999999996,0.21199999999999994,-1.0,-0.10599999999999997
0.796,0.1,1.0,0.0,-0.003999999999999852,0.20399999999999976,0.20799999999999963,1,3,-0.004000000000000064,0.20400000000000001,0.20800000000000007,-1.0,-0.10400000000000004
0.798,0.1,1.0,0.0,-0.001999999999999923,0.20199999999999982,0.20399999999999974,1,3,-0.0019999999999999606,0.202,0.204,-1.0,-0.102
0.8,0.1,1.0,0.0,4.098336031472845e-17,0.19999999999999987,0.19999999999999984,1,3,1.352000109089424e-16,0.19999999999999996,0.19999999999999982,-1.0,-0.09999999999999991
0.802,0.1,1.0,0.0,0.0020000000000000573,0.1979999999999999,0.19599999999999984,1,2,0.0020000000000000963,0.19799999999999998,0.1959999999999999,-1.0,-0.09799999999999995
0.804,0.1,1.0,0.0,0.004000000000000095,0.19599999999999992,0.19199999999999984,1,3,0.003999999999999943,0.19599999999999998,0.19200000000000003,-1.0,-0.09600000000000002
0.806,0.1,1.0,0.0,0.0060000000000001025,0.19399999999999998,0.1879999999999999,1,2,0.006000000000000139,0.19399999999999998,0.18799999999999983,-1.0,-0.09399999999999992
0.808,0.1,1.0,0.0,0.008000000000000106,0.19199999999999984,0.18399999999999972,1,2,0.008000000000000182,0.19199999999999995,0.18399999999999977,-1.0,-0.09199999999999989
0.81,0.1,1.0,0.0,0.010000000000000108,0.1899999999999999,0.17999999999999977,1,2,0.010000000000000115,0.18999999999999984,0.17999999999999972,-1.0,-0.08999999999999986
0.812,0.1,1.0,0.0,0.01200000000000009,0.18799999999999983,0.17599999999999974,1,2,0.01199999999999999,0.18799999999999983,0.17599999999999985,-1.0,-0.08799999999999993
0.8140000000000001,0.1,1.0,0.0,0.014000000000000054,0.1859999999999999,0.17199999999999982,1,2,0.01400000000000013,0.1859999999999999,0.17199999999999976,-1.0,-0.08599999999999988
0.8160000000000001,0.1,1.0,0.0,0.016000000000000163,0.18399999999999977,0.16799999999999962,1,2,0.015999999999999973,0.18399999999999989,0.16799999999999993,-1.0,-0.08399999999999996
0.8180000000000001,0.1,1.0,0.0,0.018000000000000158,0.18199999999999983,0.16399999999999967,1,2,0.01799999999999994,0.18199999999999988,0.16399999999999995,-1.0,-0.08199999999999998
0.8200000000000001,0.1,1.0,0.0,0.020000000000000216,0.17999999999999983,0.15999999999999961,1,3,0.01999999999999991,0.17999999999999985,0.15999999999999995,-1.0,-0.07999999999999997
0.8220000000000001,0.1,1.0,0.0,0.022000000000000117,0.17799999999999974,0.15599999999999964,1,2,0.02199999999999994,0.17799999999999983,0.1559999999999999,-1.0,-0.07799999999999994
0.8240000000000001,0.1,1.0,0.0,0.024000000000000094,0.17599999999999985,0.15199999999999975,1,2,0.02400000000000009,0.1759999999999999,0.1519999999999998,-1.0,-0.0759999999999999
0.8260000000000001,0.1,1.0,0.0,0.0260000000000001,0.1739999999999999,0.1479999999999998,1,3,0.026,0.174,0.148,-1.0,-0.074
0.8280000000000001,0.1,1.0,0.0,0.02800000000000018,0.1719999999999999,0.1439999999999997,1,2,0.028000000000000056,0.1719999999999999,0.14399999999999985,-1.0,-0.07199999999999993
0.8300000000000001,0.1,1.0,0.0,0.030000000000000172,0.16999999999999982,0.13999999999999965,1,3,0.03000000000000016,0.16999999999999996,0.1399999999999998,-1.0,-0.0699999999999999
0.8320000000000001,0.1,1.0,0.0,0.032000000000000216,0.1679999999999998,0.13599999999999957,1,2,0.03200000000000011,0.16799999999999987,0.13599999999999976,-1.0,-0.06799999999999988
0.834,0.1,1.0,0.0,0.03400000000000007,0.16600000000000004,0.13199999999999995,1,2,0.034000000000000065,0.16599999999999987,0.1319999999999998,-1.0,-0.0659999999999999
0.836,0.1,1.0,0.0,0.03600000000000006,0.16399999999999998,0.12799999999999992,1,2,0.035999999999999956,0.16399999999999992,0.12799999999999997,-1.0,-0.06399999999999999
0.838,0.1,1.0,0.0,0.03800000000000002,0.162,0.12399999999999999,1,3,0.03800000000000005,0.16200000000000014,0.1240000000000001,-1.0,-0.06200000000000005
0.84,0.1,1.0,0.0,0.039999999999999966,0.16,0.12000000000000004,1,3,0.03999999999999997,0.16000000000000023,0.12000000000000025,-1.0,-0.06000000000000012
0.842,0.1,1.0,0.0,0.04200000000000002,0.1579999999999999,0.11599999999999987,1,2,0.041999999999999864,0.15799999999999995,0.11600000000000008,-1.0,-0.05800000000000004
0.844,0.1,1.0,0.0,0.04400000000000002,0.15599999999999997,0.11199999999999996,1,3,0.04399999999999994,0.15600000000000006,0.11200000000000011,-1.0,-0.05600000000000006
0.846,0.1,1.0,0.0,0.04599999999999999,0.15399999999999991,0.10799999999999993,1,2,0.045999999999999916,0.154,0.10800000000000008,-1.0,-0.05400000000000004
0.848,0.1,1.0,0.0,0.048000000000000015,0.15200000000000002,0.10400000000000001,1,2,0.048000000000000036,0.15200000000000002,0.10399999999999998,-1.0,-0.05199999999999999
0.85,0.1,1.0,0.0,0.05000000000000003,0.14999999999999994,0.09999999999999991,1,3,0.05000000000000005,0.15000000000000005,0.1,-1.0,-0.05
0.852,0.1,1.0,0.0,0.052000000000000074,0.14799999999999988,0.09599999999999981,1,3,0.05200000000000007,0.14800000000000005,0.09599999999999997,-1.0,-0.04799999999999999
0.854,0.1,1.0,0.0,0.05399999999999999,0.146,0.092,1,2,0.05400000000000003,0.146,0.09199999999999997,-1.0,-0.045999999999999985
0.856,0.1,1.0,0.0,0.055999999999999994,0.14399999999999993,0.08799999999999994,1,2,0.05600000000000008,0.14399999999999996,0.08799999999999988,-1.0,-0.04399999999999994
0.858,0.1,1.0,0.0,0.05800000000000003,0.14199999999999993,0.08399999999999991,1,2,0.05799999999999993,0.14199999999999988,0.08399999999999995,-1.0,-0.041999999999999975
0.86,0.1,1.0,0.0,0.06000000000000007,0.13999999999999996,0.07999999999999989,1,3,0.059999999999999935,0.14,0.08000000000000007,-1.0,-0.040000000000000036
0.862,0.1,1.0,0.0,0.06200000000000001,0.138,0.076,1,2,0.062000000000000076,0.13800000000000004,0.07599999999999996,-1.0,-0.03799999999999998
0.864,0.1,1.0,0.0,0.06400000000000007,0.13599999999999987,0.0719999999999998,1,2,0.06399999999999996,0.13599999999999982,0.07199999999999986,-1.0,-0.03599999999999993
0.866,0.1,1.0,0.0,0.06600000000000007,0.1339999999999998,0.06799999999999974,1,2,0.06599999999999998,0.1339999999999999,0.06799999999999992,-1.0,-0.03399999999999996
0.868,0.1,1.0,0.0,0.06800000000000007,0.13199999999999987,0.0639999999999998,1,2,0.06799999999999998,0.13199999999999992,0.06399999999999995,-1.0,-0.03199999999999997
0.87,0.1,1.0,0.0,0.07000000000000005,0.12999999999999995,0.0599999999999999,1,2,0.07,0.13,0.06,-1.0,-0.03
0.872,0.1,1.0,0.0,0.07200000000000002,0.1279999999999999,0.05599999999999987,1,2,0.07199999999999997,0.12799999999999997,0.05600000000000001,-1.0,-0.028000000000000004
0.874,0.1,1.0,0.0,0.07400000000000001,0.12599999999999995,0.051999999999999935,1,3,0.07400000000000011,0.12599999999999997,0.051999999999999866,-1.0,-0.025999999999999933
0.876,0.1,1.0,0.0,0.07600000000000001,0.12399999999999992,0.047999999999999904,1,3,0.07600000000000001,0.1240000000000001,0.048000000000000084,-1.0,-0.024000000000000042
0.878,0.1,1.0,0.0,0.07800000000000003,0.122,0.04399999999999997,1,2,0.07799999999999999,0.12199999999999997,0.043999999999999984,-1.0,-0.021999999999999992
0.88,0.1,1.0,0.0,0.08000000000000004,0.11999999999999997,0.039999999999999925,1,2,0.08000000000000007,0.12,0.039999999999999925,-1.0,-0.019999999999999962
0.882,0.1,1.0,0.0,0.08200000000000003,0.11799999999999979,0.035999999999999754,1,2,0.08200000000000009,0.11799999999999988,0.035999999999999796,-1.0,-0.017999999999999898
0.884,0.1,1.0,0.0,0.08400000000000007,0.116,0.03199999999999993,1,2,0.0840000000000001,0.11599999999999999,0.03199999999999989,-1.0,-0.015999999999999945
0.886,0.1,1.0,0.0,0.08600000000000003,0.11399999999999995,0.027999999999999914,1,2,0.08600000000000003,0.11399999999999998,0.02799999999999994,-1.0,-0.01399999999999997
0.888,0.1,1.0,0.0,0.08800000000000004,0.11199999999999996,0.023999999999999924,1,2,0.08799999999999994,0.11199999999999997,0.024000000000000035,-1.0,-0.012000000000000018
0.89,0.1,1.0,0.0,0.09000000000000001,0.1099999999999999,0.019999999999999893,1,3,0.09000000000000004,0.11,0.019999999999999962,-1.0,-0.009999999999999981
0.892,0.1,1.0,0.0,0.09200000000000005,0.10799999999999992,0.01599999999999986,1,2,0.09200000000000005,0.10799999999999992,0.01599999999999986,-1.0,-0.00799999999999993
0.894,0.1,1.0,0.0,0.09400000000000007,0.10599999999999993,0.011999999999999858,1,2,0.09400000000000007,0.10599999999999998,0.011999999999999914,-1.0,-0.005999999999999957
0.896,0.1,1.0,0.0,0.0960000000000001,0.10399999999999991,0.007999999999999813,1,3,0.09600000000000003,0.10400000000000006,0.008000000000000035,-1.0,-0.004000000000000017
0.898,0.1,1.0,0.0,0.0980000000000001,0.10199999999999988,0.0039999999999997815,1,3,0.098,0.10200000000000005,0.004000000000000045,-1.0,-0.0020000000000000226
0.9,0.1,1.0,0.0,0.09999999999999991,0.09999999999999998,6.938893903907228e-17,3,1,0.10000000000000019,0.09999999999999985,3.3306690738754696e-16,1.0,1.6653345369377348e-16
0.902,0.1,1.0,0.0,0.09799999999999995,0.09799999999999998,2.7755575615628914e-17,3,1,0.10199999999999998,0.09799999999999995,0.004000000000000031,1.0,0.0020000000000000157
0.904,0.1,1.0,0.0,0.09599999999999995,0.09599999999999999,4.163336342344337e-17,3,2,0.1040000000000001,0.0960000000000001,0.008000000000000007,1.0,0.0040000000000000036
0.906,0.1,1.0,0.0,0.09399999999999996,0.09399999999999999,2.7755575615628914e-17,3,2,0.1060000000000001,0.094,0.012000000000000094,1.0,0.006000000000000047
0.908,0.1,1.0,0.0,0.092,0.092,0.0,3,1,0.10800000000000003,0.09199999999999994,0.016000000000000084,1.0,0.008000000000000042
0.91,0.1,1.0,0.0,0.08999999999999996,0.08999999999999997,1.3877787807814457e-17,3,2,0.11000000000000007,0.08999999999999997,0.0200000000000001,1.0,0.01000000000000005
0.912,0.1,1.0,0.0,0.08799999999999997,0.08799999999999998,1.3877787807814457e-17,3,1,0.11199999999999995,0.08799999999999993,0.02400000000000002,1.0,0.01200000000000001
0.914,0.1,1.0,0.0,0.08599999999999994,0.08599999999999995,1.3877787807814457e-17,3,2,0.11400000000000014,0.08600000000000002,0.028000000000000122,1.0,0.014000000000000061
0.916,0.1,1.0,0.0,0.08399999999999996,0.08399999999999999,2.7755575615628914e-17,3,2,0.11600000000000003,0.08399999999999999,0.03200000000000004,1.0,0.01600000000000002
0.918,0.1,1.0,0.0,0.08199999999999998,0.082,2.7755575615628914e-17,3,2,0.1180000000000001,0.08200000000000009,0.03600000000000002,1.0,0.01800000000000001
0.92,0.1,1.0,0.0,0.07999999999999995,0.07999999999999996,1.3877787807814457e-17,3,1,0.12000000000000006,0.07999999999999995,0.04000000000000012,1.0,0.02000000000000006
0.922,0.1,1.0,0.0,0.07799999999999994,0.07799999999999996,1.3877787807814457e-17,3,2,0.12200000000000004,0.07799999999999997,0.04400000000000007,1.0,0.022000000000000033
0.924,0.1,1.0,0.0,0.07599999999999996,0.07599999999999996,0.0,3,1,0.12400000000000005,0.07599999999999991,0.04800000000000014,1.0,0.02400000000000007
0.926,0.1,1.0,0.0,0.07399999999999997,0.07399999999999997,0.0,3,1,0.12600000000000014,0.0739999999999999,0.05200000000000024,1.0,0.02600000000000012
0.928,0.1,1.0,0.0,0.07199999999999991,0.07199999999999994,2.7755575615628914e-17,3,1,0.12800000000000003,0.07199999999999988,0.05600000000000015,1.0,0.028000000000000073
0.93,0.1,1.0,0.0,0.06999999999999994,0.06999999999999997,2.7755575615628914e-17,3,2,0.13000000000000003,0.07,0.060000000000000026,1.0,0.030000000000000013
0.932,0.1,1.0,0.0,0.06799999999999994,0.06799999999999995,1.3877787807814457e-17,3,1,0.1320000000000001,0.06799999999999991,0.06400000000000018,1.0,0.03200000000000009
0.934,0.1,1.0,0.0,0.06599999999999995,0.06599999999999995,0.0,3,1,0.13399999999999995,0.0659999999999999,0.06800000000000005,1.0,0.03400000000000002
0.936,0.1,1.0,0.0,0.06399999999999996,0.06399999999999999,2.7755575615628914e-17,3,1,0.13600000000000007,0.06399999999999996,0.0720000000000001,1.0,0.03600000000000005
0.9380000000000001,0.1,1.0,0.0,0.06199999999999996,0.06199999999999997,1.3877787807814457e-17,3,1,0.13800000000000015,0.06199999999999993,0.07600000000000022,1.0,0.03800000000000011
0.9400000000000001,0.1,1.0,0.0,0.05999999999999995,0.059999999999999984,3.469446951953614e-17,3,1,0.14000000000000004,0.0599999999999999,0.08000000000000014,1.0,0.04000000000000007
0.9420000000000001,0.1,1.0,0.0,0.05799999999999997,0.05799999999999997,0.0,3,2,0.14200000000000007,0.05799999999999998,0.08400000000000009,1.0,0.042000000000000044
0.9440000000000001,0.1,1.0,0.0,0.05599999999999993,0.05599999999999994,6.938893903907228e-18,3,2,0.14400000000000007,0.055999999999999925,0.08800000000000015,1.0,0.044000000000000074
0.9460000000000001,0.1,1.0,0.0,0.05399999999999994,0.05399999999999994,0.0,3,1,0.1460000000000001,0.05399999999999983,0.09200000000000028,1.0,0.04600000000000014
0.9480000000000001,0.1,1.0,0.0,0.05199999999999992,0.051999999999999935,1.3877787807814457e-17,3,1,0.14800000000000005,0.051999999999999866,0.09600000000000018,1.0,0.04800000000000009
0.9500000000000001,0.1,1.0,0.0,0.04999999999999992,0.049999999999999926,6.938893903907228e-18,3,1,0.15000000000000005,0.04999999999999985,0.1000000000000002,1.0,0.0500000000000001
0.9520000000000001,0.1,1.0,0.0,0.047999999999999925,0.04799999999999996,3.469446951953614e-17,3,2,0.15200000000000008,0.04799999999999997,0.1040000000000001,1.0,0.05200000000000005
0.9540000000000001,0.1,1.0,0.0,0.045999999999999944,0.04599999999999996,1.3877787807814457e-17,3,1,0.154,0.04599999999999987,0.10800000000000012,1.0,0.05400000000000006
0.9560000000000001,0.1,1.0,0.0,0.043999999999999914,0.043999999999999956,4.163336342344337e-17,3,2,0.15600000000000008,0.043999999999999914,0.11200000000000017,1.0,0.056000000000000084
0.9580000000000001,0.1,1.0,0.0,0.04199999999999994,0.041999999999999975,3.469446951953614e-17,3,2,0.15800000000000006,0.04199999999999995,0.1160000000000001,1.0,0.05800000000000005
0.96,0.1,1.0,0.0,0.040000000000000056,0.040000000000000056,0.0,3,1,0.15999999999999995,0.040000000000000015,0.11999999999999994,1.0,0.05999999999999997
0.962,0.1,1.0,0.0,0.038000000000000034,0.038000000000000055,2.0816681711721685e-17,3,2,0.16200000000000003,0.038000000000000055,0.12399999999999997,1.0,0.061999999999999986
0.964,0.1,1.0,0.0,0.036,0.036000000000000046,4.85722573273506e-17,3,1,0.164,0.035999999999999976,0.12800000000000003,1.0,0.06400000000000002
0.966,0.1,1.0,0.0,0.034000000000000016,0.034000000000000044,2.7755575615628914e-17,3,1,0.16600000000000004,0.034,0.13200000000000003,1.0,0.06600000000000002
0.968,0.1,1.0,0.0,0.032,0.032,0.0,3,2,0.16799999999999995,0.032000000000000035,0.13599999999999993,1.0,0.06799999999999996
0.97,0.1,1.0,0.0,0.029999999999999968,0.030000000000000034,6.591949208711867e-17,3,2,0.17,0.03000000000000003,0.13999999999999999,1.0,0.06999999999999999
0.972,0.1,1.0,0.0,0.028000000000000032,0.028000000000000056,2.42861286636753e-17,3,1,0.17200000000000001,0.027999999999999966,0.14400000000000004,1.0,0.07200000000000002
0.974,0.1,1.0,0.0,0.02600000000000001,0.026000000000000023,1.3877787807814457e-17,3,1,0.17399999999999996,0.02600000000000001,0.14799999999999996,1.0,0.07399999999999998
0.976,0.1,1.0,0.0,0.024000000000000007,0.02400000000000002,1.3877787807814457e-17,3,1,0.176,0.023999999999999994,0.152,1.0,0.076
0.978,0.1,1.0,0.0,0.02200000000000001,0.022000000000000037,2.7755575615628914e-17,3,2,0.17799999999999994,0.022000000000000054,0.1559999999999999,1.0,0.07799999999999994
0.98,0.1,1.0,0.0,0.02000000000000001,0.020000000000000025,1.3877787807814457e-17,3,1,0.17999999999999997,0.02000000000000003,0.15999999999999992,1.0,0.07999999999999996
0.982,0.1,1.0,0.0,0.018,0.018000000000000016,1.734723475976807e-17,3,1,0.18200000000000002,0.018000000000000016,0.164,1.0,0.082
0.984,0.1,1.0,0.0,0.016000000000000014,0.016000000000000028,1.3877787807814457e-17,3,2,0.184,0.016000000000000018,0.16799999999999998,1.0,0.08399999999999999
0.986,0.1,1.0,0.0,0.014000000000000004,0.014000000000000047,4.336808689942018e-17,3,2,0.18600000000000003,0.014000000000000054,0.172,1.0,0.086
0.988,0.1,1.0,0.0,0.012000000000000009,0.01200000000000002,1.0408340855860843e-17,3,1,0.18800000000000006,0.011999999999999969,0.1760000000000001,1.0,0.08800000000000005
0.99,0.1,1.0,0.0,0.009999999999999966,0.010000000000000016,5.0306980803327406e-17,3,2,0.18999999999999997,0.010000000000000023,0.17999999999999994,1.0,0.08999999999999997
0.992,0.1,1.0,0.0,0.007999999999999974,0.00800000000000001,3.642919299551295e-17,3,2,0.19199999999999998,0.00800000000000001,0.18399999999999997,1.0,0.09199999999999998
0.994,0.1,1.0,0.0,0.006000000000000014,0.006000000000000014,0.0,3,2,0.19399999999999998,0.005999999999999995,0.18799999999999997,1.0,0.09399999999999999
0.996,0.1,1.0,0.0,0.0040000000000000365,0.004000000000000048,1.1275702593849246e-17,3,1,0.196,0.003999999999999995,0.192,1.0,0.096
0.998,0.1,1.0,0.0,0.0019999999999999836,0.0020000000000000035,1.9949319973733282e-17,3,1,0.198,0.0019999999999999797,0.19600000000000004,1.0,0.09800000000000002
1.0,0.1,1.0,0.0,-3.655571295816345e-17,9.486769009222016e-18,4.604248196738546e-17,3,2,0.19999999999999998,3.3619626671124135e-17,0.19999999999999996,1.0,0.09999999999999998
0.0,0.2,1.0,0.0,-0.5999999999999998,0.9999999999999999,1.5999999999999996,1,2,-0.6000000000000002,1.0000000000000002,1.6000000000000005,-1.0,-0.8000000000000003
0.002,0.2,1.0,0.0,-0.5979999999999999,0.9979999999999996,1.5959999999999994,1,3,-0.5979999999999998,0.998,1.5959999999999996,-1.0,-0.7979999999999998
0.004,0.2,1.0,0.0,-0.5959999999999996,0.9959999999999993,1.591999999999999,1,3,-0.5960000000000005,0.9960000000000006,1.592000000000001,-1.0,-0.7960000000000005
0.006,0.2,1.0,0.0,-0.594,0.9939999999999998,1.5879999999999996,1,2,-0.5939999999999998,0.9940000000000001,1.5879999999999999,-1.0,-0.7939999999999999
0.008,0.2,1.0,0.0,-0.592,0.9919999999999993,1.5839999999999992,1,2,-0.5920000000000002,0.9919999999999999,1.584,-1.0,-0.792
0.01,0.2,1.0,0.0,-0.5899999999999996,0.9899999999999991,1.5799999999999987,1,3,-0.5900000000000005,0.9900000000000001,1.5800000000000005,-1.0,-0.7900000000000003
0.012,0.2,1.0,0.0,-0.5879999999999999,0.9879999999999995,1.5759999999999994,1,2,-0.5879999999999994,0.9880000000000001,1.5759999999999996,-1.0,-0.7879999999999998
0.014,0.2,1.0,0.0,-0.5859999999999995,0.9859999999999993,1.5719999999999987,1,3,-0.5860000000000002,0.9860000000000003,1.5720000000000005,-1.0,-0.7860000000000003
0.016,0.2,1.0,0.0,-0.5839999999999997,0.9839999999999999,1.5679999999999996,1,2,-0.5840000000000005,0.9840000000000002,1.5680000000000007,-1.0,-0.7840000000000004
0.018000000000000002,0.2,1.0,0.0,-0.5820000000000001,0.9819999999999999,1.564,1,3,-0.5820000000000001,0.9819999999999999,1.564,-1.0,-0.782
0.02,0.2,1.0,0.0,-0.5800000000000002,0.9799999999999998,1.56,1,2,-0.5800000000000001,0.9799999999999995,1.5599999999999996,-1.0,-0.7799999999999998
0.022,0.2,1.0,0.0,-0.5780000000000001,0.9779999999999994,1.5559999999999996,1,2,-0.5779999999999998,0.9779999999999988,1.5559999999999987,-1.0,-0.7779999999999994
0.024,0.2,1.0,0.0,-0.5759999999999994,0.9759999999999993,1.5519999999999987,1,3,-0.5759999999999995,0.9760000000000001,1.5519999999999996,-1.0,-0.7759999999999998
0.026000000000000002,0.2,1.0,0.0,-0.5740000000000001,0.9739999999999999,1.548,1,2,-0.5740000000000007,0.974,1.5480000000000007,-1.0,-0.7740000000000004
0.028,0.2,1.0,0.0,-0.5720000000000003,0.972,1.5440000000000003,1,3,-0.5719999999999998,0.972,1.5439999999999998,-1.0,-0.7719999999999999
0.03,0.2,1.0,0.0,-0.5699999999999995,0.9699999999999994,1.539999999999999,1,2,-0.5700000000000001,0.9699999999999993,1.5399999999999994,-1.0,-0.7699999999999997
0.032,0.2,1.0,0.0,-0.5679999999999997,0.9679999999999997,1.5359999999999996,1,2,-0.5679999999999996,0.9679999999999999,1.5359999999999996,-1.0,-0.7679999999999998
0.034,0.2,1.0,0.0,-0.5660000000000003,0.9659999999999994,1.5319999999999996,1,3,-0.566,0.966,1.532,-1.0,-0.766
0.036000000000000004,0.2,1.0,0.0,-0.5639999999999996,0.9639999999999999,1.5279999999999996,1,3,-0.564,0.9640000000000003,1.5280000000000002,-1.0,-0.7640000000000001
0.038,0.2,1.0,0.0,-0.5619999999999993,0.9619999999999995,1.5239999999999987,1,2,-0.562,0.962,1.524,-1.0,-0.762
0.04,0.2,1.0,0.0,-0.5599999999999997,0.96,1.5199999999999996,1,3,-0.5600000000000003,0.96,1.5200000000000002,-1.0,-0.7600000000000001
0.042,0.2,1.0,0.0,-0.5580000000000003,0.9579999999999995,1.5159999999999998,1,2,-0.5579999999999999,0.9579999999999997,1.5159999999999996,-1.0,-0.7579999999999998
0.044,0.2,1.0,0.0,-0.5559999999999996,0.9559999999999997,1.5119999999999993,1,2,-0.5560000000000002,0.9559999999999997,1.512,-1.0,-0.756
0.046,0.2,1.0,0.0,-0.5539999999999994,0.9539999999999993,1.5079999999999987,1,2,-0.5540000000000003,0.9539999999999995,1.5079999999999998,-1.0,-0.7539999999999999
0.048,0.2,1.0,0.0,-0.5519999999999997,0.9519999999999997,1.5039999999999996,1,3,-0.5519999999999997,0.9520000000000001,1.5039999999999998,-1.0,-0.7519999999999999
0.05,0.2,1.0,0.0,-0.5499999999999996,0.9499999999999997,1.4999999999999993,1,3,-0.5499999999999998,0.9500000000000001,1.5,-1.0,-0.75
0.052000000000000005,0.2,1.0,0.0,-0.5479999999999995,0.9479999999999998,1.4959999999999993,1,2,-0.548,0.948,1.496,-1.0,-0.748
0.054,0.2,1.0,0.0,-0.5459999999999997,0.9459999999999993,1.491999999999999,1,3,-0.5459999999999994,0.946,1.4919999999999993,-1.0,-0.7459999999999997
0.056,0.2,1.0,0.0,-0.5439999999999999,0.9439999999999997,1.4879999999999995,1,3,-0.5440000000000002,0.9440000000000001,1.4880000000000002,-1.0,-0.7440000000000001
0.058,0.2,1.0,0.0,-0.5419999999999996,0.9419999999999993,1.4839999999999989,1,3,-0.5419999999999994,0.9419999999999998,1.483999999999999,-1.0,-0.7419999999999995
0.06,0.2,1.0,0.0,-0.5399999999999994,0.9399999999999995,1.4799999999999989,1,2,-0.5399999999999999,0.9399999999999993,1.479999999999999,-1.0,-0.7399999999999995
0.062,0.2,1.0,0.0,-0.5379999999999999,0.9379999999999993,1.475999999999999,1,2,-0.5379999999999999,0.9380000000000001,1.476,-1.0,-0.738
0.064,0.2,1.0,0.0,-0.5359999999999995,0.9359999999999995,1.471999999999999,1,3,-0.5359999999999999,0.9359999999999998,1.4719999999999998,-1.0,-0.7359999999999999
0.066,0.2,1.0,0.0,-0.5339999999999994,0.9339999999999997,1.467999999999999,1,2,-0.534,0.9339999999999998,1.468,-1.0,-0.734
0.068,0.2,1.0,0.0,-0.532,0.9319999999999997,1.4639999999999997,1,2,-0.5319999999999994,0.9319999999999997,1.463999999999999,-1.0,-0.7319999999999995
0.07,0.2,1.0,0.0,-0.5299999999999996,0.9299999999999993,1.4599999999999989,1,2,-0.5299999999999999,0.9299999999999999,1.46,-1.0,-0.73
0.07200000000000001,0.2,1.0,0.0,-0.5279999999999998,0.9279999999999996,1.4559999999999995,1,2,-0.5279999999999999,0.9279999999999999,1.456,-1.0,-0.728
0.074,0.2,1.0,0.0,-0.5259999999999996,0.9259999999999995,1.451999999999999,1,3,-0.526,0.9260000000000003,1.4520000000000004,-1.0,-0.7260000000000002
0.076,0.2,1.0,0.0,-0.524,0.9239999999999999,1.448,1,2,-0.5240000000000001,0.9239999999999999,1.448,-1.0,-0.724
0.078,0.2,1.0,0.0,-0.522,0.9219999999999999,1.444,1,3,-0.5219999999999999,0.922,1.444,-1.0,-0.722
0.08,0.2,1.0,0.0,-0.52,0.9199999999999998,1.44,1,3,-0.52,0.92,1.44,-1.0,-0.72
0.082,0.2,1.0,0.0,-0.5180000000000001,0.9179999999999995,1.4359999999999995,1,3,-0.5179999999999999,0.9180000000000001,1.436,-1.0,-0.718
0.084,0.2,1.0,0.0,-0.516,0.9159999999999999,1.432,1,2,-0.5160000000000005,0.916,1.4320000000000004,-1.0,-0.7160000000000002
0.08600000000000001,0.2,1.0,0.0,-0.5140000000000001,0.9139999999999997,1.428,1,2,-0.5140000000000001,0.9139999999999998,1.428,-1.0,-0.714
0.088,0.2,1.0,0.0,-0.5119999999999998,0.9119999999999998,1.4239999999999995,1,2,-0.5120000000000008,0.9120000000000001,1.4240000000000008,-1.0,-0.7120000000000004
0.09,0.2,1.0,0.0,-0.51,0.9099999999999999,1.42,1,2,-0.51,0.9099999999999995,1.4199999999999995,-1.0,-0.7099999999999997
0.092,0.2,1.0,0.0,-0.5079999999999996,0.9079999999999997,1.4159999999999993,1,2,-0.5080000000000001,0.908,1.4160000000000001,-1.0,-0.7080000000000001
0.094,0.2,1.0,0.0,-0.5059999999999998,0.9059999999999995,1.4119999999999993,1,2,-0.5059999999999995,0.9059999999999999,1.4119999999999995,-1.0,-0.7059999999999997
0.096,0.2,1.0,0.0,-0.5039999999999996,0.9039999999999992,1.4079999999999988,1,2,-0.504,0.9039999999999999,1.408,-1.0,-0.704
0.098,0.2,1.0,0.0,-0.5020000000000001,0.9019999999999997,1.404,1,2,-0.5019999999999996,0.902,1.4039999999999995,-1.0,-0.7019999999999997
0.1,0.2,1.0,0.0,-0.4999999999999995,0.9,1.3999999999999995,1,3,-0.4999999999999997,0.9,1.3999999999999997,-1.0,-0.6999999999999998
0.10200000000000001,0.2,1.0,0.0,-0.49799999999999994,0.898,1.396,1,3,-0.49800000000000005,0.898,1.3960000000000001,-1.0,-0.6980000000000001
0.10400000000000001,0.2,1.0,0.0,-0.4959999999999999,0.8959999999999992,1.391999999999999,1,3,-0.496,0.896,1.392,-1.0,-0.696
0.106,0.2,1.0,0.0,-0.4939999999999995,0.8939999999999995,1.387999999999999,1,3,-0.4940000000000001,0.8940000000000003,1.3880000000000003,-1.0,-0.6940000000000002
0.108,0.2,1.0,0.0,-0.492,0.8919999999999997,1.3839999999999997,1,3,-0.49199999999999994,0.8919999999999999,1.384,-1.0,-0.692
0.11,0.2,1.0,0.0,-0.48999999999999955,0.8899999999999996,1.379999999999999,1,2,-0.4900000000000004,0.8900000000000002,1.3800000000000006,-1.0,-0.6900000000000003
0.112,0.2,1.0,0.0,-0.4879999999999993,0.887999999999999,1.3759999999999983,1,2,-0.4880000000000001,0.8879999999999996,1.3759999999999997,-1.0,-0.6879999999999998
0.114,0.2,1.0,0.0,-0.48599999999999954,0.8859999999999998,1.3719999999999994,1,3,-0.486,0.8860000000000003,1.3720000000000003,-1.0,-0.6860000000000002
0.116,0.2,1.0,0.0,-0.4839999999999996,0.8839999999999996,1.3679999999999992,1,2,-0.48399999999999976,0.8839999999999997,1.3679999999999994,-1.0,-0.6839999999999997
0.11800000000000001,0.2,1.0,0.0,-0.4819999999999999,0.8819999999999995,1.3639999999999994,1,2,-0.482,0.882,1.3639999999999999,-1.0,-0.6819999999999999
0.12,0.2,1.0,0.0,-0.47999999999999926,0.8799999999999989,1.359999999999998,1,3,-0.4799999999999998,0.8800000000000001,1.3599999999999999,-1.0,-0.6799999999999999
0.122,0.2,1.0,0.0,-0.4779999999999997,0.8779999999999998,1.3559999999999994,1,2,-0.4779999999999996,0.877999999999999,1.3559999999999985,-1.0,-0.6779999999999993
0.124,0.2,1.0,0.0,-0.4759999999999996,0.8759999999999996,1.3519999999999992,1,3,-0.4759999999999992,0.8759999999999999,1.351999999999999,-1.0,-0.6759999999999995
0.126,0.2,1.0,0.0,-0.4739999999999999,0.874,1.3479999999999999,1,3,-0.47400000000000037,0.8740000000000002,1.3480000000000005,-1.0,-0.6740000000000003
0.128,0.2,1.0,0.0,-0.4719999999999998,0.8719999999999999,1.3439999999999996,1,3,-0.47199999999999964,0.8720000000000003,1.3439999999999999,-1.0,-0.6719999999999999
0.13,0.2,1.0,0.0,-0.4699999999999994,0.8699999999999992,1.3399999999999985,1,3,-0.4700000000000002,0.8700000000000001,1.3400000000000003,-1.0,-0.6700000000000002
0.132,0.2,1.0,0.0,-0.4680000000000001,0.8679999999999987,1.3359999999999987,1,2,-0.4680000000000001,0.8679999999999997,1.3359999999999999,-1.0,-0.6679999999999999
0.134,0.2,1.0,0.0,-0.4660000000000003,0.8659999999999995,1.3319999999999999,1,3,-0.4660000000000001,0.8660000000000002,1.3320000000000003,-1.0,-0.6660000000000001
0.136,0.2,1.0,0.0,-0.46399999999999975,0.8639999999999999,1.3279999999999996,1,3,-0.4639999999999997,0.8639999999999998,1.3279999999999994,-1.0,-0.6639999999999997
0.138,0.2,1.0,0.0,-0.46199999999999986,0.8619999999999998,1.3239999999999996,1,2,-0.46199999999999936,0.8619999999999991,1.3239999999999985,-1.0,-0.6619999999999993
0.14,0.2,1.0,0.0,-0.45999999999999996,0.8599999999999992,1.3199999999999992,1,2,-0.4599999999999997,0.8599999999999997,1.3199999999999994,-1.0,-0.6599999999999997
0.14200000000000002,0.2,1.0,0.0,-0.45799999999999996,0.8579999999999993,1.3159999999999994,1,2,-0.45799999999999985,0.8579999999999999,1.3159999999999998,-1.0,-0.6579999999999999
0.14400000000000002,0.2,1.0,0.0,-0.45599999999999985,0.8559999999999994,1.3119999999999994,1,2,-0.45599999999999996,0.8559999999999998,1.3119999999999998,-1.0,-0.6559999999999999
0.146,0.2,1.0,0.0,-0.4540000000000002,0.8539999999999996,1.3079999999999998,1,2,-0.45399999999999935,0.8539999999999995,1.307999999999999,-1.0,-0.6539999999999995
0.148,0.2,1.0,0.0,-0.4519999999999995,0.8519999999999996,1.3039999999999992,1,2,-0.45200000000000007,0.8519999999999996,1.3039999999999998,-1.0,-0.6519999999999999
0.15,0.2,1.0,0.0,-0.44999999999999984,0.8499999999999994,1.2999999999999994,1,3,-0.44999999999999996,0.8500000000000006,1.3000000000000007,-1.0,-0.6500000000000004
0.152,0.2,1.0,0.0,-0.44800000000000006,0.8479999999999998,1.2959999999999998,1,2,-0.4479999999999997,0.8480000000000001,1.2959999999999998,-1.0,-0.6479999999999999
0.154,0.2,1.0,0.0,-0.4459999999999998,0.8459999999999998,1.2919999999999996,1,3,-0.44599999999999945,0.8460000000000002,1.2919999999999996,-1.0,-0.6459999999999998
0.156,0.2,1.0,0.0,-0.444,0.844,1.288,1,3,-0.44400000000000034,0.8440000000000005,1.288000000000001,-1.0,-0.6440000000000005
0.158,0.2,1.0,0.0,-0.4420000000000004,0.8419999999999995,1.2839999999999998,1,3,-0.44200000000000006,0.842,1.284,-1.0,-0.642
0.16,0.2,1.0,0.0,-0.4399999999999993,0.8399999999999989,1.279999999999998,1,3,-0.43999999999999995,0.8400000000000002,1.2800000000000002,-1.0,-0.6400000000000001
0.162,0.2,1.0,0.0,-0.43799999999999994,0.8379999999999997,1.2759999999999998,1,3,-0.4380000000000003,0.8380000000000003,1.2760000000000007,-1.0,-0.6380000000000003
0.164,0.2,1.0,0.0,-0.4359999999999999,0.8359999999999995,1.2719999999999994,1,3,-0.4359999999999998,0.8360000000000002,1.272,-1.0,-0.636
0.166,0.2,1.0,0.0,-0.43399999999999955,0.8339999999999997,1.2679999999999993,1,2,-0.4339999999999997,0.834,1.2679999999999998,-1.0,-0.6339999999999999
0.168,0.2,1.0,0.0,-0.43199999999999983,0.8319999999999995,1.2639999999999993,1,3,-0.4320000000000001,0.8320000000000005,1.2640000000000007,-1.0,-0.6320000000000003
0.17,0.2,1.0,0.0,-0.4299999999999995,0.83,1.2599999999999993,1,2,-0.43000000000000027,0.8299999999999993,1.2599999999999996,-1.0,-0.6299999999999998
0.17200000000000001,0.2,1.0,0.0,-0.4279999999999996,0.8279999999999994,1.255999999999999,1,2,-0.42799999999999977,0.8279999999999998,1.2559999999999996,-1.0,-0.6279999999999998
0.17400000000000002,0.2,1.0,0.0,-0.42599999999999966,0.8259999999999998,1.2519999999999996,1,2,-0.42599999999999927,0.8259999999999988,1.251999999999998,-1.0,-0.625999999999999
0.176,0.2,1.0,0.0,-0.4239999999999998,0.8239999999999998,1.2479999999999998,1,2,-0.4239999999999999,0.8240000000000001,1.248,-1.0,-0.624
0.178,0.2,1.0,0.0,-0.42200000000000015,0.8219999999999998,1.244,1,3,-0.42200000000000015,0.8220000000000002,1.2440000000000002,-1.0,-0.6220000000000001
0.18,0.2,1.0,0.0,-0.4199999999999999,0.82,1.2399999999999998,1,2,-0.41999999999999993,0.8200000000000001,1.24,-1.0,-0.62
0.182,0.2,1.0,0.0,-0.4180000000000001,0.8179999999999997,1.2359999999999998,1,3,-0.4179999999999999,0.8180000000000004,1.2360000000000002,-1.0,-0.6180000000000001
0.184,0.2,1.0,0.0,-0.4160000000000002,0.816,1.2320000000000002,1,2,-0.4160000000000001,0.8160000000000003,1.2320000000000004,-1.0,-0.6160000000000002
0.186,0.2,1.0,0.0,-0.41400000000000015,0.8139999999999997,1.2279999999999998,1,3,-0.4139999999999999,0.8140000000000002,1.2280000000000002,-1.0,-0.6140000000000001
0.188,0.2,1.0,0.0,-0.41199999999999987,0.812,1.224,1,3,-0.41199999999999964,0.812,1.2239999999999998,-1.0,-0.6119999999999999
0.19,0.2,1.0,0.0,-0.4099999999999997,0.8099999999999997,1.2199999999999993,1,3,-0.41,0.81,1.22,-1.0,-0.61
0.192,0.2,1.0,0.0,-0.4079999999999998,0.8079999999999989,1.2159999999999989,1,3,-0.4079999999999999,0.8080000000000003,1.2160000000000002,-1.0,-0.6080000000000001
0.194,0.2,1.0,0.0,-0.4059999999999997,0.8059999999999998,1.2119999999999995,1,3,-0.40599999999999997,0.8060000000000003,1.2120000000000002,-1.0,-0.6060000000000001
0.196,0.2,1.0,0.0,-0.4039999999999998,0.8039999999999999,1.2079999999999997,1,3,-0.40399999999999986,0.804,1.208,-1.0,-0.604
0.198,0.2,1.0,0.0,-0.40199999999999986,0.8019999999999999,1.2039999999999997,1,3,-0.40199999999999997,0.8019999999999999,1.204,-1.0,-0.602
0.2,0.2,1.0,0.0,-0.39999999999999997,0.7999999999999998,1.1999999999999997,1,2,-0.4000000000000002,0.7999999999999996,1.1999999999999997,-1.0,-0.5999999999999999
0.202,0.2,1.0,0.0,-0.3979999999999998,0.7979999999999997,1.1959999999999995,1,2,-0.3979999999999996,0.7979999999999997,1.1959999999999993,-1.0,-0.5979999999999996
0.20400000000000001,0.2,1.0,0.0,-0.39600000000000013,0.7960000000000002,1.1920000000000002,1,3,-0.3959999999999998,0.7960000000000002,1.192,-1.0,-0.596
0.20600000000000002,0.2,1.0,0.0,-0.3939999999999997,0.7939999999999994,1.187999999999999,1,2,-0.39399999999999996,0.7939999999999998,1.1879999999999997,-1.0,-0.5939999999999999
0.20800000000000002,0.2,1.0,0.0,-0.392,0.7919999999999997,1.1839999999999997,1,3,-0.39200000000000007,0.792,1.1840000000000002,-1.0,-0.5920000000000001
0.21,0.2,1.0,0.0,-0.3899999999999998,0.7899999999999996,1.1799999999999993,1,3,-0.3899999999999997,0.79,1.1799999999999997,-1.0,-0.5899999999999999
0.212,0.2,1.0,0.0,-0.38799999999999973,0.7879999999999997,1.1759999999999995,1,3,-0.3880000000000005,0.7880000000000005,1.176000000000001,-1.0,-0.5880000000000005
0.214,0.2,1.0,0.0,-0.38599999999999995,0.7859999999999999,1.172,1,3,-0.3859999999999998,0.786,1.1719999999999997,-1.0,-0.5859999999999999
0.216,0.2,1.0,0.0,-0.38399999999999945,0.7839999999999999,1.1679999999999993,1,2,-0.3839999999999998,0.7839999999999998,1.1679999999999997,-1.0,-0.5839999999999999
0.218,0.2,1.0,0.0,-0.3820000000000002,0.7819999999999999,1.1640000000000001,1,2,-0.38199999999999995,0.7819999999999996,1.1639999999999995,-1.0,-0.5819999999999997
0.22,0.2,1.0,0.0,-0.3800000000000001,0.7799999999999996,1.1599999999999997,1,2,-0.3799999999999996,0.7799999999999996,1.1599999999999993,-1.0,-0.5799999999999996
0.222,0.2,1.0,0.0,-0.37800000000000006,0.7779999999999998,1.156,1,2,-0.3779999999999999,0.7779999999999998,1.1559999999999997,-1.0,-0.5779999999999998
0.224,0.2,1.0,0.0,-0.3759999999999998,0.7759999999999996,1.1519999999999992,1,2,-0.37599999999999983,0.7759999999999998,1.1519999999999997,-1.0,-0.5759999999999998
0.226,0.2,1.0,0.0,-0.3739999999999998,0.7739999999999995,1.1479999999999992,1,3,-0.3739999999999998,0.7740000000000002,1.1480000000000001,-1.0,-0.5740000000000001
0.228,0.2,1.0,0.0,-0.3720000000000001,0.7719999999999996,1.1439999999999997,1,3,-0.37200000000000066,0.7720000000000005,1.144000000000001,-1.0,-0.5720000000000005
0.23,0.2,1.0,0.0,-0.3700000000000001,0.7699999999999995,1.1399999999999997,1,2,-0.3700000000000004,0.77,1.1400000000000003,-1.0,-0.5700000000000002
0.232,0.2,1.0,0.0,-0.3680000000000001,0.7679999999999995,1.1359999999999997,1,3,-0.3679999999999994,0.768,1.1359999999999995,-1.0,-0.5679999999999997
0.234,0.2,1.0,0.0,-0.36600000000000005,0.766,1.1320000000000001,1,3,-0.3659999999999998,0.766,1.132,-1.0,-0.566
0.23600000000000002,0.2,1.0,0.0,-0.36399999999999993,0.7639999999999993,1.1279999999999992,1,2,-0.364,0.7639999999999996,1.1279999999999997,-1.0,-0.5639999999999998
0.23800000000000002,0.2,1.0,0.0,-0.3619999999999997,0.7619999999999995,1.1239999999999992,1,2,-0.36200000000000004,0.762,1.124,-1.0,-0.562
0.24,0.2,1.0,0.0,-0.35999999999999965,0.76,1.1199999999999997,1,3,-0.3599999999999999,0.76,1.1199999999999999,-1.0,-0.5599999999999999
0.242,0.2,1.0,0.0,-0.358,0.7579999999999999,1.1159999999999999,1,2,-0.3580000000000002,0.7579999999999999,1.116,-1.0,-0.558
0.244,0.2,1.0,0.0,-0.3560000000000003,0.7559999999999996,1.1119999999999999,1,2,-0.35599999999999976,0.7559999999999998,1.1119999999999997,-1.0,-0.5559999999999998
0.246,0.2,1.0,0.0,-0.35399999999999987,0.7539999999999998,1.1079999999999997,1,3,-0.35399999999999965,0.7540000000000002,1.1079999999999999,-1.0,-0.5539999999999999
0.248,0.2,1.0,0.0,-0.3519999999999998,0.752,1.1039999999999999,1,3,-0.35199999999999965,0.7520000000000001,1.1039999999999996,-1.0,-0.5519999999999998
0.25,0.2,1.0,0.0,-0.3499999999999999,0.7499999999999994,1.0999999999999994,1,3,-0.3500000000000001,0.7500000000000003,1.1000000000000005,-1.0,-0.5500000000000003
0.252,0.2,1.0,0.0,-0.3479999999999999,0.7479999999999994,1.0959999999999994,1,3,-0.34800000000000025,0.748,1.0960000000000003,-1.0,-0.5480000000000002
0.254,0.2,1.0,0.0,-0.3459999999999997,0.7459999999999993,1.091999999999999,1,2,-0.346,0.7459999999999998,1.0919999999999996,-1.0,-0.5459999999999998
0.256,0.2,1.0,0.0,-0.344,0.7439999999999999,1.0879999999999999,1,3,-0.3440000000000002,0.7440000000000002,1.0880000000000005,-1.0,-0.5440000000000003
0.258,0.2,1.0,0.0,-0.34199999999999947,0.7419999999999993,1.0839999999999987,1,3,-0.3420000000000002,0.742,1.084,-1.0,-0.542
0.26,0.2,1.0,0.0,-0.3399999999999999,0.7399999999999999,1.0799999999999998,1,3,-0.3399999999999997,0.7399999999999999,1.0799999999999996,-1.0,-0.5399999999999998
0.262,0.2,1.0,0.0,-0.3379999999999998,0.7379999999999997,1.0759999999999994,1,3,-0.3380000000000003,0.7380000000000001,1.0760000000000005,-1.0,-0.5380000000000003
0.264,0.2,1.0,0.0,-0.33599999999999997,0.7359999999999999,1.0719999999999998,1,3,-0.3360000000000001,0.7359999999999997,1.0719999999999996,-1.0,-0.5359999999999998
0.266,0.2,1.0,0.0,-0.3339999999999997,0.7339999999999997,1.0679999999999994,1,2,-0.3339999999999999,0.734,1.0679999999999998,-1.0,-0.5339999999999999
0.268,0.2,1.0,0.0,-0.33199999999999996,0.7319999999999991,1.0639999999999992,1,3,-0.3320000000000001,0.7320000000000001,1.064,-1.0,-0.532
0.27,0.2,1.0,0.0,-0.3299999999999996,0.7299999999999995,1.0599999999999992,1,2,-0.33000000000000035,0.7299999999999998,1.06,-1.0,-0.53
0.272,0.2,1.0,0.0,-0.3279999999999996,0.7279999999999999,1.0559999999999996,1,3,-0.3279999999999997,0.7280000000000001,1.0559999999999998,-1.0,-0.5279999999999999
0.274,0.2,1.0,0.0,-0.32599999999999973,0.7259999999999998,1.0519999999999996,1,2,-0.32600000000000035,0.726,1.0520000000000003,-1.0,-0.5260000000000001
0.276,0.2,1.0,0.0,-0.32399999999999984,0.7239999999999998,1.0479999999999996,1,2,-0.32400000000000007,0.7239999999999996,1.0479999999999996,-1.0,-0.5239999999999998
0.278,0.2,1.0,0.0,-0.3219999999999999,0.7219999999999999,1.0439999999999998,1,3,-0.32199999999999984,0.722,1.0439999999999998,-1.0,-0.5219999999999999
0.28,0.2,1.0,0.0,-0.31999999999999973,0.72,1.0399999999999996,1,3,-0.31999999999999995,0.7200000000000002,1.04,-1.0,-0.52
0.28200000000000003,0.2,1.0,0.0,-0.3179999999999996,0.7179999999999999,1.0359999999999996,1,2,-0.3180000000000001,0.7179999999999995,1.0359999999999996,-1.0,-0.5179999999999998
0.28400000000000003,0.2,1.0,0.0,-0.316,0.7159999999999991,1.0319999999999991,1,3,-0.31599999999999995,0.7159999999999999,1.0319999999999998,-1.0,-0.5159999999999999
0.28600000000000003,0.2,1.0,0.0,-0.3139999999999996,0.7139999999999994,1.0279999999999991,1,3,-0.31399999999999995,0.7139999999999999,1.0279999999999998,-1.0,-0.5139999999999999
0.28800000000000003,0.2,1.0,0.0,-0.31200000000000006,0.712,1.024,1,3,-0.312,0.7120000000000001,1.024,-1.0,-0.512
0.29,0.2,1.0,0.0,-0.3099999999999996,0.7099999999999995,1.0199999999999991,1,2,-0.30999999999999983,0.7099999999999997,1.0199999999999996,-1.0,-0.5099999999999998
0.292,0.2,1.0,0.0,-0.30799999999999955,0.7079999999999993,1.015999999999999,1,3,-0.3080000000000002,0.7080000000000001,1.0160000000000002,-1.0,-0.5080000000000001
0.294,0.2,1.0,0.0,-0.306,0.7059999999999998,1.0119999999999998,1,2,-0.306,0.706,1.012,-1.0,-0.506
0.296,0.2,1.0,0.0,-0.3039999999999998,0.7039999999999998,1.0079999999999996,1,2,-0.30399999999999994,0.7040000000000001,1.008,-1.0,-0.504
0.298,0.2,1.0,0.0,-0.30199999999999966,0.7019999999999997,1.0039999999999993,1,3,-0.3020000000000002,0.702,1.0040000000000002,-1.0,-0.5020000000000001
0.3,0.2,1.0,0.0,-0.29999999999999943,0.6999999999999997,0.9999999999999991,1,2,-0.30000000000000027,0.7,1.0000000000000002,-1.0,-0.5000000000000001
0.302,0.2,1.0,0.0,-0.2979999999999997,0.6979999999999995,0.9959999999999992,1,3,-0.2979999999999998,0.6980000000000002,0.996,-1.0,-0.498
0.304,0.2,1.0,0.0,-0.296,0.6959999999999997,0.9919999999999998,1,2,-0.296,0.6959999999999997,0.9919999999999998,-1.0,-0.4959999999999999
0.306,0.2,1.0,0.0,-0.2940000000000001,0.6939999999999996,0.9879999999999998,1,2,-0.2940000000000001,0.6939999999999997,0.9879999999999998,-1.0,-0.4939999999999999
0.308,0.2,1.0,0.0,-0.2919999999999998,0.6919999999999996,0.9839999999999994,1,2,-0.2919999999999997,0.6919999999999995,0.9839999999999992,-1.0,-0.4919999999999996
0.31,0.2,1.0,0.0,-0.2899999999999995,0.6899999999999998,0.9799999999999993,1,2,-0.29000000000000004,0.6899999999999996,0.9799999999999996,-1.0,-0.4899999999999998
0.312,0.2,1.0,0.0,-0.2879999999999997,0.6879999999999997,0.9759999999999994,1,3,-0.2879999999999996,0.6880000000000002,0.9759999999999998,-1.0,-0.4879999999999999
0.314,0.2,1.0,0.0,-0.28599999999999975,0.6859999999999998,0.9719999999999995,1,3,-0.2860000000000002,0.6860000000000004,0.9720000000000006,-1.0,-0.4860000000000003
0.316,0.2,1.0,0.0,-0.2839999999999997,0.6839999999999999,0.9679999999999996,1,3,-0.2839999999999999,0.6839999999999998,0.9679999999999997,-1.0,-0.4839999999999999
0.318,0.2,1.0,0.0,-0.2819999999999997,0.6819999999999999,0.9639999999999996,1,2,-0.28199999999999964,0.6819999999999997,0.9639999999999993,-1.0,-0.48199999999999965
0.32,0.2,1.0,0.0,-0.27999999999999975,0.6799999999999997,0.9599999999999995,1,3,-0.2800000000000001,0.6799999999999999,0.96,-1.0,-0.48
0.322,0.2,1.0,0.0,-0.27799999999999964,0.6779999999999996,0.9559999999999993,1,3,-0.27799999999999975,0.6780000000000002,0.956,-1.0,-0.478
0.324,0.2,1.0,0.0,-0.27599999999999986,0.6759999999999995,0.9519999999999993,1,3,-0.2760000000000001,0.676,0.9520000000000002,-1.0,-0.4760000000000001
0.326,0.2,1.0,0.0,-0.27399999999999974,0.6739999999999995,0.9479999999999993,1,3,-0.27400000000000013,0.6739999999999999,0.9480000000000001,-1.0,-0.47400000000000003
0.328,0.2,1.0,0.0,-0.27199999999999974,0.6719999999999996,0.9439999999999993,1,2,-0.27199999999999985,0.6719999999999995,0.9439999999999993,-1.0,-0.47199999999999964
0.33,0.2,1.0,0.0,-0.2699999999999996,0.6699999999999997,0.9399999999999993,1,2,-0.26999999999999963,0.6699999999999999,0.9399999999999995,-1.0,-0.46999999999999975
0.332,0.2,1.0,0.0,-0.2679999999999999,0.6679999999999995,0.9359999999999994,1,3,-0.26800000000000007,0.668,0.9360000000000002,-1.0,-0.4680000000000001
0.334,0.2,1.0,0.0,-0.266,0.6659999999999997,0.9319999999999997,1,2,-0.26599999999999996,0.666,0.9319999999999999,-1.0,-0.46599999999999997
0.336,0.2,1.0,0.0,-0.26399999999999957,0.6639999999999991,0.9279999999999987,1,2,-0.26399999999999996,0.6639999999999999,0.9279999999999999,-1.0,-0.46399999999999997
0.338,0.2,1.0,0.0,-0.26199999999999996,0.6619999999999995,0.9239999999999995,1,2,-0.2619999999999999,0.6619999999999997,0.9239999999999996,-1.0,-0.4619999999999998
0.34,0.2,1.0,0.0,-0.2599999999999999,0.6599999999999999,0.9199999999999998,1,2,-0.2600000000000001,0.6599999999999999,0.92,-1.0,-0.46
0.342,0.2,1.0,0.0,-0.25799999999999956,0.6579999999999998,0.9159999999999994,1,2,-0.25799999999999984,0.6579999999999997,0.9159999999999995,-1.0,-0.45799999999999974
0.34400000000000003,0.2,1.0,0.0,-0.256,0.6559999999999997,0.9119999999999997,1,3,-0.25599999999999945,0.6560000000000001,0.9119999999999996,-1.0,-0.4559999999999998
0.34600000000000003,0.2,1.0,0.0,-0.2539999999999998,0.6539999999999997,0.9079999999999995,1,2,-0.2540000000000004,0.6539999999999999,0.9080000000000004,-1.0,-0.4540000000000002
0.34800000000000003,0.2,1.0,0.0,-0.2519999999999995,0.6519999999999995,0.903999999999999,1,2,-0.2519999999999997,0.6519999999999995,0.9039999999999992,-1.0,-0.4519999999999996
0.35000000000000003,0.2,1.0,0.0,-0.24999999999999997,0.6499999999999997,0.8999999999999997,1,3,-0.2499999999999997,0.6500000000000002,0.8999999999999999,-1.0,-0.44999999999999996
0.352,0.2,1.0,0.0,-0.248,0.6479999999999997,0.8959999999999997,1,2,-0.24799999999999986,0.6480000000000001,0.896,-1.0,-0.448
0.354,0.2,1.0,0.0,-0.24599999999999964,0.6459999999999999,0.8919999999999996,1,3,-0.246,0.646,0.892,-1.0,-0.446
0.356,0.2,1.0,0.0,-0.2439999999999997,0.6439999999999996,0.8879999999999992,1,2,-0.24400000000000002,0.6439999999999999,0.8879999999999999,-1.0,-0.44399999999999995
0.358,0.2,1.0,0.0,-0.24199999999999983,0.6419999999999999,0.8839999999999997,1,3,-0.2419999999999998,0.6420000000000001,0.8839999999999999,-1.0,-0.44199999999999995
0.36,0.2,1.0,0.0,-0.2399999999999999,0.6399999999999995,0.8799999999999993,1,3,-0.23999999999999985,0.6400000000000001,0.88,-1.0,-0.44
0.362,0.2,1.0,0.0,-0.23799999999999993,0.638,0.8759999999999999,1,2,-0.238,0.6379999999999997,0.8759999999999997,-1.0,-0.43799999999999983
0.364,0.2,1.0,0.0,-0.2359999999999996,0.6359999999999998,0.8719999999999994,1,3,-0.23600000000000004,0.6360000000000001,0.8720000000000001,-1.0,-0.43600000000000005
0.366,0.2,1.0,0.0,-0.23400000000000004,0.634,0.8680000000000001,1,3,-0.2339999999999994,0.6340000000000001,0.8679999999999995,-1.0,-0.4339999999999998
0.368,0.2,1.0,0.0,-0.23200000000000018,0.632,0.8640000000000002,1,2,-0.23200000000000012,0.6319999999999998,0.8639999999999999,-1.0,-0.43199999999999994
0.37,0.2,1.0,0.0,-0.22999999999999984,0.629999999999999,0.8599999999999989,1,2,-0.22999999999999998,0.63,0.86,-1.0,-0.43
0.372,0.2,1.0,0.0,-0.22799999999999987,0.6279999999999997,0.8559999999999995,1,2,-0.22800000000000012,0.6279999999999997,0.8559999999999998,-1.0,-0.4279999999999999
0.374,0.2,1.0,0.0,-0.22600000000000003,0.6259999999999998,0.8519999999999999,1,3,-0.22599999999999987,0.6259999999999999,0.8519999999999998,-1.0,-0.4259999999999999
0.376,0.2,1.0,0.0,-0.22399999999999995,0.6239999999999998,0.8479999999999998,1,2,-0.22399999999999964,0.6239999999999999,0.8479999999999995,-1.0,-0.42399999999999977
0.378,0.2,1.0,0.0,-0.22199999999999986,0.6219999999999994,0.8439999999999993,1,3,-0.2219999999999999,0.6220000000000001,0.844,-1.0,-0.422
0.38,0.2,1.0,0.0,-0.2199999999999997,0.6199999999999999,0.8399999999999996,1,3,-0.21999999999999964,0.6200000000000003,0.84,-1.0,-0.42
0.382,0.2,1.0,0.0,-0.21799999999999997,0.6179999999999992,0.8359999999999992,1,3,-0.21800000000000025,0.6180000000000004,0.8360000000000007,-1.0,-0.41800000000000037
0.384,0.2,1.0,0.0,-0.21599999999999975,0.6159999999999997,0.8319999999999994,1,3,-0.21599999999999994,0.616,0.832,-1.0,-0.416
0.386,0.2,1.0,0.0,-0.2139999999999999,0.6139999999999997,0.8279999999999996,1,3,-0.2139999999999996,0.614,0.8279999999999996,-1.0,-0.4139999999999998
0.388,0.2,1.0,0.0,-0.21199999999999983,0.6119999999999998,0.8239999999999996,1,2,-0.212,0.6119999999999999,0.8239999999999998,-1.0,-0.4119999999999999
0.39,0.2,1.0,0.0,-0.20999999999999955,0.6099999999999993,0.8199999999999988,1,2,-0.2099999999999999,0.6099999999999999,0.8199999999999998,-1.0,-0.4099999999999999
0.392,0.2,1.0,0.0,-0.2079999999999999,0.6079999999999995,0.8159999999999994,1,2,-0.208,0.6079999999999997,0.8159999999999996,-1.0,-0.4079999999999998
0.394,0.2,1.0,0.0,-0.206,0.6059999999999998,0.8119999999999997,1,3,-0.2059999999999996,0.6060000000000002,0.8119999999999998,-1.0,-0.4059999999999999
0.396,0.2,1.0,0.0,-0.20399999999999985,0.6039999999999998,0.8079999999999996,1,3,-0.20399999999999963,0.604,0.8079999999999996,-1.0,-0.4039999999999998
0.398,0.2,1.0,0.0,-0.20199999999999987,0.6019999999999999,0.8039999999999997,1,3,-0.20200000000000043,0.6020000000000003,0.8040000000000007,-1.0,-0.40200000000000036
0.4,0.2,1.0,0.0,-0.19999999999999993,0.5999999999999999,0.7999999999999998,1,2,-0.2,0.6000000000000002,0.8000000000000003,-1.0,-0.40000000000000013
0.402,0.2,1.0,0.0,-0.19799999999999973,0.5979999999999998,0.7959999999999995,1,2,-0.19799999999999995,0.5979999999999999,0.7959999999999998,-1.0,-0.3979999999999999
0.404,0.2,1.0,0.0,-0.19599999999999987,0.596,0.7919999999999998,1,3,-0.19599999999999984,0.596,0.7919999999999998,-1.0,-0.3959999999999999
0.406,0.2,1.0,0.0,-0.19399999999999998,0.5939999999999999,0.7879999999999998,1,2,-0.19400000000000003,0.594,0.788,-1.0,-0.394
0.40800000000000003,0.2,1.0,0.0,-0.19199999999999942,0.5919999999999997,0.7839999999999991,1,3,-0.19200000000000014,0.5920000000000001,0.7840000000000003,-1.0,-0.3920000000000001
0.41000000000000003,0.2,1.0,0.0,-0.18999999999999978,0.5899999999999999,0.7799999999999996,1,2,-0.18999999999999978,0.5899999999999996,0.7799999999999994,-1.0,-0.3899999999999997
0.41200000000000003,0.2,1.0,0.0,-0.18799999999999997,0.588,0.7759999999999999,1,3,-0.18799999999999933,0.5880000000000001,0.7759999999999994,-1.0,-0.3879999999999997
0.41400000000000003,0.2,1.0,0.0,-0.18599999999999975,0.5859999999999999,0.7719999999999996,1,3,-0.18600000000000003,0.5860000000000001,0.7720000000000001,-1.0,-0.38600000000000007
0.41600000000000004,0.2,1.0,0.0,-0.18399999999999994,0.5839999999999997,0.7679999999999997,1,3,-0.18400000000000008,0.5840000000000004,0.7680000000000005,-1.0,-0.38400000000000023
0.418,0.2,1.0,0.0,-0.18200000000000022,0.5819999999999999,0.764,1,3,-0.1819999999999999,0.5820000000000002,0.7640000000000001,-1.0,-0.38200000000000006
0.42,0.2,1.0,0.0,-0.17999999999999997,0.5800000000000001,0.76,1,2,-0.18000000000000005,0.58,0.76,-1.0,-0.38
0.422,0.2,1.0,0.0,-0.178,0.578,0.756,1,3,-0.17800000000000002,0.5780000000000002,0.7560000000000002,-1.0,-0.3780000000000001
0.424,0.2,1.0,0.0,-0.17599999999999966,0.5760000000000001,0.7519999999999998,1,3,-0.17599999999999985,0.5760000000000003,0.7520000000000001,-1.0,-0.37600000000000006
0.426,0.2,1.0,0.0,-0.17399999999999988,0.5739999999999997,0.7479999999999996,1,2,-0.174,0.5739999999999995,0.7479999999999996,-1.0,-0.3739999999999998
0.428,0.2,1.0,0.0,-0.1719999999999999,0.572,0.7439999999999999,1,3,-0.1720000000000003,0.5720000000000003,0.7440000000000005,-1.0,-0.3720000000000003
0.43,0.2,1.0,0.0,-0.17000000000000007,0.5699999999999998,0.7399999999999999,1,2,-0.17000000000000004,0.5699999999999997,0.7399999999999998,-1.0,-0.3699999999999999
0.432,0.2,1.0,0.0,-0.16800000000000007,0.5679999999999998,0.7359999999999999,1,3,-0.16799999999999998,0.5680000000000001,0.736,-1.0,-0.368
0.434,0.2,1.0,0.0,-0.16599999999999995,0.5659999999999996,0.7319999999999995,1,3,-0.1659999999999998,0.566,0.7319999999999998,-1.0,-0.3659999999999999
0.436,0.2,1.0,0.0,-0.16399999999999984,0.5639999999999996,0.7279999999999994,1,2,-0.16400000000000012,0.5640000000000002,0.7280000000000003,-1.0,-0.36400000000000016
0.438,0.2,1.0,0.0,-0.162,0.5619999999999995,0.7239999999999995,1,2,-0.16199999999999995,0.5619999999999997,0.7239999999999996,-1.0,-0.3619999999999998
0.44,0.2,1.0,0.0,-0.1599999999999999,0.56,0.72,1,3,-0.15999999999999984,0.5600000000000002,0.72,-1.0,-0.36
0.442,0.2,1.0,0.0,-0.15799999999999997,0.5579999999999997,0.7159999999999997,1,2,-0.15800000000000022,0.558,0.7160000000000003,-1.0,-0.35800000000000015
0.444,0.2,1.0,0.0,-0.15599999999999997,0.5559999999999996,0.7119999999999995,1,3,-0.15600000000000008,0.556,0.7120000000000002,-1.0,-0.3560000000000001
0.446,0.2,1.0,0.0,-0.15399999999999953,0.5539999999999998,0.7079999999999993,1,3,-0.15399999999999997,0.554,0.708,-1.0,-0.354
0.448,0.2,1.0,0.0,-0.15199999999999983,0.5519999999999999,0.7039999999999997,1,3,-0.15200000000000005,0.552,0.7040000000000001,-1.0,-0.35200000000000004
0.45,0.2,1.0,0.0,-0.1500000000000001,0.55,0.7000000000000002,1,2,-0.14999999999999983,0.55,0.6999999999999998,-1.0,-0.3499999999999999
0.452,0.2,1.0,0.0,-0.14799999999999983,0.548,0.6959999999999998,1,2,-0.1479999999999999,0.5479999999999999,0.6959999999999998,-1.0,-0.3479999999999999
0.454,0.2,1.0,0.0,-0.146,0.546,0.6920000000000001,1,2,-0.14599999999999988,0.5459999999999998,0.6919999999999997,-1.0,-0.34599999999999986
0.456,0.2,1.0,0.0,-0.14400000000000002,0.5439999999999997,0.6879999999999997,1,2,-0.1440000000000002,0.5439999999999999,0.6880000000000002,-1.0,-0.3440000000000001
0.458,0.2,1.0,0.0,-0.14199999999999988,0.5419999999999997,0.6839999999999996,1,2,-0.14199999999999977,0.5419999999999997,0.6839999999999995,-1.0,-0.34199999999999975
0.46,0.2,1.0,0.0,-0.1399999999999997,0.5399999999999994,0.679999999999999,1,2,-0.13999999999999935,0.5399999999999998,0.6799999999999992,-1.0,-0.3399999999999996
0.462,0.2,1.0,0.0,-0.13800000000000015,0.538,0.6760000000000002,1,2,-0.13799999999999996,0.5379999999999998,0.6759999999999997,-1.0,-0.33799999999999986
0.464,0.2,1.0,0.0,-0.13599999999999984,0.5359999999999994,0.6719999999999993,1,2,-0.1360000000000001,0.536,0.6720000000000002,-1.0,-0.3360000000000001
0.466,0.2,1.0,0.0,-0.13399999999999984,0.5339999999999997,0.6679999999999995,1,2,-0.13399999999999992,0.5339999999999999,0.6679999999999998,-1.0,-0.3339999999999999
0.468,0.2,1.0,0.0,-0.132,0.532,0.664,1,3,-0.132,0.5320000000000004,0.6640000000000004,-1.0,-0.3320000000000002
0.47000000000000003,0.2,1.0,0.0,-0.12999999999999992,0.5299999999999998,0.6599999999999997,1,3,-0.1299999999999998,0.5300000000000002,0.66,-1.0,-0.33
0.47200000000000003,0.2,1.0,0.0,-0.12800000000000003,0.5279999999999997,0.6559999999999997,1,3,-0.1280000000000003,0.528,0.6560000000000004,-1.0,-0.3280000000000002
0.47400000000000003,0.2,1.0,0.0,-0.12599999999999986,0.5259999999999996,0.6519999999999995,1,2,-0.1260000000000002,0.5259999999999996,0.6519999999999998,-1.0,-0.3259999999999999
0.47600000000000003,0.2,1.0,0.0,-0.12399999999999972,0.5239999999999998,0.6479999999999995,1,3,-0.12400000000000005,0.5240000000000001,0.6480000000000001,-1.0,-0.32400000000000007
0.47800000000000004,0.2,1.0,0.0,-0.12199999999999986,0.5219999999999997,0.6439999999999996,1,2,-0.12199999999999982,0.5219999999999998,0.6439999999999996,-1.0,-0.3219999999999998
0.48,0.2,1.0,0.0,-0.11999999999999983,0.5199999999999997,0.6399999999999995,1,3,-0.11999999999999986,0.5200000000000001,0.64,-1.0,-0.32
0.482,0.2,1.0,0.0,-0.11799999999999966,0.5179999999999997,0.6359999999999993,1,2,-0.11800000000000023,0.5180000000000001,0.6360000000000003,-1.0,-0.31800000000000017
0.484,0.2,1.0,0.0,-0.11599999999999965,0.5159999999999998,0.6319999999999995,1,2,-0.11599999999999987,0.5159999999999999,0.6319999999999998,-1.0,-0.3159999999999999
0.486,0.2,1.0,0.0,-0.11399999999999966,0.5139999999999998,0.6279999999999994,1,3,-0.11399999999999999,0.5140000000000001,0.6280000000000001,-1.0,-0.31400000000000006
0.488,0.2,1.0,0.0,-0.11199999999999996,0.5119999999999999,0.6239999999999999,1,2,-0.11200000000000021,0.5119999999999998,0.624,-1.0,-0.312
0.49,0.2,1.0,0.0,-0.10999999999999988,0.5099999999999997,0.6199999999999996,1,2,-0.10999999999999968,0.51,0.6199999999999997,-1.0,-0.30999999999999983
0.492,0.2,1.0,0.0,-0.108,0.5079999999999998,0.6159999999999998,1,3,-0.10800000000000004,0.5080000000000002,0.6160000000000003,-1.0,-0.30800000000000016
0.494,0.2,1.0,0.0,-0.10599999999999979,0.5059999999999998,0.6119999999999995,1,2,-0.10600000000000005,0.5060000000000001,0.6120000000000002,-1.0,-0.3060000000000001
0.496,0.2,1.0,0.0,-0.10399999999999997,0.5039999999999999,0.6079999999999999,1,3,-0.10399999999999976,0.5039999999999999,0.6079999999999997,-1.0,-0.3039999999999998
0.498,0.2,1.0,0.0,-0.10199999999999983,0.5019999999999999,0.6039999999999998,1,3,-0.10199999999999958,0.5020000000000001,0.6039999999999996,-1.0,-0.3019999999999998
0.5,0.2,1.0,0.0,-0.09999999999999999,0.49999999999999994,0.6,1,3,-0.10000000000000005,0.5000000000000006,0.6000000000000006,-1.0,-0.3000000000000003
0.502,0.2,1.0,0.0,-0.0979999999999999,0.4979999999999996,0.5959999999999995,1,2,-0.09800000000000016,0.498,0.5960000000000002,-1.0,-0.2980000000000001
0.504,0.2,1.0,0.0,-0.09599999999999986,0.49599999999999983,0.5919999999999996,1,2,-0.09599999999999993,0.49599999999999994,0.5919999999999999,-1.0,-0.29599999999999993
0.506,0.2,1.0,0.0,-0.09399999999999992,0.494,0.5879999999999999,1,3,-0.09399999999999964,0.494,0.5879999999999996,-1.0,-0.2939999999999998
0.508,0.2,1.0,0.0,-0.0919999999999999,0.4919999999999998,0.5839999999999997,1,2,-0.09199999999999994,0.49199999999999977,0.5839999999999997,-1.0,-0.29199999999999987
0.51,0.2,1.0,0.0,-0.08999999999999998,0.4899999999999999,0.5799999999999998,1,3,-0.09000000000000026,0.49000000000000016,0.5800000000000004,-1.0,-0.2900000000000002
0.512,0.2,1.0,0.0,-0.08799999999999954,0.4879999999999999,0.5759999999999994,1,3,-0.08800000000000002,0.4880000000000003,0.5760000000000003,-1.0,-0.28800000000000014
0.514,0.2,1.0,0.0,-0.0859999999999998,0.4859999999999999,0.5719999999999996,1,3,-0.08599999999999962,0.4860000000000001,0.5719999999999997,-1.0,-0.28599999999999987
0.516,0.2,1.0,0.0,-0.08400000000000013,0.48399999999999993,0.5680000000000001,1,2,-0.08399999999999991,0.484,0.5679999999999998,-1.0,-0.2839999999999999
0.518,0.2,1.0,0.0,-0.08199999999999996,0.48199999999999993,0.5639999999999998,1,2,-0.0819999999999998,0.4819999999999998,0.5639999999999996,-1.0,-0.2819999999999998
0.52,0.2,1.0,0.0,-0.0799999999999996,0.47999999999999937,0.5599999999999989,1,3,-0.08000000000000015,0.4800000000000001,0.5600000000000003,-1.0,-0.28000000000000014
0.522,0.2,1.0,0.0,-0.07799999999999987,0.47799999999999965,0.5559999999999995,1,2,-0.07800000000000001,0.4779999999999999,0.5559999999999999,-1.0,-0.27799999999999997
0.524,0.2,1.0,0.0,-0.07599999999999997,0.4759999999999998,0.5519999999999998,1,2,-0.07600000000000012,0.4759999999999998,0.5519999999999999,-1.0,-0.27599999999999997
0.526,0.2,1.0,0.0,-0.07399999999999982,0.47399999999999987,0.5479999999999997,1,2,-0.07400000000000019,0.474,0.5480000000000002,-1.0,-0.2740000000000001
0.528,0.2,1.0,0.0,-0.07199999999999998,0.472,0.5439999999999999,1,2,-0.0719999999999997,0.472,0.5439999999999997,-1.0,-0.27199999999999985
0.53,0.2,1.0,0.0,-0.06999999999999969,0.46999999999999975,0.5399999999999995,1,2,-0.06999999999999984,0.46999999999999986,0.5399999999999997,-1.0,-0.26999999999999985
0.532,0.2,1.0,0.0,-0.06799999999999995,0.4679999999999998,0.5359999999999998,1,3,-0.06800000000000027,0.4680000000000001,0.5360000000000004,-1.0,-0.2680000000000002
0.534,0.2,1.0,0.0,-0.06599999999999993,0.4659999999999999,0.5319999999999998,1,3,-0.06600000000000014,0.4660000000000004,0.5320000000000006,-1.0,-0.2660000000000003
0.536,0.2,1.0,0.0,-0.06399999999999986,0.4639999999999996,0.5279999999999995,1,2,-0.06400000000000015,0.46399999999999997,0.5280000000000001,-1.0,-0.26400000000000007
0.538,0.2,1.0,0.0,-0.06199999999999988,0.4619999999999999,0.5239999999999998,1,2,-0.06199999999999987,0.4619999999999998,0.5239999999999997,-1.0,-0.26199999999999984
0.54,0.2,1.0,0.0,-0.05999999999999998,0.4599999999999998,0.5199999999999998,1,3,-0.05999999999999989,0.45999999999999996,0.5199999999999998,-1.0,-0.2599999999999999
0.542,0.2,1.0,0.0,-0.05799999999999955,0.45799999999999985,0.5159999999999993,1,3,-0.0579999999999999,0.45799999999999996,0.5159999999999999,-1.0,-0.25799999999999995
0.544,0.2,1.0,0.0,-0.0559999999999998,0.45599999999999974,0.5119999999999996,1,2,-0.05600000000000008,0.45599999999999985,0.5119999999999999,-1.0,-0.25599999999999995
0.546,0.2,1.0,0.0,-0.05399999999999975,0.45399999999999957,0.5079999999999993,1,3,-0.05399999999999973,0.4540000000000001,0.5079999999999999,-1.0,-0.25399999999999995
0.548,0.2,1.0,0.0,-0.051999999999999824,0.45199999999999974,0.5039999999999996,1,3,-0.052000000000000136,0.4520000000000005,0.5040000000000007,-1.0,-0.25200000000000033
0.55,0.2,1.0,0.0,-0.049999999999999906,0.4499999999999999,0.4999999999999998,1,2,-0.04999999999999974,0.45000000000000007,0.4999999999999998,-1.0,-0.2499999999999999
0.552,0.2,1.0,0.0,-0.04799999999999994,0.44799999999999995,0.4959999999999999,1,2,-0.04799999999999984,0.4479999999999997,0.4959999999999995,-1.0,-0.24799999999999975
0.554,0.2,1.0,0.0,-0.04600000000000005,0.44599999999999973,0.49199999999999977,1,3,-0.045999999999999895,0.44600000000000023,0.4920000000000001,-1.0,-0.24600000000000005
0.556,0.2,1.0,0.0,-0.043999999999999706,0.4439999999999997,0.4879999999999994,1,2,-0.04400000000000006,0.44399999999999973,0.48799999999999977,-1.0,-0.24399999999999988
0.558,0.2,1.0,0.0,-0.041999999999999774,0.4419999999999999,0.48399999999999965,1,3,-0.04199999999999994,0.44200000000000006,0.484,-1.0,-0.242
0.56,0.2,1.0,0.0,-0.039999999999999834,0.4399999999999994,0.4799999999999992,1,2,-0.03999999999999998,0.4399999999999995,0.4799999999999995,-1.0,-0.23999999999999974
0.562,0.2,1.0,0.0,-0.03799999999999994,0.43799999999999983,0.47599999999999976,1,2,-0.03799999999999976,0.43799999999999994,0.4759999999999997,-1.0,-0.23799999999999985
0.5640000000000001,0.2,1.0,0.0,-0.035999999999999956,0.43599999999999983,0.4719999999999998,1,2,-0.03599999999999998,0.4359999999999998,0.47199999999999975,-1.0,-0.23599999999999988
0.5660000000000001,0.2,1.0,0.0,-0.03399999999999953,0.43399999999999966,0.4679999999999992,1,2,-0.03400000000000006,0.434,0.4680000000000001,-1.0,-0.23400000000000004
0.5680000000000001,0.2,1.0,0.0,-0.03199999999999983,0.4319999999999997,0.4639999999999995,1,2,-0.03199999999999988,0.43199999999999983,0.4639999999999997,-1.0,-0.23199999999999985
0.5700000000000001,0.2,1.0,0.0,-0.029999999999999857,0.42999999999999994,0.4599999999999998,1,3,-0.02999999999999961,0.43000000000000016,0.45999999999999974,-1.0,-0.22999999999999987
0.5720000000000001,0.2,1.0,0.0,-0.028000000000000032,0.4279999999999996,0.45599999999999963,1,3,-0.028000000000000122,0.42800000000000027,0.4560000000000004,-1.0,-0.2280000000000002
0.5740000000000001,0.2,1.0,0.0,-0.025999999999999898,0.4259999999999997,0.4519999999999996,1,2,-0.025999999999999857,0.42599999999999955,0.4519999999999994,-1.0,-0.2259999999999997
0.5760000000000001,0.2,1.0,0.0,-0.023999999999999817,0.42399999999999977,0.44799999999999957,1,3,-0.023999999999999924,0.42399999999999993,0.44799999999999984,-1.0,-0.22399999999999992
0.578,0.2,1.0,0.0,-0.02199999999999945,0.4219999999999997,0.4439999999999992,1,2,-0.02200000000000005,0.42199999999999993,0.444,-1.0,-0.222
0.58,0.2,1.0,0.0,-0.01999999999999989,0.42,0.4399999999999999,1,2,-0.020000000000000018,0.41999999999999993,0.43999999999999995,-1.0,-0.21999999999999997
0.582,0.2,1.0,0.0,-0.017999999999999815,0.4180000000000001,0.4359999999999999,1,3,-0.01800000000000024,0.41800000000000037,0.4360000000000006,-1.0,-0.2180000000000003
0.584,0.2,1.0,0.0,-0.015999999999999875,0.4159999999999999,0.43199999999999983,1,2,-0.015999999999999865,0.4159999999999995,0.43199999999999933,-1.0,-0.21599999999999966
0.586,0.2,1.0,0.0,-0.014000000000000005,0.4139999999999998,0.4279999999999998,1,3,-0.01400000000000017,0.41400000000000026,0.42800000000000044,-1.0,-0.21400000000000022
0.588,0.2,1.0,0.0,-0.011999999999999872,0.41199999999999987,0.4239999999999997,1,3,-0.011999999999999875,0.41200000000000003,0.42399999999999993,-1.0,-0.21199999999999997
0.59,0.2,1.0,0.0,-0.010000000000000007,0.41,0.42,1,3,-0.010000000000000283,0.4100000000000003,0.4200000000000006,-1.0,-0.2100000000000003
0.592,0.2,1.0,0.0,-0.007999999999999853,0.40799999999999986,0.4159999999999997,1,3,-0.00799999999999995,0.408,0.4159999999999999,-1.0,-0.20799999999999996
0.594,0.2,1.0,0.0,-0.005999999999999921,0.40599999999999997,0.41199999999999987,1,3,-0.006000000000000052,0.4060000000000001,0.41200000000000014,-1.0,-0.20600000000000007
0.596,0.2,1.0,0.0,-0.00400000000000007,0.4039999999999999,0.408,1,3,-0.004000000000000198,0.40400000000000025,0.4080000000000005,-1.0,-0.20400000000000024
0.598,0.2,1.0,0.0,-0.001999999999999974,0.4019999999999999,0.4039999999999999,1,3,-0.0020000000000000534,0.40199999999999997,0.404,-1.0,-0.202
0.6,0.2,1.0,0.0,7.609874791022104e-17,0.39999999999999997,0.3999999999999999,1,2,-6.320898665590491e-17,0.39999999999999986,0.3999999999999999,-1.0,-0.19999999999999996
0.602,0.2,1.0,0.0,0.0020000000000001336,0.39799999999999985,0.39599999999999974,1,2,0.001999999999999916,0.3980000000000001,0.3960000000000002,-1.0,-0.1980000000000001
0.604,0.2,1.0,0.0,0.004000000000000364,0.396,0.3919999999999997,1,3,0.0040000000000001415,0.3960000000000001,0.39199999999999996,-1.0,-0.19599999999999998
0.606,0.2,1.0,0.0,0.006000000000000505,0.3939999999999997,0.3879999999999992,1,3,0.005999999999999897,0.39400000000000013,0.38800000000000023,-1.0,-0.19400000000000012
0.608,0.2,1.0,0.0,0.008000000000000135,0.39199999999999974,0.3839999999999996,1,2,0.007999999999999834,0.3919999999999999,0.38400000000000006,-1.0,-0.19200000000000003
0.61,0.2,1.0,0.0,0.009999999999999945,0.3899999999999999,0.37999999999999995,1,2,0.010000000000000214,0.39,0.3799999999999998,-1.0,-0.1899999999999999
0.612,0.2,1.0,0.0,0.012000000000000111,0.388,0.3759999999999999,1,3,0.011999999999999988,0.38800000000000034,0.37600000000000033,-1.0,-0.18800000000000017
0.614,0.2,1.0,0.0,0.014000000000000054,0.3859999999999998,0.3719999999999997,1,3,0.01400000000000004,0.3860000000000004,0.37200000000000033,-1.0,-0.18600000000000017
0.616,0.2,1.0,0.0,0.016000000000000028,0.38399999999999995,0.36799999999999994,1,3,0.0160000000000001,0.384,0.3679999999999999,-1.0,-0.18399999999999994
0.618,0.2,1.0,0.0,0.018000000000000085,0.38199999999999995,0.3639999999999999,1,3,0.017999999999999995,0.38200000000000006,0.36400000000000005,-1.0,-0.18200000000000002
0.62,0.2,1.0,0.0,0.02000000000000016,0.37999999999999984,0.35999999999999965,1,3,0.02000000000000009,0.3799999999999999,0.3599999999999998,-1.0,-0.1799999999999999
0.622,0.2,1.0,0.0,0.021999999999999992,0.37799999999999984,0.35599999999999987,1,2,0.022000000000000065,0.3779999999999997,0.35599999999999965,-1.0,-0.17799999999999983
0.624,0.2,1.0,0.0,0.024000000000000098,0.3759999999999999,0.3519999999999998,1,2,0.023999999999999883,0.3759999999999998,0.35199999999999987,-1.0,-0.17599999999999993
0.626,0.2,1.0,0.0,0.026000000000000096,0.37399999999999956,0.3479999999999995,1,3,0.02599999999999996,0.37400000000000005,0.3480000000000001,-1.0,-0.17400000000000004
0.628,0.2,1.0,0.0,0.02800000000000008,0.3719999999999999,0.3439999999999998,1,3,0.027999999999999914,0.37199999999999994,0.34400000000000003,-1.0,-0.17200000000000001
0.63,0.2,1.0,0.0,0.03000000000000006,0.3699999999999999,0.3399999999999998,1,2,0.029999999999999825,0.36999999999999994,0.34000000000000014,-1.0,-0.17000000000000007
0.632,0.2,1.0,0.0,0.03200000000000016,0.36799999999999977,0.33599999999999963,1,3,0.03200000000000024,0.3680000000000005,0.33600000000000024,-1.0,-0.16800000000000012
0.634,0.2,1.0,0.0,0.03400000000000015,0.36599999999999966,0.3319999999999995,1,2,0.03400000000000009,0.366,0.3319999999999999,-1.0,-0.16599999999999995
0.636,0.2,1.0,0.0,0.03600000000000021,0.36399999999999977,0.32799999999999957,1,2,0.036000000000000046,0.364,0.32799999999999996,-1.0,-0.16399999999999998
0.638,0.2,1.0,0.0,0.03799999999999998,0.362,0.324,1,2,0.037999999999999916,0.36200000000000004,0.3240000000000001,-1.0,-0.16200000000000006
0.64,0.2,1.0,0.0,0.04000000000000001,0.3599999999999999,0.31999999999999984,1,2,0.03999999999999996,0.3599999999999999,0.3199999999999999,-1.0,-0.15999999999999995
0.642,0.2,1.0,0.0,0.041999999999999996,0.35799999999999976,0.3159999999999998,1,2,0.04199999999999997,0.3579999999999999,0.3159999999999999,-1.0,-0.15799999999999995
0.644,0.2,1.0,0.0,0.04400000000000002,0.35599999999999976,0.3119999999999997,1,2,0.04399999999999999,0.35599999999999987,0.3119999999999999,-1.0,-0.15599999999999994
0.646,0.2,1.0,0.0,0.04600000000000005,0.35399999999999965,0.3079999999999996,1,2,0.04600000000000024,0.35399999999999987,0.3079999999999996,-1.0,-0.1539999999999998
0.648,0.2,1.0,0.0,0.048000000000000376,0.352,0.3039999999999996,1,2,0.048000000000000126,0.35199999999999987,0.3039999999999997,-1.0,-0.15199999999999986
0.65,0.2,1.0,0.0,0.04999999999999996,0.34999999999999976,0.2999999999999998,1,2,0.04999999999999996,0.35,0.30000000000000004,-1.0,-0.15000000000000002
0.652,0.2,1.0,0.0,0.05200000000000001,0.3479999999999997,0.2959999999999997,1,2,0.052000000000000025,0.348,0.29599999999999993,-1.0,-0.14799999999999996
0.654,0.2,1.0,0.0,0.054000000000000034,0.34599999999999975,0.2919999999999997,1,3,0.05400000000000013,0.3460000000000004,0.29200000000000026,-1.0,-0.14600000000000013
0.656,0.2,1.0,0.0,0.056000000000000195,0.34399999999999964,0.2879999999999994,1,3,0.056000000000000064,0.34400000000000003,0.288,-1.0,-0.144
0.658,0.2,1.0,0.0,0.05800000000000003,0.34199999999999975,0.2839999999999997,1,3,0.05800000000000029,0.342,0.28399999999999975,-1.0,-0.14199999999999988
0.66,0.2,1.0,0.0,0.06000000000000018,0.33999999999999975,0.2799999999999996,1,2,0.06000000000000021,0.33999999999999986,0.27999999999999964,-1.0,-0.13999999999999982
0.662,0.2,1.0,0.0,0.06200000000000016,0.33799999999999997,0.2759999999999998,1,2,0.062000000000000104,0.33799999999999986,0.27599999999999975,-1.0,-0.13799999999999987
0.664,0.2,1.0,0.0,0.0640000000000002,0.3359999999999998,0.2719999999999996,1,2,0.06400000000000011,0.33599999999999974,0.27199999999999963,-1.0,-0.13599999999999982
0.666,0.2,1.0,0.0,0.06600000000000006,0.33399999999999974,0.2679999999999997,1,2,0.06599999999999988,0.33399999999999974,0.26799999999999985,-1.0,-0.13399999999999992
0.668,0.2,1.0,0.0,0.06800000000000031,0.3319999999999998,0.26399999999999946,1,3,0.06800000000000014,0.3320000000000001,0.2639999999999999,-1.0,-0.13199999999999995
0.67,0.2,1.0,0.0,0.07000000000000013,0.33,0.2599999999999999,1,3,0.07000000000000035,0.33000000000000007,0.25999999999999973,-1.0,-0.12999999999999987
0.672,0.2,1.0,0.0,0.07200000000000026,0.32799999999999985,0.25599999999999956,1,3,0.0720000000000001,0.328,0.2559999999999999,-1.0,-0.12799999999999995
0.674,0.2,1.0,0.0,0.07400000000000014,0.32599999999999957,0.25199999999999945,1,2,0.07399999999999987,0.32599999999999973,0.2519999999999999,-1.0,-0.12599999999999995
0.676,0.2,1.0,0.0,0.07600000000000011,0.32399999999999984,0.24799999999999972,1,2,0.07600000000000016,0.32399999999999995,0.24799999999999978,-1.0,-0.12399999999999989
0.678,0.2,1.0,0.0,0.07800000000000035,0.32199999999999984,0.2439999999999995,1,2,0.07800000000000006,0.3219999999999999,0.24399999999999983,-1.0,-0.12199999999999991
0.68,0.2,1.0,0.0,0.08000000000000021,0.3199999999999999,0.23999999999999969,1,2,0.08000000000000015,0.31999999999999984,0.23999999999999969,-1.0,-0.11999999999999984
0.682,0.2,1.0,0.0,0.08200000000000013,0.3179999999999998,0.23599999999999965,1,2,0.08200000000000014,0.318,0.23599999999999988,-1.0,-0.11799999999999994
0.684,0.2,1.0,0.0,0.08400000000000009,0.3159999999999997,0.23199999999999965,1,2,0.08400000000000013,0.3159999999999999,0.23199999999999976,-1.0,-0.11599999999999988
0.686,0.2,1.0,0.0,0.0860000000000001,0.31399999999999983,0.22799999999999973,1,3,0.08600000000000031,0.31400000000000017,0.22799999999999987,-1.0,-0.11399999999999993
0.6880000000000001,0.2,1.0,0.0,0.08800000000000026,0.31199999999999983,0.2239999999999996,1,3,0.08800000000000012,0.3120000000000001,0.22399999999999998,-1.0,-0.11199999999999999
0.6900000000000001,0.2,1.0,0.0,0.09000000000000015,0.3099999999999999,0.21999999999999975,1,3,0.09000000000000012,0.31000000000000016,0.22000000000000003,-1.0,-0.11000000000000001
0.6920000000000001,0.2,1.0,0.0,0.09200000000000016,0.30799999999999966,0.2159999999999995,1,2,0.09199999999999992,0.308,0.21600000000000008,-1.0,-0.10800000000000004
0.6940000000000001,0.2,1.0,0.0,0.09400000000000015,0.3059999999999998,0.2119999999999997,1,2,0.09399999999999989,0.30599999999999966,0.21199999999999977,-1.0,-0.10599999999999989
0.6960000000000001,0.2,1.0,0.0,0.09600000000000022,0.3039999999999999,0.20799999999999966,1,2,0.0960000000000001,0.30399999999999966,0.20799999999999957,-1.0,-0.10399999999999979
0.6980000000000001,0.2,1.0,0.0,0.09800000000000006,0.3019999999999998,0.20399999999999976,1,2,0.09800000000000013,0.3019999999999997,0.20399999999999957,-1.0,-0.10199999999999979
0.7000000000000001,0.2,1.0,0.0,0.10000000000000028,0.29999999999999966,0.19999999999999937,1,3,0.10000000000000009,0.30000000000000004,0.19999999999999996,-1.0,-0.09999999999999998
0.7020000000000001,0.2,1.0,0.0,0.10200000000000012,0.2979999999999999,0.19599999999999976,1,2,0.10199999999999998,0.2979999999999998,0.19599999999999984,-1.0,-0.09799999999999992
0.704,0.2,1.0,0.0,0.10400000000000015,0.29599999999999976,0.19199999999999962,1,3,0.10400000000000013,0.2960000000000001,0.19199999999999995,-1.0,-0.09599999999999997
0.706,0.2,1.0,0.0,0.10600000000000005,0.29399999999999993,0.1879999999999999,1,3,0.10600000000000004,0.29400000000000054,0.1880000000000005,-1.0,-0.09400000000000025
0.708,0.2,1.0,0.0,0.10799999999999998,0.292,0.184,1,2,0.10800000000000005,0.292,0.18399999999999994,-1.0,-0.09199999999999997
0.71,0.2,1.0,0.0,0.11,0.29000000000000004,0.18000000000000005,1,3,0.1099999999999999,0.2900000000000001,0.1800000000000002,-1.0,-0.0900000000000001
0.712,0.2,1.0,0.0,0.11199999999999999,0.28799999999999987,0.17599999999999988,1,2,0.11200000000000015,0.2879999999999999,0.17599999999999977,-1.0,-0.08799999999999988
0.714,0.2,1.0,0.0,0.1140000000000001,0.28599999999999987,0.17199999999999976,1,2,0.11399999999999978,0.28599999999999987,0.1720000000000001,-1.0,-0.08600000000000005
0.716,0.2,1.0,0.0,0.11600000000000006,0.28399999999999986,0.16799999999999982,1,2,0.11599999999999985,0.28399999999999975,0.1679999999999999,-1.0,-0.08399999999999995
0.718,0.2,1.0,0.0,0.11800000000000002,0.282,0.16399999999999995,1,3,0.118,0.28200000000000003,0.16400000000000003,-1.0,-0.08200000000000002
0.72,0.2,1.0,0.0,0.12000000000000013,0.2799999999999999,0.15999999999999978,1,3,0.11999999999999987,0.28,0.16000000000000014,-1.0,-0.08000000000000007
0.722,0.2,1.0,0.0,0.12199999999999998,0.2779999999999999,0.15599999999999992,1,2,0.12199999999999994,0.2779999999999999,0.15599999999999997,-1.0,-0.07799999999999999
0.724,0.2,1.0,0.0,0.12400000000000003,0.276,0.152,1,2,0.12400000000000015,0.2760000000000001,0.1519999999999999,-1.0,-0.07599999999999996
0.726,0.2,1.0,0.0,0.126,0.2739999999999998,0.1479999999999998,1,3,0.12600000000000006,0.2740000000000001,0.14800000000000002,-1.0,-0.07400000000000001
0.728,0.2,1.0,0.0,0.12800000000000014,0.27199999999999974,0.1439999999999996,1,2,0.12799999999999992,0.27199999999999963,0.1439999999999997,-1.0,-0.07199999999999986
0.73,0.2,1.0,0.0,0.13000000000000014,0.26999999999999996,0.13999999999999982,1,2,0.12999999999999998,0.27,0.14000000000000004,-1.0,-0.07000000000000002
0.732,0.2,1.0,0.0,0.13200000000000014,0.2679999999999996,0.13599999999999948,1,2,0.13199999999999995,0.2679999999999998,0.13599999999999984,-1.0,-0.06799999999999992
0.734,0.2,1.0,0.0,0.13400000000000004,0.26599999999999974,0.1319999999999997,1,3,0.13399999999999995,0.2660000000000003,0.13200000000000034,-1.0,-0.06600000000000017
0.736,0.2,1.0,0.0,0.13600000000000015,0.26399999999999973,0.1279999999999996,1,2,0.13599999999999995,0.26399999999999985,0.1279999999999999,-1.0,-0.06399999999999995
0.738,0.2,1.0,0.0,0.13800000000000004,0.2619999999999999,0.12399999999999986,1,2,0.13799999999999982,0.26199999999999973,0.12399999999999992,-1.0,-0.06199999999999996
0.74,0.2,1.0,0.0,0.1400000000000001,0.2599999999999999,0.1199999999999998,1,2,0.14,0.26,0.12,-1.0,-0.06
0.742,0.2,1.0,0.0,0.142,0.258,0.11600000000000002,1,3,0.14200000000000004,0.258,0.11599999999999996,-1.0,-0.05799999999999998
0.744,0.2,1.0,0.0,0.14400000000000004,0.2559999999999998,0.11199999999999974,1,2,0.14399999999999993,0.25599999999999995,0.11200000000000002,-1.0,-0.05600000000000001
0.746,0.2,1.0,0.0,0.14600000000000005,0.2539999999999996,0.10799999999999957,1,3,0.1460000000000001,0.25400000000000006,0.10799999999999996,-1.0,-0.05399999999999998
0.748,0.2,1.0,0.0,0.14800000000000002,0.2519999999999999,0.10399999999999987,1,3,0.14800000000000021,0.25199999999999995,0.10399999999999973,-1.0,-0.051999999999999866
0.75,0.2,1.0,0.0,0.15000000000000008,0.24999999999999992,0.09999999999999984,1,2,0.15000000000000002,0.25,0.09999999999999998,-1.0,-0.04999999999999999
0.752,0.2,1.0,0.0,0.15200000000000002,0.24799999999999983,0.09599999999999981,1,3,0.15200000000000002,0.2480000000000002,0.09600000000000017,-1.0,-0.048000000000000084
0.754,0.2,1.0,0.0,0.15399999999999991,0.24599999999999994,0.09200000000000003,1,3,0.1540000000000001,0.2460000000000001,0.092,-1.0,-0.046
0.756,0.2,1.0,0.0,0.15600000000000006,0.244,0.08799999999999994,1,2,0.15599999999999997,0.24399999999999994,0.08799999999999997,-1.0,-0.043999999999999984
0.758,0.2,1.0,0.0,0.15800000000000003,0.2419999999999999,0.08399999999999988,1,3,0.15800000000000017,0.24200000000000016,0.08399999999999999,-1.0,-0.041999999999999996
0.76,0.2,1.0,0.0,0.1600000000000001,0.23999999999999994,0.07999999999999985,1,2,0.16000000000000014,0.24,0.07999999999999985,-1.0,-0.039999999999999925
0.762,0.2,1.0,0.0,0.1620000000000001,0.2379999999999999,0.07599999999999982,1,2,0.16199999999999984,0.2379999999999999,0.07600000000000007,-1.0,-0.038000000000000034
0.764,0.2,1.0,0.0,0.16400000000000006,0.23599999999999957,0.07199999999999951,1,2,0.16400000000000017,0.23599999999999977,0.07199999999999959,-1.0,-0.035999999999999796
0.766,0.2,1.0,0.0,0.16600000000000012,0.23399999999999982,0.0679999999999997,1,2,0.1660000000000001,0.234,0.06799999999999992,-1.0,-0.03399999999999996
0.768,0.2,1.0,0.0,0.16800000000000015,0.232,0.06399999999999986,1,2,0.1680000000000002,0.23199999999999998,0.06399999999999978,-1.0,-0.03199999999999989
0.77,0.2,1.0,0.0,0.17000000000000015,0.2299999999999998,0.05999999999999964,1,2,0.1700000000000001,0.23,0.059999999999999915,-1.0,-0.029999999999999957
0.772,0.2,1.0,0.0,0.17200000000000007,0.2279999999999999,0.05599999999999983,1,2,0.17200000000000007,0.22799999999999995,0.05599999999999988,-1.0,-0.02799999999999994
0.774,0.2,1.0,0.0,0.17400000000000015,0.2259999999999999,0.05199999999999974,1,2,0.17400000000000002,0.226,0.05199999999999999,-1.0,-0.025999999999999995
0.776,0.2,1.0,0.0,0.17600000000000007,0.22399999999999992,0.04799999999999985,1,2,0.17599999999999988,0.22399999999999995,0.04800000000000007,-1.0,-0.024000000000000035
0.778,0.2,1.0,0.0,0.1780000000000001,0.22199999999999978,0.04399999999999968,1,2,0.17800000000000005,0.2219999999999999,0.043999999999999845,-1.0,-0.021999999999999922
0.78,0.2,1.0,0.0,0.18000000000000002,0.2199999999999998,0.039999999999999786,1,3,0.18000000000000008,0.22,0.039999999999999925,-1.0,-0.019999999999999962
0.782,0.2,1.0,0.0,0.18199999999999997,0.21799999999999983,0.035999999999999865,1,3,0.18200000000000013,0.21799999999999997,0.03599999999999984,-1.0,-0.01799999999999992
0.784,0.2,1.0,0.0,0.1840000000000001,0.21599999999999983,0.03199999999999972,1,2,0.1840000000000001,0.21599999999999983,0.03199999999999972,-1.0,-0.01599999999999986
0.786,0.2,1.0,0.0,0.18600000000000005,0.21399999999999977,0.02799999999999972,1,3,0.18600000000000014,0.21399999999999997,0.02799999999999983,-1.0,-0.013999999999999915
0.788,0.2,1.0,0.0,0.18800000000000014,0.21199999999999986,0.023999999999999716,1,2,0.18800000000000014,0.21199999999999997,0.023999999999999827,-1.0,-0.011999999999999914
0.79,0.2,1.0,0.0,0.1900000000000001,0.2099999999999999,0.019999999999999796,1,2,0.19000000000000017,0.20999999999999996,0.019999999999999796,-1.0,-0.009999999999999898
0.792,0.2,1.0,0.0,0.1920000000000002,0.20799999999999982,0.015999999999999626,1,3,0.19200000000000006,0.20800000000000013,0.01600000000000007,-1.0,-0.008000000000000035
0.794,0.2,1.0,0.0,0.19400000000000006,0.20599999999999993,0.011999999999999872,1,2,0.19400000000000006,0.20599999999999993,0.011999999999999872,-1.0,-0.005999999999999936
0.796,0.2,1.0,0.0,0.1960000000000002,0.20399999999999976,0.007999999999999563,1,3,0.196,0.2040000000000001,0.00800000000000009,-1.0,-0.004000000000000045
0.798,0.2,1.0,0.0,0.19800000000000018,0.20199999999999987,0.003999999999999698,1,3,0.1980000000000001,0.202,0.00399999999999992,-1.0,-0.00199999999999996
0.8,0.2,1.0,0.0,0.19999999999999982,0.19999999999999993,1.1102230246251565e-16,3,1,0.20000000000000007,0.19999999999999973,3.3306690738754696e-16,1.0,1.6653345369377348e-16
0.802,0.2,1.0,0.0,0.19800000000000004,0.19800000000000004,0.0,3,1,0.2020000000000001,0.19799999999999987,0.004000000000000226,1.0,0.002000000000000113
0.804,0.2,1.0,0.0,0.1959999999999999,0.19599999999999995,5.551115123125783e-17,3,1,0.20399999999999996,0.1959999999999999,0.008000000000000063,1.0,0.004000000000000031
0.806,0.2,1.0,0.0,0.19399999999999987,0.19399999999999995,8.326672684688674e-17,3,1,0.20600000000000027,0.1939999999999997,0.012000000000000566,1.0,0.006000000000000283
0.808,0.2,1.0,0.0,0.19199999999999987,0.19199999999999998,1.1102230246251565e-16,3,2,0.2080000000000002,0.1920000000000002,0.016000000000000014,1.0,0.008000000000000007
0.81,0.2,1.0,0.0,0.18999999999999992,0.18999999999999997,5.551115123125783e-17,3,2,0.21000000000000013,0.18999999999999992,0.020000000000000212,1.0,0.010000000000000106
0.812,0.2,1.0,0.0,0.18799999999999992,0.18799999999999997,5.551115123125783e-17,3,2,0.2120000000000002,0.188,0.024000000000000188,1.0,0.012000000000000094
0.8140000000000001,0.2,1.0,0.0,0.18599999999999986,0.18599999999999997,1.1102230246251565e-16,3,1,0.21400000000000016,0.18599999999999983,0.02800000000000033,1.0,0.014000000000000165
0.8160000000000001,0.2,1.0,0.0,0.184,0.184,0.0,3,1,0.21600000000000005,0.18399999999999989,0.03200000000000017,1.0,0.016000000000000084
0.8180000000000001,0.2,1.0,0.0,0.1819999999999999,0.18200000000000005,1.3877787807814457e-16,3,2,0.218,0.18199999999999994,0.03600000000000006,1.0,0.01800000000000003
0.8200000000000001,0.2,1.0,0.0,0.1799999999999999,0.17999999999999994,2.7755575615628914e-17,3,2,0.22000000000000014,0.17999999999999994,0.0400000000000002,1.0,0.0200000000000001
0.8220000000000001,0.2,1.0,0.0,0.17799999999999996,0.17799999999999996,0.0,3,1,0.22200000000000003,0.17799999999999988,0.04400000000000015,1.0,0.022000000000000075
0.8240000000000001,0.2,1.0,0.0,0.17599999999999993,0.17599999999999996,2.7755575615628914e-17,3,1,0.2239999999999999,0.17599999999999985,0.04800000000000004,1.0,0.02400000000000002
0.8260000000000001,0.2,1.0,0.0,0.17399999999999985,0.1739999999999999,5.551115123125783e-17,3,2,0.22600000000000017,0.17400000000000015,0.05200000000000002,1.0,0.02600000000000001
0.8280000000000001,0.2,1.0,0.0,0.17199999999999988,0.1719999999999999,2.7755575615628914e-17,3,2,0.22800000000000029,0.17200000000000004,0.056000000000000244,1.0,0.028000000000000122
0.8300000000000001,0.2,1.0,0.0,0.16999999999999993,0.16999999999999996,2.7755575615628914e-17,3,1,0.23000000000000012,0.1699999999999998,0.06000000000000033,1.0,0.030000000000000165
0.8320000000000001,0.2,1.0,0.0,0.16799999999999993,0.16799999999999998,5.551115123125783e-17,3,2,0.23200000000000007,0.16799999999999998,0.06400000000000008,1.0,0.03200000000000004
0.834,0.2,1.0,0.0,0.166,0.16600000000000012,1.1102230246251565e-16,3,2,0.23399999999999993,0.1660000000000002,0.06799999999999973,1.0,0.033999999999999864
0.836,0.2,1.0,0.0,0.16399999999999998,0.16400000000000003,5.551115123125783e-17,3,2,0.2360000000000001,0.16400000000000003,0.07200000000000006,1.0,0.03600000000000003
0.838,0.2,1.0,0.0,0.1620000000000001,0.16200000000000014,5.551115123125783e-17,3,1,0.2380000000000001,0.16199999999999995,0.07600000000000015,1.0,0.038000000000000075
0.84,0.2,1.0,0.0,0.15999999999999998,0.16,2.7755575615628914e-17,3,2,0.23999999999999994,0.16000000000000014,0.0799999999999998,1.0,0.0399999999999999
0.842,0.2,1.0,0.0,0.158,0.15800000000000014,1.3877787807814457e-16,3,1,0.24199999999999983,0.15799999999999986,0.08399999999999996,1.0,0.04199999999999998
0.844,0.2,1.0,0.0,0.15600000000000003,0.15600000000000006,2.7755575615628914e-17,3,2,0.24399999999999997,0.15600000000000006,0.08799999999999991,1.0,0.043999999999999956
0.846,0.2,1.0,0.0,0.154,0.15400000000000003,2.7755575615628914e-17,3,1,0.24600000000000005,0.15399999999999986,0.09200000000000019,1.0,0.046000000000000096
0.848,0.2,1.0,0.0,0.152,0.15200000000000002,2.7755575615628914e-17,3,2,0.24799999999999997,0.15199999999999997,0.096,1.0,0.048
0.85,0.2,1.0,0.0,0.15,0.15000000000000008,8.326672684688674e-17,3,2,0.25,0.15000000000000016,0.09999999999999984,1.0,0.04999999999999992
0.852,0.2,1.0,0.0,0.14800000000000002,0.14800000000000002,0.0,3,1,0.25199999999999984,0.14799999999999988,0.10399999999999995,1.0,0.05199999999999998
0.854,0.2,1.0,0.0,0.14600000000000005,0.14600000000000005,0.0,3,1,0.25399999999999995,0.14599999999999996,0.10799999999999998,1.0,0.05399999999999999
0.856,0.2,1.0,0.0,0.14400000000000007,0.14400000000000007,0.0,3,2,0.25599999999999995,0.14400000000000007,0.11199999999999988,1.0,0.05599999999999994
0.858,0.2,1.0,0.0,0.142,0.14200000000000007,8.326672684688674e-17,3,2,0.25799999999999995,0.14200000000000018,0.11599999999999977,1.0,0.057999999999999885
0.86,0.2,1.0,0.0,0.13999999999999996,0.14000000000000004,8.326672684688674e-17,3,2,0.2600000000000002,0.14000000000000012,0.12000000000000005,1.0,0.060000000000000026
0.862,0.2,1.0,0.0,0.13799999999999996,0.13800000000000004,8.326672684688674e-17,3,2,0.26200000000000007,0.13800000000000012,0.12399999999999994,1.0,0.06199999999999997
0.864,0.2,1.0,0.0,0.13599999999999995,0.13599999999999998,2.7755575615628914e-17,3,1,0.26399999999999996,0.13599999999999998,0.12799999999999997,1.0,0.06399999999999999
0.866,0.2,1.0,0.0,0.134,0.13400000000000004,2.7755575615628914e-17,3,2,0.26599999999999996,0.13400000000000012,0.13199999999999984,1.0,0.06599999999999992
0.868,0.2,1.0,0.0,0.132,0.13200000000000003,2.7755575615628914e-17,3,1,0.26800000000000007,0.13199999999999992,0.13600000000000015,1.0,0.06800000000000007
0.87,0.2,1.0,0.0,0.13000000000000003,0.13000000000000006,2.7755575615628914e-17,3,2,0.2700000000000001,0.13000000000000014,0.13999999999999993,1.0,0.06999999999999997
0.872,0.2,1.0,0.0,0.12799999999999995,0.12799999999999997,2.7755575615628914e-17,3,1,0.2719999999999998,0.1279999999999999,0.1439999999999999,1.0,0.07199999999999995
0.874,0.2,1.0,0.0,0.12599999999999997,0.12599999999999997,0.0,3,1,0.2739999999999999,0.12599999999999995,0.14799999999999996,1.0,0.07399999999999998
0.876,0.2,1.0,0.0,0.12399999999999994,0.12399999999999996,1.3877787807814457e-17,3,1,0.2759999999999999,0.12399999999999989,0.15200000000000002,1.0,0.07600000000000001
0.878,0.2,1.0,0.0,0.12199999999999997,0.12199999999999998,1.3877787807814457e-17,3,1,0.2780000000000002,0.12199999999999997,0.15600000000000022,1.0,0.07800000000000011
0.88,0.2,1.0,0.0,0.12000000000000004,0.12000000000000009,5.551115123125783e-17,3,2,0.2800000000000001,0.12000000000000025,0.15999999999999984,1.0,0.07999999999999992
0.882,0.2,1.0,0.0,0.11799999999999995,0.11799999999999998,2.7755575615628914e-17,3,2,0.28200000000000014,0.11800000000000013,0.164,1.0,0.082
0.884,0.2,1.0,0.0,0.11599999999999999,0.11600000000000002,2.7755575615628914e-17,3,1,0.28400000000000014,0.11599999999999983,0.16800000000000032,1.0,0.08400000000000016
0.886,0.2,1.0,0.0,0.11400000000000002,0.11400000000000005,2.7755575615628914e-17,3,2,0.286,0.11400000000000013,0.17199999999999985,1.0,0.08599999999999992
0.888,0.2,1.0,0.0,0.11199999999999999,0.112,1.3877787807814457e-17,3,1,0.28800000000000003,0.11199999999999997,0.17600000000000005,1.0,0.08800000000000002
0.89,0.2,1.0,0.0,0.11000000000000001,0.11000000000000004,2.7755575615628914e-17,3,2,0.2900000000000002,0.11000000000000004,0.18000000000000016,1.0,0.09000000000000008
0.892,0.2,1.0,0.0,0.10799999999999996,0.108,4.163336342344337e-17,3,1,0.2920000000000001,0.10799999999999992,0.18400000000000016,1.0,0.09200000000000008
0.894,0.2,1.0,0.0,0.10599999999999997,0.10599999999999998,1.3877787807814457e-17,3,2,0.294,0.10600000000000001,0.18799999999999997,1.0,0.09399999999999999
0.896,0.2,1.0,0.0,0.10399999999999997,0.10399999999999997,0.0,3,1,0.29600000000000004,0.10399999999999991,0.19200000000000012,1.0,0.09600000000000006
0.898,0.2,1.0,0.0,0.10199999999999997,0.10199999999999998,1.3877787807814457e-17,3,1,0.29800000000000015,0.10199999999999997,0.19600000000000017,1.0,0.09800000000000009
0.9,0.2,1.0,0.0,0.09999999999999996,0.10000000000000003,6.938893903907228e-17,3,2,0.30000000000000004,0.09999999999999996,0.20000000000000007,1.0,0.10000000000000003
0.902,0.2,1.0,0.0,0.09799999999999996,0.09799999999999998,1.3877787807814457e-17,3,1,0.3020000000000001,0.09799999999999993,0.20400000000000018,1.0,0.10200000000000009
0.904,0.2,1.0,0.0,0.09600000000000003,0.0960000000000001,6.938893903907228e-17,3,1,0.30399999999999994,0.09599999999999984,0.2080000000000001,1.0,0.10400000000000005
0.906,0.2,1.0,0.0,0.09399999999999993,0.09399999999999996,2.7755575615628914e-17,3,2,0.306,0.09400000000000001,0.21199999999999997,1.0,0.10599999999999998
0.908,0.2,1.0,0.0,0.09199999999999998,0.092,1.3877787807814457e-17,3,2,0.30800000000000005,0.09200000000000008,0.21599999999999997,1.0,0.10799999999999998
0.91,0.2,1.0,0.0,0.08999999999999998,0.09000000000000004,5.551115123125783e-17,3,1,0.3100000000000001,0.08999999999999994,0.22000000000000017,1.0,0.11000000000000008
0.912,0.2,1.0,0.0,0.08799999999999993,0.08799999999999997,4.163336342344337e-17,3,2,0.31200000000000006,0.08799999999999994,0.22400000000000012,1.0,0.11200000000000006
0.914,0.2,1.0,0.0,0.08599999999999995,0.08600000000000003,8.326672684688674e-17,3,1,0.314,0.08599999999999988,0.22800000000000012,1.0,0.11400000000000006
0.916,0.2,1.0,0.0,0.08399999999999992,0.08400000000000002,9.71445146547012e-17,3,2,0.31600000000000006,0.08400000000000016,0.2319999999999999,1.0,0.11599999999999995
0.918,0.2,1.0,0.0,0.08199999999999998,0.082,2.7755575615628914e-17,3,1,0.31800000000000006,0.08199999999999985,0.2360000000000002,1.0,0.1180000000000001
0.92,0.2,1.0,0.0,0.07999999999999995,0.07999999999999997,2.7755575615628914e-17,3,1,0.32,0.07999999999999995,0.24000000000000005,1.0,0.12000000000000002
0.922,0.2,1.0,0.0,0.07799999999999996,0.07799999999999997,1.3877787807814457e-17,3,1,0.32199999999999995,0.0779999999999999,0.24400000000000005,1.0,0.12200000000000003
0.924,0.2,1.0,0.0,0.07599999999999994,0.07599999999999996,1.3877787807814457e-17,3,1,0.3240000000000002,0.07600000000000001,0.24800000000000016,1.0,0.12400000000000008
0.926,0.2,1.0,0.0,0.07399999999999989,0.07400000000000005,1.6653345369377348e-16,3,2,0.3260000000000001,0.07399999999999991,0.2520000000000002,1.0,0.1260000000000001
0.928,0.2,1.0,0.0,0.07199999999999991,0.07199999999999997,5.551115123125783e-17,3,1,0.32800000000000007,0.07199999999999986,0.2560000000000002,1.0,0.1280000000000001
0.93,0.2,1.0,0.0,0.06999999999999995,0.06999999999999997,1.3877787807814457e-17,3,1,0.33000000000000007,0.06999999999999987,0.26000000000000023,1.0,0.13000000000000012
0.932,0.2,1.0,0.0,0.06799999999999996,0.06799999999999999,2.7755575615628914e-17,3,1,0.33200000000000013,0.06799999999999988,0.26400000000000023,1.0,0.13200000000000012
0.934,0.2,1.0,0.0,0.06599999999999986,0.06599999999999993,6.938893903907228e-17,3,2,0.334,0.06599999999999995,0.26800000000000007,1.0,0.13400000000000004
0.936,0.2,1.0,0.0,0.06399999999999989,0.06399999999999995,5.551115123125783e-17,3,1,0.3360000000000001,0.06399999999999977,0.2720000000000003,1.0,0.13600000000000015
0.9380000000000001,0.2,1.0,0.0,0.06199999999999988,0.061999999999999944,6.245004513516506e-17,3,1,0.33800000000000013,0.061999999999999916,0.27600000000000025,1.0,0.13800000000000012
0.9400000000000001,0.2,1.0,0.0,0.05999999999999988,0.05999999999999998,9.71445146547012e-17,3,1,0.34000000000000014,0.05999999999999985,0.2800000000000003,1.0,0.14000000000000015
0.9420000000000001,0.2,1.0,0.0,0.05799999999999995,0.05799999999999995,0.0,3,1,0.342,0.057999999999999864,0.28400000000000014,1.0,0.14200000000000007
0.9440000000000001,0.2,1.0,0.0,0.05599999999999999,0.056000000000000015,2.7755575615628914e-17,3,1,0.34400000000000014,0.055999999999999876,0.28800000000000026,1.0,0.14400000000000013
0.9460000000000001,0.2,1.0,0.0,0.05399999999999983,0.05399999999999999,1.5959455978986625e-16,3,1,0.3460000000000001,0.053999999999999895,0.2920000000000002,1.0,0.1460000000000001
0.9480000000000001,0.2,1.0,0.0,0.05199999999999994,0.05200000000000001,6.938893903907228e-17,3,1,0.3480000000000001,0.05199999999999982,0.29600000000000026,1.0,0.14800000000000013
0.9500000000000001,0.2,1.0,0.0,0.04999999999999989,0.04999999999999993,4.163336342344337e-17,3,2,0.35000000000000003,0.04999999999999993,0.3000000000000001,1.0,0.15000000000000005
0.9520000000000001,0.2,1.0,0.0,0.047999999999999876,0.04799999999999991,3.469446951953614e-17,3,1,0.3520000000000001,0.04799999999999985,0.30400000000000027,1.0,0.15200000000000014
0.9540000000000001,0.2,1.0,0.0,0.04599999999999992,0.04599999999999999,6.938893903907228e-17,3,1,0.3540000000000002,0.04599999999999992,0.3080000000000003,1.0,0.15400000000000014
0.9560000000000001,0.2,1.0,0.0,0.04399999999999997,0.044000000000000004,3.469446951953614e-17,3,2,0.35600000000000004,0.04399999999999998,0.31200000000000006,1.0,0.15600000000000003
0.9580000000000001,0.2,1.0,0.0,0.041999999999999905,0.041999999999999954,4.85722573273506e-17,3,2,0.358,0.04199999999999996,0.316,1.0,0.158
0.96,0.2,1.0,0.0,0.04000000000000002,0.04000000000000005,2.7755575615628914e-17,3,1,0.35999999999999993,0.04000000000000006,0.31999999999999984,1.0,0.15999999999999992
0.962,0.2,1.0,0.0,0.03800000000000005,0.03800000000000023,1.8041124150158794e-16,3,2,0.36199999999999993,0.03800000000000012,0.32399999999999984,1.0,0.16199999999999992
0.964,0.2,1.0,0.0,0.036,0.036000000000000025,2.7755575615628914e-17,3,1,0.36400000000000005,0.03600000000000003,0.328,1.0,0.164
0.966,0.2,1.0,0.0,0.034000000000000016,0.03400000000000003,1.3877787807814457e-17,3,1,0.36599999999999994,0.03400000000000003,0.3319999999999999,1.0,0.16599999999999995
0.968,0.2,1.0,0.0,0.03200000000000003,0.032000000000000056,2.7755575615628914e-17,3,2,0.368,0.032000000000000035,0.33599999999999997,1.0,0.16799999999999998
0.97,0.2,1.0,0.0,0.030000000000000016,0.030000000000000027,1.0408340855860843e-17,3,1,0.37000000000000005,0.030000000000000013,0.34,1.0,0.17
0.972,0.2,1.0,0.0,0.028000000000000008,0.028000000000000094,8.673617379884035e-17,3,2,0.37200000000000005,0.028000000000000108,0.344,1.0,0.172
0.974,0.2,1.0,0.0,0.025999999999999964,0.026000000000000027,6.245004513516506e-17,3,2,0.37399999999999994,0.026000000000000086,0.34799999999999986,1.0,0.17399999999999993
0.976,0.2,1.0,0.0,0.024000000000000018,0.02400000000000004,2.0816681711721685e-17,3,1,0.3760000000000001,0.023999999999999938,0.3520000000000002,1.0,0.1760000000000001
0.978,0.2,1.0,0.0,0.021999999999999978,0.02200000000000002,4.163336342344337e-17,3,1,0.37799999999999995,0.021999999999999947,0.356,1.0,0.178
0.98,0.2,1.0,0.0,0.01999999999999993,0.02000000000000003,1.0061396160665481e-16,3,2,0.37999999999999995,0.020000000000000046,0.3599999999999999,1.0,0.17999999999999994
0.982,0.2,1.0,0.0,0.017999999999999943,0.018000000000000006,6.245004513516506e-17,3,2,0.382,0.01800000000000011,0.3639999999999999,1.0,0.18199999999999994
0.984,0.2,1.0,0.0,0.01599999999999995,0.016000000000000018,6.938893903907228e-17,3,2,0.38399999999999995,0.01600000000000002,0.36799999999999994,1.0,0.18399999999999997
0.986,0.2,1.0,0.0,0.014000000000000014,0.01400000000000013,1.1622647289044608e-16,3,2,0.386,0.014000000000000047,0.37199999999999994,1.0,0.18599999999999997
0.988,0.2,1.0,0.0,0.012000000000000014,0.012000000000000028,1.3877787807814457e-17,3,2,0.38799999999999996,0.01199999999999999,0.37599999999999995,1.0,0.18799999999999997
0.99,0.2,1.0,0.0,0.010000000000000012,0.010000000000000115,1.0234868508263162e-16,3,1,0.3900000000000001,0.009999999999999926,0.3800000000000002,1.0,0.1900000000000001
0.992,0.2,1.0,0.0,0.008000000000000087,0.008000000000000096,8.673617379884035e-18,3,1,0.392,0.00799999999999999,0.384,1.0,0.192
0.994,0.2,1.0,0.0,0.0060000000000000045,0.006000000000000032,2.7755575615628914e-17,3,1,0.39399999999999996,0.006000000000000006,0.38799999999999996,1.0,0.19399999999999998
0.996,0.2,1.0,0.0,0.003999999999999967,0.004000000000000009,4.163336342344337e-17,3,1,0.396,0.003999999999999959,0.39200000000000007,1.0,0.19600000000000004
0.998,0.2,1.0,0.0,0.001999999999999957,0.002000000000000006,4.90059381963448e-17,3,1,0.398,0.0019999999999999467,0.3960000000000001,1.0,0.19800000000000004
1.0,0.2,1.0,0.0,-1.1762392292557612e-16,1.96782694305616e-17,1.373021923561377e-16,3,2,0.39999999999999997,2.984821948297808e-17,0.3999999999999999,1.0,0.19999999999999996
0.0,0.3,1.0,0.0,-0.4000000000000005,0.9999999999999998,1.4000000000000004,1,3,-0.4,0.9999999999999999,1.4,-1.0,-0.7
0.002,0.3,1.0,0.0,-0.3980000000000001,0.998,1.3960000000000001,1,2,-0.3979999999999996,0.9979999999999986,1.3959999999999981,-1.0,-0.6979999999999991
0.004,0.3,1.0,0.0,-0.3959999999999999,0.9959999999999994,1.3919999999999995,1,2,-0.3959999999999997,0.9959999999999998,1.3919999999999995,-1.0,-0.6959999999999997
0.006,0.3,1.0,0.0,-0.393999999999999,0.9939999999999999,1.387999999999999,1,3,-0.39399999999999996,0.994,1.388,-1.0,-0.694
0.008,0.3,1.0,0.0,-0.3919999999999998,0.9919999999999994,1.3839999999999992,1,3,-0.3920000000000001,0.9920000000000002,1.3840000000000003,-1.0,-0.6920000000000002
0.01,0.3,1.0,0.0,-0.3899999999999995,0.9899999999999998,1.3799999999999992,1,2,-0.39000000000000057,0.99,1.3800000000000006,-1.0,-0.6900000000000003
0.012,0.3,1.0,0.0,-0.38799999999999957,0.9879999999999997,1.3759999999999992,1,2,-0.38799999999999973,0.9879999999999999,1.3759999999999997,-1.0,-0.6879999999999998
0.014,0.3,1.0,0.0,-0.386,0.9859999999999993,1.3719999999999994,1,3,-0.3859999999999993,0.9860000000000004,1.3719999999999997,-1.0,-0.6859999999999998
0.016,0.3,1.0,0.0,-0.38399999999999973,0.9839999999999992,1.367999999999999,1,2,-0.38400000000000034,0.9840000000000001,1.3680000000000003,-1.0,-0.6840000000000002
0.018000000000000002,0.3,1.0,0.0,-0.382,0.9819999999999999,1.3639999999999999,1,2,-0.38200000000000023,0.9819999999999994,1.3639999999999997,-1.0,-0.6819999999999998
0.02,0.3,1.0,0.0,-0.37999999999999984,0.9799999999999996,1.3599999999999994,1,3,-0.38000000000000017,0.9800000000000002,1.3600000000000003,-1.0,-0.6800000000000002
0.022,0.3,1.0,0.0,-0.37799999999999984,0.9779999999999991,1.355999999999999,1,3,-0.3779999999999999,0.9780000000000002,1.356,-1.0,-0.678
0.024,0.3,1.0,0.0,-0.37599999999999956,0.9759999999999996,1.3519999999999992,1,3,-0.3759999999999997,0.976,1.3519999999999996,-1.0,-0.6759999999999998
0.026000000000000002,0.3,1.0,0.0,-0.3739999999999999,0.9739999999999991,1.347999999999999,1,3,-0.37399999999999967,0.9740000000000003,1.3479999999999999,-1.0,-0.6739999999999999
0.028,0.3,1.0,0.0,-0.3719999999999999,0.9719999999999996,1.3439999999999994,1,3,-0.3720000000000004,0.9720000000000006,1.344000000000001,-1.0,-0.6720000000000005
0.03,0.3,1.0,0.0,-0.37000000000000005,0.9699999999999998,1.3399999999999999,1,3,-0.37000000000000083,0.9700000000000001,1.340000000000001,-1.0,-0.6700000000000005
0.032,0.3,1.0,0.0,-0.3679999999999995,0.9679999999999996,1.3359999999999992,1,2,-0.3679999999999996,0.9679999999999996,1.3359999999999992,-1.0,-0.6679999999999996
0.034,0.3,1.0,0.0,-0.366,0.9659999999999994,1.3319999999999994,1,2,-0.3659999999999998,0.9659999999999997,1.3319999999999996,-1.0,-0.6659999999999998
0.036000000000000004,0.3,1.0,0.0,-0.3640000000000001,0.9639999999999999,1.3279999999999998,1,2,-0.3640000000000001,0.9639999999999997,1.3279999999999998,-1.0,-0.6639999999999999
0.038,0.3,1.0,0.0,-0.3619999999999996,0.961999999999999,1.3239999999999985,1,2,-0.36199999999999943,0.9619999999999997,1.3239999999999992,-1.0,-0.6619999999999996
0.04,0.3,1.0,0.0,-0.36000000000000015,0.96,1.32,1,3,-0.3599999999999999,0.9600000000000003,1.3200000000000003,-1.0,-0.6600000000000001
0.042,0.3,1.0,0.0,-0.3579999999999997,0.9579999999999994,1.3159999999999992,1,3,-0.35799999999999965,0.9580000000000002,1.3159999999999998,-1.0,-0.6579999999999999
0.044,0.3,1.0,0.0,-0.35600000000000004,0.9559999999999996,1.3119999999999996,1,3,-0.3559999999999993,0.9560000000000001,1.3119999999999994,-1.0,-0.6559999999999997
0.046,0.3,1.0,0.0,-0.35399999999999965,0.9539999999999997,1.3079999999999994,1,2,-0.35400000000000004,0.954,1.308,-1.0,-0.654
0.048,0.3,1.0,0.0,-0.3519999999999996,0.9519999999999996,1.3039999999999992,1,3,-0.3520000000000002,0.9520000000000002,1.3040000000000003,-1.0,-0.6520000000000001
0.05,0.3,1.0,0.0,-0.35000000000000003,0.95,1.3,1,3,-0.3499999999999998,0.9500000000000002,1.3,-1.0,-0.65
0.052000000000000005,0.3,1.0,0.0,-0.34799999999999986,0.948,1.2959999999999998,1,3,-0.348,0.948,1.2959999999999998,-1.0,-0.6479999999999999
0.054,0.3,1.0,0.0,-0.3459999999999996,0.9459999999999996,1.2919999999999991,1,3,-0.34600000000000003,0.9460000000000001,1.292,-1.0,-0.646
0.056,0.3,1.0,0.0,-0.3439999999999998,0.9439999999999997,1.2879999999999996,1,3,-0.34400000000000003,0.9440000000000004,1.2880000000000005,-1.0,-0.6440000000000002
0.058,0.3,1.0,0.0,-0.34200000000000025,0.942,1.2840000000000003,1,2,-0.3420000000000002,0.9419999999999998,1.284,-1.0,-0.642
0.06,0.3,1.0,0.0,-0.33999999999999986,0.9399999999999995,1.2799999999999994,1,3,-0.34,0.9400000000000001,1.28,-1.0,-0.64
0.062,0.3,1.0,0.0,-0.33799999999999986,0.9379999999999993,1.2759999999999991,1,3,-0.33800000000000047,0.9380000000000004,1.276000000000001,-1.0,-0.6380000000000005
0.064,0.3,1.0,0.0,-0.33599999999999985,0.9359999999999993,1.2719999999999991,1,3,-0.33600000000000085,0.9360000000000002,1.2720000000000011,-1.0,-0.6360000000000006
0.066,0.3,1.0,0.0,-0.3340000000000001,0.9339999999999998,1.2679999999999998,1,3,-0.33399999999999935,0.934,1.2679999999999993,-1.0,-0.6339999999999997
0.068,0.3,1.0,0.0,-0.33199999999999974,0.9319999999999998,1.2639999999999996,1,3,-0.332,0.9320000000000006,1.2640000000000007,-1.0,-0.6320000000000003
0.07,0.3,1.0,0.0,-0.3299999999999992,0.9299999999999998,1.259999999999999,1,2,-0.33,0.9299999999999997,1.2599999999999998,-1.0,-0.6299999999999999
0.07200000000000001,0.3,1.0,0.0,-0.3279999999999999,0.9279999999999996,1.2559999999999996,1,3,-0.32800000000000024,0.9280000000000006,1.256000000000001,-1.0,-0.6280000000000004
0.074,0.3,1.0,0.0,-0.32599999999999996,0.9259999999999996,1.2519999999999996,1,3,-0.3259999999999998,0.9260000000000004,1.2520000000000002,-1.0,-0.6260000000000001
0.076,0.3,1.0,0.0,-0.32399999999999984,0.9239999999999996,1.2479999999999993,1,3,-0.32399999999999973,0.9240000000000002,1.2479999999999998,-1.0,-0.6239999999999999
0.078,0.3,1.0,0.0,-0.32200000000000006,0.922,1.2440000000000002,1,3,-0.32199999999999995,0.9220000000000002,1.2440000000000002,-1.0,-0.6220000000000001
0.08,0.3,1.0,0.0,-0.31999999999999973,0.9199999999999993,1.2399999999999989,1,3,-0.31999999999999973,0.9200000000000004,1.2400000000000002,-1.0,-0.6200000000000001
0.082,0.3,1.0,0.0,-0.3179999999999996,0.9179999999999998,1.2359999999999993,1,2,-0.318,0.918,1.236,-1.0,-0.618
0.084,0.3,1.0,0.0,-0.31599999999999984,0.9159999999999998,1.2319999999999998,1,2,-0.3160000000000001,0.9159999999999998,1.232,-1.0,-0.616
0.08600000000000001,0.3,1.0,0.0,-0.31399999999999983,0.9139999999999994,1.2279999999999993,1,2,-0.31400000000000033,0.9139999999999999,1.2280000000000002,-1.0,-0.6140000000000001
0.088,0.3,1.0,0.0,-0.3119999999999998,0.9119999999999996,1.2239999999999993,1,2,-0.3119999999999996,0.9119999999999999,1.2239999999999995,-1.0,-0.6119999999999998
0.09,0.3,1.0,0.0,-0.30999999999999983,0.9099999999999994,1.2199999999999993,1,3,-0.30999999999999994,0.9100000000000001,1.2200000000000002,-1.0,-0.6100000000000001
0.092,0.3,1.0,0.0,-0.308,0.9079999999999989,1.2159999999999989,1,3,-0.3080000000000005,0.908,1.2160000000000006,-1.0,-0.6080000000000003
0.094,0.3,1.0,0.0,-0.30599999999999977,0.9059999999999995,1.2119999999999993,1,2,-0.30600000000000066,0.9060000000000002,1.2120000000000009,-1.0,-0.6060000000000004
0.096,0.3,1.0,0.0,-0.304,0.9039999999999998,1.2079999999999997,1,3,-0.3040000000000004,0.9040000000000004,1.2080000000000006,-1.0,-0.6040000000000003
0.098,0.3,1.0,0.0,-0.3020000000000001,0.9019999999999999,1.204,1,3,-0.3019999999999997,0.9020000000000002,1.204,-1.0,-0.602
0.1,0.3,1.0,0.0,-0.29999999999999993,0.8999999999999994,1.1999999999999993,1,3,-0.3000000000000002,0.9,1.2000000000000002,-1.0,-0.6000000000000001
0.10200000000000001,0.3,1.0,0.0,-0.2979999999999997,0.8979999999999999,1.1959999999999997,1,2,-0.2980000000000007,0.8979999999999996,1.1960000000000002,-1.0,-0.5980000000000001
0.10400000000000001,0.3,1.0,0.0,-0.2959999999999991,0.8959999999999994,1.1919999999999984,1,2,-0.2959999999999996,0.8959999999999988,1.1919999999999984,-1.0,-0.5959999999999992
0.106,0.3,1.0,0.0,-0.29399999999999993,0.8939999999999998,1.1879999999999997,1,2,-0.29400000000000076,0.8939999999999998,1.1880000000000006,-1.0,-0.5940000000000003
0.108,0.3,1.0,0.0,-0.29200000000000004,0.8919999999999999,1.184,1,2,-0.29199999999999926,0.8919999999999992,1.1839999999999984,-1.0,-0.5919999999999992
0.11,0.3,1.0,0.0,-0.2899999999999994,0.8899999999999995,1.1799999999999988,1,3,-0.28999999999999987,0.8900000000000001,1.18,-1.0,-0.59
0.112,0.3,1.0,0.0,-0.28800000000000003,0.888,1.1760000000000002,1,2,-0.2880000000000003,0.8879999999999995,1.1759999999999997,-1.0,-0.5879999999999999
0.114,0.3,1.0,0.0,-0.2859999999999999,0.8859999999999999,1.1719999999999997,1,3,-0.2860000000000002,0.8860000000000003,1.1720000000000006,-1.0,-0.5860000000000003
0.116,0.3,1.0,0.0,-0.284,0.8839999999999999,1.168,1,3,-0.2839999999999999,0.884,1.168,-1.0,-0.584
0.11800000000000001,0.3,1.0,0.0,-0.282,0.8819999999999993,1.1639999999999993,1,3,-0.28200000000000003,0.8819999999999999,1.164,-1.0,-0.582
0.12,0.3,1.0,0.0,-0.2799999999999996,0.8799999999999992,1.1599999999999988,1,2,-0.28000000000000014,0.8800000000000001,1.1600000000000001,-1.0,-0.5800000000000001
0.122,0.3,1.0,0.0,-0.2780000000000001,0.8779999999999997,1.1559999999999997,1,2,-0.27799999999999997,0.8779999999999994,1.1559999999999995,-1.0,-0.5779999999999997
0.124,0.3,1.0,0.0,-0.27600000000000013,0.8759999999999998,1.152,1,3,-0.27599999999999936,0.8760000000000001,1.1519999999999995,-1.0,-0.5759999999999997
0.126,0.3,1.0,0.0,-0.27399999999999974,0.8739999999999998,1.1479999999999995,1,3,-0.2739999999999998,0.8740000000000001,1.148,-1.0,-0.574
0.128,0.3,1.0,0.0,-0.27199999999999996,0.8719999999999999,1.144,1,3,-0.27199999999999963,0.8720000000000001,1.1439999999999997,-1.0,-0.5719999999999998
0.13,0.3,1.0,0.0,-0.26999999999999985,0.8699999999999996,1.1399999999999995,1,2,-0.2700000000000002,0.8699999999999993,1.1399999999999995,-1.0,-0.5699999999999997
0.132,0.3,1.0,0.0,-0.26800000000000007,0.8679999999999995,1.1359999999999997,1,2,-0.26800000000000007,0.8679999999999999,1.136,-1.0,-0.568
0.134,0.3,1.0,0.0,-0.2660000000000001,0.866,1.1320000000000001,1,3,-0.266,0.866,1.1320000000000001,-1.0,-0.5660000000000001
0.136,0.3,1.0,0.0,-0.2640000000000001,0.8639999999999998,1.128,1,3,-0.2640000000000001,0.8640000000000002,1.1280000000000003,-1.0,-0.5640000000000002
0.138,0.3,1.0,0.0,-0.2620000000000001,0.8619999999999994,1.1239999999999997,1,3,-0.26199999999999946,0.862,1.1239999999999994,-1.0,-0.5619999999999997
0.14,0.3,1.0,0.0,-0.25999999999999934,0.8599999999999998,1.1199999999999992,1,2,-0.2600000000000003,0.8599999999999999,1.12,-1.0,-0.56
0.14200000000000002,0.3,1.0,0.0,-0.25799999999999995,0.857999999999999,1.115999999999999,1,2,-0.25799999999999973,0.8579999999999999,1.1159999999999997,-1.0,-0.5579999999999998
0.14400000000000002,0.3,1.0,0.0,-0.2560000000000001,0.855999999999999,1.1119999999999992,1,3,-0.2559999999999996,0.8560000000000001,1.1119999999999997,-1.0,-0.5559999999999998
0.146,0.3,1.0,0.0,-0.2539999999999999,0.8539999999999995,1.1079999999999994,1,2,-0.2540000000000002,0.8540000000000002,1.1080000000000005,-1.0,-0.5540000000000003
0.148,0.3,1.0,0.0,-0.25199999999999956,0.852,1.1039999999999996,1,3,-0.25200000000000017,0.8520000000000003,1.1040000000000005,-1.0,-0.5520000000000003
0.15,0.3,1.0,0.0,-0.2499999999999998,0.8499999999999999,1.0999999999999996,1,2,-0.2500000000000003,0.8499999999999995,1.0999999999999999,-1.0,-0.5499999999999999
0.152,0.3,1.0,0.0,-0.24799999999999967,0.8479999999999996,1.0959999999999992,1,3,-0.2479999999999996,0.848,1.0959999999999996,-1.0,-0.5479999999999998
0.154,0.3,1.0,0.0,-0.24599999999999958,0.8459999999999994,1.091999999999999,1,3,-0.24600000000000014,0.8460000000000001,1.0920000000000003,-1.0,-0.5460000000000002
0.156,0.3,1.0,0.0,-0.24399999999999974,0.8439999999999999,1.0879999999999996,1,3,-0.24399999999999997,0.8440000000000001,1.088,-1.0,-0.544
0.158,0.3,1.0,0.0,-0.24199999999999963,0.8419999999999997,1.0839999999999994,1,2,-0.24200000000000044,0.8419999999999997,1.084,-1.0,-0.542
0.16,0.3,1.0,0.0,-0.23999999999999952,0.8399999999999992,1.0799999999999987,1,2,-0.24000000000000038,0.8399999999999999,1.0800000000000003,-1.0,-0.5400000000000001
0.162,0.3,1.0,0.0,-0.2380000000000001,0.8379999999999997,1.0759999999999998,1,2,-0.23799999999999982,0.837999999999999,1.0759999999999987,-1.0,-0.5379999999999994
0.164,0.3,1.0,0.0,-0.23600000000000002,0.8359999999999993,1.0719999999999994,1,3,-0.23599999999999993,0.8360000000000003,1.0720000000000003,-1.0,-0.5360000000000001
0.166,0.3,1.0,0.0,-0.2339999999999998,0.8339999999999996,1.0679999999999994,1,3,-0.23399999999999974,0.8340000000000003,1.068,-1.0,-0.534
0.168,0.3,1.0,0.0,-0.23199999999999962,0.8319999999999995,1.0639999999999992,1,2,-0.2319999999999994,0.832,1.0639999999999994,-1.0,-0.5319999999999997
0.17,0.3,1.0,0.0,-0.22999999999999984,0.8299999999999992,1.059999999999999,1,2,-0.22999999999999976,0.83,1.0599999999999996,-1.0,-0.5299999999999998
0.17200000000000001,0.3,1.0,0.0,-0.22799999999999943,0.8279999999999997,1.0559999999999992,1,3,-0.22799999999999992,0.8279999999999998,1.0559999999999998,-1.0,-0.5279999999999999
0.17400000000000002,0.3,1.0,0.0,-0.22599999999999948,0.8259999999999992,1.0519999999999987,1,3,-0.22599999999999956,0.8259999999999997,1.0519999999999994,-1.0,-0.5259999999999997
0.176,0.3,1.0,0.0,-0.22399999999999975,0.8239999999999998,1.0479999999999996,1,3,-0.22400000000000037,0.8240000000000001,1.0480000000000005,-1.0,-0.5240000000000002
0.178,0.3,1.0,0.0,-0.22199999999999992,0.8219999999999997,1.0439999999999996,1,2,-0.22200000000000022,0.8219999999999997,1.044,-1.0,-0.522
0.18,0.3,1.0,0.0,-0.21999999999999992,0.8199999999999995,1.0399999999999994,1,2,-0.22000000000000014,0.8200000000000001,1.0400000000000003,-1.0,-0.5200000000000001
0.182,0.3,1.0,0.0,-0.2179999999999998,0.8179999999999998,1.0359999999999996,1,3,-0.21800000000000028,0.8180000000000003,1.0360000000000005,-1.0,-0.5180000000000002
0.184,0.3,1.0,0.0,-0.2160000000000002,0.816,1.032,1,3,-0.21599999999999958,0.8160000000000003,1.0319999999999998,-1.0,-0.5159999999999999
0.186,0.3,1.0,0.0,-0.21400000000000005,0.8139999999999995,1.0279999999999996,1,3,-0.21399999999999975,0.8140000000000001,1.0279999999999998,-1.0,-0.5139999999999999
0.188,0.3,1.0,0.0,-0.21199999999999988,0.8119999999999998,1.0239999999999998,1,2,-0.21200000000000063,0.812,1.0240000000000007,-1.0,-0.5120000000000003
0.19,0.3,1.0,0.0,-0.20999999999999996,0.8099999999999999,1.02,1,2,-0.21000000000000058,0.81,1.0200000000000007,-1.0,-0.5100000000000003
0.192,0.3,1.0,0.0,-0.20799999999999946,0.8079999999999998,1.0159999999999993,1,3,-0.20799999999999985,0.8079999999999999,1.0159999999999998,-1.0,-0.5079999999999999
0.194,0.3,1.0,0.0,-0.20599999999999996,0.8059999999999994,1.0119999999999993,1,2,-0.20600000000000057,0.8059999999999999,1.0120000000000005,-1.0,-0.5060000000000002
0.196,0.3,1.0,0.0,-0.20400000000000007,0.8039999999999998,1.008,1,3,-0.20400000000000032,0.804,1.0080000000000005,-1.0,-0.5040000000000002
0.198,0.3,1.0,0.0,-0.20199999999999957,0.8019999999999995,1.0039999999999991,1,3,-0.20200000000000015,0.8020000000000003,1.0040000000000004,-1.0,-0.5020000000000002
0.2,0.3,1.0,0.0,-0.19999999999999993,0.7999999999999997,0.9999999999999997,1,3,-0.20000000000000007,0.8,1.0,-1.0,-0.5
0.202,0.3,1.0,0.0,-0.198,0.7979999999999996,0.9959999999999996,1,2,-0.19800000000000023,0.7979999999999998,0.996,-1.0,-0.498
0.20400000000000001,0.3,1.0,0.0,-0.19599999999999973,0.7959999999999998,0.9919999999999995,1,3,-0.1959999999999999,0.7960000000000002,0.992,-1.0,-0.496
0.20600000000000002,0.3,1.0,0.0,-0.1939999999999998,0.7939999999999998,0.9879999999999997,1,3,-0.194,0.7940000000000005,0.9880000000000004,-1.0,-0.4940000000000002
0.20800000000000002,0.3,1.0,0.0,-0.1919999999999997,0.792,0.9839999999999998,1,2,-0.19200000000000023,0.7919999999999998,0.984,-1.0,-0.492
0.21,0.3,1.0,0.0,-0.1899999999999997,0.7899999999999995,0.9799999999999992,1,2,-0.19000000000000025,0.79,0.9800000000000003,-1.0,-0.49000000000000016
0.212,0.3,1.0,0.0,-0.1879999999999996,0.7879999999999997,0.9759999999999993,1,3,-0.18799999999999983,0.7880000000000005,0.9760000000000003,-1.0,-0.48800000000000016
0.214,0.3,1.0,0.0,-0.18600000000000005,0.786,0.9720000000000001,1,2,-0.18599999999999992,0.786,0.972,-1.0,-0.486
0.216,0.3,1.0,0.0,-0.18399999999999944,0.7839999999999999,0.9679999999999993,1,3,-0.18400000000000039,0.784,0.9680000000000004,-1.0,-0.4840000000000002
0.218,0.3,1.0,0.0,-0.1820000000000001,0.7819999999999996,0.9639999999999997,1,2,-0.182,0.7819999999999999,0.964,-1.0,-0.482
0.22,0.3,1.0,0.0,-0.17999999999999966,0.7799999999999994,0.9599999999999991,1,3,-0.17999999999999994,0.7800000000000009,0.9600000000000009,-1.0,-0.4800000000000004
0.222,0.3,1.0,0.0,-0.1779999999999991,0.7779999999999992,0.9559999999999984,1,2,-0.17800000000000019,0.7779999999999996,0.9559999999999997,-1.0,-0.47799999999999987
0.224,0.3,1.0,0.0,-0.1759999999999997,0.7759999999999999,0.9519999999999996,1,2,-0.1760000000000001,0.7759999999999995,0.9519999999999995,-1.0,-0.47599999999999976
0.226,0.3,1.0,0.0,-0.17399999999999988,0.7739999999999998,0.9479999999999997,1,2,-0.17400000000000004,0.7739999999999999,0.948,-1.0,-0.474
0.228,0.3,1.0,0.0,-0.17199999999999982,0.7719999999999991,0.943999999999999,1,2,-0.17200000000000015,0.7719999999999999,0.9440000000000001,-1.0,-0.47200000000000003
0.23,0.3,1.0,0.0,-0.1699999999999998,0.7699999999999999,0.9399999999999997,1,3,-0.16999999999999987,0.77,0.94,-1.0,-0.47
0.232,0.3,1.0,0.0,-0.16799999999999987,0.7679999999999996,0.9359999999999995,1,2,-0.16799999999999965,0.7679999999999993,0.935999999999999,-1.0,-0.4679999999999995
0.234,0.3,1.0,0.0,-0.16599999999999987,0.7659999999999992,0.931999999999999,1,3,-0.16599999999999995,0.7660000000000001,0.932,-1.0,-0.466
0.23600000000000002,0.3,1.0,0.0,-0.16399999999999976,0.7639999999999999,0.9279999999999997,1,2,-0.16400000000000003,0.7639999999999999,0.9279999999999999,-1.0,-0.46399999999999997
0.23800000000000002,0.3,1.0,0.0,-0.162,0.7619999999999998,0.9239999999999998,1,3,-0.1619999999999999,0.7620000000000005,0.9240000000000004,-1.0,-0.4620000000000002
0.24,0.3,1.0,0.0,-0.15999999999999978,0.7599999999999995,0.9199999999999993,1,3,-0.1599999999999999,0.76,0.9199999999999999,-1.0,-0.45999999999999996
0.242,0.3,1.0,0.0,-0.1579999999999996,0.7579999999999996,0.9159999999999991,1,2,-0.15800000000000025,0.7579999999999998,0.916,-1.0,-0.458
0.244,0.3,1.0,0.0,-0.15599999999999992,0.7559999999999999,0.9119999999999998,1,2,-0.1559999999999999,0.7559999999999993,0.9119999999999993,-1.0,-0.45599999999999963
0.246,0.3,1.0,0.0,-0.15399999999999991,0.7539999999999993,0.9079999999999993,1,3,-0.15399999999999972,0.7540000000000001,0.9079999999999998,-1.0,-0.4539999999999999
0.248,0.3,1.0,0.0,-0.15199999999999997,0.7519999999999998,0.9039999999999997,1,2,-0.15200000000000055,0.7519999999999994,0.904,-1.0,-0.452
0.25,0.3,1.0,0.0,-0.15000000000000005,0.7499999999999999,0.8999999999999999,1,3,-0.14999999999999997,0.75,0.8999999999999999,-1.0,-0.44999999999999996
0.252,0.3,1.0,0.0,-0.1480000000000001,0.7479999999999994,0.8959999999999996,1,3,-0.1479999999999999,0.7480000000000004,0.8960000000000004,-1.0,-0.4480000000000002
0.254,0.3,1.0,0.0,-0.14600000000000002,0.7459999999999998,0.8919999999999998,1,3,-0.1460000000000002,0.7460000000000002,0.8920000000000005,-1.0,-0.44600000000000023
0.256,0.3,1.0,0.0,-0.14400000000000013,0.7439999999999998,0.8879999999999999,1,3,-0.14400000000000038,0.7440000000000008,0.8880000000000011,-1.0,-0.44400000000000056
0.258,0.3,1.0,0.0,-0.142,0.7419999999999998,0.8839999999999998,1,3,-0.14200000000000026,0.7420000000000004,0.8840000000000007,-1.0,-0.44200000000000034
0.26,0.3,1.0,0.0,-0.1400000000000002,0.7399999999999995,0.8799999999999998,1,2,-0.1399999999999997,0.7399999999999998,0.8799999999999994,-1.0,-0.4399999999999997
0.262,0.3,1.0,0.0,-0.13799999999999968,0.7379999999999997,0.8759999999999993,1,2,-0.13799999999999976,0.7380000000000001,0.8759999999999999,-1.0,-0.43799999999999994
0.264,0.3,1.0,0.0,-0.13599999999999982,0.7359999999999991,0.8719999999999989,1,2,-0.13600000000000004,0.7360000000000002,0.8720000000000002,-1.0,-0.4360000000000001
0.266,0.3,1.0,0.0,-0.13399999999999962,0.7339999999999999,0.8679999999999994,1,2,-0.13399999999999992,0.7340000000000002,0.8680000000000001,-1.0,-0.43400000000000005
0.268,0.3,1.0,0.0,-0.13199999999999995,0.7319999999999998,0.8639999999999997,1,2,-0.13199999999999976,0.7320000000000002,0.864,-1.0,-0.432
0.27,0.3,1.0,0.0,-0.12999999999999975,0.7299999999999995,0.8599999999999993,1,2,-0.12999999999999984,0.7299999999999998,0.8599999999999997,-1.0,-0.4299999999999998
0.272,0.3,1.0,0.0,-0.12800000000000003,0.7279999999999991,0.8559999999999991,1,2,-0.12799999999999973,0.728,0.8559999999999997,-1.0,-0.4279999999999998
0.274,0.3,1.0,0.0,-0.12599999999999967,0.7259999999999994,0.8519999999999991,1,3,-0.12599999999999945,0.7260000000000004,0.8519999999999999,-1.0,-0.42599999999999993
0.276,0.3,1.0,0.0,-0.12399999999999964,0.7239999999999998,0.8479999999999994,1,3,-0.1239999999999996,0.7240000000000001,0.8479999999999996,-1.0,-0.4239999999999998
0.278,0.3,1.0,0.0,-0.12199999999999993,0.7219999999999999,0.8439999999999998,1,2,-0.12199999999999996,0.7219999999999995,0.8439999999999995,-1.0,-0.42199999999999976
0.28,0.3,1.0,0.0,-0.11999999999999962,0.7199999999999998,0.8399999999999994,1,3,-0.11999999999999984,0.7200000000000001,0.84,-1.0,-0.42
0.28200000000000003,0.3,1.0,0.0,-0.11799999999999977,0.7179999999999996,0.8359999999999994,1,3,-0.11799999999999955,0.718,0.8359999999999995,-1.0,-0.41799999999999976
0.28400000000000003,0.3,1.0,0.0,-0.11599999999999998,0.7159999999999999,0.8319999999999999,1,3,-0.11599999999999999,0.7160000000000003,0.8320000000000003,-1.0,-0.41600000000000015
0.28600000000000003,0.3,1.0,0.0,-0.11399999999999975,0.7139999999999994,0.8279999999999992,1,2,-0.11400000000000035,0.714,0.8280000000000003,-1.0,-0.41400000000000015
0.28800000000000003,0.3,1.0,0.0,-0.11200000000000006,0.7119999999999997,0.8239999999999998,1,3,-0.11199999999999992,0.7120000000000004,0.8240000000000003,-1.0,-0.41200000000000014
0.29,0.3,1.0,0.0,-0.1100000000000001,0.71,0.8200000000000001,1,3,-0.11000000000000011,0.7100000000000004,0.8200000000000005,-1.0,-0.41000000000000025
0.292,0.3,1.0,0.0,-0.10799999999999996,0.7079999999999999,0.8159999999999998,1,3,-0.10799999999999992,0.7080000000000006,0.8160000000000005,-1.0,-0.40800000000000025
0.294,0.3,1.0,0.0,-0.10599999999999994,0.7059999999999998,0.8119999999999998,1,2,-0.1060000000000001,0.7059999999999997,0.8119999999999998,-1.0,-0.4059999999999999
0.296,0.3,1.0,0.0,-0.10399999999999984,0.7039999999999995,0.8079999999999994,1,2,-0.10399999999999968,0.7039999999999998,0.8079999999999995,-1.0,-0.40399999999999975
0.298,0.3,1.0,0.0,-0.1019999999999999,0.7019999999999992,0.803999999999999,1,2,-0.10200000000000001,0.7019999999999998,0.8039999999999998,-1.0,-0.4019999999999999
0.3,0.3,1.0,0.0,-0.09999999999999996,0.6999999999999998,0.7999999999999998,1,3,-0.10000000000000003,0.7000000000000012,0.8000000000000012,-1.0,-0.4000000000000006
0.302,0.3,1.0,0.0,-0.098,0.6979999999999998,0.7959999999999998,1,3,-0.09800000000000017,0.6980000000000002,0.7960000000000004,-1.0,-0.3980000000000002
0.304,0.3,1.0,0.0,-0.09600000000000007,0.6959999999999996,0.7919999999999997,1,2,-0.09599999999999968,0.696,0.7919999999999996,-1.0,-0.3959999999999998
0.306,0.3,1.0,0.0,-0.09399999999999989,0.6939999999999996,0.7879999999999995,1,2,-0.094,0.6939999999999996,0.7879999999999996,-1.0,-0.3939999999999998
0.308,0.3,1.0,0.0,-0.09199999999999992,0.6919999999999998,0.7839999999999998,1,2,-0.09199999999999986,0.6920000000000001,0.7839999999999999,-1.0,-0.39199999999999996
0.31,0.3,1.0,0.0,-0.08999999999999966,0.6899999999999997,0.7799999999999994,1,3,-0.08999999999999965,0.6899999999999998,0.7799999999999995,-1.0,-0.38999999999999974
0.312,0.3,1.0,0.0,-0.08800000000000012,0.6879999999999998,0.7759999999999999,1,3,-0.08799999999999965,0.6880000000000002,0.7759999999999998,-1.0,-0.3879999999999999
0.314,0.3,1.0,0.0,-0.08599999999999947,0.6859999999999999,0.7719999999999994,1,2,-0.08599999999999978,0.6859999999999995,0.7719999999999992,-1.0,-0.3859999999999996
0.316,0.3,1.0,0.0,-0.08399999999999991,0.6839999999999996,0.7679999999999996,1,2,-0.08399999999999977,0.6839999999999997,0.7679999999999995,-1.0,-0.38399999999999973
0.318,0.3,1.0,0.0,-0.08199999999999995,0.6819999999999997,0.7639999999999997,1,3,-0.08199999999999982,0.6819999999999998,0.7639999999999997,-1.0,-0.38199999999999984
0.32,0.3,1.0,0.0,-0.0799999999999998,0.6799999999999998,0.7599999999999996,1,3,-0.0799999999999999,0.68,0.76,-1.0,-0.38
0.322,0.3,1.0,0.0,-0.07800000000000007,0.6779999999999997,0.7559999999999998,1,2,-0.07799999999999993,0.6779999999999998,0.7559999999999998,-1.0,-0.3779999999999999
0.324,0.3,1.0,0.0,-0.07600000000000003,0.6759999999999999,0.752,1,3,-0.07599999999999969,0.6759999999999999,0.7519999999999997,-1.0,-0.37599999999999983
0.326,0.3,1.0,0.0,-0.07399999999999982,0.6739999999999995,0.7479999999999993,1,2,-0.07400000000000022,0.6739999999999995,0.7479999999999997,-1.0,-0.37399999999999983
0.328,0.3,1.0,0.0,-0.07200000000000013,0.6719999999999999,0.7440000000000001,1,3,-0.072,0.6720000000000003,0.7440000000000002,-1.0,-0.3720000000000001
0.33,0.3,1.0,0.0,-0.06999999999999998,0.6699999999999993,0.7399999999999992,1,3,-0.0699999999999998,0.6700000000000004,0.7400000000000002,-1.0,-0.3700000000000001
0.332,0.3,1.0,0.0,-0.06799999999999956,0.6679999999999994,0.7359999999999989,1,2,-0.06800000000000021,0.6679999999999998,0.736,-1.0,-0.368
0.334,0.3,1.0,0.0,-0.06599999999999974,0.6659999999999998,0.7319999999999995,1,2,-0.06600000000000025,0.6659999999999997,0.732,-1.0,-0.366
0.336,0.3,1.0,0.0,-0.06399999999999993,0.6639999999999998,0.7279999999999998,1,3,-0.06399999999999967,0.6640000000000004,0.728,-1.0,-0.364
0.338,0.3,1.0,0.0,-0.06199999999999939,0.6619999999999998,0.7239999999999992,1,2,-0.0620000000000002,0.6619999999999997,0.7239999999999999,-1.0,-0.36199999999999993
0.34,0.3,1.0,0.0,-0.059999999999999866,0.659999999999999,0.7199999999999989,1,3,-0.060000000000000525,0.6600000000000001,0.7200000000000006,-1.0,-0.3600000000000003
0.342,0.3,1.0,0.0,-0.05799999999999973,0.6579999999999996,0.7159999999999993,1,2,-0.05800000000000017,0.6579999999999999,0.7160000000000001,-1.0,-0.35800000000000004
0.34400000000000003,0.3,1.0,0.0,-0.055999999999999564,0.6559999999999997,0.7119999999999993,1,3,-0.05599999999999993,0.656,0.712,-1.0,-0.356
0.34600000000000003,0.3,1.0,0.0,-0.05399999999999998,0.6539999999999998,0.7079999999999997,1,3,-0.05400000000000015,0.6540000000000001,0.7080000000000003,-1.0,-0.35400000000000015
0.34800000000000003,0.3,1.0,0.0,-0.051999999999999935,0.6519999999999995,0.7039999999999994,1,2,-0.0520000000000002,0.6519999999999999,0.7040000000000001,-1.0,-0.35200000000000004
0.35000000000000003,0.3,1.0,0.0,-0.04999999999999976,0.6499999999999992,0.699999999999999,1,3,-0.04999999999999957,0.6499999999999999,0.6999999999999995,-1.0,-0.34999999999999976
0.352,0.3,1.0,0.0,-0.04799999999999999,0.6479999999999995,0.6959999999999995,1,2,-0.04799999999999971,0.6479999999999991,0.6959999999999988,-1.0,-0.3479999999999994
0.354,0.3,1.0,0.0,-0.0459999999999996,0.6459999999999998,0.6919999999999994,1,3,-0.04599999999999969,0.6460000000000001,0.6919999999999998,-1.0,-0.3459999999999999
0.356,0.3,1.0,0.0,-0.04399999999999999,0.6439999999999996,0.6879999999999996,1,2,-0.0440000000000002,0.6439999999999999,0.6880000000000001,-1.0,-0.34400000000000003
0.358,0.3,1.0,0.0,-0.04199999999999987,0.6419999999999998,0.6839999999999997,1,3,-0.041999999999999975,0.6420000000000001,0.684,-1.0,-0.342
0.36,0.3,1.0,0.0,-0.039999999999999904,0.6399999999999997,0.6799999999999996,1,2,-0.04000000000000032,0.6400000000000001,0.6800000000000005,-1.0,-0.34000000000000025
0.362,0.3,1.0,0.0,-0.03799999999999978,0.6379999999999998,0.6759999999999996,1,2,-0.038000000000000124,0.6379999999999999,0.676,-1.0,-0.338
0.364,0.3,1.0,0.0,-0.036000000000000226,0.6359999999999995,0.6719999999999997,1,2,-0.035999999999999976,0.636,0.6719999999999999,-1.0,-0.33599999999999997
0.366,0.3,1.0,0.0,-0.033999999999999475,0.6339999999999996,0.667999999999999,1,3,-0.0339999999999996,0.6339999999999998,0.6679999999999994,-1.0,-0.3339999999999997
0.368,0.3,1.0,0.0,-0.031999999999999716,0.6319999999999997,0.6639999999999994,1,3,-0.03200000000000017,0.6320000000000006,0.6640000000000007,-1.0,-0.33200000000000035
0.37,0.3,1.0,0.0,-0.03000000000000013,0.6299999999999996,0.6599999999999997,1,2,-0.029999999999999683,0.6299999999999998,0.6599999999999995,-1.0,-0.32999999999999974
0.372,0.3,1.0,0.0,-0.027999999999999855,0.6279999999999998,0.6559999999999996,1,3,-0.02800000000000009,0.6280000000000002,0.6560000000000004,-1.0,-0.3280000000000002
0.374,0.3,1.0,0.0,-0.025999999999999926,0.6259999999999997,0.6519999999999996,1,2,-0.026000000000000197,0.6259999999999998,0.652,-1.0,-0.326
0.376,0.3,1.0,0.0,-0.023999999999999716,0.6239999999999999,0.6479999999999996,1,3,-0.023999999999999987,0.6240000000000003,0.6480000000000004,-1.0,-0.3240000000000002
0.378,0.3,1.0,0.0,-0.02199999999999993,0.622,0.6439999999999999,1,2,-0.022000000000000162,0.6220000000000001,0.6440000000000002,-1.0,-0.3220000000000001
0.38,0.3,1.0,0.0,-0.01999999999999999,0.6199999999999996,0.6399999999999996,1,3,-0.019999999999999882,0.62,0.6399999999999999,-1.0,-0.31999999999999995
0.382,0.3,1.0,0.0,-0.017999999999999995,0.6179999999999995,0.6359999999999996,1,2,-0.018000000000000398,0.618,0.6360000000000003,-1.0,-0.31800000000000017
0.384,0.3,1.0,0.0,-0.015999999999999865,0.6159999999999997,0.6319999999999996,1,2,-0.016000000000000205,0.6159999999999998,0.632,-1.0,-0.316
0.386,0.3,1.0,0.0,-0.013999999999999893,0.6139999999999994,0.6279999999999993,1,3,-0.014000000000000037,0.614,0.628,-1.0,-0.314
0.388,0.3,1.0,0.0,-0.011999999999999851,0.6119999999999997,0.6239999999999996,1,2,-0.012000000000000434,0.6119999999999997,0.6240000000000001,-1.0,-0.31200000000000006
0.39,0.3,1.0,0.0,-0.009999999999999742,0.6099999999999998,0.6199999999999996,1,2,-0.009999999999999867,0.6100000000000001,0.62,-1.0,-0.31
0.392,0.3,1.0,0.0,-0.007999999999999906,0.6079999999999999,0.6159999999999998,1,2,-0.007999999999999827,0.6079999999999998,0.6159999999999995,-1.0,-0.3079999999999998
0.394,0.3,1.0,0.0,-0.005999999999999759,0.6059999999999994,0.6119999999999992,1,3,-0.0059999999999998475,0.6060000000000002,0.6120000000000001,-1.0,-0.30600000000000005
0.396,0.3,1.0,0.0,-0.004000000000000059,0.6039999999999998,0.6079999999999999,1,2,-0.004000000000000048,0.6039999999999995,0.6079999999999995,-1.0,-0.30399999999999977
0.398,0.3,1.0,0.0,-0.001999999999999934,0.602,0.6039999999999999,1,2,-0.0020000000000000902,0.6019999999999998,0.6039999999999999,-1.0,-0.30199999999999994
0.4,0.3,1.0,0.0,2.9208409817132123e-16,0.5999999999999999,0.5999999999999995,1,2,-1.5959455978986625e-16,0.5999999999999999,0.6,-1.0,-0.3
0.402,0.3,1.0,0.0,0.0019999999999998916,0.5979999999999994,0.5959999999999995,1,3,0.001999999999999393,0.5980000000000001,0.5960000000000006,-1.0,-0.2980000000000003
0.404,0.3,1.0,0.0,0.004000000000000072,0.5959999999999998,0.5919999999999996,1,2,0.0040000000000001605,0.596,0.5919999999999999,-1.0,-0.29599999999999993
0.406,0.3,1.0,0.0,0.005999999999999868,0.5939999999999996,0.5879999999999997,1,3,0.006000000000000005,0.5940000000000002,0.5880000000000002,-1.0,-0.2940000000000001
0.40800000000000003,0.3,1.0,0.0,0.008000000000000129,0.5919999999999999,0.5839999999999997,1,2,0.00800000000000034,0.5919999999999996,0.5839999999999993,-1.0,-0.29199999999999965
0.41000000000000003,0.3,1.0,0.0,0.009999999999999839,0.5899999999999995,0.5799999999999997,1,2,0.010000000000000472,0.5899999999999995,0.5799999999999991,-1.0,-0.28999999999999954
0.41200000000000003,0.3,1.0,0.0,0.012000000000000097,0.5879999999999996,0.5759999999999995,1,3,0.012000000000000037,0.5880000000000002,0.5760000000000002,-1.0,-0.2880000000000001
0.41400000000000003,0.3,1.0,0.0,0.014000000000000025,0.5859999999999997,0.5719999999999997,1,3,0.013999999999999799,0.5860000000000005,0.5720000000000007,-1.0,-0.28600000000000037
0.41600000000000004,0.3,1.0,0.0,0.01600000000000007,0.5839999999999996,0.5679999999999996,1,3,0.016000000000000195,0.5840000000000001,0.5679999999999998,-1.0,-0.2839999999999999
0.418,0.3,1.0,0.0,0.01800000000000005,0.5819999999999999,0.5639999999999998,1,3,0.017999999999999593,0.5819999999999999,0.5640000000000003,-1.0,-0.28200000000000014
0.42,0.3,1.0,0.0,0.020000000000000025,0.58,0.5599999999999999,1,2,0.019999999999999685,0.5799999999999997,0.56,-1.0,-0.28
0.422,0.3,1.0,0.0,0.02200000000000028,0.5779999999999998,0.5559999999999996,1,3,0.021999999999999947,0.5780000000000004,0.5560000000000005,-1.0,-0.27800000000000025
0.424,0.3,1.0,0.0,0.023999999999999848,0.576,0.5520000000000002,1,3,0.02399999999999983,0.5760000000000003,0.5520000000000005,-1.0,-0.27600000000000025
0.426,0.3,1.0,0.0,0.025999999999999947,0.5739999999999995,0.5479999999999996,1,3,0.02599999999999986,0.5740000000000005,0.5480000000000006,-1.0,-0.2740000000000003
0.428,0.3,1.0,0.0,0.027999999999999952,0.5719999999999995,0.5439999999999996,1,2,0.02800000000000023,0.572,0.5439999999999997,-1.0,-0.27199999999999985
0.43,0.3,1.0,0.0,0.030000000000000224,0.5699999999999997,0.5399999999999995,1,3,0.030000000000000093,0.57,0.5399999999999998,-1.0,-0.2699999999999999
0.432,0.3,1.0,0.0,0.03199999999999989,0.5679999999999995,0.5359999999999996,1,2,0.03199999999999978,0.5679999999999995,0.5359999999999997,-1.0,-0.26799999999999985
0.434,0.3,1.0,0.0,0.0339999999999998,0.566,0.5320000000000001,1,3,0.03400000000000009,0.5660000000000002,0.532,-1.0,-0.266
0.436,0.3,1.0,0.0,0.0360000000000001,0.5639999999999993,0.5279999999999991,1,2,0.03600000000000005,0.5639999999999996,0.5279999999999996,-1.0,-0.2639999999999998
0.438,0.3,1.0,0.0,0.03799999999999991,0.5619999999999997,0.5239999999999998,1,3,0.03799999999999983,0.5620000000000004,0.5240000000000006,-1.0,-0.2620000000000003
0.44,0.3,1.0,0.0,0.03999999999999986,0.5599999999999999,0.5200000000000001,1,3,0.03999999999999994,0.5600000000000004,0.5200000000000005,-1.0,-0.26000000000000023
0.442,0.3,1.0,0.0,0.042000000000000086,0.5579999999999998,0.5159999999999998,1,2,0.04199999999999993,0.558,0.5160000000000001,-1.0,-0.25800000000000006
0.444,0.3,1.0,0.0,0.04399999999999985,0.5559999999999997,0.5119999999999999,1,3,0.04400000000000006,0.5560000000000003,0.5120000000000002,-1.0,-0.2560000000000001
0.446,0.3,1.0,0.0,0.04600000000000008,0.5539999999999999,0.5079999999999999,1,3,0.045999999999999826,0.5540000000000005,0.5080000000000007,-1.0,-0.25400000000000034
0.448,0.3,1.0,0.0,0.04799999999999993,0.5519999999999997,0.5039999999999998,1,2,0.04799999999999986,0.5520000000000002,0.5040000000000003,-1.0,-0.25200000000000017
0.45,0.3,1.0,0.0,0.04999999999999991,0.5499999999999999,0.5,1,3,0.0500000000000001,0.55,0.49999999999999994,-1.0,-0.24999999999999997
0.452,0.3,1.0,0.0,0.051999999999999935,0.5479999999999996,0.49599999999999966,1,2,0.05200000000000014,0.5479999999999999,0.4959999999999998,-1.0,-0.2479999999999999
0.454,0.3,1.0,0.0,0.054000000000000124,0.5459999999999998,0.4919999999999997,1,2,0.054000000000000194,0.5460000000000002,0.49199999999999994,-1.0,-0.24599999999999997
0.456,0.3,1.0,0.0,0.056000000000000036,0.5439999999999997,0.48799999999999966,1,2,0.055999999999999904,0.5439999999999999,0.48800000000000004,-1.0,-0.24400000000000002
0.458,0.3,1.0,0.0,0.05800000000000005,0.5419999999999999,0.4839999999999999,1,3,0.05800000000000004,0.5419999999999999,0.4839999999999999,-1.0,-0.24199999999999994
0.46,0.3,1.0,0.0,0.06000000000000012,0.5399999999999998,0.4799999999999997,1,2,0.05999999999999976,0.5399999999999998,0.48000000000000004,-1.0,-0.24000000000000002
0.462,0.3,1.0,0.0,0.06200000000000036,0.5379999999999999,0.47599999999999953,1,3,0.06200000000000008,0.5380000000000001,0.4760000000000001,-1.0,-0.23800000000000004
0.464,0.3,1.0,0.0,0.06400000000000004,0.536,0.472,1,3,0.06400000000000004,0.5360000000000001,0.4720000000000001,-1.0,-0.23600000000000004
0.466,0.3,1.0,0.0,0.06600000000000006,0.5339999999999999,0.46799999999999986,1,3,0.06599999999999996,0.534,0.4680000000000001,-1.0,-0.23400000000000004
0.468,0.3,1.0,0.0,0.06800000000000005,0.5319999999999999,0.46399999999999986,1,3,0.06799999999999987,0.5320000000000001,0.4640000000000003,-1.0,-0.23200000000000015
0.47000000000000003,0.3,1.0,0.0,0.07000000000000005,0.5299999999999999,0.45999999999999985,1,2,0.07000000000000017,0.53,0.45999999999999985,-1.0,-0.22999999999999993
0.47200000000000003,0.3,1.0,0.0,0.07199999999999993,0.528,0.45600000000000007,1,3,0.07200000000000017,0.5279999999999999,0.45599999999999974,-1.0,-0.22799999999999987
0.47400000000000003,0.3,1.0,0.0,0.07400000000000005,0.5259999999999998,0.45199999999999974,1,2,0.0739999999999998,0.5259999999999998,0.452,-1.0,-0.226
0.47600000000000003,0.3,1.0,0.0,0.07600000000000003,0.5239999999999999,0.4479999999999999,1,3,0.07600000000000012,0.524,0.4479999999999999,-1.0,-0.22399999999999995
0.47800000000000004,0.3,1.0,0.0,0.07799999999999999,0.5219999999999998,0.44399999999999984,1,2,0.07799999999999971,0.522,0.4440000000000003,-1.0,-0.22200000000000014
0.48,0.3,1.0,0.0,0.08000000000000013,0.5199999999999997,0.43999999999999956,1,3,0.07999999999999957,0.52,0.44000000000000045,-1.0,-0.22000000000000022
0.482,0.3,1.0,0.0,0.08200000000000002,0.5179999999999999,0.4359999999999999,1,2,0.08199999999999988,0.5179999999999999,0.43600000000000005,-1.0,-0.21800000000000003
0.484,0.3,1.0,0.0,0.08400000000000016,0.5159999999999997,0.4319999999999995,1,2,0.08399999999999974,0.5159999999999996,0.43199999999999983,-1.0,-0.21599999999999991
0.486,0.3,1.0,0.0,0.08600000000000016,0.5139999999999998,0.4279999999999996,1,3,0.08600000000000013,0.5140000000000003,0.4280000000000002,-1.0,-0.2140000000000001
0.488,0.3,1.0,0.0,0.08800000000000012,0.5119999999999998,0.42399999999999965,1,3,0.08800000000000015,0.512,0.4239999999999999,-1.0,-0.21199999999999994
0.49,0.3,1.0,0.0,0.09000000000000008,0.5099999999999998,0.4199999999999997,1,3,0.09000000000000001,0.5100000000000001,0.4200000000000001,-1.0,-0.21000000000000005
0.492,0.3,1.0,0.0,0.09200000000000011,0.5079999999999999,0.4159999999999998,1,3,0.09199999999999998,0.5080000000000001,0.41600000000000015,-1.0,-0.20800000000000007
0.494,0.3,1.0,0.0,0.09400000000000014,0.506,0.41199999999999987,1,2,0.09399999999999988,0.5059999999999999,0.41200000000000003,-1.0,-0.20600000000000002
0.496,0.3,1.0,0.0,0.09600000000000022,0.5039999999999997,0.4079999999999995,1,2,0.0959999999999999,0.5039999999999997,0.40799999999999975,-1.0,-0.20399999999999988
0.498,0.3,1.0,0.0,0.09799999999999996,0.5019999999999999,0.4039999999999999,1,2,0.09800000000000027,0.5019999999999998,0.4039999999999995,-1.0,-0.20199999999999976
0.5,0.3,1.0,0.0,0.10000000000000005,0.49999999999999967,0.39999999999999963,1,3,0.09999999999999994,0.5,0.4000000000000001,-1.0,-0.20000000000000004
0.502,0.3,1.0,0.0,0.10199999999999983,0.49799999999999967,0.39599999999999985,1,3,0.10200000000000033,0.49800000000000005,0.39599999999999974,-1.0,-0.19799999999999987
0.504,0.3,1.0,0.0,0.10400000000000013,0.4959999999999999,0.39199999999999974,1,3,0.10400000000000029,0.496,0.3919999999999997,-1.0,-0.19599999999999984
0.506,0.3,1.0,0.0,0.1060000000000001,0.494,0.3879999999999999,1,3,0.10600000000000054,0.49400000000000005,0.3879999999999995,-1.0,-0.19399999999999976
0.508,0.3,1.0,0.0,0.10799999999999989,0.4919999999999999,0.384,1,3,0.10799999999999976,0.492,0.38400000000000023,-1.0,-0.19200000000000012
0.51,0.3,1.0,0.0,0.11000000000000018,0.48999999999999977,0.37999999999999956,1,3,0.11000000000000014,0.49000000000000027,0.3800000000000001,-1.0,-0.19000000000000006
0.512,0.3,1.0,0.0,0.11200000000000009,0.4879999999999995,0.3759999999999994,1,3,0.11200000000000017,0.4880000000000001,0.37599999999999995,-1.0,-0.18799999999999997
0.514,0.3,1.0,0.0,0.11399999999999998,0.48599999999999977,0.3719999999999998,1,3,0.11399999999999996,0.48600000000000027,0.37200000000000033,-1.0,-0.18600000000000017
0.516,0.3,1.0,0.0,0.11600000000000012,0.48399999999999965,0.36799999999999955,1,2,0.11600000000000031,0.48400000000000004,0.3679999999999997,-1.0,-0.18399999999999986
0.518,0.3,1.0,0.0,0.11800000000000016,0.48199999999999993,0.36399999999999977,1,3,0.1180000000000003,0.4820000000000002,0.3639999999999999,-1.0,-0.18199999999999994
0.52,0.3,1.0,0.0,0.12000000000000001,0.48,0.36,1,3,0.11999999999999983,0.4799999999999999,0.3600000000000001,-1.0,-0.18000000000000005
0.522,0.3,1.0,0.0,0.12199999999999994,0.4779999999999997,0.35599999999999976,1,2,0.12200000000000004,0.47799999999999976,0.3559999999999997,-1.0,-0.17799999999999985
0.524,0.3,1.0,0.0,0.1239999999999999,0.47599999999999976,0.35199999999999987,1,3,0.12400000000000042,0.47600000000000037,0.352,-1.0,-0.176
0.526,0.3,1.0,0.0,0.12600000000000003,0.4739999999999999,0.34799999999999986,1,2,0.12600000000000006,0.4739999999999998,0.34799999999999975,-1.0,-0.17399999999999988
0.528,0.3,1.0,0.0,0.12800000000000003,0.47199999999999953,0.34399999999999953,1,2,0.12799999999999964,0.4719999999999998,0.3440000000000002,-1.0,-0.1720000000000001
0.53,0.3,1.0,0.0,0.1300000000000002,0.47,0.33999999999999975,1,2,0.13000000000000012,0.4699999999999998,0.3399999999999997,-1.0,-0.16999999999999985
0.532,0.3,1.0,0.0,0.13200000000000003,0.46799999999999975,0.33599999999999974,1,2,0.13200000000000003,0.46799999999999986,0.33599999999999985,-1.0,-0.16799999999999993
0.534,0.3,1.0,0.0,0.13399999999999995,0.4659999999999995,0.3319999999999996,1,3,0.1339999999999999,0.4660000000000001,0.3320000000000002,-1.0,-0.1660000000000001
0.536,0.3,1.0,0.0,0.13600000000000015,0.46399999999999986,0.32799999999999974,1,3,0.13600000000000048,0.4640000000000001,0.3279999999999996,-1.0,-0.1639999999999998
0.538,0.3,1.0,0.0,0.13799999999999998,0.46199999999999986,0.32399999999999984,1,2,0.13799999999999976,0.46199999999999986,0.32400000000000007,-1.0,-0.16200000000000003
0.54,0.3,1.0,0.0,0.14000000000000012,0.45999999999999974,0.3199999999999996,1,3,0.1399999999999998,0.4600000000000008,0.320000000000001,-1.0,-0.1600000000000005
0.542,0.3,1.0,0.0,0.14199999999999993,0.45799999999999996,0.31600000000000006,1,2,0.14200000000000015,0.4579999999999993,0.31599999999999917,-1.0,-0.15799999999999959
0.544,0.3,1.0,0.0,0.1440000000000002,0.4559999999999999,0.3119999999999997,1,2,0.14399999999999968,0.4559999999999998,0.3120000000000001,-1.0,-0.15600000000000006
0.546,0.3,1.0,0.0,0.14600000000000032,0.4539999999999998,0.3079999999999995,1,3,0.14599999999999988,0.45399999999999996,0.30800000000000005,-1.0,-0.15400000000000003
0.548,0.3,1.0,0.0,0.14800000000000008,0.4519999999999999,0.3039999999999998,1,2,0.14800000000000016,0.4519999999999999,0.3039999999999997,-1.0,-0.15199999999999986
0.55,0.3,1.0,0.0,0.15000000000000008,0.4499999999999996,0.29999999999999954,1,2,0.14999999999999994,0.4499999999999995,0.2999999999999996,-1.0,-0.1499999999999998
0.552,0.3,1.0,0.0,0.1520000000000003,0.4479999999999999,0.2959999999999996,1,3,0.15200000000000016,0.4480000000000003,0.29600000000000015,-1.0,-0.14800000000000008
0.554,0.3,1.0,0.0,0.15400000000000014,0.44599999999999984,0.2919999999999997,1,2,0.15400000000000005,0.4459999999999997,0.2919999999999996,-1.0,-0.1459999999999998
0.556,0.3,1.0,0.0,0.15599999999999992,0.4439999999999997,0.28799999999999976,1,2,0.1560000000000002,0.444,0.2879999999999998,-1.0,-0.1439999999999999
0.558,0.3,1.0,0.0,0.15800000000000053,0.4419999999999998,0.28399999999999925,1,2,0.15799999999999984,0.4419999999999999,0.28400000000000003,-1.0,-0.14200000000000002
0.56,0.3,1.0,0.0,0.15999999999999995,0.43999999999999995,0.28,1,3,0.16000000000000011,0.44,0.2799999999999999,-1.0,-0.13999999999999996
0.562,0.3,1.0,0.0,0.16200000000000003,0.4379999999999998,0.27599999999999975,1,2,0.1619999999999999,0.43799999999999983,0.2759999999999999,-1.0,-0.13799999999999996
0.5640000000000001,0.3,1.0,0.0,0.16399999999999995,0.4359999999999995,0.2719999999999996,1,3,0.1639999999999999,0.43600000000000005,0.27200000000000013,-1.0,-0.13600000000000007
0.5660000000000001,0.3,1.0,0.0,0.16600000000000004,0.43399999999999983,0.2679999999999998,1,3,0.16599999999999984,0.43399999999999994,0.2680000000000001,-1.0,-0.13400000000000006
0.5680000000000001,0.3,1.0,0.0,0.1680000000000002,0.4319999999999997,0.2639999999999995,1,2,0.16799999999999968,0.4319999999999999,0.26400000000000023,-1.0,-0.13200000000000012
0.5700000000000001,0.3,1.0,0.0,0.1700000000000001,0.42999999999999977,0.2599999999999997,1,3,0.17000000000000004,0.42999999999999994,0.2599999999999999,-1.0,-0.12999999999999995
0.5720000000000001,0.3,1.0,0.0,0.17200000000000015,0.4279999999999998,0.2559999999999997,1,3,0.17199999999999974,0.42800000000000005,0.25600000000000034,-1.0,-0.12800000000000017
0.5740000000000001,0.3,1.0,0.0,0.17400000000000002,0.4259999999999999,0.2519999999999999,1,2,0.17399999999999993,0.42599999999999966,0.2519999999999997,-1.0,-0.12599999999999986
0.5760000000000001,0.3,1.0,0.0,0.17599999999999993,0.42399999999999993,0.248,1,3,0.1760000000000003,0.42400000000000027,0.24799999999999997,-1.0,-0.12399999999999999
0.578,0.3,1.0,0.0,0.17799999999999994,0.4219999999999998,0.24399999999999988,1,3,0.17800000000000007,0.42200000000000054,0.24400000000000047,-1.0,-0.12200000000000023
0.58,0.3,1.0,0.0,0.17999999999999988,0.42,0.2400000000000001,1,3,0.18000000000000013,0.42000000000000015,0.24000000000000002,-1.0,-0.12000000000000001
0.582,0.3,1.0,0.0,0.182,0.4179999999999998,0.23599999999999982,1,3,0.18200000000000027,0.41800000000000054,0.23600000000000027,-1.0,-0.11800000000000013
0.584,0.3,1.0,0.0,0.1840000000000001,0.41599999999999965,0.23199999999999954,1,3,0.18399999999999989,0.41600000000000015,0.23200000000000026,-1.0,-0.11600000000000013
0.586,0.3,1.0,0.0,0.1860000000000001,0.41399999999999987,0.22799999999999976,1,3,0.18599999999999994,0.4140000000000006,0.22800000000000065,-1.0,-0.11400000000000032
0.588,0.3,1.0,0.0,0.1880000000000001,0.4119999999999998,0.2239999999999997,1,3,0.18799999999999997,0.4120000000000004,0.22400000000000045,-1.0,-0.11200000000000022
0.59,0.3,1.0,0.0,0.19000000000000017,0.40999999999999975,0.21999999999999958,1,3,0.1899999999999998,0.41000000000000025,0.22000000000000045,-1.0,-0.11000000000000022
0.592,0.3,1.0,0.0,0.19200000000000025,0.408,0.21599999999999972,1,3,0.1919999999999999,0.40800000000000014,0.21600000000000025,-1.0,-0.10800000000000012
0.594,0.3,1.0,0.0,0.19400000000000014,0.406,0.21199999999999988,1,3,0.19400000000000028,0.406,0.21199999999999974,-1.0,-0.10599999999999987
0.596,0.3,1.0,0.0,0.19600000000000004,0.40399999999999997,0.20799999999999993,1,2,0.19599999999999995,0.40399999999999964,0.20799999999999969,-1.0,-0.10399999999999984
0.598,0.3,1.0,0.0,0.19799999999999987,0.4019999999999999,0.20400000000000004,1,2,0.19799999999999995,0.40199999999999947,0.20399999999999952,-1.0,-0.10199999999999976
0.6,0.3,1.0,0.0,0.20000000000000004,0.39999999999999986,0.19999999999999982,1,2,0.1999999999999998,0.39999999999999974,0.19999999999999996,-1.0,-0.09999999999999998
0.602,0.3,1.0,0.0,0.20199999999999999,0.3979999999999999,0.19599999999999992,1,3,0.20199999999999982,0.39799999999999996,0.19600000000000015,-1.0,-0.09800000000000007
0.604,0.3,1.0,0.0,0.20400000000000004,0.3959999999999998,0.19199999999999975,1,3,0.20399999999999982,0.396,0.1920000000000002,-1.0,-0.0960000000000001
0.606,0.3,1.0,0.0,0.20600000000000007,0.39399999999999963,0.18799999999999956,1,2,0.20600000000000004,0.3939999999999999,0.18799999999999986,-1.0,-0.09399999999999993
0.608,0.3,1.0,0.0,0.20800000000000002,0.39199999999999974,0.18399999999999972,1,2,0.20799999999999985,0.39199999999999996,0.1840000000000001,-1.0,-0.09200000000000005
0.61,0.3,1.0,0.0,0.2100000000000003,0.38999999999999985,0.17999999999999955,1,2,0.2099999999999998,0.3899999999999999,0.1800000000000001,-1.0,-0.09000000000000005
0.612,0.3,1.0,0.0,0.21200000000000008,0.38799999999999973,0.17599999999999966,1,2,0.2119999999999999,0.38799999999999996,0.17600000000000005,-1.0,-0.08800000000000002
0.614,0.3,1.0,0.0,0.214,0.38599999999999973,0.17199999999999974,1,2,0.21400000000000002,0.38599999999999995,0.17199999999999993,-1.0,-0.08599999999999997
0.616,0.3,1.0,0.0,0.21600000000000005,0.38399999999999984,0.1679999999999998,1,2,0.21599999999999983,0.38399999999999995,0.16800000000000012,-1.0,-0.08400000000000006
0.618,0.3,1.0,0.0,0.21800000000000005,0.3819999999999999,0.16399999999999984,1,2,0.21800000000000003,0.38199999999999984,0.1639999999999998,-1.0,-0.0819999999999999
0.62,0.3,1.0,0.0,0.22,0.3799999999999997,0.15999999999999973,1,3,0.21999999999999978,0.38,0.16000000000000023,-1.0,-0.08000000000000011
0.622,0.3,1.0,0.0,0.2220000000000001,0.3779999999999999,0.1559999999999998,1,2,0.22199999999999995,0.378,0.15600000000000006,-1.0,-0.07800000000000003
0.624,0.3,1.0,0.0,0.22400000000000037,0.3759999999999997,0.15199999999999936,1,2,0.2239999999999999,0.3759999999999999,0.152,-1.0,-0.076
0.626,0.3,1.0,0.0,0.22600000000000017,0.37399999999999944,0.14799999999999927,1,3,0.22600000000000017,0.37400000000000017,0.148,-1.0,-0.074
0.628,0.3,1.0,0.0,0.22800000000000004,0.3719999999999999,0.14399999999999985,1,3,0.22800000000000015,0.37200000000000016,0.14400000000000002,-1.0,-0.07200000000000001
0.63,0.3,1.0,0.0,0.22999999999999998,0.36999999999999966,0.13999999999999968,1,2,0.22999999999999982,0.37,0.14000000000000018,-1.0,-0.07000000000000009
0.632,0.3,1.0,0.0,0.232,0.3679999999999999,0.13599999999999987,1,2,0.23199999999999982,0.3679999999999999,0.13600000000000007,-1.0,-0.06800000000000003
0.634,0.3,1.0,0.0,0.23399999999999996,0.3659999999999999,0.13199999999999992,1,3,0.234,0.36600000000000016,0.13200000000000014,-1.0,-0.06600000000000007
0.636,0.3,1.0,0.0,0.23600000000000007,0.36399999999999993,0.12799999999999986,1,2,0.23599999999999996,0.3639999999999998,0.12799999999999986,-1.0,-0.06399999999999993
0.638,0.3,1.0,0.0,0.23800000000000007,0.36199999999999977,0.1239999999999997,1,2,0.23799999999999982,0.3619999999999998,0.124,-1.0,-0.062
0.64,0.3,1.0,0.0,0.2400000000000001,0.3599999999999996,0.1199999999999995,1,3,0.24000000000000013,0.3600000000000003,0.12000000000000019,-1.0,-0.060000000000000095
0.642,0.3,1.0,0.0,0.24200000000000024,0.3579999999999998,0.11599999999999958,1,3,0.24200000000000016,0.3580000000000001,0.11599999999999994,-1.0,-0.05799999999999997
0.644,0.3,1.0,0.0,0.24399999999999988,0.35599999999999987,0.11199999999999999,1,2,0.244,0.35599999999999987,0.11199999999999988,-1.0,-0.05599999999999994
0.646,0.3,1.0,0.0,0.24600000000000033,0.35399999999999987,0.10799999999999954,1,2,0.24600000000000005,0.3539999999999998,0.10799999999999976,-1.0,-0.05399999999999988
0.648,0.3,1.0,0.0,0.24800000000000003,0.3519999999999998,0.10399999999999979,1,2,0.24799999999999986,0.3519999999999999,0.10400000000000006,-1.0,-0.05200000000000003
0.65,0.3,1.0,0.0,0.24999999999999986,0.3499999999999997,0.09999999999999984,1,2,0.2499999999999999,0.34999999999999987,0.09999999999999998,-1.0,-0.04999999999999999
0.652,0.3,1.0,0.0,0.252,0.34799999999999964,0.09599999999999964,1,3,0.252,0.3479999999999999,0.09599999999999992,-1.0,-0.04799999999999996
0.654,0.3,1.0,0.0,0.2540000000000002,0.34599999999999953,0.0919999999999993,1,2,0.25399999999999984,0.3459999999999999,0.09200000000000008,-1.0,-0.04600000000000004
0.656,0.3,1.0,0.0,0.2560000000000002,0.3439999999999999,0.08799999999999969,1,3,0.25600000000000034,0.3440000000000001,0.08799999999999975,-1.0,-0.04399999999999987
0.658,0.3,1.0,0.0,0.2580000000000001,0.3419999999999998,0.08399999999999969,1,3,0.25799999999999995,0.3419999999999999,0.08399999999999996,-1.0,-0.04199999999999998
0.66,0.3,1.0,0.0,0.2600000000000001,0.33999999999999986,0.07999999999999974,1,3,0.2600000000000001,0.3400000000000001,0.07999999999999996,-1.0,-0.03999999999999998
0.662,0.3,1.0,0.0,0.2620000000000001,0.33799999999999986,0.07599999999999973,1,3,0.26199999999999996,0.338,0.07600000000000007,-1.0,-0.038000000000000034
0.664,0.3,1.0,0.0,0.264,0.3359999999999998,0.07199999999999979,1,2,0.26399999999999996,0.33599999999999985,0.0719999999999999,-1.0,-0.03599999999999995
0.666,0.3,1.0,0.0,0.2660000000000001,0.33399999999999985,0.06799999999999973,1,3,0.2659999999999999,0.33399999999999996,0.06800000000000006,-1.0,-0.03400000000000003
0.668,0.3,1.0,0.0,0.26800000000000007,0.3319999999999998,0.06399999999999972,1,2,0.268,0.3319999999999998,0.06399999999999978,-1.0,-0.03199999999999989
0.67,0.3,1.0,0.0,0.27000000000000013,0.3299999999999999,0.059999999999999776,1,3,0.27,0.33000000000000007,0.06000000000000005,-1.0,-0.030000000000000027
0.672,0.3,1.0,0.0,0.272,0.32799999999999985,0.05599999999999983,1,2,0.2719999999999999,0.32799999999999974,0.05599999999999983,-1.0,-0.027999999999999914
0.674,0.3,1.0,0.0,0.27400000000000013,0.32599999999999996,0.051999999999999824,1,2,0.27399999999999985,0.32599999999999996,0.0520000000000001,-1.0,-0.02600000000000005
0.676,0.3,1.0,0.0,0.2759999999999999,0.32399999999999984,0.04799999999999993,1,3,0.27600000000000013,0.3240000000000001,0.04799999999999999,-1.0,-0.023999999999999994
0.678,0.3,1.0,0.0,0.27800000000000025,0.32199999999999984,0.043999999999999595,1,3,0.2779999999999999,0.3219999999999999,0.043999999999999984,-1.0,-0.021999999999999992
0.68,0.3,1.0,0.0,0.27999999999999997,0.31999999999999984,0.03999999999999987,1,3,0.27999999999999997,0.32000000000000006,0.04000000000000009,-1.0,-0.020000000000000046
0.682,0.3,1.0,0.0,0.2820000000000001,0.3179999999999999,0.03599999999999981,1,3,0.28199999999999986,0.31799999999999995,0.03600000000000009,-1.0,-0.018000000000000044
0.684,0.3,1.0,0.0,0.284,0.31599999999999967,0.031999999999999695,1,3,0.28400000000000014,0.3160000000000003,0.03200000000000014,-1.0,-0.01600000000000007
0.686,0.3,1.0,0.0,0.2860000000000002,0.3139999999999999,0.027999999999999692,1,3,0.28599999999999987,0.31400000000000056,0.02800000000000069,-1.0,-0.014000000000000346
0.6880000000000001,0.3,1.0,0.0,0.2880000000000001,0.3119999999999998,0.023999999999999688,1,2,0.28800000000000003,0.31200000000000006,0.02400000000000002,-1.0,-0.01200000000000001
0.6900000000000001,0.3,1.0,0.0,0.29000000000000004,0.3099999999999998,0.01999999999999974,1,2,0.2899999999999998,0.30999999999999955,0.01999999999999974,-1.0,-0.00999999999999987
0.6920000000000001,0.3,1.0,0.0,0.2919999999999999,0.30799999999999983,0.015999999999999903,1,3,0.2920000000000001,0.30799999999999994,0.015999999999999848,-1.0,-0.007999999999999924
0.6940000000000001,0.3,1.0,0.0,0.2940000000000002,0.3059999999999997,0.011999999999999511,1,2,0.294,0.30599999999999994,0.011999999999999955,-1.0,-0.005999999999999978
0.6960000000000001,0.3,1.0,0.0,0.29600000000000026,0.3039999999999997,0.007999999999999452,1,3,0.2960000000000001,0.3040000000000001,0.008000000000000007,-1.0,-0.0040000000000000036
0.6980000000000001,0.3,1.0,0.0,0.2980000000000002,0.3019999999999998,0.003999999999999615,1,2,0.2979999999999999,0.3019999999999999,0.0040000000000000036,-1.0,-0.0020000000000000018
0.7000000000000001,0.3,1.0,0.0,0.2999999999999997,0.2999999999999999,1.6653345369377348e-16,2,1,0.2999999999999999,0.29999999999999966,2.220446049250313e-16,1.0,1.1102230246251565e-16
0.7020000000000001,0.3,1.0,0.0,0.2979999999999999,0.29800000000000004,1.6653345369377348e-16,3,1,0.30200000000000005,0.29799999999999977,0.004000000000000281,1.0,0.0020000000000001406
0.704,0.3,1.0,0.0,0.29600000000000004,0.2960000000000001,5.551115123125783e-17,3,2,0.30400000000000005,0.29600000000000004,0.008000000000000007,1.0,0.0040000000000000036
0.706,0.3,1.0,0.0,0.29400000000000004,0.29400000000000015,1.1102230246251565e-16,3,2,0.30599999999999994,0.29400000000000026,0.011999999999999678,1.0,0.005999999999999839
0.708,0.3,1.0,0.0,0.29200000000000004,0.29200000000000004,0.0,3,1,0.3079999999999998,0.292,0.015999999999999792,1.0,0.007999999999999896
0.71,0.3,1.0,0.0,0.29,0.29000000000000004,5.551115123125783e-17,3,2,0.3100000000000002,0.29000000000000015,0.020000000000000073,1.0,0.010000000000000037
0.712,0.3,1.0,0.0,0.28800000000000003,0.28800000000000003,0.0,3,1,0.31199999999999994,0.2879999999999999,0.02400000000000002,1.0,0.01200000000000001
0.714,0.3,1.0,0.0,0.28600000000000003,0.28600000000000003,0.0,3,1,0.3139999999999998,0.28600000000000003,0.027999999999999747,1.0,0.013999999999999874
0.716,0.3,1.0,0.0,0.2840000000000001,0.2840000000000002,1.1102230246251565e-16,3,1,0.31600000000000006,0.284,0.032000000000000084,1.0,0.016000000000000042
0.718,0.3,1.0,0.0,0.28200000000000003,0.28200000000000014,1.1102230246251565e-16,3,1,0.31799999999999995,0.28199999999999986,0.03600000000000009,1.0,0.018000000000000044
0.72,0.3,1.0,0.0,0.2800000000000001,0.2800000000000001,0.0,3,2,0.32,0.2800000000000004,0.03999999999999959,1.0,0.019999999999999796
0.722,0.3,1.0,0.0,0.27799999999999997,0.27799999999999997,0.0,3,2,0.32199999999999995,0.27799999999999997,0.043999999999999984,1.0,0.021999999999999992
0.724,0.3,1.0,0.0,0.27599999999999997,0.276,5.551115123125783e-17,3,2,0.3239999999999999,0.276,0.047999999999999876,1.0,0.023999999999999938
0.726,0.3,1.0,0.0,0.27399999999999997,0.274,5.551115123125783e-17,3,2,0.3259999999999999,0.2740000000000002,0.05199999999999971,1.0,0.025999999999999857
0.728,0.3,1.0,0.0,0.2720000000000001,0.27200000000000013,5.551115123125783e-17,3,2,0.32800000000000024,0.27200000000000013,0.056000000000000105,1.0,0.028000000000000053
0.73,0.3,1.0,0.0,0.26999999999999996,0.27,5.551115123125783e-17,3,2,0.3300000000000002,0.26999999999999996,0.06000000000000022,1.0,0.03000000000000011
0.732,0.3,1.0,0.0,0.26799999999999996,0.26800000000000007,1.1102230246251565e-16,3,2,0.33200000000000024,0.26800000000000024,0.064,1.0,0.032
0.734,0.3,1.0,0.0,0.26599999999999996,0.266,5.551115123125783e-17,3,2,0.3339999999999999,0.26600000000000007,0.06799999999999984,1.0,0.03399999999999992
0.736,0.3,1.0,0.0,0.26399999999999996,0.26400000000000007,1.1102230246251565e-16,3,2,0.3360000000000001,0.2640000000000002,0.0719999999999999,1.0,0.03599999999999995
0.738,0.3,1.0,0.0,0.26199999999999996,0.262,5.551115123125783e-17,3,2,0.33799999999999997,0.26200000000000007,0.0759999999999999,1.0,0.03799999999999995
0.74,0.3,1.0,0.0,0.2599999999999999,0.25999999999999995,5.551115123125783e-17,3,2,0.33999999999999997,0.25999999999999995,0.08000000000000002,1.0,0.04000000000000001
0.742,0.3,1.0,0.0,0.25800000000000006,0.25800000000000006,0.0,3,1,0.3419999999999999,0.2579999999999998,0.08400000000000013,1.0,0.042000000000000065
0.744,0.3,1.0,0.0,0.25600000000000006,0.2560000000000002,1.6653345369377348e-16,3,2,0.344,0.2560000000000001,0.08799999999999986,1.0,0.04399999999999993
0.746,0.3,1.0,0.0,0.254,0.2540000000000001,1.1102230246251565e-16,3,2,0.3459999999999999,0.25400000000000067,0.09199999999999925,1.0,0.045999999999999625
0.748,0.3,1.0,0.0,0.252,0.2520000000000001,1.1102230246251565e-16,3,2,0.34800000000000003,0.252,0.09600000000000003,1.0,0.048000000000000015
0.75,0.3,1.0,0.0,0.24999999999999994,0.25,5.551115123125783e-17,3,2,0.35000000000000014,0.25000000000000006,0.10000000000000009,1.0,0.050000000000000044
0.752,0.3,1.0,0.0,0.24799999999999994,0.24799999999999994,0.0,3,1,0.35200000000000004,0.24799999999999986,0.10400000000000018,1.0,0.05200000000000009
0.754,0.3,1.0,0.0,0.24599999999999994,0.246,5.551115123125783e-17,3,2,0.35400000000000004,0.246,0.10800000000000004,1.0,0.05400000000000002
0.756,0.3,1.0,0.0,0.24399999999999997,0.24400000000000002,5.551115123125783e-17,3,1,0.356,0.24399999999999983,0.11200000000000015,1.0,0.05600000000000008
0.758,0.3,1.0,0.0,0.242,0.24200000000000005,5.551115123125783e-17,3,1,0.3579999999999998,0.24200000000000002,0.1159999999999998,1.0,0.0579999999999999
0.76,0.3,1.0,0.0,0.23999999999999996,0.24000000000000007,1.1102230246251565e-16,3,1,0.35999999999999993,0.23999999999999977,0.12000000000000016,1.0,0.06000000000000008
0.762,0.3,1.0,0.0,0.23800000000000002,0.2380000000000001,8.326672684688674e-17,3,1,0.3620000000000002,0.23799999999999993,0.12400000000000028,1.0,0.06200000000000014
0.764,0.3,1.0,0.0,0.23600000000000002,0.23600000000000004,2.7755575615628914e-17,3,1,0.3639999999999998,0.23599999999999993,0.1279999999999999,1.0,0.06399999999999995
0.766,0.3,1.0,0.0,0.2339999999999999,0.234,1.1102230246251565e-16,3,1,0.36600000000000005,0.23399999999999993,0.13200000000000012,1.0,0.06600000000000006
0.768,0.3,1.0,0.0,0.23199999999999993,0.23199999999999993,0.0,3,2,0.36800000000000005,0.232,0.13600000000000004,1.0,0.06800000000000002
0.77,0.3,1.0,0.0,0.22999999999999993,0.22999999999999998,5.551115123125783e-17,3,2,0.37000000000000005,0.23,0.14000000000000004,1.0,0.07000000000000002
0.772,0.3,1.0,0.0,0.22799999999999998,0.22800000000000004,5.551115123125783e-17,3,2,0.3720000000000002,0.22800000000000006,0.14400000000000016,1.0,0.07200000000000008
0.774,0.3,1.0,0.0,0.22599999999999998,0.22600000000000003,5.551115123125783e-17,3,2,0.37399999999999994,0.22600000000000006,0.14799999999999988,1.0,0.07399999999999994
0.776,0.3,1.0,0.0,0.22399999999999998,0.22400000000000003,5.551115123125783e-17,3,1,0.37600000000000006,0.224,0.15200000000000005,1.0,0.07600000000000003
0.778,0.3,1.0,0.0,0.22199999999999992,0.222,8.326672684688674e-17,3,1,0.3779999999999999,0.22199999999999978,0.1560000000000001,1.0,0.07800000000000006
0.78,0.3,1.0,0.0,0.21999999999999986,0.22,1.3877787807814457e-16,3,1,0.37999999999999984,0.21999999999999967,0.16000000000000017,1.0,0.08000000000000008
0.782,0.3,1.0,0.0,0.21799999999999994,0.2180000000000001,1.6653345369377348e-16,3,1,0.38199999999999995,0.21799999999999997,0.16399999999999998,1.0,0.08199999999999999
0.784,0.3,1.0,0.0,0.21599999999999983,0.21599999999999994,1.1102230246251565e-16,3,2,0.38399999999999995,0.21600000000000003,0.16799999999999993,1.0,0.08399999999999996
0.786,0.3,1.0,0.0,0.2139999999999999,0.21399999999999994,2.7755575615628914e-17,3,2,0.38599999999999995,0.2140000000000002,0.17199999999999976,1.0,0.08599999999999988
0.788,0.3,1.0,0.0,0.21199999999999994,0.212,5.551115123125783e-17,3,2,0.3879999999999999,0.2120000000000002,0.1759999999999997,1.0,0.08799999999999986
0.79,0.3,1.0,0.0,0.2099999999999999,0.21,8.326672684688674e-17,3,2,0.3900000000000003,0.2100000000000001,0.1800000000000002,1.0,0.0900000000000001
0.792,0.3,1.0,0.0,0.2079999999999999,0.2079999999999999,0.0,3,2,0.3920000000000001,0.20800000000000013,0.184,1.0,0.092
0.794,0.3,1.0,0.0,0.206,0.20600000000000002,2.7755575615628914e-17,3,2,0.3940000000000001,0.20600000000000002,0.18800000000000006,1.0,0.09400000000000003
0.796,0.3,1.0,0.0,0.20399999999999996,0.204,2.7755575615628914e-17,3,2,0.3960000000000001,0.20400000000000001,0.19200000000000006,1.0,0.09600000000000003
0.798,0.3,1.0,0.0,0.20199999999999993,0.20199999999999993,0.0,3,1,0.3980000000000003,0.20199999999999993,0.19600000000000037,1.0,0.09800000000000018
0.8,0.3,1.0,0.0,0.1999999999999998,0.19999999999999987,8.326672684688674e-17,3,1,0.4000000000000002,0.1999999999999996,0.2000000000000006,1.0,0.1000000000000003
0.802,0.3,1.0,0.0,0.19799999999999995,0.19800000000000004,8.326672684688674e-17,3,1,0.4020000000000001,0.19799999999999982,0.20400000000000026,1.0,0.10200000000000013
0.804,0.3,1.0,0.0,0.19599999999999992,0.19599999999999998,5.551115123125783e-17,3,2,0.4040000000000001,0.196,0.20800000000000007,1.0,0.10400000000000004
0.806,0.3,1.0,0.0,0.194,0.194,0.0,3,2,0.4060000000000001,0.19400000000000012,0.21199999999999997,1.0,0.10599999999999998
0.808,0.3,1.0,0.0,0.19199999999999995,0.192,5.551115123125783e-17,3,1,0.40800000000000014,0.19200000000000003,0.2160000000000001,1.0,0.10800000000000005
0.81,0.3,1.0,0.0,0.18999999999999995,0.18999999999999997,2.7755575615628914e-17,3,2,0.4100000000000001,0.19000000000000006,0.22000000000000003,1.0,0.11000000000000001
0.812,0.3,1.0,0.0,0.18799999999999986,0.18799999999999994,8.326672684688674e-17,3,1,0.41200000000000003,0.18799999999999992,0.22400000000000012,1.0,0.11200000000000006
0.8140000000000001,0.3,1.0,0.0,0.18599999999999986,0.18599999999999994,8.326672684688674e-17,3,2,0.41400000000000015,0.18599999999999997,0.22800000000000017,1.0,0.11400000000000009
0.8160000000000001,0.3,1.0,0.0,0.1839999999999999,0.184,8.326672684688674e-17,3,2,0.4160000000000002,0.18400000000000027,0.23199999999999993,1.0,0.11599999999999996
0.8180000000000001,0.3,1.0,0.0,0.18199999999999983,0.18199999999999997,1.3877787807814457e-16,3,1,0.418,0.18199999999999994,0.23600000000000004,1.0,0.11800000000000002
0.8200000000000001,0.3,1.0,0.0,0.1799999999999999,0.17999999999999994,2.7755575615628914e-17,3,1,0.42,0.17999999999999988,0.2400000000000001,1.0,0.12000000000000005
0.8220000000000001,0.3,1.0,0.0,0.17799999999999994,0.178,5.551115123125783e-17,3,1,0.4220000000000001,0.17799999999999985,0.24400000000000024,1.0,0.12200000000000012
0.8240000000000001,0.3,1.0,0.0,0.17599999999999988,0.17599999999999996,8.326672684688674e-17,3,1,0.4239999999999999,0.17599999999999985,0.24800000000000003,1.0,0.12400000000000001
0.8260000000000001,0.3,1.0,0.0,0.17399999999999988,0.17399999999999993,5.551115123125783e-17,3,2,0.42599999999999993,0.17400000000000004,0.2519999999999999,1.0,0.12599999999999995
0.8280000000000001,0.3,1.0,0.0,0.17199999999999982,0.17199999999999996,1.3877787807814457e-16,3,1,0.4280000000000001,0.17199999999999976,0.25600000000000034,1.0,0.12800000000000017
0.8300000000000001,0.3,1.0,0.0,0.17,0.17000000000000004,2.7755575615628914e-17,3,2,0.4300000000000001,0.17000000000000007,0.26,1.0,0.13
0.8320000000000001,0.3,1.0,0.0,0.16799999999999987,0.1679999999999999,2.7755575615628914e-17,3,2,0.432,0.1679999999999999,0.2640000000000001,1.0,0.13200000000000006
0.834,0.3,1.0,0.0,0.166,0.16600000000000004,2.7755575615628914e-17,3,1,0.43399999999999983,0.16600000000000004,0.2679999999999998,1.0,0.1339999999999999
0.836,0.3,1.0,0.0,0.16399999999999995,0.16400000000000006,1.1102230246251565e-16,3,1,0.43599999999999994,0.16399999999999995,0.272,1.0,0.136
0.838,0.3,1.0,0.0,0.16200000000000003,0.16200000000000006,2.7755575615628914e-17,3,1,0.43799999999999983,0.162,0.2759999999999998,1.0,0.1379999999999999
0.84,0.3,1.0,0.0,0.16000000000000003,0.16000000000000006,2.7755575615628914e-17,3,1,0.44000000000000006,0.16000000000000003,0.28,1.0,0.14
0.842,0.3,1.0,0.0,0.158,0.15800000000000003,2.7755575615628914e-17,3,1,0.44200000000000006,0.15800000000000003,0.28400000000000003,1.0,0.14200000000000002
0.844,0.3,1.0,0.0,0.156,0.1560000000000001,1.1102230246251565e-16,3,1,0.44399999999999995,0.15599999999999953,0.2880000000000004,1.0,0.1440000000000002
0.846,0.3,1.0,0.0,0.15399999999999997,0.15400000000000003,5.551115123125783e-17,3,1,0.44599999999999995,0.15399999999999972,0.29200000000000026,1.0,0.14600000000000013
0.848,0.3,1.0,0.0,0.15200000000000002,0.15200000000000002,0.0,3,1,0.44800000000000006,0.15200000000000008,0.296,1.0,0.148
0.85,0.3,1.0,0.0,0.15000000000000002,0.1500000000000001,8.326672684688674e-17,3,1,0.45,0.14999999999999997,0.30000000000000004,1.0,0.15000000000000002
0.852,0.3,1.0,0.0,0.14799999999999996,0.14800000000000008,1.1102230246251565e-16,3,1,0.4519999999999999,0.148,0.30399999999999994,1.0,0.15199999999999997
0.854,0.3,1.0,0.0,0.14599999999999994,0.14599999999999996,2.7755575615628914e-17,3,2,0.45400000000000007,0.14600000000000035,0.3079999999999997,1.0,0.15399999999999986
0.856,0.3,1.0,0.0,0.1439999999999999,0.14400000000000002,1.1102230246251565e-16,3,2,0.4560000000000001,0.1440000000000001,0.31200000000000006,1.0,0.15600000000000003
0.858,0.3,1.0,0.0,0.14199999999999993,0.142,5.551115123125783e-17,3,2,0.4579999999999998,0.14200000000000007,0.3159999999999997,1.0,0.15799999999999986
0.86,0.3,1.0,0.0,0.14,0.14000000000000007,5.551115123125783e-17,3,1,0.45999999999999996,0.14000000000000004,0.31999999999999995,1.0,0.15999999999999998
0.862,0.3,1.0,0.0,0.13799999999999996,0.1380000000000001,1.3877787807814457e-16,3,2,0.46199999999999986,0.13800000000000007,0.3239999999999998,1.0,0.1619999999999999
0.864,0.3,1.0,0.0,0.13599999999999993,0.136,8.326672684688674e-17,3,1,0.46399999999999997,0.13599999999999998,0.32799999999999996,1.0,0.16399999999999998
0.866,0.3,1.0,0.0,0.13399999999999995,0.134,5.551115123125783e-17,3,1,0.46599999999999997,0.13399999999999995,0.332,1.0,0.166
0.868,0.3,1.0,0.0,0.13199999999999995,0.13200000000000003,8.326672684688674e-17,3,1,0.4680000000000001,0.132,0.3360000000000001,1.0,0.16800000000000004
0.87,0.3,1.0,0.0,0.13,0.13000000000000006,5.551115123125783e-17,3,1,0.47000000000000003,0.13,0.34,1.0,0.17
0.872,0.3,1.0,0.0,0.128,0.12800000000000009,8.326672684688674e-17,3,1,0.47200000000000003,0.12799999999999997,0.3440000000000001,1.0,0.17200000000000004
0.874,0.3,1.0,0.0,0.12600000000000006,0.1260000000000001,5.551115123125783e-17,3,2,0.4739999999999998,0.126,0.3479999999999998,1.0,0.1739999999999999
0.876,0.3,1.0,0.0,0.124,0.12400000000000014,1.3877787807814457e-16,3,1,0.47600000000000015,0.1239999999999999,0.35200000000000026,1.0,0.17600000000000013
0.878,0.3,1.0,0.0,0.12199999999999998,0.12200000000000003,4.163336342344337e-17,3,2,0.4779999999999999,0.12200000000000001,0.3559999999999999,1.0,0.17799999999999996
0.88,0.3,1.0,0.0,0.12000000000000001,0.1200000000000001,9.71445146547012e-17,3,2,0.4799999999999999,0.12000000000000006,0.3599999999999999,1.0,0.17999999999999994
0.882,0.3,1.0,0.0,0.11799999999999992,0.11800000000000001,8.326672684688674e-17,3,2,0.48200000000000004,0.1180000000000002,0.3639999999999998,1.0,0.1819999999999999
0.884,0.3,1.0,0.0,0.11599999999999985,0.11599999999999991,5.551115123125783e-17,3,2,0.48399999999999993,0.11600000000000005,0.3679999999999999,1.0,0.18399999999999994
0.886,0.3,1.0,0.0,0.11399999999999995,0.11399999999999998,2.7755575615628914e-17,3,1,0.486,0.11400000000000002,0.372,1.0,0.186
0.888,0.3,1.0,0.0,0.11199999999999986,0.11199999999999995,8.326672684688674e-17,3,2,0.4879999999999999,0.11200000000000007,0.3759999999999998,1.0,0.1879999999999999
0.89,0.3,1.0,0.0,0.10999999999999989,0.1099999999999999,1.3877787807814457e-17,3,1,0.4899999999999999,0.10999999999999982,0.38000000000000006,1.0,0.19000000000000003
0.892,0.3,1.0,0.0,0.10799999999999983,0.10799999999999992,8.326672684688674e-17,3,2,0.49200000000000005,0.10800000000000008,0.38399999999999995,1.0,0.19199999999999998
0.894,0.3,1.0,0.0,0.10599999999999998,0.1060000000000001,1.1102230246251565e-16,3,2,0.49399999999999994,0.10600000000000001,0.3879999999999999,1.0,0.19399999999999995
0.896,0.3,1.0,0.0,0.10399999999999998,0.10400000000000002,4.163336342344337e-17,3,1,0.496,0.10399999999999993,0.39200000000000007,1.0,0.19600000000000004
0.898,0.3,1.0,0.0,0.10199999999999992,0.10200000000000005,1.249000902703301e-16,3,1,0.498,0.10199999999999981,0.3960000000000002,1.0,0.1980000000000001
0.9,0.3,1.0,0.0,0.10000000000000002,0.10000000000000006,4.163336342344337e-17,3,1,0.5000000000000001,0.09999999999999995,0.40000000000000013,1.0,0.20000000000000007
0.902,0.3,1.0,0.0,0.09799999999999996,0.09800000000000003,6.938893903907228e-17,3,1,0.502,0.09799999999999995,0.404,1.0,0.202
0.904,0.3,1.0,0.0,0.09599999999999996,0.096,4.163336342344337e-17,3,2,0.504,0.096,0.40800000000000003,1.0,0.20400000000000001
0.906,0.3,1.0,0.0,0.09399999999999996,0.09399999999999999,2.7755575615628914e-17,3,1,0.506,0.09399999999999997,0.41200000000000003,1.0,0.20600000000000002
0.908,0.3,1.0,0.0,0.09199999999999983,0.09199999999999986,2.7755575615628914e-17,3,2,0.5080000000000001,0.09200000000000016,0.4159999999999999,1.0,0.20799999999999996
0.91,0.3,1.0,0.0,0.08999999999999997,0.09000000000000002,5.551115123125783e-17,3,1,0.51,0.08999999999999991,0.4200000000000001,1.0,0.21000000000000005
0.912,0.3,1.0,0.0,0.08799999999999991,0.08799999999999993,1.3877787807814457e-17,3,2,0.5120000000000001,0.08800000000000005,0.42400000000000004,1.0,0.21200000000000002
0.914,0.3,1.0,0.0,0.086,0.08600000000000009,9.71445146547012e-17,3,2,0.514,0.086,0.42800000000000005,1.0,0.21400000000000002
0.916,0.3,1.0,0.0,0.08399999999999998,0.08400000000000002,4.163336342344337e-17,3,1,0.516,0.08399999999999963,0.4320000000000004,1.0,0.2160000000000002
0.918,0.3,1.0,0.0,0.08199999999999995,0.08200000000000002,6.938893903907228e-17,3,2,0.5180000000000002,0.08199999999999999,0.4360000000000003,1.0,0.21800000000000014
0.92,0.3,1.0,0.0,0.08,0.08,0.0,3,1,0.52,0.07999999999999977,0.4400000000000003,1.0,0.22000000000000014
0.922,0.3,1.0,0.0,0.07799999999999997,0.07800000000000007,9.71445146547012e-17,3,1,0.5220000000000001,0.07799999999999993,0.4440000000000002,1.0,0.2220000000000001
0.924,0.3,1.0,0.0,0.07599999999999997,0.07599999999999997,0.0,3,1,0.524,0.07599999999999993,0.44800000000000006,1.0,0.22400000000000003
0.926,0.3,1.0,0.0,0.07399999999999997,0.07399999999999998,1.3877787807814457e-17,3,1,0.526,0.07399999999999984,0.4520000000000002,1.0,0.2260000000000001
0.928,0.3,1.0,0.0,0.07199999999999995,0.07200000000000012,1.6653345369377348e-16,3,1,0.5280000000000001,0.07199999999999995,0.4560000000000002,1.0,0.2280000000000001
0.93,0.3,1.0,0.0,0.06999999999999995,0.06999999999999998,2.7755575615628914e-17,3,2,0.53,0.06999999999999998,0.4600000000000001,1.0,0.23000000000000004
0.932,0.3,1.0,0.0,0.06799999999999982,0.06799999999999998,1.5265566588595902e-16,3,1,0.5319999999999999,0.06799999999999999,0.4639999999999999,1.0,0.23199999999999996
0.934,0.3,1.0,0.0,0.06599999999999974,0.06599999999999992,1.8041124150158794e-16,3,2,0.534,0.06600000000000011,0.4679999999999999,1.0,0.23399999999999996
0.936,0.3,1.0,0.0,0.06399999999999995,0.06400000000000004,9.71445146547012e-17,3,1,0.536,0.06399999999999992,0.4720000000000001,1.0,0.23600000000000004
0.9380000000000001,0.3,1.0,0.0,0.061999999999999965,0.06199999999999998,1.3877787807814457e-17,3,2,0.5380000000000001,0.061999999999999986,0.47600000000000015,1.0,0.23800000000000007
0.9400000000000001,0.3,1.0,0.0,0.05999999999999993,0.06000000000000004,1.1102230246251565e-16,3,1,0.5399999999999999,0.05999999999999997,0.48,1.0,0.24
0.9420000000000001,0.3,1.0,0.0,0.057999999999999885,0.05799999999999999,1.0408340855860843e-16,3,2,0.5419999999999999,0.058000000000000045,0.4839999999999999,1.0,0.24199999999999994
0.9440000000000001,0.3,1.0,0.0,0.05599999999999988,0.05599999999999991,2.7755575615628914e-17,3,1,0.5440000000000003,0.05599999999999985,0.48800000000000043,1.0,0.24400000000000022
0.9460000000000001,0.3,1.0,0.0,0.053999999999999916,0.05399999999999998,6.245004513516506e-17,3,1,0.5460000000000002,0.05399999999999991,0.4920000000000002,1.0,0.2460000000000001
0.9480000000000001,0.3,1.0,0.0,0.05199999999999994,0.052,5.551115123125783e-17,3,1,0.5479999999999999,0.051999999999999866,0.49600000000000005,1.0,0.24800000000000003
0.9500000000000001,0.3,1.0,0.0,0.04999999999999995,0.049999999999999975,2.7755575615628914e-17,3,1,0.5499999999999999,0.04999999999999985,0.5000000000000001,1.0,0.25000000000000006
0.9520000000000001,0.3,1.0,0.0,0.047999999999999945,0.04799999999999995,6.938893903907228e-18,3,1,0.5520000000000002,0.04799999999999996,0.5040000000000002,1.0,0.2520000000000001
0.9540000000000001,0.3,1.0,0.0,0.04599999999999972,0.04599999999999997,2.498001805406602e-16,3,1,0.5540000000000002,0.04599999999999992,0.5080000000000002,1.0,0.2540000000000001
0.9560000000000001,0.3,1.0,0.0,0.043999999999999866,0.04400000000000017,3.0531133177191805e-16,3,2,0.556,0.04400000000000001,0.512,1.0,0.256
0.9580000000000001,0.3,1.0,0.0,0.041999999999999926,0.042000000000000044,1.1796119636642288e-16,3,2,0.5579999999999999,0.042000000000000044,0.5159999999999999,1.0,0.25799999999999995
0.96,0.3,1.0,0.0,0.040000000000000036,0.04000000000000014,1.0408340855860843e-16,3,1,0.5599999999999999,0.03999999999999988,0.52,1.0,0.26
0.962,0.3,1.0,0.0,0.03800000000000005,0.0380000000000001,5.551115123125783e-17,3,1,0.562,0.03799999999999998,0.524,1.0,0.262
0.964,0.3,1.0,0.0,0.03599999999999989,0.03599999999999991,1.3877787807814457e-17,3,2,0.564,0.03600000000000018,0.5279999999999998,1.0,0.2639999999999999
0.966,0.3,1.0,0.0,0.034,0.03400000000000003,2.7755575615628914e-17,3,1,0.566,0.03399999999999995,0.532,1.0,0.266
0.968,0.3,1.0,0.0,0.032,0.03200000000000002,2.0816681711721685e-17,3,1,0.5679999999999998,0.031999999999999994,0.5359999999999998,1.0,0.2679999999999999
0.97,0.3,1.0,0.0,0.030000000000000037,0.030000000000000058,2.0816681711721685e-17,3,2,0.5699999999999998,0.030000000000000058,0.5399999999999998,1.0,0.2699999999999999
0.972,0.3,1.0,0.0,0.028000000000000014,0.028000000000000143,1.2836953722228372e-16,3,1,0.572,0.02799999999999994,0.544,1.0,0.272
0.974,0.3,1.0,0.0,0.026000000000000006,0.026000000000000037,3.122502256758253e-17,3,1,0.574,0.025999999999999947,0.548,1.0,0.274
0.976,0.3,1.0,0.0,0.024000000000000014,0.024000000000000084,6.938893903907228e-17,3,1,0.5759999999999998,0.024000000000000014,0.5519999999999998,1.0,0.2759999999999999
0.978,0.3,1.0,0.0,0.02200000000000007,0.02200000000000019,1.1796119636642288e-16,3,1,0.578,0.022000000000000037,0.5559999999999999,1.0,0.27799999999999997
0.98,0.3,1.0,0.0,0.01999999999999988,0.02000000000000001,1.3183898417423734e-16,3,2,0.5799999999999998,0.02000000000000003,0.5599999999999998,1.0,0.2799999999999999
0.982,0.3,1.0,0.0,0.0179999999999999,0.018000000000000033,1.3183898417423734e-16,3,2,0.582,0.01799999999999999,0.564,1.0,0.282
0.984,0.3,1.0,0.0,0.015999999999999986,0.016000000000000045,5.898059818321144e-17,3,2,0.584,0.015999999999999973,0.568,1.0,0.284
0.986,0.3,1.0,0.0,0.014000000000000054,0.014000000000000068,1.3877787807814457e-17,3,1,0.5859999999999999,0.014000000000000012,0.5719999999999998,1.0,0.2859999999999999
0.988,0.3,1.0,0.0,0.011999999999999757,0.012000000000000056,2.983724378680108e-16,3,2,0.5880000000000002,0.012000000000000082,0.5760000000000001,1.0,0.28800000000000003
0.99,0.3,1.0,0.0,0.010000000000000092,0.010000000000000106,1.3877787807814457e-17,3,2,0.5900000000000001,0.010000000000000092,0.58,1.0,0.29
0.992,0.3,1.0,0.0,0.00799999999999999,0.008000000000000063,7.28583859910259e-17,3,2,0.5919999999999999,0.007999999999999993,0.5839999999999999,1.0,0.2919999999999999
0.994,0.3,1.0,0.0,0.005999999999999922,0.0060000000000000634,1.4137996329210978e-16,3,1,0.594,0.005999999999999941,0.5880000000000001,1.0,0.29400000000000004
0.996,0.3,1.0,0.0,0.004000000000000054,0.004000000000000086,3.209238430557093e-17,3,1,0.5960000000000001,0.0040000000000001085,0.592,1.0,0.296
0.998,0.3,1.0,0.0,0.0020000000000000018,0.002000000000000005,3.0357660829594124e-18,3,1,0.598,0.0020000000000000104,0.596,1.0,0.298
1.0,0.3,1.0,0.0,-1.3399381810947882e-32,1.3399381810947882e-32,2.6798763621895763e-32,3,2,0.5999999999999999,1.750713866555357e-17,0.5999999999999999,1.0,0.29999999999999993
