v,direction,scan_param,center_index,wannier_center
0.1,x,-3.141592653589793,0,0.10791681526131089
0.1,x,-3.141592653589793,1,0.19151459784894062
0.1,x,-3.141592653589793,2,0.8032031712426411
0.1,x,-3.141592653589793,3,0.8973654156471074
0.1,x,-3.0640224646122673,0,0.06423403852448287
0.1,x,-3.0640224646122673,1,0.31428758284196995
0.1,x,-3.0640224646122673,2,0.7053060224152992
0.1,x,-3.0640224646122673,3,0.9161723562182482
0.1,x,-2.9864522756347416,0,0.14424406439985699
0.1,x,-2.9864522756347416,1,0.24983215218507515
0.1,x,-2.9864522756347416,2,0.738621695127684
0.1,x,-2.9864522756347416,3,0.8673020882873836
0.1,x,-2.908882086657216,0,0.30448516179196145
0.1,x,-2.908882086657216,1,0.3622871403360667
0.1,x,-2.908882086657216,2,0.5955522158689396
0.1,x,-2.908882086657216,3,0.737675482003032
0.1,x,-2.83131189767969,0,0.09283759975037509
0.1,x,-2.83131189767969,1,0.34986575212977933
0.1,x,-2.83131189767969,2,0.666051112945363
0.1,x,-2.83131189767969,3,0.8912455351744828
0.1,x,-2.7537417087021643,0,0.1747416954169099
0.1,x,-2.7537417087021643,1,0.33868938646361674
0.1,x,-2.7537417087021643,2,0.6866681732682781
0.1,x,-2.7537417087021643,3,0.7999007448511946
0.1,x,-2.6761715197246385,0,0.2523896142055943
0.1,x,-2.6761715197246385,1,0.36730519944467677
0.1,x,-2.6761715197246385,2,0.6013937665961736
0.1,x,-2.6761715197246385,3,0.7789114197535556
0.1,x,-2.5986013307471127,0,0.08888275725081062
0.1,x,-2.5986013307471127,1,0.28892422523169203
0.1,x,-2.5986013307471127,2,0.7325885051346908
0.1,x,-2.5986013307471127,3,0.8896045123828065
0.1,x,-2.521031141769587,0,0.11458651573114959
0.1,x,-2.521031141769587,1,0.29399580538242054
0.1,x,-2.521031141769587,2,0.7463427773762061
0.1,x,-2.521031141769587,3,0.8450749015102238
0.1,x,-2.443460952792061,0,0.10910962889117941
0.1,x,-2.443460952792061,1,0.21189484746304252
0.1,x,-2.443460952792061,2,0.7946957602703406
0.1,x,-2.443460952792061,3,0.8842997633754375
0.1,x,-2.3658907638145354,0,0.055058890015168796
0.1,x,-2.3658907638145354,1,0.23804439445591585
0.1,x,-2.3658907638145354,2,0.7634003869915725
0.1,x,-2.3658907638145354,3,0.9434963285373423
0.1,x,-2.2883205748370097,0,0.2718561945381316
0.1,x,-2.2883205748370097,1,0.4162229558278624
0.1,x,-2.2883205748370097,2,0.585380077704708
0.1,x,-2.2883205748370097,3,0.7265407719292981
0.1,x,-2.210750385859484,0,0.275982983345227
0.1,x,-2.210750385859484,1,0.31333286443195996
0.1,x,-2.210750385859484,2,0.6864813973033089
0.1,x,-2.210750385859484,3,0.7242027549195036
0.1,x,-2.133180196881958,0,0.13279272432130756
0.1,x,-2.133180196881958,1,0.43908995631431263
0.1,x,-2.133180196881958,2,0.5595008525559861
0.1,x,-2.133180196881958,3,0.8686164668083931
0.1,x,-2.0556100079044324,0,0.2355434941047516
0.1,x,-2.0556100079044324,1,0.31504886941791943
0.1,x,-2.0556100079044324,2,0.6767407885807755
0.1,x,-2.0556100079044324,3,0.7726668478965537
0.1,x,-1.9780398189269068,0,0.11625057864377675
0.1,x,-1.9780398189269068,1,0.28609065235486986
0.1,x,-1.9780398189269068,2,0.7167588906390006
0.1,x,-1.9780398189269068,3,0.8808998783623528
0.1,x,-1.900469629949381,0,0.10047052421876361
0.1,x,-1.900469629949381,1,0.19050545449172607
0.1,x,-1.900469629949381,2,0.8422491784615684
0.1,x,-1.900469629949381,3,0.866774842827942
0.1,x,-1.8228994409718553,0,0.217628202401528
0.1,x,-1.8228994409718553,1,0.33419932280499076
0.1,x,-1.8228994409718553,2,0.6693236685488968
0.1,x,-1.8228994409718553,3,0.7788488062445842
0.1,x,-1.7453292519943295,0,0.13137757596629857
0.1,x,-1.7453292519943295,1,0.31664282876180294
0.1,x,-1.7453292519943295,2,0.6707082993789188
0.1,x,-1.7453292519943295,3,0.8812712958929796
0.1,x,-1.6677590630168038,0,0.22701249034928309
0.1,x,-1.6677590630168038,1,0.3208134960220215
0.1,x,-1.6677590630168038,2,0.7053026404664944
0.1,x,-1.6677590630168038,3,0.7468713731622014
0.1,x,-1.590188874039278,0,0.19423490742131616
0.1,x,-1.590188874039278,1,0.4084902413185963
0.1,x,-1.590188874039278,2,0.5987358923802435
0.1,x,-1.590188874039278,3,0.7985389588798443
0.1,x,-1.5126186850617522,0,0.21239126012755052
0.1,x,-1.5126186850617522,1,0.4109289995106758
0.1,x,-1.5126186850617522,2,0.5961833442505493
0.1,x,-1.5126186850617522,3,0.7804963961112241
0.1,x,-1.4350484960842265,0,0.16975476347709625
0.1,x,-1.4350484960842265,1,0.2600903706581155
0.1,x,-1.4350484960842265,2,0.7487383650815387
0.1,x,-1.4350484960842265,3,0.8214165007832492
0.1,x,-1.3574783071067007,0,0.14417900204100761
0.1,x,-1.3574783071067007,1,0.35860119847343697
0.1,x,-1.3574783071067007,2,0.6397318265865479
0.1,x,-1.3574783071067007,3,0.8574879728990077
0.1,x,-1.2799081181291752,0,0.29085872507096805
0.1,x,-1.2799081181291752,1,0.4275533586647591
0.1,x,-1.2799081181291752,2,0.5751055793710029
0.1,x,-1.2799081181291752,3,0.7064823368932703
0.1,x,-1.2023379291516494,0,0.21655286227010823
0.1,x,-1.2023379291516494,1,0.3383406057396675
0.1,x,-1.2023379291516494,2,0.6613927499728185
0.1,x,-1.2023379291516494,3,0.7837137820174068
0.1,x,-1.1247677401741236,0,0.218185979921076
0.1,x,-1.1247677401741236,1,0.3058902328036395
0.1,x,-1.1247677401741236,2,0.6925518638283914
0.1,x,-1.1247677401741236,3,0.7833719234468934
0.1,x,-1.0471975511965979,0,0.1156611815993192
0.1,x,-1.0471975511965979,1,0.3769498141645822
0.1,x,-1.0471975511965979,2,0.6291566672537523
0.1,x,-1.0471975511965979,3,0.8782323369823468
0.1,x,-0.9696273622190721,0,0.15180786068387156
0.1,x,-0.9696273622190721,1,0.34735696713536485
0.1,x,-0.9696273622190721,2,0.6474530337323618
0.1,x,-0.9696273622190721,3,0.8533821384484024
0.1,x,-0.8920571732415463,0,0.08903717340275026
0.1,x,-0.8920571732415463,1,0.27547953796959146
0.1,x,-0.8920571732415463,2,0.7263181268767593
0.1,x,-0.8920571732415463,3,0.9091651617508991
0.1,x,-0.8144869842640206,0,0.26940571973158733
0.1,x,-0.8144869842640206,1,0.39757224893308185
0.1,x,-0.8144869842640206,2,0.5931434478072921
0.1,x,-0.8144869842640206,3,0.739878583528039
0.1,x,-0.7369167952864948,0,0.23710020033525883
0.1,x,-0.7369167952864948,1,0.41242400900450515
0.1,x,-0.7369167952864948,2,0.5899701745440764
0.1,x,-0.7369167952864948,3,0.7605056161161594
0.1,x,-0.659346606308969,0,0.20920320618093594
0.1,x,-0.659346606308969,1,0.31788438721965306
0.1,x,-0.659346606308969,2,0.6937259756750267
0.1,x,-0.659346606308969,3,0.7791864309243846
0.1,x,-0.5817764173314433,0,0.12010077775134159
0.1,x,-0.5817764173314433,1,0.24273553319062133
0.1,x,-0.5817764173314433,2,0.7595766039301006
0.1,x,-0.5817764173314433,3,0.8775870851279364
0.1,x,-0.5042062283539175,0,0.16275711835811923
0.1,x,-0.5042062283539175,1,0.2703862031107851
0.1,x,-0.5042062283539175,2,0.7234016678474147
0.1,x,-0.5042062283539175,3,0.8434550106836811
0.1,x,-0.4266360393763917,0,0.17495558349578091
0.1,x,-0.4266360393763917,1,0.2691461970221069
0.1,x,-0.4266360393763917,2,0.7298058529531537
0.1,x,-0.4266360393763917,3,0.8260923665289581
0.1,x,-0.34906585039886595,0,0.14189299262241678
0.1,x,-0.34906585039886595,1,0.18252343143649163
0.1,x,-0.34906585039886595,2,0.8213698468420103
0.1,x,-0.34906585039886595,3,0.8542137290990817
0.1,x,-0.2714956614213402,0,0.11764978131126408
0.1,x,-0.2714956614213402,1,0.29673646884487653
0.1,x,-0.2714956614213402,2,0.7008155003054338
0.1,x,-0.2714956614213402,3,0.8847982495384248
0.1,x,-0.19392547244381442,0,0.19695287015892093
0.1,x,-0.19392547244381442,1,0.32946240566717144
0.1,x,-0.19392547244381442,2,0.6580577034496364
0.1,x,-0.19392547244381442,3,0.8155270207242709
0.1,x,-0.11635528346628865,0,0.10908576698355786
0.1,x,-0.11635528346628865,1,0.22453417568600037
0.1,x,-0.11635528346628865,2,0.778479012730022
0.1,x,-0.11635528346628865,3,0.8879010446004196
0.1,x,-0.03878509448876288,0,0.18438866906845938
0.1,x,-0.03878509448876288,1,0.36738355887224916
0.1,x,-0.03878509448876288,2,0.6487310646573083
0.1,x,-0.03878509448876288,3,0.7994967074019835
0.1,x,0.03878509448876288,0,0.2091999126641844
0.1,x,0.03878509448876288,1,0.40794145796794207
0.1,x,0.03878509448876288,2,0.5888059860751045
0.1,x,0.03878509448876288,3,0.7940526432927687
0.1,x,0.11635528346628865,0,0.08870849650498575
0.1,x,0.11635528346628865,1,0.26587465319125786
0.1,x,0.11635528346628865,2,0.7343599230332726
0.1,x,0.11635528346628865,3,0.9110569272704836
0.1,x,0.19392547244381442,0,0.1743703476169606
0.1,x,0.19392547244381442,1,0.3470207334704384
0.1,x,0.19392547244381442,2,0.6659998013084774
0.1,x,0.19392547244381442,3,0.8126091176041235
0.1,x,0.2714956614213402,0,0.11842121554030521
0.1,x,0.2714956614213402,1,0.19870922578155453
0.1,x,0.2714956614213402,2,0.8087818716821396
0.1,x,0.2714956614213402,3,0.8740876869960008
0.1,x,0.34906585039886595,0,0.1297931880869429
0.1,x,0.34906585039886595,1,0.4013193330829453
0.1,x,0.34906585039886595,2,0.5877288699025125
0.1,x,0.34906585039886595,3,0.8811586089275989
0.1,x,0.4266360393763917,0,0.26089437090999745
0.1,x,0.4266360393763917,1,0.3595708131674928
0.1,x,0.4266360393763917,2,0.6414887739236093
0.1,x,0.4266360393763917,3,0.7380460419989008
0.1,x,0.5042062283539175,0,0.06378538324906305
0.1,x,0.5042062283539175,1,0.21076432720240335
0.1,x,0.5042062283539175,2,0.7887587902605031
0.1,x,0.5042062283539175,3,0.9366914992880304
0.1,x,0.5817764173314428,0,0.13851088669278086
0.1,x,0.5817764173314428,1,0.32178069228547884
0.1,x,0.5817764173314428,2,0.6724424677270373
0.1,x,0.5817764173314428,3,0.8672659532947027
0.1,x,0.6593466063089686,0,0.35514072906271393
0.1,x,0.6593466063089686,1,0.42011535198381533
0.1,x,0.6593466063089686,2,0.5770894075760615
0.1,x,0.6593466063089686,3,0.647654511377409
0.1,x,0.7369167952864943,0,0.16125693624386103
0.1,x,0.7369167952864943,1,0.3006734261683988
0.1,x,0.7369167952864943,2,0.6953243648898857
0.1,x,0.7369167952864943,3,0.8427452726978553
0.1,x,0.8144869842640201,0,0.09995080318696083
0.1,x,0.8144869842640201,1,0.2313116462132938
0.1,x,0.8144869842640201,2,0.767242613343929
0.1,x,0.8144869842640201,3,0.9014949372558156
0.1,x,0.8920571732415459,0,0.12244542660613798
0.1,x,0.8920571732415459,1,0.16420360267767328
0.1,x,0.8920571732415459,2,0.8379703083104969
0.1,x,0.8920571732415459,3,0.875380662405692
0.1,x,0.9696273622190716,0,0.18916168595717842
0.1,x,0.9696273622190716,1,0.21490908254501595
0.1,x,0.9696273622190716,2,0.7710740126823611
0.1,x,0.9696273622190716,3,0.8248552188154449
0.1,x,1.0471975511965974,0,0.2378181811497396
0.1,x,1.0471975511965974,1,0.3125527157237161
0.1,x,1.0471975511965974,2,0.6903897552738233
0.1,x,1.0471975511965974,3,0.7592393478527212
0.1,x,1.1247677401741232,0,0.19588114563663164
0.1,x,1.1247677401741232,1,0.4505900056196152
0.1,x,1.1247677401741232,2,0.5435176948222944
0.1,x,1.1247677401741232,3,0.8100111539214587
0.1,x,1.202337929151649,0,0.3682222561081232
0.1,x,1.202337929151649,1,0.3904432498197705
0.1,x,1.202337929151649,2,0.6079835576079783
0.1,x,1.202337929151649,3,0.6333509364641285
0.1,x,1.2799081181291747,0,0.21215499105005267
0.1,x,1.2799081181291747,1,0.31704465730985654
0.1,x,1.2799081181291747,2,0.6851497853505075
0.1,x,1.2799081181291747,3,0.7856505662895831
0.1,x,1.3574783071067005,0,0.16285587977284016
0.1,x,1.3574783071067005,1,0.17826154507556977
0.1,x,1.3574783071067005,2,0.7969463094022744
0.1,x,1.3574783071067005,3,0.8619362657493157
0.1,x,1.4350484960842262,0,0.10459683695973168
0.1,x,1.4350484960842262,1,0.39273602407197766
0.1,x,1.4350484960842262,2,0.6054974028794451
0.1,x,1.4350484960842262,3,0.8971697360888454
0.1,x,1.512618685061752,0,0.2999397939837416
0.1,x,1.512618685061752,1,0.333107288544545
0.1,x,1.512618685061752,2,0.6376690662112253
0.1,x,1.512618685061752,3,0.729283851260488
0.1,x,1.5901888740392778,0,0.3225417934175487
0.1,x,1.5901888740392778,1,0.40775065759296175
0.1,x,1.5901888740392778,2,0.5895720254973202
0.1,x,1.5901888740392778,3,0.6801355234921691
0.1,x,1.6677590630168035,0,0.22076058494721598
0.1,x,1.6677590630168035,1,0.31293361110451884
0.1,x,1.6677590630168035,2,0.6959662535277038
0.1,x,1.6677590630168035,3,0.7703395504205613
0.1,x,1.7453292519943293,0,0.17319222694977282
0.1,x,1.7453292519943293,1,0.2921228426218463
0.1,x,1.7453292519943293,2,0.7072223324154299
0.1,x,1.7453292519943293,3,0.8274625980129507
0.1,x,1.822899440971855,0,0.14959210339634071
0.1,x,1.822899440971855,1,0.19442588765693816
0.1,x,1.822899440971855,2,0.8082225466315089
0.1,x,1.822899440971855,3,0.8477594623152116
0.1,x,1.9004696299493808,0,0.13020532781653638
0.1,x,1.9004696299493808,1,0.21767616466113932
0.1,x,1.9004696299493808,2,0.780887748520573
0.1,x,1.9004696299493808,3,0.8712307590017511
0.1,x,1.9780398189269066,0,0.13914333758822356
0.1,x,1.9780398189269066,1,0.23768370623099705
0.1,x,1.9780398189269066,2,0.790163378584247
0.1,x,1.9780398189269066,3,0.8330095775965322
0.1,x,2.0556100079044324,0,0.15123814034694855
0.1,x,2.0556100079044324,1,0.2766536699320317
0.1,x,2.0556100079044324,2,0.7268560634325938
0.1,x,2.0556100079044324,3,0.8452521262884258
0.1,x,2.133180196881958,0,0.37231334831599316
0.1,x,2.133180196881958,1,0.4347285855521429
0.1,x,2.133180196881958,2,0.5686434824538685
0.1,x,2.133180196881958,3,0.6243145836779957
0.1,x,2.210750385859484,0,0.23521453944941625
0.1,x,2.210750385859484,1,0.3619228081570691
0.1,x,2.210750385859484,2,0.6563210085450918
0.1,x,2.210750385859484,3,0.7465416438484227
0.1,x,2.2883205748370097,0,0.14364814592057348
0.1,x,2.2883205748370097,1,0.2684847950771871
0.1,x,2.2883205748370097,2,0.7284822732122882
0.1,x,2.2883205748370097,3,0.8593847857899514
0.1,x,2.3658907638145354,0,0.1351363859241238
0.1,x,2.3658907638145354,1,0.3231219480030531
0.1,x,2.3658907638145354,2,0.6781079583009106
0.1,x,2.3658907638145354,3,0.863633707771912
0.1,x,2.443460952792061,0,0.21082745304818262
0.1,x,2.443460952792061,1,0.2972870870482622
0.1,x,2.443460952792061,2,0.6877502168342358
0.1,x,2.443460952792061,3,0.8041352430693195
0.1,x,2.521031141769587,0,0.10553546060537948
0.1,x,2.521031141769587,1,0.22288428446940767
0.1,x,2.521031141769587,2,0.764707232193088
0.1,x,2.521031141769587,3,0.9068730227321252
0.1,x,2.5986013307471127,0,0.33790715249987063
0.1,x,2.5986013307471127,1,0.39440321418667157
0.1,x,2.5986013307471127,2,0.58766519418771
0.1,x,2.5986013307471127,3,0.6800244391257481
0.1,x,2.6761715197246385,0,0.09693835366085668
0.1,x,2.6761715197246385,1,0.3485188800679199
0.1,x,2.6761715197246385,2,0.6479694953922409
0.1,x,2.6761715197246385,3,0.9065732708789824
0.1,x,2.7537417087021643,0,0.16937441786915647
0.1,x,2.7537417087021643,1,0.33532735445442186
0.1,x,2.7537417087021643,2,0.641117733426779
0.1,x,2.7537417087021643,3,0.8541804942496428
0.1,x,2.83131189767969,0,0.16505019290336095
0.1,x,2.83131189767969,1,0.34611032182199236
0.1,x,2.83131189767969,2,0.6404217156498586
0.1,x,2.83131189767969,3,0.8484177696247881
0.1,x,2.908882086657216,0,0.23588462754282127
0.1,x,2.908882086657216,1,0.3221250569933618
0.1,x,2.908882086657216,2,0.6539205773530454
0.1,x,2.908882086657216,3,0.7880697381107713
0.1,x,2.9864522756347416,0,0.2434398210996051
0.1,x,2.9864522756347416,1,0.38598536081183404
0.1,x,2.9864522756347416,2,0.6349000717052169
0.1,x,2.9864522756347416,3,0.7356747463833446
0.1,x,3.0640224646122673,0,0.3548028758247004
0.1,x,3.0640224646122673,1,0.42075677674768114
0.1,x,3.0640224646122673,2,0.5309944247604279
0.1,x,3.0640224646122673,3,0.6934459226671899
0.1,y,-3.141592653589793,0,0.3116500629319925
0.1,y,-3.141592653589793,1,0.41553844395945716
0.1,y,-3.141592653589793,2,0.5977154975913016
0.1,y,-3.141592653589793,3,0.6750959955172489
0.1,y,-3.0640224646122673,0,0.15960330569662098
0.1,y,-3.0640224646122673,1,0.28419320886786537
0.1,y,-3.0640224646122673,2,0.7484641508294025
0.1,y,-3.0640224646122673,3,0.8077393346061107
0.1,y,-2.9864522756347416,0,0.1668847689391065
0.1,y,-2.9864522756347416,1,0.31356492948265147
0.1,y,-2.9864522756347416,2,0.693287997234433
0.1,y,-2.9864522756347416,3,0.826262304343809
0.1,y,-2.908882086657216,0,0.14396254448190227
0.1,y,-2.908882086657216,1,0.26812706461336827
0.1,y,-2.908882086657216,2,0.7253307366867756
0.1,y,-2.908882086657216,3,0.8625796542179537
0.1,y,-2.83131189767969,0,0.15637820629002733
0.1,y,-2.83131189767969,1,0.30596306207884594
0.1,y,-2.83131189767969,2,0.6755225688145527
0.1,y,-2.83131189767969,3,0.8621361628165749
0.1,y,-2.7537417087021643,0,0.14318021835431669
0.1,y,-2.7537417087021643,1,0.27353829084624093
0.1,y,-2.7537417087021643,2,0.7184213405469226
0.1,y,-2.7537417087021643,3,0.8648601502525199
0.1,y,-2.6761715197246385,0,0.33078384102851544
0.1,y,-2.6761715197246385,1,0.37975228691223467
0.1,y,-2.6761715197246385,2,0.6242473310291183
0.1,y,-2.6761715197246385,3,0.6652165410301318
0.1,y,-2.5986013307471127,0,0.269049627672223
0.1,y,-2.5986013307471127,1,0.4631005327398689
0.1,y,-2.5986013307471127,2,0.5484958434407526
0.1,y,-2.5986013307471127,3,0.7193539961471549
0.1,y,-2.521031141769587,0,0.20242348953655376
0.1,y,-2.521031141769587,1,0.37738823133090077
0.1,y,-2.521031141769587,2,0.6086075111307084
0.1,y,-2.521031141769587,3,0.8115807680018364
0.1,y,-2.443460952792061,0,0.2875911376735081
0.1,y,-2.443460952792061,1,0.4114536100277782
0.1,y,-2.443460952792061,2,0.6055058710522023
0.1,y,-2.443460952792061,3,0.6954493812465117
0.1,y,-2.3658907638145354,0,0.2914428382437083
0.1,y,-2.3658907638145354,1,0.35929671320573686
0.1,y,-2.3658907638145354,2,0.6385967683870839
0.1,y,-2.3658907638145354,3,0.7106636801634714
0.1,y,-2.2883205748370097,0,0.19712989706302234
0.1,y,-2.2883205748370097,1,0.2817960325193531
0.1,y,-2.2883205748370097,2,0.7358868327001893
0.1,y,-2.2883205748370097,3,0.7851872377174347
0.1,y,-2.210750385859484,0,0.09168430571209137
0.1,y,-2.210750385859484,1,0.21847820163648216
0.1,y,-2.210750385859484,2,0.7679840726718973
0.1,y,-2.210750385859484,3,0.9218534199795296
0.1,y,-2.133180196881958,0,0.27833897940583296
0.1,y,-2.133180196881958,1,0.3523150064103261
0.1,y,-2.133180196881958,2,0.6503074052618582
0.1,y,-2.133180196881958,3,0.7190386089219826
0.1,y,-2.0556100079044324,0,0.23804804088221998
0.1,y,-2.0556100079044324,1,0.31661048786618134
0.1,y,-2.0556100079044324,2,0.6788214959010584
0.1,y,-2.0556100079044324,3,0.7665199753505405
0.1,y,-1.9780398189269068,0,0.28012208788352866
0.1,y,-1.9780398189269068,1,0.33641395810711416
0.1,y,-1.9780398189269068,2,0.6587657531251829
0.1,y,-1.9780398189269068,3,0.7246982008841742
0.1,y,-1.900469629949381,0,0.285786339472594
0.1,y,-1.900469629949381,1,0.33707313858265453
0.1,y,-1.900469629949381,2,0.6541475089747308
0.1,y,-1.900469629949381,3,0.722993012970021
0.1,y,-1.8228994409718553,0,0.2457384187471863
0.1,y,-1.8228994409718553,1,0.3787501168155957
0.1,y,-1.8228994409718553,2,0.6444646625936268
0.1,y,-1.8228994409718553,3,0.7310468018435905
0.1,y,-1.7453292519943295,0,0.1087105563631615
0.1,y,-1.7453292519943295,1,0.24918363758456347
0.1,y,-1.7453292519943295,2,0.7579448823257906
0.1,y,-1.7453292519943295,3,0.884160923726484
0.1,y,-1.6677590630168038,0,0.17968253390139294
0.1,y,-1.6677590630168038,1,0.2835026602357124
0.1,y,-1.6677590630168038,2,0.7211917725624886
0.1,y,-1.6677590630168038,3,0.8156230333004066
0.1,y,-1.590188874039278,0,0.20149581213945075
0.1,y,-1.590188874039278,1,0.2602127069115388
0.1,y,-1.590188874039278,2,0.7545775941230995
0.1,y,-1.590188874039278,3,0.7837138868259106
0.1,y,-1.5126186850617522,0,0.3577559356673008
0.1,y,-1.5126186850617522,1,0.3671184966225437
0.1,y,-1.5126186850617522,2,0.5912607353261004
0.1,y,-1.5126186850617522,3,0.6838648323840559
0.1,y,-1.4350484960842265,0,0.15137854870867706
0.1,y,-1.4350484960842265,1,0.2464304571326276
0.1,y,-1.4350484960842265,2,0.752417143416578
0.1,y,-1.4350484960842265,3,0.8497738507421175
0.1,y,-1.3574783071067007,0,0.2515931749807913
0.1,y,-1.3574783071067007,1,0.36052920628595403
0.1,y,-1.3574783071067007,2,0.642579039186497
0.1,y,-1.3574783071067007,3,0.7452985795467575
0.1,y,-1.2799081181291752,0,0.27995239589575216
0.1,y,-1.2799081181291752,1,0.3379346067211842
0.1,y,-1.2799081181291752,2,0.6645285207623407
0.1,y,-1.2799081181291752,3,0.7175844766207231
0.1,y,-1.2023379291516494,0,0.15161197695629625
0.1,y,-1.2023379291516494,1,0.24854152616077843
0.1,y,-1.2023379291516494,2,0.7350312520764499
0.1,y,-1.2023379291516494,3,0.8648152448064752
0.1,y,-1.1247677401741236,0,0.16908648753921304
0.1,y,-1.1247677401741236,1,0.21702398360151087
0.1,y,-1.1247677401741236,2,0.7874989505555022
0.1,y,-1.1247677401741236,3,0.8263905783037732
0.1,y,-1.0471975511965979,0,0.3035226672402608
0.1,y,-1.0471975511965979,1,0.3379729124723991
0.1,y,-1.0471975511965979,2,0.6690342009643278
0.1,y,-1.0471975511965979,3,0.6894702193230129
0.1,y,-0.9696273622190721,0,0.07594449526167711
0.1,y,-0.9696273622190721,1,0.2530747073964492
0.1,y,-0.9696273622190721,2,0.7397317120487032
0.1,y,-0.9696273622190721,3,0.93124908529317
0.1,y,-0.8920571732415463,0,0.11343392762500668
0.1,y,-0.8920571732415463,1,0.37165164528289285
0.1,y,-0.8920571732415463,2,0.631857509297318
0.1,y,-0.8920571732415463,3,0.883056917794782
0.1,y,-0.8144869842640206,0,0.19247370105036896
0.1,y,-0.8144869842640206,1,0.26792942979330053
0.1,y,-0.8144869842640206,2,0.7262130471914516
0.1,y,-0.8144869842640206,3,0.8133838219648791
0.1,y,-0.7369167952864948,0,0.1868342730967807
0.1,y,-0.7369167952864948,1,0.30039496145253264
0.1,y,-0.7369167952864948,2,0.7055261350143545
0.1,y,-0.7369167952864948,3,0.8072446304363323
0.1,y,-0.659346606308969,0,0.38117377373173994
0.1,y,-0.659346606308969,1,0.45357268593846434
0.1,y,-0.659346606308969,2,0.5437101355885787
0.1,y,-0.659346606308969,3,0.6215434047412169
0.1,y,-0.5817764173314433,0,0.18099494809252764
0.1,y,-0.5817764173314433,1,0.36588328065671516
0.1,y,-0.5817764173314433,2,0.6331749207321595
0.1,y,-0.5817764173314433,3,0.819946850518597
0.1,y,-0.5042062283539175,0,0.24215855844948017
0.1,y,-0.5042062283539175,1,0.40321164992969594
0.1,y,-0.5042062283539175,2,0.5980455995302835
0.1,y,-0.5042062283539175,3,0.756584192090541
0.1,y,-0.4266360393763917,0,0.1157505537793967
0.1,y,-0.4266360393763917,1,0.11895607368491974
0.1,y,-0.4266360393763917,2,0.8685625231274101
0.1,y,-0.4266360393763917,3,0.8967308494082731
0.1,y,-0.34906585039886595,0,0.24797859963452498
0.1,y,-0.34906585039886595,1,0.34744327496356087
0.1,y,-0.34906585039886595,2,0.6544209342374656
0.1,y,-0.34906585039886595,3,0.750157191164448
0.1,y,-0.2714956614213402,0,0.12034787344561051
0.1,y,-0.2714956614213402,1,0.20288204782326089
0.1,y,-0.2714956614213402,2,0.7862959794542311
0.1,y,-0.2714956614213402,3,0.890474099276897
0.1,y,-0.19392547244381442,0,0.16181434168671494
0.1,y,-0.19392547244381442,1,0.26555690216810246
0.1,y,-0.19392547244381442,2,0.7198452475464373
0.1,y,-0.19392547244381442,3,0.8527835085987456
0.1,y,-0.11635528346628865,0,0.21649569116426692
0.1,y,-0.11635528346628865,1,0.2774455881156976
0.1,y,-0.11635528346628865,2,0.7232931337015687
0.1,y,-0.11635528346628865,3,0.7827655870184669
0.1,y,-0.03878509448876288,0,0.14376298653542038
0.1,y,-0.03878509448876288,1,0.1880118046768734
0.1,y,-0.03878509448876288,2,0.8093385999661382
0.1,y,-0.03878509448876288,3,0.8588866088215685
0.1,y,0.03878509448876288,0,0.15091589734090527
0.1,y,0.03878509448876288,1,0.32177411018989127
0.1,y,0.03878509448876288,2,0.6591538031658022
0.1,y,0.03878509448876288,3,0.8681561893034017
0.1,y,0.11635528346628865,0,0.272166816871377
0.1,y,0.11635528346628865,1,0.34583176943003296
0.1,y,0.11635528346628865,2,0.6453312408586005
0.1,y,0.11635528346628865,3,0.7366701728399903
0.1,y,0.19392547244381442,0,0.15704878862338573
0.1,y,0.19392547244381442,1,0.24017880202399036
0.1,y,0.19392547244381442,2,0.7675202435433905
0.1,y,0.19392547244381442,3,0.8352521658092336
0.1,y,0.2714956614213402,0,0.2465198733834262
0.1,y,0.2714956614213402,1,0.3582190702948631
0.1,y,0.2714956614213402,2,0.655464138947909
0.1,y,0.2714956614213402,3,0.7397969173738017
0.1,y,0.34906585039886595,0,0.11440580276006417
0.1,y,0.34906585039886595,1,0.20136537301138033
0.1,y,0.34906585039886595,2,0.8082647575475398
0.1,y,0.34906585039886595,3,0.8759640666810153
0.1,y,0.4266360393763917,0,0.2695637191467294
0.1,y,0.4266360393763917,1,0.2888567698912353
0.1,y,0.4266360393763917,2,0.7117531266336896
0.1,y,0.4266360393763917,3,0.7298263843283457
0.1,y,0.5042062283539175,0,0.34339289875866896
0.1,y,0.5042062283539175,1,0.43466548456452847
0.1,y,0.5042062283539175,2,0.559296792446233
0.1,y,0.5042062283539175,3,0.6626448242305691
0.1,y,0.5817764173314428,0,0.18228744157804327
0.1,y,0.5817764173314428,1,0.28157109415292275
0.1,y,0.5817764173314428,2,0.7199273626439624
0.1,y,0.5817764173314428,3,0.8162141016250708
0.1,y,0.6593466063089686,0,0.3857755888608022
0.1,y,0.6593466063089686,1,0.39077913450873136
0.1,y,0.6593466063089686,2,0.5968842108092641
0.1,y,0.6593466063089686,3,0.6265610658212015
0.1,y,0.7369167952864943,0,0.19965304152536792
0.1,y,0.7369167952864943,1,0.3460982890927013
0.1,y,0.7369167952864943,2,0.660034224806324
0.1,y,0.7369167952864943,3,0.794214444575607
0.1,y,0.8144869842640201,0,0.06487463631439756
0.1,y,0.8144869842640201,1,0.35849388677919225
0.1,y,0.8144869842640201,2,0.639725018045343
0.1,y,0.8144869842640201,3,0.9369064588610669
0.1,y,0.8920571732415459,0,0.31957929085962605
0.1,y,0.8920571732415459,1,0.3889465102673299
0.1,y,0.8920571732415459,2,0.604385428377909
0.1,y,0.8920571732415459,3,0.6870887704951354
0.1,y,0.9696273622190716,0,0.25998867574423107
0.1,y,0.9696273622190716,1,0.30283534083479413
0.1,y,0.9696273622190716,2,0.7077085703813581
0.1,y,0.9696273622190716,3,0.7294674130396164
0.1,y,1.0471975511965974,0,0.26108855590226365
0.1,y,1.0471975511965974,1,0.2810115661948168
0.1,y,1.0471975511965974,2,0.7120801049288912
0.1,y,1.0471975511965974,3,0.7458197729740287
0.1,y,1.1247677401741232,0,0.25939582522896837
0.1,y,1.1247677401741232,1,0.3758118308383365
0.1,y,1.1247677401741232,2,0.6326754248188862
0.1,y,1.1247677401741232,3,0.7321169191138092
0.1,y,1.202337929151649,0,0.11218146948138481
0.1,y,1.202337929151649,1,0.3660389928734785
0.1,y,1.202337929151649,2,0.6345915061979113
0.1,y,1.202337929151649,3,0.8871880314472264
0.1,y,1.2799081181291747,0,0.1560268977075849
0.1,y,1.2799081181291747,1,0.24760441704085437
0.1,y,1.2799081181291747,2,0.7587197971893902
0.1,y,1.2799081181291747,3,0.8376488880621709
0.1,y,1.3574783071067005,0,0.2402448265272268
0.1,y,1.3574783071067005,1,0.31893456939573306
0.1,y,1.3574783071067005,2,0.681317577444005
0.1,y,1.3574783071067005,3,0.7595030266330349
0.1,y,1.4350484960842262,0,0.25420192971797817
0.1,y,1.4350484960842262,1,0.31501591052369765
0.1,y,1.4350484960842262,2,0.6815619179803435
0.1,y,1.4350484960842262,3,0.7492202417779807
0.1,y,1.512618685061752,0,0.14956944294592106
0.1,y,1.512618685061752,1,0.2322394290760359
0.1,y,1.512618685061752,2,0.7833306598152249
0.1,y,1.512618685061752,3,0.834860468162818
0.1,y,1.5901888740392778,0,0.22523525791130647
0.1,y,1.5901888740392778,1,0.3058472637197314
0.1,y,1.5901888740392778,2,0.6912880946217278
0.1,y,1.5901888740392778,3,0.7776293837472343
0.1,y,1.6677590630168035,0,0.12338706585392346
0.1,y,1.6677590630168035,1,0.27967504840499835
0.1,y,1.6677590630168035,2,0.7239135585366816
0.1,y,1.6677590630168035,3,0.8730243272043967
0.1,y,1.7453292519943293,0,0.2197102570589828
0.1,y,1.7453292519943293,1,0.26693429759937454
0.1,y,1.7453292519943293,2,0.7235312563056226
0.1,y,1.7453292519943293,3,0.7898241890360203
0.1,y,1.822899440971855,0,0.2999756615371913
0.1,y,1.822899440971855,1,0.32412892043496183
0.1,y,1.822899440971855,2,0.6732161164578883
0.1,y,1.822899440971855,3,0.7026793015699588
0.1,y,1.9004696299493808,0,0.09775102159517708
0.1,y,1.9004696299493808,1,0.17090179133982591
0.1,y,1.9004696299493808,2,0.8113403155351205
0.1,y,1.9004696299493808,3,0.9200068715298767
0.1,y,1.9780398189269066,0,0.08670810692213604
0.1,y,1.9780398189269066,1,0.306898262173764
0.1,y,1.9780398189269066,2,0.705190143819603
0.1,y,1.9780398189269066,3,0.9012034870844972
0.1,y,2.0556100079044324,0,0.10191803322033492
0.1,y,2.0556100079044324,1,0.43647216322158405
0.1,y,2.0556100079044324,2,0.5699513150351568
0.1,y,2.0556100079044324,3,0.8916584885229251
0.1,y,2.133180196881958,0,0.26006157313253453
0.1,y,2.133180196881958,1,0.4280625456868666
0.1,y,2.133180196881958,2,0.5813406361855051
0.1,y,2.133180196881958,3,0.730535244995094
0.1,y,2.210750385859484,0,0.09161060796570557
0.1,y,2.210750385859484,1,0.2570262172058079
0.1,y,2.210750385859484,2,0.746331155426408
0.1,y,2.210750385859484,3,0.9050320194020781
0.1,y,2.2883205748370097,0,0.15794342794226282
0.1,y,2.2883205748370097,1,0.34497556670421176
0.1,y,2.2883205748370097,2,0.6300493398571402
0.1,y,2.2883205748370097,3,0.8670316654963853
0.1,y,2.3658907638145354,0,0.15889165697630828
0.1,y,2.3658907638145354,1,0.35996308397698673
0.1,y,2.3658907638145354,2,0.6446424930461103
0.1,y,2.3658907638145354,3,0.8365027660005946
0.1,y,2.443460952792061,0,0.25730158158264793
0.1,y,2.443460952792061,1,0.31362588132538693
0.1,y,2.443460952792061,2,0.6629049193642945
0.1,y,2.443460952792061,3,0.766167617727671
0.1,y,2.521031141769587,0,0.23972766398855602
0.1,y,2.521031141769587,1,0.33579672695387774
0.1,y,2.521031141769587,2,0.6662104489957814
0.1,y,2.521031141769587,3,0.7582651600617848
0.1,y,2.5986013307471127,0,0.14450014556414717
0.1,y,2.5986013307471127,1,0.4101199040375586
0.1,y,2.5986013307471127,2,0.595846166084373
0.1,y,2.5986013307471127,3,0.849533784313921
0.1,y,2.6761715197246385,0,0.16172066745556152
0.1,y,2.6761715197246385,1,0.27202335151211005
0.1,y,2.6761715197246385,2,0.7787096020720754
0.1,y,2.6761715197246385,3,0.7875463789602531
0.1,y,2.7537417087021643,0,0.1641955164461943
0.1,y,2.7537417087021643,1,0.3062729958503958
0.1,y,2.7537417087021643,2,0.7069330544945642
0.1,y,2.7537417087021643,3,0.822598433208846
0.1,y,2.83131189767969,0,0.2077907846620577
0.1,y,2.83131189767969,1,0.40050473278942866
0.1,y,2.83131189767969,2,0.5772616122730437
0.1,y,2.83131189767969,3,0.8144428702754701
0.1,y,2.908882086657216,0,0.17647275373960036
0.1,y,2.908882086657216,1,0.21851765923347943
0.1,y,2.908882086657216,2,0.7565966976123564
0.1,y,2.908882086657216,3,0.8484128894145635
0.1,y,2.9864522756347416,0,0.18900575471926956
0.1,y,2.9864522756347416,1,0.3499026546540107
0.1,y,2.9864522756347416,2,0.6235689858715998
0.1,y,2.9864522756347416,3,0.8375226047551202
0.1,y,3.0640224646122673,0,0.10039611349536234
0.1,y,3.0640224646122673,1,0.26435780246333895
0.1,y,3.0640224646122673,2,0.7812944531379439
0.1,y,3.0640224646122673,3,0.8539516309033546
0.2,x,-3.141592653589793,0,0.14415644398768182
0.2,x,-3.141592653589793,1,0.25506249782206064
0.2,x,-3.141592653589793,2,0.759910739674668
0.2,x,-3.141592653589793,3,0.84087031851559
0.2,x,-3.0640224646122673,0,0.16918143677517114
0.2,x,-3.0640224646122673,1,0.2520046464524911
0.2,x,-3.0640224646122673,2,0.7640490875450537
0.2,x,-3.0640224646122673,3,0.814764829227284
0.2,x,-2.9864522756347416,0,0.21536948529179867
0.2,x,-2.9864522756347416,1,0.36765690664675216
0.2,x,-2.9864522756347416,2,0.644066163483817
0.2,x,-2.9864522756347416,3,0.7729074445776325
0.2,x,-2.908882086657216,0,0.13398554698773785
0.2,x,-2.908882086657216,1,0.20577740929490712
0.2,x,-2.908882086657216,2,0.7766537229404433
0.2,x,-2.908882086657216,3,0.8835833207769112
0.2,x,-2.83131189767969,0,0.3649642764575
0.2,x,-2.83131189767969,1,0.385120732885357
0.2,x,-2.83131189767969,2,0.5878257703698424
0.2,x,-2.83131189767969,3,0.6620892202873003
0.2,x,-2.7537417087021643,0,0.3888317794430082
0.2,x,-2.7537417087021643,1,0.4508806062001327
0.2,x,-2.7537417087021643,2,0.5601806577230152
0.2,x,-2.7537417087021643,3,0.600106956633844
0.2,x,-2.6761715197246385,0,0.24268572724509693
0.2,x,-2.6761715197246385,1,0.4616933315561298
0.2,x,-2.6761715197246385,2,0.5311387817501105
0.2,x,-2.6761715197246385,3,0.7644821594486622
0.2,x,-2.5986013307471127,0,0.1541272212203656
0.2,x,-2.5986013307471127,1,0.3971873972518375
0.2,x,-2.5986013307471127,2,0.6057695352527523
0.2,x,-2.5986013307471127,3,0.8429158462750443
0.2,x,-2.521031141769587,0,0.0727473740617929
0.2,x,-2.521031141769587,1,0.3972666701605789
0.2,x,-2.521031141769587,2,0.6075238728141066
0.2,x,-2.521031141769587,3,0.922462082963522
0.2,x,-2.443460952792061,0,0.06184065343568586
0.2,x,-2.443460952792061,1,0.1960352092806246
0.2,x,-2.443460952792061,2,0.817771411801349
0.2,x,-2.443460952792061,3,0.9243527254823407
0.2,x,-2.3658907638145354,0,0.07764567579535087
0.2,x,-2.3658907638145354,1,0.17595703428228676
0.2,x,-2.3658907638145354,2,0.8174039373488258
0.2,x,-2.3658907638145354,3,0.928993352573536
0.2,x,-2.2883205748370097,0,0.23364954526472895
0.2,x,-2.2883205748370097,1,0.4263763532559251
0.2,x,-2.2883205748370097,2,0.5699271886179259
0.2,x,-2.2883205748370097,3,0.7700469128614207
0.2,x,-2.210750385859484,0,0.10863594930096418
0.2,x,-2.210750385859484,1,0.24895959710885038
0.2,x,-2.210750385859484,2,0.7468092916442993
0.2,x,-2.210750385859484,3,0.8955951619458855
0.2,x,-2.133180196881958,0,0.11702563127092465
0.2,x,-2.133180196881958,1,0.3344976884291402
0.2,x,-2.133180196881958,2,0.660277048235629
0.2,x,-2.133180196881958,3,0.888199632064306
0.2,x,-2.0556100079044324,0,0.19961217203078413
0.2,x,-2.0556100079044324,1,0.4095574607604681
0.2,x,-2.0556100079044324,2,0.5996045382788413
0.2,x,-2.0556100079044324,3,0.7912258289299074
0.2,x,-1.9780398189269068,0,0.17692382323763925
0.2,x,-1.9780398189269068,1,0.2892357435813219
0.2,x,-1.9780398189269068,2,0.7096209361442023
0.2,x,-1.9780398189269068,3,0.8242194970368368
0.2,x,-1.900469629949381,0,0.1666897651037129
0.2,x,-1.900469629949381,1,0.30386054486330144
0.2,x,-1.900469629949381,2,0.6966525877108547
0.2,x,-1.900469629949381,3,0.8327971023221313
0.2,x,-1.8228994409718553,0,0.28002106702364843
0.2,x,-1.8228994409718553,1,0.359874155767966
0.2,x,-1.8228994409718553,2,0.6447930278007228
0.2,x,-1.8228994409718553,3,0.7153117494076627
0.2,x,-1.7453292519943295,0,0.1579373638130148
0.2,x,-1.7453292519943295,1,0.38176771684350275
0.2,x,-1.7453292519943295,2,0.6098017244502787
0.2,x,-1.7453292519943295,3,0.8504931948932033
0.2,x,-1.6677590630168038,0,0.17965825774392366
0.2,x,-1.6677590630168038,1,0.3187102913924441
0.2,x,-1.6677590630168038,2,0.7055982817165523
0.2,x,-1.6677590630168038,3,0.7960331691470803
0.2,x,-1.590188874039278,0,0.2453538703586314
0.2,x,-1.590188874039278,1,0.2762711531255391
0.2,x,-1.590188874039278,2,0.7116199357491642
0.2,x,-1.590188874039278,3,0.7667550407666652
0.2,x,-1.5126186850617522,0,0.1344214580047187
0.2,x,-1.5126186850617522,1,0.19305529283786693
0.2,x,-1.5126186850617522,2,0.8142353506922267
0.2,x,-1.5126186850617522,3,0.8582878984651883
0.2,x,-1.4350484960842265,0,0.19805898267508926
0.2,x,-1.4350484960842265,1,0.3033455551660698
0.2,x,-1.4350484960842265,2,0.6952856375880828
0.2,x,-1.4350484960842265,3,0.8033098245707583
0.2,x,-1.3574783071067007,0,0.14983305227921845
0.2,x,-1.3574783071067007,1,0.36280525906621
0.2,x,-1.3574783071067007,2,0.6385938108557647
0.2,x,-1.3574783071067007,3,0.8487678777988067
0.2,x,-1.2799081181291752,0,0.18244703844603932
0.2,x,-1.2799081181291752,1,0.3497348794159395
0.2,x,-1.2799081181291752,2,0.6485261790859153
0.2,x,-1.2799081181291752,3,0.8192919030521058
0.2,x,-1.2023379291516494,0,0.27226403913266184
0.2,x,-1.2023379291516494,1,0.3515048848017761
0.2,x,-1.2023379291516494,2,0.6742463940228081
0.2,x,-1.2023379291516494,3,0.701984682042754
0.2,x,-1.1247677401741236,0,0.28066692744286637
0.2,x,-1.1247677401741236,1,0.37711318661153564
0.2,x,-1.1247677401741236,2,0.627919523688845
0.2,x,-1.1247677401741236,3,0.7143003622567526
0.2,x,-1.0471975511965979,0,0.197345170960302
0.2,x,-1.0471975511965979,1,0.35834660545172325
0.2,x,-1.0471975511965979,2,0.6449735987557859
0.2,x,-1.0471975511965979,3,0.7993346248321893
0.2,x,-0.9696273622190721,0,0.17547325072797337
0.2,x,-0.9696273622190721,1,0.24240237474521992
0.2,x,-0.9696273622190721,2,0.7506025990346064
0.2,x,-0.9696273622190721,3,0.8315217754922002
0.2,x,-0.8920571732415463,0,0.2490535065921895
0.2,x,-0.8920571732415463,1,0.3568082048302288
0.2,x,-0.8920571732415463,2,0.6439351113307821
0.2,x,-0.8920571732415463,3,0.7502031772467993
0.2,x,-0.8144869842640206,0,0.11022629561652345
0.2,x,-0.8144869842640206,1,0.15636847784954463
0.2,x,-0.8144869842640206,2,0.8423139858104007
0.2,x,-0.8144869842640206,3,0.8910912407235311
0.2,x,-0.7369167952864948,0,0.2860661506331147
0.2,x,-0.7369167952864948,1,0.34388016911556113
0.2,x,-0.7369167952864948,2,0.6480397884002522
0.2,x,-0.7369167952864948,3,0.7220138918510717
0.2,x,-0.659346606308969,0,0.15340569355842126
0.2,x,-0.659346606308969,1,0.1724963871266748
0.2,x,-0.659346606308969,2,0.8266101079336923
0.2,x,-0.659346606308969,3,0.8474878113812121
0.2,x,-0.5817764173314433,0,0.21947955242703532
0.2,x,-0.5817764173314433,1,0.3215935534022363
0.2,x,-0.5817764173314433,2,0.6808809774713507
0.2,x,-0.5817764173314433,3,0.7780459166993783
0.2,x,-0.5042062283539175,0,0.15996599761499355
0.2,x,-0.5042062283539175,1,0.32041198519122466
0.2,x,-0.5042062283539175,2,0.6771808809689498
0.2,x,-0.5042062283539175,3,0.8424411362248323
0.2,x,-0.4266360393763917,0,0.21200578365834025
0.2,x,-0.4266360393763917,1,0.28412233745036225
0.2,x,-0.4266360393763917,2,0.7340424331329584
0.2,x,-0.4266360393763917,3,0.7698294457583394
0.2,x,-0.34906585039886595,0,0.06572817894804485
0.2,x,-0.34906585039886595,1,0.29424227537903425
0.2,x,-0.34906585039886595,2,0.7047241092969707
0.2,x,-0.34906585039886595,3,0.93530543637595
0.2,x,-0.2714956614213402,0,0.227207858422352
0.2,x,-0.2714956614213402,1,0.3015503919096376
0.2,x,-0.2714956614213402,2,0.6834726440300509
0.2,x,-0.2714956614213402,3,0.7877691056379593
0.2,x,-0.19392547244381442,0,0.2180679143163148
0.2,x,-0.19392547244381442,1,0.2605446289236873
0.2,x,-0.19392547244381442,2,0.7343497559282379
0.2,x,-0.19392547244381442,3,0.7870377008317598
0.2,x,-0.11635528346628865,0,0.12665580881339927
0.2,x,-0.11635528346628865,1,0.2286776335234525
0.2,x,-0.11635528346628865,2,0.7785178153262267
0.2,x,-0.11635528346628865,3,0.8661487423369214
0.2,x,-0.03878509448876288,0,0.09593075254390729
0.2,x,-0.03878509448876288,1,0.3456195758994079
0.2,x,-0.03878509448876288,2,0.6565755174394183
0.2,x,-0.03878509448876288,3,0.9018741541172669
0.2,x,0.03878509448876288,0,0.1816965279416015
0.2,x,0.03878509448876288,1,0.2535900375026182
0.2,x,0.03878509448876288,2,0.7512880988162275
0.2,x,0.03878509448876288,3,0.813425335739553
0.2,x,0.11635528346628865,0,0.17347152891009815
0.2,x,0.11635528346628865,1,0.37576504701766705
0.2,x,0.11635528346628865,2,0.6213504881388531
0.2,x,0.11635528346628865,3,0.8294129359333817
0.2,x,0.19392547244381442,0,0.21395571883766468
0.2,x,0.19392547244381442,1,0.38909982584946057
0.2,x,0.19392547244381442,2,0.6147934109778631
0.2,x,0.19392547244381442,3,0.782151044335012
0.2,x,0.2714956614213402,0,0.12239395112001461
0.2,x,0.2714956614213402,1,0.24734467849531622
0.2,x,0.2714956614213402,2,0.7604417789400719
0.2,x,0.2714956614213402,3,0.8698195914445973
0.2,x,0.34906585039886595,0,0.31074983718863247
0.2,x,0.34906585039886595,1,0.38659721317332746
0.2,x,0.34906585039886595,2,0.6311659890801254
0.2,x,0.34906585039886595,3,0.6714869605579141
0.2,x,0.4266360393763917,0,0.1052096313573976
0.2,x,0.4266360393763917,1,0.24024546748476974
0.2,x,0.4266360393763917,2,0.7690116586873235
0.2,x,0.4266360393763917,3,0.8855332424705087
0.2,x,0.5042062283539175,0,0.2505655338231481
0.2,x,0.5042062283539175,1,0.3782309307098697
0.2,x,0.5042062283539175,2,0.619323088301843
0.2,x,0.5042062283539175,3,0.7518804471651395
0.2,x,0.5817764173314428,0,0.18309202794839172
0.2,x,0.5817764173314428,1,0.25169048730445154
0.2,x,0.5817764173314428,2,0.7625034419182389
0.2,x,0.5817764173314428,3,0.8027140428289179
0.2,x,0.6593466063089686,0,0.1281431138434848
0.2,x,0.6593466063089686,1,0.2190140617188142
0.2,x,0.6593466063089686,2,0.7753699758104597
0.2,x,0.6593466063089686,3,0.877472848627241
0.2,x,0.7369167952864943,0,0.2238251125848762
0.2,x,0.7369167952864943,1,0.292465686360212
0.2,x,0.7369167952864943,2,0.7341414052180438
0.2,x,0.7369167952864943,3,0.7495677958368684
0.2,x,0.8144869842640201,0,0.30617808525679724
0.2,x,0.8144869842640201,1,0.33951083020149425
0.2,x,0.8144869842640201,2,0.6447320020588885
0.2,x,0.8144869842640201,3,0.7095790824828208
0.2,x,0.8920571732415459,0,0.2559129423731858
0.2,x,0.8920571732415459,1,0.3241259377378147
0.2,x,0.8920571732415459,2,0.6902641277052646
0.2,x,0.8920571732415459,3,0.7296969921837346
0.2,x,0.9696273622190716,0,0.26191570410550985
0.2,x,0.9696273622190716,1,0.36985992362615044
0.2,x,0.9696273622190716,2,0.6494647977383053
0.2,x,0.9696273622190716,3,0.7187595745300353
0.2,x,1.0471975511965974,0,0.11144532889782528
0.2,x,1.0471975511965974,1,0.30621148884559113
0.2,x,1.0471975511965974,2,0.6891700931684419
0.2,x,1.0471975511965974,3,0.8931730890881417
0.2,x,1.1247677401741232,0,0.2757162253859248
0.2,x,1.1247677401741232,1,0.35675953871210353
0.2,x,1.1247677401741232,2,0.6328303871729459
0.2,x,1.1247677401741232,3,0.734693848729026
0.2,x,1.202337929151649,0,0.14654517175702012
0.2,x,1.202337929151649,1,0.22145418024494828
0.2,x,1.202337929151649,2,0.7604720635362605
0.2,x,1.202337929151649,3,0.871528584461771
0.2,x,1.2799081181291747,0,0.30711440296635095
0.2,x,1.2799081181291747,1,0.3889122393651755
0.2,x,1.2799081181291747,2,0.6190013125308547
0.2,x,1.2799081181291747,3,0.6849720451376189
0.2,x,1.3574783071067005,0,0.15988539260754397
0.2,x,1.3574783071067005,1,0.3665979769555565
0.2,x,1.3574783071067005,2,0.6342820682896592
0.2,x,1.3574783071067005,3,0.8392345621472392
0.2,x,1.4350484960842262,0,0.22375192101832136
0.2,x,1.4350484960842262,1,0.351510148257479
0.2,x,1.4350484960842262,2,0.6865776211905762
0.2,x,1.4350484960842262,3,0.7381603095336238
0.2,x,1.512618685061752,0,0.13684574481774822
0.2,x,1.512618685061752,1,0.29210659365222696
0.2,x,1.512618685061752,2,0.7134043795045901
0.2,x,1.512618685061752,3,0.8576432820254345
0.2,x,1.5901888740392778,0,0.20512452842008758
0.2,x,1.5901888740392778,1,0.33258343278889635
0.2,x,1.5901888740392778,2,0.6743999161694574
0.2,x,1.5901888740392778,3,0.7878921226215585
0.2,x,1.6677590630168035,0,0.1897788824721693
0.2,x,1.6677590630168035,1,0.24401610296703527
0.2,x,1.6677590630168035,2,0.7677449021204534
0.2,x,1.6677590630168035,3,0.7984601124403417
0.2,x,1.7453292519943293,0,0.17753001922103112
0.2,x,1.7453292519943293,1,0.26563810926001846
0.2,x,1.7453292519943293,2,0.7371349646873562
0.2,x,1.7453292519943293,3,0.8196969068315946
0.2,x,1.822899440971855,0,0.10477320309322048
0.2,x,1.822899440971855,1,0.3271823340542054
0.2,x,1.822899440971855,2,0.6614186428226274
0.2,x,1.822899440971855,3,0.906625820029947
0.2,x,1.9004696299493808,0,0.12972881838622863
0.2,x,1.9004696299493808,1,0.3093869310568445
0.2,x,1.9004696299493808,2,0.6845826044943346
0.2,x,1.9004696299493808,3,0.8763016460625928
0.2,x,1.9780398189269066,0,0.2713096958938909
0.2,x,1.9780398189269066,1,0.3304826421643253
0.2,x,1.9780398189269066,2,0.6785662347526248
0.2,x,1.9780398189269066,3,0.7196414271891588
0.2,x,2.0556100079044324,0,0.12907225101130002
0.2,x,2.0556100079044324,1,0.31043440834133135
0.2,x,2.0556100079044324,2,0.6958620807525296
0.2,x,2.0556100079044324,3,0.8646312598948386
0.2,x,2.133180196881958,0,0.23434328463084209
0.2,x,2.133180196881958,1,0.39960564016911765
0.2,x,2.133180196881958,2,0.5999205933493168
0.2,x,2.133180196881958,3,0.7661304818507235
0.2,x,2.210750385859484,0,0.2707485456221526
0.2,x,2.210750385859484,1,0.4101513021537147
0.2,x,2.210750385859484,2,0.5949148101169563
0.2,x,2.210750385859484,3,0.724185342107177
0.2,x,2.2883205748370097,0,0.15663153090555432
0.2,x,2.2883205748370097,1,0.3732230236236846
0.2,x,2.2883205748370097,2,0.6235078620919858
0.2,x,2.2883205748370097,3,0.846637583378775
0.2,x,2.3658907638145354,0,0.15662226464118545
0.2,x,2.3658907638145354,1,0.3513761071740421
0.2,x,2.3658907638145354,2,0.6423894935588385
0.2,x,2.3658907638145354,3,0.8496121346259344
0.2,x,2.443460952792061,0,0.12287737084953917
0.2,x,2.443460952792061,1,0.43741880210271394
0.2,x,2.443460952792061,2,0.5563707487019512
0.2,x,2.443460952792061,3,0.8833330783457957
0.2,x,2.521031141769587,0,0.14876740441138978
0.2,x,2.521031141769587,1,0.4563259053626372
0.2,x,2.521031141769587,2,0.5433699209147139
0.2,x,2.521031141769587,3,0.8515367693112592
0.2,x,2.5986013307471127,0,0.2511168965064492
0.2,x,2.5986013307471127,1,0.35764723435874984
0.2,x,2.5986013307471127,2,0.6469468809311828
0.2,x,2.5986013307471127,3,0.7442889882036181
0.2,x,2.6761715197246385,0,0.12750289426427264
0.2,x,2.6761715197246385,1,0.2688076151325875
0.2,x,2.6761715197246385,2,0.7329507714566951
0.2,x,2.6761715197246385,3,0.8707387191464444
0.2,x,2.7537417087021643,0,0.15015111222459573
0.2,x,2.7537417087021643,1,0.3499179304657341
0.2,x,2.7537417087021643,2,0.6694134617984493
0.2,x,2.7537417087021643,3,0.8305174955112211
0.2,x,2.83131189767969,0,0.20908008886481913
0.2,x,2.83131189767969,1,0.25509472358410085
0.2,x,2.83131189767969,2,0.7173349578006027
0.2,x,2.83131189767969,3,0.8184902297504771
0.2,x,2.908882086657216,0,0.054744121101010595
0.2,x,2.908882086657216,1,0.2488970786089189
0.2,x,2.908882086657216,2,0.7438440360467525
0.2,x,2.908882086657216,3,0.9525147642433177
0.2,x,2.9864522756347416,0,0.26962377315045916
0.2,x,2.9864522756347416,1,0.35674285659546606
0.2,x,2.9864522756347416,2,0.6442634818599696
0.2,x,2.9864522756347416,3,0.7293698883941044
0.2,x,3.0640224646122673,0,0.252272752446734
0.2,x,3.0640224646122673,1,0.35644149803044756
0.2,x,3.0640224646122673,2,0.6156400495308036
0.2,x,3.0640224646122673,3,0.7756456999920153
0.2,y,-3.141592653589793,0,0.15171521938393684
0.2,y,-3.141592653589793,1,0.3711497413801812
0.2,y,-3.141592653589793,2,0.6304237252740645
0.2,y,-3.141592653589793,3,0.8467113139618174
0.2,y,-3.0640224646122673,0,0.14570366230577456
0.2,y,-3.0640224646122673,1,0.35620163636967983
0.2,y,-3.0640224646122673,2,0.6320339474608194
0.2,y,-3.0640224646122673,3,0.8660607538637257
0.2,y,-2.9864522756347416,0,0.2507735355149346
0.2,y,-2.9864522756347416,1,0.4208496251321049
0.2,y,-2.9864522756347416,2,0.5982901088692296
0.2,y,-2.9864522756347416,3,0.7300867304837309
0.2,y,-2.908882086657216,0,0.19314755150261206
0.2,y,-2.908882086657216,1,0.2926489579792226
0.2,y,-2.908882086657216,2,0.7446297986418635
0.2,y,-2.908882086657216,3,0.7695736918763023
0.2,y,-2.83131189767969,0,0.19785174496662872
0.2,y,-2.83131189767969,1,0.2777669132355707
0.2,y,-2.83131189767969,2,0.7208794840068871
0.2,y,-2.83131189767969,3,0.8035018577909134
0.2,y,-2.7537417087021643,0,0.0978012307923617
0.2,y,-2.7537417087021643,1,0.3183007924435296
0.2,y,-2.7537417087021643,2,0.6748880392322907
0.2,y,-2.7537417087021643,3,0.9090099375318186
0.2,y,-2.6761715197246385,0,0.3014513053372962
0.2,y,-2.6761715197246385,1,0.4626185457246637
0.2,y,-2.6761715197246385,2,0.5202554844243364
0.2,y,-2.6761715197246385,3,0.7156746645137034
0.2,y,-2.5986013307471127,0,0.22465322681035288
0.2,y,-2.5986013307471127,1,0.3111962213580945
0.2,y,-2.5986013307471127,2,0.700655695862521
0.2,y,-2.5986013307471127,3,0.763494855969032
0.2,y,-2.521031141769587,0,0.10219619090288422
0.2,y,-2.521031141769587,1,0.2271879949407562
0.2,y,-2.521031141769587,2,0.7685464999157632
0.2,y,-2.521031141769587,3,0.9020693142405969
0.2,y,-2.443460952792061,0,0.12985196389385767
0.2,y,-2.443460952792061,1,0.3580968803555244
0.2,y,-2.443460952792061,2,0.6344378930782351
0.2,y,-2.443460952792061,3,0.8776132626723827
0.2,y,-2.3658907638145354,0,0.1623710756859588
0.2,y,-2.3658907638145354,1,0.3115943431466739
0.2,y,-2.3658907638145354,2,0.6842849378314992
0.2,y,-2.3658907638145354,3,0.841749643335868
0.2,y,-2.2883205748370097,0,0.06754560833986395
0.2,y,-2.2883205748370097,1,0.3444528319330964
0.2,y,-2.2883205748370097,2,0.648281251043044
0.2,y,-2.2883205748370097,3,0.9397203086839957
0.2,y,-2.210750385859484,0,0.1318966057858098
0.2,y,-2.210750385859484,1,0.23910587240683642
0.2,y,-2.210750385859484,2,0.7692020217323486
0.2,y,-2.210750385859484,3,0.8597955000750048
0.2,y,-2.133180196881958,0,0.289301867430451
0.2,y,-2.133180196881958,1,0.3293109088470932
0.2,y,-2.133180196881958,2,0.65578898326108
0.2,y,-2.133180196881958,3,0.7255982404613752
0.2,y,-2.0556100079044324,0,0.20228193174732886
0.2,y,-2.0556100079044324,1,0.2657943910554786
0.2,y,-2.0556100079044324,2,0.7520269470455024
0.2,y,-2.0556100079044324,3,0.7798967301516901
0.2,y,-1.9780398189269068,0,0.2006455514953565
0.2,y,-1.9780398189269068,1,0.27734342483303775
0.2,y,-1.9780398189269068,2,0.7197381628876443
0.2,y,-1.9780398189269068,3,0.802272860783961
0.2,y,-1.900469629949381,0,0.36098453655694385
0.2,y,-1.900469629949381,1,0.4398721431077193
0.2,y,-1.900469629949381,2,0.550486469363473
0.2,y,-1.900469629949381,3,0.6486568509718635
0.2,y,-1.8228994409718553,0,0.2678650137732916
0.2,y,-1.8228994409718553,1,0.4151920939551306
0.2,y,-1.8228994409718553,2,0.573515616769049
0.2,y,-1.8228994409718553,3,0.7434272755025289
0.2,y,-1.7453292519943295,0,0.10738139324097848
0.2,y,-1.7453292519943295,1,0.1604094879267903
0.2,y,-1.7453292519943295,2,0.8347382422609377
0.2,y,-1.7453292519943295,3,0.8974708765712938
0.2,y,-1.6677590630168038,0,0.27764029599700896
0.2,y,-1.6677590630168038,1,0.39538727099668974
0.2,y,-1.6677590630168038,2,0.6014897150403156
0.2,y,-1.6677590630168038,3,0.725482717965986
0.2,y,-1.590188874039278,0,0.3658354668201346
0.2,y,-1.590188874039278,1,0.40829250645465825
0.2,y,-1.590188874039278,2,0.5842696514021185
0.2,y,-1.590188874039278,3,0.6416023753230886
0.2,y,-1.5126186850617522,0,0.14277722416779035
0.2,y,-1.5126186850617522,1,0.4019739152067057
0.2,y,-1.5126186850617522,2,0.596092517996802
0.2,y,-1.5126186850617522,3,0.8591563426287012
0.2,y,-1.4350484960842265,0,0.3814810263605193
0.2,y,-1.4350484960842265,1,0.45619155998129773
0.2,y,-1.4350484960842265,2,0.541598136157861
0.2,y,-1.4350484960842265,3,0.6207292775003213
0.2,y,-1.3574783071067007,0,0.09402147425319606
0.2,y,-1.3574783071067007,1,0.2960024489349656
0.2,y,-1.3574783071067007,2,0.7094582855902238
0.2,y,-1.3574783071067007,3,0.9005177912216139
0.2,y,-1.2799081181291752,0,0.12482436760139971
0.2,y,-1.2799081181291752,1,0.2053600665459722
0.2,y,-1.2799081181291752,2,0.7823310228782423
0.2,y,-1.2799081181291752,3,0.8874845429743862
0.2,y,-1.2023379291516494,0,0.03484667603314069
0.2,y,-1.2023379291516494,1,0.20510606411269208
0.2,y,-1.2023379291516494,2,0.7816651013719418
0.2,y,-1.2023379291516494,3,0.9783821584822254
0.2,y,-1.1247677401741236,0,0.3053245032550937
0.2,y,-1.1247677401741236,1,0.3959168343624718
0.2,y,-1.1247677401741236,2,0.6427397550789582
0.2,y,-1.1247677401741236,3,0.6560189073034765
0.2,y,-1.0471975511965979,0,0.2629678310399723
0.2,y,-1.0471975511965979,1,0.3353495536644054
0.2,y,-1.0471975511965979,2,0.675596156328961
0.2,y,-1.0471975511965979,3,0.7260864589666616
0.2,y,-0.9696273622190721,0,0.2700018876324092
0.2,y,-0.9696273622190721,1,0.3183641944175511
0.2,y,-0.9696273622190721,2,0.6782313104436687
0.2,y,-0.9696273622190721,3,0.7334026075063711
0.2,y,-0.8920571732415463,0,0.26908749096866386
0.2,y,-0.8920571732415463,1,0.34420123719987655
0.2,y,-0.8920571732415463,2,0.6576008038120829
0.2,y,-0.8920571732415463,3,0.7291104680193766
0.2,y,-0.8144869842640206,0,0.13676776686831252
0.2,y,-0.8144869842640206,1,0.29363342658450126
0.2,y,-0.8144869842640206,2,0.7089577813731852
0.2,y,-0.8144869842640206,3,0.8606410251740013
0.2,y,-0.7369167952864948,0,0.28408271843983407
0.2,y,-0.7369167952864948,1,0.32819054074825393
0.2,y,-0.7369167952864948,2,0.6750315707548178
0.2,y,-0.7369167952864948,3,0.7126951700570945
0.2,y,-0.659346606308969,0,0.22920157738986177
0.2,y,-0.659346606308969,1,0.26403858999421187
0.2,y,-0.659346606308969,2,0.7342243701292246
0.2,y,-0.659346606308969,3,0.7725354624867017
0.2,y,-0.5817764173314433,0,0.23989789232352945
0.2,y,-0.5817764173314433,1,0.2706408005464278
0.2,y,-0.5817764173314433,2,0.7084094711475043
0.2,y,-0.5817764173314433,3,0.7810518359825382
0.2,y,-0.5042062283539175,0,0.28317173863174167
0.2,y,-0.5042062283539175,1,0.37483268499331385
0.2,y,-0.5042062283539175,2,0.6298076641301
0.2,y,-0.5042062283539175,3,0.712187912244844
0.2,y,-0.4266360393763917,0,0.24247781932659737
0.2,y,-0.4266360393763917,1,0.3445722626037444
0.2,y,-0.4266360393763917,2,0.6531448943677779
0.2,y,-0.4266360393763917,3,0.7598050237018802
0.2,y,-0.34906585039886595,0,0.2214594954467064
0.2,y,-0.34906585039886595,1,0.34457024098720973
0.2,y,-0.34906585039886595,2,0.6555694198216658
0.2,y,-0.34906585039886595,3,0.7784008437444185
0.2,y,-0.2714956614213402,0,0.25967143834667394
0.2,y,-0.2714956614213402,1,0.3332658497137716
0.2,y,-0.2714956614213402,2,0.6736092714975364
0.2,y,-0.2714956614213402,3,0.7334534404420174
0.2,y,-0.19392547244381442,0,0.17134116041152822
0.2,y,-0.19392547244381442,1,0.31638833424294255
0.2,y,-0.19392547244381442,2,0.6888847103714124
0.2,y,-0.19392547244381442,3,0.8233857949741175
0.2,y,-0.11635528346628865,0,0.2369530555279944
0.2,y,-0.11635528346628865,1,0.3443865713232413
0.2,y,-0.11635528346628865,2,0.6513019747052167
0.2,y,-0.11635528346628865,3,0.767358398443547
0.2,y,-0.03878509448876288,0,0.13540741270937517
0.2,y,-0.03878509448876288,1,0.23770181664739806
0.2,y,-0.03878509448876288,2,0.7443096916497245
0.2,y,-0.03878509448876288,3,0.8825810789935019
0.2,y,0.03878509448876288,0,0.3561802195361455
0.2,y,0.03878509448876288,1,0.4433785564379398
0.2,y,0.03878509448876288,2,0.5773874420721613
0.2,y,0.03878509448876288,3,0.6230537819537532
0.2,y,0.11635528346628865,0,0.17519089431749527
0.2,y,0.11635528346628865,1,0.3134033456000309
0.2,y,0.11635528346628865,2,0.6846333403936632
0.2,y,0.11635528346628865,3,0.8267724196888104
0.2,y,0.19392547244381442,0,0.27573169372304296
0.2,y,0.19392547244381442,1,0.3818640737814467
0.2,y,0.19392547244381442,2,0.6161585478248321
0.2,y,0.19392547244381442,3,0.7262456846706783
0.2,y,0.2714956614213402,0,0.18736520664767303
0.2,y,0.2714956614213402,1,0.2423530411817257
0.2,y,0.2714956614213402,2,0.7469838559534834
0.2,y,0.2714956614213402,3,0.8232978962171178
0.2,y,0.34906585039886595,0,0.3231218764420168
0.2,y,0.34906585039886595,1,0.4379576699606226
0.2,y,0.34906585039886595,2,0.5631960271546526
0.2,y,0.34906585039886595,3,0.6757244264427079
0.2,y,0.4266360393763917,0,0.208659856518272
0.2,y,0.4266360393763917,1,0.30445245322571063
0.2,y,0.4266360393763917,2,0.7138769004639874
0.2,y,0.4266360393763917,3,0.7730107897920298
0.2,y,0.5042062283539175,0,0.32836500742195246
0.2,y,0.5042062283539175,1,0.3872233584380524
0.2,y,0.5042062283539175,2,0.6118392330034574
0.2,y,0.5042062283539175,3,0.6725724011365377
0.2,y,0.5817764173314428,0,0.17987364418683605
0.2,y,0.5817764173314428,1,0.28260148982326655
0.2,y,0.5817764173314428,2,0.7196713301611454
0.2,y,0.5817764173314428,3,0.8178535358287516
0.2,y,0.6593466063089686,0,0.25128969424224684
0.2,y,0.6593466063089686,1,0.3970414424999044
0.2,y,0.6593466063089686,2,0.6094318008835458
0.2,y,0.6593466063089686,3,0.7422370623743031
0.2,y,0.7369167952864943,0,0.27531083197820394
0.2,y,0.7369167952864943,1,0.3264838761184511
0.2,y,0.7369167952864943,2,0.675324885920837
0.2,y,0.7369167952864943,3,0.7228804059825078
0.2,y,0.8144869842640201,0,0.21278045000347756
0.2,y,0.8144869842640201,1,0.3227559588482782
0.2,y,0.8144869842640201,2,0.671283535228286
0.2,y,0.8144869842640201,3,0.7931800559199584
0.2,y,0.8920571732415459,0,0.2044061505883287
0.2,y,0.8920571732415459,1,0.2334962096673338
0.2,y,0.8920571732415459,2,0.7574309053021253
0.2,y,0.8920571732415459,3,0.804666734442212
0.2,y,0.9696273622190716,0,0.17554296286638474
0.2,y,0.9696273622190716,1,0.2695675405801182
0.2,y,0.9696273622190716,2,0.7386012998662068
0.2,y,0.9696273622190716,3,0.8162881966872897
0.2,y,1.0471975511965974,0,0.2690194982174399
0.2,y,1.0471975511965974,1,0.2846370673257947
0.2,y,1.0471975511965974,2,0.7020012182892954
0.2,y,1.0471975511965974,3,0.7443422161674698
0.2,y,1.1247677401741232,0,0.22448064648395152
0.2,y,1.1247677401741232,1,0.32554855703648683
0.2,y,1.1247677401741232,2,0.6715929477386569
0.2,y,1.1247677401741232,3,0.7783778487409049
0.2,y,1.202337929151649,0,0.2036807320343127
0.2,y,1.202337929151649,1,0.44730429183787207
0.2,y,1.202337929151649,2,0.5465547067502678
0.2,y,1.202337929151649,3,0.8024602693775476
0.2,y,1.2799081181291747,0,0.11358116669735456
0.2,y,1.2799081181291747,1,0.16341308536630467
0.2,y,1.2799081181291747,2,0.8030210956396584
0.2,y,1.2799081181291747,3,0.9199846522966829
0.2,y,1.3574783071067005,0,0.16075813025542304
0.2,y,1.3574783071067005,1,0.22408959373338672
0.2,y,1.3574783071067005,2,0.7753101946401904
0.2,y,1.3574783071067005,3,0.8398420813709995
0.2,y,1.4350484960842262,0,0.31987724975764054
0.2,y,1.4350484960842262,1,0.3722366706100939
0.2,y,1.4350484960842262,2,0.6122609923885156
0.2,y,1.4350484960842262,3,0.6956250872437495
0.2,y,1.512618685061752,0,0.07139967889172338
0.2,y,1.512618685061752,1,0.27721959853491396
0.2,y,1.512618685061752,2,0.7156353406147742
0.2,y,1.512618685061752,3,0.9357453819585887
0.2,y,1.5901888740392778,0,0.08372993939482559
0.2,y,1.5901888740392778,1,0.21821517294791856
0.2,y,1.5901888740392778,2,0.7907435968006363
0.2,y,1.5901888740392778,3,0.9073112908566195
0.2,y,1.6677590630168035,0,0.07144603379792078
0.2,y,1.6677590630168035,1,0.255310833337932
0.2,y,1.6677590630168035,2,0.7379095193365983
0.2,y,1.6677590630168035,3,0.9353336135275494
0.2,y,1.7453292519943293,0,0.1888941519934481
0.2,y,1.7453292519943293,1,0.21167797623101134
0.2,y,1.7453292519943293,2,0.758882544108673
0.2,y,1.7453292519943293,3,0.8405453276668677
0.2,y,1.822899440971855,0,0.31735006494517576
0.2,y,1.822899440971855,1,0.3493393849515569
0.2,y,1.822899440971855,2,0.6518629336661574
0.2,y,1.822899440971855,3,0.6814476164371097
0.2,y,1.9004696299493808,0,0.10845139934610412
0.2,y,1.9004696299493808,1,0.1945840668634297
0.2,y,1.9004696299493808,2,0.7948125992866153
0.2,y,1.9004696299493808,3,0.9021519345038506
0.2,y,1.9780398189269066,0,0.22244651663829715
0.2,y,1.9780398189269066,1,0.31369501652472337
0.2,y,1.9780398189269066,2,0.6749038614386496
0.2,y,1.9780398189269066,3,0.7889546053983304
0.2,y,2.0556100079044324,0,0.2790287660147612
0.2,y,2.0556100079044324,1,0.4423080135878664
0.2,y,2.0556100079044324,2,0.577939116546059
0.2,y,2.0556100079044324,3,0.7007241038513137
0.2,y,2.133180196881958,0,0.244315702764803
0.2,y,2.133180196881958,1,0.25748162044813416
0.2,y,2.133180196881958,2,0.7070936364114657
0.2,y,2.133180196881958,3,0.7911090403755974
0.2,y,2.210750385859484,0,0.20271913604758676
0.2,y,2.210750385859484,1,0.2863497460520035
0.2,y,2.210750385859484,2,0.6938266103631618
0.2,y,2.210750385859484,3,0.8171045075372478
0.2,y,2.2883205748370097,0,0.19572678913231273
0.2,y,2.2883205748370097,1,0.4749245759872671
0.2,y,2.2883205748370097,2,0.524755429450461
0.2,y,2.2883205748370097,3,0.8045932054299592
0.2,y,2.3658907638145354,0,0.33529346784055064
0.2,y,2.3658907638145354,1,0.3681536791668792
0.2,y,2.3658907638145354,2,0.6352361907806117
0.2,y,2.3658907638145354,3,0.6613166622119583
0.2,y,2.443460952792061,0,0.2792570622536722
0.2,y,2.443460952792061,1,0.3581751262354378
0.2,y,2.443460952792061,2,0.6424484463678208
0.2,y,2.443460952792061,3,0.7201193651430691
0.2,y,2.521031141769587,0,0.269645497782789
0.2,y,2.521031141769587,1,0.2988361378300773
0.2,y,2.521031141769587,2,0.6645116443330019
0.2,y,2.521031141769587,3,0.7670067200541317
0.2,y,2.5986013307471127,0,0.1406226577741752
0.2,y,2.5986013307471127,1,0.2654501036616747
0.2,y,2.5986013307471127,2,0.7553665186891448
0.2,y,2.5986013307471127,3,0.8385607198750055
0.2,y,2.6761715197246385,0,0.2017387169866905
0.2,y,2.6761715197246385,1,0.3344996891884914
0.2,y,2.6761715197246385,2,0.6796113535408044
0.2,y,2.6761715197246385,3,0.7841502402840141
0.2,y,2.7537417087021643,0,0.15042777253083586
0.2,y,2.7537417087021643,1,0.2640440442804481
0.2,y,2.7537417087021643,2,0.7305434991508567
0.2,y,2.7537417087021643,3,0.8549846840378597
0.2,y,2.83131189767969,0,0.10826488624789397
0.2,y,2.83131189767969,1,0.21841360020062817
0.2,y,2.83131189767969,2,0.7803238739019464
0.2,y,2.83131189767969,3,0.8929976396495315
0.2,y,2.908882086657216,0,0.15130032955592682
0.2,y,2.908882086657216,1,0.3552901626500012
0.2,y,2.908882086657216,2,0.6660448515502614
0.2,y,2.908882086657216,3,0.8273646562438102
0.2,y,2.9864522756347416,0,0.16098447088050746
0.2,y,2.9864522756347416,1,0.3314506744562206
0.2,y,2.9864522756347416,2,0.6904833459115081
0.2,y,2.9864522756347416,3,0.8170815087517644
0.2,y,3.0640224646122673,0,0.2953826419128887
0.2,y,3.0640224646122673,1,0.35950845264926484
0.2,y,3.0640224646122673,2,0.6418482038897827
0.2,y,3.0640224646122673,3,0.7032607015480634
0.3,x,-3.141592653589793,0,0.07875400508223236
0.3,x,-3.141592653589793,1,0.3524254212522466
0.3,x,-3.141592653589793,2,0.6441464217691037
0.3,x,-3.141592653589793,3,0.9246741518964172
0.3,x,-3.0640224646122673,0,0.3667383184240309
0.3,x,-3.0640224646122673,1,0.4085431843780556
0.3,x,-3.0640224646122673,2,0.5940447136997927
0.3,x,-3.0640224646122673,3,0.6306737834981211
0.3,x,-2.9864522756347416,0,0.13792892003440002
0.3,x,-2.9864522756347416,1,0.27634722464871786
0.3,x,-2.9864522756347416,2,0.7518350851046358
0.3,x,-2.9864522756347416,3,0.8338887702122456
0.3,x,-2.908882086657216,0,0.2775768768916394
0.3,x,-2.908882086657216,1,0.44111865211662177
0.3,x,-2.908882086657216,2,0.5580520266349993
0.3,x,-2.908882086657216,3,0.7232524443567393
0.3,x,-2.83131189767969,0,0.05922128328296505
0.3,x,-2.83131189767969,1,0.2286830291971328
0.3,x,-2.83131189767969,2,0.7909570386497533
0.3,x,-2.83131189767969,3,0.9211386488701491
0.3,x,-2.7537417087021643,0,0.06994255359685568
0.3,x,-2.7537417087021643,1,0.14945098850411448
0.3,x,-2.7537417087021643,2,0.8497497051570169
0.3,x,-2.7537417087021643,3,0.9308567527420124
0.3,x,-2.6761715197246385,0,0.26722100917630237
0.3,x,-2.6761715197246385,1,0.42557090813996573
0.3,x,-2.6761715197246385,2,0.5717968778509672
0.3,x,-2.6761715197246385,3,0.7354112048327648
0.3,x,-2.5986013307471127,0,0.05532140085581016
0.3,x,-2.5986013307471127,1,0.33241740476457415
0.3,x,-2.5986013307471127,2,0.6746714728134305
0.3,x,-2.5986013307471127,3,0.9375897215661846
0.3,x,-2.521031141769587,0,0.08200607052671874
0.3,x,-2.521031141769587,1,0.385838045065124
0.3,x,-2.521031141769587,2,0.6035958412484573
0.3,x,-2.521031141769587,3,0.9285600431597006
0.3,x,-2.443460952792061,0,0.20150975952940267
0.3,x,-2.443460952792061,1,0.26778287450690286
0.3,x,-2.443460952792061,2,0.7356990238526342
0.3,x,-2.443460952792061,3,0.7950083421110603
0.3,x,-2.3658907638145354,0,0.15671454409227897
0.3,x,-2.3658907638145354,1,0.23127754445839788
0.3,x,-2.3658907638145354,2,0.7534325159149263
0.3,x,-2.3658907638145354,3,0.8585753955343968
0.3,x,-2.2883205748370097,0,0.13938988854929998
0.3,x,-2.2883205748370097,1,0.33510450590847907
0.3,x,-2.2883205748370097,2,0.6610320921688569
0.3,x,-2.2883205748370097,3,0.8644735133733646
0.3,x,-2.210750385859484,0,0.10855400139696607
0.3,x,-2.210750385859484,1,0.38043840490077613
0.3,x,-2.210750385859484,2,0.6070486300626698
0.3,x,-2.210750385859484,3,0.9039589636395878
0.3,x,-2.133180196881958,0,0.16675294155313966
0.3,x,-2.133180196881958,1,0.38014782486940474
0.3,x,-2.133180196881958,2,0.6284355333387988
0.3,x,-2.133180196881958,3,0.824663700238657
0.3,x,-2.0556100079044324,0,0.15439116428271274
0.3,x,-2.0556100079044324,1,0.2864251940715994
0.3,x,-2.0556100079044324,2,0.7171565260489128
0.3,x,-2.0556100079044324,3,0.8420271155967753
0.3,x,-1.9780398189269068,0,0.26818382775089455
0.3,x,-1.9780398189269068,1,0.42737422256912483
0.3,x,-1.9780398189269068,2,0.5753659745864571
0.3,x,-1.9780398189269068,3,0.7290759750935227
0.3,x,-1.900469629949381,0,0.27400986547944284
0.3,x,-1.900469629949381,1,0.346879772598642
0.3,x,-1.900469629949381,2,0.6432058303221388
0.3,x,-1.900469629949381,3,0.7359045315997759
0.3,x,-1.8228994409718553,0,0.037647633770943885
0.3,x,-1.8228994409718553,1,0.23054031292477614
0.3,x,-1.8228994409718553,2,0.7770804463378936
0.3,x,-1.8228994409718553,3,0.9547316069663865
0.3,x,-1.7453292519943295,0,0.16050319615740635
0.3,x,-1.7453292519943295,1,0.3478855830180823
0.3,x,-1.7453292519943295,2,0.6507964669663149
0.3,x,-1.7453292519943295,3,0.8408147538581962
0.3,x,-1.6677590630168038,0,0.14317774791607954
0.3,x,-1.6677590630168038,1,0.4318102261855324
0.3,x,-1.6677590630168038,2,0.5704070849997078
0.3,x,-1.6677590630168038,3,0.8546049408986807
0.3,x,-1.590188874039278,0,0.18166127709230706
0.3,x,-1.590188874039278,1,0.2696335605068489
0.3,x,-1.590188874039278,2,0.7301361284094073
0.3,x,-1.590188874039278,3,0.8185690339914369
0.3,x,-1.5126186850617522,0,0.25105265801605725
0.3,x,-1.5126186850617522,1,0.29914240530808184
0.3,x,-1.5126186850617522,2,0.701458864898791
0.3,x,-1.5126186850617522,3,0.7483460717770707
0.3,x,-1.4350484960842265,0,0.17248840259603812
0.3,x,-1.4350484960842265,1,0.19367075962995028
0.3,x,-1.4350484960842265,2,0.7787279965567718
0.3,x,-1.4350484960842265,3,0.8551128412172394
0.3,x,-1.3574783071067007,0,0.06327520862148556
0.3,x,-1.3574783071067007,1,0.374897980337923
0.3,x,-1.3574783071067007,2,0.6216049095389098
0.3,x,-1.3574783071067007,3,0.9402219015016825
0.3,x,-1.2799081181291752,0,0.15805346620872496
0.3,x,-1.2799081181291752,1,0.33309452458407884
0.3,x,-1.2799081181291752,2,0.6651753217093954
0.3,x,-1.2799081181291752,3,0.8436766874978006
0.3,x,-1.2023379291516494,0,0.29454190178100464
0.3,x,-1.2023379291516494,1,0.44388321025978844
0.3,x,-1.2023379291516494,2,0.559206123377104
0.3,x,-1.2023379291516494,3,0.7023687645821026
0.3,x,-1.1247677401741236,0,0.18403606983726617
0.3,x,-1.1247677401741236,1,0.3922810835946806
0.3,x,-1.1247677401741236,2,0.6086012910320866
0.3,x,-1.1247677401741236,3,0.8150815555359665
0.3,x,-1.0471975511965979,0,0.15796799720374644
0.3,x,-1.0471975511965979,1,0.1998614612431849
0.3,x,-1.0471975511965979,2,0.793338456960689
0.3,x,-1.0471975511965979,3,0.8488320845923796
0.3,x,-0.9696273622190721,0,0.19656815338115535
0.3,x,-0.9696273622190721,1,0.30184282469240686
0.3,x,-0.9696273622190721,2,0.7086466308212329
0.3,x,-0.9696273622190721,3,0.792942391105205
0.3,x,-0.8920571732415463,0,0.2918537076230312
0.3,x,-0.8920571732415463,1,0.38611096618625235
0.3,x,-0.8920571732415463,2,0.6053297444247521
0.3,x,-0.8920571732415463,3,0.7167055817659649
0.3,x,-0.8144869842640206,0,0.21388535653395066
0.3,x,-0.8144869842640206,1,0.26659562715896906
0.3,x,-0.8144869842640206,2,0.7225106876193049
0.3,x,-0.8144869842640206,3,0.7970083286877754
0.3,x,-0.7369167952864948,0,0.06425669902010647
0.3,x,-0.7369167952864948,1,0.15459070636073452
0.3,x,-0.7369167952864948,2,0.8483818759632487
0.3,x,-0.7369167952864948,3,0.9327707186559099
0.3,x,-0.659346606308969,0,0.12032353298060053
0.3,x,-0.659346606308969,1,0.1765482294645747
0.3,x,-0.659346606308969,2,0.8220382590994828
0.3,x,-0.659346606308969,3,0.8810899784553422
0.3,x,-0.5817764173314433,0,0.08017903382086752
0.3,x,-0.5817764173314433,1,0.2803106099368088
0.3,x,-0.5817764173314433,2,0.7201186707230427
0.3,x,-0.5817764173314433,3,0.9193916855192813
0.3,x,-0.5042062283539175,0,0.25943358783461606
0.3,x,-0.5042062283539175,1,0.2943175592853935
0.3,x,-0.5042062283539175,2,0.6999595742132665
0.3,x,-0.5042062283539175,3,0.7462892786667237
0.3,x,-0.4266360393763917,0,0.21114972162379855
0.3,x,-0.4266360393763917,1,0.2981980200346627
0.3,x,-0.4266360393763917,2,0.714188998553613
0.3,x,-0.4266360393763917,3,0.7764632597879257
0.3,x,-0.34906585039886595,0,0.13457027541699854
0.3,x,-0.34906585039886595,1,0.24292449108924502
0.3,x,-0.34906585039886595,2,0.7568516015652347
0.3,x,-0.34906585039886595,3,0.8656536319285213
0.3,x,-0.2714956614213402,0,0.23282986052751276
0.3,x,-0.2714956614213402,1,0.2996018830004455
0.3,x,-0.2714956614213402,2,0.714025244912702
0.3,x,-0.2714956614213402,3,0.7535430115593403
0.3,x,-0.19392547244381442,0,0.18173675855552443
0.3,x,-0.19392547244381442,1,0.24690798383154242
0.3,x,-0.19392547244381442,2,0.7520414064249796
0.3,x,-0.19392547244381442,3,0.8193138511879532
0.3,x,-0.11635528346628865,0,0.13078527341407378
0.3,x,-0.11635528346628865,1,0.3757396546876596
0.3,x,-0.11635528346628865,2,0.6248325874371596
0.3,x,-0.11635528346628865,3,0.8686424844611073
0.3,x,-0.03878509448876288,0,0.0995078532503742
0.3,x,-0.03878509448876288,1,0.18373969802638157
0.3,x,-0.03878509448876288,2,0.8173378648716609
0.3,x,-0.03878509448876288,3,0.8994145838515832
0.3,x,0.03878509448876288,0,0.22592545351610646
0.3,x,0.03878509448876288,1,0.2503118502902528
0.3,x,0.03878509448876288,2,0.7462987827369427
0.3,x,0.03878509448876288,3,0.7774639134566982
0.3,x,0.11635528346628865,0,0.2264265805595662
0.3,x,0.11635528346628865,1,0.409712425910858
0.3,x,0.11635528346628865,2,0.5882136204223913
0.3,x,0.11635528346628865,3,0.7756473731071842
0.3,x,0.19392547244381442,0,0.1053569747691219
0.3,x,0.19392547244381442,1,0.30924934057036735
0.3,x,0.19392547244381442,2,0.6923072507362755
0.3,x,0.19392547244381442,3,0.8930864339242353
0.3,x,0.2714956614213402,0,0.33872217030470503
0.3,x,0.2714956614213402,1,0.39263678313548117
0.3,x,0.2714956614213402,2,0.602578306039631
0.3,x,0.2714956614213402,3,0.6660627405201828
0.3,x,0.34906585039886595,0,0.23216957058080773
0.3,x,0.34906585039886595,1,0.31406634392062915
0.3,x,0.34906585039886595,2,0.6910341415348538
0.3,x,0.34906585039886595,3,0.7627299439637094
0.3,x,0.4266360393763917,0,0.1939154174521948
0.3,x,0.4266360393763917,1,0.3594882786284745
0.3,x,0.4266360393763917,2,0.6437959135029637
0.3,x,0.4266360393763917,3,0.8028003904163673
0.3,x,0.5042062283539175,0,0.18010970151845682
0.3,x,0.5042062283539175,1,0.22237630938534286
0.3,x,0.5042062283539175,2,0.7743403438273556
0.3,x,0.5042062283539175,3,0.8231736452688444
0.3,x,0.5817764173314428,0,0.30859887757397686
0.3,x,0.5817764173314428,1,0.38653419163211894
0.3,x,0.5817764173314428,2,0.5988143605902879
0.3,x,0.5817764173314428,3,0.7060525702036162
0.3,x,0.6593466063089686,0,0.22925796871396187
0.3,x,0.6593466063089686,1,0.42427957193412325
0.3,x,0.6593466063089686,2,0.578092048825495
0.3,x,0.6593466063089686,3,0.7683704105264199
0.3,x,0.7369167952864943,0,0.24254140370759125
0.3,x,0.7369167952864943,1,0.3838462575379323
0.3,x,0.7369167952864943,2,0.6144436174496521
0.3,x,0.7369167952864943,3,0.7591687213048245
0.3,x,0.8144869842640201,0,0.27317304149781696
0.3,x,0.8144869842640201,1,0.31347578811356264
0.3,x,0.8144869842640201,2,0.6633918149916982
0.3,x,0.8144869842640201,3,0.7499593553969224
0.3,x,0.8920571732415459,0,0.10571732007766173
0.3,x,0.8920571732415459,1,0.19291537133456335
0.3,x,0.8920571732415459,2,0.814551660251754
0.3,x,0.8920571732415459,3,0.8868156483360212
0.3,x,0.9696273622190716,0,0.031020823226815528
0.3,x,0.9696273622190716,1,0.17841178951749775
0.3,x,0.9696273622190716,2,0.8295585801576777
0.3,x,0.9696273622190716,3,0.9610088070980087
0.3,x,1.0471975511965974,0,0.2675959673800779
0.3,x,1.0471975511965974,1,0.3458207040086834
0.3,x,1.0471975511965974,2,0.6661064411679568
0.3,x,1.0471975511965974,3,0.7204768874432821
0.3,x,1.1247677401741232,0,0.31224493357317623
0.3,x,1.1247677401741232,1,0.4107027969430544
0.3,x,1.1247677401741232,2,0.586537477987625
0.3,x,1.1247677401741232,3,0.690514791496144
0.3,x,1.202337929151649,0,0.215721192211079
0.3,x,1.202337929151649,1,0.30081594438969766
0.3,x,1.202337929151649,2,0.6970496713580494
0.3,x,1.202337929151649,3,0.7864131920411732
0.3,x,1.2799081181291747,0,0.18223464268166661
0.3,x,1.2799081181291747,1,0.21652129656410238
0.3,x,1.2799081181291747,2,0.7891703877844715
0.3,x,1.2799081181291747,3,0.8120736729697592
0.3,x,1.3574783071067005,0,0.09080795857742632
0.3,x,1.3574783071067005,1,0.3292498125133564
0.3,x,1.3574783071067005,2,0.6687374992149313
0.3,x,1.3574783071067005,3,0.9112047296942856
0.3,x,1.4350484960842262,0,0.11914825584512853
0.3,x,1.4350484960842262,1,0.3724804853414108
0.3,x,1.4350484960842262,2,0.6235898804994431
0.3,x,1.4350484960842262,3,0.8847813783140177
0.3,x,1.512618685061752,0,0.2545936144276996
0.3,x,1.512618685061752,1,0.34778180913541595
0.3,x,1.512618685061752,2,0.663030437465401
0.3,x,1.512618685061752,3,0.7345941389714832
0.3,x,1.5901888740392778,0,0.19449812833946042
0.3,x,1.5901888740392778,1,0.23943492235762392
0.3,x,1.5901888740392778,2,0.7670920117360354
0.3,x,1.5901888740392778,3,0.7989749375668801
0.3,x,1.6677590630168035,0,0.1438809422057281
0.3,x,1.6677590630168035,1,0.1988785201687069
0.3,x,1.6677590630168035,2,0.7947379381042092
0.3,x,1.6677590630168035,3,0.8625025995213556
0.3,x,1.7453292519943293,0,0.08236350451095999
0.3,x,1.7453292519943293,1,0.33342936064548306
0.3,x,1.7453292519943293,2,0.6692491489923382
0.3,x,1.7453292519943293,3,0.9149579858512186
0.3,x,1.822899440971855,0,0.3240125432158655
0.3,x,1.822899440971855,1,0.4114567119329475
0.3,x,1.822899440971855,2,0.5930605171333796
0.3,x,1.822899440971855,3,0.671470227717808
0.3,x,1.9004696299493808,0,0.16477238061371016
0.3,x,1.9004696299493808,1,0.3481151904026089
0.3,x,1.9004696299493808,2,0.652812532683844
0.3,x,1.9004696299493808,3,0.8342998962998364
0.3,x,1.9780398189269066,0,0.11852448331090418
0.3,x,1.9780398189269066,1,0.18575781915883055
0.3,x,1.9780398189269066,2,0.8005630731621087
0.3,x,1.9780398189269066,3,0.895154624368156
0.3,x,2.0556100079044324,0,0.09776745835683999
0.3,x,2.0556100079044324,1,0.22202655968447774
0.3,x,2.0556100079044324,2,0.7933704144714486
0.3,x,2.0556100079044324,3,0.8868355674872341
0.3,x,2.133180196881958,0,0.2639212647546908
0.3,x,2.133180196881958,1,0.39759306689670343
0.3,x,2.133180196881958,2,0.6115006383586603
0.3,x,2.133180196881958,3,0.726985029989946
0.3,x,2.210750385859484,0,0.31134619419734805
0.3,x,2.210750385859484,1,0.38732361631538936
0.3,x,2.210750385859484,2,0.6034959557303861
0.3,x,2.210750385859484,3,0.6978342337568767
0.3,x,2.2883205748370097,0,0.17460764155500008
0.3,x,2.2883205748370097,1,0.30513160675687645
0.3,x,2.2883205748370097,2,0.6842552447850692
0.3,x,2.2883205748370097,3,0.8360055069030543
0.3,x,2.3658907638145354,0,0.21720657147483982
0.3,x,2.3658907638145354,1,0.26997291856007116
0.3,x,2.3658907638145354,2,0.7277120240549264
0.3,x,2.3658907638145354,3,0.7851084859101631
0.3,x,2.443460952792061,0,0.11532300938125364
0.3,x,2.443460952792061,1,0.19427152147839888
0.3,x,2.443460952792061,2,0.8002094714505347
0.3,x,2.443460952792061,3,0.8901959976898131
0.3,x,2.521031141769587,0,0.2466316197748456
0.3,x,2.521031141769587,1,0.3757711055748596
0.3,x,2.521031141769587,2,0.658639460914447
0.3,x,2.521031141769587,3,0.7189578137358485
0.3,x,2.5986013307471127,0,0.2838413452187263
0.3,x,2.5986013307471127,1,0.3199285028739806
0.3,x,2.5986013307471127,2,0.6640688136504003
0.3,x,2.5986013307471127,3,0.732161338256893
0.3,x,2.6761715197246385,0,0.16926772029313888
0.3,x,2.6761715197246385,1,0.33835955374357884
0.3,x,2.6761715197246385,2,0.6593259205860937
0.3,x,2.6761715197246385,3,0.8330468053771887
0.3,x,2.7537417087021643,0,0.29854950798585556
0.3,x,2.7537417087021643,1,0.4060727953629181
0.3,x,2.7537417087021643,2,0.586955787248302
0.3,x,2.7537417087021643,3,0.7084219094029245
0.3,x,2.83131189767969,0,0.38003386031083913
0.3,x,2.83131189767969,1,0.38752100666544453
0.3,x,2.83131189767969,2,0.5988236810738183
0.3,x,2.83131189767969,3,0.6336214519498982
0.3,x,2.908882086657216,0,0.09859601913491943
0.3,x,2.908882086657216,1,0.2209853516021941
0.3,x,2.908882086657216,2,0.7842137969353749
0.3,x,2.908882086657216,3,0.896204832327511
0.3,x,2.9864522756347416,0,0.34919495986113813
0.3,x,2.9864522756347416,1,0.40630135942197326
0.3,x,2.9864522756347416,2,0.5808471809137616
0.3,x,2.9864522756347416,3,0.6636564998031267
0.3,x,3.0640224646122673,0,0.1376305963219177
0.3,x,3.0640224646122673,1,0.2913811075548686
0.3,x,3.0640224646122673,2,0.7069613697427581
0.3,x,3.0640224646122673,3,0.8640269263804555
0.3,y,-3.141592653589793,0,0.15812371046582535
0.3,y,-3.141592653589793,1,0.20851046404967807
0.3,y,-3.141592653589793,2,0.7764901676898253
0.3,y,-3.141592653589793,3,0.856875657794671
0.3,y,-3.0640224646122673,0,0.33838423186991345
0.3,y,-3.0640224646122673,1,0.38520710729223373
0.3,y,-3.0640224646122673,2,0.5999688360459594
0.3,y,-3.0640224646122673,3,0.6764398247918934
0.3,y,-2.9864522756347416,0,0.22380178516658222
0.3,y,-2.9864522756347416,1,0.272103722718888
0.3,y,-2.9864522756347416,2,0.7381870486487707
0.3,y,-2.9864522756347416,3,0.7659074434657591
0.3,y,-2.908882086657216,0,0.12083869595191893
0.3,y,-2.908882086657216,1,0.25843841034507076
0.3,y,-2.908882086657216,2,0.7354361635623173
0.3,y,-2.908882086657216,3,0.885286730140693
0.3,y,-2.83131189767969,0,0.2427811816594589
0.3,y,-2.83131189767969,1,0.3322121009269001
0.3,y,-2.83131189767969,2,0.6692702953159861
0.3,y,-2.83131189767969,3,0.755736422097655
0.3,y,-2.7537417087021643,0,0.2821697143215812
0.3,y,-2.7537417087021643,1,0.3478028100637677
0.3,y,-2.7537417087021643,2,0.6501016599868965
0.3,y,-2.7537417087021643,3,0.7199258156277546
0.3,y,-2.6761715197246385,0,0.3509720077303505
0.3,y,-2.6761715197246385,1,0.3687424646489678
0.3,y,-2.6761715197246385,2,0.6245318676547107
0.3,y,-2.6761715197246385,3,0.6557536599659712
0.3,y,-2.5986013307471127,0,0.20483685179495792
0.3,y,-2.5986013307471127,1,0.3998254281477297
0.3,y,-2.5986013307471127,2,0.6062879128103698
0.3,y,-2.5986013307471127,3,0.7890498072469421
0.3,y,-2.521031141769587,0,0.31419786758085877
0.3,y,-2.521031141769587,1,0.38857631924876007
0.3,y,-2.521031141769587,2,0.6141225310395539
0.3,y,-2.521031141769587,3,0.6831032821308265
0.3,y,-2.443460952792061,0,0.045094120596653235
0.3,y,-2.443460952792061,1,0.33754440412299996
0.3,y,-2.443460952792061,2,0.6595249720093813
0.3,y,-2.443460952792061,3,0.9578365032709659
0.3,y,-2.3658907638145354,0,0.24324874271572686
0.3,y,-2.3658907638145354,1,0.368302709597328
0.3,y,-2.3658907638145354,2,0.6300816639769327
0.3,y,-2.3658907638145354,3,0.7583668837100124
0.3,y,-2.2883205748370097,0,0.14191373144190964
0.3,y,-2.2883205748370097,1,0.18239797816482167
0.3,y,-2.2883205748370097,2,0.8137167767501378
0.3,y,-2.2883205748370097,3,0.8619715136431312
0.3,y,-2.210750385859484,0,0.2702961272223929
0.3,y,-2.210750385859484,1,0.3451555240827867
0.3,y,-2.210750385859484,2,0.6233018636791174
0.3,y,-2.210750385859484,3,0.7612464850157028
0.3,y,-2.133180196881958,0,0.15792647243777264
0.3,y,-2.133180196881958,1,0.2945173475646243
0.3,y,-2.133180196881958,2,0.7337325921230655
0.3,y,-2.133180196881958,3,0.8138235878745381
0.3,y,-2.0556100079044324,0,0.132980994190865
0.3,y,-2.0556100079044324,1,0.3793462348144297
0.3,y,-2.0556100079044324,2,0.6276421873208833
0.3,y,-2.0556100079044324,3,0.8600305836738222
0.3,y,-1.9780398189269068,0,0.1841281014492772
0.3,y,-1.9780398189269068,1,0.25489491194961106
0.3,y,-1.9780398189269068,2,0.7307118785828457
0.3,y,-1.9780398189269068,3,0.8302651080182658
0.3,y,-1.900469629949381,0,0.22697498030556312
0.3,y,-1.900469629949381,1,0.3209783785676258
0.3,y,-1.900469629949381,2,0.6752395889614546
0.3,y,-1.900469629949381,3,0.7768070521653562
0.3,y,-1.8228994409718553,0,0.15027648361890286
0.3,y,-1.8228994409718553,1,0.2244053601369301
0.3,y,-1.8228994409718553,2,0.7715681254842268
0.3,y,-1.8228994409718553,3,0.8537500307599407
0.3,y,-1.7453292519943295,0,0.25549517035610986
0.3,y,-1.7453292519943295,1,0.34485771645103774
0.3,y,-1.7453292519943295,2,0.6510603706777496
0.3,y,-1.7453292519943295,3,0.7485867425151025
0.3,y,-1.6677590630168038,0,0.2710339747408914
0.3,y,-1.6677590630168038,1,0.3129667788844547
0.3,y,-1.6677590630168038,2,0.6783854899174611
0.3,y,-1.6677590630168038,3,0.737613756457193
0.3,y,-1.590188874039278,0,0.3028456233073998
0.3,y,-1.590188874039278,1,0.3673905118025055
0.3,y,-1.590188874039278,2,0.6398837985048018
0.3,y,-1.590188874039278,3,0.6898800663852926
0.3,y,-1.5126186850617522,0,0.24345621894122849
0.3,y,-1.5126186850617522,1,0.4068210984360721
0.3,y,-1.5126186850617522,2,0.6002159978542054
0.3,y,-1.5126186850617522,3,0.7495066847684942
0.3,y,-1.4350484960842265,0,0.14060855002319783
0.3,y,-1.4350484960842265,1,0.4406308476218062
0.3,y,-1.4350484960842265,2,0.5536570371518077
0.3,y,-1.4350484960842265,3,0.8651035652031882
0.3,y,-1.3574783071067007,0,0.20500207461800082
0.3,y,-1.3574783071067007,1,0.37427753247579776
0.3,y,-1.3574783071067007,2,0.624392637918626
0.3,y,-1.3574783071067007,3,0.796327754987575
0.3,y,-1.2799081181291752,0,0.2003677344660463
0.3,y,-1.2799081181291752,1,0.27437410368613574
0.3,y,-1.2799081181291752,2,0.7506969308117686
0.3,y,-1.2799081181291752,3,0.7745612310360489
0.3,y,-1.2023379291516494,0,0.01685216187028864
0.3,y,-1.2023379291516494,1,0.3866592799247469
0.3,y,-1.2023379291516494,2,0.6123935453907798
0.3,y,-1.2023379291516494,3,0.9840950128141847
0.3,y,-1.1247677401741236,0,0.10685667855009442
0.3,y,-1.1247677401741236,1,0.2741052040191655
0.3,y,-1.1247677401741236,2,0.7265689712154452
0.3,y,-1.1247677401741236,3,0.8924691462152946
0.3,y,-1.0471975511965979,0,0.07996184649682744
0.3,y,-1.0471975511965979,1,0.1828409171497764
0.3,y,-1.0471975511965979,2,0.8241525086283205
0.3,y,-1.0471975511965979,3,0.9130447277250759
0.3,y,-0.9696273622190721,0,0.16737830614444088
0.3,y,-0.9696273622190721,1,0.22956065921825128
0.3,y,-0.9696273622190721,2,0.7754629658814319
0.3,y,-0.9696273622190721,3,0.8275980687558757
0.3,y,-0.8920571732415463,0,0.26890623882532416
0.3,y,-0.8920571732415463,1,0.32332708391580595
0.3,y,-0.8920571732415463,2,0.6689785648376204
0.3,y,-0.8920571732415463,3,0.7387881124212485
0.3,y,-0.8144869842640206,0,0.29963858487959266
0.3,y,-0.8144869842640206,1,0.3738625295130948
0.3,y,-0.8144869842640206,2,0.631822887515037
0.3,y,-0.8144869842640206,3,0.6946759980922756
0.3,y,-0.7369167952864948,0,0.18286923325971724
0.3,y,-0.7369167952864948,1,0.24534127540469755
0.3,y,-0.7369167952864948,2,0.7564442460059773
0.3,y,-0.7369167952864948,3,0.8153452453296077
0.3,y,-0.659346606308969,0,0.053758972590959284
0.3,y,-0.659346606308969,1,0.20446748134877912
0.3,y,-0.659346606308969,2,0.7956285199717028
0.3,y,-0.659346606308969,3,0.9461450260885587
0.3,y,-0.5817764173314433,0,0.281991406095076
0.3,y,-0.5817764173314433,1,0.32964146560624713
0.3,y,-0.5817764173314433,2,0.6797567948210157
0.3,y,-0.5817764173314433,3,0.7086103334776611
0.3,y,-0.5042062283539175,0,0.20777030212181452
0.3,y,-0.5042062283539175,1,0.31007867548612633
0.3,y,-0.5042062283539175,2,0.6963688717420862
0.3,y,-0.5042062283539175,3,0.7857821506499728
0.3,y,-0.4266360393763917,0,0.10755406482945559
0.3,y,-0.4266360393763917,1,0.2946574250332991
0.3,y,-0.4266360393763917,2,0.708629758360193
0.3,y,-0.4266360393763917,3,0.8891587517770528
0.3,y,-0.34906585039886595,0,0.2303045143989271
0.3,y,-0.34906585039886595,1,0.2533198311930235
0.3,y,-0.34906585039886595,2,0.7413935660779365
0.3,y,-0.34906585039886595,3,0.7749820883301133
0.3,y,-0.2714956614213402,0,0.20939484167661102
0.3,y,-0.2714956614213402,1,0.2652678107493105
0.3,y,-0.2714956614213402,2,0.7302528453150194
0.3,y,-0.2714956614213402,3,0.7950845022590587
0.3,y,-0.19392547244381442,0,0.17401064227702254
0.3,y,-0.19392547244381442,1,0.3392387973604098
0.3,y,-0.19392547244381442,2,0.6581442766192656
0.3,y,-0.19392547244381442,3,0.8286062837433023
0.3,y,-0.11635528346628865,0,0.22873026727592854
0.3,y,-0.11635528346628865,1,0.30941100711782643
0.3,y,-0.11635528346628865,2,0.6845785499888952
0.3,y,-0.11635528346628865,3,0.7772801756173502
0.3,y,-0.03878509448876288,0,0.239192985536449
0.3,y,-0.03878509448876288,1,0.4392109835031137
0.3,y,-0.03878509448876288,2,0.5598855841872543
0.3,y,-0.03878509448876288,3,0.7617104467731829
0.3,y,0.03878509448876288,0,0.20178186920666924
0.3,y,0.03878509448876288,1,0.2403730016713686
0.3,y,0.03878509448876288,2,0.7542793439392305
0.3,y,0.03878509448876288,3,0.8035657851827325
0.3,y,0.11635528346628865,0,0.24225683974130868
0.3,y,0.11635528346628865,1,0.2743596198477738
0.3,y,0.11635528346628865,2,0.7274190393600244
0.3,y,0.11635528346628865,3,0.7559645010508927
0.3,y,0.19392547244381442,0,0.1739629560720372
0.3,y,0.19392547244381442,1,0.2359069274595048
0.3,y,0.19392547244381442,2,0.7618834095848858
0.3,y,0.19392547244381442,3,0.8282467068835724
0.3,y,0.2714956614213402,0,0.3144059993912081
0.3,y,0.2714956614213402,1,0.3604132655685611
0.3,y,0.2714956614213402,2,0.6503788135636304
0.3,y,0.2714956614213402,3,0.6748019214766008
0.3,y,0.34906585039886595,0,0.1353123566747161
0.3,y,0.34906585039886595,1,0.2732840057430759
0.3,y,0.34906585039886595,2,0.7263933778366523
0.3,y,0.34906585039886595,3,0.8650102597455559
0.3,y,0.4266360393763917,0,0.13471620665486134
0.3,y,0.4266360393763917,1,0.23442442853977116
0.3,y,0.4266360393763917,2,0.7719374172147575
0.3,y,0.4266360393763917,3,0.8589219475906101
0.3,y,0.5042062283539175,0,0.3365149979966763
0.3,y,0.5042062283539175,1,0.4312712532510396
0.3,y,0.5042062283539175,2,0.5740507727281223
0.3,y,0.5042062283539175,3,0.6581629760241612
0.3,y,0.5817764173314428,0,0.08905189577482357
0.3,y,0.5817764173314428,1,0.13688175297913402
0.3,y,0.5817764173314428,2,0.8611131649315615
0.3,y,0.5817764173314428,3,0.9129531863144804
0.3,y,0.6593466063089686,0,0.0961757599097037
0.3,y,0.6593466063089686,1,0.2706168118175176
0.3,y,0.6593466063089686,2,0.7255244452967874
0.3,y,0.6593466063089686,3,0.9076829829759913
0.3,y,0.7369167952864943,0,0.12237067530049638
0.3,y,0.7369167952864943,1,0.36608814249972854
0.3,y,0.7369167952864943,2,0.636025289843206
0.3,y,0.7369167952864943,3,0.8755158923565686
0.3,y,0.8144869842640201,0,0.18550641407032042
0.3,y,0.8144869842640201,1,0.3424619843021589
0.3,y,0.8144869842640201,2,0.6542218369003441
0.3,y,0.8144869842640201,3,0.8178097647271763
0.3,y,0.8920571732415459,0,0.12386973728534043
0.3,y,0.8920571732415459,1,0.3529251370629703
0.3,y,0.8920571732415459,2,0.6475846824998899
0.3,y,0.8920571732415459,3,0.8756204431517999
0.3,y,0.9696273622190716,0,0.19363368209184603
0.3,y,0.9696273622190716,1,0.32801362027455494
0.3,y,0.9696273622190716,2,0.6822149899933208
0.3,y,0.9696273622190716,3,0.796137707640278
0.3,y,1.0471975511965974,0,0.23616367729191953
0.3,y,1.0471975511965974,1,0.27484485676248377
0.3,y,1.0471975511965974,2,0.7084286678798566
0.3,y,1.0471975511965974,3,0.7805627980657405
0.3,y,1.1247677401741232,0,0.26504002094647433
0.3,y,1.1247677401741232,1,0.35006435340927966
0.3,y,1.1247677401741232,2,0.6426462744479788
0.3,y,1.1247677401741232,3,0.7422493511962671
0.3,y,1.202337929151649,0,0.09163971698093805
0.3,y,1.202337929151649,1,0.35486255626295554
0.3,y,1.202337929151649,2,0.6487544104968961
0.3,y,1.202337929151649,3,0.9047433162592102
0.3,y,1.2799081181291747,0,0.30752985369655034
0.3,y,1.2799081181291747,1,0.35894987162111297
0.3,y,1.2799081181291747,2,0.6336538573001482
0.3,y,1.2799081181291747,3,0.6998664173821885
0.3,y,1.3574783071067005,0,0.14327463104502594
0.3,y,1.3574783071067005,1,0.19101663481884892
0.3,y,1.3574783071067005,2,0.8122471647348414
0.3,y,1.3574783071067005,3,0.8534615694012835
0.3,y,1.4350484960842262,0,0.098356366687871
0.3,y,1.4350484960842262,1,0.23008995220722375
0.3,y,1.4350484960842262,2,0.7699268271990829
0.3,y,1.4350484960842262,3,0.9016268539058223
0.3,y,1.512618685061752,0,0.21760136000578403
0.3,y,1.512618685061752,1,0.4300314922673478
0.3,y,1.512618685061752,2,0.5700150506181454
0.3,y,1.512618685061752,3,0.782352097108723
0.3,y,1.5901888740392778,0,0.23050206681524046
0.3,y,1.5901888740392778,1,0.31290784037141794
0.3,y,1.5901888740392778,2,0.691159179712755
0.3,y,1.5901888740392778,3,0.7654309131005868
0.3,y,1.6677590630168035,0,0.1349762210793854
0.3,y,1.6677590630168035,1,0.2682518140099355
0.3,y,1.6677590630168035,2,0.7362188208363005
0.3,y,1.6677590630168035,3,0.8605531440743782
0.3,y,1.7453292519943293,0,0.3864978423854316
0.3,y,1.7453292519943293,1,0.442500719478454
0.3,y,1.7453292519943293,2,0.5612691875881366
0.3,y,1.7453292519943293,3,0.6097322505479783
0.3,y,1.822899440971855,0,0.23354349774661792
0.3,y,1.822899440971855,1,0.33428296656534595
0.3,y,1.822899440971855,2,0.6655092615631496
0.3,y,1.822899440971855,3,0.7666642741248864
0.3,y,1.9004696299493808,0,0.24455206649081787
0.3,y,1.9004696299493808,1,0.2900503407475854
0.3,y,1.9004696299493808,2,0.698772131043714
0.3,y,1.9004696299493808,3,0.7666254617178829
0.3,y,1.9780398189269066,0,0.3567068570953884
0.3,y,1.9780398189269066,1,0.40192197983563527
0.3,y,1.9780398189269066,2,0.5965226244638528
0.3,y,1.9780398189269066,3,0.6448485386051233
0.3,y,2.0556100079044324,0,0.16362253050859088
0.3,y,2.0556100079044324,1,0.39753349103916913
0.3,y,2.0556100079044324,2,0.6007604047919224
0.3,y,2.0556100079044324,3,0.8380835736603172
0.3,y,2.133180196881958,0,0.1539009611110282
0.3,y,2.133180196881958,1,0.3352702851813121
0.3,y,2.133180196881958,2,0.6801715180350993
0.3,y,2.133180196881958,3,0.8306572356725608
0.3,y,2.210750385859484,0,0.12831617745381554
0.3,y,2.210750385859484,1,0.21379243295983075
0.3,y,2.210750385859484,2,0.7793067493367397
0.3,y,2.210750385859484,3,0.8785846402496138
0.3,y,2.2883205748370097,0,0.09697688979143011
0.3,y,2.2883205748370097,1,0.20550002907087078
0.3,y,2.2883205748370097,2,0.783767829920548
0.3,y,2.2883205748370097,3,0.913755251217151
0.3,y,2.3658907638145354,0,0.08886502895711644
0.3,y,2.3658907638145354,1,0.20343221034558515
0.3,y,2.3658907638145354,2,0.8196601262657757
0.3,y,2.3658907638145354,3,0.8880426344315229
0.3,y,2.443460952792061,0,0.27732814220510815
0.3,y,2.443460952792061,1,0.39641686914938046
0.3,y,2.443460952792061,2,0.609971155086861
0.3,y,2.443460952792061,3,0.7162838335586503
0.3,y,2.521031141769587,0,0.1512353453279476
0.3,y,2.521031141769587,1,0.18935805113642817
0.3,y,2.521031141769587,2,0.7877313758985037
0.3,y,2.521031141769587,3,0.8716752276371199
0.3,y,2.5986013307471127,0,0.23446123602401964
0.3,y,2.5986013307471127,1,0.339846944537107
0.3,y,2.5986013307471127,2,0.6563328068292877
0.3,y,2.5986013307471127,3,0.7693590126095855
0.3,y,2.6761715197246385,0,0.10750657681474439
0.3,y,2.6761715197246385,1,0.38913212889348375
0.3,y,2.6761715197246385,2,0.6196442075998315
0.3,y,2.6761715197246385,3,0.8837170866919408
0.3,y,2.7537417087021643,0,0.11954847392324958
0.3,y,2.7537417087021643,1,0.21109288928690065
0.3,y,2.7537417087021643,2,0.7789967157843957
0.3,y,2.7537417087021643,3,0.8903619210054544
0.3,y,2.83131189767969,0,0.16827031919613325
0.3,y,2.83131189767969,1,0.40519485714808146
0.3,y,2.83131189767969,2,0.611447240350759
0.3,y,2.83131189767969,3,0.8150875833050262
0.3,y,2.908882086657216,0,0.14419289308542013
0.3,y,2.908882086657216,1,0.24320517009195453
0.3,y,2.908882086657216,2,0.7497874517111611
0.3,y,2.908882086657216,3,0.8628144851114645
0.3,y,2.9864522756347416,0,0.3987739304387987
0.3,y,2.9864522756347416,1,0.4223480867851717
0.3,y,2.9864522756347416,2,0.5743711157998188
0.3,y,2.9864522756347416,3,0.6045068669762104
0.3,y,3.0640224646122673,0,0.11473347743767119
0.3,y,3.0640224646122673,1,0.33363123050842025
0.3,y,3.0640224646122673,2,0.6686227349000546
0.3,y,3.0640224646122673,3,0.8830125571538536
0.4,x,-3.141592653589793,0,0.14996225001112945
0.4,x,-3.141592653589793,1,0.25184780261614675
0.4,x,-3.141592653589793,2,0.7450108437051047
0.4,x,-3.141592653589793,3,0.853179103667619
0.4,x,-3.0640224646122673,0,0.08455086990494691
0.4,x,-3.0640224646122673,1,0.36232717740739473
0.4,x,-3.0640224646122673,2,0.6381984848459064
0.4,x,-3.0640224646122673,3,0.9149234678417524
0.4,x,-2.9864522756347416,0,0.1517192106062359
0.4,x,-2.9864522756347416,1,0.35168144139544383
0.4,x,-2.9864522756347416,2,0.6453209800359803
0.4,x,-2.9864522756347416,3,0.8512783679623398
0.4,x,-2.908882086657216,0,0.11952780046989891
0.4,x,-2.908882086657216,1,0.36222945916723914
0.4,x,-2.908882086657216,2,0.6397153381258138
0.4,x,-2.908882086657216,3,0.8785274022370482
0.4,x,-2.83131189767969,0,0.26867164225931844
0.4,x,-2.83131189767969,1,0.3202358683548221
0.4,x,-2.83131189767969,2,0.6768460397094483
0.4,x,-2.83131189767969,3,0.7342464496764114
0.4,x,-2.7537417087021643,0,0.2614892568871559
0.4,x,-2.7537417087021643,1,0.422831484794899
0.4,x,-2.7537417087021643,2,0.5667413219829263
0.4,x,-2.7537417087021643,3,0.7489379363350187
0.4,x,-2.6761715197246385,0,0.21213004083573847
0.4,x,-2.6761715197246385,1,0.3739085525145067
0.4,x,-2.6761715197246385,2,0.6284932143610946
0.4,x,-2.6761715197246385,3,0.7854681922886599
0.4,x,-2.5986013307471127,0,0.05377197460406465
0.4,x,-2.5986013307471127,1,0.3260043386144805
0.4,x,-2.5986013307471127,2,0.6720814227247761
0.4,x,-2.5986013307471127,3,0.9481422640566783
0.4,x,-2.521031141769587,0,0.21277689705022607
0.4,x,-2.521031141769587,1,0.374278465407542
0.4,x,-2.521031141769587,2,0.6354277819991423
0.4,x,-2.521031141769587,3,0.7775168555430896
0.4,x,-2.443460952792061,0,0.1664509422043936
0.4,x,-2.443460952792061,1,0.2136635255997095
0.4,x,-2.443460952792061,2,0.7837003652541716
0.4,x,-2.443460952792061,3,0.8361851669417256
0.4,x,-2.3658907638145354,0,0.20297179728162926
0.4,x,-2.3658907638145354,1,0.25948321634712507
0.4,x,-2.3658907638145354,2,0.7060033861181532
0.4,x,-2.3658907638145354,3,0.8315416002530922
0.4,x,-2.2883205748370097,0,0.2976489563076114
0.4,x,-2.2883205748370097,1,0.4216790317275433
0.4,x,-2.2883205748370097,2,0.5709258079709945
0.4,x,-2.2883205748370097,3,0.7097462039938507
0.4,x,-2.210750385859484,0,0.28628544903969066
0.4,x,-2.210750385859484,1,0.35292476124028743
0.4,x,-2.210750385859484,2,0.6543566131713077
0.4,x,-2.210750385859484,3,0.7064331765487142
0.4,x,-2.133180196881958,0,0.16108850832662153
0.4,x,-2.133180196881958,1,0.21465023920944215
0.4,x,-2.133180196881958,2,0.7906396213590774
0.4,x,-2.133180196881958,3,0.8336216311048591
0.4,x,-2.0556100079044324,0,0.31614973311909145
0.4,x,-2.0556100079044324,1,0.3909277908379908
0.4,x,-2.0556100079044324,2,0.6174624234184496
0.4,x,-2.0556100079044324,3,0.6754600526244685
0.4,x,-1.9780398189269068,0,0.24089718389654624
0.4,x,-1.9780398189269068,1,0.34390213618188253
0.4,x,-1.9780398189269068,2,0.6457543186708674
0.4,x,-1.9780398189269068,3,0.7694463612507036
0.4,x,-1.900469629949381,0,0.15462919823279347
0.4,x,-1.900469629949381,1,0.2819815281527364
0.4,x,-1.900469629949381,2,0.7448591836020957
0.4,x,-1.900469629949381,3,0.8185300900123745
0.4,x,-1.8228994409718553,0,0.1783077859715048
0.4,x,-1.8228994409718553,1,0.2518515402093907
0.4,x,-1.8228994409718553,2,0.7576198853269207
0.4,x,-1.8228994409718553,3,0.8122207884921837
0.4,x,-1.7453292519943295,0,0.18516784705135264
0.4,x,-1.7453292519943295,1,0.24335006247858643
0.4,x,-1.7453292519943295,2,0.7529317396717111
0.4,x,-1.7453292519943295,3,0.8185503507983503
0.4,x,-1.6677590630168038,0,0.0869776172878928
0.4,x,-1.6677590630168038,1,0.36655388457028354
0.4,x,-1.6677590630168038,2,0.635244760931164
0.4,x,-1.6677590630168038,3,0.9112237372106597
0.4,x,-1.590188874039278,0,0.19579216410377204
0.4,x,-1.590188874039278,1,0.3563352634283207
0.4,x,-1.590188874039278,2,0.6489322421686785
0.4,x,-1.590188874039278,3,0.7989403302992285
0.4,x,-1.5126186850617522,0,0.31133963992128355
0.4,x,-1.5126186850617522,1,0.40371183170721175
0.4,x,-1.5126186850617522,2,0.599006097796531
0.4,x,-1.5126186850617522,3,0.6859424305749735
0.4,x,-1.4350484960842265,0,0.1063060521409892
0.4,x,-1.4350484960842265,1,0.3052514849886306
0.4,x,-1.4350484960842265,2,0.694024545516772
0.4,x,-1.4350484960842265,3,0.8944179173536081
0.4,x,-1.3574783071067007,0,0.2311397810448319
0.4,x,-1.3574783071067007,1,0.24938736404101264
0.4,x,-1.3574783071067007,2,0.7029038250827154
0.4,x,-1.3574783071067007,3,0.8165690298314398
0.4,x,-1.2799081181291752,0,0.32901476943403174
0.4,x,-1.2799081181291752,1,0.3748668622433748
0.4,x,-1.2799081181291752,2,0.6203875887672566
0.4,x,-1.2799081181291752,3,0.6757307795553369
0.4,x,-1.2023379291516494,0,0.20058341044426273
0.4,x,-1.2023379291516494,1,0.38610259168095823
0.4,x,-1.2023379291516494,2,0.60565417592036
0.4,x,-1.2023379291516494,3,0.8076598219544192
0.4,x,-1.1247677401741236,0,0.3116641823405032
0.4,x,-1.1247677401741236,1,0.3279976982745008
0.4,x,-1.1247677401741236,2,0.6574660350997681
0.4,x,-1.1247677401741236,3,0.7028720842852276
0.4,x,-1.0471975511965979,0,0.2271946907409424
0.4,x,-1.0471975511965979,1,0.295891433243694
0.4,x,-1.0471975511965979,2,0.7130363284088836
0.4,x,-1.0471975511965979,3,0.7638775476064801
0.4,x,-0.9696273622190721,0,0.2671430820299223
0.4,x,-0.9696273622190721,1,0.3164718627490807
0.4,x,-0.9696273622190721,2,0.686394447824167
0.4,x,-0.9696273622190721,3,0.7299906073968296
0.4,x,-0.8920571732415463,0,0.13916675062641878
0.4,x,-0.8920571732415463,1,0.29929651458755213
0.4,x,-0.8920571732415463,2,0.6998722670364237
0.4,x,-0.8920571732415463,3,0.8616644677496051
0.4,x,-0.8144869842640206,0,0.29491588425928306
0.4,x,-0.8144869842640206,1,0.3041815074228239
0.4,x,-0.8144869842640206,2,0.6793007627045647
0.4,x,-0.8144869842640206,3,0.7216018456133284
0.4,x,-0.7369167952864948,0,0.20890393884592617
0.4,x,-0.7369167952864948,1,0.23323109606248182
0.4,x,-0.7369167952864948,2,0.7695642326919442
0.4,x,-0.7369167952864948,3,0.7883007323996482
0.4,x,-0.659346606308969,0,0.28379538879594657
0.4,x,-0.659346606308969,1,0.44121198484318835
0.4,x,-0.659346606308969,2,0.5576978120697728
0.4,x,-0.659346606308969,3,0.7172948142910922
0.4,x,-0.5817764173314433,0,0.11786260813777322
0.4,x,-0.5817764173314433,1,0.2762405323355894
0.4,x,-0.5817764173314433,2,0.7225595546390782
0.4,x,-0.5817764173314433,3,0.8833373048875597
0.4,x,-0.5042062283539175,0,0.19591084263494551
0.4,x,-0.5042062283539175,1,0.2991182068008693
0.4,x,-0.5042062283539175,2,0.7205937899196845
0.4,x,-0.5042062283539175,3,0.7843771606445009
0.4,x,-0.4266360393763917,0,0.22815764812653203
0.4,x,-0.4266360393763917,1,0.35582713054877413
0.4,x,-0.4266360393763917,2,0.6435726639317991
0.4,x,-0.4266360393763917,3,0.7724425573928946
0.4,x,-0.34906585039886595,0,0.10370925341702221
0.4,x,-0.34906585039886595,1,0.23332714922406947
0.4,x,-0.34906585039886595,2,0.7652160078409633
0.4,x,-0.34906585039886595,3,0.8977475895179451
0.4,x,-0.2714956614213402,0,0.08186555435484433
0.4,x,-0.2714956614213402,1,0.1878426226013908
0.4,x,-0.2714956614213402,2,0.8114309956461342
0.4,x,-0.2714956614213402,3,0.9188608273976309
0.4,x,-0.19392547244381442,0,0.29041670239746453
0.4,x,-0.19392547244381442,1,0.33044357862918194
0.4,x,-0.19392547244381442,2,0.6788023503371469
0.4,x,-0.19392547244381442,3,0.700337368636207
0.4,x,-0.11635528346628865,0,0.13546210733990222
0.4,x,-0.11635528346628865,1,0.40576486030876
0.4,x,-0.11635528346628865,2,0.5946873941071918
0.4,x,-0.11635528346628865,3,0.8640856382441459
0.4,x,-0.03878509448876288,0,0.1967485880721887
0.4,x,-0.03878509448876288,1,0.3192006014656547
0.4,x,-0.03878509448876288,2,0.6767331575996597
0.4,x,-0.03878509448876288,3,0.8073176528624972
0.4,x,0.03878509448876288,0,0.194623148656305
0.4,x,0.03878509448876288,1,0.23374539377551157
0.4,x,0.03878509448876288,2,0.770423820918585
0.4,x,0.03878509448876288,3,0.8012076366495986
0.4,x,0.11635528346628865,0,0.19503758896541673
0.4,x,0.11635528346628865,1,0.2221652098996717
0.4,x,0.11635528346628865,2,0.7675083675932896
0.4,x,0.11635528346628865,3,0.8152888335416224
0.4,x,0.19392547244381442,0,0.10971126500388462
0.4,x,0.19392547244381442,1,0.3827131902226001
0.4,x,0.19392547244381442,2,0.6111554677803148
0.4,x,0.19392547244381442,3,0.8964200769932007
0.4,x,0.2714956614213402,0,0.24210816578185873
0.4,x,0.2714956614213402,1,0.320904260406892
0.4,x,0.2714956614213402,2,0.6868466330776055
0.4,x,0.2714956614213402,3,0.7501409407336437
0.4,x,0.34906585039886595,0,0.24675914567077595
0.4,x,0.34906585039886595,1,0.2728782791392089
0.4,x,0.34906585039886595,2,0.7302543782687826
0.4,x,0.34906585039886595,3,0.750108196921232
0.4,x,0.4266360393763917,0,0.13902506492238817
0.4,x,0.4266360393763917,1,0.16547369941565251
0.4,x,0.4266360393763917,2,0.8321102581990751
0.4,x,0.4266360393763917,3,0.8633909774628845
0.4,x,0.5042062283539175,0,0.3833972648474325
0.4,x,0.5042062283539175,1,0.426922132518403
0.4,x,0.5042062283539175,2,0.5675622483278784
0.4,x,0.5042062283539175,3,0.622118354306286
0.4,x,0.5817764173314428,0,0.2044275131833627
0.4,x,0.5817764173314428,1,0.2848593810847059
0.4,x,0.5817764173314428,2,0.717622766326111
0.4,x,0.5817764173314428,3,0.7930903394058202
0.4,x,0.6593466063089686,0,0.27620116206949685
0.4,x,0.6593466063089686,1,0.320398149256934
0.4,x,0.6593466063089686,2,0.6810859799356143
0.4,x,0.6593466063089686,3,0.7223147087379547
0.4,x,0.7369167952864943,0,0.19133212645823433
0.4,x,0.7369167952864943,1,0.31817110784081415
0.4,x,0.7369167952864943,2,0.6888402828163812
0.4,x,0.7369167952864943,3,0.8016564828845706
0.4,x,0.8144869842640201,0,0.17584331064932052
0.4,x,0.8144869842640201,1,0.28753856782472054
0.4,x,0.8144869842640201,2,0.7056234818621292
0.4,x,0.8144869842640201,3,0.8309946396638292
0.4,x,0.8920571732415459,0,0.3190785594363201
0.4,x,0.8920571732415459,1,0.3564056746576634
0.4,x,0.8920571732415459,2,0.6304571268181025
0.4,x,0.8920571732415459,3,0.6940586390879137
0.4,x,0.9696273622190716,0,0.24517418485037312
0.4,x,0.9696273622190716,1,0.43603386405704203
0.4,x,0.9696273622190716,2,0.5575848134609407
0.4,x,0.9696273622190716,3,0.7612071376316447
0.4,x,1.0471975511965974,0,0.15599156690220223
0.4,x,1.0471975511965974,1,0.38922359766316483
0.4,x,1.0471975511965974,2,0.6126304178161149
0.4,x,1.0471975511965974,3,0.842154417618518
0.4,x,1.1247677401741232,0,0.13427016772936198
0.4,x,1.1247677401741232,1,0.26216203326786347
0.4,x,1.1247677401741232,2,0.7341914023752465
0.4,x,1.1247677401741232,3,0.869376396627528
0.4,x,1.202337929151649,0,0.10076444398602724
0.4,x,1.202337929151649,1,0.32587187602953177
0.4,x,1.202337929151649,2,0.7029860652328677
0.4,x,1.202337929151649,3,0.870377614751573
0.4,x,1.2799081181291747,0,0.2811255657605584
0.4,x,1.2799081181291747,1,0.3242216070242396
0.4,x,1.2799081181291747,2,0.6651500985747651
0.4,x,1.2799081181291747,3,0.7295027286404367
0.4,x,1.3574783071067005,0,0.3246523442769344
0.4,x,1.3574783071067005,1,0.3612457065382349
0.4,x,1.3574783071067005,2,0.6345152023731047
0.4,x,1.3574783071067005,3,0.679586746811726
0.4,x,1.4350484960842262,0,0.15651017895769248
0.4,x,1.4350484960842262,1,0.4008830703685201
0.4,x,1.4350484960842262,2,0.6075861564456781
0.4,x,1.4350484960842262,3,0.8350205942281089
0.4,x,1.512618685061752,0,0.25934937230692945
0.4,x,1.512618685061752,1,0.31221192091666095
0.4,x,1.512618685061752,2,0.6890661198303678
0.4,x,1.512618685061752,3,0.7393725869460424
0.4,x,1.5901888740392778,0,0.29225528389681726
0.4,x,1.5901888740392778,1,0.37663713249056463
0.4,x,1.5901888740392778,2,0.6178835821764816
0.4,x,1.5901888740392778,3,0.7132240014361366
0.4,x,1.6677590630168035,0,0.06419678160192889
0.4,x,1.6677590630168035,1,0.19872082889526663
0.4,x,1.6677590630168035,2,0.821723519690813
0.4,x,1.6677590630168035,3,0.9153588698119913
0.4,x,1.7453292519943293,0,0.12788585533072158
0.4,x,1.7453292519943293,1,0.17071793190843063
0.4,x,1.7453292519943293,2,0.8136766364137968
0.4,x,1.7453292519943293,3,0.8877195763470508
0.4,x,1.822899440971855,0,0.16957632058237382
0.4,x,1.822899440971855,1,0.3075289734546782
0.4,x,1.822899440971855,2,0.6783955378532321
0.4,x,1.822899440971855,3,0.8444991681097156
0.4,x,1.9004696299493808,0,0.2788561777550378
0.4,x,1.9004696299493808,1,0.3088452814139555
0.4,x,1.9004696299493808,2,0.6528819185257119
0.4,x,1.9004696299493808,3,0.7594166223052947
0.4,x,1.9780398189269066,0,0.2186573059788566
0.4,x,1.9780398189269066,1,0.3984171618246822
0.4,x,1.9780398189269066,2,0.5843201221140053
0.4,x,1.9780398189269066,3,0.7986054100824562
0.4,x,2.0556100079044324,0,0.18261338324622553
0.4,x,2.0556100079044324,1,0.2722534019357037
0.4,x,2.0556100079044324,2,0.7179012297118553
0.4,x,2.0556100079044324,3,0.8272319851062153
0.4,x,2.133180196881958,0,0.28256592552459586
0.4,x,2.133180196881958,1,0.35913247525291964
0.4,x,2.133180196881958,2,0.6357189166910822
0.4,x,2.133180196881958,3,0.7225826825314017
0.4,x,2.210750385859484,0,0.3192048858373422
0.4,x,2.210750385859484,1,0.4348910139901129
0.4,x,2.210750385859484,2,0.5688419718493504
0.4,x,2.210750385859484,3,0.6770621283231953
0.4,x,2.2883205748370097,0,0.17664139478849206
0.4,x,2.2883205748370097,1,0.3040526167976049
0.4,x,2.2883205748370097,2,0.7108594166206085
0.4,x,2.2883205748370097,3,0.8084465717932945
0.4,x,2.3658907638145354,0,0.18387285696553157
0.4,x,2.3658907638145354,1,0.36948649203784567
0.4,x,2.3658907638145354,2,0.6206363933440094
0.4,x,2.3658907638145354,3,0.8260042576526134
0.4,x,2.443460952792061,0,0.2765879706837313
0.4,x,2.443460952792061,1,0.4173860678373267
0.4,x,2.443460952792061,2,0.5966997783221154
0.4,x,2.443460952792061,3,0.7093261831568263
0.4,x,2.521031141769587,0,0.1659340872097421
0.4,x,2.521031141769587,1,0.24256968195193523
0.4,x,2.521031141769587,2,0.7605327113915583
0.4,x,2.521031141769587,3,0.830963519446764
0.4,x,2.5986013307471127,0,0.25101977234025247
0.4,x,2.5986013307471127,1,0.32985786153877966
0.4,x,2.5986013307471127,2,0.6572485567515132
0.4,x,2.5986013307471127,3,0.7618738093694541
0.4,x,2.6761715197246385,0,0.17191538314382768
0.4,x,2.6761715197246385,1,0.36908370463278095
0.4,x,2.6761715197246385,2,0.6159733959497384
0.4,x,2.6761715197246385,3,0.8430275162736536
0.4,x,2.7537417087021643,0,0.16655033032195574
0.4,x,2.7537417087021643,1,0.33049185620197596
0.4,x,2.7537417087021643,2,0.6663053343936153
0.4,x,2.7537417087021643,3,0.8366524790824531
0.4,x,2.83131189767969,0,0.10575592016740884
0.4,x,2.83131189767969,1,0.20697497859759253
0.4,x,2.83131189767969,2,0.8198829599154054
0.4,x,2.83131189767969,3,0.8673861413195932
0.4,x,2.908882086657216,0,0.1498011584713972
0.4,x,2.908882086657216,1,0.3031211070580133
0.4,x,2.908882086657216,2,0.68154053723144
0.4,x,2.908882086657216,3,0.865537197239149
0.4,x,2.9864522756347416,0,0.31447685303068434
0.4,x,2.9864522756347416,1,0.40987118790379246
0.4,x,2.9864522756347416,2,0.613884158603603
0.4,x,2.9864522756347416,3,0.66176780046192
0.4,x,3.0640224646122673,0,0.24927017977240515
0.4,x,3.0640224646122673,1,0.39700690604217526
0.4,x,3.0640224646122673,2,0.6080969295623118
0.4,x,3.0640224646122673,3,0.7456259846231084
0.4,y,-3.141592653589793,0,0.16836989527625315
0.4,y,-3.141592653589793,1,0.273363338349548
0.4,y,-3.141592653589793,2,0.7208933268505523
0.4,y,-3.141592653589793,3,0.837373439523647
0.4,y,-3.0640224646122673,0,0.13488480469750364
0.4,y,-3.0640224646122673,1,0.3707919159161124
0.4,y,-3.0640224646122673,2,0.6270738429237308
0.4,y,-3.0640224646122673,3,0.8672494364626531
0.4,y,-2.9864522756347416,0,0.18645005709680862
0.4,y,-2.9864522756347416,1,0.2899528884049807
0.4,y,-2.9864522756347416,2,0.7162515695235026
0.4,y,-2.9864522756347416,3,0.8073454849747084
0.4,y,-2.908882086657216,0,0.29218282701483644
0.4,y,-2.908882086657216,1,0.3986425284752103
0.4,y,-2.908882086657216,2,0.6122116729701388
0.4,y,-2.908882086657216,3,0.6969629715398142
0.4,y,-2.83131189767969,0,0.17079215329010997
0.4,y,-2.83131189767969,1,0.31964208234727143
0.4,y,-2.83131189767969,2,0.6818335542959246
0.4,y,-2.83131189767969,3,0.8277322100666937
0.4,y,-2.7537417087021643,0,0.32945610680437254
0.4,y,-2.7537417087021643,1,0.3995575716276364
0.4,y,-2.7537417087021643,2,0.599306804829991
0.4,y,-2.7537417087021643,3,0.6716795167379994
0.4,y,-2.6761715197246385,0,0.07729360431229418
0.4,y,-2.6761715197246385,1,0.24827876256638268
0.4,y,-2.6761715197246385,2,0.7469560555386283
0.4,y,-2.6761715197246385,3,0.9274715775826947
0.4,y,-2.5986013307471127,0,0.251144760931585
0.4,y,-2.5986013307471127,1,0.3503124516197191
0.4,y,-2.5986013307471127,2,0.6524945575989418
0.4,y,-2.5986013307471127,3,0.7460482298497546
0.4,y,-2.521031141769587,0,0.12671274916899194
0.4,y,-2.521031141769587,1,0.26748492150821856
0.4,y,-2.521031141769587,2,0.748227546248398
0.4,y,-2.521031141769587,3,0.8575747830743913
0.4,y,-2.443460952792061,0,0.07406523804020108
0.4,y,-2.443460952792061,1,0.170098337712773
0.4,y,-2.443460952792061,2,0.8334528506581059
0.4,y,-2.443460952792061,3,0.9223835735889196
0.4,y,-2.3658907638145354,0,0.16086579694306138
0.4,y,-2.3658907638145354,1,0.29633434528823854
0.4,y,-2.3658907638145354,2,0.7079772761426799
0.4,y,-2.3658907638145354,3,0.8348225816260203
0.4,y,-2.2883205748370097,0,0.2734803007963355
0.4,y,-2.2883205748370097,1,0.36127197017569584
0.4,y,-2.2883205748370097,2,0.6611370942985519
0.4,y,-2.2883205748370097,3,0.7041106347294168
0.4,y,-2.210750385859484,0,0.34522949433306493
0.4,y,-2.210750385859484,1,0.39338976763265415
0.4,y,-2.210750385859484,2,0.5971504750863161
0.4,y,-2.210750385859484,3,0.6642302629479644
0.4,y,-2.133180196881958,0,0.2474378945885609
0.4,y,-2.133180196881958,1,0.3611578255275815
0.4,y,-2.133180196881958,2,0.65721590659504
0.4,y,-2.133180196881958,3,0.7341883732888179
0.4,y,-2.0556100079044324,0,0.17837725121989897
0.4,y,-2.0556100079044324,1,0.32032786425804627
0.4,y,-2.0556100079044324,2,0.680741065995603
0.4,y,-2.0556100079044324,3,0.8205538185264524
0.4,y,-1.9780398189269068,0,0.23132025832765526
0.4,y,-1.9780398189269068,1,0.405159416749249
0.4,y,-1.9780398189269068,2,0.5942143348648588
0.4,y,-1.9780398189269068,3,0.7693059900582371
0.4,y,-1.900469629949381,0,0.15718546395866492
0.4,y,-1.900469629949381,1,0.2577715704150448
0.4,y,-1.900469629949381,2,0.7575854549292914
0.4,y,-1.900469629949381,3,0.8274575106969988
0.4,y,-1.8228994409718553,0,0.26949618615419446
0.4,y,-1.8228994409718553,1,0.3864062051076636
0.4,y,-1.8228994409718553,2,0.6228177744658956
0.4,y,-1.8228994409718553,3,0.7212798342722464
0.4,y,-1.7453292519943295,0,0.13700367073672243
0.4,y,-1.7453292519943295,1,0.434405605821785
0.4,y,-1.7453292519943295,2,0.5698187980622144
0.4,y,-1.7453292519943295,3,0.8587719253792785
0.4,y,-1.6677590630168038,0,0.16944480420913388
0.4,y,-1.6677590630168038,1,0.3564867249860325
0.4,y,-1.6677590630168038,2,0.6474937548531099
0.4,y,-1.6677590630168038,3,0.8265747159517238
0.4,y,-1.590188874039278,0,0.22576469420778683
0.4,y,-1.590188874039278,1,0.2949326649969916
0.4,y,-1.590188874039278,2,0.7201751251149928
0.4,y,-1.590188874039278,3,0.7591275156802286
0.4,y,-1.5126186850617522,0,0.05944242884149999
0.4,y,-1.5126186850617522,1,0.23162694977827863
0.4,y,-1.5126186850617522,2,0.7686876567684024
0.4,y,-1.5126186850617522,3,0.9402429646118191
0.4,y,-1.4350484960842265,0,0.2112786721392867
0.4,y,-1.4350484960842265,1,0.2969647056615839
0.4,y,-1.4350484960842265,2,0.7017220576420717
0.4,y,-1.4350484960842265,3,0.7900345645570577
0.4,y,-1.3574783071067007,0,0.22849553591097585
0.4,y,-1.3574783071067007,1,0.3263982299177673
0.4,y,-1.3574783071067007,2,0.6918894545604737
0.4,y,-1.3574783071067007,3,0.7532167796107833
0.4,y,-1.2799081181291752,0,0.17989257626929975
0.4,y,-1.2799081181291752,1,0.3727414848416499
0.4,y,-1.2799081181291752,2,0.6394567561442599
0.4,y,-1.2799081181291752,3,0.8079091827447902
0.4,y,-1.2023379291516494,0,0.18554942139767577
0.4,y,-1.2023379291516494,1,0.21446471795209124
0.4,y,-1.2023379291516494,2,0.7617567682501549
0.4,y,-1.2023379291516494,3,0.8382290924000783
0.4,y,-1.1247677401741236,0,0.1567730390105735
0.4,y,-1.1247677401741236,1,0.25905647277336885
0.4,y,-1.1247677401741236,2,0.7282743788768735
0.4,y,-1.1247677401741236,3,0.8558961093391845
0.4,y,-1.0471975511965979,0,0.11518221900563098
0.4,y,-1.0471975511965979,1,0.31957259994883086
0.4,y,-1.0471975511965979,2,0.6783615642939098
0.4,y,-1.0471975511965979,3,0.8868836167516287
0.4,y,-0.9696273622190721,0,0.2827666469600986
0.4,y,-0.9696273622190721,1,0.3228791695060656
0.4,y,-0.9696273622190721,2,0.6644978349930748
0.4,y,-0.9696273622190721,3,0.729856348540761
0.4,y,-0.8920571732415463,0,0.15503486413028209
0.4,y,-0.8920571732415463,1,0.3536300611140227
0.4,y,-0.8920571732415463,2,0.6381415917223352
0.4,y,-0.8920571732415463,3,0.8531934830333604
0.4,y,-0.8144869842640206,0,0.011166807014333372
0.4,y,-0.8144869842640206,1,0.27847869522302354
0.4,y,-0.8144869842640206,2,0.7255763946255009
0.4,y,-0.8144869842640206,3,0.9847781031371421
0.4,y,-0.7369167952864948,0,0.11318985360459204
0.4,y,-0.7369167952864948,1,0.35462464777150804
0.4,y,-0.7369167952864948,2,0.6480657298642788
0.4,y,-0.7369167952864948,3,0.8841197687596216
0.4,y,-0.659346606308969,0,0.1801840587851523
0.4,y,-0.659346606308969,1,0.24393797355645702
0.4,y,-0.659346606308969,2,0.775226934710707
0.4,y,-0.659346606308969,3,0.8006510329476836
0.4,y,-0.5817764173314433,0,0.19488966982079564
0.4,y,-0.5817764173314433,1,0.3028450735351725
0.4,y,-0.5817764173314433,2,0.7322320158219168
0.4,y,-0.5817764173314433,3,0.7700332408221151
0.4,y,-0.5042062283539175,0,0.3614848683994283
0.4,y,-0.5042062283539175,1,0.49524792521314404
0.4,y,-0.5042062283539175,2,0.5081160544339931
0.4,y,-0.5042062283539175,3,0.6351511519534349
0.4,y,-0.4266360393763917,0,0.181393459112583
0.4,y,-0.4266360393763917,1,0.2644539927310307
0.4,y,-0.4266360393763917,2,0.7345287321538202
0.4,y,-0.4266360393763917,3,0.8196238160025658
0.4,y,-0.34906585039886595,0,0.21186948020553323
0.4,y,-0.34906585039886595,1,0.32833475784789207
0.4,y,-0.34906585039886595,2,0.6729110885433645
0.4,y,-0.34906585039886595,3,0.7868846734032101
0.4,y,-0.2714956614213402,0,0.20005770458018177
0.4,y,-0.2714956614213402,1,0.24995761699129868
0.4,y,-0.2714956614213402,2,0.760666436187801
0.4,y,-0.2714956614213402,3,0.7893182422407192
0.4,y,-0.19392547244381442,0,0.08505455615235669
0.4,y,-0.19392547244381442,1,0.16756976913602495
0.4,y,-0.19392547244381442,2,0.8337822218738851
0.4,y,-0.19392547244381442,3,0.9135934528377329
0.4,y,-0.11635528346628865,0,0.11835878507490326
0.4,y,-0.11635528346628865,1,0.24866475968508003
0.4,y,-0.11635528346628865,2,0.7595542485171033
0.4,y,-0.11635528346628865,3,0.8734222067229136
0.4,y,-0.03878509448876288,0,0.1792691641896762
0.4,y,-0.03878509448876288,1,0.36290350360839074
0.4,y,-0.03878509448876288,2,0.6382013456797779
0.4,y,-0.03878509448876288,3,0.8196259865221547
0.4,y,0.03878509448876288,0,0.2204433837425436
0.4,y,0.03878509448876288,1,0.31265335663726845
0.4,y,0.03878509448876288,2,0.6866300668798694
0.4,y,0.03878509448876288,3,0.7802731927403184
0.4,y,0.11635528346628865,0,0.0638740178597209
0.4,y,0.11635528346628865,1,0.2517806068830607
0.4,y,0.11635528346628865,2,0.7485458674852055
0.4,y,0.11635528346628865,3,0.935799507772013
0.4,y,0.19392547244381442,0,0.14144058373252746
0.4,y,0.19392547244381442,1,0.25325879529568424
0.4,y,0.19392547244381442,2,0.745075116726803
0.4,y,0.19392547244381442,3,0.8602255042449851
0.4,y,0.2714956614213402,0,0.225285329501378
0.4,y,0.2714956614213402,1,0.24131218964004014
0.4,y,0.2714956614213402,2,0.7502561683182236
0.4,y,0.2714956614213402,3,0.7831463125403584
0.4,y,0.34906585039886595,0,0.18162042250247767
0.4,y,0.34906585039886595,1,0.23225580925622205
0.4,y,0.34906585039886595,2,0.7658171450412002
0.4,y,0.34906585039886595,3,0.8203066232001003
0.4,y,0.4266360393763917,0,0.2133507063423076
0.4,y,0.4266360393763917,1,0.2949239634888843
0.4,y,0.4266360393763917,2,0.7027391265673892
0.4,y,0.4266360393763917,3,0.7889862036014187
0.4,y,0.5042062283539175,0,0.2728625566570732
0.4,y,0.5042062283539175,1,0.41651441329393213
0.4,y,0.5042062283539175,2,0.5893637724664595
0.4,y,0.5042062283539175,3,0.7212592575825358
0.4,y,0.5817764173314428,0,0.2066853075656099
0.4,y,0.5817764173314428,1,0.29479874755280694
0.4,y,0.5817764173314428,2,0.7081567751332716
0.4,y,0.5817764173314428,3,0.7903591697483114
0.4,y,0.6593466063089686,0,0.1909977038383037
0.4,y,0.6593466063089686,1,0.42937711579968524
0.4,y,0.6593466063089686,2,0.5696426129240638
0.4,y,0.6593466063089686,3,0.8099825674379473
0.4,y,0.7369167952864943,0,0.20950577852642965
0.4,y,0.7369167952864943,1,0.27622283329609254
0.4,y,0.7369167952864943,2,0.710958769744463
0.4,y,0.7369167952864943,3,0.8033126184330148
0.4,y,0.8144869842640201,0,0.19988020672038984
0.4,y,0.8144869842640201,1,0.2477705132338928
0.4,y,0.8144869842640201,2,0.7461200564325412
0.4,y,0.8144869842640201,3,0.8062292236131767
0.4,y,0.8920571732415459,0,0.18208801283663997
0.4,y,0.8920571732415459,1,0.2865565233998562
0.4,y,0.8920571732415459,2,0.7222141276245004
0.4,y,0.8920571732415459,3,0.8091413361390039
0.4,y,0.9696273622190716,0,0.15947876756059315
0.4,y,0.9696273622190716,1,0.22512818709324145
0.4,y,0.9696273622190716,2,0.7775847686505275
0.4,y,0.9696273622190716,3,0.8378082766956383
0.4,y,1.0471975511965974,0,0.2446893357255502
0.4,y,1.0471975511965974,1,0.3229138244021876
0.4,y,1.0471975511965974,2,0.6806824011408015
0.4,y,1.0471975511965974,3,0.7517144387314609
0.4,y,1.1247677401741232,0,0.14483143509892898
0.4,y,1.1247677401741232,1,0.24282223282481752
0.4,y,1.1247677401741232,2,0.7500155025787908
0.4,y,1.1247677401741232,3,0.862330829497463
0.4,y,1.202337929151649,0,0.2716685065128829
0.4,y,1.202337929151649,1,0.3618686569836882
0.4,y,1.202337929151649,2,0.6159698750251485
0.4,y,1.202337929151649,3,0.7504929614782803
0.4,y,1.2799081181291747,0,0.2002426282490689
0.4,y,1.2799081181291747,1,0.27107810854147624
0.4,y,1.2799081181291747,2,0.7228260247211211
0.4,y,1.2799081181291747,3,0.8058532384883343
0.4,y,1.3574783071067005,0,0.18567105881602458
0.4,y,1.3574783071067005,1,0.3653348511022026
0.4,y,1.3574783071067005,2,0.6288982628455313
0.4,y,1.3574783071067005,3,0.820095827236241
0.4,y,1.4350484960842262,0,0.30284599382449123
0.4,y,1.4350484960842262,1,0.4051029546538227
0.4,y,1.4350484960842262,2,0.6269039199797696
0.4,y,1.4350484960842262,3,0.6651471315419164
0.4,y,1.512618685061752,0,0.2870175028498091
0.4,y,1.512618685061752,1,0.35010073587773505
0.4,y,1.512618685061752,2,0.6234510794194523
0.4,y,1.512618685061752,3,0.7394306818530035
0.4,y,1.5901888740392778,0,0.3532975021949727
0.4,y,1.5901888740392778,1,0.39955803229963377
0.4,y,1.5901888740392778,2,0.6035458231443631
0.4,y,1.5901888740392778,3,0.6435986423610311
0.4,y,1.6677590630168035,0,0.06999159686299077
0.4,y,1.6677590630168035,1,0.2763328527017874
0.4,y,1.6677590630168035,2,0.7236487471146982
0.4,y,1.6677590630168035,3,0.9300268033205236
0.4,y,1.7453292519943293,0,0.14873598001763097
0.4,y,1.7453292519943293,1,0.23377313066466068
0.4,y,1.7453292519943293,2,0.7526157279194847
0.4,y,1.7453292519943293,3,0.864875161398224
0.4,y,1.822899440971855,0,0.1472517565264625
0.4,y,1.822899440971855,1,0.35061364241580983
0.4,y,1.822899440971855,2,0.6668681726099248
0.4,y,1.822899440971855,3,0.8352664284478022
0.4,y,1.9004696299493808,0,0.18595576580774753
0.4,y,1.9004696299493808,1,0.25755842826731007
0.4,y,1.9004696299493808,2,0.7409827123298713
0.4,y,1.9004696299493808,3,0.8155030935950709
0.4,y,1.9780398189269066,0,0.1086178787993319
0.4,y,1.9780398189269066,1,0.3202756713576279
0.4,y,1.9780398189269066,2,0.6801764848028418
0.4,y,1.9780398189269066,3,0.8909299650401985
0.4,y,2.0556100079044324,0,0.2981367987026561
0.4,y,2.0556100079044324,1,0.37455240931580663
0.4,y,2.0556100079044324,2,0.6353894256145323
0.4,y,2.0556100079044324,3,0.6919213663670055
0.4,y,2.133180196881958,0,0.13205292341633754
0.4,y,2.133180196881958,1,0.33757331749294217
0.4,y,2.133180196881958,2,0.6468557441879537
0.4,y,2.133180196881958,3,0.8835180149027667
0.4,y,2.210750385859484,0,0.19530272899832699
0.4,y,2.210750385859484,1,0.4529054957732757
0.4,y,2.210750385859484,2,0.5503693353246961
0.4,y,2.210750385859484,3,0.8014224399037007
0.4,y,2.2883205748370097,0,0.16675820619822795
0.4,y,2.2883205748370097,1,0.3405072225891693
0.4,y,2.2883205748370097,2,0.6580582527038479
0.4,y,2.2883205748370097,3,0.8346763185087545
0.4,y,2.3658907638145354,0,0.18683155130520876
0.4,y,2.3658907638145354,1,0.24638443686079803
0.4,y,2.3658907638145354,2,0.7753341720852129
0.4,y,2.3658907638145354,3,0.7914498397487799
0.4,y,2.443460952792061,0,0.11217922684350926
0.4,y,2.443460952792061,1,0.2146809297159248
0.4,y,2.443460952792061,2,0.7865495385660316
0.4,y,2.443460952792061,3,0.8865903048745347
0.4,y,2.521031141769587,0,0.23931964729537464
0.4,y,2.521031141769587,1,0.35086684056302314
0.4,y,2.521031141769587,2,0.6474162866442175
0.4,y,2.521031141769587,3,0.762397225497385
0.4,y,2.5986013307471127,0,0.34754880165806146
0.4,y,2.5986013307471127,1,0.38338662360469383
0.4,y,2.5986013307471127,2,0.6143643474380374
0.4,y,2.5986013307471127,3,0.6547002272992071
0.4,y,2.6761715197246385,0,0.26216667412266365
0.4,y,2.6761715197246385,1,0.3423976333566393
0.4,y,2.6761715197246385,2,0.6576999903940839
0.4,y,2.6761715197246385,3,0.7377357021266127
0.4,y,2.7537417087021643,0,0.20136126448388544
0.4,y,2.7537417087021643,1,0.3653423365133999
0.4,y,2.7537417087021643,2,0.6333463601922955
0.4,y,2.7537417087021643,3,0.7999500388104197
0.4,y,2.83131189767969,0,0.1369410215277133
0.4,y,2.83131189767969,1,0.2550629796058807
0.4,y,2.83131189767969,2,0.7412936681300333
0.4,y,2.83131189767969,3,0.8667023307363722
0.4,y,2.908882086657216,0,0.18206565323658724
0.4,y,2.908882086657216,1,0.2239828165262793
0.4,y,2.908882086657216,2,0.7747884368369394
0.4,y,2.908882086657216,3,0.8191630934001941
0.4,y,2.9864522756347416,0,0.1767274453488131
0.4,y,2.9864522756347416,1,0.2283581103892328
0.4,y,2.9864522756347416,2,0.7468512027159637
0.4,y,2.9864522756347416,3,0.8480632415459908
0.4,y,3.0640224646122673,0,0.23812023935752935
0.4,y,3.0640224646122673,1,0.2952709403623725
0.4,y,3.0640224646122673,2,0.7194776594619906
0.4,y,3.0640224646122673,3,0.7471311608181073
0.5,x,-3.141592653589793,0,0.2336518470489828
0.5,x,-3.141592653589793,1,0.37677388839701004
0.5,x,-3.141592653589793,2,0.6445045249274526
0.5,x,-3.141592653589793,3,0.7450697396265543
0.5,x,-3.0640224646122673,0,0.1542958923623998
0.5,x,-3.0640224646122673,1,0.3188267058837139
0.5,x,-3.0640224646122673,2,0.6839215754223721
0.5,x,-3.0640224646122673,3,0.842955826331514
0.5,x,-2.9864522756347416,0,0.17671622737851647
0.5,x,-2.9864522756347416,1,0.34951051500829844
0.5,x,-2.9864522756347416,2,0.647823681962016
0.5,x,-2.9864522756347416,3,0.8259495756511696
0.5,x,-2.908882086657216,0,0.06287084612812192
0.5,x,-2.908882086657216,1,0.20248835671039833
0.5,x,-2.908882086657216,2,0.8026405974337391
0.5,x,-2.908882086657216,3,0.9320001997277404
0.5,x,-2.83131189767969,0,0.09861775661349849
0.5,x,-2.83131189767969,1,0.1331225638408758
0.5,x,-2.83131189767969,2,0.8293951866194997
0.5,x,-2.83131189767969,3,0.9388644929261255
0.5,x,-2.7537417087021643,0,0.07711363714742756
0.5,x,-2.7537417087021643,1,0.2929170614718343
0.5,x,-2.7537417087021643,2,0.6965918835940768
0.5,x,-2.7537417087021643,3,0.9333774177866616
0.5,x,-2.6761715197246385,0,0.1582146948366159
0.5,x,-2.6761715197246385,1,0.27833934694987145
0.5,x,-2.6761715197246385,2,0.7344602619399061
0.5,x,-2.6761715197246385,3,0.8289856962736062
0.5,x,-2.5986013307471127,0,0.12502782719387398
0.5,x,-2.5986013307471127,1,0.39709174397488906
0.5,x,-2.5986013307471127,2,0.6130114888874056
0.5,x,-2.5986013307471127,3,0.8648689399438307
0.5,x,-2.521031141769587,0,0.10510635405528819
0.5,x,-2.521031141769587,1,0.3591376566533146
0.5,x,-2.521031141769587,2,0.6530837293536262
0.5,x,-2.521031141769587,3,0.8826722599377712
0.5,x,-2.443460952792061,0,0.15808327466597236
0.5,x,-2.443460952792061,1,0.2750417554042955
0.5,x,-2.443460952792061,2,0.7556282824822393
0.5,x,-2.443460952792061,3,0.8112466874474926
0.5,x,-2.3658907638145354,0,0.2708057359414124
0.5,x,-2.3658907638145354,1,0.4302157678941101
0.5,x,-2.3658907638145354,2,0.5730390032586119
0.5,x,-2.3658907638145354,3,0.7259394929058656
0.5,x,-2.2883205748370097,0,0.2887143663487897
0.5,x,-2.2883205748370097,1,0.34431736695565596
0.5,x,-2.2883205748370097,2,0.626367854598203
0.5,x,-2.2883205748370097,3,0.7406004120973511
0.5,x,-2.210750385859484,0,0.16013825111910748
0.5,x,-2.210750385859484,1,0.3392962203046912
0.5,x,-2.210750385859484,2,0.6561656195295609
0.5,x,-2.210750385859484,3,0.8443999090466406
0.5,x,-2.133180196881958,0,0.07024215130891148
0.5,x,-2.133180196881958,1,0.28113423717599134
0.5,x,-2.133180196881958,2,0.731269830854483
0.5,x,-2.133180196881958,3,0.9173537806606139
0.5,x,-2.0556100079044324,0,0.17753991708153652
0.5,x,-2.0556100079044324,1,0.2652710996094949
0.5,x,-2.0556100079044324,2,0.734211122364773
0.5,x,-2.0556100079044324,3,0.822977860944196
0.5,x,-1.9780398189269068,0,0.2791780191577722
0.5,x,-1.9780398189269068,1,0.36914727559108096
0.5,x,-1.9780398189269068,2,0.6371987081679585
0.5,x,-1.9780398189269068,3,0.7144759970831878
0.5,x,-1.900469629949381,0,0.14352432029522225
0.5,x,-1.900469629949381,1,0.2198500975649991
0.5,x,-1.900469629949381,2,0.791418477378535
0.5,x,-1.900469629949381,3,0.845207104761243
0.5,x,-1.8228994409718553,0,0.2639584605828294
0.5,x,-1.8228994409718553,1,0.31958688251371226
0.5,x,-1.8228994409718553,2,0.689636216677179
0.5,x,-1.8228994409718553,3,0.7268184402262795
0.5,x,-1.7453292519943295,0,0.1449374817114418
0.5,x,-1.7453292519943295,1,0.36936704995415687
0.5,x,-1.7453292519943295,2,0.6342464932350202
0.5,x,-1.7453292519943295,3,0.8514489750993806
0.5,x,-1.6677590630168038,0,0.052264876980268375
0.5,x,-1.6677590630168038,1,0.1628717971528674
0.5,x,-1.6677590630168038,2,0.8435656409298642
0.5,x,-1.6677590630168038,3,0.9412976849370005
0.5,x,-1.590188874039278,0,0.2027023900267246
0.5,x,-1.590188874039278,1,0.2585998017022739
0.5,x,-1.590188874039278,2,0.7138120202166294
0.5,x,-1.590188874039278,3,0.8248857880543728
0.5,x,-1.5126186850617522,0,0.22086210688398017
0.5,x,-1.5126186850617522,1,0.4173387036678542
0.5,x,-1.5126186850617522,2,0.5903070703451188
0.5,x,-1.5126186850617522,3,0.7714921191030469
0.5,x,-1.4350484960842265,0,0.13108788284467557
0.5,x,-1.4350484960842265,1,0.3673813504204713
0.5,x,-1.4350484960842265,2,0.6347531898477214
0.5,x,-1.4350484960842265,3,0.8667775768871315
0.5,x,-1.3574783071067007,0,0.2943345697296546
0.5,x,-1.3574783071067007,1,0.38466847398243437
0.5,x,-1.3574783071067007,2,0.6333440319954952
0.5,x,-1.3574783071067007,3,0.6876529242924153
0.5,x,-1.2799081181291752,0,0.21211072545833745
0.5,x,-1.2799081181291752,1,0.28702142102771105
0.5,x,-1.2799081181291752,2,0.7359871141989945
0.5,x,-1.2799081181291752,3,0.7648807393149561
0.5,x,-1.2023379291516494,0,0.22459297228617153
0.5,x,-1.2023379291516494,1,0.32321900781695495
0.5,x,-1.2023379291516494,2,0.6778899180630775
0.5,x,-1.2023379291516494,3,0.7742981018337964
0.5,x,-1.1247677401741236,0,0.13381899020103244
0.5,x,-1.1247677401741236,1,0.18636276563279727
0.5,x,-1.1247677401741236,2,0.8114103580004264
0.5,x,-1.1247677401741236,3,0.868407886165744
0.5,x,-1.0471975511965979,0,0.15421565431533027
0.5,x,-1.0471975511965979,1,0.184194973621683
0.5,x,-1.0471975511965979,2,0.8033058490752781
0.5,x,-1.0471975511965979,3,0.8582835229877085
0.5,x,-0.9696273622190721,0,0.1895002674467886
0.5,x,-0.9696273622190721,1,0.20304231075934032
0.5,x,-0.9696273622190721,2,0.783486504068057
0.5,x,-0.9696273622190721,3,0.8239709177258141
0.5,x,-0.8920571732415463,0,0.12848048158086056
0.5,x,-0.8920571732415463,1,0.3412883401261955
0.5,x,-0.8920571732415463,2,0.6598209550194472
0.5,x,-0.8920571732415463,3,0.8704102232734974
0.5,x,-0.8144869842640206,0,0.10077256788220094
0.5,x,-0.8144869842640206,1,0.2678318570129466
0.5,x,-0.8144869842640206,2,0.7335776040715685
0.5,x,-0.8144869842640206,3,0.8978179710332838
0.5,x,-0.7369167952864948,0,0.24013113379182
0.5,x,-0.7369167952864948,1,0.2885180194940493
0.5,x,-0.7369167952864948,2,0.7022082657779541
0.5,x,-0.7369167952864948,3,0.7691425809361762
0.5,x,-0.659346606308969,0,0.16310974307466905
0.5,x,-0.659346606308969,1,0.2442949458798808
0.5,x,-0.659346606308969,2,0.7468699498182618
0.5,x,-0.659346606308969,3,0.845725361227188
0.5,x,-0.5817764173314433,0,0.07118502499179792
0.5,x,-0.5817764173314433,1,0.17956540728381026
0.5,x,-0.5817764173314433,2,0.8100095341575182
0.5,x,-0.5817764173314433,3,0.9392400335668739
0.5,x,-0.5042062283539175,0,0.1226135607665064
0.5,x,-0.5042062283539175,1,0.3231888809210121
0.5,x,-0.5042062283539175,2,0.6771697057947341
0.5,x,-0.5042062283539175,3,0.8770278525177474
0.5,x,-0.4266360393763917,0,0.30952818884387234
0.5,x,-0.4266360393763917,1,0.3262287995117046
0.5,x,-0.4266360393763917,2,0.6677775158091013
0.5,x,-0.4266360393763917,3,0.6964654958353216
0.5,x,-0.34906585039886595,0,0.2468967099607251
0.5,x,-0.34906585039886595,1,0.37362395836039136
0.5,x,-0.34906585039886595,2,0.621242164612148
0.5,x,-0.34906585039886595,3,0.7582371670667358
0.5,x,-0.2714956614213402,0,0.18195145992770073
0.5,x,-0.2714956614213402,1,0.2759830987489204
0.5,x,-0.2714956614213402,2,0.7265091842731254
0.5,x,-0.2714956614213402,3,0.8155562570502537
0.5,x,-0.19392547244381442,0,0.1485660557785165
0.5,x,-0.19392547244381442,1,0.2818245162532464
0.5,x,-0.19392547244381442,2,0.7064557602497747
0.5,x,-0.19392547244381442,3,0.8631536677184621
0.5,x,-0.11635528346628865,0,0.16458513954620096
0.5,x,-0.11635528346628865,1,0.2706601457873315
0.5,x,-0.11635528346628865,2,0.7349860695420649
0.5,x,-0.11635528346628865,3,0.829768645124403
0.5,x,-0.03878509448876288,0,0.27873770911598006
0.5,x,-0.03878509448876288,1,0.3171754783751805
0.5,x,-0.03878509448876288,2,0.6768301424561535
0.5,x,-0.03878509448876288,3,0.7272566700526855
0.5,x,0.03878509448876288,0,0.1751395685058231
0.5,x,0.03878509448876288,1,0.3933308538027693
0.5,x,0.03878509448876288,2,0.605441733689093
0.5,x,0.03878509448876288,3,0.826087844002314
0.5,x,0.11635528346628865,0,0.15162671131530636
0.5,x,0.11635528346628865,1,0.32744487640089076
0.5,x,0.11635528346628865,2,0.672443964626765
0.5,x,0.11635528346628865,3,0.8484844476570372
0.5,x,0.19392547244381442,0,0.1161407233282238
0.5,x,0.19392547244381442,1,0.35387584165464564
0.5,x,0.19392547244381442,2,0.6457462577785638
0.5,x,0.19392547244381442,3,0.8842371772385668
0.5,x,0.2714956614213402,0,0.23570910070117126
0.5,x,0.2714956614213402,1,0.37036701744966694
0.5,x,0.2714956614213402,2,0.6418450725229345
0.5,x,0.2714956614213402,3,0.7520788093262272
0.5,x,0.34906585039886595,0,0.1026852265970512
0.5,x,0.34906585039886595,1,0.2910762646762468
0.5,x,0.34906585039886595,2,0.7083698673813699
0.5,x,0.34906585039886595,3,0.8978686413453323
0.5,x,0.4266360393763917,0,0.19508272086391837
0.5,x,0.4266360393763917,1,0.2438795875615754
0.5,x,0.4266360393763917,2,0.7514692523632949
0.5,x,0.4266360393763917,3,0.809568439211211
0.5,x,0.5042062283539175,0,0.2803266249574593
0.5,x,0.5042062283539175,1,0.36931760457482493
0.5,x,0.5042062283539175,2,0.626323508949916
0.5,x,0.5042062283539175,3,0.724032261517799
0.5,x,0.5817764173314428,0,0.25188496281513906
0.5,x,0.5817764173314428,1,0.3101131884579517
0.5,x,0.5817764173314428,2,0.6875221506217541
0.5,x,0.5817764173314428,3,0.7504796981051558
0.5,x,0.6593466063089686,0,0.2694408743642047
0.5,x,0.6593466063089686,1,0.3656611928917126
0.5,x,0.6593466063089686,2,0.6304971899520742
0.5,x,0.6593466063089686,3,0.7344007427920086
0.5,x,0.7369167952864943,0,0.08510051234485261
0.5,x,0.7369167952864943,1,0.2459638152112522
0.5,x,0.7369167952864943,2,0.7603115052193862
0.5,x,0.7369167952864943,3,0.908624167224509
0.5,x,0.8144869842640201,0,0.1298451721899828
0.5,x,0.8144869842640201,1,0.20315477119926706
0.5,x,0.8144869842640201,2,0.7973564831741689
0.5,x,0.8144869842640201,3,0.8696435734365815
0.5,x,0.8920571732415459,0,0.16190160141989626
0.5,x,0.8920571732415459,1,0.3769074861895177
0.5,x,0.8920571732415459,2,0.6250923380315372
0.5,x,0.8920571732415459,3,0.8360985743590488
0.5,x,0.9696273622190716,0,0.07875195119316071
0.5,x,0.9696273622190716,1,0.16903770480915592
0.5,x,0.9696273622190716,2,0.8292471942035013
0.5,x,0.9696273622190716,3,0.9229631497941821
0.5,x,1.0471975511965974,0,0.20522133094133835
0.5,x,1.0471975511965974,1,0.2918919745289418
0.5,x,1.0471975511965974,2,0.7077362370665846
0.5,x,1.0471975511965974,3,0.7951504574631356
0.5,x,1.1247677401741232,0,0.08598390153926405
0.5,x,1.1247677401741232,1,0.26826234601009075
0.5,x,1.1247677401741232,2,0.7300641872899549
0.5,x,1.1247677401741232,3,0.9156895651606904
0.5,x,1.202337929151649,0,0.1846550922933552
0.5,x,1.202337929151649,1,0.3920948485404533
0.5,x,1.202337929151649,2,0.6080733825104176
0.5,x,1.202337929151649,3,0.8151766766557744
0.5,x,1.2799081181291747,0,0.25805488128924
0.5,x,1.2799081181291747,1,0.30094769080324846
0.5,x,1.2799081181291747,2,0.6923422231121066
0.5,x,1.2799081181291747,3,0.7486552047954056
0.5,x,1.3574783071067005,0,0.2446949839398144
0.5,x,1.3574783071067005,1,0.30223461112996813
0.5,x,1.3574783071067005,2,0.70257876520352
0.5,x,1.3574783071067005,3,0.7504916397266974
0.5,x,1.4350484960842262,0,0.2883468076931113
0.5,x,1.4350484960842262,1,0.424534421463945
0.5,x,1.4350484960842262,2,0.5670580019848099
0.5,x,1.4350484960842262,3,0.7200607688581344
0.5,x,1.512618685061752,0,0.06432830792546619
0.5,x,1.512618685061752,1,0.22509934166226894
0.5,x,1.512618685061752,2,0.7842654205283182
0.5,x,1.512618685061752,3,0.9263069298839471
0.5,x,1.5901888740392778,0,0.27257588667957566
0.5,x,1.5901888740392778,1,0.4260308229334848
0.5,x,1.5901888740392778,2,0.5684876894380635
0.5,x,1.5901888740392778,3,0.732905600948876
0.5,x,1.6677590630168035,0,0.1502042428694249
0.5,x,1.6677590630168035,1,0.31742422035174717
0.5,x,1.6677590630168035,2,0.6807769331852631
0.5,x,1.6677590630168035,3,0.8515946035935654
0.5,x,1.7453292519943293,0,0.15596890319063647
0.5,x,1.7453292519943293,1,0.27958561569622514
0.5,x,1.7453292519943293,2,0.7427802559659206
0.5,x,1.7453292519943293,3,0.8216652251472182
0.5,x,1.822899440971855,0,0.18267222831756905
0.5,x,1.822899440971855,1,0.22492017952348076
0.5,x,1.822899440971855,2,0.7643692458423947
0.5,x,1.822899440971855,3,0.828038346316556
0.5,x,1.9004696299493808,0,0.20227634230895208
0.5,x,1.9004696299493808,1,0.3217091509956609
0.5,x,1.9004696299493808,2,0.6860661399687091
0.5,x,1.9004696299493808,3,0.7899483667266778
0.5,x,1.9780398189269066,0,0.1240938017536017
0.5,x,1.9780398189269066,1,0.32713724229636576
0.5,x,1.9780398189269066,2,0.7423053622075135
0.5,x,1.9780398189269066,3,0.8064635937425192
0.5,x,2.0556100079044324,0,0.14954032899415437
0.5,x,2.0556100079044324,1,0.19543950660132334
0.5,x,2.0556100079044324,2,0.7857969998385811
0.5,x,2.0556100079044324,3,0.8692231645659413
0.5,x,2.133180196881958,0,0.1926291289175023
0.5,x,2.133180196881958,1,0.30420581734059216
0.5,x,2.133180196881958,2,0.7144110932188625
0.5,x,2.133180196881958,3,0.7887539605230434
0.5,x,2.210750385859484,0,0.25001700481901207
0.5,x,2.210750385859484,1,0.3199772048369003
0.5,x,2.210750385859484,2,0.6856764295697921
0.5,x,2.210750385859484,3,0.7443293607742956
0.5,x,2.2883205748370097,0,0.11207645988827113
0.5,x,2.2883205748370097,1,0.2984345921443099
0.5,x,2.2883205748370097,2,0.7132234010733982
0.5,x,2.2883205748370097,3,0.8762655468940206
0.5,x,2.3658907638145354,0,0.07901064246150076
0.5,x,2.3658907638145354,1,0.3384748770648852
0.5,x,2.3658907638145354,2,0.670239849403008
0.5,x,2.3658907638145354,3,0.9122746310706071
0.5,x,2.443460952792061,0,0.15099482159896602
0.5,x,2.443460952792061,1,0.3084602912762
0.5,x,2.443460952792061,2,0.6946344423181723
0.5,x,2.443460952792061,3,0.8459104448066626
0.5,x,2.521031141769587,0,0.21078443738516817
0.5,x,2.521031141769587,1,0.3408328234124384
0.5,x,2.521031141769587,2,0.6489623392870457
0.5,x,2.521031141769587,3,0.7994203999153466
0.5,x,2.5986013307471127,0,0.07451956721339997
0.5,x,2.5986013307471127,1,0.35202405300113554
0.5,x,2.5986013307471127,2,0.6571872232711573
0.5,x,2.5986013307471127,3,0.9162691565143078
0.5,x,2.6761715197246385,0,0.08671296032604313
0.5,x,2.6761715197246385,1,0.3441236645833689
0.5,x,2.6761715197246385,2,0.6581651124934786
0.5,x,2.6761715197246385,3,0.910998262597109
0.5,x,2.7537417087021643,0,0.07070910065309018
0.5,x,2.7537417087021643,1,0.18243307435737333
0.5,x,2.7537417087021643,2,0.8295872807827913
0.5,x,2.7537417087021643,3,0.9172705442067453
0.5,x,2.83131189767969,0,0.13351548611860892
0.5,x,2.83131189767969,1,0.3554110301972039
0.5,x,2.83131189767969,2,0.6388455883501889
0.5,x,2.83131189767969,3,0.8722278953339982
0.5,x,2.908882086657216,0,0.24470720694100595
0.5,x,2.908882086657216,1,0.3110328563125598
0.5,x,2.908882086657216,2,0.6792607172621477
0.5,x,2.908882086657216,3,0.7649992194842863
0.5,x,2.9864522756347416,0,0.11767200330433046
0.5,x,2.9864522756347416,1,0.2677541059357265
0.5,x,2.9864522756347416,2,0.7405266360190383
0.5,x,2.9864522756347416,3,0.874047254740905
0.5,x,3.0640224646122673,0,0.28743595067574984
0.5,x,3.0640224646122673,1,0.35210769274378056
0.5,x,3.0640224646122673,2,0.6533054599935231
0.5,x,3.0640224646122673,3,0.7071508965869464
0.5,y,-3.141592653589793,0,0.1744826788462384
0.5,y,-3.141592653589793,1,0.20975582769695938
0.5,y,-3.141592653589793,2,0.7565565996652207
0.5,y,-3.141592653589793,3,0.8592048937915806
0.5,y,-3.0640224646122673,0,0.2726004490535233
0.5,y,-3.0640224646122673,1,0.33700833221533966
0.5,y,-3.0640224646122673,2,0.6692649329817844
0.5,y,-3.0640224646122673,3,0.7211262857493523
0.5,y,-2.9864522756347416,0,0.1374091414046162
0.5,y,-2.9864522756347416,1,0.3238428068091064
0.5,y,-2.9864522756347416,2,0.6875617927291224
0.5,y,-2.9864522756347416,3,0.8511862590571545
0.5,y,-2.908882086657216,0,0.23197686898491301
0.5,y,-2.908882086657216,1,0.3354595354790091
0.5,y,-2.908882086657216,2,0.654701967907066
0.5,y,-2.908882086657216,3,0.7778616276290117
0.5,y,-2.83131189767969,0,0.12379495474158395
0.5,y,-2.83131189767969,1,0.43203330593256917
0.5,y,-2.83131189767969,2,0.5683120056582264
0.5,y,-2.83131189767969,3,0.8758597336676204
0.5,y,-2.7537417087021643,0,0.25121713279143176
0.5,y,-2.7537417087021643,1,0.2777967622436785
0.5,y,-2.7537417087021643,2,0.712331690638649
0.5,y,-2.7537417087021643,3,0.7586544143262399
0.5,y,-2.6761715197246385,0,0.08768938629786205
0.5,y,-2.6761715197246385,1,0.2861702895051973
0.5,y,-2.6761715197246385,2,0.7058109352924494
0.5,y,-2.6761715197246385,3,0.9203293889044913
0.5,y,-2.5986013307471127,0,0.245114205114845
0.5,y,-2.5986013307471127,1,0.3092738471131649
0.5,y,-2.5986013307471127,2,0.7047489498255299
0.5,y,-2.5986013307471127,3,0.7408629979464594
0.5,y,-2.521031141769587,0,0.2217113580890986
0.5,y,-2.521031141769587,1,0.32928306660795204
0.5,y,-2.521031141769587,2,0.6749956034699944
0.5,y,-2.521031141769587,3,0.774009971832955
0.5,y,-2.443460952792061,0,0.28258255612601
0.5,y,-2.443460952792061,1,0.31208792395514445
0.5,y,-2.443460952792061,2,0.6544335494688052
0.5,y,-2.443460952792061,3,0.7508959704500401
0.5,y,-2.3658907638145354,0,0.2783607133117243
0.5,y,-2.3658907638145354,1,0.3372219991730659
0.5,y,-2.3658907638145354,2,0.6478697319782686
0.5,y,-2.3658907638145354,3,0.7365475555369414
0.5,y,-2.2883205748370097,0,0.3116081243289247
0.5,y,-2.2883205748370097,1,0.3560723191751532
0.5,y,-2.2883205748370097,2,0.6132017184115104
0.5,y,-2.2883205748370097,3,0.7191178380844113
0.5,y,-2.210750385859484,0,0.12519012825091944
0.5,y,-2.210750385859484,1,0.2186745678018453
0.5,y,-2.210750385859484,2,0.789634025273663
0.5,y,-2.210750385859484,3,0.866501278673572
0.5,y,-2.133180196881958,0,0.3150740980633951
0.5,y,-2.133180196881958,1,0.396343956663514
0.5,y,-2.133180196881958,2,0.6017324192156264
0.5,y,-2.133180196881958,3,0.6868495260574641
0.5,y,-2.0556100079044324,0,0.2760888272862732
0.5,y,-2.0556100079044324,1,0.367630353509875
0.5,y,-2.0556100079044324,2,0.6277782534178189
0.5,y,-2.0556100079044324,3,0.7285025657860329
0.5,y,-1.9780398189269068,0,0.2301805177297985
0.5,y,-1.9780398189269068,1,0.4071357362400135
0.5,y,-1.9780398189269068,2,0.5838100404267219
0.5,y,-1.9780398189269068,3,0.7788737056034661
0.5,y,-1.900469629949381,0,0.12473194335774114
0.5,y,-1.900469629949381,1,0.2875515354138528
0.5,y,-1.900469629949381,2,0.7229917823293555
0.5,y,-1.900469629949381,3,0.8647247388990504
0.5,y,-1.8228994409718553,0,0.08940884369059766
0.5,y,-1.8228994409718553,1,0.35182442139288034
0.5,y,-1.8228994409718553,2,0.6463099441949822
0.5,y,-1.8228994409718553,3,0.9124567907215396
0.5,y,-1.7453292519943295,0,0.24631126193886643
0.5,y,-1.7453292519943295,1,0.3202536786274591
0.5,y,-1.7453292519943295,2,0.649211644199428
0.5,y,-1.7453292519943295,3,0.7842234152342469
0.5,y,-1.6677590630168038,0,0.3186646519270896
0.5,y,-1.6677590630168038,1,0.3925180022496185
0.5,y,-1.6677590630168038,2,0.6250104190262344
0.5,y,-1.6677590630168038,3,0.6638069267970573
0.5,y,-1.590188874039278,0,0.26624989903793994
0.5,y,-1.590188874039278,1,0.39545799704838536
0.5,y,-1.590188874039278,2,0.5916333697909935
0.5,y,-1.590188874039278,3,0.7466587341226818
0.5,y,-1.5126186850617522,0,0.15133799576721596
0.5,y,-1.5126186850617522,1,0.2272429648164135
0.5,y,-1.5126186850617522,2,0.7538920803107351
0.5,y,-1.5126186850617522,3,0.8675269591056352
0.5,y,-1.4350484960842265,0,0.23574645121705579
0.5,y,-1.4350484960842265,1,0.37226390062640063
0.5,y,-1.4350484960842265,2,0.6421835949986856
0.5,y,-1.4350484960842265,3,0.7498060531578581
0.5,y,-1.3574783071067007,0,0.2102182370909601
0.5,y,-1.3574783071067007,1,0.3286018497370475
0.5,y,-1.3574783071067007,2,0.6750151098445218
0.5,y,-1.3574783071067007,3,0.7861648033274712
0.5,y,-1.2799081181291752,0,0.1426902400347571
0.5,y,-1.2799081181291752,1,0.260381791844664
0.5,y,-1.2799081181291752,2,0.7483702430210311
0.5,y,-1.2799081181291752,3,0.848557725099548
0.5,y,-1.2023379291516494,0,0.18334002632211824
0.5,y,-1.2023379291516494,1,0.3308360875242069
0.5,y,-1.2023379291516494,2,0.6519955883206565
0.5,y,-1.2023379291516494,3,0.833828297833018
0.5,y,-1.1247677401741236,0,0.16102615240011137
0.5,y,-1.1247677401741236,1,0.2282740471281254
0.5,y,-1.1247677401741236,2,0.7803322832081938
0.5,y,-1.1247677401741236,3,0.8303675172635703
0.5,y,-1.0471975511965979,0,0.15973056009055892
0.5,y,-1.0471975511965979,1,0.26155757022924636
0.5,y,-1.0471975511965979,2,0.7549461133503247
0.5,y,-1.0471975511965979,3,0.8237657563298699
0.5,y,-0.9696273622190721,0,0.27425404332843634
0.5,y,-0.9696273622190721,1,0.33358908978946267
0.5,y,-0.9696273622190721,2,0.6640897101142005
0.5,y,-0.9696273622190721,3,0.7280671567679007
0.5,y,-0.8920571732415463,0,0.16878837933357743
0.5,y,-0.8920571732415463,1,0.44060031498451346
0.5,y,-0.8920571732415463,2,0.5576409255898473
0.5,y,-0.8920571732415463,3,0.8329703800920619
0.5,y,-0.8144869842640206,0,0.27848415278127375
0.5,y,-0.8144869842640206,1,0.36354926168480217
0.5,y,-0.8144869842640206,2,0.6668912079746692
0.5,y,-0.8144869842640206,3,0.6910753775592551
0.5,y,-0.7369167952864948,0,0.13130534603964242
0.5,y,-0.7369167952864948,1,0.2826900016088719
0.5,y,-0.7369167952864948,2,0.7196081629611925
0.5,y,-0.7369167952864948,3,0.866396489390293
0.5,y,-0.659346606308969,0,0.21517468206859458
0.5,y,-0.659346606308969,1,0.30206339416355543
0.5,y,-0.659346606308969,2,0.6965509541902314
0.5,y,-0.659346606308969,3,0.7862109695776178
0.5,y,-0.5817764173314433,0,0.1429121545859871
0.5,y,-0.5817764173314433,1,0.2186977981146504
0.5,y,-0.5817764173314433,2,0.7768376897303315
0.5,y,-0.5817764173314433,3,0.8615523575690311
0.5,y,-0.5042062283539175,0,0.13221788816671343
0.5,y,-0.5042062283539175,1,0.29450802831336215
0.5,y,-0.5042062283539175,2,0.7083297532333501
0.5,y,-0.5042062283539175,3,0.8649443302865737
0.5,y,-0.4266360393763917,0,0.08439194415855097
0.5,y,-0.4266360393763917,1,0.38209445566844774
0.5,y,-0.4266360393763917,2,0.6166281452053929
0.5,y,-0.4266360393763917,3,0.9168854549676084
0.5,y,-0.34906585039886595,0,0.11324257115698552
0.5,y,-0.34906585039886595,1,0.30408830398742187
0.5,y,-0.34906585039886595,2,0.695548947938964
0.5,y,-0.34906585039886595,3,0.8871201769166291
0.5,y,-0.2714956614213402,0,0.18230396118948486
0.5,y,-0.2714956614213402,1,0.3291151288391515
0.5,y,-0.2714956614213402,2,0.6709893845803102
0.5,y,-0.2714956614213402,3,0.8175915253910537
0.5,y,-0.19392547244381442,0,0.1151952046102328
0.5,y,-0.19392547244381442,1,0.25116876851459574
0.5,y,-0.19392547244381442,2,0.7409667515885412
0.5,y,-0.19392547244381442,3,0.8926692752866303
0.5,y,-0.11635528346628865,0,0.16536214104205055
0.5,y,-0.11635528346628865,1,0.2754261665795763
0.5,y,-0.11635528346628865,2,0.7157852259213056
0.5,y,-0.11635528346628865,3,0.8434264664570672
0.5,y,-0.03878509448876288,0,0.18703419564920656
0.5,y,-0.03878509448876288,1,0.22966744005553721
0.5,y,-0.03878509448876288,2,0.771498777635733
0.5,y,-0.03878509448876288,3,0.8117995866595231
0.5,y,0.03878509448876288,0,0.19883471256601215
0.5,y,0.03878509448876288,1,0.3632626348989992
0.5,y,0.03878509448876288,2,0.6379805730745758
0.5,y,0.03878509448876288,3,0.799922079460413
0.5,y,0.11635528346628865,0,0.07800150319091267
0.5,y,0.11635528346628865,1,0.29426009034021927
0.5,y,0.11635528346628865,2,0.7106173687563915
0.5,y,0.11635528346628865,3,0.917121037712476
0.5,y,0.19392547244381442,0,0.11731223888013868
0.5,y,0.19392547244381442,1,0.27771986669928367
0.5,y,0.19392547244381442,2,0.7216396367415734
0.5,y,0.19392547244381442,3,0.8833282576790042
0.5,y,0.2714956614213402,0,0.1391123927100966
0.5,y,0.2714956614213402,1,0.33505951888459046
0.5,y,0.2714956614213402,2,0.6670693735631013
0.5,y,0.2714956614213402,3,0.8587587148422117
0.5,y,0.34906585039886595,0,0.11269728793460454
0.5,y,0.34906585039886595,1,0.21464962867354254
0.5,y,0.34906585039886595,2,0.7952007077639154
0.5,y,0.34906585039886595,3,0.8774523756279382
0.5,y,0.4266360393763917,0,0.1235207990735955
0.5,y,0.4266360393763917,1,0.3322886496218148
0.5,y,0.4266360393763917,2,0.672741764214114
0.5,y,0.4266360393763917,3,0.8714487870904752
0.5,y,0.5042062283539175,0,0.14625647797151442
0.5,y,0.5042062283539175,1,0.3253139481307181
0.5,y,0.5042062283539175,2,0.6725603472317687
0.5,y,0.5042062283539175,3,0.8558692266659987
0.5,y,0.5817764173314428,0,0.306284069491319
0.5,y,0.5817764173314428,1,0.45355736715147066
0.5,y,0.5817764173314428,2,0.5466355192142129
0.5,y,0.5817764173314428,3,0.6935230441429971
0.5,y,0.6593466063089686,0,0.18223152261758266
0.5,y,0.6593466063089686,1,0.30054614679816904
0.5,y,0.6593466063089686,2,0.7004777340680731
0.5,y,0.6593466063089686,3,0.8167445965161749
0.5,y,0.7369167952864943,0,0.14156350293640702
0.5,y,0.7369167952864943,1,0.29671850611690703
0.5,y,0.7369167952864943,2,0.7011909784917931
0.5,y,0.7369167952864943,3,0.860527012454893
0.5,y,0.8144869842640201,0,0.06780828465393773
0.5,y,0.8144869842640201,1,0.13964249810202928
0.5,y,0.8144869842640201,2,0.8643676690235835
0.5,y,0.8144869842640201,3,0.9281815482204501
0.5,y,0.8920571732415459,0,0.11285911679240891
0.5,y,0.8920571732415459,1,0.14964942338845003
0.5,y,0.8920571732415459,2,0.8382869475592726
0.5,y,0.8920571732415459,3,0.8992045122598687
0.5,y,0.9696273622190716,0,0.17892759745696826
0.5,y,0.9696273622190716,1,0.2321091206805985
0.5,y,0.9696273622190716,2,0.7530359006503993
0.5,y,0.9696273622190716,3,0.8359273812120338
0.5,y,1.0471975511965974,0,0.23481877851682673
0.5,y,1.0471975511965974,1,0.31286377222283757
0.5,y,1.0471975511965974,2,0.6585448515241986
0.5,y,1.0471975511965974,3,0.7937725977361372
0.5,y,1.1247677401741232,0,0.325275342586473
0.5,y,1.1247677401741232,1,0.4309308794489921
0.5,y,1.1247677401741232,2,0.5722736193618461
0.5,y,1.1247677401741232,3,0.6715201586026895
0.5,y,1.202337929151649,0,0.26929514111910613
0.5,y,1.202337929151649,1,0.38199472475109053
0.5,y,1.202337929151649,2,0.6302857544586442
0.5,y,1.202337929151649,3,0.7184243796711594
0.5,y,1.2799081181291747,0,0.2704198145742489
0.5,y,1.2799081181291747,1,0.32800265692767483
0.5,y,1.2799081181291747,2,0.672741446028789
0.5,y,1.2799081181291747,3,0.7288360824692872
0.5,y,1.3574783071067005,0,0.15157366532364683
0.5,y,1.3574783071067005,1,0.20509462348395066
0.5,y,1.3574783071067005,2,0.7868128853187497
0.5,y,1.3574783071067005,3,0.8565188258736531
0.5,y,1.4350484960842262,0,0.19316829975076005
0.5,y,1.4350484960842262,1,0.3101791509629767
0.5,y,1.4350484960842262,2,0.6809797885189626
0.5,y,1.4350484960842262,3,0.8156727607673002
0.5,y,1.512618685061752,0,0.10450793714052015
0.5,y,1.512618685061752,1,0.2810092668943752
0.5,y,1.512618685061752,2,0.7207423535801494
0.5,y,1.512618685061752,3,0.8937404423849552
0.5,y,1.5901888740392778,0,0.14263811489769992
0.5,y,1.5901888740392778,1,0.2836842573791527
0.5,y,1.5901888740392778,2,0.7019613086850521
0.5,y,1.5901888740392778,3,0.871716319038095
0.5,y,1.6677590630168035,0,0.301243520447814
0.5,y,1.6677590630168035,1,0.3606722360289153
0.5,y,1.6677590630168035,2,0.6448390403316275
0.5,y,1.6677590630168035,3,0.6932452031916438
0.5,y,1.7453292519943293,0,0.1582517130018935
0.5,y,1.7453292519943293,1,0.35095041319049713
0.5,y,1.7453292519943293,2,0.6535113672460539
0.5,y,1.7453292519943293,3,0.8372865065615558
0.5,y,1.822899440971855,0,0.13475413620153814
0.5,y,1.822899440971855,1,0.30360557231548924
0.5,y,1.822899440971855,2,0.6945478444809492
0.5,y,1.822899440971855,3,0.8670924470020229
0.5,y,1.9004696299493808,0,0.1491333382027073
0.5,y,1.9004696299493808,1,0.3461499034479846
0.5,y,1.9004696299493808,2,0.66054012900064
0.5,y,1.9004696299493808,3,0.8441766293486684
0.5,y,1.9780398189269066,0,0.26261065739958755
0.5,y,1.9780398189269066,1,0.44526527124952736
0.5,y,1.9780398189269066,2,0.5905256537059829
0.5,y,1.9780398189269066,3,0.7015984176449022
0.5,y,2.0556100079044324,0,0.1519603598073334
0.5,y,2.0556100079044324,1,0.17995653574073295
0.5,y,2.0556100079044324,2,0.7973375588203822
0.5,y,2.0556100079044324,3,0.8707455456315514
0.5,y,2.133180196881958,0,0.1580333535511029
0.5,y,2.133180196881958,1,0.28488486206303404
0.5,y,2.133180196881958,2,0.7227395660068353
0.5,y,2.133180196881958,3,0.8343422183790277
0.5,y,2.210750385859484,0,0.29805194062800305
0.5,y,2.210750385859484,1,0.42633390867801174
0.5,y,2.210750385859484,2,0.5937333542145731
0.5,y,2.210750385859484,3,0.6818807964794121
0.5,y,2.2883205748370097,0,0.15013495748269837
0.5,y,2.2883205748370097,1,0.16029896443451075
0.5,y,2.2883205748370097,2,0.8182311656836393
0.5,y,2.2883205748370097,3,0.871334912399151
0.5,y,2.3658907638145354,0,0.03941849141294205
0.5,y,2.3658907638145354,1,0.26268310390438554
0.5,y,2.3658907638145354,2,0.7391349991341516
0.5,y,2.3658907638145354,3,0.9587634055485202
0.5,y,2.443460952792061,0,0.11006535586410561
0.5,y,2.443460952792061,1,0.20484933414325904
0.5,y,2.443460952792061,2,0.7962465732010111
0.5,y,2.443460952792061,3,0.888838736791624
0.5,y,2.521031141769587,0,0.14460178257801293
0.5,y,2.521031141769587,1,0.2295730646319568
0.5,y,2.521031141769587,2,0.7505113102447434
0.5,y,2.521031141769587,3,0.8753138425452875
0.5,y,2.5986013307471127,0,0.18296377324279517
0.5,y,2.5986013307471127,1,0.28043905134659547
0.5,y,2.5986013307471127,2,0.7356245252820576
0.5,y,2.5986013307471127,3,0.8009726501285513
0.5,y,2.6761715197246385,0,0.21027783173476594
0.5,y,2.6761715197246385,1,0.2866275312373085
0.5,y,2.6761715197246385,2,0.714711095798335
0.5,y,2.6761715197246385,3,0.7883835412295899
0.5,y,2.7537417087021643,0,0.10143162222390588
0.5,y,2.7537417087021643,1,0.24168076829878044
0.5,y,2.7537417087021643,2,0.76926050966554
0.5,y,2.7537417087021643,3,0.887627099811773
0.5,y,2.83131189767969,0,0.19181621838880564
0.5,y,2.83131189767969,1,0.43435608899410705
0.5,y,2.83131189767969,2,0.5644647576455014
0.5,y,2.83131189767969,3,0.809362934971586
0.5,y,2.908882086657216,0,0.15417806715475327
0.5,y,2.908882086657216,1,0.2655924567388517
0.5,y,2.908882086657216,2,0.752720515805302
0.5,y,2.908882086657216,3,0.8275089603010927
0.5,y,2.9864522756347416,0,0.1354379682929289
0.5,y,2.9864522756347416,1,0.4181756385958926
0.5,y,2.9864522756347416,2,0.5827004875291443
0.5,y,2.9864522756347416,3,0.8636859055820341
0.5,y,3.0640224646122673,0,0.19553362355824438
0.5,y,3.0640224646122673,1,0.2548704394384991
0.5,y,3.0640224646122673,2,0.7445963543060188
0.5,y,3.0640224646122673,3,0.8049995826972381
0.6,x,-3.141592653589793,0,0.10143029238937443
0.6,x,-3.141592653589793,1,0.3540745903320067
0.6,x,-3.141592653589793,2,0.6490942446464203
0.6,x,-3.141592653589793,3,0.903887393455462
0.6,x,-3.0640224646122673,0,0.051520659596546434
0.6,x,-3.0640224646122673,1,0.1695518202872748
0.6,x,-3.0640224646122673,2,0.8220504793712172
0.6,x,-3.0640224646122673,3,0.9568770407449607
0.6,x,-2.9864522756347416,0,0.20759931024590597
0.6,x,-2.9864522756347416,1,0.24992831898528306
0.6,x,-2.9864522756347416,2,0.7165538013998012
0.6,x,-2.9864522756347416,3,0.8259185693690093
0.6,x,-2.908882086657216,0,0.1191121326583433
0.6,x,-2.908882086657216,1,0.29782026138235235
0.6,x,-2.908882086657216,2,0.7104086689405548
0.6,x,-2.908882086657216,3,0.8726589370187492
0.6,x,-2.83131189767969,0,0.16348813851214195
0.6,x,-2.83131189767969,1,0.26631476601746606
0.6,x,-2.83131189767969,2,0.7266039387457324
0.6,x,-2.83131189767969,3,0.8435931567246595
0.6,x,-2.7537417087021643,0,0.2131079790902587
0.6,x,-2.7537417087021643,1,0.29550274067781557
0.6,x,-2.7537417087021643,2,0.6931076525986705
0.6,x,-2.7537417087021643,3,0.7982816276332556
0.6,x,-2.6761715197246385,0,0.3069922177070156
0.6,x,-2.6761715197246385,1,0.4162938192838209
0.6,x,-2.6761715197246385,2,0.5721107139213246
0.6,x,-2.6761715197246385,3,0.704603249087839
0.6,x,-2.5986013307471127,0,0.1702109319500978
0.6,x,-2.5986013307471127,1,0.2996875723695568
0.6,x,-2.5986013307471127,2,0.6934461185415661
0.6,x,-2.5986013307471127,3,0.8366553771387789
0.6,x,-2.521031141769587,0,0.1770533601440229
0.6,x,-2.521031141769587,1,0.28045661785196796
0.6,x,-2.521031141769587,2,0.7160995638036313
0.6,x,-2.521031141769587,3,0.8263904582003782
0.6,x,-2.443460952792061,0,0.24877672352827856
0.6,x,-2.443460952792061,1,0.3468432364005949
0.6,x,-2.443460952792061,2,0.6640432304093091
0.6,x,-2.443460952792061,3,0.7403368096618173
0.6,x,-2.3658907638145354,0,0.23287185205054017
0.6,x,-2.3658907638145354,1,0.3343712812111532
0.6,x,-2.3658907638145354,2,0.6518914381639912
0.6,x,-2.3658907638145354,3,0.7808654285743158
0.6,x,-2.2883205748370097,0,0.20134747864217514
0.6,x,-2.2883205748370097,1,0.35513280203854497
0.6,x,-2.2883205748370097,2,0.6428357460461334
0.6,x,-2.2883205748370097,3,0.8006839732731464
0.6,x,-2.210750385859484,0,0.17996586802717224
0.6,x,-2.210750385859484,1,0.20494892752862728
0.6,x,-2.210750385859484,2,0.7971207319575631
0.6,x,-2.210750385859484,3,0.8179644724866373
0.6,x,-2.133180196881958,0,0.196637314931739
0.6,x,-2.133180196881958,1,0.24704834656484997
0.6,x,-2.133180196881958,2,0.7447254373895733
0.6,x,-2.133180196881958,3,0.8115889011138379
0.6,x,-2.0556100079044324,0,0.19550270143828988
0.6,x,-2.0556100079044324,1,0.26484690824006873
0.6,x,-2.0556100079044324,2,0.7293026157508055
0.6,x,-2.0556100079044324,3,0.8103477745708356
0.6,x,-1.9780398189269068,0,0.24755637646941792
0.6,x,-1.9780398189269068,1,0.30365259591899135
0.6,x,-1.9780398189269068,2,0.6758120189155794
0.6,x,-1.9780398189269068,3,0.772979008696012
0.6,x,-1.900469629949381,0,0.12332098938133337
0.6,x,-1.900469629949381,1,0.21657571875291046
0.6,x,-1.900469629949381,2,0.769636860048086
0.6,x,-1.900469629949381,3,0.8904664318176706
0.6,x,-1.8228994409718553,0,0.02138966741100981
0.6,x,-1.8228994409718553,1,0.23166543681447394
0.6,x,-1.8228994409718553,2,0.7607125630998393
0.6,x,-1.8228994409718553,3,0.9862323326746769
0.6,x,-1.7453292519943295,0,0.18814553138184567
0.6,x,-1.7453292519943295,1,0.3036460503194974
0.6,x,-1.7453292519943295,2,0.6793038328581988
0.6,x,-1.7453292519943295,3,0.8289045854404588
0.6,x,-1.6677590630168038,0,0.21906840405600117
0.6,x,-1.6677590630168038,1,0.3851634569895031
0.6,x,-1.6677590630168038,2,0.6072330742322394
0.6,x,-1.6677590630168038,3,0.7885350647222555
0.6,x,-1.590188874039278,0,0.18425250185717498
0.6,x,-1.590188874039278,1,0.3052658791682699
0.6,x,-1.590188874039278,2,0.6930822352325313
0.6,x,-1.590188874039278,3,0.8173993837420239
0.6,x,-1.5126186850617522,0,0.1223803320643825
0.6,x,-1.5126186850617522,1,0.2086698795101981
0.6,x,-1.5126186850617522,2,0.798256288968368
0.6,x,-1.5126186850617522,3,0.8706934994570517
0.6,x,-1.4350484960842265,0,0.1155990877928893
0.6,x,-1.4350484960842265,1,0.27055942366512625
0.6,x,-1.4350484960842265,2,0.7206616352020554
0.6,x,-1.4350484960842265,3,0.8931798533399291
0.6,x,-1.3574783071067007,0,0.23234293811190276
0.6,x,-1.3574783071067007,1,0.29539092366599307
0.6,x,-1.3574783071067007,2,0.6856364548902143
0.6,x,-1.3574783071067007,3,0.7866296833318898
0.6,x,-1.2799081181291752,0,0.2219659277484142
0.6,x,-1.2799081181291752,1,0.3109513731960834
0.6,x,-1.2799081181291752,2,0.7028852058174733
0.6,x,-1.2799081181291752,3,0.7641974932380293
0.6,x,-1.2023379291516494,0,0.21063895470274122
0.6,x,-1.2023379291516494,1,0.37196812475465585
0.6,x,-1.2023379291516494,2,0.6288737394764592
0.6,x,-1.2023379291516494,3,0.7885191810661432
0.6,x,-1.1247677401741236,0,0.22674508700118093
0.6,x,-1.1247677401741236,1,0.2696417200713004
0.6,x,-1.1247677401741236,2,0.7266416872585785
0.6,x,-1.1247677401741236,3,0.7769715056689407
0.6,x,-1.0471975511965979,0,0.17064338681151608
0.6,x,-1.0471975511965979,1,0.26117960959201203
0.6,x,-1.0471975511965979,2,0.7373786031885166
0.6,x,-1.0471975511965979,3,0.8307984004079556
0.6,x,-0.9696273622190721,0,0.19518726030610936
0.6,x,-0.9696273622190721,1,0.3110206559812226
0.6,x,-0.9696273622190721,2,0.6885886786941252
0.6,x,-0.9696273622190721,3,0.8052034050185433
0.6,x,-0.8920571732415463,0,0.14861235447303967
0.6,x,-0.8920571732415463,1,0.3403383223925152
0.6,x,-0.8920571732415463,2,0.6649419717709933
0.6,x,-0.8920571732415463,3,0.8461073513634513
0.6,x,-0.8144869842640206,0,0.1905546098238167
0.6,x,-0.8144869842640206,1,0.27824690229587423
0.6,x,-0.8144869842640206,2,0.7128656639606287
0.6,x,-0.8144869842640206,3,0.8183328239196803
0.6,x,-0.7369167952864948,0,0.09920021083950839
0.6,x,-0.7369167952864948,1,0.27665480980212187
0.6,x,-0.7369167952864948,2,0.732368293394206
0.6,x,-0.7369167952864948,3,0.891776685964164
0.6,x,-0.659346606308969,0,0.218960785742091
0.6,x,-0.659346606308969,1,0.2871259145633036
0.6,x,-0.659346606308969,2,0.7108056103888593
0.6,x,-0.659346606308969,3,0.783107689305746
0.6,x,-0.5817764173314433,0,0.34394600618160115
0.6,x,-0.5817764173314433,1,0.3507318639876081
0.6,x,-0.5817764173314433,2,0.630567787208954
0.6,x,-0.5817764173314433,3,0.6747543426218364
0.6,x,-0.5042062283539175,0,0.23971067657754966
0.6,x,-0.5042062283539175,1,0.24769816826823252
0.6,x,-0.5042062283539175,2,0.7298402535354467
0.6,x,-0.5042062283539175,3,0.7827509016187715
0.6,x,-0.4266360393763917,0,0.09136206404735163
0.6,x,-0.4266360393763917,1,0.1971923020505946
0.6,x,-0.4266360393763917,2,0.8010044601539517
0.6,x,-0.4266360393763917,3,0.9104411737481017
0.6,x,-0.34906585039886595,0,0.38053967318558146
0.6,x,-0.34906585039886595,1,0.4237606351980151
0.6,x,-0.34906585039886595,2,0.5734670832711952
0.6,x,-0.34906585039886595,3,0.6222326083452083
0.6,x,-0.2714956614213402,0,0.17235821222906297
0.6,x,-0.2714956614213402,1,0.270160455174068
0.6,x,-0.2714956614213402,2,0.7216019534360169
0.6,x,-0.2714956614213402,3,0.8358793791608525
0.6,x,-0.19392547244381442,0,0.29233719703957195
0.6,x,-0.19392547244381442,1,0.33905815904579406
0.6,x,-0.19392547244381442,2,0.6599006633327487
0.6,x,-0.19392547244381442,3,0.7087039805818857
0.6,x,-0.11635528346628865,0,0.2313982292004811
0.6,x,-0.11635528346628865,1,0.2615396158687354
0.6,x,-0.11635528346628865,2,0.7313507595013606
0.6,x,-0.11635528346628865,3,0.7757113954294222
0.6,x,-0.03878509448876288,0,0.2391805688668252
0.6,x,-0.03878509448876288,1,0.2678513695949698
0.6,x,-0.03878509448876288,2,0.7315408949486404
0.6,x,-0.03878509448876288,3,0.7614271665895649
0.6,x,0.03878509448876288,0,0.2422112770386177
0.6,x,0.03878509448876288,1,0.40447851808259844
0.6,x,0.03878509448876288,2,0.5969374177679714
0.6,x,0.03878509448876288,3,0.7563727871108125
0.6,x,0.11635528346628865,0,0.20221682785486184
0.6,x,0.11635528346628865,1,0.2649978750886295
0.6,x,0.11635528346628865,2,0.7398021463006466
0.6,x,0.11635528346628865,3,0.7929831507558617
0.6,x,0.19392547244381442,0,0.16852955686146542
0.6,x,0.19392547244381442,1,0.21749217433434756
0.6,x,0.19392547244381442,2,0.7829979591205154
0.6,x,0.19392547244381442,3,0.8309803096836716
0.6,x,0.2714956614213402,0,0.1024527839673508
0.6,x,0.2714956614213402,1,0.14050104245598716
0.6,x,0.2714956614213402,2,0.8677493303138378
0.6,x,0.2714956614213402,3,0.8892968432628247
0.6,x,0.34906585039886595,0,0.11837918229151217
0.6,x,0.34906585039886595,1,0.22491683416898856
0.6,x,0.34906585039886595,2,0.7749566077291721
0.6,x,0.34906585039886595,3,0.8817473758103271
0.6,x,0.4266360393763917,0,0.2289814451554352
0.6,x,0.4266360393763917,1,0.36724636706528246
0.6,x,0.4266360393763917,2,0.6303372597398269
0.6,x,0.4266360393763917,3,0.7734349280394559
0.6,x,0.5042062283539175,0,0.07225378041846539
0.6,x,0.5042062283539175,1,0.16712989835581643
0.6,x,0.5042062283539175,2,0.82965696164258
0.6,x,0.5042062283539175,3,0.9309593595831385
0.6,x,0.5817764173314428,0,0.11689830585707417
0.6,x,0.5817764173314428,1,0.3415937919468964
0.6,x,0.5817764173314428,2,0.6608603276585815
0.6,x,0.5817764173314428,3,0.8806475745374476
0.6,x,0.6593466063089686,0,0.2085112974864779
0.6,x,0.6593466063089686,1,0.27706486348362125
0.6,x,0.6593466063089686,2,0.7280413689887508
0.6,x,0.6593466063089686,3,0.7863824700411501
0.6,x,0.7369167952864943,0,0.24865647969007895
0.6,x,0.7369167952864943,1,0.2845493510070677
0.6,x,0.7369167952864943,2,0.710878891249294
0.6,x,0.7369167952864943,3,0.7559152780535602
0.6,x,0.8144869842640201,0,0.1923476357293669
0.6,x,0.8144869842640201,1,0.3920909498467044
0.6,x,0.8144869842640201,2,0.6122022344045699
0.6,x,0.8144869842640201,3,0.8033591800193587
0.6,x,0.8920571732415459,0,0.2264617142994473
0.6,x,0.8920571732415459,1,0.3458675275506218
0.6,x,0.8920571732415459,2,0.6510314238936659
0.6,x,0.8920571732415459,3,0.7766393342562652
0.6,x,0.9696273622190716,0,0.17143633270416053
0.6,x,0.9696273622190716,1,0.28505872671149807
0.6,x,0.9696273622190716,2,0.7235430994957706
0.6,x,0.9696273622190716,3,0.8199618410885711
0.6,x,1.0471975511965974,0,0.12439835551998776
0.6,x,1.0471975511965974,1,0.3145209234704632
0.6,x,1.0471975511965974,2,0.6842820639645357
0.6,x,1.0471975511965974,3,0.8767986570450134
0.6,x,1.1247677401741232,0,0.18767028513204764
0.6,x,1.1247677401741232,1,0.29836163622157374
0.6,x,1.1247677401741232,2,0.706735261725442
0.6,x,1.1247677401741232,3,0.8072328169209364
0.6,x,1.202337929151649,0,0.19474644193951515
0.6,x,1.202337929151649,1,0.31600415133548093
0.6,x,1.202337929151649,2,0.6735542949491662
0.6,x,1.202337929151649,3,0.8156951117758371
0.6,x,1.2799081181291747,0,0.13891700730903284
0.6,x,1.2799081181291747,1,0.24436851645059174
0.6,x,1.2799081181291747,2,0.7585963708868316
0.6,x,1.2799081181291747,3,0.8581181053535437
0.6,x,1.3574783071067005,0,0.23544082649662518
0.6,x,1.3574783071067005,1,0.39500065535104434
0.6,x,1.3574783071067005,2,0.5999866201038122
0.6,x,1.3574783071067005,3,0.769571898048518
0.6,x,1.4350484960842262,0,0.16552718358628726
0.6,x,1.4350484960842262,1,0.38019661482428846
0.6,x,1.4350484960842262,2,0.6096865394127373
0.6,x,1.4350484960842262,3,0.8445896621766866
0.6,x,1.512618685061752,0,0.2823544344743339
0.6,x,1.512618685061752,1,0.3786085154634105
0.6,x,1.512618685061752,2,0.6284937789033828
0.6,x,1.512618685061752,3,0.7105432711588722
0.6,x,1.5901888740392778,0,0.15010843147905922
0.6,x,1.5901888740392778,1,0.3782326899063837
0.6,x,1.5901888740392778,2,0.619085336628322
0.6,x,1.5901888740392778,3,0.8525735419862347
0.6,x,1.6677590630168035,0,0.2361018937655132
0.6,x,1.6677590630168035,1,0.34170558983296506
0.6,x,1.6677590630168035,2,0.6591370616306993
0.6,x,1.6677590630168035,3,0.7630554547708231
0.6,x,1.7453292519943293,0,0.3197593760348251
0.6,x,1.7453292519943293,1,0.43500424210325167
0.6,x,1.7453292519943293,2,0.5716524060317167
0.6,x,1.7453292519943293,3,0.6735839758302068
0.6,x,1.822899440971855,0,0.16105196597894209
0.6,x,1.822899440971855,1,0.28159363058620684
0.6,x,1.822899440971855,2,0.7197344458736266
0.6,x,1.822899440971855,3,0.837619957561224
0.6,x,1.9004696299493808,0,0.26963167744478067
0.6,x,1.9004696299493808,1,0.34800236744026675
0.6,x,1.9004696299493808,2,0.6551708467886321
0.6,x,1.9004696299493808,3,0.7271951083263206
0.6,x,1.9780398189269066,0,0.16992019973295935
0.6,x,1.9780398189269066,1,0.370126997422799
0.6,x,1.9780398189269066,2,0.6562365956975341
0.6,x,1.9780398189269066,3,0.8037162071467073
0.6,x,2.0556100079044324,0,0.1226339303993026
0.6,x,2.0556100079044324,1,0.24960348360516973
0.6,x,2.0556100079044324,2,0.7365919647416048
0.6,x,2.0556100079044324,3,0.8911706212539234
0.6,x,2.133180196881958,0,0.25496626111223375
0.6,x,2.133180196881958,1,0.3429023793602901
0.6,x,2.133180196881958,2,0.6500501033382637
0.6,x,2.133180196881958,3,0.752081256189213
0.6,x,2.210750385859484,0,0.30761058954344406
0.6,x,2.210750385859484,1,0.40767465592544094
0.6,x,2.210750385859484,2,0.6040833014594933
0.6,x,2.210750385859484,3,0.6806314530716222
0.6,x,2.2883205748370097,0,0.17264285514293579
0.6,x,2.2883205748370097,1,0.24235481795312278
0.6,x,2.2883205748370097,2,0.7339645308459288
0.6,x,2.2883205748370097,3,0.8510377960580133
0.6,x,2.3658907638145354,0,0.2500498537661576
0.6,x,2.3658907638145354,1,0.3137907070451819
0.6,x,2.3658907638145354,2,0.6958480007591112
0.6,x,2.3658907638145354,3,0.7403114384295496
0.6,x,2.443460952792061,0,0.26880721144044245
0.6,x,2.443460952792061,1,0.32254095259379545
0.6,x,2.443460952792061,2,0.6571314198835521
0.6,x,2.443460952792061,3,0.7515204160822092
0.6,x,2.521031141769587,0,0.12151624737872335
0.6,x,2.521031141769587,1,0.1785305027737764
0.6,x,2.521031141769587,2,0.832373958585257
0.6,x,2.521031141769587,3,0.8675792912622435
0.6,x,2.5986013307471127,0,0.06183478030117983
0.6,x,2.5986013307471127,1,0.27056859446170667
0.6,x,2.5986013307471127,2,0.7520754512780049
0.6,x,2.5986013307471127,3,0.9155211739591083
0.6,x,2.6761715197246385,0,0.1857014853962542
0.6,x,2.6761715197246385,1,0.2659824564082027
0.6,x,2.6761715197246385,2,0.7488516466612274
0.6,x,2.6761715197246385,3,0.799464411534316
0.6,x,2.7537417087021643,0,0.16204936818760138
0.6,x,2.7537417087021643,1,0.29982741822022085
0.6,x,2.7537417087021643,2,0.746956793862351
0.6,x,2.7537417087021643,3,0.791166419729827
0.6,x,2.83131189767969,0,0.15079591505016396
0.6,x,2.83131189767969,1,0.3856964056489421
0.6,x,2.83131189767969,2,0.6124272122586094
0.6,x,2.83131189767969,3,0.851080467042284
0.6,x,2.908882086657216,0,0.35454983582013727
0.6,x,2.908882086657216,1,0.43282433637955614
0.6,x,2.908882086657216,2,0.5495083140820203
0.6,x,2.908882086657216,3,0.6631175137182859
0.6,x,2.9864522756347416,0,0.09438139647086285
0.6,x,2.9864522756347416,1,0.37424801440921057
0.6,x,2.9864522756347416,2,0.6216230054220178
0.6,x,2.9864522756347416,3,0.9097475836979089
0.6,x,3.0640224646122673,0,0.1340025685251198
0.6,x,3.0640224646122673,1,0.24615387733065586
0.6,x,3.0640224646122673,2,0.7478731762576748
0.6,x,3.0640224646122673,3,0.8719703778865503
0.6,y,-3.141592653589793,0,0.2819738682878445
0.6,y,-3.141592653589793,1,0.5115285741201931
0.6,y,-3.141592653589793,2,0.7031781577186069
0.6,y,-3.141592653589793,3,0.8173726382235896
0.6,y,-3.0640224646122673,0,0.175938209588042
0.6,y,-3.0640224646122673,1,0.2099628973561558
0.6,y,-3.0640224646122673,2,0.7786709962611925
0.6,y,-3.0640224646122673,3,0.8354278967946099
0.6,y,-2.9864522756347416,0,0.14634016438999667
0.6,y,-2.9864522756347416,1,0.2555566907881288
0.6,y,-2.9864522756347416,2,0.7596867620259138
0.6,y,-2.9864522756347416,3,0.8384163827959609
0.6,y,-2.908882086657216,0,0.06849408520837624
0.6,y,-2.908882086657216,1,0.3863004983775646
0.6,y,-2.908882086657216,2,0.6089487138557297
0.6,y,-2.908882086657216,3,0.9362567025583294
0.6,y,-2.83131189767969,0,0.23794770468464713
0.6,y,-2.83131189767969,1,0.3479125675658877
0.6,y,-2.83131189767969,2,0.6584786998842038
0.6,y,-2.83131189767969,3,0.755661027865261
0.6,y,-2.7537417087021643,0,0.18426101138746936
0.6,y,-2.7537417087021643,1,0.3969231088538096
0.6,y,-2.7537417087021643,2,0.5981168230228511
0.6,y,-2.7537417087021643,3,0.8206990567358702
0.6,y,-2.6761715197246385,0,0.260630981916574
0.6,y,-2.6761715197246385,1,0.2994939593796038
0.6,y,-2.6761715197246385,2,0.6665672375808613
0.6,y,-2.6761715197246385,3,0.7733078211229606
0.6,y,-2.5986013307471127,0,0.12499762894361634
0.6,y,-2.5986013307471127,1,0.29218299808559467
0.6,y,-2.5986013307471127,2,0.7031320624659112
0.6,y,-2.5986013307471127,3,0.8796873105048778
0.6,y,-2.521031141769587,0,0.2236931023436761
0.6,y,-2.521031141769587,1,0.3072441220932503
0.6,y,-2.521031141769587,2,0.6891713576006817
0.6,y,-2.521031141769587,3,0.7798914179623916
0.6,y,-2.443460952792061,0,0.21743758771297098
0.6,y,-2.443460952792061,1,0.357566640143492
0.6,y,-2.443460952792061,2,0.6497532364691816
0.6,y,-2.443460952792061,3,0.7752425356743551
0.6,y,-2.3658907638145354,0,0.12064525883457433
0.6,y,-2.3658907638145354,1,0.2506132542881278
0.6,y,-2.3658907638145354,2,0.7637580949706679
0.6,y,-2.3658907638145354,3,0.8649833919066301
0.6,y,-2.2883205748370097,0,0.09756097808290157
0.6,y,-2.2883205748370097,1,0.28893986566533864
0.6,y,-2.2883205748370097,2,0.7042245495615895
0.6,y,-2.2883205748370097,3,0.9092746066901704
0.6,y,-2.210750385859484,0,0.1566082963349422
0.6,y,-2.210750385859484,1,0.2959094531685344
0.6,y,-2.210750385859484,2,0.713280901691471
0.6,y,-2.210750385859484,3,0.834201348805052
0.6,y,-2.133180196881958,0,0.26587625797973563
0.6,y,-2.133180196881958,1,0.3387597039992368
0.6,y,-2.133180196881958,2,0.6806286183755591
0.6,y,-2.133180196881958,3,0.7147354196454685
0.6,y,-2.0556100079044324,0,0.31262519451948584
0.6,y,-2.0556100079044324,1,0.3963564078751338
0.6,y,-2.0556100079044324,2,0.6077085357538949
0.6,y,-2.0556100079044324,3,0.683309861851485
0.6,y,-1.9780398189269068,0,0.1868351165204223
0.6,y,-1.9780398189269068,1,0.20536316083899747
0.6,y,-1.9780398189269068,2,0.760317933126421
0.6,y,-1.9780398189269068,3,0.8474837895141588
0.6,y,-1.900469629949381,0,0.26751343131223937
0.6,y,-1.900469629949381,1,0.45675195284571446
0.6,y,-1.900469629949381,2,0.5499827042144108
0.6,y,-1.900469629949381,3,0.7257519116276359
0.6,y,-1.8228994409718553,0,0.0796856515236689
0.6,y,-1.8228994409718553,1,0.24598247543469529
0.6,y,-1.8228994409718553,2,0.7380933882935703
0.6,y,-1.8228994409718553,3,0.936238484748066
0.6,y,-1.7453292519943295,0,0.12322947363729883
0.6,y,-1.7453292519943295,1,0.22799029451165465
0.6,y,-1.7453292519943295,2,0.7659839852514255
0.6,y,-1.7453292519943295,3,0.8827962465996213
0.6,y,-1.6677590630168038,0,0.15530542553470014
0.6,y,-1.6677590630168038,1,0.2154452806226298
0.6,y,-1.6677590630168038,2,0.7804806149758239
0.6,y,-1.6677590630168038,3,0.8487686788668465
0.6,y,-1.590188874039278,0,0.22908585929271985
0.6,y,-1.590188874039278,1,0.30032015319131616
0.6,y,-1.590188874039278,2,0.7172547907391078
0.6,y,-1.590188874039278,3,0.7533391967768556
0.6,y,-1.5126186850617522,0,0.10605291377987824
0.6,y,-1.5126186850617522,1,0.12856937305269514
0.6,y,-1.5126186850617522,2,0.8368917733538207
0.6,y,-1.5126186850617522,3,0.9284859398136058
0.6,y,-1.4350484960842265,0,0.20754873331868792
0.6,y,-1.4350484960842265,1,0.3006754921443863
0.6,y,-1.4350484960842265,2,0.6999616374165367
0.6,y,-1.4350484960842265,3,0.7918141371203896
0.6,y,-1.3574783071067007,0,0.3018941713514245
0.6,y,-1.3574783071067007,1,0.33398410133403605
0.6,y,-1.3574783071067007,2,0.6714470726060396
0.6,y,-1.3574783071067007,3,0.6926746547084999
0.6,y,-1.2799081181291752,0,0.22576366107104762
0.6,y,-1.2799081181291752,1,0.3666587698772816
0.6,y,-1.2799081181291752,2,0.6333837775636192
0.6,y,-1.2799081181291752,3,0.7741937914880515
0.6,y,-1.2023379291516494,0,0.1006256472397414
0.6,y,-1.2023379291516494,1,0.24372197387996178
0.6,y,-1.2023379291516494,2,0.7808591706689916
0.6,y,-1.2023379291516494,3,0.8747932082113055
0.6,y,-1.1247677401741236,0,0.2219941365975276
0.6,y,-1.1247677401741236,1,0.3614062067315965
0.6,y,-1.1247677401741236,2,0.6272314591030137
0.6,y,-1.1247677401741236,3,0.7893681975678621
0.6,y,-1.0471975511965979,0,0.2881151158198175
0.6,y,-1.0471975511965979,1,0.35030998903104954
0.6,y,-1.0471975511965979,2,0.649227032982717
0.6,y,-1.0471975511965979,3,0.7123478621664154
0.6,y,-0.9696273622190721,0,0.12134438379790083
0.6,y,-0.9696273622190721,1,0.31710196725858897
0.6,y,-0.9696273622190721,2,0.683922742409498
0.6,y,-0.9696273622190721,3,0.8776309065340122
0.6,y,-0.8920571732415463,0,0.246699300685673
0.6,y,-0.8920571732415463,1,0.35114564004193766
0.6,y,-0.8920571732415463,2,0.650129303132363
0.6,y,-0.8920571732415463,3,0.7520257561400265
0.6,y,-0.8144869842640206,0,0.12765083092858504
0.6,y,-0.8144869842640206,1,0.24644997340487573
0.6,y,-0.8144869842640206,2,0.7640703513407271
0.6,y,-0.8144869842640206,3,0.8618288443258113
0.6,y,-0.7369167952864948,0,0.148784277644368
0.6,y,-0.7369167952864948,1,0.3011964234183395
0.6,y,-0.7369167952864948,2,0.6969848057906685
0.6,y,-0.7369167952864948,3,0.8530344931466234
0.6,y,-0.659346606308969,0,0.12193429750882918
0.6,y,-0.659346606308969,1,0.3400718429698723
0.6,y,-0.659346606308969,2,0.6622226307709391
0.6,y,-0.659346606308969,3,0.8757712287503595
0.6,y,-0.5817764173314433,0,0.15282455269871065
0.6,y,-0.5817764173314433,1,0.34368597018145747
0.6,y,-0.5817764173314433,2,0.6625722350877805
0.6,y,-0.5817764173314433,3,0.8409172420320512
0.6,y,-0.5042062283539175,0,0.18758795248441554
0.6,y,-0.5042062283539175,1,0.3445309291660865
0.6,y,-0.5042062283539175,2,0.652099443319235
0.6,y,-0.5042062283539175,3,0.8157816750302629
0.6,y,-0.4266360393763917,0,0.22425196648746687
0.6,y,-0.4266360393763917,1,0.3078358355552445
0.6,y,-0.4266360393763917,2,0.701945550868398
0.6,y,-0.4266360393763917,3,0.76596664708889
0.6,y,-0.34906585039886595,0,0.2859513160919424
0.6,y,-0.34906585039886595,1,0.3595917787736559
0.6,y,-0.34906585039886595,2,0.6402810069187994
0.6,y,-0.34906585039886595,3,0.7141758982156029
0.6,y,-0.2714956614213402,0,0.2083000123437965
0.6,y,-0.2714956614213402,1,0.24324379172552882
0.6,y,-0.2714956614213402,2,0.7578510619173477
0.6,y,-0.2714956614213402,3,0.7906051340133272
0.6,y,-0.19392547244381442,0,0.225836971297226
0.6,y,-0.19392547244381442,1,0.2745561496057986
0.6,y,-0.19392547244381442,2,0.717172391229461
0.6,y,-0.19392547244381442,3,0.7824344878675145
0.6,y,-0.11635528346628865,0,0.08966891649333257
0.6,y,-0.11635528346628865,1,0.12199601476225326
0.6,y,-0.11635528346628865,2,0.8640822977941873
0.6,y,-0.11635528346628865,3,0.9242527709502271
0.6,y,-0.03878509448876288,0,0.2585449728494275
0.6,y,-0.03878509448876288,1,0.31385905926684665
0.6,y,-0.03878509448876288,2,0.6855245577041715
0.6,y,-0.03878509448876288,3,0.7420714101795549
0.6,y,0.03878509448876288,0,0.17254040165023024
0.6,y,0.03878509448876288,1,0.21939907298179265
0.6,y,0.03878509448876288,2,0.7760047457868285
0.6,y,0.03878509448876288,3,0.8320557795811481
0.6,y,0.11635528346628865,0,0.28506640001099165
0.6,y,0.11635528346628865,1,0.3550702678143353
0.6,y,0.11635528346628865,2,0.6412824708785698
0.6,y,0.11635528346628865,3,0.7185808612961037
0.6,y,0.19392547244381442,0,0.1880025648417992
0.6,y,0.19392547244381442,1,0.3166612579354436
0.6,y,0.19392547244381442,2,0.6835946238208492
0.6,y,0.19392547244381442,3,0.8117415534019078
0.6,y,0.2714956614213402,0,0.1776740144864966
0.6,y,0.2714956614213402,1,0.3736588280431186
0.6,y,0.2714956614213402,2,0.6305131876329346
0.6,y,0.2714956614213402,3,0.8181539698374509
0.6,y,0.34906585039886595,0,0.19614643408127092
0.6,y,0.34906585039886595,1,0.2684697236689754
0.6,y,0.34906585039886595,2,0.7296431296769739
0.6,y,0.34906585039886595,3,0.8057407125727797
0.6,y,0.4266360393763917,0,0.14352489973259824
0.6,y,0.4266360393763917,1,0.16147853387062924
0.6,y,0.4266360393763917,2,0.8418307187372782
0.6,y,0.4266360393763917,3,0.8531658476594943
0.6,y,0.5042062283539175,0,0.1516488157430024
0.6,y,0.5042062283539175,1,0.3859633761323417
0.6,y,0.5042062283539175,2,0.614956303525587
0.6,y,0.5042062283539175,3,0.8474315045990682
0.6,y,0.5817764173314428,0,0.18989377347527786
0.6,y,0.5817764173314428,1,0.27709079082771987
0.6,y,0.5817764173314428,2,0.7201427178282467
0.6,y,0.5817764173314428,3,0.8128727178687564
0.6,y,0.6593466063089686,0,0.24596374573524904
0.6,y,0.6593466063089686,1,0.377065724930292
0.6,y,0.6593466063089686,2,0.6212530854302906
0.6,y,0.6593466063089686,3,0.7557174439041685
0.6,y,0.7369167952864943,0,0.11331658978463455
0.6,y,0.7369167952864943,1,0.1794673084622742
0.6,y,0.7369167952864943,2,0.8211899845820884
0.6,y,0.7369167952864943,3,0.8860261171710031
0.6,y,0.8144869842640201,0,0.26863847760467724
0.6,y,0.8144869842640201,1,0.29328578515663467
0.6,y,0.8144869842640201,2,0.6971515903976974
0.6,y,0.8144869842640201,3,0.7409241468409906
0.6,y,0.8920571732415459,0,0.17816603290799315
0.6,y,0.8920571732415459,1,0.23254215436269074
0.6,y,0.8920571732415459,2,0.753124643745485
0.6,y,0.8920571732415459,3,0.8361671689838311
0.6,y,0.9696273622190716,0,0.15509282430184165
0.6,y,0.9696273622190716,1,0.2834271358724145
0.6,y,0.9696273622190716,2,0.7081563734824199
0.6,y,0.9696273622190716,3,0.853323666343324
0.6,y,1.0471975511965974,0,0.1993296584922335
0.6,y,1.0471975511965974,1,0.33596923852237826
0.6,y,1.0471975511965974,2,0.6578679542445149
0.6,y,1.0471975511965974,3,0.8068331487408729
0.6,y,1.1247677401741232,0,0.10028155959244033
0.6,y,1.1247677401741232,1,0.19420087344396283
0.6,y,1.1247677401741232,2,0.8062760192004585
0.6,y,1.1247677401741232,3,0.8992415477631382
0.6,y,1.202337929151649,0,0.1695104112563023
0.6,y,1.202337929151649,1,0.2358176612564265
0.6,y,1.202337929151649,2,0.7766558671612835
0.6,y,1.202337929151649,3,0.818016060325988
0.6,y,1.2799081181291747,0,0.1564693334514754
0.6,y,1.2799081181291747,1,0.24129009432134105
0.6,y,1.2799081181291747,2,0.751300357141786
0.6,y,1.2799081181291747,3,0.8509402150853976
0.6,y,1.3574783071067005,0,0.1509129217224463
0.6,y,1.3574783071067005,1,0.20538008347313919
0.6,y,1.3574783071067005,2,0.7908880708003347
0.6,y,1.3574783071067005,3,0.85281892400408
0.6,y,1.4350484960842262,0,0.09129047734437105
0.6,y,1.4350484960842262,1,0.475635797354063
0.6,y,1.4350484960842262,2,0.525606914185202
0.6,y,1.4350484960842262,3,0.9074668111163638
0.6,y,1.512618685061752,0,0.21352517277678315
0.6,y,1.512618685061752,1,0.29154977071193877
0.6,y,1.512618685061752,2,0.7213879054014181
0.6,y,1.512618685061752,3,0.7735371511098602
0.6,y,1.5901888740392778,0,0.19737853148629547
0.6,y,1.5901888740392778,1,0.41477122568525954
0.6,y,1.5901888740392778,2,0.5943531932501763
0.6,y,1.5901888740392778,3,0.7934970495782686
0.6,y,1.6677590630168035,0,0.3071650385511596
0.6,y,1.6677590630168035,1,0.3575972176507471
0.6,y,1.6677590630168035,2,0.6300662812971272
0.6,y,1.6677590630168035,3,0.7051714625009657
0.6,y,1.7453292519943293,0,0.18619798424389603
0.6,y,1.7453292519943293,1,0.30442255664512013
0.6,y,1.7453292519943293,2,0.7106054821696037
0.6,y,1.7453292519943293,3,0.7987739769413796
0.6,y,1.822899440971855,0,0.18327448087304762
0.6,y,1.822899440971855,1,0.30269896856456596
0.6,y,1.822899440971855,2,0.6839638820924622
0.6,y,1.822899440971855,3,0.8300626684699242
0.6,y,1.9004696299493808,0,0.13726458786088103
0.6,y,1.9004696299493808,1,0.2632507814830268
0.6,y,1.9004696299493808,2,0.728960619561752
0.6,y,1.9004696299493808,3,0.8705240110943406
0.6,y,1.9780398189269066,0,0.12149050406994154
0.6,y,1.9780398189269066,1,0.16335077539883075
0.6,y,1.9780398189269066,2,0.832935895349987
0.6,y,1.9780398189269066,3,0.8822228251812411
0.6,y,2.0556100079044324,0,0.14919779850312184
0.6,y,2.0556100079044324,1,0.25986841726208665
0.6,y,2.0556100079044324,2,0.7346913170929381
0.6,y,2.0556100079044324,3,0.856242467141854
0.6,y,2.133180196881958,0,0.2216144880809551
0.6,y,2.133180196881958,1,0.43676615698196536
0.6,y,2.133180196881958,2,0.5671584673537624
0.6,y,2.133180196881958,3,0.774460887583317
0.6,y,2.210750385859484,0,0.2214776359569505
0.6,y,2.210750385859484,1,0.3753617437952183
0.6,y,2.210750385859484,2,0.6185900373969528
0.6,y,2.210750385859484,3,0.7845705828508782
0.6,y,2.2883205748370097,0,0.18737229916392806
0.6,y,2.2883205748370097,1,0.22969367233151314
0.6,y,2.2883205748370097,2,0.775799015891882
0.6,y,2.2883205748370097,3,0.8071350126126766
0.6,y,2.3658907638145354,0,0.1146639039311807
0.6,y,2.3658907638145354,1,0.4232031570122375
0.6,y,2.3658907638145354,2,0.5872666484421158
0.6,y,2.3658907638145354,3,0.8748662906144655
0.6,y,2.443460952792061,0,0.3651365687320778
0.6,y,2.443460952792061,1,0.388553126067676
0.6,y,2.443460952792061,2,0.5953524568051847
0.6,y,2.443460952792061,3,0.6509578483950615
0.6,y,2.521031141769587,0,0.1541753320751851
0.6,y,2.521031141769587,1,0.25354871884547703
0.6,y,2.521031141769587,2,0.7458649026637332
0.6,y,2.521031141769587,3,0.8464110464156052
0.6,y,2.5986013307471127,0,0.3710263806957788
0.6,y,2.5986013307471127,1,0.3869868091770832
0.6,y,2.5986013307471127,2,0.6027104923792019
0.6,y,2.5986013307471127,3,0.6392763177479365
0.6,y,2.6761715197246385,0,0.15181693768278218
0.6,y,2.6761715197246385,1,0.2708148059679692
0.6,y,2.6761715197246385,2,0.7306250419189669
0.6,y,2.6761715197246385,3,0.8467432144302819
0.6,y,2.7537417087021643,0,0.2584808156720179
0.6,y,2.7537417087021643,1,0.36360337780578683
0.6,y,2.7537417087021643,2,0.6363213238408851
0.6,y,2.7537417087021643,3,0.7415944826813098
0.6,y,2.83131189767969,0,0.1516546813510301
0.6,y,2.83131189767969,1,0.2752989840955944
0.6,y,2.83131189767969,2,0.7263370984563188
0.6,y,2.83131189767969,3,0.8467092360970568
0.6,y,2.908882086657216,0,0.25249653276504946
0.6,y,2.908882086657216,1,0.32278512418655964
0.6,y,2.908882086657216,2,0.658411094187833
0.6,y,2.908882086657216,3,0.7663072488605572
0.6,y,2.9864522756347416,0,0.24790128471305337
0.6,y,2.9864522756347416,1,0.29793089553742425
0.6,y,2.9864522756347416,2,0.7103480949592695
0.6,y,2.9864522756347416,3,0.7438197247902528
0.6,y,3.0640224646122673,0,0.07804459067336383
0.6,y,3.0640224646122673,1,0.19563310050839958
0.6,y,3.0640224646122673,2,0.8228837486792487
0.6,y,3.0640224646122673,3,0.9034385601389875
0.7,x,-3.141592653589793,0,0.20751373375924145
0.7,x,-3.141592653589793,1,0.35408706847534577
0.7,x,-3.141592653589793,2,0.6361049693444389
0.7,x,-3.141592653589793,3,0.8022942284209735
0.7,x,-3.0640224646122673,0,0.1694179525570169
0.7,x,-3.0640224646122673,1,0.33963940899595646
0.7,x,-3.0640224646122673,2,0.6437674249417541
0.7,x,-3.0640224646122673,3,0.8471752135052726
0.7,x,-2.9864522756347416,0,0.20310122968859348
0.7,x,-2.9864522756347416,1,0.3435905602744115
0.7,x,-2.9864522756347416,2,0.6620490032812806
0.7,x,-2.9864522756347416,3,0.7912592067557147
0.7,x,-2.908882086657216,0,0.15360655503312926
0.7,x,-2.908882086657216,1,0.26780160148138243
0.7,x,-2.908882086657216,2,0.7443460415500207
0.7,x,-2.908882086657216,3,0.8342458019354677
0.7,x,-2.83131189767969,0,0.1018939478241883
0.7,x,-2.83131189767969,1,0.17509635550018687
0.7,x,-2.83131189767969,2,0.8131466074150621
0.7,x,-2.83131189767969,3,0.9098630892605627
0.7,x,-2.7537417087021643,0,0.17458493236316153
0.7,x,-2.7537417087021643,1,0.39099430141650865
0.7,x,-2.7537417087021643,2,0.6026310183637504
0.7,x,-2.7537417087021643,3,0.8317897478565793
0.7,x,-2.6761715197246385,0,0.14130782744574058
0.7,x,-2.6761715197246385,1,0.28297413063857974
0.7,x,-2.6761715197246385,2,0.7194817962130144
0.7,x,-2.6761715197246385,3,0.8562362457026649
0.7,x,-2.5986013307471127,0,0.19405384013656424
0.7,x,-2.5986013307471127,1,0.3350594880921602
0.7,x,-2.5986013307471127,2,0.679171379953911
0.7,x,-2.5986013307471127,3,0.7917152918173653
0.7,x,-2.521031141769587,0,0.10801793087043911
0.7,x,-2.521031141769587,1,0.16905299069519278
0.7,x,-2.521031141769587,2,0.8499349130587074
0.7,x,-2.521031141769587,3,0.872994165375661
0.7,x,-2.443460952792061,0,0.05954120582922076
0.7,x,-2.443460952792061,1,0.24445640496217155
0.7,x,-2.443460952792061,2,0.7338253329269747
0.7,x,-2.443460952792061,3,0.9621770562816333
0.7,x,-2.3658907638145354,0,0.16857775298248193
0.7,x,-2.3658907638145354,1,0.2804056197873393
0.7,x,-2.3658907638145354,2,0.7531485834523327
0.7,x,-2.3658907638145354,3,0.797868043777846
0.7,x,-2.2883205748370097,0,0.1060754951977336
0.7,x,-2.2883205748370097,1,0.28862983273931153
0.7,x,-2.2883205748370097,2,0.7154792629403146
0.7,x,-2.2883205748370097,3,0.8898154091226407
0.7,x,-2.210750385859484,0,0.15972944748542423
0.7,x,-2.210750385859484,1,0.19787286095366816
0.7,x,-2.210750385859484,2,0.7972155381088922
0.7,x,-2.210750385859484,3,0.8451821534520156
0.7,x,-2.133180196881958,0,0.20142659836307494
0.7,x,-2.133180196881958,1,0.33759536842225696
0.7,x,-2.133180196881958,2,0.6676805188069573
0.7,x,-2.133180196881958,3,0.7932975144077112
0.7,x,-2.0556100079044324,0,0.09541908855803606
0.7,x,-2.0556100079044324,1,0.27464023589930325
0.7,x,-2.0556100079044324,2,0.7172839835436917
0.7,x,-2.0556100079044324,3,0.9126566919989685
0.7,x,-1.9780398189269068,0,0.24739575911343117
0.7,x,-1.9780398189269068,1,0.3418563907033866
0.7,x,-1.9780398189269068,2,0.6634794884432766
0.7,x,-1.9780398189269068,3,0.7472683617399047
0.7,x,-1.900469629949381,0,0.20909800553232916
0.7,x,-1.900469629949381,1,0.37979482765777245
0.7,x,-1.900469629949381,2,0.627510943317392
0.7,x,-1.900469629949381,3,0.7835962234925071
0.7,x,-1.8228994409718553,0,0.20546530405682364
0.7,x,-1.8228994409718553,1,0.28160154108670826
0.7,x,-1.8228994409718553,2,0.7085970779052528
0.7,x,-1.8228994409718553,3,0.8043360769512155
0.7,x,-1.7453292519943295,0,0.06081017440201496
0.7,x,-1.7453292519943295,1,0.17405494234276586
0.7,x,-1.7453292519943295,2,0.8255646788164768
0.7,x,-1.7453292519943295,3,0.9395702044387424
0.7,x,-1.6677590630168038,0,0.14988011547944396
0.7,x,-1.6677590630168038,1,0.24503117024246862
0.7,x,-1.6677590630168038,2,0.7472941860444039
0.7,x,-1.6677590630168038,3,0.8577945282336839
0.7,x,-1.590188874039278,0,0.13395085523151917
0.7,x,-1.590188874039278,1,0.2099312644886397
0.7,x,-1.590188874039278,2,0.7988509000397059
0.7,x,-1.590188874039278,3,0.857266980240136
0.7,x,-1.5126186850617522,0,0.13024881003810138
0.7,x,-1.5126186850617522,1,0.3951591482462047
0.7,x,-1.5126186850617522,2,0.5980968496870565
0.7,x,-1.5126186850617522,3,0.876495192028637
0.7,x,-1.4350484960842265,0,0.1764683911253437
0.7,x,-1.4350484960842265,1,0.2253352383258359
0.7,x,-1.4350484960842265,2,0.7516960302953568
0.7,x,-1.4350484960842265,3,0.8465003402534635
0.7,x,-1.3574783071067007,0,0.17841725992107232
0.7,x,-1.3574783071067007,1,0.2683003465141489
0.7,x,-1.3574783071067007,2,0.7169267139375848
0.7,x,-1.3574783071067007,3,0.8363556796271946
0.7,x,-1.2799081181291752,0,0.15480234062494705
0.7,x,-1.2799081181291752,1,0.2948176295589487
0.7,x,-1.2799081181291752,2,0.7071310950016805
0.7,x,-1.2799081181291752,3,0.8432489348144236
0.7,x,-1.2023379291516494,0,0.18834459660530067
0.7,x,-1.2023379291516494,1,0.42148761086275677
0.7,x,-1.2023379291516494,2,0.5725362689385614
0.7,x,-1.2023379291516494,3,0.8176315235933814
0.7,x,-1.1247677401741236,0,0.13068722327928958
0.7,x,-1.1247677401741236,1,0.3152351319711631
0.7,x,-1.1247677401741236,2,0.6760336947690699
0.7,x,-1.1247677401741236,3,0.8780439499804775
0.7,x,-1.0471975511965979,0,0.18051454685392462
0.7,x,-1.0471975511965979,1,0.3035212339685174
0.7,x,-1.0471975511965979,2,0.6936554947692377
0.7,x,-1.0471975511965979,3,0.8223087244083205
0.7,x,-0.9696273622190721,0,0.21580448422571566
0.7,x,-0.9696273622190721,1,0.37300779497682846
0.7,x,-0.9696273622190721,2,0.6183247220589623
0.7,x,-0.9696273622190721,3,0.7928629987384941
0.7,x,-0.8920571732415463,0,0.2233502483576997
0.7,x,-0.8920571732415463,1,0.33376240390938133
0.7,x,-0.8920571732415463,2,0.6578127182965279
0.7,x,-0.8920571732415463,3,0.785074629436391
0.7,x,-0.8144869842640206,0,0.17159418356182823
0.7,x,-0.8144869842640206,1,0.35148249486785604
0.7,x,-0.8144869842640206,2,0.6464201819346682
0.7,x,-0.8144869842640206,3,0.8305031396356476
0.7,x,-0.7369167952864948,0,0.19555227159823219
0.7,x,-0.7369167952864948,1,0.23121788997430887
0.7,x,-0.7369167952864948,2,0.7602693462802773
0.7,x,-0.7369167952864948,3,0.8129604921471824
0.7,x,-0.659346606308969,0,0.10544036979368732
0.7,x,-0.659346606308969,1,0.20027811896090456
0.7,x,-0.659346606308969,2,0.8077381862085702
0.7,x,-0.659346606308969,3,0.8865433250368382
0.7,x,-0.5817764173314433,0,0.131942270023684
0.7,x,-0.5817764173314433,1,0.28782991028228555
0.7,x,-0.5817764173314433,2,0.7116314371744346
0.7,x,-0.5817764173314433,3,0.8685963825195956
0.7,x,-0.5042062283539175,0,0.2586417878745793
0.7,x,-0.5042062283539175,1,0.39940604751011227
0.7,x,-0.5042062283539175,2,0.6002188616698452
0.7,x,-0.5042062283539175,3,0.7417333029454636
0.7,x,-0.4266360393763917,0,0.12810574108852157
0.7,x,-0.4266360393763917,1,0.22858156817857117
0.7,x,-0.4266360393763917,2,0.764307008579608
0.7,x,-0.4266360393763917,3,0.8790056821532996
0.7,x,-0.34906585039886595,0,0.23754184933763872
0.7,x,-0.34906585039886595,1,0.30102601844846205
0.7,x,-0.34906585039886595,2,0.7152221002862167
0.7,x,-0.34906585039886595,3,0.7462100319276825
0.7,x,-0.2714956614213402,0,0.15448964878514979
0.7,x,-0.2714956614213402,1,0.21379777426048402
0.7,x,-0.2714956614213402,2,0.7931665326376984
0.7,x,-0.2714956614213402,3,0.8385460443166672
0.7,x,-0.19392547244381442,0,0.2632813492524112
0.7,x,-0.19392547244381442,1,0.28995077089525145
0.7,x,-0.19392547244381442,2,0.6828331611198082
0.7,x,-0.19392547244381442,3,0.7639347187325293
0.7,x,-0.11635528346628865,0,0.054255157972521235
0.7,x,-0.11635528346628865,1,0.21246280797087785
0.7,x,-0.11635528346628865,2,0.795340359246074
0.7,x,-0.11635528346628865,3,0.9379416748105273
0.7,x,-0.03878509448876288,0,0.15395937603309598
0.7,x,-0.03878509448876288,1,0.16690979251231516
0.7,x,-0.03878509448876288,2,0.8178900025373971
0.7,x,-0.03878509448876288,3,0.8612408289171913
0.7,x,0.03878509448876288,0,0.24615315856626507
0.7,x,0.03878509448876288,1,0.4208522203799698
0.7,x,0.03878509448876288,2,0.5706003815921981
0.7,x,0.03878509448876288,3,0.7623942394615673
0.7,x,0.11635528346628865,0,0.33758481960404724
0.7,x,0.11635528346628865,1,0.43786457178448207
0.7,x,0.11635528346628865,2,0.5617420511937786
0.7,x,0.11635528346628865,3,0.6628085574176923
0.7,x,0.19392547244381442,0,0.16139169845278653
0.7,x,0.19392547244381442,1,0.21387800267395315
0.7,x,0.19392547244381442,2,0.7926750028790845
0.7,x,0.19392547244381442,3,0.8320552959941755
0.7,x,0.2714956614213402,0,0.24919690625596433
0.7,x,0.2714956614213402,1,0.4262283752969874
0.7,x,0.2714956614213402,2,0.5714950194511172
0.7,x,0.2714956614213402,3,0.7530796989959307
0.7,x,0.34906585039886595,0,0.1628920695208679
0.7,x,0.34906585039886595,1,0.3381247115787718
0.7,x,0.34906585039886595,2,0.6721025507125449
0.7,x,0.34906585039886595,3,0.826880668187816
0.7,x,0.4266360393763917,0,0.12896056685019675
0.7,x,0.4266360393763917,1,0.22950641353799714
0.7,x,0.4266360393763917,2,0.7745454880455717
0.7,x,0.4266360393763917,3,0.8669875315662336
0.7,x,0.5042062283539175,0,0.05718644905360684
0.7,x,0.5042062283539175,1,0.20942037955268084
0.7,x,0.5042062283539175,2,0.7828242692653908
0.7,x,0.5042062283539175,3,0.9505689021283217
0.7,x,0.5817764173314428,0,0.23733279132311297
0.7,x,0.5817764173314428,1,0.3258009586629957
0.7,x,0.5817764173314428,2,0.6700470578272499
0.7,x,0.5817764173314428,3,0.7668191921866411
0.7,x,0.6593466063089686,0,0.07207032041436
0.7,x,0.6593466063089686,1,0.3162770618289752
0.7,x,0.6593466063089686,2,0.6828697337722507
0.7,x,0.6593466063089686,3,0.9287828839844149
0.7,x,0.7369167952864943,0,0.08250949348189988
0.7,x,0.7369167952864943,1,0.2729089058728605
0.7,x,0.7369167952864943,2,0.7276566005616252
0.7,x,0.7369167952864943,3,0.9169250000836149
0.7,x,0.8144869842640201,0,0.1892973196290632
0.7,x,0.8144869842640201,1,0.37241238707330937
0.7,x,0.8144869842640201,2,0.6226491153039322
0.7,x,0.8144869842640201,3,0.8156411779936954
0.7,x,0.8920571732415459,0,0.038896660309530706
0.7,x,0.8920571732415459,1,0.15562270346186952
0.7,x,0.8920571732415459,2,0.836546600605592
0.7,x,0.8920571732415459,3,0.9689340356230076
0.7,x,0.9696273622190716,0,0.0948707349346096
0.7,x,0.9696273622190716,1,0.27172382174597043
0.7,x,0.9696273622190716,2,0.7302675016496243
0.7,x,0.9696273622190716,3,0.9031379416697959
0.7,x,1.0471975511965974,0,0.2603943772113665
0.7,x,1.0471975511965974,1,0.3122495805654125
0.7,x,1.0471975511965974,2,0.6687543782726484
0.7,x,1.0471975511965974,3,0.7586016639505727
0.7,x,1.1247677401741232,0,0.19170564218178285
0.7,x,1.1247677401741232,1,0.30498860503507885
0.7,x,1.1247677401741232,2,0.6963111291812462
0.7,x,1.1247677401741232,3,0.8069946236018926
0.7,x,1.202337929151649,0,0.20096758267393183
0.7,x,1.202337929151649,1,0.26528967533173664
0.7,x,1.202337929151649,2,0.7500801194764339
0.7,x,1.202337929151649,3,0.7836626225178974
0.7,x,1.2799081181291747,0,0.2546500156771094
0.7,x,1.2799081181291747,1,0.3496538338914533
0.7,x,1.2799081181291747,2,0.6511363315810976
0.7,x,1.2799081181291747,3,0.7445598188503396
0.7,x,1.3574783071067005,0,0.08908017045904215
0.7,x,1.3574783071067005,1,0.18447230469070677
0.7,x,1.3574783071067005,2,0.8078288681306496
0.7,x,1.3574783071067005,3,0.9186186567196013
0.7,x,1.4350484960842262,0,0.14869518704390228
0.7,x,1.4350484960842262,1,0.3279697248305337
0.7,x,1.4350484960842262,2,0.6692673288942917
0.7,x,1.4350484960842262,3,0.8540677592312725
0.7,x,1.512618685061752,0,0.24437158407437445
0.7,x,1.512618685061752,1,0.2990641958522144
0.7,x,1.512618685061752,2,0.7044383040081506
0.7,x,1.512618685061752,3,0.7521259160652607
0.7,x,1.5901888740392778,0,0.16680677514855502
0.7,x,1.5901888740392778,1,0.388835141491709
0.7,x,1.5901888740392778,2,0.6264771921877881
0.7,x,1.5901888740392778,3,0.817880891171948
0.7,x,1.6677590630168035,0,0.19808667336918653
0.7,x,1.6677590630168035,1,0.30835502967484163
0.7,x,1.6677590630168035,2,0.6902512774701193
0.7,x,1.6677590630168035,3,0.8033070194858526
0.7,x,1.7453292519943293,0,0.14946072981196504
0.7,x,1.7453292519943293,1,0.22587992231662968
0.7,x,1.7453292519943293,2,0.7513866471236361
0.7,x,1.7453292519943293,3,0.8732727007477691
0.7,x,1.822899440971855,0,0.26988013806224953
0.7,x,1.822899440971855,1,0.3796609189785541
0.7,x,1.822899440971855,2,0.6439298141677934
0.7,x,1.822899440971855,3,0.7065291287914032
0.7,x,1.9004696299493808,0,0.2607923846341878
0.7,x,1.9004696299493808,1,0.3278283235083914
0.7,x,1.9004696299493808,2,0.6588746590951109
0.7,x,1.9004696299493808,3,0.7525046327623099
0.7,x,1.9780398189269066,0,0.3953603990886872
0.7,x,1.9780398189269066,1,0.4373155530489914
0.7,x,1.9780398189269066,2,0.5610874232804502
0.7,x,1.9780398189269066,3,0.6062366245818709
0.7,x,2.0556100079044324,0,0.2727096875579567
0.7,x,2.0556100079044324,1,0.33310583796503995
0.7,x,2.0556100079044324,2,0.6401249215239475
0.7,x,2.0556100079044324,3,0.7540595529530559
0.7,x,2.133180196881958,0,0.2240156736486406
0.7,x,2.133180196881958,1,0.4582534510175125
0.7,x,2.133180196881958,2,0.5340591903084179
0.7,x,2.133180196881958,3,0.7836716850254293
0.7,x,2.210750385859484,0,0.16072428279970183
0.7,x,2.210750385859484,1,0.23813720240538142
0.7,x,2.210750385859484,2,0.7386475862426394
0.7,x,2.210750385859484,3,0.8624909285522773
0.7,x,2.2883205748370097,0,0.23566166261365715
0.7,x,2.2883205748370097,1,0.337946001631663
0.7,x,2.2883205748370097,2,0.6564550681731707
0.7,x,2.2883205748370097,3,0.7699372675815086
0.7,x,2.3658907638145354,0,0.2689219066071083
0.7,x,2.3658907638145354,1,0.43849376445048127
0.7,x,2.3658907638145354,2,0.5651825282290261
0.7,x,2.3658907638145354,3,0.7274018007133842
0.7,x,2.443460952792061,0,0.135386690192876
0.7,x,2.443460952792061,1,0.25943645142301747
0.7,x,2.443460952792061,2,0.7453391667436378
0.7,x,2.443460952792061,3,0.859837691640469
0.7,x,2.521031141769587,0,0.09311298426597132
0.7,x,2.521031141769587,1,0.17855020641162941
0.7,x,2.521031141769587,2,0.816415206657979
0.7,x,2.521031141769587,3,0.9119216026644201
0.7,x,2.5986013307471127,0,0.2654198238029343
0.7,x,2.5986013307471127,1,0.3156237766712872
0.7,x,2.5986013307471127,2,0.6901721714861329
0.7,x,2.5986013307471127,3,0.728784228039645
0.7,x,2.6761715197246385,0,0.057538575763833526
0.7,x,2.6761715197246385,1,0.3692029353567517
0.7,x,2.6761715197246385,2,0.6267804653567797
0.7,x,2.6761715197246385,3,0.946478023522635
0.7,x,2.7537417087021643,0,0.1750136500318984
0.7,x,2.7537417087021643,1,0.3450319050282809
0.7,x,2.7537417087021643,2,0.690201218944134
0.7,x,2.7537417087021643,3,0.7897532259956868
0.7,x,2.83131189767969,0,0.1395347321784076
0.7,x,2.83131189767969,1,0.2635192472405019
0.7,x,2.83131189767969,2,0.7408277126968141
0.7,x,2.83131189767969,3,0.8561183078842757
0.7,x,2.908882086657216,0,0.08961271135530878
0.7,x,2.908882086657216,1,0.21930399486585458
0.7,x,2.908882086657216,2,0.7890592556250426
0.7,x,2.908882086657216,3,0.9020240381537936
0.7,x,2.9864522756347416,0,0.22185244474784852
0.7,x,2.9864522756347416,1,0.43434511541569787
0.7,x,2.9864522756347416,2,0.5732003675274944
0.7,x,2.9864522756347416,3,0.7706020723089596
0.7,x,3.0640224646122673,0,0.21224004641977198
0.7,x,3.0640224646122673,1,0.4695578911830954
0.7,x,3.0640224646122673,2,0.5318896957619081
0.7,x,3.0640224646122673,3,0.7863123666352243
0.7,y,-3.141592653589793,0,0.16465208567854964
0.7,y,-3.141592653589793,1,0.36210257008264146
0.7,y,-3.141592653589793,2,0.621627636965493
0.7,y,-3.141592653589793,3,0.851617707273316
0.7,y,-3.0640224646122673,0,0.255378198255096
0.7,y,-3.0640224646122673,1,0.40494939979163364
0.7,y,-3.0640224646122673,2,0.5750808131369509
0.7,y,-3.0640224646122673,3,0.7645915888163196
0.7,y,-2.9864522756347416,0,0.20699595692023562
0.7,y,-2.9864522756347416,1,0.3542381702865339
0.7,y,-2.9864522756347416,2,0.6380116566543476
0.7,y,-2.9864522756347416,3,0.8007542161388832
0.7,y,-2.908882086657216,0,0.17740034020684922
0.7,y,-2.908882086657216,1,0.23159482737427417
0.7,y,-2.908882086657216,2,0.7542633247063817
0.7,y,-2.908882086657216,3,0.8367415077124951
0.7,y,-2.83131189767969,0,0.2062586393840071
0.7,y,-2.83131189767969,1,0.27919013937324944
0.7,y,-2.83131189767969,2,0.7045747427995417
0.7,y,-2.83131189767969,3,0.8099764784432013
0.7,y,-2.7537417087021643,0,0.13925679733704693
0.7,y,-2.7537417087021643,1,0.3144703797514758
0.7,y,-2.7537417087021643,2,0.6821165215973003
0.7,y,-2.7537417087021643,3,0.8641563013141769
0.7,y,-2.6761715197246385,0,0.2609707504746049
0.7,y,-2.6761715197246385,1,0.4038577392223505
0.7,y,-2.6761715197246385,2,0.6034124469474358
0.7,y,-2.6761715197246385,3,0.7317590633556086
0.7,y,-2.5986013307471127,0,0.2213588453066636
0.7,y,-2.5986013307471127,1,0.34223477122625534
0.7,y,-2.5986013307471127,2,0.6552639712869961
0.7,y,-2.5986013307471127,3,0.7811424121800848
0.7,y,-2.521031141769587,0,0.25736907198799125
0.7,y,-2.521031141769587,1,0.3396851473504492
0.7,y,-2.521031141769587,2,0.6538823785297261
0.7,y,-2.521031141769587,3,0.7490634021318326
0.7,y,-2.443460952792061,0,0.268095649330387
0.7,y,-2.443460952792061,1,0.3770906953130346
0.7,y,-2.443460952792061,2,0.6302607864036478
0.7,y,-2.443460952792061,3,0.7245528689529306
0.7,y,-2.3658907638145354,0,0.15548250510117695
0.7,y,-2.3658907638145354,1,0.23359080033366675
0.7,y,-2.3658907638145354,2,0.7858905688149266
0.7,y,-2.3658907638145354,3,0.8250361257502293
0.7,y,-2.2883205748370097,0,0.29646529588426107
0.7,y,-2.2883205748370097,1,0.38164081953466444
0.7,y,-2.2883205748370097,2,0.6025255567553176
0.7,y,-2.2883205748370097,3,0.7193683278257571
0.7,y,-2.210750385859484,0,0.18244069618673206
0.7,y,-2.210750385859484,1,0.29229302825244863
0.7,y,-2.210750385859484,2,0.7282868257919208
0.7,y,-2.210750385859484,3,0.7969794497688989
0.7,y,-2.133180196881958,0,0.15104614164659289
0.7,y,-2.133180196881958,1,0.3661321555196489
0.7,y,-2.133180196881958,2,0.6272503797243296
0.7,y,-2.133180196881958,3,0.8555713231094285
0.7,y,-2.0556100079044324,0,0.15363332869968094
0.7,y,-2.0556100079044324,1,0.3021940551630178
0.7,y,-2.0556100079044324,2,0.71139971941217
0.7,y,-2.0556100079044324,3,0.8327728967251311
0.7,y,-1.9780398189269068,0,0.04973082370459961
0.7,y,-1.9780398189269068,1,0.19260173417744483
0.7,y,-1.9780398189269068,2,0.810873891109793
0.7,y,-1.9780398189269068,3,0.9467935510081629
0.7,y,-1.900469629949381,0,0.18367308937704546
0.7,y,-1.900469629949381,1,0.28256652244184427
0.7,y,-1.900469629949381,2,0.7207074522804102
0.7,y,-1.900469629949381,3,0.8130529359007003
0.7,y,-1.8228994409718553,0,0.10302200248481436
0.7,y,-1.8228994409718553,1,0.21860266869187456
0.7,y,-1.8228994409718553,2,0.8013559676262998
0.7,y,-1.8228994409718553,3,0.8770193611970117
0.7,y,-1.7453292519943295,0,0.15983120888110142
0.7,y,-1.7453292519943295,1,0.2780354655581515
0.7,y,-1.7453292519943295,2,0.7402924852455579
0.7,y,-1.7453292519943295,3,0.8218408403151891
0.7,y,-1.6677590630168038,0,0.1910160480000163
0.7,y,-1.6677590630168038,1,0.3475757354139404
0.7,y,-1.6677590630168038,2,0.6558285310908868
0.7,y,-1.6677590630168038,3,0.805579685495157
0.7,y,-1.590188874039278,0,0.04205279013208844
0.7,y,-1.590188874039278,1,0.3908504972328958
0.7,y,-1.590188874039278,2,0.5950226650210162
0.7,y,-1.590188874039278,3,0.9720740476139998
0.7,y,-1.5126186850617522,0,0.2899291433857301
0.7,y,-1.5126186850617522,1,0.3623131331131186
0.7,y,-1.5126186850617522,2,0.6331993624431285
0.7,y,-1.5126186850617522,3,0.714558361058023
0.7,y,-1.4350484960842265,0,0.16450864003839205
0.7,y,-1.4350484960842265,1,0.3229313858071606
0.7,y,-1.4350484960842265,2,0.6594086692301366
0.7,y,-1.4350484960842265,3,0.8531513049243106
0.7,y,-1.3574783071067007,0,0.11587196795860645
0.7,y,-1.3574783071067007,1,0.27363814541224407
0.7,y,-1.3574783071067007,2,0.729545068985409
0.7,y,-1.3574783071067007,3,0.8809448176437403
0.7,y,-1.2799081181291752,0,0.22283656679996822
0.7,y,-1.2799081181291752,1,0.27282158059129435
0.7,y,-1.2799081181291752,2,0.7299286495514359
0.7,y,-1.2799081181291752,3,0.774413203057301
0.7,y,-1.2023379291516494,0,0.3061175235420881
0.7,y,-1.2023379291516494,1,0.36626379679569926
0.7,y,-1.2023379291516494,2,0.6300520908550661
0.7,y,-1.2023379291516494,3,0.6975665888071467
0.7,y,-1.1247677401741236,0,0.07560806420015698
0.7,y,-1.1247677401741236,1,0.2870630519373488
0.7,y,-1.1247677401741236,2,0.7102361279329026
0.7,y,-1.1247677401741236,3,0.9270927559295914
0.7,y,-1.0471975511965979,0,0.13570594811881562
0.7,y,-1.0471975511965979,1,0.21546961534335626
0.7,y,-1.0471975511965979,2,0.7815090207118239
0.7,y,-1.0471975511965979,3,0.8673154158260041
0.7,y,-0.9696273622190721,0,0.22079893042700668
0.7,y,-0.9696273622190721,1,0.2918272934616216
0.7,y,-0.9696273622190721,2,0.7180678467667483
0.7,y,-0.9696273622190721,3,0.7693059293446232
0.7,y,-0.8920571732415463,0,0.047519000913422704
0.7,y,-0.8920571732415463,1,0.09297543253557865
0.7,y,-0.8920571732415463,2,0.9184128896135344
0.7,y,-0.8920571732415463,3,0.9410926769374639
0.7,y,-0.8144869842640206,0,0.2310820806587771
0.7,y,-0.8144869842640206,1,0.27921396120111575
0.7,y,-0.8144869842640206,2,0.7285999661979303
0.7,y,-0.8144869842640206,3,0.761103991942177
0.7,y,-0.7369167952864948,0,0.10980956804995701
0.7,y,-0.7369167952864948,1,0.19156933433002565
0.7,y,-0.7369167952864948,2,0.829426023042557
0.7,y,-0.7369167952864948,3,0.8691950745774605
0.7,y,-0.659346606308969,0,0.08316226456742293
0.7,y,-0.659346606308969,1,0.24243669778305701
0.7,y,-0.659346606308969,2,0.7637983366072687
0.7,y,-0.659346606308969,3,0.9106027010422518
0.7,y,-0.5817764173314433,0,0.18768036754892714
0.7,y,-0.5817764173314433,1,0.2721470557020425
0.7,y,-0.5817764173314433,2,0.727161449426045
0.7,y,-0.5817764173314433,3,0.8130111273229857
0.7,y,-0.5042062283539175,0,0.3259240594700576
0.7,y,-0.5042062283539175,1,0.44357762326167643
0.7,y,-0.5042062283539175,2,0.5604024733337374
0.7,y,-0.5042062283539175,3,0.6700958439345288
0.7,y,-0.4266360393763917,0,0.11759208320693568
0.7,y,-0.4266360393763917,1,0.32424093086175937
0.7,y,-0.4266360393763917,2,0.6737072650323807
0.7,y,-0.4266360393763917,3,0.8844597208989241
0.7,y,-0.34906585039886595,0,0.16694691221960373
0.7,y,-0.34906585039886595,1,0.2974500872674467
0.7,y,-0.34906585039886595,2,0.6999409364857264
0.7,y,-0.34906585039886595,3,0.8356620640272231
0.7,y,-0.2714956614213402,0,0.1733198663311
0.7,y,-0.2714956614213402,1,0.22405082818008581
0.7,y,-0.2714956614213402,2,0.7742725634676687
0.7,y,-0.2714956614213402,3,0.8283567420211457
0.7,y,-0.19392547244381442,0,0.3147798347235247
0.7,y,-0.19392547244381442,1,0.3565427739224486
0.7,y,-0.19392547244381442,2,0.6572959590628115
0.7,y,-0.19392547244381442,3,0.6713814322912159
0.7,y,-0.11635528346628865,0,0.1336754462601134
0.7,y,-0.11635528346628865,1,0.25515255582949486
0.7,y,-0.11635528346628865,2,0.7544025990779861
0.7,y,-0.11635528346628865,3,0.856769398832405
0.7,y,-0.03878509448876288,0,0.11947840109048583
0.7,y,-0.03878509448876288,1,0.33930075123817455
0.7,y,-0.03878509448876288,2,0.6527395023711189
0.7,y,-0.03878509448876288,3,0.8884813453002205
0.7,y,0.03878509448876288,0,0.11643082888855212
0.7,y,0.03878509448876288,1,0.26640006362390345
0.7,y,0.03878509448876288,2,0.7404648389054926
0.7,y,0.03878509448876288,3,0.8767042685820513
0.7,y,0.11635528346628865,0,0.11090223050338899
0.7,y,0.11635528346628865,1,0.21559392518166437
0.7,y,0.11635528346628865,2,0.7709529400432258
0.7,y,0.11635528346628865,3,0.9025509042717207
0.7,y,0.19392547244381442,0,0.2661291316510885
0.7,y,0.19392547244381442,1,0.2960883454400419
0.7,y,0.19392547244381442,2,0.6972981693714588
0.7,y,0.19392547244381442,3,0.7404843535374108
0.7,y,0.2714956614213402,0,0.2261389458230035
0.7,y,0.2714956614213402,1,0.2741782382351158
0.7,y,0.2714956614213402,2,0.7262383200479678
0.7,y,0.2714956614213402,3,0.7734444958939131
0.7,y,0.34906585039886595,0,0.13508290963030176
0.7,y,0.34906585039886595,1,0.25426028181243165
0.7,y,0.34906585039886595,2,0.7491889685137201
0.7,y,0.34906585039886595,3,0.8614678400435465
0.7,y,0.4266360393763917,0,0.2783726865769944
0.7,y,0.4266360393763917,1,0.37805655371709573
0.7,y,0.4266360393763917,2,0.6202580903403239
0.7,y,0.4266360393763917,3,0.7233126693655862
0.7,y,0.5042062283539175,0,0.10670629418279262
0.7,y,0.5042062283539175,1,0.2709789020680854
0.7,y,0.5042062283539175,2,0.7362177060691092
0.7,y,0.5042062283539175,3,0.8860970976800133
0.7,y,0.5817764173314428,0,0.10804808097566904
0.7,y,0.5817764173314428,1,0.32913023989794365
0.7,y,0.5817764173314428,2,0.6701550708095355
0.7,y,0.5817764173314428,3,0.8926666083168513
0.7,y,0.6593466063089686,0,0.1275182080893145
0.7,y,0.6593466063089686,1,0.19654234594361664
0.7,y,0.6593466063089686,2,0.8183505697352028
0.7,y,0.6593466063089686,3,0.8575888762318667
0.7,y,0.7369167952864943,0,0.27942097630616564
0.7,y,0.7369167952864943,1,0.4086444830128259
0.7,y,0.7369167952864943,2,0.5901511352894804
0.7,y,0.7369167952864943,3,0.721783405391528
0.7,y,0.8144869842640201,0,0.1825909970247727
0.7,y,0.8144869842640201,1,0.2619565850474838
0.7,y,0.8144869842640201,2,0.733648732040772
0.7,y,0.8144869842640201,3,0.8218036858869717
0.7,y,0.8920571732415459,0,0.22469204293809744
0.7,y,0.8920571732415459,1,0.3133509882787502
0.7,y,0.8920571732415459,2,0.6837622774454163
0.7,y,0.8920571732415459,3,0.7781946913377367
0.7,y,0.9696273622190716,0,0.25404298692151983
0.7,y,0.9696273622190716,1,0.3592664477004214
0.7,y,0.9696273622190716,2,0.6397140040534097
0.7,y,0.9696273622190716,3,0.7469765613246485
0.7,y,1.0471975511965974,0,0.1695157148813509
0.7,y,1.0471975511965974,1,0.32680924009002743
0.7,y,1.0471975511965974,2,0.6734017412821264
0.7,y,1.0471975511965974,3,0.8302733037464956
0.7,y,1.1247677401741232,0,0.09583791694704201
0.7,y,1.1247677401741232,1,0.18870628873943504
0.7,y,1.1247677401741232,2,0.807292382459459
0.7,y,1.1247677401741232,3,0.9081634118540642
0.7,y,1.202337929151649,0,0.1546882181558737
0.7,y,1.202337929151649,1,0.3339626891893917
0.7,y,1.202337929151649,2,0.6579526955999121
0.7,y,1.202337929151649,3,0.8533963970548221
0.7,y,1.2799081181291747,0,0.18349942722824397
0.7,y,1.2799081181291747,1,0.35622845397912545
0.7,y,1.2799081181291747,2,0.6573121223637595
0.7,y,1.2799081181291747,3,0.8029599964288712
0.7,y,1.3574783071067005,0,0.1436415509525793
0.7,y,1.3574783071067005,1,0.34759229303318534
0.7,y,1.3574783071067005,2,0.6482239062423704
0.7,y,1.3574783071067005,3,0.8605422497718647
0.7,y,1.4350484960842262,0,0.17408301294984266
0.7,y,1.4350484960842262,1,0.3842493836785743
0.7,y,1.4350484960842262,2,0.6311019395166081
0.7,y,1.4350484960842262,3,0.8105656638549753
0.7,y,1.512618685061752,0,0.059228061900080606
0.7,y,1.512618685061752,1,0.34947321395481706
0.7,y,1.512618685061752,2,0.664918535094134
0.7,y,1.512618685061752,3,0.9263801890509686
0.7,y,1.5901888740392778,0,0.2308239065579003
0.7,y,1.5901888740392778,1,0.27461051237459494
0.7,y,1.5901888740392778,2,0.7193806302960626
0.7,y,1.5901888740392778,3,0.7751849507714417
0.7,y,1.6677590630168035,0,0.24914060479622602
0.7,y,1.6677590630168035,1,0.40480772649314334
0.7,y,1.6677590630168035,2,0.6042071879929821
0.7,y,1.6677590630168035,3,0.7418444807176481
0.7,y,1.7453292519943293,0,0.17303549268236615
0.7,y,1.7453292519943293,1,0.22111230232587376
0.7,y,1.7453292519943293,2,0.7663892147119271
0.7,y,1.7453292519943293,3,0.839462990279833
0.7,y,1.822899440971855,0,0.11667772848757822
0.7,y,1.822899440971855,1,0.2412116089427261
0.7,y,1.822899440971855,2,0.7670418729338252
0.7,y,1.822899440971855,3,0.8750687896358705
0.7,y,1.9004696299493808,0,0.14067225195669128
0.7,y,1.9004696299493808,1,0.20745348576028796
0.7,y,1.9004696299493808,2,0.7784931906483729
0.7,y,1.9004696299493808,3,0.8733810716346471
0.7,y,1.9780398189269066,0,0.18778322567129777
0.7,y,1.9780398189269066,1,0.3489109855750675
0.7,y,1.9780398189269066,2,0.6715057220477392
0.7,y,1.9780398189269066,3,0.7918000667058953
0.7,y,2.0556100079044324,0,0.14894091228711095
0.7,y,2.0556100079044324,1,0.2393746024182873
0.7,y,2.0556100079044324,2,0.7578138720307315
0.7,y,2.0556100079044324,3,0.8538706132638701
0.7,y,2.133180196881958,0,0.1639626382834555
0.7,y,2.133180196881958,1,0.26874270645516596
0.7,y,2.133180196881958,2,0.7248966811305246
0.7,y,2.133180196881958,3,0.842397974130854
0.7,y,2.210750385859484,0,0.07062194346840854
0.7,y,2.210750385859484,1,0.3298467177947114
0.7,y,2.210750385859484,2,0.6734059167902158
0.7,y,2.210750385859484,3,0.926125421946664
0.7,y,2.2883205748370097,0,0.25781533121734684
0.7,y,2.2883205748370097,1,0.39390976064608924
0.7,y,2.2883205748370097,2,0.5911794882920827
0.7,y,2.2883205748370097,3,0.7570954198444808
0.7,y,2.3658907638145354,0,0.22100935279268488
0.7,y,2.3658907638145354,1,0.326614107642135
0.7,y,2.3658907638145354,2,0.669097740381156
0.7,y,2.3658907638145354,3,0.7832787991840239
0.7,y,2.443460952792061,0,0.2935446695747569
0.7,y,2.443460952792061,1,0.3461953853841569
0.7,y,2.443460952792061,2,0.6217659160359813
0.7,y,2.443460952792061,3,0.7384940290051041
0.7,y,2.521031141769587,0,0.2558637306796369
0.7,y,2.521031141769587,1,0.3043707546862306
0.7,y,2.521031141769587,2,0.6818414047712518
0.7,y,2.521031141769587,3,0.75792410986288
0.7,y,2.5986013307471127,0,0.2627509530875615
0.7,y,2.5986013307471127,1,0.34446377294214175
0.7,y,2.5986013307471127,2,0.6569053501639901
0.7,y,2.5986013307471127,3,0.7358799238063065
0.7,y,2.6761715197246385,0,0.11854188368751574
0.7,y,2.6761715197246385,1,0.24583866078706643
0.7,y,2.6761715197246385,2,0.7628313421744151
0.7,y,2.6761715197246385,3,0.8727881133510035
0.7,y,2.7537417087021643,0,0.1977181304869903
0.7,y,2.7537417087021643,1,0.27364740998247455
0.7,y,2.7537417087021643,2,0.726407081094101
0.7,y,2.7537417087021643,3,0.8022273784364343
0.7,y,2.83131189767969,0,0.20240220187129182
0.7,y,2.83131189767969,1,0.3105312614378764
0.7,y,2.83131189767969,2,0.7043480702011392
0.7,y,2.83131189767969,3,0.782718466489692
0.7,y,2.908882086657216,0,0.3228168562234045
0.7,y,2.908882086657216,1,0.429316346407088
0.7,y,2.908882086657216,2,0.5702152792836197
0.7,y,2.908882086657216,3,0.6776515180858869
0.7,y,2.9864522756347416,0,0.1826664886844727
0.7,y,2.9864522756347416,1,0.3468163180599971
0.7,y,2.9864522756347416,2,0.6520041904273947
0.7,y,2.9864522756347416,3,0.8185130028281353
0.7,y,3.0640224646122673,0,0.18320855789857324
0.7,y,3.0640224646122673,1,0.30740627103355994
0.7,y,3.0640224646122673,2,0.7225598780966676
0.7,y,3.0640224646122673,3,0.786825292971199
0.8,x,-3.141592653589793,0,0.26809215735683206
0.8,x,-3.141592653589793,1,0.35231509255073673
0.8,x,-3.141592653589793,2,0.6239622109868355
0.8,x,-3.141592653589793,3,0.7556305391055955
0.8,x,-3.0640224646122673,0,0.11412808932390313
0.8,x,-3.0640224646122673,1,0.3362845654235501
0.8,x,-3.0640224646122673,2,0.6819702084504489
0.8,x,-3.0640224646122673,3,0.867617136802097
0.8,x,-2.9864522756347416,0,0.26987824428216833
0.8,x,-2.9864522756347416,1,0.45491485180137203
0.8,x,-2.9864522756347416,2,0.5476404827121149
0.8,x,-2.9864522756347416,3,0.7275664212043443
0.8,x,-2.908882086657216,0,0.08142084973485252
0.8,x,-2.908882086657216,1,0.3564215561110182
0.8,x,-2.908882086657216,2,0.649163480107654
0.8,x,-2.908882086657216,3,0.9129941140464756
0.8,x,-2.83131189767969,0,0.272037791388097
0.8,x,-2.83131189767969,1,0.2996474400978753
0.8,x,-2.83131189767969,2,0.6883153609954953
0.8,x,-2.83131189767969,3,0.7399994075185325
0.8,x,-2.7537417087021643,0,0.10021329441558426
0.8,x,-2.7537417087021643,1,0.22747158506022544
0.8,x,-2.7537417087021643,2,0.7972775107826777
0.8,x,-2.7537417087021643,3,0.875037609741512
0.8,x,-2.6761715197246385,0,0.032118283457749044
0.8,x,-2.6761715197246385,1,0.31107219028442923
0.8,x,-2.6761715197246385,2,0.6897597953497966
0.8,x,-2.6761715197246385,3,0.9670497309080255
0.8,x,-2.5986013307471127,0,0.1911669337945663
0.8,x,-2.5986013307471127,1,0.43324985095401325
0.8,x,-2.5986013307471127,2,0.5565857717183361
0.8,x,-2.5986013307471127,3,0.8189974435330841
0.8,x,-2.521031141769587,0,0.03448860187748832
0.8,x,-2.521031141769587,1,0.3754630748609969
0.8,x,-2.521031141769587,2,0.6251332871103107
0.8,x,-2.521031141769587,3,0.9649150361512042
0.8,x,-2.443460952792061,0,0.218886364645987
0.8,x,-2.443460952792061,1,0.31835527190374685
0.8,x,-2.443460952792061,2,0.6983647377294597
0.8,x,-2.443460952792061,3,0.7643936257208059
0.8,x,-2.3658907638145354,0,0.08562084883095757
0.8,x,-2.3658907638145354,1,0.230830605237248
0.8,x,-2.3658907638145354,2,0.7660985401068319
0.8,x,-2.3658907638145354,3,0.9174500058249633
0.8,x,-2.2883205748370097,0,0.08758457813646266
0.8,x,-2.2883205748370097,1,0.23427530455142498
0.8,x,-2.2883205748370097,2,0.7791515472451439
0.8,x,-2.2883205748370097,3,0.8989885700669685
0.8,x,-2.210750385859484,0,0.3882514033971626
0.8,x,-2.210750385859484,1,0.4727308449118195
0.8,x,-2.210750385859484,2,0.5244434223957366
0.8,x,-2.210750385859484,3,0.6145743292952811
0.8,x,-2.133180196881958,0,0.10873090176805839
0.8,x,-2.133180196881958,1,0.3814255946593422
0.8,x,-2.133180196881958,2,0.6260493904268107
0.8,x,-2.133180196881958,3,0.8837941131457889
0.8,x,-2.0556100079044324,0,0.13974496714261034
0.8,x,-2.0556100079044324,1,0.33302574030025967
0.8,x,-2.0556100079044324,2,0.6589893071142157
0.8,x,-2.0556100079044324,3,0.8682399854429147
0.8,x,-1.9780398189269068,0,0.161050006886666
0.8,x,-1.9780398189269068,1,0.22036735556133827
0.8,x,-1.9780398189269068,2,0.7482578052917958
0.8,x,-1.9780398189269068,3,0.8703248322602003
0.8,x,-1.900469629949381,0,0.1899890490275583
0.8,x,-1.900469629949381,1,0.25181106048715624
0.8,x,-1.900469629949381,2,0.739542408273833
0.8,x,-1.900469629949381,3,0.8186574822114525
0.8,x,-1.8228994409718553,0,0.1441390172221793
0.8,x,-1.8228994409718553,1,0.20944868743996098
0.8,x,-1.8228994409718553,2,0.7850549884492621
0.8,x,-1.8228994409718553,3,0.8613573068885977
0.8,x,-1.7453292519943295,0,0.07140131683428154
0.8,x,-1.7453292519943295,1,0.3201053017139633
0.8,x,-1.7453292519943295,2,0.6825606748313084
0.8,x,-1.7453292519943295,3,0.925932706620447
0.8,x,-1.6677590630168038,0,0.081257263138531
0.8,x,-1.6677590630168038,1,0.30025369249793066
0.8,x,-1.6677590630168038,2,0.6999888466032544
0.8,x,-1.6677590630168038,3,0.9185001977602845
0.8,x,-1.590188874039278,0,0.35294201454882485
0.8,x,-1.590188874039278,1,0.43472668177931695
0.8,x,-1.590188874039278,2,0.5619013595760932
0.8,x,-1.590188874039278,3,0.6504299440957653
0.8,x,-1.5126186850617522,0,0.16158088087798803
0.8,x,-1.5126186850617522,1,0.2910252774114421
0.8,x,-1.5126186850617522,2,0.7009951945512856
0.8,x,-1.5126186850617522,3,0.8463986471592846
0.8,x,-1.4350484960842265,0,0.08048504437855389
0.8,x,-1.4350484960842265,1,0.16172742119196587
0.8,x,-1.4350484960842265,2,0.8381446327171416
0.8,x,-1.4350484960842265,3,0.9196429017123386
0.8,x,-1.3574783071067007,0,0.11420154822319706
0.8,x,-1.3574783071067007,1,0.2678542522991124
0.8,x,-1.3574783071067007,2,0.7855208006187812
0.8,x,-1.3574783071067007,3,0.8324233988589098
0.8,x,-1.2799081181291752,0,0.18260288498791943
0.8,x,-1.2799081181291752,1,0.4365390433859436
0.8,x,-1.2799081181291752,2,0.5582447134534836
0.8,x,-1.2799081181291752,3,0.8226133581726531
0.8,x,-1.2023379291516494,0,0.09817594825277755
0.8,x,-1.2023379291516494,1,0.22386526819050823
0.8,x,-1.2023379291516494,2,0.7765317379613808
0.8,x,-1.2023379291516494,3,0.9014270455953334
0.8,x,-1.1247677401741236,0,0.3001396558230615
0.8,x,-1.1247677401741236,1,0.33488628107141755
0.8,x,-1.1247677401741236,2,0.6575142106525335
0.8,x,-1.1247677401741236,3,0.7074598524529874
0.8,x,-1.0471975511965979,0,0.3311342693482609
0.8,x,-1.0471975511965979,1,0.364974688760881
0.8,x,-1.0471975511965979,2,0.6215468841964097
0.8,x,-1.0471975511965979,3,0.6823441576944484
0.8,x,-0.9696273622190721,0,0.1267775106991122
0.8,x,-0.9696273622190721,1,0.32068044543143975
0.8,x,-0.9696273622190721,2,0.6786341315120635
0.8,x,-0.9696273622190721,3,0.873907912357384
0.8,x,-0.8920571732415463,0,0.11851563109878516
0.8,x,-0.8920571732415463,1,0.2116151865346995
0.8,x,-0.8920571732415463,2,0.80175251649183
0.8,x,-0.8920571732415463,3,0.8681166658746856
0.8,x,-0.8144869842640206,0,0.14276062701994224
0.8,x,-0.8144869842640206,1,0.25113085045957495
0.8,x,-0.8144869842640206,2,0.7520627748372213
0.8,x,-0.8144869842640206,3,0.854045747683262
0.8,x,-0.7369167952864948,0,0.09682135459540513
0.8,x,-0.7369167952864948,1,0.27529568465225474
0.8,x,-0.7369167952864948,2,0.7214425237294776
0.8,x,-0.7369167952864948,3,0.9064404370228621
0.8,x,-0.659346606308969,0,0.12728881892244703
0.8,x,-0.659346606308969,1,0.38162391268853735
0.8,x,-0.659346606308969,2,0.6137899541094111
0.8,x,-0.659346606308969,3,0.8772973142796041
0.8,x,-0.5817764173314433,0,0.09424753092595839
0.8,x,-0.5817764173314433,1,0.24922476876410335
0.8,x,-0.5817764173314433,2,0.7475176232008772
0.8,x,-0.5817764173314433,3,0.9090100771090612
0.8,x,-0.5042062283539175,0,0.16301764911337663
0.8,x,-0.5042062283539175,1,0.37377814219508093
0.8,x,-0.5042062283539175,2,0.6301843800591297
0.8,x,-0.5042062283539175,3,0.8330198286324126
0.8,x,-0.4266360393763917,0,0.23354450132642818
0.8,x,-0.4266360393763917,1,0.2742829606935321
0.8,x,-0.4266360393763917,2,0.7186829413075477
0.8,x,-0.4266360393763917,3,0.7734895966724912
0.8,x,-0.34906585039886595,0,0.10003211993178496
0.8,x,-0.34906585039886595,1,0.2716442783991673
0.8,x,-0.34906585039886595,2,0.7255763142435829
0.8,x,-0.34906585039886595,3,0.9027472874254645
0.8,x,-0.2714956614213402,0,0.22876857849232404
0.8,x,-0.2714956614213402,1,0.29691367226943577
0.8,x,-0.2714956614213402,2,0.6908878765173881
0.8,x,-0.2714956614213402,3,0.7834298727208528
0.8,x,-0.19392547244381442,0,0.16366140541930746
0.8,x,-0.19392547244381442,1,0.39512542834743336
0.8,x,-0.19392547244381442,2,0.6074258632640537
0.8,x,-0.19392547244381442,3,0.8337873029692056
0.8,x,-0.11635528346628865,0,0.354427407608294
0.8,x,-0.11635528346628865,1,0.4912654225339178
0.8,x,-0.11635528346628865,2,0.5105184858937502
0.8,x,-0.11635528346628865,3,0.6437886839640382
0.8,x,-0.03878509448876288,0,0.21185514579642428
0.8,x,-0.03878509448876288,1,0.35016408430680884
0.8,x,-0.03878509448876288,2,0.6513395687182746
0.8,x,-0.03878509448876288,3,0.786641201178492
0.8,x,0.03878509448876288,0,0.23370280324243423
0.8,x,0.03878509448876288,1,0.30264347458764324
0.8,x,0.03878509448876288,2,0.7058748187768582
0.8,x,0.03878509448876288,3,0.757778903393064
0.8,x,0.11635528346628865,0,0.2267280279399437
0.8,x,0.11635528346628865,1,0.303333900103477
0.8,x,0.11635528346628865,2,0.6989486976406415
0.8,x,0.11635528346628865,3,0.7709893743159382
0.8,x,0.19392547244381442,0,0.16546741437429094
0.8,x,0.19392547244381442,1,0.30998709106215966
0.8,x,0.19392547244381442,2,0.6886301125149132
0.8,x,0.19392547244381442,3,0.8359153820486366
0.8,x,0.2714956614213402,0,0.23689009581137652
0.8,x,0.2714956614213402,1,0.2947540575206159
0.8,x,0.2714956614213402,2,0.6994630953243843
0.8,x,0.2714956614213402,3,0.7688927513436239
0.8,x,0.34906585039886595,0,0.22601847517989712
0.8,x,0.34906585039886595,1,0.35454622265697733
0.8,x,0.34906585039886595,2,0.6393630403726589
0.8,x,0.34906585039886595,3,0.7800722617904664
0.8,x,0.4266360393763917,0,0.2098967343268006
0.8,x,0.4266360393763917,1,0.28095428888881013
0.8,x,0.4266360393763917,2,0.720895676501895
0.8,x,0.4266360393763917,3,0.7882533002824941
0.8,x,0.5042062283539175,0,0.183870446772207
0.8,x,0.5042062283539175,1,0.23733595898109852
0.8,x,0.5042062283539175,2,0.7758209735053333
0.8,x,0.5042062283539175,3,0.8029726207413616
0.8,x,0.5817764173314428,0,0.13096573335445208
0.8,x,0.5817764173314428,1,0.22562486847819363
0.8,x,0.5817764173314428,2,0.7855712977847038
0.8,x,0.5817764173314428,3,0.8578381003826501
0.8,x,0.6593466063089686,0,0.055554259454441306
0.8,x,0.6593466063089686,1,0.18526322413004712
0.8,x,0.6593466063089686,2,0.813372807597342
0.8,x,0.6593466063089686,3,0.9458097088181692
0.8,x,0.7369167952864943,0,0.1767213049994413
0.8,x,0.7369167952864943,1,0.42508265683715457
0.8,x,0.7369167952864943,2,0.5804560484418899
0.8,x,0.7369167952864943,3,0.8177399897215143
0.8,x,0.8144869842640201,0,0.19762990416594356
0.8,x,0.8144869842640201,1,0.2629273208913023
0.8,x,0.8144869842640201,2,0.7360464091204987
0.8,x,0.8144869842640201,3,0.8033963658222554
0.8,x,0.8920571732415459,0,0.29632976028711777
0.8,x,0.8920571732415459,1,0.38346217047636816
0.8,x,0.8920571732415459,2,0.6162118000046308
0.8,x,0.8920571732415459,3,0.7039962692318833
0.8,x,0.9696273622190716,0,0.22415237623569936
0.8,x,0.9696273622190716,1,0.41005482643039265
0.8,x,0.9696273622190716,2,0.5939387439469619
0.8,x,0.9696273622190716,3,0.7718540533869459
0.8,x,1.0471975511965974,0,0.23015038311321942
0.8,x,1.0471975511965974,1,0.45203845215702865
0.8,x,1.0471975511965974,2,0.548526143995139
0.8,x,1.0471975511965974,3,0.7692850207346129
0.8,x,1.1247677401741232,0,0.30408860047617164
0.8,x,1.1247677401741232,1,0.33861354169863833
0.8,x,1.1247677401741232,2,0.6496584392178204
0.8,x,1.1247677401741232,3,0.7076394186073696
0.8,x,1.202337929151649,0,0.3039889836206495
0.8,x,1.202337929151649,1,0.38654710915173013
0.8,x,1.202337929151649,2,0.6084300613269669
0.8,x,1.202337929151649,3,0.7010338459006537
0.8,x,1.2799081181291747,0,0.23914631913813642
0.8,x,1.2799081181291747,1,0.46055796297055457
0.8,x,1.2799081181291747,2,0.5317326092969317
0.8,x,1.2799081181291747,3,0.7685631085943774
0.8,x,1.3574783071067005,0,0.31190618056081426
0.8,x,1.3574783071067005,1,0.3887640971680789
0.8,x,1.3574783071067005,2,0.6032288176102978
0.8,x,1.3574783071067005,3,0.6961009046608094
0.8,x,1.4350484960842262,0,0.24849313843686174
0.8,x,1.4350484960842262,1,0.3801705551707671
0.8,x,1.4350484960842262,2,0.6117754537319426
0.8,x,1.4350484960842262,3,0.7595608526604287
0.8,x,1.512618685061752,0,0.25532859471281877
0.8,x,1.512618685061752,1,0.33172818435291707
0.8,x,1.512618685061752,2,0.6706626529687931
0.8,x,1.512618685061752,3,0.742280567965471
0.8,x,1.5901888740392778,0,0.22531097447734527
0.8,x,1.5901888740392778,1,0.2947259410379161
0.8,x,1.5901888740392778,2,0.6979136840818673
0.8,x,1.5901888740392778,3,0.7820494004028715
0.8,x,1.6677590630168035,0,0.23745539257795611
0.8,x,1.6677590630168035,1,0.3745064371067822
0.8,x,1.6677590630168035,2,0.6374937650152432
0.8,x,1.6677590630168035,3,0.7505444053000186
0.8,x,1.7453292519943293,0,0.3048359852826608
0.8,x,1.7453292519943293,1,0.39448050599608536
0.8,x,1.7453292519943293,2,0.6078055423772164
0.8,x,1.7453292519943293,3,0.6928779663440372
0.8,x,1.822899440971855,0,0.19544475761795715
0.8,x,1.822899440971855,1,0.330804976962435
0.8,x,1.822899440971855,2,0.6668065378231546
0.8,x,1.822899440971855,3,0.8069437275964527
0.8,x,1.9004696299493808,0,0.18437809431742225
0.8,x,1.9004696299493808,1,0.27000929733806894
0.8,x,1.9004696299493808,2,0.733903418595165
0.8,x,1.9004696299493808,3,0.8117091897493436
0.8,x,1.9780398189269066,0,0.3207084787995503
0.8,x,1.9780398189269066,1,0.36487539365435545
0.8,x,1.9780398189269066,2,0.6216342729950437
0.8,x,1.9780398189269066,3,0.6927818545510511
0.8,x,2.0556100079044324,0,0.13644824071585465
0.8,x,2.0556100079044324,1,0.3479218478619809
0.8,x,2.0556100079044324,2,0.651467235984719
0.8,x,2.0556100079044324,3,0.8641626754374462
0.8,x,2.133180196881958,0,0.2349782287656639
0.8,x,2.133180196881958,1,0.3701130805378663
0.8,x,2.133180196881958,2,0.6403273232364639
0.8,x,2.133180196881958,3,0.7545813674600064
0.8,x,2.210750385859484,0,0.2647922294454566
0.8,x,2.210750385859484,1,0.3621004152660209
0.8,x,2.210750385859484,2,0.6313929295748881
0.8,x,2.210750385859484,3,0.7417144257136346
0.8,x,2.2883205748370097,0,0.2444282745026902
0.8,x,2.2883205748370097,1,0.3754019859241649
0.8,x,2.2883205748370097,2,0.6445522561281114
0.8,x,2.2883205748370097,3,0.7356174834450329
0.8,x,2.3658907638145354,0,0.2912626329135141
0.8,x,2.3658907638145354,1,0.4438177717486715
0.8,x,2.3658907638145354,2,0.55643027859693
0.8,x,2.3658907638145354,3,0.7084893167408846
0.8,x,2.443460952792061,0,0.21349454508869725
0.8,x,2.443460952792061,1,0.3255243236591546
0.8,x,2.443460952792061,2,0.7059718384286746
0.8,x,2.443460952792061,3,0.755009292823474
0.8,x,2.521031141769587,0,0.18662845824714974
0.8,x,2.521031141769587,1,0.3004249649353453
0.8,x,2.521031141769587,2,0.7086265129639853
0.8,x,2.521031141769587,3,0.80432006385352
0.8,x,2.5986013307471127,0,0.26368615876496715
0.8,x,2.5986013307471127,1,0.3323151040858492
0.8,x,2.5986013307471127,2,0.6719588148107463
0.8,x,2.5986013307471127,3,0.7320399223384378
0.8,x,2.6761715197246385,0,0.1438129042306246
0.8,x,2.6761715197246385,1,0.23357303799876797
0.8,x,2.6761715197246385,2,0.7638508707943504
0.8,x,2.6761715197246385,3,0.8587631869762574
0.8,x,2.7537417087021643,0,0.12682074237202237
0.8,x,2.7537417087021643,1,0.2620730330032558
0.8,x,2.7537417087021643,2,0.7335639459094841
0.8,x,2.7537417087021643,3,0.8775422787152373
0.8,x,2.83131189767969,0,0.1378789045952905
0.8,x,2.83131189767969,1,0.3494023652372949
0.8,x,2.83131189767969,2,0.6544163109893546
0.8,x,2.83131189767969,3,0.8583024191780602
0.8,x,2.908882086657216,0,0.21137585429587674
0.8,x,2.908882086657216,1,0.3653804002851063
0.8,x,2.908882086657216,2,0.6340487767005042
0.8,x,2.908882086657216,3,0.7891949687185128
0.8,x,2.9864522756347416,0,0.14916732695971524
0.8,x,2.9864522756347416,1,0.43001852983008604
0.8,x,2.9864522756347416,2,0.5624094131917934
0.8,x,2.9864522756347416,3,0.8584047300184054
0.8,x,3.0640224646122673,0,0.37308894556239447
0.8,x,3.0640224646122673,1,0.4491234576714662
0.8,x,3.0640224646122673,2,0.5513861025857416
0.8,x,3.0640224646122673,3,0.6264014941803971
0.8,y,-3.141592653589793,0,0.28956141683980396
0.8,y,-3.141592653589793,1,0.33864708275361155
0.8,y,-3.141592653589793,2,0.6180071608838951
0.8,y,-3.141592653589793,3,0.7537843395226895
0.8,y,-3.0640224646122673,0,0.1537577617357387
0.8,y,-3.0640224646122673,1,0.32955826623383006
0.8,y,-3.0640224646122673,2,0.6762709334598733
0.8,y,-3.0640224646122673,3,0.8404130385705576
0.8,y,-2.9864522756347416,0,0.28424014007114984
0.8,y,-2.9864522756347416,1,0.3593360153954613
0.8,y,-2.9864522756347416,2,0.6407345200221557
0.8,y,-2.9864522756347416,3,0.7156893245112331
0.8,y,-2.908882086657216,0,0.22316086096153384
0.8,y,-2.908882086657216,1,0.3519562657866341
0.8,y,-2.908882086657216,2,0.6763836553030431
0.8,y,-2.908882086657216,3,0.7484992179487888
0.8,y,-2.83131189767969,0,0.057337135244915655
0.8,y,-2.83131189767969,1,0.2407921776870306
0.8,y,-2.83131189767969,2,0.7816283606468819
0.8,y,-2.83131189767969,3,0.920242326421172
0.8,y,-2.7537417087021643,0,0.12664485657192692
0.8,y,-2.7537417087021643,1,0.3259074650935949
0.8,y,-2.7537417087021643,2,0.6939121206161694
0.8,y,-2.7537417087021643,3,0.8535355577183081
0.8,y,-2.6761715197246385,0,0.16304727015583947
0.8,y,-2.6761715197246385,1,0.41866232034241985
0.8,y,-2.6761715197246385,2,0.5901156679384197
0.8,y,-2.6761715197246385,3,0.8281747415633207
0.8,y,-2.5986013307471127,0,0.226614159446355
0.8,y,-2.5986013307471127,1,0.3099014736011526
0.8,y,-2.5986013307471127,2,0.692955630739497
0.8,y,-2.5986013307471127,3,0.7705287362129947
0.8,y,-2.521031141769587,0,0.19012299466405025
0.8,y,-2.521031141769587,1,0.36970813718044404
0.8,y,-2.521031141769587,2,0.668122675698954
0.8,y,-2.521031141769587,3,0.7720461924565518
0.8,y,-2.443460952792061,0,0.20026985435245984
0.8,y,-2.443460952792061,1,0.3104386488609904
0.8,y,-2.443460952792061,2,0.7000734100943167
0.8,y,-2.443460952792061,3,0.7892180866922329
0.8,y,-2.3658907638145354,0,0.21117251552471086
0.8,y,-2.3658907638145354,1,0.255290821234283
0.8,y,-2.3658907638145354,2,0.7439455498762458
0.8,y,-2.3658907638145354,3,0.7895911133647601
0.8,y,-2.2883205748370097,0,0.20127440064918686
0.8,y,-2.2883205748370097,1,0.3564660255786426
0.8,y,-2.2883205748370097,2,0.6465196575615957
0.8,y,-2.2883205748370097,3,0.7957399162105748
0.8,y,-2.210750385859484,0,0.22015168163321214
0.8,y,-2.210750385859484,1,0.2992893265147005
0.8,y,-2.210750385859484,2,0.6974637973687436
0.8,y,-2.210750385859484,3,0.7830951944833435
0.8,y,-2.133180196881958,0,0.22322737198998874
0.8,y,-2.133180196881958,1,0.38250139543134026
0.8,y,-2.133180196881958,2,0.6234990229429636
0.8,y,-2.133180196881958,3,0.7707722096357068
0.8,y,-2.0556100079044324,0,0.07756799475216782
0.8,y,-2.0556100079044324,1,0.18139535405193383
0.8,y,-2.0556100079044324,2,0.8085469482064532
0.8,y,-2.0556100079044324,3,0.9324897029894456
0.8,y,-1.9780398189269068,0,0.17599794929238902
0.8,y,-1.9780398189269068,1,0.25911932700612866
0.8,y,-1.9780398189269068,2,0.721759083489778
0.8,y,-1.9780398189269068,3,0.8431236402117042
0.8,y,-1.900469629949381,0,0.18892338278993803
0.8,y,-1.900469629949381,1,0.3850694476433091
0.8,y,-1.900469629949381,2,0.630618477633541
0.8,y,-1.900469629949381,3,0.795388691933212
0.8,y,-1.8228994409718553,0,0.1260630429021361
0.8,y,-1.8228994409718553,1,0.2669406447491448
0.8,y,-1.8228994409718553,2,0.7353793651798031
0.8,y,-1.8228994409718553,3,0.8716169471689156
0.8,y,-1.7453292519943295,0,0.1377838341364954
0.8,y,-1.7453292519943295,1,0.3878235784659393
0.8,y,-1.7453292519943295,2,0.6220207657951824
0.8,y,-1.7453292519943295,3,0.8523718216023829
0.8,y,-1.6677590630168038,0,0.144177953170615
0.8,y,-1.6677590630168038,1,0.20489666627926703
0.8,y,-1.6677590630168038,2,0.7932688994228689
0.8,y,-1.6677590630168038,3,0.8576564811272498
0.8,y,-1.590188874039278,0,0.16343088590359303
0.8,y,-1.590188874039278,1,0.4012150968172308
0.8,y,-1.590188874039278,2,0.6051848962248687
0.8,y,-1.590188874039278,3,0.8301691210543074
0.8,y,-1.5126186850617522,0,0.1796513278524462
0.8,y,-1.5126186850617522,1,0.3498748381086935
0.8,y,-1.5126186850617522,2,0.652008987767424
0.8,y,-1.5126186850617522,3,0.8184648462714362
0.8,y,-1.4350484960842265,0,0.18597787849606603
0.8,y,-1.4350484960842265,1,0.33234056115894933
0.8,y,-1.4350484960842265,2,0.6872923186758864
0.8,y,-1.4350484960842265,3,0.7943892416690981
0.8,y,-1.3574783071067007,0,0.14684136397630643
0.8,y,-1.3574783071067007,1,0.34074800890279955
0.8,y,-1.3574783071067007,2,0.6748968544144873
0.8,y,-1.3574783071067007,3,0.8375137727064069
0.8,y,-1.2799081181291752,0,0.20331675402414742
0.8,y,-1.2799081181291752,1,0.2700307023942027
0.8,y,-1.2799081181291752,2,0.7380186376784739
0.8,y,-1.2799081181291752,3,0.7886339059031757
0.8,y,-1.2023379291516494,0,0.1569840591805088
0.8,y,-1.2023379291516494,1,0.30218152492641237
0.8,y,-1.2023379291516494,2,0.6981915750062251
0.8,y,-1.2023379291516494,3,0.8426428408868536
0.8,y,-1.1247677401741236,0,0.22898745006400925
0.8,y,-1.1247677401741236,1,0.2999581348612287
0.8,y,-1.1247677401741236,2,0.711993024578389
0.8,y,-1.1247677401741236,3,0.7590613904963728
0.8,y,-1.0471975511965979,0,0.31149238207376523
0.8,y,-1.0471975511965979,1,0.41577289694290204
0.8,y,-1.0471975511965979,2,0.5941514816715885
0.8,y,-1.0471975511965979,3,0.6785832393117437
0.8,y,-0.9696273622190721,0,0.25337622339233834
0.8,y,-0.9696273622190721,1,0.411001079937273
0.8,y,-0.9696273622190721,2,0.5938998698975184
0.8,y,-0.9696273622190721,3,0.7417228267728704
0.8,y,-0.8920571732415463,0,0.25207160577981486
0.8,y,-0.8920571732415463,1,0.29460453074835247
0.8,y,-0.8920571732415463,2,0.7002851723804471
0.8,y,-0.8920571732415463,3,0.7530386910913855
0.8,y,-0.8144869842640206,0,0.14218339336978258
0.8,y,-0.8144869842640206,1,0.2408692481116087
0.8,y,-0.8144869842640206,2,0.7624983964457377
0.8,y,-0.8144869842640206,3,0.8544489620728709
0.8,y,-0.7369167952864948,0,0.25057386695513617
0.8,y,-0.7369167952864948,1,0.3425173312538757
0.8,y,-0.7369167952864948,2,0.661557712703311
0.8,y,-0.7369167952864948,3,0.7453510890876771
0.8,y,-0.659346606308969,0,0.14959030216239058
0.8,y,-0.659346606308969,1,0.29127326333709047
0.8,y,-0.659346606308969,2,0.6994278441541261
0.8,y,-0.659346606308969,3,0.8597085903463926
0.8,y,-0.5817764173314433,0,0.22516708246955586
0.8,y,-0.5817764173314433,1,0.37478640591647144
0.8,y,-0.5817764173314433,2,0.6226521924150672
0.8,y,-0.5817764173314433,3,0.7773943191989052
0.8,y,-0.5042062283539175,0,0.16676131211883233
0.8,y,-0.5042062283539175,1,0.4372436405747765
0.8,y,-0.5042062283539175,2,0.5601252386837238
0.8,y,-0.5042062283539175,3,0.8358698086226677
0.8,y,-0.4266360393763917,0,0.15542795515898417
0.8,y,-0.4266360393763917,1,0.22257113387215072
0.8,y,-0.4266360393763917,2,0.7721871006950546
0.8,y,-0.4266360393763917,3,0.8498138102738108
0.8,y,-0.34906585039886595,0,0.1823924014984211
0.8,y,-0.34906585039886595,1,0.2673809990997057
0.8,y,-0.34906585039886595,2,0.7462189644310245
0.8,y,-0.34906585039886595,3,0.8040076349708485
0.8,y,-0.2714956614213402,0,0.20290838730576924
0.8,y,-0.2714956614213402,1,0.3673660450200059
0.8,y,-0.2714956614213402,2,0.6297193592848935
0.8,y,-0.2714956614213402,3,0.8000062083893308
0.8,y,-0.19392547244381442,0,0.10417623004442232
0.8,y,-0.19392547244381442,1,0.3136082728722396
0.8,y,-0.19392547244381442,2,0.6839485598668558
0.8,y,-0.19392547244381442,3,0.8982669372164824
0.8,y,-0.11635528346628865,0,0.2566318162232772
0.8,y,-0.11635528346628865,1,0.325660461811416
0.8,y,-0.11635528346628865,2,0.6619109217552548
0.8,y,-0.11635528346628865,3,0.7557968002100524
0.8,y,-0.03878509448876288,0,0.13677652647260408
0.8,y,-0.03878509448876288,1,0.31444307427178125
0.8,y,-0.03878509448876288,2,0.6835818847468168
0.8,y,-0.03878509448876288,3,0.8651985145087985
0.8,y,0.03878509448876288,0,0.15499396912661195
0.8,y,0.03878509448876288,1,0.3054977680303973
0.8,y,0.03878509448876288,2,0.695569299109124
0.8,y,0.03878509448876288,3,0.8439389637338668
0.8,y,0.11635528346628865,0,0.23235144795149182
0.8,y,0.11635528346628865,1,0.2695045718180158
0.8,y,0.11635528346628865,2,0.7403962689172597
0.8,y,0.11635528346628865,3,0.7577477113132322
0.8,y,0.19392547244381442,0,0.0846552353539482
0.8,y,0.19392547244381442,1,0.2183452159258767
0.8,y,0.19392547244381442,2,0.7828334539589328
0.8,y,0.19392547244381442,3,0.9141660947612421
0.8,y,0.2714956614213402,0,0.09609309275661757
0.8,y,0.2714956614213402,1,0.17134289331924438
0.8,y,0.2714956614213402,2,0.8311117028279408
0.8,y,0.2714956614213402,3,0.9014523110961975
0.8,y,0.34906585039886595,0,0.14809781182835727
0.8,y,0.34906585039886595,1,0.1702968191818214
0.8,y,0.34906585039886595,2,0.817736867064903
0.8,y,0.34906585039886595,3,0.8638685019249184
0.8,y,0.4266360393763917,0,0.054254193501045586
0.8,y,0.4266360393763917,1,0.3842569693023448
0.8,y,0.4266360393763917,2,0.6174556303108222
0.8,y,0.4266360393763917,3,0.9440332068857876
0.8,y,0.5042062283539175,0,0.07313294741211859
0.8,y,0.5042062283539175,1,0.14126829372605226
0.8,y,0.5042062283539175,2,0.8562915144433793
0.8,y,0.5042062283539175,3,0.9293072444184497
0.8,y,0.5817764173314428,0,0.08850942289691204
0.8,y,0.5817764173314428,1,0.25467827397973003
0.8,y,0.5817764173314428,2,0.7551919426274251
0.8,y,0.5817764173314428,3,0.9016203604959327
0.8,y,0.6593466063089686,0,0.2799106139516043
0.8,y,0.6593466063089686,1,0.2984971003901007
0.8,y,0.6593466063089686,2,0.6970295607421109
0.8,y,0.6593466063089686,3,0.7245627249161843
0.8,y,0.7369167952864943,0,0.3618569282383203
0.8,y,0.7369167952864943,1,0.4134604868469462
0.8,y,0.7369167952864943,2,0.5803209293417095
0.8,y,0.7369167952864943,3,0.6443616555730238
0.8,y,0.8144869842640201,0,0.23989215531289118
0.8,y,0.8144869842640201,1,0.3931667442178467
0.8,y,0.8144869842640201,2,0.6250338240284887
0.8,y,0.8144869842640201,3,0.7419072764407736
0.8,y,0.8920571732415459,0,0.09536682613077918
0.8,y,0.8920571732415459,1,0.3053715911861496
0.8,y,0.8920571732415459,2,0.7226496445142094
0.8,y,0.8920571732415459,3,0.8766119381688617
0.8,y,0.9696273622190716,0,0.25265086885592486
0.8,y,0.9696273622190716,1,0.4164546558544182
0.8,y,0.9696273622190716,2,0.5900128360123057
0.8,y,0.9696273622190716,3,0.7408816392773512
0.8,y,1.0471975511965974,0,0.12385276327069226
0.8,y,1.0471975511965974,1,0.22251777956476754
0.8,y,1.0471975511965974,2,0.7855988145424252
0.8,y,1.0471975511965974,3,0.8680306426221153
0.8,y,1.1247677401741232,0,0.2314117778549401
0.8,y,1.1247677401741232,1,0.26976233680812806
0.8,y,1.1247677401741232,2,0.7307522152304509
0.8,y,1.1247677401741232,3,0.7680736701064805
0.8,y,1.202337929151649,0,0.3791337367291925
0.8,y,1.202337929151649,1,0.43123997013733184
0.8,y,1.202337929151649,2,0.5554267875381114
0.8,y,1.202337929151649,3,0.6341995055953641
0.8,y,1.2799081181291747,0,0.3363145504494485
0.8,y,1.2799081181291747,1,0.3894847551697858
0.8,y,1.2799081181291747,2,0.6191317221181303
0.8,y,1.2799081181291747,3,0.655068972262636
0.8,y,1.3574783071067005,0,0.12501233006824844
0.8,y,1.3574783071067005,1,0.17970404052942465
0.8,y,1.3574783071067005,2,0.8294742270494431
0.8,y,1.3574783071067005,3,0.8658094023528842
0.8,y,1.4350484960842262,0,0.23342183352590032
0.8,y,1.4350484960842262,1,0.43925373001421864
0.8,y,1.4350484960842262,2,0.5507882617729238
0.8,y,1.4350484960842262,3,0.7765361746869571
0.8,y,1.512618685061752,0,0.1623887132991453
0.8,y,1.512618685061752,1,0.3937687294250237
0.8,y,1.512618685061752,2,0.6112235404305417
0.8,y,1.512618685061752,3,0.8326190168452897
0.8,y,1.5901888740392778,0,0.23851242863224922
0.8,y,1.5901888740392778,1,0.2549960415467639
0.8,y,1.5901888740392778,2,0.7236512144729367
0.8,y,1.5901888740392778,3,0.7828403153480503
0.8,y,1.6677590630168035,0,0.2521275890776102
0.8,y,1.6677590630168035,1,0.35474986171795075
0.8,y,1.6677590630168035,2,0.6561513329745959
0.8,y,1.6677590630168035,3,0.7369712162298432
0.8,y,1.7453292519943293,0,0.2185023796855275
0.8,y,1.7453292519943293,1,0.3170209948514595
0.8,y,1.7453292519943293,2,0.690039491958901
0.8,y,1.7453292519943293,3,0.7744371335041115
0.8,y,1.822899440971855,0,0.10144485918663165
0.8,y,1.822899440971855,1,0.2501141775348571
0.8,y,1.822899440971855,2,0.7438145240440557
0.8,y,1.822899440971855,3,0.9046264392344558
0.8,y,1.9004696299493808,0,0.20034953930677368
0.8,y,1.9004696299493808,1,0.2911851516233949
0.8,y,1.9004696299493808,2,0.6964607497663771
0.8,y,1.9004696299493808,3,0.8120045593034548
0.8,y,1.9780398189269066,0,0.09130193802401931
0.8,y,1.9780398189269066,1,0.19614070783526713
0.8,y,1.9780398189269066,2,0.7947250915177032
0.8,y,1.9780398189269066,3,0.9178322626230101
0.8,y,2.0556100079044324,0,0.15625205708747125
0.8,y,2.0556100079044324,1,0.29944812645302155
0.8,y,2.0556100079044324,2,0.7133666855293496
0.8,y,2.0556100079044324,3,0.830933130930158
0.8,y,2.133180196881958,0,0.19834652884674694
0.8,y,2.133180196881958,1,0.3270093865301311
0.8,y,2.133180196881958,2,0.6376042561408966
0.8,y,2.133180196881958,3,0.8370398284822251
0.8,y,2.210750385859484,0,0.1893836876265173
0.8,y,2.210750385859484,1,0.2560725247449843
0.8,y,2.210750385859484,2,0.710317078377456
0.8,y,2.210750385859484,3,0.8442267092510425
0.8,y,2.2883205748370097,0,0.09887031102695366
0.8,y,2.2883205748370097,1,0.24820495959842995
0.8,y,2.2883205748370097,2,0.7748527233974467
0.8,y,2.2883205748370097,3,0.8780720059771704
0.8,y,2.3658907638145354,0,0.05468766415408836
0.8,y,2.3658907638145354,1,0.12786634971077368
0.8,y,2.3658907638145354,2,0.8745713422793137
0.8,y,2.3658907638145354,3,0.9428746438558235
0.8,y,2.443460952792061,0,0.08225042518654593
0.8,y,2.443460952792061,1,0.24566118756647326
0.8,y,2.443460952792061,2,0.7509318197945467
0.8,y,2.443460952792061,3,0.9211565674524336
0.8,y,2.521031141769587,0,0.0565031046005346
0.8,y,2.521031141769587,1,0.38158431482479016
0.8,y,2.521031141769587,2,0.6245007406257224
0.8,y,2.521031141769587,3,0.9374118399489529
0.8,y,2.5986013307471127,0,0.17114937925084395
0.8,y,2.5986013307471127,1,0.23926986612350726
0.8,y,2.5986013307471127,2,0.770297703606871
0.8,y,2.5986013307471127,3,0.8192830510187782
0.8,y,2.6761715197246385,0,0.2960859439919818
0.8,y,2.6761715197246385,1,0.37878622718554533
0.8,y,2.6761715197246385,2,0.635667433701365
0.8,y,2.6761715197246385,3,0.6894603951211079
0.8,y,2.7537417087021643,0,0.30463341803837735
0.8,y,2.7537417087021643,1,0.39162087434470866
0.8,y,2.7537417087021643,2,0.6016986002092981
0.8,y,2.7537417087021643,3,0.702047107407616
0.8,y,2.83131189767969,0,0.06454080292013169
0.8,y,2.83131189767969,1,0.17129781669590183
0.8,y,2.83131189767969,2,0.839132213164697
0.8,y,2.83131189767969,3,0.9250291672192696
0.8,y,2.908882086657216,0,0.030799501924656605
0.8,y,2.908882086657216,1,0.1524073214780321
0.8,y,2.908882086657216,2,0.8827463872017596
0.8,y,2.908882086657216,3,0.9340467893955517
0.8,y,2.9864522756347416,0,0.21384388740890994
0.8,y,2.9864522756347416,1,0.2935080202172019
0.8,y,2.9864522756347416,2,0.6661602832522586
0.8,y,2.9864522756347416,3,0.8264878091216293
0.8,y,3.0640224646122673,0,0.25294860023599997
0.8,y,3.0640224646122673,1,0.34768782452415997
0.8,y,3.0640224646122673,2,0.6464578899623674
0.8,y,3.0640224646122673,3,0.7529056852774723
