v,t,w,lm,direct_gap,indirect_gap,kx_min,ky_min,chern_total,z2,z2_reliable,phase_label,comment,z2_wilson,z2_fu_kane,wilson_winding_kx,wilson_winding_ky,fu_kane_quality,k_u_min,k_v_min
0.0,0.3,1.0,0.0,1.4000000000000001,0.8000000000000008,0.0,0.0,-4.320593578770667e-16,0,1,trivial_insulator,z2 source=fu_kane,0,0,1.9798257762991955,-1.5467000618009656,1.3322676295501878e-15,0.0,0.0
0.01,0.3,1.0,0.0,1.3799999999999992,0.7999999999999998,3.141592653589793,3.141592653589793,-5.904595563499888e-16,0,1,trivial_insulator,z2 source=fu_kane,1,0,-1.3195860401430035,0.7381810575273208,1.1102230246251565e-15,0.5,0.5
0.02,0.3,1.0,0.0,1.3599999999999994,0.7999999999999996,3.141592653589793,3.141592653589793,3.6133424900091607e-16,0,1,trivial_insulator,z2 source=fu_kane,0,0,1.9740478276624367,0.2565057935913996,1.2212453270876722e-15,0.5,0.5
0.03,0.3,1.0,0.0,1.3399999999999999,0.8000000000000003,3.141592653589793,3.141592653589793,-2.965019718961484e-17,0,1,trivial_insulator,z2 source=fu_kane,-1,0,-0.478438751266961,-0.6443814464404467,8.881784197001252e-16,0.5,0.5
0.04,0.3,1.0,0.0,1.32,0.7999999999999996,3.141592653589793,3.141592653589793,9.364963404054107e-17,0,1,trivial_insulator,z2 source=fu_kane,-1,0,1.908229691221103,0.8425375163579042,1.7763568394002505e-15,0.5,0.5
0.05,0.3,1.0,0.0,1.3,0.7999999999999999,3.141592653589793,3.141592653589793,-1.5288294451448152e-16,0,1,trivial_insulator,z2 source=fu_kane,-1,0,1.974259167312382,-0.7042770946204162,1.1102230246251565e-15,0.5,0.5
0.06,0.3,1.0,0.0,1.2799999999999994,0.8,3.141592653589793,3.141592653589793,-7.570842225667737e-17,0,1,trivial_insulator,z2 source=fu_kane,0,0,0.19717092991110274,-0.22009393740054717,1.4432899320127035e-15,0.5,0.5
0.07,0.3,1.0,0.0,1.259999999999999,0.7999999999999992,3.141592653589793,3.141592653589793,-7.894187360126949e-17,0,1,trivial_insulator,z2 source=fu_kane,-1,0,0.4405667251300682,2.5148839660929445,9.992007221626409e-16,0.5,0.5
0.08,0.3,1.0,0.0,1.2399999999999989,0.7999999999999996,3.141592653589793,3.141592653589793,7.233144793496381e-17,0,1,trivial_insulator,z2 source=fu_kane,-1,0,2.018315749484956,-1.4969906840900435,9.992007221626409e-16,0.5,0.5
0.09,0.3,1.0,0.0,1.2199999999999993,0.8000000000000003,3.141592653589793,3.141592653589793,2.3511945643534013e-17,0,1,trivial_insulator,z2 source=fu_kane,-1,0,-0.05167107248944048,-0.9898357767893883,1.2212453270876722e-15,0.5,0.5
0.1,0.3,1.0,0.0,1.1999999999999993,0.7999999999999995,3.141592653589793,3.141592653589793,3.7638264702911074e-17,0,1,trivial_insulator,z2 source=fu_kane,1,0,-2.821844924477057,1.359430219619155,1.2212453270876722e-15,0.5,0.5
0.11,0.3,1.0,0.0,1.1799999999999988,0.7999999999999998,3.141592653589793,3.141592653589793,2.9232676852375706e-16,0,1,trivial_insulator,z2 source=fu_kane,0,0,0.45456678858620014,-2.391277811827687,8.881784197001252e-16,0.5,0.5
0.12,0.3,1.0,0.0,1.1599999999999988,0.7999999999999983,3.141592653589793,3.141592653589793,-2.951532503320601e-16,0,1,trivial_insulator,z2 source=fu_kane,1,0,0.507026338009929,-1.3495877636416562,1.7763568394002505e-15,0.5,0.5
0.13,0.3,1.0,0.0,1.1399999999999995,0.7999999999999992,3.141592653589793,3.141592653589793,1.521701243554785e-16,0,1,trivial_insulator,z2 source=fu_kane,1,0,-0.5269314463689365,1.1045867472864643,1.3322676295501878e-15,0.5,0.5
0.14,0.3,1.0,0.0,1.1199999999999992,0.7999999999999993,3.141592653589793,3.141592653589793,4.561204457377062e-16,0,1,trivial_insulator,z2 source=fu_kane,1,0,-0.9765486612609549,0.6572638902175364,1.1102230246251565e-15,0.5,0.5
0.15,0.3,1.0,0.0,1.0999999999999996,0.7999999999999992,3.141592653589793,3.141592653589793,5.463985257438737e-16,0,1,trivial_insulator,z2 source=fu_kane,1,0,-1.2922686897664448,-1.0608885693242305,8.881784197001252e-16,0.5,0.5
0.16,0.3,1.0,0.0,1.0799999999999987,0.7999999999999989,3.141592653589793,3.141592653589793,1.4567014964421846e-16,0,1,trivial_insulator,z2 source=fu_kane,0,0,1.512668295932771,-2.0422016325379504,1.4432899320127035e-15,0.5,0.5
0.17,0.3,1.0,0.0,1.059999999999999,0.7999999999999994,3.141592653589793,3.141592653589793,-4.471454179612426e-16,0,1,trivial_insulator,z2 source=fu_kane,-1,0,-0.0025203988729186645,-2.856830288756882,1.7763568394002505e-15,0.5,0.5
0.18,0.3,1.0,0.0,1.0399999999999994,0.7999999999999996,3.141592653589793,3.141592653589793,4.387283884281561e-16,0,1,trivial_insulator,z2 source=fu_kane,0,0,-1.9109068104106985,-1.632107057802864,2.6645352591003757e-15,0.5,0.5
0.19,0.3,1.0,0.0,1.02,0.7999999999999997,3.141592653589793,3.141592653589793,1.4178764831083612e-17,0,1,trivial_insulator,z2 source=fu_kane,0,0,-0.4863168803761232,-0.010416288684684766,1.9984014443252818e-15,0.5,0.5
0.2,0.3,1.0,0.0,0.9999999999999997,0.7999999999999999,3.141592653589793,3.141592653589793,1.0843053997758369e-16,0,1,trivial_insulator,z2 source=fu_kane,1,0,1.0636175799099432,-3.290482550556808,1.7763568394002505e-15,0.5,0.5
0.21,0.3,1.0,0.0,0.9799999999999992,0.7999999999999999,3.141592653589793,3.141592653589793,5.410572977550476e-16,0,1,trivial_insulator,z2 source=fu_kane,1,0,1.1306586166661432,1.242544223198619,1.3322676295501878e-15,0.5,0.5
0.22,0.3,1.0,0.0,0.9599999999999991,0.7999999999999992,3.141592653589793,3.141592653589793,-4.237775884034626e-16,0,1,trivial_insulator,z2 source=fu_kane,1,0,1.3109028974853332,2.9672810465678263,1.2212453270876722e-15,0.5,0.5
0.23,0.3,1.0,0.0,0.9399999999999997,0.7999999999999997,3.141592653589793,3.141592653589793,2.3672782929167977e-16,0,1,trivial_insulator,z2 source=fu_kane,1,0,3.020235026174977,2.8842720990934425,1.7763568394002505e-15,0.5,0.5
0.24,0.3,1.0,0.0,0.9199999999999993,0.7999999999999993,3.141592653589793,3.141592653589793,4.844713973851862e-17,0,1,trivial_insulator,z2 source=fu_kane,-1,0,-3.1506095505553717,3.529212680223007,8.881784197001252e-16,0.5,0.5
0.25,0.3,1.0,0.0,0.8999999999999999,0.8000000000000003,3.141592653589793,3.141592653589793,4.700854549005346e-16,0,1,trivial_insulator,z2 source=fu_kane,-1,0,1.2860271362137734,-0.16707592554956419,9.992007221626409e-16,0.5,0.5
0.26,0.3,1.0,0.0,0.8799999999999998,0.7999999999999998,3.141592653589793,3.141592653589793,-1.2855971956056413e-16,0,1,trivial_insulator,z2 source=fu_kane,1,0,1.45677515601737,0.7640977817037616,1.1102230246251565e-15,0.5,0.5
0.27,0.3,1.0,0.0,0.8599999999999993,0.7999999999999988,3.141592653589793,3.141592653589793,-2.095311228364218e-16,0,1,trivial_insulator,z2 source=fu_kane,1,0,-1.0234367575417833,-0.8478905976625655,2.6645352591003757e-15,0.5,0.5
0.28,0.3,1.0,0.0,0.8399999999999994,0.7999999999999992,3.141592653589793,3.141592653589793,-8.215165233901931e-17,0,1,trivial_insulator,z2 source=fu_kane,0,0,-1.9550866601061478,-1.8266828815154734,1.5543122344752192e-15,0.5,0.5
0.29,0.3,1.0,0.0,0.8200000000000001,0.7999999999999998,3.141592653589793,3.141592653589793,-3.639823834022828e-16,0,1,trivial_insulator,z2 source=fu_kane,0,0,1.9509258965186065,-1.5074829957662486,8.881784197001252e-16,0.5,0.5
0.3,0.3,1.0,0.0,0.7999999999999998,0.7999999999999983,3.141592653589793,3.141592653589793,1.459838505575674e-16,0,1,trivial_insulator,z2 source=fu_kane,0,0,-0.4831013053738798,-2.0126002006360557,7.771561172376096e-16,0.5,0.5
0.31,0.3,1.0,0.0,0.7799999999999994,0.7799999999999987,3.141592653589793,3.141592653589793,-5.912314241157868e-17,0,1,trivial_insulator,z2 source=fu_kane,1,0,-3.0347553165719177,1.3270434322974067,1.3322676295501878e-15,0.5,0.5
0.32,0.3,1.0,0.0,0.7599999999999996,0.7599999999999985,3.141592653589793,3.141592653589793,-1.1385298319349174e-16,0,1,trivial_insulator,z2 source=fu_kane,0,0,-2.0807378583710485,0.017638843237057472,1.4432899320127035e-15,0.5,0.5
0.33,0.3,1.0,0.0,0.7399999999999992,0.739999999999999,3.141592653589793,3.141592653589793,-3.0013718259991347e-16,0,1,trivial_insulator,z2 source=fu_kane,-1,0,0.9874518646316589,-2.112626396598857,1.5543122344752192e-15,0.5,0.5
0.34,0.3,1.0,0.0,0.7199999999999989,0.7199999999999983,3.141592653589793,3.141592653589793,-2.1460535875533787e-16,0,1,trivial_insulator,z2 source=fu_kane,1,0,-0.8882137842182128,-0.9428304421872322,1.3322676295501878e-15,0.5,0.5
0.35,0.3,1.0,0.0,0.6999999999999998,0.6999999999999992,3.141592653589793,3.141592653589793,-2.817221678123086e-16,0,1,trivial_insulator,z2 source=fu_kane,-1,0,-3.558155540737184,-0.6579342243582726,1.3322676295501878e-15,0.5,0.5
0.36,0.3,1.0,0.0,0.6799999999999996,0.6799999999999988,3.141592653589793,3.141592653589793,-3.219217627302739e-17,0,1,trivial_insulator,z2 source=fu_kane,-1,0,-0.44655808137979075,0.9381174205661467,8.881784197001252e-16,0.5,0.5
0.37,0.3,1.0,0.0,0.6599999999999997,0.659999999999999,3.141592653589793,3.141592653589793,-3.7868892683511583e-16,0,1,trivial_insulator,z2 source=fu_kane,0,0,-0.1555690278841047,2.3583207361661023,9.992007221626409e-16,0.5,0.5
0.38,0.3,1.0,0.0,0.6399999999999996,0.6399999999999992,3.141592653589793,3.141592653589793,1.4612311755024204e-16,0,1,trivial_insulator,z2 source=fu_kane,-1,0,1.9770568226907586,-0.9951646649850896,1.3322676295501878e-15,0.5,0.5
0.39,0.3,1.0,0.0,0.6199999999999996,0.6199999999999988,3.141592653589793,3.141592653589793,2.854273089176007e-17,0,1,trivial_insulator,z2 source=fu_kane,-1,0,1.4608186675795067,-1.770340879087694,1.3322676295501878e-15,0.5,0.5
0.4,0.3,1.0,0.0,0.5999999999999995,0.5999999999999986,3.141592653589793,3.141592653589793,-3.448139242591958e-16,0,1,trivial_insulator,z2 source=fu_kane,1,0,-0.9962532243665325,-0.5006528123109673,9.992007221626409e-16,0.5,0.5
0.41,0.3,1.0,0.0,0.5799999999999997,0.5799999999999988,3.141592653589793,3.141592653589793,-2.6053716762145264e-16,0,1,trivial_insulator,z2 source=fu_kane,-1,0,-3.8111703259841976,0.9633533731253306,1.2212453270876722e-15,0.5,0.5
0.42,0.3,1.0,0.0,0.5599999999999999,0.5599999999999992,3.141592653589793,3.141592653589793,2.1866995757300577e-16,0,1,trivial_insulator,z2 source=fu_kane,1,0,1.43032436987703,-2.998469276100496,1.1102230246251565e-15,0.5,0.5
0.43,0.3,1.0,0.0,0.5399999999999995,0.5399999999999987,3.141592653589793,3.141592653589793,4.250512234431922e-16,0,1,trivial_insulator,z2 source=fu_kane,1,0,0.501020534949489,-1.0433433706570852,1.3322676295501878e-15,0.5,0.5
0.44,0.3,1.0,0.0,0.5200000000000001,0.5199999999999994,3.141592653589793,3.141592653589793,2.296676107764885e-16,0,1,trivial_insulator,z2 source=fu_kane,-1,0,-0.7253959174779276,-2.0900381044825043,1.3322676295501878e-15,0.5,0.5
0.45,0.3,1.0,0.0,0.5,0.499999999999999,3.141592653589793,3.141592653589793,-3.942353170428354e-16,0,1,trivial_insulator,z2 source=fu_kane,1,0,-1.0288593627150013,-0.9535051055822137,1.7763568394002505e-15,0.5,0.5
0.46,0.3,1.0,0.0,0.4799999999999997,0.4799999999999989,3.141592653589793,3.141592653589793,3.912674433213564e-17,0,1,trivial_insulator,z2 source=fu_kane,-1,0,0.9726679332384266,-0.002750247806386743,7.771561172376096e-16,0.5,0.5
0.47,0.3,1.0,0.0,0.45999999999999985,0.45999999999999897,3.141592653589793,3.141592653589793,-8.221176726932287e-17,0,1,trivial_insulator,z2 source=fu_kane,-1,0,0.717732124584836,2.0171691980957944,1.2212453270876722e-15,0.5,0.5
0.48,0.3,1.0,0.0,0.43999999999999956,0.4399999999999989,3.141592653589793,3.141592653589793,1.9799073377427197e-16,0,1,trivial_insulator,z2 source=fu_kane,-1,0,0.9887425902319069,-2.450742138090587,1.3322676295501878e-15,0.5,0.5
0.49,0.3,1.0,0.0,0.4199999999999997,0.4199999999999986,3.141592653589793,3.141592653589793,9.455565200588255e-17,0,1,trivial_insulator,z2 source=fu_kane,1,0,-4.987590054705699,-0.9517297651013165,1.5543122344752192e-15,0.5,0.5
0.5,0.3,1.0,0.0,0.39999999999999963,0.39999999999999913,3.141592653589793,3.141592653589793,-2.9094355880695186e-16,0,1,trivial_insulator,z2 source=fu_kane,-1,0,1.2809245073906392,-1.6419299730409416,1.2212453270876722e-15,0.5,0.5
0.51,0.3,1.0,0.0,0.37999999999999956,0.3799999999999989,3.141592653589793,3.141592653589793,2.082892769900126e-17,0,1,trivial_insulator,z2 source=fu_kane,-1,0,3.56767601804389,2.5176199142758504,1.5543122344752192e-15,0.5,0.5
0.52,0.3,1.0,0.0,0.36,0.35999999999999904,3.141592653589793,3.141592653589793,-4.729406369163913e-17,0,1,trivial_insulator,z2 source=fu_kane,1,0,-1.482275146521063,0.5308253644947041,1.2212453270876722e-15,0.5,0.5
0.53,0.3,1.0,0.0,0.33999999999999975,0.33999999999999886,3.141592653589793,3.141592653589793,-3.154083163490182e-16,0,1,trivial_insulator,z2 source=fu_kane,1,0,-0.5234144436928438,-2.998763347931558,1.3322676295501878e-15,0.5,0.5
0.54,0.3,1.0,0.0,0.3199999999999996,0.31999999999999906,3.141592653589793,3.141592653589793,-3.7302546964183043e-17,0,1,trivial_insulator,z2 source=fu_kane,0,0,1.945407129723459,-0.0024470075473585675,9.992007221626409e-16,0.5,0.5
0.55,0.3,1.0,0.0,0.29999999999999954,0.2999999999999992,3.141592653589793,3.141592653589793,-5.604411357518905e-16,0,1,trivial_insulator,z2 source=fu_kane,0,0,-2.02902001224214,0.011669352007314275,1.3322676295501878e-15,0.5,0.5
0.56,0.3,1.0,0.0,0.28,0.27999999999999936,3.141592653589793,3.141592653589793,-5.761718584444774e-17,0,1,trivial_insulator,z2 source=fu_kane,-1,0,3.486434798451098,0.48690271011507136,1.1102230246251565e-15,0.5,0.5
0.57,0.3,1.0,0.0,0.2600000000000001,0.25999999999999934,3.141592653589793,3.141592653589793,4.39025848329053e-16,0,1,trivial_insulator,z2 source=fu_kane,-1,0,-2.6635933203347526,0.06817526941358543,1.7763568394002505e-15,0.5,0.5
0.58,0.3,1.0,0.0,0.2400000000000001,0.23999999999999894,3.141592653589793,3.141592653589793,-8.095285055499587e-17,0,1,trivial_insulator,z2 source=fu_kane,0,0,0.4909871390420432,-1.8374606459537337,1.2212453270876722e-15,0.5,0.5
0.59,0.3,1.0,0.0,0.21999999999999958,0.21999999999999864,3.141592653589793,3.141592653589793,-3.108331652621626e-17,0,1,trivial_insulator,z2 source=fu_kane,-1,0,-2.4859465058779477,-0.5138800085458013,1.7763568394002505e-15,0.5,0.5
0.6,0.3,1.0,0.0,0.19999999999999982,0.19999999999999915,3.141592653589793,3.141592653589793,-1.47990194890741e-16,0,1,trivial_insulator,z2 source=fu_kane,1,0,-0.5080945601331195,2.6020861366523365,8.881784197001252e-16,0.5,0.5
0.61,0.3,1.0,0.0,0.17999999999999955,0.17999999999999888,3.141592653589793,3.141592653589793,2.886810860699248e-16,0,1,trivial_insulator,z2 source=fu_kane,-1,0,-0.4976432430551067,-3.0116354524160647,1.1102230246251565e-15,0.5,0.5
0.62,0.3,1.0,0.0,0.15999999999999973,0.1599999999999994,3.141592653589793,3.141592653589793,-3.9881161792306154e-16,0,1,trivial_insulator,z2 source=fu_kane,1,0,-3.0073054204066967,1.012384147940074,1.7763568394002505e-15,0.5,0.5
0.63,0.3,1.0,0.0,0.13999999999999968,0.13999999999999896,3.141592653589793,3.141592653589793,-1.135923321387309e-16,0,1,trivial_insulator,z2 source=fu_kane,-1,0,3.517774165637902,0.6509157848678694,1.3322676295501878e-15,0.5,0.5
0.64,0.3,1.0,0.0,0.1199999999999995,0.119999999999999,3.141592653589793,3.141592653589793,2.273966157839145e-16,0,1,trivial_insulator,z2 source=fu_kane,-1,0,2.991628209517869,0.36072816191098656,1.3322676295501878e-15,0.5,0.5
0.65,0.3,1.0,0.0,0.09999999999999984,0.09999999999999934,3.141592653589793,3.141592653589793,3.9414320046403806e-16,0,1,trivial_insulator,z2 source=fu_kane,0,0,0.0032419815133575857,2.2095726317193987,1.1102230246251565e-15,0.5,0.5
0.66,0.3,1.0,0.0,0.07999999999999974,0.07999999999999918,3.141592653589793,3.141592653589793,-6.913340782490102e-17,0,1,trivial_insulator,z2 source=fu_kane,1,0,-0.9325509584325868,-1.2793039082040112,1.3322676295501878e-15,0.5,0.5
0.662,0.3,1.0,0.0,0.07599999999999973,0.07599999999999901,3.141592653589793,3.141592653589793,-2.510736766059862e-16,0,1,trivial_insulator,z2 source=fu_kane,-1,0,4.334848500089424,-2.706464304304108,1.5543122344752192e-15,0.5,0.5
0.664,0.3,1.0,0.0,0.07199999999999979,0.07199999999999918,3.141592653589793,3.141592653589793,2.4290978408853283e-16,0,1,trivial_insulator,z2 source=fu_kane,-1,0,0.43499481787048927,-0.6030309855003192,1.5543122344752192e-15,0.5,0.5
0.666,0.3,1.0,0.0,0.06799999999999973,0.06799999999999878,3.141592653589793,3.141592653589793,-6.681854626860876e-17,0,1,trivial_insulator,z2 source=fu_kane,1,0,-1.4808898001475026,3.0143406330230786,1.3322676295501878e-15,0.5,0.5
0.668,0.3,1.0,0.0,0.06399999999999972,0.06399999999999911,3.141592653589793,3.141592653589793,4.0233695253134195e-17,0,1,trivial_insulator,z2 source=fu_kane,0,0,-0.43545871728068763,2.0419231620072815,1.887379141862766e-15,0.5,0.5
0.67,0.3,1.0,0.0,0.059999999999999776,0.05999999999999894,3.141592653589793,3.141592653589793,-1.910784368092272e-17,0,1,trivial_insulator,z2 source=fu_kane,1,0,1.3353068989875883,1.3546931726313538,1.887379141862766e-15,0.5,0.5
0.672,0.3,1.0,0.0,0.05599999999999983,0.05599999999999894,3.141592653589793,3.141592653589793,3.0248973419504084e-17,0,1,trivial_insulator,z2 source=fu_kane,-1,0,1.847051321920361,-1.4400769562960647,6.661338147750939e-16,0.5,0.5
0.674,0.3,1.0,0.0,0.051999999999999824,0.05199999999999905,3.141592653589793,3.141592653589793,3.8188834857407123e-16,0,1,trivial_insulator,z2 source=fu_kane,1,0,-1.4856083888313596,2.9057090522492612,1.5543122344752192e-15,0.5,0.5
0.676,0.3,1.0,0.0,0.04799999999999993,0.04799999999999882,3.141592653589793,3.141592653589793,2.353808874041954e-19,0,1,trivial_insulator,z2 source=fu_kane,-1,0,-0.8893571214611548,2.0734450858868017,1.5543122344752192e-15,0.5,0.5
0.678,0.3,1.0,0.0,0.043999999999999595,0.04399999999999887,3.141592653589793,3.141592653589793,3.517262513689888e-16,0,1,trivial_insulator,z2 source=fu_kane,-1,0,-0.9797107489939655,-3.598876405439989,1.1102230246251565e-15,0.5,0.5
0.68,0.3,1.0,0.0,0.03999999999999987,0.03999999999999937,3.141592653589793,3.141592653589793,-1.4271613777570285e-16,0,1,trivial_insulator,z2 source=fu_kane,-1,0,-1.1411361251436654,-2.1227551157538804,2.220446049250313e-15,0.5,0.5
0.682,0.3,1.0,0.0,0.03599999999999981,0.03599999999999898,3.141592653589793,3.141592653589793,3.5741653120172746e-16,0,1,trivial_insulator,z2 source=fu_kane,1,0,0.6531228587792542,-0.5058062525187151,1.6653345369377348e-15,0.5,0.5
0.684,0.3,1.0,0.0,0.031999999999999695,0.031999999999999196,3.141592653589793,3.141592653589793,-2.6840128639728565e-16,0,1,trivial_insulator,z2 source=fu_kane,-1,0,2.994316455725406,0.01232510230593655,1.7763568394002505e-15,0.5,0.5
0.686,0.3,1.0,0.0,0.027999999999999692,0.027999999999999192,3.141592653589793,3.141592653589793,-3.6860999325937663e-16,0,1,trivial_insulator,z2 source=fu_kane,-1,0,-0.5445204730380271,-1.9728183540757107,1.7763568394002505e-15,0.5,0.5
0.688,0.3,1.0,0.0,0.0240000000000003,0.02399999999999952,3.141592653589793,3.141592653589793,-1.6604743187044736e-16,0,1,trivial_insulator,z2 source=fu_kane,1,0,0.9636358037076236,-1.1006589300805312,1.5543122344752192e-15,0.5,0.5
0.69,0.3,1.0,0.0,0.019999999999999685,0.019999999999998463,3.141592653589793,3.141592653589793,7.664054422300213e-17,0,1,trivial_insulator,z2 source=fu_kane,-1,0,-0.455411212593002,-0.7221136140602046,1.5543122344752192e-15,0.5,0.5
0.692,0.3,1.0,0.0,0.015999999999999792,0.01599999999999918,3.141592653589793,3.141592653589793,4.1461411951671595e-16,0,1,trivial_insulator,z2 source=fu_kane,-1,0,-0.03205230633140967,-0.5590405265684579,1.7763568394002505e-15,0.5,0.5
0.694,0.3,1.0,0.0,0.011999999999999955,0.011999999999998678,3.141592653589793,3.141592653589793,-2.7302898044742387e-16,0,1,trivial_insulator,z2 source=fu_kane,-1,0,1.479729424835481,0.4063706942521741,1.3322676295501878e-15,0.5,0.5
0.696,0.3,1.0,0.0,0.00799999999999923,0.00799999999999873,3.141592653589793,3.141592653589793,4.323639397319814e-16,0,1,trivial_insulator,z2 source=fu_kane,-1,0,3.00968262161587,-1.5085866200906546,1.4432899320127035e-15,0.5,0.5
0.698,0.3,1.0,0.0,0.003999999999999948,0.003999999999998727,3.141592653589793,3.141592653589793,-1.7860591149986566e-16,0,1,trivial_insulator,z2 source=fu_kane,-1,0,-1.7451499296666726,-1.0218158852494594,8.881784197001252e-16,0.5,0.5
0.7,0.3,1.0,0.0,5.551115123125783e-17,-7.216449660063518e-16,3.141592653589793,3.141592653589793,-1.108441541971291e-16,1,0,critical_or_gapless,gap below reliability threshold; z2 unreliable,1,1,-2.5055002993988564,-1.4999784104041445,0.7713490271908212,0.5,0.5
0.702,0.3,1.0,0.0,5.551115123125783e-17,-1.0547118733938987e-15,3.141592653589793,3.141592653589793,1.1167603967801288e-17,0,0,critical_or_gapless,gap below reliability threshold; z2 source=fu_kane,-1,0,2.590195789857935,-0.38460649115140566,1.2212453270876722e-15,0.5,0.5
0.704,0.3,1.0,0.0,5.551115123125783e-17,-9.992007221626409e-16,3.141592653589793,3.141592653589793,2.361230224654342e-16,0,0,critical_or_gapless,gap below reliability threshold; z2 source=fu_kane,0,0,-0.0860539663243454,-2.4743416864878043,1.2212453270876722e-15,0.5,0.5
0.706,0.3,1.0,0.0,1.1102230246251565e-16,-8.326672684688674e-16,3.141592653589793,3.141592653589793,-1.4500852557655613e-16,0,0,critical_or_gapless,gap below reliability threshold; z2 source=fu_kane,0,0,1.6677347819358828,0.47191271744215574,2.55351295663786e-15,0.5,0.5
0.708,0.3,1.0,0.0,0.0,-8.881784197001252e-16,3.141592653589793,3.141592653589793,1.0924685950011224e-16,0,0,critical_or_gapless,gap below reliability threshold; z2 source=fu_kane,0,0,2.485310496846865,1.6629745299957908,9.992007221626409e-16,0.5,0.5
0.71,0.3,1.0,0.0,5.551115123125783e-17,-1.27675647831893e-15,3.141592653589793,3.141592653589793,6.481428711310379e-16,0,0,critical_or_gapless,gap below reliability threshold; z2 source=fu_kane,-1,0,-0.4773409872262517,-0.9999917367246633,2.1094237467877974e-15,0.5,0.5
0.712,0.3,1.0,0.0,0.0,-9.43689570931383e-16,3.141592653589793,3.141592653589793,1.562834476778431e-16,0,0,critical_or_gapless,gap below reliability threshold; z2 source=fu_kane,1,0,-1.030756653225424,-0.9853898954773754,8.881784197001252e-16,0.5,0.5
0.714,0.3,1.0,0.0,0.0,-1.1102230246251565e-15,3.141592653589793,3.141592653589793,3.2384595426154954e-16,0,0,critical_or_gapless,gap below reliability threshold; z2 source=fu_kane,0,0,-2.4959138540460257,0.03046263854595428,1.3322676295501878e-15,0.5,0.5
0.716,0.3,1.0,0.0,1.1102230246251565e-16,-7.771561172376096e-16,3.141592653589793,3.141592653589793,-1.1200931578154165e-16,0,0,critical_or_gapless,gap below reliability threshold; z2 source=fu_kane,0,0,-0.008854538845677098,0.49623530945123134,8.881784197001252e-16,0.5,0.5
0.718,0.3,1.0,0.0,1.1102230246251565e-16,-8.881784197001252e-16,3.141592653589793,3.141592653589793,3.5494390287820727e-16,0,0,critical_or_gapless,gap below reliability threshold; z2 source=fu_kane,1,0,0.5198680034282854,-0.9939579815275282,1.3322676295501878e-15,0.5,0.5
0.72,0.3,1.0,0.0,0.0,-8.326672684688674e-16,3.141592653589793,3.141592653589793,-3.3149453122991763e-16,0,0,critical_or_gapless,gap below reliability threshold; z2 source=fu_kane,-1,0,0.5256943898274415,1.978364159429514,1.1102230246251565e-15,0.5,0.5
0.722,0.3,1.0,0.0,0.0,-8.881784197001252e-16,3.141592653589793,3.141592653589793,1.1598288697072773e-17,0,0,critical_or_gapless,gap below reliability threshold; z2 source=fu_kane,1,0,-1.0097544124989717,1.0803485417454,1.1102230246251565e-15,0.5,0.5
0.724,0.3,1.0,0.0,5.551115123125783e-17,-6.106226635438361e-16,3.141592653589793,3.141592653589793,-2.560954290624891e-17,0,0,critical_or_gapless,gap below reliability threshold; z2 source=fu_kane,-1,0,-0.4382785682974643,-0.9634721109942653,6.661338147750939e-16,0.5,0.5
0.726,0.3,1.0,0.0,5.551115123125783e-17,-1.0547118733938987e-15,3.141592653589793,3.141592653589793,4.142723566509401e-17,0,0,critical_or_gapless,gap below reliability threshold; z2 source=fu_kane,-1,0,2.993056019127414,-1.935515579973216,1.1102230246251565e-15,0.5,0.5
0.728,0.3,1.0,0.0,5.551115123125783e-17,-1.3877787807814457e-15,3.141592653589793,3.141592653589793,3.092640356594094e-16,0,0,critical_or_gapless,gap below reliability threshold; z2 source=fu_kane,0,0,-0.47681085344976354,3.6711232385302237,1.1102230246251565e-15,0.5,0.5
0.73,0.3,1.0,0.0,5.551115123125783e-17,-8.881784197001252e-16,3.141592653589793,3.141592653589793,-5.332361678826988e-16,0,0,critical_or_gapless,gap below reliability threshold; z2 source=fu_kane,-1,0,-2.4250238053110182,-0.9460996858753271,1.7763568394002505e-15,0.5,0.5
0.732,0.3,1.0,0.0,1.1102230246251565e-16,-6.106226635438361e-16,3.141592653589793,3.141592653589793,1.1271168471346099e-17,0,0,critical_or_gapless,gap below reliability threshold; z2 source=fu_kane,0,0,1.501680805772488,-0.05989215134684841,8.881784197001252e-16,0.5,0.5
0.734,0.3,1.0,0.0,5.551115123125783e-17,-9.43689570931383e-16,3.141592653589793,3.141592653589793,5.304837099228535e-16,0,0,critical_or_gapless,gap below reliability threshold; z2 source=fu_kane,-1,0,-3.507696362377336,1.4478120969812238,1.2212453270876722e-15,0.5,0.5
0.736,0.3,1.0,0.0,1.1102230246251565e-16,-8.881784197001252e-16,3.141592653589793,3.141592653589793,1.2675001099808653e-16,0,0,critical_or_gapless,gap below reliability threshold; z2 source=fu_kane,0,0,-2.010161238470453,0.050912653646257966,1.3322676295501878e-15,0.5,0.5
0.738,0.3,1.0,0.0,5.551115123125783e-17,-1.27675647831893e-15,3.141592653589793,3.141592653589793,-2.567820340650098e-16,0,0,critical_or_gapless,gap below reliability threshold; z2 source=fu_kane,-1,0,-0.8132853978766715,0.03773402374820663,9.992007221626409e-16,0.5,0.5
0.74,0.3,1.0,0.0,5.551115123125783e-17,-7.771561172376096e-16,3.141592653589793,3.141592653589793,9.431789713620578e-17,0,0,critical_or_gapless,gap below reliability threshold; z2 source=fu_kane,0,0,1.989974297761973,-0.35041779873474876,1.2212453270876722e-15,0.5,0.5
0.742,0.3,1.0,0.0,0.0,-7.216449660063518e-16,3.141592653589793,3.141592653589793,-2.2516956320464497e-16,0,0,critical_or_gapless,gap below reliability threshold; z2 source=fu_kane,1,0,-1.4941744814850475,-2.5539779272272263,1.7763568394002505e-15,0.5,0.5
0.744,0.3,1.0,0.0,1.6653345369377348e-16,-1.1657341758564144e-15,3.141592653589793,3.141592653589793,-1.9212605858824545e-16,0,0,critical_or_gapless,gap below reliability threshold; z2 source=fu_kane,-1,0,1.4604478746463263,-2.025776983715158,1.3322676295501878e-15,0.5,0.5
0.746,0.3,1.0,0.0,1.1102230246251565e-16,-9.43689570931383e-16,3.141592653589793,3.141592653589793,-3.521056875692806e-16,0,0,critical_or_gapless,gap below reliability threshold; z2 source=fu_kane,0,0,-1.994237351061168,0.2538425334960618,1.5543122344752192e-15,0.5,0.5
0.748,0.3,1.0,0.0,1.1102230246251565e-16,-9.992007221626409e-16,3.141592653589793,3.141592653589793,3.6870853972282294e-17,0,0,critical_or_gapless,gap below reliability threshold; z2 source=fu_kane,1,0,-0.9609998153269937,-2.9993096233536933,8.881784197001252e-16,0.5,0.5
0.75,0.3,1.0,0.0,5.551115123125783e-17,-1.0824674490095276e-15,3.141592653589793,3.141592653589793,2.6274118773251066e-17,0,0,critical_or_gapless,gap below reliability threshold; z2 source=fu_kane,0,0,-0.10114250960242009,-2.0143922912956334,1.3322676295501878e-15,0.5,0.5
0.752,0.3,1.0,0.0,0.0,-1.0824674490095276e-15,3.141592653589793,3.141592653589793,8.23082020944794e-16,0,0,critical_or_gapless,gap below reliability threshold; z2 source=fu_kane,-1,0,0.9938015472007246,-1.5170699354858732,8.881784197001252e-16,0.5,0.5
0.754,0.3,1.0,0.0,5.551115123125783e-17,-8.604228440844963e-16,3.141592653589793,3.141592653589793,-1.9623703214162099e-16,0,0,critical_or_gapless,gap below reliability threshold; z2 source=fu_kane,-1,0,-2.7549385366282806,-0.3990753430447478,1.5543122344752192e-15,0.5,0.5
0.756,0.3,1.0,0.0,5.551115123125783e-17,-9.71445146547012e-16,3.141592653589793,3.141592653589793,-7.394226251139037e-17,0,0,critical_or_gapless,gap below reliability threshold; z2 source=fu_kane,-1,0,3.0027203342155517,-2.467213178086516,1.6653345369377348e-15,0.5,0.5
0.758,0.3,1.0,0.0,5.551115123125783e-17,-1.2212453270876722e-15,3.141592653589793,3.141592653589793,-1.5497823840125862e-16,0,0,critical_or_gapless,gap below reliability threshold; z2 source=fu_kane,-1,0,-1.5125576405448278,3.0194665198140633,1.5543122344752192e-15,0.5,0.5
0.76,0.3,1.0,0.0,1.1102230246251565e-16,-7.216449660063518e-16,3.141592653589793,3.141592653589793,1.251561491676141e-16,0,0,critical_or_gapless,gap below reliability threshold; z2 source=fu_kane,-1,0,-1.0051198115046325,0.49975648605416356,1.7763568394002505e-15,0.5,0.5
0.762,0.3,1.0,0.0,8.326672684688674e-17,-7.216449660063518e-16,3.141592653589793,3.141592653589793,4.687370716940684e-17,0,0,critical_or_gapless,gap below reliability threshold; z2 source=fu_kane,0,0,2.496339454527556,-2.440561865166234,1.1102230246251565e-15,0.5,0.5
0.764,0.3,1.0,0.0,2.7755575615628914e-17,-7.216449660063518e-16,3.141592653589793,3.141592653589793,-3.0170441479667016e-16,0,0,critical_or_gapless,gap below reliability threshold; z2 source=fu_kane,-1,0,-0.500314052885654,-2.488712040681788,1.3322676295501878e-15,0.5,0.5
0.766,0.3,1.0,0.0,1.1102230246251565e-16,-6.938893903907228e-16,3.141592653589793,3.141592653589793,-2.6192484966304944e-16,0,0,critical_or_gapless,gap below reliability threshold; z2 source=fu_kane,-1,0,-0.9709914485940168,3.5409292343570287,1.6653345369377348e-15,0.5,0.5
0.768,0.3,1.0,0.0,0.0,-1.0547118733938987e-15,3.141592653589793,3.141592653589793,-5.490830474556392e-16,0,0,critical_or_gapless,gap below reliability threshold; z2 source=fu_kane,-1,0,0.48637076575827,-1.4313219299934337,2.220446049250313e-15,0.5,0.5
0.77,0.3,1.0,0.0,5.551115123125783e-17,-1.304512053934559e-15,3.141592653589793,3.141592653589793,-3.8242080696406083e-16,0,0,critical_or_gapless,gap below reliability threshold; z2 source=fu_kane,-1,0,0.496656304590482,1.4402143846405961,1.5543122344752192e-15,0.5,0.5
0.772,0.3,1.0,0.0,5.551115123125783e-17,-9.159339953157541e-16,3.141592653589793,3.141592653589793,-3.242849355281811e-16,0,0,critical_or_gapless,gap below reliability threshold; z2 source=fu_kane,-1,0,-0.5216036344677668,-0.12765963601877595,1.7763568394002505e-15,0.5,0.5
0.774,0.3,1.0,0.0,5.551115123125783e-17,-6.938893903907228e-16,3.141592653589793,3.141592653589793,-5.2924121322165e-17,0,0,critical_or_gapless,gap below reliability threshold; z2 source=fu_kane,-1,0,-2.9475036200422924,1.7391989582037097,1.6653345369377348e-15,0.5,0.5
0.776,0.3,1.0,0.0,5.551115123125783e-17,-1.1379786002407855e-15,3.141592653589793,3.141592653589793,-1.0230446162752477e-16,0,0,critical_or_gapless,gap below reliability threshold; z2 source=fu_kane,1,0,0.9717558543817266,-0.9409135154694807,1.3322676295501878e-15,0.5,0.5
0.778,0.3,1.0,0.0,8.326672684688674e-17,-1.7486012637846216e-15,3.141592653589793,3.141592653589793,1.0486194747552918e-16,0,0,critical_or_gapless,gap below reliability threshold; z2 source=fu_kane,-1,0,-2.4723064141656375,-1.045572222119375,1.7763568394002505e-15,0.5,0.5
0.78,0.3,1.0,0.0,1.3877787807814457e-16,-1.2212453270876722e-15,3.141592653589793,3.141592653589793,4.73145992862679e-16,0,0,critical_or_gapless,gap below reliability threshold; z2 source=fu_kane,-1,0,-1.4789415025701789,0.058066050687082295,1.5543122344752192e-15,0.5,0.5
0.782,0.3,1.0,0.0,1.6653345369377348e-16,-6.38378239159465e-16,3.141592653589793,3.141592653589793,1.223479372509447e-16,0,0,critical_or_gapless,gap below reliability threshold; z2 source=fu_kane,1,0,0.5219264044391835,-0.9489776351586588,1.6653345369377348e-15,0.5,0.5
0.784,0.3,1.0,0.0,1.1102230246251565e-16,-9.71445146547012e-16,3.141592653589793,3.141592653589793,-2.1332412314112018e-17,0,0,critical_or_gapless,gap below reliability threshold; z2 source=fu_kane,0,0,1.9708409279688772,-1.507096922907267,8.881784197001252e-16,0.5,0.5
0.786,0.3,1.0,0.0,2.7755575615628914e-17,-1.0824674490095276e-15,3.141592653589793,3.141592653589793,3.741558746266311e-16,0,0,critical_or_gapless,gap below reliability threshold; z2 source=fu_kane,-1,0,-1.481681478997734,1.5437780555974725,1.3322676295501878e-15,0.5,0.5
0.788,0.3,1.0,0.0,5.551115123125783e-17,-6.38378239159465e-16,3.141592653589793,3.141592653589793,-3.159945186194412e-16,0,0,critical_or_gapless,gap below reliability threshold; z2 source=fu_kane,0,0,1.961121708291424,-0.3339260787364632,1.9984014443252818e-15,0.5,0.5
0.79,0.3,1.0,0.0,8.326672684688674e-17,-6.38378239159465e-16,3.141592653589793,3.141592653589793,-2.54951427906075e-16,0,0,critical_or_gapless,gap below reliability threshold; z2 source=fu_kane,-1,0,-2.0270370932483655,0.9887604365855687,9.992007221626409e-16,0.5,0.5
0.792,0.3,1.0,0.0,0.0,-6.661338147750939e-16,3.141592653589793,3.141592653589793,-7.370396557991773e-17,0,0,critical_or_gapless,gap below reliability threshold; z2 source=fu_kane,0,0,1.504601291468056,-0.49988496099402263,1.1102230246251565e-15,0.5,0.5
0.794,0.3,1.0,0.0,2.7755575615628914e-17,-9.159339953157541e-16,3.141592653589793,3.141592653589793,7.315766272431519e-17,0,0,critical_or_gapless,gap below reliability threshold; z2 source=fu_kane,0,0,-2.0405914030522796,0.015032643966954133,8.881784197001252e-16,0.5,0.5
0.796,0.3,1.0,0.0,2.7755575615628914e-17,-1.1102230246251565e-15,3.141592653589793,3.141592653589793,2.4014612756303573e-16,0,0,critical_or_gapless,gap below reliability threshold; z2 source=fu_kane,-1,0,2.9755366660856857,1.5703751777440358,7.771561172376096e-16,0.5,0.5
0.798,0.3,1.0,0.0,0.0,-8.604228440844963e-16,3.141592653589793,3.141592653589793,2.868586322850499e-16,0,0,critical_or_gapless,gap below reliability threshold; z2 source=fu_kane,-1,0,-1.0345927180917662,2.489914483354755,1.3322676295501878e-15,0.5,0.5
0.8,0.3,1.0,0.0,8.326672684688674e-17,-1.1657341758564144e-15,3.141592653589793,3.141592653589793,9.485823772019897e-17,0,0,critical_or_gapless,gap below reliability threshold; z2 source=fu_kane,1,0,0.7175926056912161,-1.4399972779173444,1.1102230246251565e-15,0.5,0.5
0.802,0.3,1.0,0.0,8.326672684688674e-17,-1.1102230246251565e-15,3.141592653589793,3.141592653589793,-2.61983203312004e-16,0,0,critical_or_gapless,gap below reliability threshold; z2 source=fu_kane,-1,0,3.03404374605928,-2.4189681858249785,1.4432899320127035e-15,0.5,0.5
0.804,0.3,1.0,0.0,5.551115123125783e-17,-6.38378239159465e-16,3.141592653589793,3.141592653589793,-7.75379969344214e-17,0,0,critical_or_gapless,gap below reliability threshold; z2 source=fu_kane,-1,0,-1.0406642496978975,-1.5149271598842051,8.881784197001252e-16,0.5,0.5
0.806,0.3,1.0,0.0,0.0,-8.326672684688674e-16,3.141592653589793,3.141592653589793,1.0191754223874031e-16,0,0,critical_or_gapless,gap below reliability threshold; z2 source=fu_kane,-1,0,-2.006352537520025,-0.8764301897531643,1.6653345369377348e-15,0.5,0.5
0.808,0.3,1.0,0.0,5.551115123125783e-17,-1.1102230246251565e-15,3.141592653589793,3.141592653589793,-6.592330287629834e-17,0,0,critical_or_gapless,gap below reliability threshold; z2 source=fu_kane,0,0,-1.5570440669337475,-0.03662023043152488,1.9984014443252818e-15,0.5,0.5
0.81,0.3,1.0,0.0,2.7755575615628914e-17,-9.43689570931383e-16,3.141592653589793,3.141592653589793,1.7524532660141344e-16,0,0,critical_or_gapless,gap below reliability threshold; z2 source=fu_kane,0,0,3.940126889314918,-0.4659798815532353,1.4432899320127035e-15,0.5,0.5
0.812,0.3,1.0,0.0,8.326672684688674e-17,-6.938893903907228e-16,3.141592653589793,3.141592653589793,-1.8764379225363397e-16,0,0,critical_or_gapless,gap below reliability threshold; z2 source=fu_kane,-1,0,-0.022416910099578864,-1.4278239874102403,1.4432899320127035e-15,0.5,0.5
0.814,0.3,1.0,0.0,5.551115123125783e-17,-7.216449660063518e-16,3.141592653589793,3.141592653589793,-4.1454975534519074e-16,0,0,critical_or_gapless,gap below reliability threshold; z2 source=fu_kane,-1,0,-1.5045431615794047,2.5653038536345267,2.4424906541753444e-15,0.5,0.5
0.816,0.3,1.0,0.0,5.551115123125783e-17,-1.4155343563970746e-15,3.141592653589793,3.141592653589793,1.2761850452627797e-16,0,0,critical_or_gapless,gap below reliability threshold; z2 source=fu_kane,0,0,-1.9594254515193754,0.033073152587367115,8.881784197001252e-16,0.5,0.5
0.818,0.3,1.0,0.0,2.7755575615628914e-17,-1.0547118733938987e-15,3.141592653589793,3.141592653589793,-2.2313448038562467e-16,0,0,critical_or_gapless,gap below reliability threshold; z2 source=fu_kane,0,0,-2.498062509230485,0.4973653232153955,1.5543122344752192e-15,0.5,0.5
0.82,0.3,1.0,0.0,2.7755575615628914e-17,-9.43689570931383e-16,3.141592653589793,3.141592653589793,-2.2388945238504643e-16,0,0,critical_or_gapless,gap below reliability threshold; z2 source=fu_kane,0,0,0.003909206720115821,2.4578162941944486,8.881784197001252e-16,0.5,0.5
0.822,0.3,1.0,0.0,1.942890293094024e-16,-1.1379786002407855e-15,3.141592653589793,3.141592653589793,-2.3773673787778277e-16,0,0,critical_or_gapless,gap below reliability threshold; z2 source=fu_kane,-1,0,-1.5214656845772554,0.8658632799863744,9.992007221626409e-16,0.5,0.5
0.824,0.3,1.0,0.0,5.551115123125783e-17,-7.494005416219807e-16,3.141592653589793,3.141592653589793,2.2016391532747987e-19,0,0,critical_or_gapless,gap below reliability threshold; z2 source=fu_kane,1,0,0.7921558802616394,-0.8936595532139059,1.3322676295501878e-15,0.5,0.5
0.826,0.3,1.0,0.0,2.7755575615628914e-17,-9.71445146547012e-16,3.141592653589793,3.141592653589793,4.712224961404169e-18,0,0,critical_or_gapless,gap below reliability threshold; z2 source=fu_kane,-1,0,1.040903575820529,3.500763946154191,1.1102230246251565e-15,0.5,0.5
0.828,0.3,1.0,0.0,1.1102230246251565e-16,-1.1934897514720433e-15,3.141592653589793,3.141592653589793,-1.151455984137171e-16,0,0,critical_or_gapless,gap below reliability threshold; z2 source=fu_kane,-1,0,1.4900169703254664,0.025153735831189666,1.1102230246251565e-15,0.5,0.5
0.83,0.3,1.0,0.0,2.7755575615628914e-17,-8.881784197001252e-16,3.141592653589793,3.141592653589793,1.66485484229987e-16,0,0,critical_or_gapless,gap below reliability threshold; z2 source=fu_kane,1,0,2.5200654803137215,1.2151000510392844,1.4432899320127035e-15,0.5,0.5
0.832,0.3,1.0,0.0,8.326672684688674e-17,-6.661338147750939e-16,3.141592653589793,3.141592653589793,-2.478917085304525e-16,0,0,critical_or_gapless,gap below reliability threshold; z2 source=fu_kane,-1,0,-3.3151387924413056,-0.3749944487873723,1.5543122344752192e-15,0.5,0.5
0.834,0.3,1.0,0.0,2.7755575615628914e-17,-1.1934897514720433e-15,3.141592653589793,3.141592653589793,-1.6484462179064142e-16,0,0,critical_or_gapless,gap below reliability threshold; z2 source=fu_kane,-1,0,-2.4828235005032835,-0.8463355032612729,1.7763568394002505e-15,0.5,0.5
0.836,0.3,1.0,0.0,1.1102230246251565e-16,-5.551115123125783e-16,3.141592653589793,3.141592653589793,-1.4141484962817973e-16,0,0,critical_or_gapless,gap below reliability threshold; z2 source=fu_kane,-1,0,-2.4989392589026758,-3.0500460001228924,1.6653345369377348e-15,0.5,0.5
0.838,0.3,1.0,0.0,2.7755575615628914e-17,-8.326672684688674e-16,3.141592653589793,3.141592653589793,-3.1862525225942955e-16,0,0,critical_or_gapless,gap below reliability threshold; z2 source=fu_kane,-1,0,-1.4427872322764828,-0.016986243411434388,1.1102230246251565e-15,0.5,0.5
0.84,0.3,1.0,0.0,2.7755575615628914e-17,-7.771561172376096e-16,3.141592653589793,3.141592653589793,-3.7002173068416006e-16,0,0,critical_or_gapless,gap below reliability threshold; z2 source=fu_kane,-1,0,5.51362246460219,3.009532919031776,1.3322676295501878e-15,0.5,0.5
0.842,0.3,1.0,0.0,2.7755575615628914e-17,-7.494005416219807e-16,3.141592653589793,3.141592653589793,-3.3129786270556554e-16,0,0,critical_or_gapless,gap below reliability threshold; z2 source=fu_kane,1,0,1.0166505951859925,-0.8710135468315405,1.5543122344752192e-15,0.5,0.5
0.844,0.3,1.0,0.0,1.1102230246251565e-16,-5.273559366969494e-16,3.141592653589793,3.141592653589793,2.4055912729562474e-16,0,0,critical_or_gapless,gap below reliability threshold; z2 source=fu_kane,0,0,0.03699293249002015,-0.06970962794919403,1.1102230246251565e-15,0.5,0.5
0.846,0.3,1.0,0.0,5.551115123125783e-17,-9.71445146547012e-16,3.141592653589793,3.141592653589793,4.708532267977737e-18,0,0,critical_or_gapless,gap below reliability threshold; z2 source=fu_kane,-1,0,-1.49268581670715,0.01325098399422866,1.2212453270876722e-15,0.5,0.5
0.848,0.3,1.0,0.0,0.0,-9.992007221626409e-16,3.141592653589793,3.141592653589793,2.4274724818266076e-16,0,0,critical_or_gapless,gap below reliability threshold; z2 source=fu_kane,-1,0,0.006355696314281944,1.4031151289582036,1.4432899320127035e-15,0.5,0.5
0.85,0.3,1.0,0.0,8.326672684688674e-17,-5.551115123125783e-16,3.141592653589793,3.141592653589793,8.512109294372414e-17,0,0,critical_or_gapless,gap below reliability threshold; z2 source=fu_kane,1,0,0.6296370261325598,2.532753692042144,1.5543122344752192e-15,0.5,0.5
0.852,0.3,1.0,0.0,1.1102230246251565e-16,-9.43689570931383e-16,3.141592653589793,3.141592653589793,1.8609897992214174e-16,0,0,critical_or_gapless,gap below reliability threshold; z2 source=fu_kane,-1,0,1.4952320212977037,-3.521414019777705,1.1102230246251565e-15,0.5,0.5
0.854,0.3,1.0,0.0,2.7755575615628914e-17,-6.938893903907228e-16,3.141592653589793,3.141592653589793,-2.090378579932762e-16,0,0,critical_or_gapless,gap below reliability threshold; z2 source=fu_kane,-1,0,1.0188501075362228,-0.04082614452269887,1.5543122344752192e-15,0.5,0.5
0.856,0.3,1.0,0.0,1.1102230246251565e-16,-6.938893903907228e-16,3.141592653589793,3.141592653589793,-1.879841388794621e-16,0,0,critical_or_gapless,gap below reliability threshold; z2 source=fu_kane,0,0,-0.0025866142828176327,-0.4842711870123076,1.9984014443252818e-15,0.5,0.5
0.858,0.3,1.0,0.0,5.551115123125783e-17,-6.938893903907228e-16,3.141592653589793,3.141592653589793,-8.518822888485642e-17,0,0,critical_or_gapless,gap below reliability threshold; z2 source=fu_kane,0,0,-0.05740806428117403,-2.4996765725396686,2.4424906541753444e-15,0.5,0.5
0.86,0.3,1.0,0.0,5.551115123125783e-17,-8.049116928532385e-16,3.141592653589793,3.141592653589793,2.741011738052569e-16,0,0,critical_or_gapless,gap below reliability threshold; z2 source=fu_kane,-1,0,0.9833939298803168,-2.1061579166204565,1.3322676295501878e-15,0.5,0.5
0.862,0.3,1.0,0.0,1.3877787807814457e-16,-9.992007221626409e-16,3.141592653589793,3.141592653589793,5.372644007636126e-16,0,0,critical_or_gapless,gap below reliability threshold; z2 source=fu_kane,0,0,1.5034841485560841,1.5227778694042609,1.3322676295501878e-15,0.5,0.5
0.864,0.3,1.0,0.0,8.326672684688674e-17,-1.1379786002407855e-15,3.141592653589793,3.141592653589793,-2.6922267441255957e-16,0,0,critical_or_gapless,gap below reliability threshold; z2 source=fu_kane,-1,0,-1.4921929314493998,3.512523313237994,1.3322676295501878e-15,0.5,0.5
0.866,0.3,1.0,0.0,5.551115123125783e-17,-7.216449660063518e-16,3.141592653589793,3.141592653589793,-1.0724238045235727e-17,0,0,critical_or_gapless,gap below reliability threshold; z2 source=fu_kane,-1,0,1.2912706423919798,-1.6454533840511494,1.6653345369377348e-15,0.5,0.5
0.868,0.3,1.0,0.0,8.326672684688674e-17,-9.71445146547012e-16,3.141592653589793,3.141592653589793,1.3652977191574586e-16,0,0,critical_or_gapless,gap below reliability threshold; z2 source=fu_kane,1,0,1.0265495290977584,-3.495029601433404,1.1102230246251565e-15,0.5,0.5
0.87,0.3,1.0,0.0,5.551115123125783e-17,-6.38378239159465e-16,3.141592653589793,3.141592653589793,2.244692562451523e-16,0,0,critical_or_gapless,gap below reliability threshold; z2 source=fu_kane,0,0,-2.0185523643461947,-1.9335526220930113,1.4432899320127035e-15,0.5,0.5
0.872,0.3,1.0,0.0,8.326672684688674e-17,-1.4432899320127035e-15,3.141592653589793,3.141592653589793,7.313001665976298e-17,0,0,critical_or_gapless,gap below reliability threshold; z2 source=fu_kane,1,0,-2.745842354937274,1.0764964247565303,1.1102230246251565e-15,0.5,0.5
0.874,0.3,1.0,0.0,5.551115123125783e-17,-1.0547118733938987e-15,3.141592653589793,3.141592653589793,3.361436247470693e-16,0,0,critical_or_gapless,gap below reliability threshold; z2 source=fu_kane,1,0,-1.273822033964284,-0.9291723994878961,1.5543122344752192e-15,0.5,0.5
0.876,0.3,1.0,0.0,1.3877787807814457e-16,-7.771561172376096e-16,3.141592653589793,3.141592653589793,-4.419208670309583e-17,0,0,critical_or_gapless,gap below reliability threshold; z2 source=fu_kane,-1,0,-3.0045252219022003,-1.8861010653989594,1.5543122344752192e-15,0.5,0.5
0.878,0.3,1.0,0.0,4.163336342344337e-17,-1.5126788710517758e-15,3.141592653589793,3.141592653589793,-3.3279858675674064e-16,0,0,critical_or_gapless,gap below reliability threshold; z2 source=fu_kane,0,0,1.5069120700081282,-2.0108733539739228,1.5543122344752192e-15,0.5,0.5
0.88,0.3,1.0,0.0,9.71445146547012e-17,-7.91033905045424e-16,3.141592653589793,3.141592653589793,-3.4534536245157536e-16,0,0,critical_or_gapless,gap below reliability threshold; z2 source=fu_kane,0,0,-0.0019111353227807303,1.5130601744536898,1.3322676295501878e-15,0.5,0.5
0.882,0.3,1.0,0.0,8.326672684688674e-17,-8.743006318923108e-16,3.141592653589793,3.141592653589793,3.7153474939599293e-17,0,0,critical_or_gapless,gap below reliability threshold; z2 source=fu_kane,1,0,-4.520525140597629,-2.5089607630670314,1.5543122344752192e-15,0.5,0.5
0.884,0.3,1.0,0.0,5.551115123125783e-17,-9.298117831235686e-16,3.141592653589793,3.141592653589793,5.47481167558061e-16,0,0,critical_or_gapless,gap below reliability threshold; z2 source=fu_kane,1,0,0.9361963698945752,0.6549582809856703,1.1102230246251565e-15,0.5,0.5
0.886,0.3,1.0,0.0,2.7755575615628914e-17,-6.38378239159465e-16,3.141592653589793,3.141592653589793,3.8740032313327533e-16,0,0,critical_or_gapless,gap below reliability threshold; z2 source=fu_kane,-1,0,2.0021267773020033,3.035102074551867,9.992007221626409e-16,0.5,0.5
0.888,0.3,1.0,0.0,8.326672684688674e-17,-1.1379786002407855e-15,3.141592653589793,3.141592653589793,1.3787994275826102e-16,0,0,critical_or_gapless,gap below reliability threshold; z2 source=fu_kane,1,0,-2.819219723733084,-6.906173586096476,9.992007221626409e-16,0.5,0.5
0.89,0.3,1.0,0.0,1.3877787807814457e-17,-1.1518563880486e-15,3.141592653589793,3.141592653589793,5.88125736951409e-17,0,0,critical_or_gapless,gap below reliability threshold; z2 source=fu_kane,-1,0,0.08182340421648242,3.494749004391372,1.5543122344752192e-15,0.5,0.5
0.892,0.3,1.0,0.0,8.326672684688674e-17,-8.881784197001252e-16,3.141592653589793,3.141592653589793,1.4038664724802248e-16,0,0,critical_or_gapless,gap below reliability threshold; z2 source=fu_kane,-1,0,-3.8582082110060383,-0.5219409510907895,1.5543122344752192e-15,0.5,0.5
0.894,0.3,1.0,0.0,1.1102230246251565e-16,-5.828670879282072e-16,3.141592653589793,3.141592653589793,3.388188620834817e-16,0,0,critical_or_gapless,gap below reliability threshold; z2 source=fu_kane,0,0,3.994872791582993,-0.4323836569741854,1.3322676295501878e-15,0.5,0.5
0.896,0.3,1.0,0.0,4.163336342344337e-17,-7.91033905045424e-16,3.141592653589793,3.141592653589793,-6.761211250344486e-17,0,0,critical_or_gapless,gap below reliability threshold; z2 source=fu_kane,-1,0,0.511785644685429,-4.031825968821979,1.7763568394002505e-15,0.5,0.5
0.898,0.3,1.0,0.0,1.249000902703301e-16,-8.049116928532385e-16,3.141592653589793,3.141592653589793,1.665457974163392e-17,0,0,critical_or_gapless,gap below reliability threshold; z2 source=fu_kane,-1,0,-1.9629566560830258,3.495377760826048,1.5543122344752192e-15,0.5,0.5
0.9,0.3,1.0,0.0,4.163336342344337e-17,-1.2628786905111156e-15,3.141592653589793,3.141592653589793,-2.1903923944193043e-16,0,0,critical_or_gapless,gap below reliability threshold; z2 source=fu_kane,0,0,-1.9813193590447795,-3.5476282141621254,1.7763568394002505e-15,0.5,0.5
0.902,0.3,1.0,0.0,6.938893903907228e-17,-7.771561172376096e-16,3.141592653589793,3.141592653589793,4.53999931999275e-16,0,0,critical_or_gapless,gap below reliability threshold; z2 source=fu_kane,-1,0,1.470546016639794,2.084735825113118,1.7763568394002505e-15,0.5,0.5
0.904,0.3,1.0,0.0,4.163336342344337e-17,-9.853229343548264e-16,3.141592653589793,3.141592653589793,-1.21287839118476e-16,0,0,critical_or_gapless,gap below reliability threshold; z2 source=fu_kane,1,0,1.4924436217101527,-0.5618054066971391,1.2212453270876722e-15,0.5,0.5
0.906,0.3,1.0,0.0,2.7755575615628914e-17,-8.187894806610529e-16,3.141592653589793,3.141592653589793,1.8291710164637403e-16,0,0,critical_or_gapless,gap below reliability threshold; z2 source=fu_kane,1,0,0.9926298429059601,1.4880243713499377,8.881784197001252e-16,0.5,0.5
0.908,0.3,1.0,0.0,2.7755575615628914e-17,-6.661338147750939e-16,3.141592653589793,3.141592653589793,-1.298913231839684e-17,0,0,critical_or_gapless,gap below reliability threshold; z2 source=fu_kane,-1,0,-1.0065016798247446,-1.9313512656170244,1.5543122344752192e-15,0.5,0.5
0.91,0.3,1.0,0.0,5.551115123125783e-17,-5.551115123125783e-16,3.141592653589793,3.141592653589793,-1.152670745485747e-16,0,0,critical_or_gapless,gap below reliability threshold; z2 source=fu_kane,0,0,-2.4782221632581076,-0.10939310406220312,1.3322676295501878e-15,0.5,0.5
0.912,0.3,1.0,0.0,1.3877787807814457e-17,-9.575673587391975e-16,3.141592653589793,3.141592653589793,-1.2745476491482098e-16,0,0,critical_or_gapless,gap below reliability threshold; z2 source=fu_kane,-1,0,-3.7269222666757535,-1.2071748288466617,1.3322676295501878e-15,0.5,0.5
0.914,0.3,1.0,0.0,9.71445146547012e-17,-8.187894806610529e-16,3.141592653589793,3.141592653589793,4.4102401401582954e-17,0,0,critical_or_gapless,gap below reliability threshold; z2 source=fu_kane,1,0,-2.519735624794815,-1.4998317244070165,1.3322676295501878e-15,0.5,0.5
0.916,0.3,1.0,0.0,4.163336342344337e-17,-8.187894806610529e-16,3.141592653589793,3.141592653589793,-4.660134454622324e-16,0,0,critical_or_gapless,gap below reliability threshold; z2 source=fu_kane,-1,0,-4.977355782961327,-0.03716339862275102,1.1102230246251565e-15,0.5,0.5
0.918,0.3,1.0,0.0,6.938893903907228e-17,-9.853229343548264e-16,3.141592653589793,3.141592653589793,3.0558086280230375e-16,0,0,critical_or_gapless,gap below reliability threshold; z2 source=fu_kane,0,0,-0.01197401898923422,-2.3727727476526246,1.3322676295501878e-15,0.5,0.5
0.92,0.3,1.0,0.0,0.0,-8.187894806610529e-16,3.141592653589793,3.141592653589793,-8.136515258034785e-17,0,0,critical_or_gapless,gap below reliability threshold; z2 source=fu_kane,-1,0,0.01139478303375397,-3.0134116817142167,1.1102230246251565e-15,0.5,0.5
0.922,0.3,1.0,0.0,9.71445146547012e-17,-1.2628786905111156e-15,3.141592653589793,3.141592653589793,2.1613769166013373e-16,0,0,critical_or_gapless,gap below reliability threshold; z2 source=fu_kane,-1,0,2.504134366154366,-1.6757207784475205,1.3322676295501878e-15,0.5,0.5
0.924,0.3,1.0,0.0,0.0,-8.326672684688674e-16,3.141592653589793,3.141592653589793,-4.520290838021716e-16,0,0,critical_or_gapless,gap below reliability threshold; z2 source=fu_kane,0,0,0.03035778845601882,-0.4800613527191324,8.881784197001252e-16,0.5,0.5
0.926,0.3,1.0,0.0,1.3877787807814457e-17,-8.049116928532385e-16,3.141592653589793,3.141592653589793,-1.396859553298611e-16,0,0,critical_or_gapless,gap below reliability threshold; z2 source=fu_kane,0,0,1.5119575601417596,-2.4831144227111652,1.7763568394002505e-15,0.5,0.5
0.928,0.3,1.0,0.0,1.6653345369377348e-16,-6.245004513516506e-16,3.141592653589793,3.141592653589793,-1.5121327116777555e-16,0,0,critical_or_gapless,gap below reliability threshold; z2 source=fu_kane,1,0,-0.9139430232699696,3.0150801932783997,8.881784197001252e-16,0.5,0.5
0.93,0.3,1.0,0.0,2.7755575615628914e-17,-8.049116928532385e-16,3.141592653589793,3.141592653589793,4.1156086125863173e-16,0,0,critical_or_gapless,gap below reliability threshold; z2 source=fu_kane,-1,0,0.4866887451589683,1.4608598610080754,1.7763568394002505e-15,0.5,0.5
0.932,0.3,1.0,0.0,1.5265566588595902e-16,-6.800116025829084e-16,3.141592653589793,3.141592653589793,-7.186627709839718e-17,0,0,critical_or_gapless,gap below reliability threshold; z2 source=fu_kane,-1,0,-0.9729628432053243,1.8882254714264812,1.1102230246251565e-15,0.5,0.5
0.934,0.3,1.0,0.0,1.8041124150158794e-16,-4.0245584642661925e-16,3.141592653589793,3.141592653589793,-2.2006425526568137e-16,0,0,critical_or_gapless,gap below reliability threshold; z2 source=fu_kane,-1,0,-3.0033505041978303,-0.0013103467992466953,1.5543122344752192e-15,0.5,0.5
0.936,0.3,1.0,0.0,9.71445146547012e-17,-7.91033905045424e-16,3.141592653589793,3.141592653589793,-8.260218289471024e-17,0,0,critical_or_gapless,gap below reliability threshold; z2 source=fu_kane,-1,0,0.1297532082097021,1.0028206846417804,1.5543122344752192e-15,0.5,0.5
0.938,0.3,1.0,0.0,1.3877787807814457e-17,-8.326672684688674e-16,3.141592653589793,3.141592653589793,5.380044770339305e-16,0,0,critical_or_gapless,gap below reliability threshold; z2 source=fu_kane,0,0,0.466913232147625,-0.49225524901458045,8.881784197001252e-16,0.5,0.5
0.94,0.3,1.0,0.0,2.7755575615628914e-17,-1.0894063429134349e-15,3.141592653589793,3.141592653589793,-2.0672217861247971e-16,0,0,critical_or_gapless,gap below reliability threshold; z2 source=fu_kane,-1,0,2.242956660948018,-0.9462074459062246,1.6653345369377348e-15,0.5,0.5
0.942,0.3,1.0,0.0,6.938893903907228e-17,-7.494005416219807e-16,3.141592653589793,3.141592653589793,-6.608970707657753e-19,0,0,critical_or_gapless,gap below reliability threshold; z2 source=fu_kane,1,0,-3.029181320166129,1.4765571820859,1.7763568394002505e-15,0.5,0.5
0.944,0.3,1.0,0.0,1.3183898417423734e-16,-7.077671781985373e-16,3.141592653589793,3.141592653589793,-1.5214574384087672e-16,0,0,critical_or_gapless,gap below reliability threshold; z2 source=fu_kane,-1,0,-1.4625906715591683,0.489406424308784,1.3322676295501878e-15,0.5,0.5
0.946,0.3,1.0,0.0,7.632783294297951e-17,-6.38378239159465e-16,3.141592653589793,3.141592653589793,-4.43453888031139e-17,0,0,critical_or_gapless,gap below reliability threshold; z2 source=fu_kane,1,0,1.4479433365392338,-0.9867198736780511,1.3322676295501878e-15,0.5,0.5
0.948,0.3,1.0,0.0,3.469446951953614e-17,-9.783840404509192e-16,3.141592653589793,3.141592653589793,3.0736823037125e-17,0,0,critical_or_gapless,gap below reliability threshold; z2 source=fu_kane,-1,0,-0.03499293055583207,-1.0175986183166479,1.3322676295501878e-15,0.5,0.5
0.95,0.3,1.0,0.0,1.3877787807814457e-17,-1.1657341758564144e-15,3.141592653589793,3.141592653589793,4.751013604751775e-16,0,0,critical_or_gapless,gap below reliability threshold; z2 source=fu_kane,0,0,2.3426440391243997,-0.4540461366417473,1.2212453270876722e-15,0.5,0.5
0.952,0.3,1.0,0.0,6.245004513516506e-17,-6.522560269672795e-16,3.141592653589793,3.141592653589793,-4.897941122565518e-17,0,0,critical_or_gapless,gap below reliability threshold; z2 source=fu_kane,-1,0,-1.0176969710755048,0.23128796237710703,2.3314683517128287e-15,0.5,0.5
0.954,0.3,1.0,0.0,6.938893903907228e-17,-1.061650767297806e-15,3.141592653589793,3.141592653589793,1.7429230494484716e-16,0,0,critical_or_gapless,gap below reliability threshold; z2 source=fu_kane,0,0,-1.5032604513799905,2.0432534719602855,1.7763568394002505e-15,0.5,0.5
0.956,0.3,1.0,0.0,1.6653345369377348e-16,-7.979727989493313e-16,3.141592653589793,3.141592653589793,4.864550731549918e-17,0,0,critical_or_gapless,gap below reliability threshold; z2 source=fu_kane,-1,0,3.073756110295702,-0.11617360694493373,1.3322676295501878e-15,0.5,0.5
0.958,0.3,1.0,0.0,3.469446951953614e-17,-8.534839501805891e-16,3.141592653589793,3.141592653589793,-1.2301935865495125e-16,0,0,critical_or_gapless,gap below reliability threshold; z2 source=fu_kane,1,0,0.5114387532620621,-1.435657895901922,1.4432899320127035e-15,0.5,0.5
0.96,0.3,1.0,0.0,1.0408340855860843e-16,-8.951173136040325e-16,3.141592653589793,3.141592653589793,-9.991699142992448e-17,0,0,critical_or_gapless,gap below reliability threshold; z2 source=fu_kane,0,0,0.4989387134011649,0.2818911712246824,1.5543122344752192e-15,0.5,0.5
0.962,0.3,1.0,0.0,5.551115123125783e-17,-9.367506770274758e-16,3.141592653589793,3.141592653589793,-9.34032482857888e-17,0,0,critical_or_gapless,gap below reliability threshold; z2 source=fu_kane,0,0,2.489636500866342,-3.5538837077488967,1.1102230246251565e-15,0.5,0.5
0.964,0.3,1.0,0.0,1.3877787807814457e-17,-1.214306433183765e-15,3.141592653589793,3.141592653589793,-2.1555614070616297e-16,0,0,critical_or_gapless,gap below reliability threshold; z2 source=fu_kane,0,0,-0.35360788563693657,-2.0150032639539424,8.881784197001252e-16,0.5,0.5
0.966,0.3,1.0,0.0,2.7755575615628914e-17,-8.743006318923108e-16,3.141592653589793,3.141592653589793,-2.0433943738221373e-16,0,0,critical_or_gapless,gap below reliability threshold; z2 source=fu_kane,-1,0,0.6821619988288589,-1.5149185613143816,1.3322676295501878e-15,0.5,0.5
0.968,0.3,1.0,0.0,2.0816681711721685e-17,-1.3114509478384662e-15,3.141592653589793,3.141592653589793,-2.1970439929482163e-16,0,0,critical_or_gapless,gap below reliability threshold; z2 source=fu_kane,1,0,1.0198867108832814,3.200489689848606,1.3322676295501878e-15,0.5,0.5
0.97,0.3,1.0,0.0,2.0816681711721685e-17,-7.320533068622126e-16,3.141592653589793,3.141592653589793,1.649609239089108e-16,0,0,critical_or_gapless,gap below reliability threshold; z2 source=fu_kane,0,0,2.4937907873830505,-2.478513077811354,1.4432899320127035e-15,0.5,0.5
0.972,0.3,1.0,0.0,1.2836953722228372e-16,-9.08995101411847e-16,3.141592653589793,3.141592653589793,8.501466833200252e-17,0,0,critical_or_gapless,gap below reliability threshold; z2 source=fu_kane,-1,0,-1.466980414931941,0.4957379850296043,1.7763568394002505e-15,0.5,0.5
0.974,0.3,1.0,0.0,3.122502256758253e-17,-1.106753577673203e-15,3.141592653589793,3.141592653589793,-5.733563916703933e-16,0,0,critical_or_gapless,gap below reliability threshold; z2 source=fu_kane,-1,0,-0.8149516370229739,-0.41827181373788214,1.2212453270876722e-15,0.5,0.5
0.976,0.3,1.0,0.0,6.938893903907228e-17,-9.055256544598933e-16,3.141592653589793,3.141592653589793,6.1591436890416414e-18,0,0,critical_or_gapless,gap below reliability threshold; z2 source=fu_kane,-1,0,-1.7800483411888524,-1.2586754738295962,1.1102230246251565e-15,0.5,0.5
0.978,0.3,1.0,0.0,1.1796119636642288e-16,-7.389922007661198e-16,3.141592653589793,3.141592653589793,4.1020299015471115e-16,0,0,critical_or_gapless,gap below reliability threshold; z2 source=fu_kane,-1,0,-1.986048326598147,3.0766706895332883,1.3322676295501878e-15,0.5,0.5
0.98,0.3,1.0,0.0,1.3183898417423734e-16,-7.7021722333370235e-16,3.141592653589793,3.141592653589793,-2.2591787059989373e-16,0,0,critical_or_gapless,gap below reliability threshold; z2 source=fu_kane,0,0,6.2979836046006845,0.012985590782274884,1.3322676295501878e-15,0.5,0.5
0.982,0.3,1.0,0.0,1.3183898417423734e-16,-8.014422459012849e-16,3.141592653589793,3.141592653589793,-1.4790396531538136e-17,0,0,critical_or_gapless,gap below reliability threshold; z2 source=fu_kane,-1,0,-0.9798549494675661,-2.061073086359582,9.992007221626409e-16,0.5,0.5
0.984,0.3,1.0,0.0,5.898059818321144e-17,-6.38378239159465e-16,3.141592653589793,3.141592653589793,-4.5630160959440573e-17,0,0,critical_or_gapless,gap below reliability threshold; z2 source=fu_kane,0,0,-1.959805589681658,0.029742087998552356,1.3322676295501878e-15,0.5,0.5
0.986,0.3,1.0,0.0,1.3877787807814457e-17,-1.2021633688519273e-15,3.141592653589793,3.141592653589793,1.0561796818331027e-16,0,0,critical_or_gapless,gap below reliability threshold; z2 source=fu_kane,1,0,-0.9858357979610184,1.2511001409210092,6.661338147750939e-16,0.5,0.5
0.988,0.3,1.0,0.0,2.983724378680108e-16,-2.237793284010081e-16,3.141592653589793,3.141592653589793,3.9936193032436663e-16,0,0,critical_or_gapless,gap below reliability threshold; z2 source=fu_kane,0,0,-2.4962920928672374,1.5664651653828916,1.3322676295501878e-15,0.5,0.5
0.99,0.3,1.0,0.0,1.3877787807814457e-17,-1.0269562977782698e-15,3.141592653589793,3.141592653589793,-5.2641103966858765e-17,0,0,critical_or_gapless,gap below reliability threshold; z2 source=fu_kane,-1,0,0.9819710102492158,-0.03360989272028593,1.1102230246251565e-15,0.5,0.5
0.992,0.3,1.0,0.0,7.28583859910259e-17,-9.072603779358701e-16,3.141592653589793,3.141592653589793,-1.490949139829558e-17,0,0,critical_or_gapless,gap below reliability threshold; z2 source=fu_kane,-1,0,1.524622417574632,-0.9636518120636977,1.7763568394002505e-15,0.5,0.5
0.994,0.3,1.0,0.0,1.4137996329210978e-16,-7.034303695085953e-16,3.141592653589793,3.141592653589793,-7.153602830301597e-16,0,0,critical_or_gapless,gap below reliability threshold; z2 source=fu_kane,-1,0,2.5152013556074855,0.424785352050681,1.4432899320127035e-15,0.5,0.5
0.996,0.3,1.0,0.0,3.209238430557093e-17,-7.346553920761778e-16,3.141592653589793,3.141592653589793,-3.8859620774612035e-16,0,0,critical_or_gapless,gap below reliability threshold; z2 source=fu_kane,0,0,1.5637471377078656,1.5205146753144396,1.1102230246251565e-15,0.5,0.5
0.998,0.3,1.0,0.0,3.0357660829594124e-18,-7.333543494691952e-16,3.141592653589793,3.141592653589793,5.3047398060690325e-18,0,0,critical_or_gapless,gap below reliability threshold; z2 source=fu_kane,-1,0,-0.47264240443723193,1.0488038736845717,1.4432899320127035e-15,0.5,0.5
1.0,0.3,1.0,0.0,2.6798763621895763e-32,-1.1171472287445201e-15,3.141592653589793,3.141592653589793,-1.680235200252632e-16,0,0,critical_or_gapless,gap below reliability threshold; z2 source=fu_kane,0,0,-0.4900255428907528,-0.49261534950845637,9.992007221626409e-16,0.5,0.5
1.002,0.3,1.0,0.0,3.0357660829594124e-18,-1.1557595158695477e-15,3.141592653589793,3.141592653589793,-4.664000295677708e-17,0,0,critical_or_gapless,gap below reliability threshold; z2 source=fu_kane,-1,0,0.8556438936521615,-1.6411815395666796,9.992007221626409e-16,0.5,0.5
1.004,0.3,1.0,0.0,3.209238430557093e-17,-1.2776238400569184e-15,3.141592653589793,3.141592653589793,4.665088546159274e-18,0,0,critical_or_gapless,gap below reliability threshold; z2 source=fu_kane,1,0,2.5249193476698664,0.9960396955162779,1.1102230246251565e-15,0.5,0.5
1.006,0.3,1.0,0.0,1.4137996329210978e-16,-7.467984564080155e-16,3.141592653589793,3.141592653589793,-2.864759227307482e-16,0,0,critical_or_gapless,gap below reliability threshold; z2 source=fu_kane,1,0,2.509172357507448,1.3218652483569662,8.881784197001252e-16,0.5,0.5
1.008,0.3,1.0,0.0,7.28583859910259e-17,-8.344019919448442e-16,3.141592653589793,3.141592653589793,2.0185630157399027e-16,0,0,critical_or_gapless,gap below reliability threshold; z2 source=fu_kane,-1,0,1.469905347852103,-2.4388960344514676,1.887379141862766e-15,0.5,0.5
1.01,0.3,1.0,0.0,1.3877787807814457e-17,-7.28583859910259e-16,3.141592653589793,3.141592653589793,4.091870323002117e-16,0,0,critical_or_gapless,gap below reliability threshold; z2 source=fu_kane,0,0,2.0122024841952046,-1.5263397647634842,1.1102230246251565e-15,0.5,0.5
1.012,0.3,1.0,0.0,2.983724378680108e-16,-8.951173136040325e-16,3.141592653589793,3.141592653589793,-3.2809616202532267e-16,0,0,critical_or_gapless,gap below reliability threshold; z2 source=fu_kane,-1,0,-1.3239127626148566,0.4673505085961075,1.9984014443252818e-15,0.5,0.5
1.014,0.3,1.0,0.0,1.3877787807814457e-17,-6.262351748276274e-16,3.141592653589793,3.141592653589793,3.783908652480724e-16,0,0,critical_or_gapless,gap below reliability threshold; z2 source=fu_kane,0,0,-1.8055880544304101,2.4913804891746305,1.5543122344752192e-15,0.5,0.5
1.016,0.3,1.0,0.0,5.898059818321144e-17,-8.743006318923108e-16,3.141592653589793,3.141592653589793,-5.797085554353621e-17,0,0,critical_or_gapless,gap below reliability threshold; z2 source=fu_kane,-1,0,-0.9974161452932362,-0.010442931970243994,1.2212453270876722e-15,0.5,0.5
1.018,0.3,1.0,0.0,1.3183898417423734e-16,-8.81239525796218e-16,3.141592653589793,3.141592653589793,-4.78075521342096e-17,0,0,critical_or_gapless,gap below reliability threshold; z2 source=fu_kane,-1,0,-2.1905420500923065,0.9891514540155195,9.992007221626409e-16,0.5,0.5
1.02,0.3,1.0,0.0,1.3183898417423734e-16,-1.0269562977782698e-15,3.141592653589793,3.141592653589793,-1.805421877284475e-16,0,0,critical_or_gapless,gap below reliability threshold; z2 source=fu_kane,0,0,-3.5097209840708428,1.9936015536719272,1.1102230246251565e-15,0.5,0.5
1.022,0.3,1.0,0.0,1.1796119636642288e-16,-5.30825383648903e-16,3.141592653589793,3.141592653589793,-3.7415694467967106e-16,0,0,critical_or_gapless,gap below reliability threshold; z2 source=fu_kane,-1,0,2.0141413993901094,-3.049059153493352,1.3322676295501878e-15,0.5,0.5
1.024,0.3,1.0,0.0,6.938893903907228e-17,-9.575673587391975e-16,3.141592653589793,3.141592653589793,-1.288852287003332e-17,0,0,critical_or_gapless,gap below reliability threshold; z2 source=fu_kane,-1,0,1.516396070730609,-1.499467333438477,8.881784197001252e-16,0.5,0.5
1.026,0.3,1.0,0.0,3.122502256758253e-17,-1.2004286453759505e-15,3.141592653589793,3.141592653589793,4.853532174511418e-17,0,0,critical_or_gapless,gap below reliability threshold; z2 source=fu_kane,0,0,0.07477145299372602,-2.4577131975760143,1.5543122344752192e-15,0.5,0.5
1.028,0.3,1.0,0.0,1.2836953722228372e-16,-7.73686670285656e-16,3.141592653589793,3.141592653589793,2.0963514756036085e-16,0,0,critical_or_gapless,gap below reliability threshold; z2 source=fu_kane,0,0,-3.960057768938706,0.47436781300815495,1.3322676295501878e-15,0.5,0.5
1.03,0.3,1.0,0.0,3.469446951953614e-17,-1.0824674490095276e-15,3.141592653589793,3.141592653589793,-3.028519147688828e-16,0,0,critical_or_gapless,gap below reliability threshold; z2 source=fu_kane,-1,0,0.5031016264362743,-0.002423489717263407,1.5543122344752192e-15,0.5,0.5
1.032,0.3,1.0,0.0,2.0816681711721685e-17,-9.159339953157541e-16,3.141592653589793,3.141592653589793,3.698612023212542e-16,0,0,critical_or_gapless,gap below reliability threshold; z2 source=fu_kane,-1,0,-0.42241639846892587,-1.476946208927782,1.3322676295501878e-15,0.5,0.5
1.034,0.3,1.0,0.0,2.7755575615628914e-17,-7.28583859910259e-16,3.141592653589793,3.141592653589793,1.0618190832024213e-16,0,0,critical_or_gapless,gap below reliability threshold; z2 source=fu_kane,1,0,-2.7925400227260186,-1.3386255773001676,1.7763568394002505e-15,0.5,0.5
1.036,0.3,1.0,0.0,1.249000902703301e-16,-6.730727086790012e-16,3.141592653589793,3.141592653589793,2.287519771087599e-16,0,0,critical_or_gapless,gap below reliability threshold; z2 source=fu_kane,0,0,0.4578229113907624,0.47057405795821167,7.771561172376096e-16,0.5,0.5
1.038,0.3,1.0,0.0,5.551115123125783e-17,-9.159339953157541e-16,3.141592653589793,3.141592653589793,1.6787148734156642e-16,0,0,critical_or_gapless,gap below reliability threshold; z2 source=fu_kane,-1,0,0.5192276176761393,-0.1406356793528153,1.3322676295501878e-15,0.5,0.5
1.04,0.3,1.0,0.0,1.0408340855860843e-16,-8.673617379884035e-16,3.141592653589793,3.141592653589793,-2.525573388879841e-16,0,0,critical_or_gapless,gap below reliability threshold; z2 source=fu_kane,-1,0,1.863933574554669,-4.9901792139886005,1.5543122344752192e-15,0.5,0.5
1.042,0.3,1.0,0.0,3.469446951953614e-17,-1.1449174941446927e-15,3.141592653589793,3.141592653589793,-5.2776573265269476e-17,0,0,critical_or_gapless,gap below reliability threshold; z2 source=fu_kane,1,0,-0.758946534856011,2.5527315795110037,1.5543122344752192e-15,0.5,0.5
1.044,0.3,1.0,0.0,1.6653345369377348e-16,-8.396061623727746e-16,3.141592653589793,3.141592653589793,-1.8716888305427337e-17,0,0,critical_or_gapless,gap below reliability threshold; z2 source=fu_kane,-1,0,-2.544798322886089,0.4402964328045385,1.7763568394002505e-15,0.5,0.5
1.046,0.3,1.0,0.0,6.938893903907228e-17,-6.730727086790012e-16,3.141592653589793,3.141592653589793,-2.2801649602801143e-16,0,0,critical_or_gapless,gap below reliability threshold; z2 source=fu_kane,1,0,3.005899078020471,0.5320604603737217,5.551115123125783e-16,0.5,0.5
1.048,0.3,1.0,0.0,6.245004513516506e-17,-8.81239525796218e-16,3.141592653589793,3.141592653589793,-2.590884040175848e-16,0,0,critical_or_gapless,gap below reliability threshold; z2 source=fu_kane,-1,0,0.0033732735786172886,-1.0439208196919465,1.3322676295501878e-15,0.5,0.5
1.05,0.3,1.0,0.0,1.3877787807814457e-17,-7.008282842946301e-16,3.141592653589793,3.141592653589793,-3.2087953472744553e-16,0,0,critical_or_gapless,gap below reliability threshold; z2 source=fu_kane,-1,0,-0.4998019249616667,0.9697706989992665,1.3322676295501878e-15,0.5,0.5
1.052,0.3,1.0,0.0,3.469446951953614e-17,-8.465450562766819e-16,3.141592653589793,3.141592653589793,-4.291520833462057e-16,0,0,critical_or_gapless,gap below reliability threshold; z2 source=fu_kane,0,0,-2.236105076430469,2.1076728584179536,1.3322676295501878e-15,0.5,0.5
1.054,0.3,1.0,0.0,7.632783294297951e-17,-6.522560269672795e-16,3.141592653589793,3.141592653589793,1.0790965615725477e-16,0,0,critical_or_gapless,gap below reliability threshold; z2 source=fu_kane,1,0,1.0291516201845448,-0.5510302530226767,1.3322676295501878e-15,0.5,0.5
1.056,0.3,1.0,0.0,1.3183898417423734e-16,-7.28583859910259e-16,3.141592653589793,3.141592653589793,-5.886459238079853e-18,0,0,critical_or_gapless,gap below reliability threshold; z2 source=fu_kane,-1,0,-0.7944895656589763,-0.26424594139047275,1.6653345369377348e-15,0.5,0.5
1.058,0.3,1.0,0.0,6.938893903907228e-17,-1.0755285551056204e-15,3.141592653589793,3.141592653589793,1.7355312100429545e-16,0,0,critical_or_gapless,gap below reliability threshold; z2 source=fu_kane,1,0,1.0805577204790149,-1.495417869525203,1.7763568394002505e-15,0.5,0.5
1.06,0.3,1.0,0.0,2.7755575615628914e-17,-9.506284648352903e-16,3.141592653589793,3.141592653589793,1.514819864398174e-16,0,0,critical_or_gapless,gap below reliability threshold; z2 source=fu_kane,-1,0,-3.484760130407984,-2.029936337957809,1.1102230246251565e-15,0.5,0.5
1.062,0.3,1.0,0.0,1.3877787807814457e-17,-1.3877787807814457e-15,3.141592653589793,3.141592653589793,-2.3619447061013676e-16,0,0,critical_or_gapless,gap below reliability threshold; z2 source=fu_kane,-1,0,0.5396509258949073,0.48917755152388737,1.4432899320127035e-15,0.5,0.5
1.064,0.3,1.0,0.0,4.163336342344337e-17,-6.106226635438361e-16,3.141592653589793,3.141592653589793,-4.1316402940280647e-16,0,0,critical_or_gapless,gap below reliability threshold; z2 source=fu_kane,1,0,-1.0869217945450473,-0.919014023711324,1.887379141862766e-15,0.5,0.5
1.066,0.3,1.0,0.0,6.938893903907228e-17,-1.2073675392798577e-15,3.141592653589793,3.141592653589793,2.7337644537709165e-16,0,0,critical_or_gapless,gap below reliability threshold; z2 source=fu_kane,-1,0,-0.9533585882828882,-1.5258120938428137,1.4432899320127035e-15,0.5,0.5
1.068,0.3,1.0,0.0,1.249000902703301e-16,-1.6930901125533637e-15,3.141592653589793,3.141592653589793,-2.0406674431280687e-16,0,0,critical_or_gapless,gap below reliability threshold; z2 source=fu_kane,-1,0,-0.7701504834684313,3.755088236065428,1.1102230246251565e-15,0.5,0.5
1.07,0.3,1.0,0.0,4.163336342344337e-17,-1.096345236817342e-15,3.141592653589793,3.141592653589793,-1.2897430983062927e-17,0,0,critical_or_gapless,gap below reliability threshold; z2 source=fu_kane,-1,0,-0.7732221306444383,-0.4825247041180488,1.1102230246251565e-15,0.5,0.5
1.072,0.3,1.0,0.0,1.3877787807814457e-17,-1.2212453270876722e-15,3.141592653589793,3.141592653589793,-6.797047866555745e-17,0,0,critical_or_gapless,gap below reliability threshold; z2 source=fu_kane,0,0,0.48708048156182937,-3.957245807877524,1.2212453270876722e-15,0.5,0.5
1.074,0.3,1.0,0.0,2.7755575615628914e-17,-1.1379786002407855e-15,3.141592653589793,3.141592653589793,7.746538313630681e-17,0,0,critical_or_gapless,gap below reliability threshold; z2 source=fu_kane,1,0,1.0035365215277545,-1.12566471406395,1.2212453270876722e-15,0.5,0.5
1.076,0.3,1.0,0.0,6.938893903907228e-17,-9.853229343548264e-16,3.141592653589793,3.141592653589793,6.987459422323534e-17,0,0,critical_or_gapless,gap below reliability threshold; z2 source=fu_kane,-1,0,1.5858182018799152,0.9682615706314535,1.2212453270876722e-15,0.5,0.5
1.078,0.3,1.0,0.0,0.0,-7.494005416219807e-16,3.141592653589793,3.141592653589793,1.1852076230538462e-16,0,0,critical_or_gapless,gap below reliability threshold; z2 source=fu_kane,-1,0,0.020246145401792003,0.6244985045861505,1.7763568394002505e-15,0.5,0.5
1.08,0.3,1.0,0.0,6.938893903907228e-17,-9.853229343548264e-16,3.141592653589793,3.141592653589793,3.080417011250493e-16,0,0,critical_or_gapless,gap below reliability threshold; z2 source=fu_kane,1,0,-0.5059120458140702,0.9334643119680238,1.887379141862766e-15,0.5,0.5
1.082,0.3,1.0,0.0,4.163336342344337e-17,-6.938893903907228e-16,3.141592653589793,3.141592653589793,1.1892973260369285e-16,0,0,critical_or_gapless,gap below reliability threshold; z2 source=fu_kane,1,0,-0.9791884710314617,0.9662138373070798,1.5543122344752192e-15,0.5,0.5
1.084,0.3,1.0,0.0,5.551115123125783e-17,-7.355227538141662e-16,3.141592653589793,3.141592653589793,-5.78715670163784e-16,0,0,critical_or_gapless,gap below reliability threshold; z2 source=fu_kane,0,0,2.0008969734855913,-0.3772286330020372,1.887379141862766e-15,0.5,0.5
1.086,0.3,1.0,0.0,4.163336342344337e-17,-9.575673587391975e-16,3.141592653589793,3.141592653589793,-5.071074507708243e-16,0,0,critical_or_gapless,gap below reliability threshold; z2 source=fu_kane,1,0,-3.141549645501266,2.7725910470886515,8.881784197001252e-16,0.5,0.5
1.088,0.3,1.0,0.0,8.326672684688674e-17,-4.996003610813204e-16,3.141592653589793,3.141592653589793,-1.8225568207439474e-17,0,0,critical_or_gapless,gap below reliability threshold; z2 source=fu_kane,1,0,-2.991152370243211,-0.6844047049258816,1.5543122344752192e-15,0.5,0.5
1.09,0.3,1.0,0.0,5.551115123125783e-17,-6.938893903907228e-16,3.141592653589793,3.141592653589793,-2.702429209769898e-16,0,0,critical_or_gapless,gap below reliability threshold; z2 source=fu_kane,-1,0,0.4623948862074985,2.515860910413769,1.5543122344752192e-15,0.5,0.5
1.092,0.3,1.0,0.0,1.5265566588595902e-16,-6.522560269672795e-16,3.141592653589793,3.141592653589793,-8.871625894865065e-18,0,0,critical_or_gapless,gap below reliability threshold; z2 source=fu_kane,-1,0,4.494912045964067,-1.015560826039296,1.5543122344752192e-15,0.5,0.5
1.094,0.3,1.0,0.0,8.326672684688674e-17,-1.6792123247455493e-15,3.141592653589793,3.141592653589793,-1.3648461579844188e-16,0,0,critical_or_gapless,gap below reliability threshold; z2 source=fu_kane,-1,0,0.9891030947453088,-1.5031051185555993,1.1102230246251565e-15,0.5,0.5
1.096,0.3,1.0,0.0,8.326672684688674e-17,-9.298117831235686e-16,3.141592653589793,3.141592653589793,-6.158848017484398e-16,0,0,critical_or_gapless,gap below reliability threshold; z2 source=fu_kane,-1,0,0.15603917271700515,0.9999510834763227,1.1102230246251565e-15,0.5,0.5
1.098,0.3,1.0,0.0,1.3877787807814457e-17,-1.0130785099704553e-15,3.141592653589793,3.141592653589793,-4.535898478831424e-16,0,0,critical_or_gapless,gap below reliability threshold; z2 source=fu_kane,1,0,-3.4919196076353916,-0.6136390291130516,1.3322676295501878e-15,0.5,0.5
1.1,0.3,1.0,0.0,2.7755575615628914e-17,-1.1657341758564144e-15,3.141592653589793,3.141592653589793,-3.0091208589176564e-17,0,0,critical_or_gapless,gap below reliability threshold; z2 source=fu_kane,-1,0,0.45589724724919645,-1.1179153220327467,1.2212453270876722e-15,0.5,0.5
0.0,0.3,1.0,0.1,1.1999999999999984,0.799999999999999,0.0,0.0,2.1704859628244906e-16,0,1,trivial_insulator,z2 source=fu_kane,-1,0,0.07718995903749253,-0.8604887416491926,1.5543122344752192e-15,0.0,0.0
0.01,0.3,1.0,0.1,1.1800000000000004,0.8000000000000003,3.141592653589793,3.141592653589793,5.533466733307261e-16,0,1,trivial_insulator,z2 source=fu_kane,-1,0,1.0393355055775984,0.2112902394243997,1.5543122344752192e-15,0.5,0.5
0.02,0.3,1.0,0.1,1.16,0.7999999999999998,3.141592653589793,3.141592653589793,2.786681824107549e-16,0,1,trivial_insulator,z2 source=fu_kane,-1,0,1.4433406329519916,1.6322360842511028,1.7763568394002505e-15,0.5,0.5
0.03,0.3,1.0,0.1,1.1399999999999995,0.7999999999999995,3.141592653589793,3.141592653589793,-2.704770798737088e-16,0,1,trivial_insulator,z2 source=fu_kane,-1,0,0.6304971080296706,-2.385052620021614,1.3322676295501878e-15,0.5,0.5
0.04,0.3,1.0,0.1,1.1200000000000003,0.7999999999999994,3.141592653589793,3.141592653589793,-1.8645217731670134e-16,0,1,trivial_insulator,z2 source=fu_kane,0,0,0.12737480041224622,0.43319367852428164,1.9984014443252818e-15,0.5,0.5
0.05,0.3,1.0,0.1,1.0999999999999999,0.7999999999999988,3.141592653589793,3.141592653589793,-7.389637692070982e-19,0,1,trivial_insulator,z2 source=fu_kane,0,0,0.20412595979291434,-0.23712073643735537,1.5543122344752192e-15,0.5,0.5
0.06,0.3,1.0,0.1,1.08,0.7999999999999994,3.141592653589793,3.141592653589793,-2.680054653024464e-17,0,1,trivial_insulator,z2 source=fu_kane,-1,0,0.9406233227689345,2.4973497219677765,2.220446049250313e-15,0.5,0.5
0.07,0.3,1.0,0.1,1.0599999999999996,0.7999999999999994,3.141592653589793,3.141592653589793,7.089712696579816e-17,0,1,trivial_insulator,z2 source=fu_kane,-1,0,0.01873427120632031,0.9400722864468661,1.7763568394002505e-15,0.5,0.5
0.08,0.3,1.0,0.1,1.0400000000000005,0.8000000000000005,3.141592653589793,3.141592653589793,-3.443182934168535e-16,0,1,trivial_insulator,z2 source=fu_kane,1,0,0.9673625266438349,-2.6796109217758577,1.3322676295501878e-15,0.5,0.5
0.09,0.3,1.0,0.1,1.0200000000000002,0.8,3.141592653589793,3.141592653589793,-2.9268184168237823e-16,0,1,trivial_insulator,z2 source=fu_kane,-1,0,-1.749823184260065,1.1760643256150296,1.3322676295501878e-15,0.5,0.5
0.1,0.3,1.0,0.1,0.9999999999999996,0.7999999999999992,3.141592653589793,3.141592653589793,-8.493327938043515e-16,0,1,trivial_insulator,z2 source=fu_kane,-1,0,-1.6636722655632243,0.5095526133449677,1.1102230246251565e-15,0.5,0.5
0.11,0.3,1.0,0.1,0.9799999999999996,0.7999999999999992,3.141592653589793,3.141592653589793,-8.901546815032993e-16,0,1,trivial_insulator,z2 source=fu_kane,0,0,-1.790061883166753,1.8711110651652914,1.887379141862766e-15,0.5,0.5
0.12,0.3,1.0,0.1,0.9599999999999991,0.7999999999999989,3.141592653589793,3.141592653589793,-1.794881775171178e-16,0,1,trivial_insulator,z2 source=fu_kane,-1,0,-1.2891203719890425,-2.0532569081268286,2.4424906541753444e-15,0.5,0.5
0.13,0.3,1.0,0.1,0.9399999999999997,0.7999999999999992,3.141592653589793,3.141592653589793,2.398047044775804e-16,0,1,trivial_insulator,z2 source=fu_kane,1,0,0.8886998259849895,-0.6095609545193665,1.5543122344752192e-15,0.5,0.5
0.14,0.3,1.0,0.1,0.9199999999999998,0.7999999999999982,3.141592653589793,3.141592653589793,-2.531650249143466e-16,0,1,trivial_insulator,z2 source=fu_kane,-1,0,-0.4900497001554127,-2.9229742781597072,1.1102230246251565e-15,0.5,0.5
0.15,0.3,1.0,0.1,0.8999999999999996,0.7999999999999992,3.141592653589793,3.141592653589793,-2.0048252947626346e-16,0,1,trivial_insulator,z2 source=fu_kane,0,0,3.5402268281168014,4.097677058389861,1.3322676295501878e-15,0.5,0.5
0.16,0.3,1.0,0.1,0.8799999999999996,0.7999999999999994,3.141592653589793,3.141592653589793,-3.5802382130278436e-16,0,1,trivial_insulator,z2 source=fu_kane,-1,0,-0.9763410983702269,2.4899004593360523,1.3322676295501878e-15,0.5,0.5
0.17,0.3,1.0,0.1,0.859999999999999,0.7999999999999987,3.141592653589793,3.141592653589793,-2.0501690928078722e-16,0,1,trivial_insulator,z2 source=fu_kane,0,0,-1.9132437243790357,1.7904899914657102,1.5543122344752192e-15,0.5,0.5
0.18,0.3,1.0,0.1,0.8399999999999999,0.7999999999999992,3.141592653589793,3.141592653589793,-1.8369940375200823e-17,0,1,trivial_insulator,z2 source=fu_kane,0,0,-0.25691007779471875,-0.08586681256067022,1.9984014443252818e-15,0.5,0.5
0.19,0.3,1.0,0.1,0.8199999999999992,0.7999999999999998,3.141592653589793,3.141592653589793,-3.3920585359637013e-16,0,1,trivial_insulator,z2 source=fu_kane,-1,0,-0.18958790512982923,1.184322206154811,1.5543122344752192e-15,0.5,0.5
0.2,0.3,1.0,0.1,0.7999999999999999,0.7999999999999998,3.141592653589793,3.141592653589793,-4.244896323747842e-17,0,1,trivial_insulator,z2 source=fu_kane,0,0,0.4278884131769253,-0.38715203458100167,1.6653345369377348e-15,0.5,0.5
0.21,0.3,1.0,0.1,0.7800000000000001,0.7800000000000001,3.141592653589793,3.141592653589793,6.545147707249288e-16,0,1,trivial_insulator,z2 source=fu_kane,1,0,-3.448265084395536,-0.9994324982486851,2.886579864025407e-15,0.5,0.5
0.22,0.3,1.0,0.1,0.7599999999999996,0.7599999999999996,3.141592653589793,3.141592653589793,8.877353325069415e-17,0,1,trivial_insulator,z2 source=fu_kane,0,0,0.4554345159941631,2.016329398854373,1.7763568394002505e-15,0.5,0.5
0.23,0.3,1.0,0.1,0.7400000000000001,0.7400000000000001,3.141592653589793,3.141592653589793,3.214379024311191e-17,0,1,trivial_insulator,z2 source=fu_kane,1,0,-1.0186314843037274,-0.5975595298265187,1.3322676295501878e-15,0.5,0.5
0.24,0.3,1.0,0.1,0.7200000000000002,0.7200000000000002,3.141592653589793,3.141592653589793,2.733655403944802e-16,0,1,trivial_insulator,z2 source=fu_kane,-1,0,0.0627613920688594,-0.6135457447533342,1.9984014443252818e-15,0.5,0.5
0.25,0.3,1.0,0.1,0.6999999999999993,0.6999999999999993,3.141592653589793,3.141592653589793,7.451264371742826e-17,0,1,trivial_insulator,z2 source=fu_kane,0,0,-1.7262089711257962,-0.13187444517496555,1.5543122344752192e-15,0.5,0.5
0.26,0.3,1.0,0.1,0.6799999999999994,0.6799999999999994,3.141592653589793,3.141592653589793,1.505844234431303e-16,0,1,trivial_insulator,z2 source=fu_kane,-1,0,1.540046137871339,-1.1926138407266547,1.4432899320127035e-15,0.5,0.5
0.27,0.3,1.0,0.1,0.6599999999999995,0.6599999999999995,3.141592653589793,3.141592653589793,-6.820912346148603e-17,0,1,trivial_insulator,z2 source=fu_kane,1,0,-1.3002738338805528,-0.7458651485500313,1.1102230246251565e-15,0.5,0.5
0.28,0.3,1.0,0.1,0.6399999999999996,0.6399999999999996,3.141592653589793,3.141592653589793,-5.022607574840699e-16,0,1,trivial_insulator,z2 source=fu_kane,1,0,-1.0844669445498332,-1.113383706111275,1.3322676295501878e-15,0.5,0.5
0.29,0.3,1.0,0.1,0.6199999999999998,0.6199999999999998,3.141592653589793,3.141592653589793,-1.9996192280224828e-17,0,1,trivial_insulator,z2 source=fu_kane,-1,0,3.2176324660668385,0.18775789339941845,2.3314683517128287e-15,0.5,0.5
0.3,0.3,1.0,0.1,0.5999999999999999,0.5999999999999999,3.141592653589793,3.141592653589793,3.036716780667245e-16,0,1,trivial_insulator,z2 source=fu_kane,-1,0,-0.7866942549930254,-0.20778099132326083,1.1102230246251565e-15,0.5,0.5
0.31,0.3,1.0,0.1,0.5799999999999998,0.5799999999999998,3.141592653589793,3.141592653589793,-4.058748809791819e-16,0,1,trivial_insulator,z2 source=fu_kane,-1,0,0.38332305759247726,-1.3757617569602592,2.886579864025407e-15,0.5,0.5
0.32,0.3,1.0,0.1,0.5599999999999997,0.5599999999999997,3.141592653589793,3.141592653589793,2.8647811018903515e-16,0,1,trivial_insulator,z2 source=fu_kane,-1,0,-0.24081669140594925,0.5064276875806235,2.9976021664879227e-15,0.5,0.5
0.33,0.3,1.0,0.1,0.5399999999999997,0.5399999999999997,3.141592653589793,3.141592653589793,4.143245666146837e-18,0,1,trivial_insulator,z2 source=fu_kane,-1,0,0.37752544176575464,1.369618374490964,1.3322676295501878e-15,0.5,0.5
0.34,0.3,1.0,0.1,0.5199999999999996,0.5199999999999996,3.141592653589793,3.141592653589793,1.249475896714503e-16,0,1,trivial_insulator,z2 source=fu_kane,1,0,-1.3694165827501965,-3.0210661555104106,1.6653345369377348e-15,0.5,0.5
0.35,0.3,1.0,0.1,0.5000000000000001,0.5000000000000001,3.141592653589793,3.141592653589793,-2.3534763759578605e-16,0,1,trivial_insulator,z2 source=fu_kane,0,0,-5.547917019126303,0.19804883297926887,1.5543122344752192e-15,0.5,0.5
0.36,0.3,1.0,0.1,0.4799999999999998,0.4799999999999998,3.141592653589793,3.141592653589793,-2.1697919883262034e-16,0,1,trivial_insulator,z2 source=fu_kane,-1,0,-3.3634011773962906,1.5300663192549018,1.5543122344752192e-15,0.5,0.5
0.37,0.3,1.0,0.1,0.45999999999999974,0.45999999999999974,3.141592653589793,3.141592653589793,2.0430430418051926e-16,0,1,trivial_insulator,z2 source=fu_kane,1,0,1.2466201426771475,-1.3302796989209094,1.2212453270876722e-15,0.5,0.5
0.38,0.3,1.0,0.1,0.43999999999999934,0.43999999999999934,3.141592653589793,3.141592653589793,-1.817900449533121e-16,0,1,trivial_insulator,z2 source=fu_kane,0,0,-1.6150184868792246,0.14784047024150898,1.1102230246251565e-15,0.5,0.5
0.39,0.3,1.0,0.1,0.41999999999999993,0.41999999999999993,3.141592653589793,3.141592653589793,-5.813312875497424e-17,0,1,trivial_insulator,z2 source=fu_kane,0,0,-0.05301760154630695,0.04708601954841627,1.5543122344752192e-15,0.5,0.5
0.4,0.3,1.0,0.1,0.3999999999999997,0.3999999999999997,3.141592653589793,3.141592653589793,-1.3600274143123593e-16,0,1,trivial_insulator,z2 source=fu_kane,-1,0,-0.5904176866955825,-1.5249094591131644,1.2212453270876722e-15,0.5,0.5
0.41,0.3,1.0,0.1,0.38000000000000006,0.38000000000000006,3.141592653589793,3.141592653589793,6.21333432025676e-16,0,1,trivial_insulator,z2 source=fu_kane,1,0,0.8961404470168103,0.5926649224883186,1.1102230246251565e-15,0.5,0.5
0.42,0.3,1.0,0.1,0.36000000000000004,0.36000000000000004,3.141592653589793,3.141592653589793,-1.855195476511697e-16,0,1,trivial_insulator,z2 source=fu_kane,-1,0,-0.8694923877570383,-2.2954076960742564,1.7763568394002505e-15,0.5,0.5
0.43,0.3,1.0,0.1,0.33999999999999986,0.33999999999999986,3.141592653589793,3.141592653589793,-2.9720730514463123e-16,0,1,trivial_insulator,z2 source=fu_kane,-1,0,2.413596103721427,-1.4591295482265956,1.7763568394002505e-15,0.5,0.5
0.44,0.3,1.0,0.1,0.3199999999999999,0.3199999999999999,3.141592653589793,3.141592653589793,6.315876103805971e-16,0,1,trivial_insulator,z2 source=fu_kane,0,0,-0.31378253401145706,-5.591680257505883,1.5543122344752192e-15,0.5,0.5
0.45,0.3,1.0,0.1,0.29999999999999993,0.29999999999999993,3.141592653589793,3.141592653589793,6.566376172953565e-16,0,1,trivial_insulator,z2 source=fu_kane,1,0,1.3535390123114275,0.9927056223753674,1.1102230246251565e-15,0.5,0.5
0.46,0.3,1.0,0.1,0.27999999999999975,0.27999999999999975,3.141592653589793,3.141592653589793,3.1187134004311463e-16,0,1,trivial_insulator,z2 source=fu_kane,1,0,1.1471948175312023,3.2652896706929955,2.1094237467877974e-15,0.5,0.5
0.47,0.3,1.0,0.1,0.26000000000000006,0.26000000000000006,3.141592653589793,3.141592653589793,-1.7486945628189224e-16,0,1,trivial_insulator,z2 source=fu_kane,1,0,1.4829930086376504,-3.260507209407675,2.220446049250313e-15,0.5,0.5
0.48,0.3,1.0,0.1,0.23999999999999974,0.23999999999999974,3.141592653589793,3.141592653589793,2.678808027479665e-17,0,1,trivial_insulator,z2 source=fu_kane,0,0,1.6180403350069419,-0.4251264885372728,1.6653345369377348e-15,0.5,0.5
0.49,0.3,1.0,0.1,0.21999999999999953,0.21999999999999953,3.141592653589793,3.141592653589793,-4.16145784623174e-17,0,1,trivial_insulator,z2 source=fu_kane,-1,0,0.7501063895988774,1.822922161097141,1.7763568394002505e-15,0.5,0.5
0.5,0.3,1.0,0.1,0.20000000000000015,0.20000000000000015,3.141592653589793,3.141592653589793,3.162299341411803e-16,0,1,trivial_insulator,z2 source=fu_kane,-1,0,0.2839572695279589,-0.9220445478868691,1.5543122344752192e-15,0.5,0.5
0.51,0.3,1.0,0.1,0.17999999999999977,0.17999999999999977,3.141592653589793,3.141592653589793,2.1893141145999244e-16,0,1,trivial_insulator,z2 source=fu_kane,1,0,-1.3973288492903686,0.676693097030614,1.5543122344752192e-15,0.5,0.5
0.52,0.3,1.0,0.1,0.1599999999999998,0.1599999999999998,3.141592653589793,3.141592653589793,-1.8124883263186352e-16,0,1,trivial_insulator,z2 source=fu_kane,-1,0,0.03280370527220154,-1.459223932740189,1.7763568394002505e-15,0.5,0.5
0.53,0.3,1.0,0.1,0.13999999999999987,0.13999999999999987,3.141592653589793,3.141592653589793,6.81760229660908e-16,0,1,trivial_insulator,z2 source=fu_kane,1,0,1.3720059752234035,0.9801337699136607,1.1102230246251565e-15,0.5,0.5
0.54,0.3,1.0,0.1,0.11999999999999986,0.11999999999999986,3.141592653589793,3.141592653589793,1.2925599569121579e-16,0,1,trivial_insulator,z2 source=fu_kane,1,0,-1.3398118874535991,0.7482575584425255,9.992007221626409e-16,0.5,0.5
0.55,0.3,1.0,0.1,0.09999999999999984,0.09999999999999984,3.141592653589793,3.141592653589793,7.987120495324854e-17,0,1,trivial_insulator,z2 source=fu_kane,0,0,-2.4164848106743433,-0.035404882737291705,1.5543122344752192e-15,0.5,0.5
0.56,0.3,1.0,0.1,0.07999999999999974,0.07999999999999974,3.141592653589793,3.141592653589793,-2.5726514189354097e-16,0,1,trivial_insulator,z2 source=fu_kane,-1,0,-1.105800889264121,2.127328785043328,2.4424906541753444e-15,0.5,0.5
0.562,0.3,1.0,0.1,0.07599999999999968,0.07599999999999968,3.141592653589793,3.141592653589793,-3.9539399069957104e-16,0,1,trivial_insulator,z2 source=fu_kane,-1,0,1.2674564489977618,-0.4972502258223176,1.5543122344752192e-15,0.5,0.5
0.564,0.3,1.0,0.1,0.07199999999999995,0.07199999999999995,3.141592653589793,3.141592653589793,-7.197599124509285e-17,0,1,trivial_insulator,z2 source=fu_kane,0,0,-3.5248207374054967,-1.5966835135781594,1.7763568394002505e-15,0.5,0.5
0.566,0.3,1.0,0.1,0.068,0.068,3.141592653589793,3.141592653589793,1.7348237799815782e-16,0,1,trivial_insulator,z2 source=fu_kane,-1,0,-3.6084130403793124,-3.0164727885641645,1.5543122344752192e-15,0.5,0.5
0.568,0.3,1.0,0.1,0.06399999999999967,0.06399999999999967,3.141592653589793,3.141592653589793,-2.4699778845947296e-16,0,1,trivial_insulator,z2 source=fu_kane,1,0,-0.651060655543888,0.8213586140542876,1.4432899320127035e-15,0.5,0.5
0.57,0.3,1.0,0.1,0.06000000000000008,0.06000000000000008,3.141592653589793,3.141592653589793,-1.0775174995509096e-16,0,1,trivial_insulator,z2 source=fu_kane,1,0,0.9027438163311072,2.833760264028424,1.7763568394002505e-15,0.5,0.5
0.572,0.3,1.0,0.1,0.05599999999999969,0.05599999999999969,3.141592653589793,3.141592653589793,-8.642283108775088e-17,0,1,trivial_insulator,z2 source=fu_kane,1,0,1.4472398382358547,0.5699226297420551,1.9984014443252818e-15,0.5,0.5
0.574,0.3,1.0,0.1,0.05200000000000002,0.05200000000000002,3.141592653589793,3.141592653589793,-4.144839147845626e-18,0,1,trivial_insulator,z2 source=fu_kane,1,0,-3.183958856390595,3.248661400565781,1.1102230246251565e-15,0.5,0.5
0.576,0.3,1.0,0.1,0.048000000000000154,0.048000000000000154,3.141592653589793,3.141592653589793,-6.589637543368234e-16,0,1,trivial_insulator,z2 source=fu_kane,-1,0,-0.0008500405631771061,0.7585167932026321,1.9984014443252818e-15,0.5,0.5
0.578,0.3,1.0,0.1,0.043999999999999984,0.043999999999999984,3.141592653589793,3.141592653589793,-6.641061181120633e-17,0,1,trivial_insulator,z2 source=fu_kane,0,0,-0.24358979274075238,-1.547939210924444,1.7763568394002505e-15,0.5,0.5
0.58,0.3,1.0,0.1,0.04000000000000006,0.04000000000000006,3.141592653589793,3.141592653589793,-6.699163185499192e-17,0,1,trivial_insulator,z2 source=fu_kane,0,0,0.4389140066629089,-1.6869937137317237,1.7763568394002505e-15,0.5,0.5
0.582,0.3,1.0,0.1,0.03600000000000009,0.03600000000000009,3.141592653589793,3.141592653589793,-1.2800448557014098e-16,0,1,trivial_insulator,z2 source=fu_kane,-1,0,0.0494175145884883,0.5597152929898743,1.3322676295501878e-15,0.5,0.5
0.584,0.3,1.0,0.1,0.031999999999999834,0.031999999999999834,3.141592653589793,3.141592653589793,2.908974391704153e-16,0,1,trivial_insulator,z2 source=fu_kane,0,0,0.04671008507852807,-0.2019683619023209,1.1102230246251565e-15,0.5,0.5
0.586,0.3,1.0,0.1,0.02799999999999994,0.02799999999999994,3.141592653589793,3.141592653589793,-2.9601829841196727e-16,0,1,trivial_insulator,z2 source=fu_kane,-1,0,-0.8979223756833238,0.031017457140838946,1.3322676295501878e-15,0.5,0.5
0.588,0.3,1.0,0.1,0.023999999999999827,0.023999999999999827,3.141592653589793,3.141592653589793,5.1111174653722835e-17,0,1,trivial_insulator,z2 source=fu_kane,-1,0,-2.190423945537264,1.315842601119462,1.2212453270876722e-15,0.5,0.5
0.59,0.3,1.0,0.1,0.019999999999999907,0.019999999999999907,3.141592653589793,3.141592653589793,6.544201145451302e-17,0,1,trivial_insulator,z2 source=fu_kane,0,0,-2.3525722850545603,-1.5232673904651295,9.992007221626409e-16,0.5,0.5
0.592,0.3,1.0,0.1,0.01599999999999971,0.01599999999999971,3.141592653589793,3.141592653589793,-2.833109943157127e-16,0,1,trivial_insulator,z2 source=fu_kane,1,0,2.6824040063733334,-1.0481350931969984,1.4432899320127035e-15,0.5,0.5
0.594,0.3,1.0,0.1,0.011999999999999456,0.011999999999999456,3.141592653589793,3.141592653589793,-7.042815381552324e-17,0,1,trivial_insulator,z2 source=fu_kane,-1,0,0.6620343240140514,-1.8985614757619997,1.887379141862766e-15,0.5,0.5
0.596,0.3,1.0,0.1,0.00799999999999998,0.00799999999999998,3.141592653589793,3.141592653589793,-9.511928889431818e-19,0,1,trivial_insulator,z2 source=fu_kane,0,0,3.8544428819287866,-0.1406119216577669,1.7763568394002505e-15,0.5,0.5
0.598,0.3,1.0,0.1,0.004000000000000087,0.004000000000000087,3.141592653589793,3.141592653589793,1.2138491584978963e-16,0,1,trivial_insulator,z2 source=fu_kane,-1,0,0.5906685204722246,-1.5568841511179354,2.220446049250313e-15,0.5,0.5
0.6,0.3,1.0,0.1,1.3877787807814457e-16,1.3877787807814457e-16,3.141592653589793,3.141592653589793,-7.686373832312603e-17,-1,0,critical_or_gapless,gap below reliability threshold; z2 unreliable,-1,1,-0.5510766009655303,1.9471370983716458,0.911585246751436,0.5,0.5
0.602,0.3,1.0,0.1,0.003999999999999587,0.003999999999999587,3.141592653589793,3.141592653589793,-1.7402514898008977e-16,0,1,trivial_insulator,z2 source=fu_kane,-1,0,5.9353396171725565,-1.1348610220774582,1.1102230246251565e-15,0.5,0.5
0.604,0.3,1.0,0.1,0.007999999999999702,0.007999999999999702,3.141592653589793,3.141592653589793,-2.6501594460889498e-17,0,1,trivial_insulator,z2 source=fu_kane,1,0,1.031345546678987,0.5939173598585461,1.7763568394002505e-15,0.5,0.5
0.606,0.3,1.0,0.1,0.0119999999999999,0.0119999999999999,3.141592653589793,3.141592653589793,3.070268986354657e-16,0,1,trivial_insulator,z2 source=fu_kane,-1,0,-3.1013179293574686,-0.0944193855914911,1.7763568394002505e-15,0.5,0.5
0.608,0.3,1.0,0.1,0.015999999999999792,0.015999999999999792,3.141592653589793,3.141592653589793,2.0389782231362884e-17,0,1,trivial_insulator,z2 source=fu_kane,-1,0,-3.4712121390333666,1.5616615709574482,1.9984014443252818e-15,0.5,0.5
0.61,0.3,1.0,0.1,0.019999999999999518,0.019999999999999518,3.141592653589793,3.141592653589793,7.637841696190167e-17,0,1,trivial_insulator,z2 source=fu_kane,1,0,2.7529203922670087,-0.5542054211748939,1.1102230246251565e-15,0.5,0.5
0.612,0.3,1.0,0.1,0.023999999999999855,0.023999999999999855,3.141592653589793,3.141592653589793,-4.812252470147598e-16,0,1,trivial_insulator,z2 source=fu_kane,-1,0,0.8165520245810663,1.9197796741560416,1.1102230246251565e-15,0.5,0.5
0.614,0.3,1.0,0.1,0.02799999999999997,0.02799999999999997,3.141592653589793,3.141592653589793,-2.3181508873554263e-16,0,1,trivial_insulator,z2 source=fu_kane,0,0,-2.2679279439623627,-0.07917178892078759,1.3322676295501878e-15,0.5,0.5
0.616,0.3,1.0,0.1,0.03199999999999961,0.03199999999999961,3.141592653589793,3.141592653589793,-1.3107998180413182e-16,0,1,trivial_insulator,z2 source=fu_kane,1,0,0.5848836510926009,-2.6496426212627857,8.881784197001252e-16,0.5,0.5
0.618,0.3,1.0,0.1,0.035999999999999754,0.035999999999999754,3.141592653589793,3.141592653589793,-2.2964259269923698e-16,0,1,trivial_insulator,z2 source=fu_kane,1,0,-2.6786054054687214,1.339665254048494,1.3322676295501878e-15,0.5,0.5
0.62,0.3,1.0,0.1,0.04000000000000009,0.04000000000000009,3.141592653589793,3.141592653589793,1.29860761156115e-16,0,1,trivial_insulator,z2 source=fu_kane,1,0,-1.05006620550085,0.9922831359903508,2.1094237467877974e-15,0.5,0.5
0.622,0.3,1.0,0.1,0.04399999999999987,0.04399999999999987,3.141592653589793,3.141592653589793,-5.998197996702247e-16,0,1,trivial_insulator,z2 source=fu_kane,1,0,1.479870212667118,3.146814538621729,1.6653345369377348e-15,0.5,0.5
0.624,0.3,1.0,0.1,0.047999999999999876,0.047999999999999876,3.141592653589793,3.141592653589793,8.276153290551828e-17,0,1,trivial_insulator,z2 source=fu_kane,-1,0,3.0765722353685176,-0.007991518792492262,1.5543122344752192e-15,0.5,0.5
0.626,0.3,1.0,0.1,0.05199999999999999,0.05199999999999999,3.141592653589793,3.141592653589793,-1.738996229345883e-17,0,1,trivial_insulator,z2 source=fu_kane,0,0,-2.3812722573192637,0.05072136924167862,1.3322676295501878e-15,0.5,0.5
0.628,0.3,1.0,0.1,0.05599999999999972,0.05599999999999972,3.141592653589793,3.141592653589793,5.739043826743245e-16,0,1,trivial_insulator,z2 source=fu_kane,-1,0,-0.4987533706875706,-1.0804100977784665,2.220446049250313e-15,0.5,0.5
0.63,0.3,1.0,0.1,0.05999999999999986,0.05999999999999986,3.141592653589793,3.141592653589793,-4.096782037852061e-16,0,1,trivial_insulator,z2 source=fu_kane,-1,0,2.324514059826105,1.4899540733055583,1.887379141862766e-15,0.5,0.5
0.632,0.3,1.0,0.1,0.06399999999999958,0.06399999999999958,3.141592653589793,3.141592653589793,-1.0854803353637099e-16,0,1,trivial_insulator,z2 source=fu_kane,1,0,0.6528057556880424,0.6897728441107394,9.992007221626409e-16,0.5,0.5
0.634,0.3,1.0,0.1,0.06799999999999967,0.06799999999999967,3.141592653589793,3.141592653589793,2.0349041780311207e-16,0,1,trivial_insulator,z2 source=fu_kane,-1,0,0.6128827532501501,-0.48636288856226384,2.220446049250313e-15,0.5,0.5
0.636,0.3,1.0,0.1,0.07200000000000006,0.07200000000000006,3.141592653589793,3.141592653589793,2.0958328585531523e-16,0,1,trivial_insulator,z2 source=fu_kane,1,0,-1.4974130147271227,-3.422899378083305,1.3322676295501878e-15,0.5,0.5
0.638,0.3,1.0,0.1,0.0759999999999999,0.0759999999999999,3.141592653589793,3.141592653589793,1.8945124346525227e-16,0,1,trivial_insulator,z2 source=fu_kane,0,0,0.35694357847427327,1.9561599486938186,1.4432899320127035e-15,0.5,0.5
0.64,0.3,1.0,0.1,0.07999999999999968,0.07999999999999968,3.141592653589793,3.141592653589793,1.6330442518382168e-16,0,1,trivial_insulator,z2 source=fu_kane,-1,0,-0.190942480280411,0.6069232724568302,1.3322676295501878e-15,0.5,0.5
0.65,0.3,1.0,0.1,0.09999999999999976,0.09999999999999976,3.141592653589793,3.141592653589793,-3.0615701227565893e-16,0,1,trivial_insulator,z2 source=fu_kane,-1,0,3.176625342722389,-2.117455787282639,8.881784197001252e-16,0.5,0.5
0.66,0.3,1.0,0.1,0.12000000000000002,0.12000000000000002,3.141592653589793,3.141592653589793,-1.8393443803698635e-16,0,1,trivial_insulator,z2 source=fu_kane,0,0,3.7681645872649843,-0.47297953409164234,1.5543122344752192e-15,0.5,0.5
0.67,0.3,1.0,0.1,0.14000000000000012,0.14000000000000012,3.141592653589793,3.141592653589793,-5.023732841995686e-17,0,1,trivial_insulator,z2 source=fu_kane,-1,0,2.6997354733580994,1.7616336885417183,1.3322676295501878e-15,0.5,0.5
0.68,0.3,1.0,0.1,0.15999999999999986,0.15999999999999986,3.141592653589793,3.141592653589793,1.542548917830074e-17,0,1,trivial_insulator,z2 source=fu_kane,0,0,3.529866949860723,3.531422062543974,1.3322676295501878e-15,0.5,0.5
0.69,0.3,1.0,0.1,0.17999999999999988,0.17999999999999988,3.141592653589793,3.141592653589793,-2.292461271300185e-16,0,1,trivial_insulator,z2 source=fu_kane,-1,0,-0.3529359996671956,-1.045190634836363,8.881784197001252e-16,0.5,0.5
0.7,0.3,1.0,0.1,0.19999999999999962,0.19999999999999962,3.141592653589793,3.141592653589793,2.887282868147093e-16,0,1,trivial_insulator,z2 source=fu_kane,1,0,1.2643641438803495,-2.7190053491599278,1.4432899320127035e-15,0.5,0.5
0.71,0.3,1.0,0.1,0.21999999999999975,0.2198039027185556,3.141592653589793,3.141592653589793,-1.1415488502459764e-16,0,1,trivial_insulator,z2 source=fu_kane,-1,0,0.8104124400052449,-2.3683341844336887,1.5543122344752192e-15,0.5,0.5
0.72,0.3,1.0,0.1,0.23999999999999994,0.21980390271855654,3.141592653589793,3.141592653589793,1.3727338109281342e-16,0,1,trivial_insulator,z2 source=fu_kane,1,0,-1.0408784831933222,-0.5642970422712145,1.5543122344752192e-15,0.5,0.5
0.73,0.3,1.0,0.1,0.26,0.21980390271855574,3.141592653589793,3.141592653589793,2.1276534944397092e-17,0,1,trivial_insulator,z2 source=fu_kane,1,0,1.4128628169826365,2.9219000647598388,1.1102230246251565e-15,0.5,0.5
0.74,0.3,1.0,0.1,0.27999999999999997,0.21980390271855643,3.141592653589793,3.141592653589793,-2.9661149902264873e-17,0,1,trivial_insulator,z2 source=fu_kane,1,0,-2.675938601609804,1.181002286960363,6.661338147750939e-16,0.5,0.5
0.75,0.3,1.0,0.1,0.29681899798260847,0.21980390271855627,3.2986722862692828,3.141592653589793,-4.32693828806585e-16,0,1,trivial_insulator,z2 source=fu_kane,1,0,2.637159815314802,0.7409534997894283,8.881784197001252e-16,0.525,0.5
0.76,0.3,1.0,0.1,0.30848186474271094,0.21980390271855604,2.9845130209103035,3.141592653589793,-5.4901505128353237e-17,0,1,trivial_insulator,z2 source=fu_kane,1,0,2.5741985543457755,1.2291398325603013,1.6653345369377348e-15,0.475,0.5
0.77,0.3,1.0,0.1,0.31935746430950485,0.21980390271855654,3.141592653589793,2.9845130209103035,1.5975159318100793e-16,0,1,trivial_insulator,z2 source=fu_kane,0,0,0.18138121078255923,1.5438451374476956,1.1102230246251565e-15,0.5,0.475
0.78,0.3,1.0,0.1,0.32930432752828687,0.21980390271855527,3.2986722862692828,3.141592653589793,-1.7251030135620773e-16,0,1,trivial_insulator,z2 source=fu_kane,1,0,1.21694588348415,-0.9963320748949414,1.3322676295501878e-15,0.525,0.5
0.79,0.3,1.0,0.1,0.33500736146784105,0.21980390271855685,3.141592653589793,3.455751918948773,4.609313043822262e-16,0,1,trivial_insulator,z2 source=fu_kane,-1,0,-0.2790662131548075,1.2190525149474032,1.3322676295501878e-15,0.5,0.55
0.8,0.3,1.0,0.1,0.3380050848099047,0.21980390271855657,3.141592653589793,2.827433388230814,2.2000065862109375e-16,0,1,trivial_insulator,z2 source=fu_kane,0,0,-0.11536067832843366,2.442014403167841,1.5543122344752192e-15,0.5,0.45
0.81,0.3,1.0,0.1,0.3407729496267805,0.21980390271855646,3.455751918948773,3.141592653589793,5.89232504273352e-18,0,1,trivial_insulator,z2 source=fu_kane,0,0,-0.015596641797087028,2.422038875535835,1.3322676295501878e-15,0.55,0.5
0.82,0.3,1.0,0.1,0.34330374493183535,0.21980390271855627,3.141592653589793,2.827433388230814,2.9573482190215545e-16,0,1,trivial_insulator,z2 source=fu_kane,0,0,0.469757938051929,1.9268265889392204,1.7763568394002505e-15,0.5,0.45
0.83,0.3,1.0,0.1,0.34559532783270464,0.21980390271855613,3.141592653589793,2.827433388230814,-3.031579601017178e-16,0,1,trivial_insulator,z2 source=fu_kane,-1,0,-0.40987446903274793,-3.320350861319646,1.1102230246251565e-15,0.5,0.45
0.84,0.3,1.0,0.1,0.3476495078231247,0.2198039027185567,2.827433388230814,3.141592653589793,-1.4057407782558303e-16,0,1,trivial_insulator,z2 source=fu_kane,0,0,1.5589022076790224,-2.258709174299886,9.992007221626409e-16,0.45,0.5
0.85,0.3,1.0,0.1,0.3494710027629526,0.21980390271855635,3.141592653589793,2.827433388230814,2.631720350084426e-16,0,1,trivial_insulator,z2 source=fu_kane,-1,0,-0.3124571174715627,-3.361641700523623,8.881784197001252e-16,0.5,0.45
0.86,0.3,1.0,0.1,0.3509325753876281,0.21980390271855657,3.141592653589793,3.6128315516282616,4.81534062735489e-16,0,1,trivial_insulator,z2 source=fu_kane,-1,0,-1.5543988400542215,1.037615560057078,2.220446049250313e-15,0.5,0.575
0.87,0.3,1.0,0.1,0.34910660985701913,0.2198039027185557,3.6128315516282616,3.141592653589793,1.80353574382662e-16,0,1,trivial_insulator,z2 source=fu_kane,-1,0,1.5067057258828889,-0.9072978548499399,1.3322676295501878e-15,0.575,0.5
0.88,0.3,1.0,0.1,0.3472231463632426,0.21980390271855565,3.141592653589793,3.6128315516282616,-7.4376072780321e-17,0,1,trivial_insulator,z2 source=fu_kane,1,0,-0.9301488662554113,-0.6537950447221571,8.881784197001252e-16,0.5,0.575
0.89,0.3,1.0,0.1,0.34527648447765547,0.21980390271855638,3.141592653589793,3.6128315516282616,-6.731910428717237e-17,0,1,trivial_insulator,z2 source=fu_kane,-1,0,0.5160515160237958,2.4857515757556623,1.1102230246251565e-15,0.5,0.575
0.9,0.3,1.0,0.1,0.34284581336339015,0.2198039027185567,2.5132741228718345,3.141592653589793,1.8377950790854075e-16,0,1,trivial_insulator,z2 source=fu_kane,-1,0,2.2542553750116823,0.6470964238937912,1.3322676295501878e-15,0.4,0.5
0.91,0.3,1.0,0.1,0.33735215897496784,0.2198039027185566,3.141592653589793,3.7699111843077517,5.730616832084789e-16,0,1,trivial_insulator,z2 source=fu_kane,0,0,-0.18042584728233313,0.12682126819422143,1.5543122344752192e-15,0.5,0.6
0.92,0.3,1.0,0.1,0.3306686454631368,0.21980390271855677,2.356194490192345,3.141592653589793,2.4809736683744564e-16,0,1,trivial_insulator,z2 source=fu_kane,0,0,-0.2556223552122382,0.3011350933511081,1.2212453270876722e-15,0.375,0.5
0.93,0.3,1.0,0.1,0.3207923934934546,0.21980390271855643,2.199114857512855,3.141592653589793,-1.3340769047875446e-16,0,1,trivial_insulator,z2 source=fu_kane,0,0,-1.5890974998021579,-2.40492526077581,1.2212453270876722e-15,0.35,0.5
0.94,0.3,1.0,0.1,0.3058446268782493,0.21980390271855635,1.2566370614359172,3.141592653589793,4.990350183080072e-16,0,1,trivial_insulator,z2 source=fu_kane,1,0,-0.8947971881177442,-1.0432979911615872,1.1102230246251565e-15,0.2,0.5
0.95,0.3,1.0,0.1,0.28599428168761537,0.21980390271855538,6.283185307179586,3.141592653589793,1.1890639388212705e-16,0,1,trivial_insulator,z2 source=fu_kane,-1,0,-1.546609007134852,-0.9962228344589851,1.5543122344752192e-15,1.0,0.5
0.96,0.3,1.0,0.1,0.2659942816876144,0.21980390271855607,6.283185307179586,3.141592653589793,-1.0024157920083816e-16,0,1,trivial_insulator,z2 source=fu_kane,-1,0,0.6832946480966853,-0.23125793881628828,1.1102230246251565e-15,1.0,0.5
0.97,0.3,1.0,0.1,0.24599428168761456,0.21980390271855627,6.283185307179586,3.141592653589793,-2.9993950724332945e-16,0,1,trivial_insulator,z2 source=fu_kane,1,0,0.5416869535014864,-1.415738094940957,1.5543122344752192e-15,1.0,0.5
0.98,0.3,1.0,0.1,0.22599428168761593,0.21980390271855615,6.283185307179586,3.141592653589793,-1.5333174906257916e-16,0,1,trivial_insulator,z2 source=fu_kane,0,0,-0.04760132618025123,-0.07457180500169917,1.2212453270876722e-15,1.0,0.5
0.99,0.3,1.0,0.1,0.20599428168761655,0.20599428168761624,3.141592653589793,0.0,-2.7485898738645454e-16,0,1,trivial_insulator,z2 source=fu_kane,-1,0,2.251023718491054,-1.0498877013878647,1.6653345369377348e-15,0.5,0.0
1.0,0.3,1.0,0.1,0.1859942816876157,0.1859942816876154,6.283185307179586,3.141592653589793,4.011688355897439e-17,0,1,trivial_insulator,z2 source=fu_kane,1,0,-0.7611330947407003,-1.160277389259465,1.6653345369377348e-15,1.0,0.5
1.01,0.3,1.0,0.1,0.1659942816876152,0.1659942816876152,6.283185307179586,3.141592653589793,-4.162735898271737e-16,0,1,trivial_insulator,z2 source=fu_kane,-1,0,-0.9383532800635961,3.901333532821569,1.3322676295501878e-15,1.0,0.5
1.02,0.3,1.0,0.1,0.14599428168761655,0.14599428168761552,6.283185307179586,3.141592653589793,1.3768731826995873e-17,0,1,trivial_insulator,z2 source=fu_kane,0,0,2.402344519821901,-0.1658374703513987,1.3322676295501878e-15,1.0,0.5
1.03,0.3,1.0,0.1,0.12599428168761417,0.12599428168761406,0.0,3.141592653589793,6.705535698769014e-16,0,1,trivial_insulator,z2 source=fu_kane,-1,0,-0.17368186453331058,0.6972864819955644,1.7763568394002505e-15,0.0,0.5
1.04,0.3,1.0,0.1,0.10599428168761649,0.10599428168761593,6.283185307179586,3.141592653589793,1.7906431838525962e-16,0,1,trivial_insulator,z2 source=fu_kane,0,0,-3.653598473278949,0.18251538818175686,1.2212453270876722e-15,1.0,0.5
1.05,0.3,1.0,0.1,0.08599428168761458,0.08599428168761365,0.0,3.141592653589793,8.476053568711732e-18,0,1,trivial_insulator,z2 source=fu_kane,-1,0,2.1214543375402606,-0.5216589893760486,1.3322676295501878e-15,0.0,0.5
1.052,0.3,1.0,0.1,0.0819942816876137,0.0819942816876137,0.0,3.141592653589793,-1.7724747525416798e-16,0,1,trivial_insulator,z2 source=fu_kane,-1,0,-1.3794737038253124,1.680074973931281,1.1102230246251565e-15,0.0,0.5
1.054,0.3,1.0,0.1,0.07799428168761607,0.07799428168761607,0.0,3.141592653589793,-1.3679691448817476e-16,0,1,trivial_insulator,z2 source=fu_kane,1,0,-1.3161582351578243,-1.0219532670585876,1.1102230246251565e-15,0.0,0.5
1.056,0.3,1.0,0.1,0.07399428168761664,0.07399428168761642,3.141592653589793,0.0,-1.5111403466776821e-16,0,1,trivial_insulator,z2 source=fu_kane,1,0,1.39263117925706,-1.0815287270740797,1.5543122344752192e-15,0.5,0.0
1.058,0.3,1.0,0.1,0.06999428168761529,0.06999428168761529,0.0,3.141592653589793,-9.947628324030808e-17,0,1,trivial_insulator,z2 source=fu_kane,0,0,-1.8434186394326384,-0.11926759545336635,1.887379141862766e-15,0.0,0.5
1.06,0.3,1.0,0.1,0.06599428168761609,0.06599428168761609,0.0,3.141592653589793,2.9727847027013654e-16,0,1,trivial_insulator,z2 source=fu_kane,-1,0,0.11358676991898266,1.0047401423046318,1.3322676295501878e-15,0.0,0.5
1.062,0.3,1.0,0.1,0.06199428168761544,0.06199428168761544,0.0,3.141592653589793,-3.1113463905546577e-16,0,1,trivial_insulator,z2 source=fu_kane,1,0,4.940844601361604,0.51925517343834,1.3322676295501878e-15,0.0,0.5
1.064,0.3,1.0,0.1,0.05799428168761448,0.05799428168761448,6.283185307179586,3.141592653589793,-8.552823169507437e-17,0,1,trivial_insulator,z2 source=fu_kane,1,0,-1.3009881307108189,-2.7255467572404335,1.7763568394002505e-15,1.0,0.5
1.066,0.3,1.0,0.1,0.053994281687615546,0.05399428168761529,0.0,3.141592653589793,3.0048307518144145e-16,0,1,trivial_insulator,z2 source=fu_kane,1,0,1.1698890603612069,2.5394495573087656,1.5543122344752192e-15,0.0,0.5
1.068,0.3,1.0,0.1,0.04999428168761663,0.04999428168761638,3.141592653589793,0.0,-7.789430427718874e-17,0,1,trivial_insulator,z2 source=fu_kane,-1,0,0.5087187544976602,0.019832079886877962,1.5543122344752192e-15,0.5,0.0
1.07,0.3,1.0,0.1,0.04599428168761437,0.04599428168761437,0.0,3.141592653589793,1.3957854569166975e-16,0,1,trivial_insulator,z2 source=fu_kane,1,0,-0.9041126732069944,2.504050966432604,1.1102230246251565e-15,0.0,0.5
1.072,0.3,1.0,0.1,0.04199428168761669,0.041994281687616514,3.141592653589793,0.0,1.0781991789015699e-16,0,1,trivial_insulator,z2 source=fu_kane,0,0,1.939004181532486,-1.8728475478775384,1.5543122344752192e-15,0.5,0.0
1.074,0.3,1.0,0.1,0.03799428168761683,0.03799428168761678,3.141592653589793,0.0,-2.397229506676113e-17,0,1,trivial_insulator,z2 source=fu_kane,0,0,-0.09969610643430911,-1.8899326149667037,1.3322676295501878e-15,0.5,0.0
1.076,0.3,1.0,0.1,0.03399428168761635,0.0339942816876156,0.0,3.141592653589793,4.001356521884132e-17,0,1,trivial_insulator,z2 source=fu_kane,0,0,-0.0761337667966851,-0.0555224852699265,1.887379141862766e-15,0.0,0.5
1.078,0.3,1.0,0.1,0.029994281687615372,0.02999428168761483,0.0,3.141592653589793,5.283674523600462e-17,0,1,trivial_insulator,z2 source=fu_kane,0,0,-1.5513538315309496,-1.9368417789344246,1.3322676295501878e-15,0.0,0.5
1.08,0.3,1.0,0.1,0.025994281687616583,0.02599428168761647,3.141592653589793,6.283185307179586,3.98001398337215e-16,0,1,trivial_insulator,z2 source=fu_kane,-1,0,-0.42489210785527604,-0.901957032711282,1.7763568394002505e-15,0.5,1.0
1.082,0.3,1.0,0.1,0.02199428168761587,0.021994281687615858,0.0,3.141592653589793,-2.3300182894177204e-16,0,1,trivial_insulator,z2 source=fu_kane,1,0,4.8880794184296175,-1.2829625285738349,1.3322676295501878e-15,0.0,0.5
1.084,0.3,1.0,0.1,0.01799428168761634,0.017994281687615618,6.283185307179586,3.141592653589793,-1.832376855837287e-18,0,1,trivial_insulator,z2 source=fu_kane,0,0,-1.6307482167754344,-1.9694561881562966,1.6653345369377348e-15,1.0,0.5
1.086,0.3,1.0,0.1,0.013994281687615129,0.013994281687615129,0.0,3.141592653589793,-1.0573878554843282e-16,0,1,trivial_insulator,z2 source=fu_kane,-1,0,3.707714094161199,1.3914585403880129,1.3322676295501878e-15,0.0,0.5
1.088,0.3,1.0,0.1,0.00999428168761475,0.009994281687613932,0.0,3.141592653589793,-2.453640952461584e-16,0,1,trivial_insulator,z2 source=fu_kane,1,0,-0.9712701358913925,-0.8524937897985503,1.7763568394002505e-15,0.0,0.5
1.09,0.3,1.0,0.1,0.005994281687616551,0.00599428168761626,6.283185307179586,3.141592653589793,3.814378255010264e-16,0,1,trivial_insulator,z2 source=fu_kane,-1,0,2.6936589620328895,-0.2734852744505964,2.220446049250313e-15,1.0,0.5
1.092,0.3,1.0,0.1,0.0019942816876151043,0.0019942816876147434,6.283185307179586,3.141592653589793,4.83020517115194e-16,0,1,trivial_insulator,z2 source=fu_kane,1,0,-2.9098009107729803,-0.9150658832915312,8.881784197001252e-16,1.0,0.5
1.094,0.3,1.0,0.1,0.002005718312382873,0.0020057183123824013,3.141592653589793,6.283185307179586,-2.9939171345341847e-17,0,1,trivial_insulator,z2 source=fu_kane,1,0,-0.5668928197752303,0.792357093149457,1.7763568394002505e-15,0.5,1.0
1.096,0.3,1.0,0.1,0.006005718312382308,0.006005718312382058,6.283185307179586,3.141592653589793,1.4562445668316525e-16,0,1,trivial_insulator,z2 source=fu_kane,-1,0,2.1194168612691286,-0.8669272421331081,1.3322676295501878e-15,1.0,0.5
1.098,0.3,1.0,0.1,0.010005718312382311,0.010005718312381714,0.0,3.141592653589793,3.268454156033773e-16,0,1,trivial_insulator,z2 source=fu_kane,1,0,1.1175787899631777,-1.3560817944573367,1.4432899320127035e-15,0.0,0.5
1.1,0.3,1.0,0.1,0.014005718312381399,0.014005718312381399,6.283185307179586,3.141592653589793,-2.2113973355635605e-16,0,1,trivial_insulator,z2 source=fu_kane,0,0,-4.106254651285672,2.486916936170039,1.3322676295501878e-15,1.0,0.5
